[2026-08-06T21:05:37.590+0000] {processor.py:161} INFO - Started process (PID=58) to work on /home/airflow/.local/lib/python3.8/site-packages/airflow/example_dags/example_external_task_marker_dag.py
[2026-08-06T21:05:37.593+0000] {processor.py:830} INFO - Processing file /home/airflow/.local/lib/python3.8/site-packages/airflow/example_dags/example_external_task_marker_dag.py for tasks to queue
[2026-08-06T21:05:37.596+0000] {logging_mixin.py:188} INFO - [2026-08-06T21:05:37.595+0000] {dagbag.py:538} INFO - Filling up the DagBag from /home/airflow/.local/lib/python3.8/site-packages/airflow/example_dags/example_external_task_marker_dag.py
[2026-08-06T21:05:37.628+0000] {processor.py:840} INFO - DAG(s) 'example_external_task_marker_parent', 'example_external_task_marker_child' retrieved from /home/airflow/.local/lib/python3.8/site-packages/airflow/example_dags/example_external_task_marker_dag.py
[2026-08-06T21:05:38.027+0000] {logging_mixin.py:188} INFO - [2026-08-06T21:05:38.027+0000] {dag.py:3036} INFO - Sync 2 DAGs
[2026-08-06T21:05:38.048+0000] {logging_mixin.py:188} INFO - [2026-08-06T21:05:38.047+0000] {dag.py:3823} INFO - Setting next_dagrun for example_external_task_marker_child to None, run_after=None
[2026-08-06T21:05:38.055+0000] {logging_mixin.py:188} INFO - [2026-08-06T21:05:38.055+0000] {dag.py:3823} INFO - Setting next_dagrun for example_external_task_marker_parent to None, run_after=None
[2026-08-06T21:05:38.104+0000] {processor.py:183} INFO - Processing /home/airflow/.local/lib/python3.8/site-packages/airflow/example_dags/example_external_task_marker_dag.py took 0.522 seconds
[2026-08-06T21:05:53.895+0000] {processor.py:161} INFO - Started process (PID=46) to work on /home/airflow/.local/lib/python3.8/site-packages/airflow/example_dags/example_external_task_marker_dag.py
[2026-08-06T21:05:53.896+0000] {processor.py:830} INFO - Processing file /home/airflow/.local/lib/python3.8/site-packages/airflow/example_dags/example_external_task_marker_dag.py for tasks to queue
[2026-08-06T21:05:53.899+0000] {logging_mixin.py:188} INFO - [2026-08-06T21:05:53.898+0000] {dagbag.py:538} INFO - Filling up the DagBag from /home/airflow/.local/lib/python3.8/site-packages/airflow/example_dags/example_external_task_marker_dag.py
[2026-08-06T21:05:53.908+0000] {processor.py:840} INFO - DAG(s) 'example_external_task_marker_child', 'example_external_task_marker_parent' retrieved from /home/airflow/.local/lib/python3.8/site-packages/airflow/example_dags/example_external_task_marker_dag.py
[2026-08-06T21:05:53.947+0000] {logging_mixin.py:188} INFO - [2026-08-06T21:05:53.947+0000] {dag.py:3036} INFO - Sync 2 DAGs
[2026-08-06T21:05:53.968+0000] {logging_mixin.py:188} INFO - [2026-08-06T21:05:53.967+0000] {dag.py:3823} INFO - Setting next_dagrun for example_external_task_marker_child to None, run_after=None
[2026-08-06T21:05:53.973+0000] {logging_mixin.py:188} INFO - [2026-08-06T21:05:53.972+0000] {dag.py:3823} INFO - Setting next_dagrun for example_external_task_marker_parent to None, run_after=None
[2026-08-06T21:05:54.016+0000] {processor.py:183} INFO - Processing /home/airflow/.local/lib/python3.8/site-packages/airflow/example_dags/example_external_task_marker_dag.py took 0.126 seconds
[2026-08-06T21:06:24.140+0000] {processor.py:161} INFO - Started process (PID=101) to work on /home/airflow/.local/lib/python3.8/site-packages/airflow/example_dags/example_external_task_marker_dag.py
[2026-08-06T21:06:24.142+0000] {processor.py:830} INFO - Processing file /home/airflow/.local/lib/python3.8/site-packages/airflow/example_dags/example_external_task_marker_dag.py for tasks to queue
[2026-08-06T21:06:24.144+0000] {logging_mixin.py:188} INFO - [2026-08-06T21:06:24.144+0000] {dagbag.py:538} INFO - Filling up the DagBag from /home/airflow/.local/lib/python3.8/site-packages/airflow/example_dags/example_external_task_marker_dag.py
[2026-08-06T21:06:24.154+0000] {processor.py:840} INFO - DAG(s) 'example_external_task_marker_child', 'example_external_task_marker_parent' retrieved from /home/airflow/.local/lib/python3.8/site-packages/airflow/example_dags/example_external_task_marker_dag.py
[2026-08-06T21:06:24.171+0000] {logging_mixin.py:188} INFO - [2026-08-06T21:06:24.171+0000] {dag.py:3036} INFO - Sync 2 DAGs
[2026-08-06T21:06:24.186+0000] {logging_mixin.py:188} INFO - [2026-08-06T21:06:24.185+0000] {dag.py:3823} INFO - Setting next_dagrun for example_external_task_marker_child to None, run_after=None
[2026-08-06T21:06:24.190+0000] {logging_mixin.py:188} INFO - [2026-08-06T21:06:24.190+0000] {dag.py:3823} INFO - Setting next_dagrun for example_external_task_marker_parent to None, run_after=None
[2026-08-06T21:06:24.281+0000] {processor.py:183} INFO - Processing /home/airflow/.local/lib/python3.8/site-packages/airflow/example_dags/example_external_task_marker_dag.py took 0.146 seconds
[2026-08-06T21:06:54.606+0000] {processor.py:161} INFO - Started process (PID=156) to work on /home/airflow/.local/lib/python3.8/site-packages/airflow/example_dags/example_external_task_marker_dag.py
[2026-08-06T21:06:54.607+0000] {processor.py:830} INFO - Processing file /home/airflow/.local/lib/python3.8/site-packages/airflow/example_dags/example_external_task_marker_dag.py for tasks to queue
[2026-08-06T21:06:54.611+0000] {logging_mixin.py:188} INFO - [2026-08-06T21:06:54.610+0000] {dagbag.py:538} INFO - Filling up the DagBag from /home/airflow/.local/lib/python3.8/site-packages/airflow/example_dags/example_external_task_marker_dag.py
[2026-08-06T21:06:54.622+0000] {processor.py:840} INFO - DAG(s) 'example_external_task_marker_parent', 'example_external_task_marker_child' retrieved from /home/airflow/.local/lib/python3.8/site-packages/airflow/example_dags/example_external_task_marker_dag.py
[2026-08-06T21:06:54.758+0000] {logging_mixin.py:188} INFO - [2026-08-06T21:06:54.758+0000] {dag.py:3036} INFO - Sync 2 DAGs
[2026-08-06T21:06:54.770+0000] {logging_mixin.py:188} INFO - [2026-08-06T21:06:54.770+0000] {dag.py:3823} INFO - Setting next_dagrun for example_external_task_marker_child to None, run_after=None
[2026-08-06T21:06:54.774+0000] {logging_mixin.py:188} INFO - [2026-08-06T21:06:54.774+0000] {dag.py:3823} INFO - Setting next_dagrun for example_external_task_marker_parent to None, run_after=None
[2026-08-06T21:06:54.847+0000] {processor.py:183} INFO - Processing /home/airflow/.local/lib/python3.8/site-packages/airflow/example_dags/example_external_task_marker_dag.py took 0.245 seconds
[2026-08-06T21:07:24.977+0000] {processor.py:161} INFO - Started process (PID=211) to work on /home/airflow/.local/lib/python3.8/site-packages/airflow/example_dags/example_external_task_marker_dag.py
[2026-08-06T21:07:24.979+0000] {processor.py:830} INFO - Processing file /home/airflow/.local/lib/python3.8/site-packages/airflow/example_dags/example_external_task_marker_dag.py for tasks to queue
[2026-08-06T21:07:24.983+0000] {logging_mixin.py:188} INFO - [2026-08-06T21:07:24.982+0000] {dagbag.py:538} INFO - Filling up the DagBag from /home/airflow/.local/lib/python3.8/site-packages/airflow/example_dags/example_external_task_marker_dag.py
[2026-08-06T21:07:24.991+0000] {processor.py:840} INFO - DAG(s) 'example_external_task_marker_child', 'example_external_task_marker_parent' retrieved from /home/airflow/.local/lib/python3.8/site-packages/airflow/example_dags/example_external_task_marker_dag.py
[2026-08-06T21:07:25.021+0000] {logging_mixin.py:188} INFO - [2026-08-06T21:07:25.021+0000] {dag.py:3036} INFO - Sync 2 DAGs
[2026-08-06T21:07:25.037+0000] {logging_mixin.py:188} INFO - [2026-08-06T21:07:25.036+0000] {dag.py:3823} INFO - Setting next_dagrun for example_external_task_marker_child to None, run_after=None
[2026-08-06T21:07:25.043+0000] {logging_mixin.py:188} INFO - [2026-08-06T21:07:25.042+0000] {dag.py:3823} INFO - Setting next_dagrun for example_external_task_marker_parent to None, run_after=None
[2026-08-06T21:07:25.202+0000] {processor.py:183} INFO - Processing /home/airflow/.local/lib/python3.8/site-packages/airflow/example_dags/example_external_task_marker_dag.py took 0.231 seconds
[2026-08-06T21:07:55.496+0000] {processor.py:161} INFO - Started process (PID=266) to work on /home/airflow/.local/lib/python3.8/site-packages/airflow/example_dags/example_external_task_marker_dag.py
[2026-08-06T21:07:55.499+0000] {processor.py:830} INFO - Processing file /home/airflow/.local/lib/python3.8/site-packages/airflow/example_dags/example_external_task_marker_dag.py for tasks to queue
[2026-08-06T21:07:55.502+0000] {logging_mixin.py:188} INFO - [2026-08-06T21:07:55.502+0000] {dagbag.py:538} INFO - Filling up the DagBag from /home/airflow/.local/lib/python3.8/site-packages/airflow/example_dags/example_external_task_marker_dag.py
[2026-08-06T21:07:55.512+0000] {processor.py:840} INFO - DAG(s) 'example_external_task_marker_parent', 'example_external_task_marker_child' retrieved from /home/airflow/.local/lib/python3.8/site-packages/airflow/example_dags/example_external_task_marker_dag.py
[2026-08-06T21:07:55.543+0000] {logging_mixin.py:188} INFO - [2026-08-06T21:07:55.543+0000] {dag.py:3036} INFO - Sync 2 DAGs
[2026-08-06T21:07:55.560+0000] {logging_mixin.py:188} INFO - [2026-08-06T21:07:55.560+0000] {dag.py:3823} INFO - Setting next_dagrun for example_external_task_marker_child to None, run_after=None
[2026-08-06T21:07:55.566+0000] {logging_mixin.py:188} INFO - [2026-08-06T21:07:55.566+0000] {dag.py:3823} INFO - Setting next_dagrun for example_external_task_marker_parent to None, run_after=None
[2026-08-06T21:07:55.650+0000] {processor.py:183} INFO - Processing /home/airflow/.local/lib/python3.8/site-packages/airflow/example_dags/example_external_task_marker_dag.py took 0.158 seconds
[2026-08-06T21:08:25.754+0000] {processor.py:161} INFO - Started process (PID=321) to work on /home/airflow/.local/lib/python3.8/site-packages/airflow/example_dags/example_external_task_marker_dag.py
[2026-08-06T21:08:25.756+0000] {processor.py:830} INFO - Processing file /home/airflow/.local/lib/python3.8/site-packages/airflow/example_dags/example_external_task_marker_dag.py for tasks to queue
[2026-08-06T21:08:25.758+0000] {logging_mixin.py:188} INFO - [2026-08-06T21:08:25.758+0000] {dagbag.py:538} INFO - Filling up the DagBag from /home/airflow/.local/lib/python3.8/site-packages/airflow/example_dags/example_external_task_marker_dag.py
[2026-08-06T21:08:25.765+0000] {processor.py:840} INFO - DAG(s) 'example_external_task_marker_child', 'example_external_task_marker_parent' retrieved from /home/airflow/.local/lib/python3.8/site-packages/airflow/example_dags/example_external_task_marker_dag.py
[2026-08-06T21:08:25.794+0000] {logging_mixin.py:188} INFO - [2026-08-06T21:08:25.794+0000] {dag.py:3036} INFO - Sync 2 DAGs
[2026-08-06T21:08:25.810+0000] {logging_mixin.py:188} INFO - [2026-08-06T21:08:25.809+0000] {dag.py:3823} INFO - Setting next_dagrun for example_external_task_marker_child to None, run_after=None
[2026-08-06T21:08:25.814+0000] {logging_mixin.py:188} INFO - [2026-08-06T21:08:25.813+0000] {dag.py:3823} INFO - Setting next_dagrun for example_external_task_marker_parent to None, run_after=None
[2026-08-06T21:08:25.975+0000] {processor.py:183} INFO - Processing /home/airflow/.local/lib/python3.8/site-packages/airflow/example_dags/example_external_task_marker_dag.py took 0.225 seconds
[2026-08-06T21:08:56.131+0000] {processor.py:161} INFO - Started process (PID=376) to work on /home/airflow/.local/lib/python3.8/site-packages/airflow/example_dags/example_external_task_marker_dag.py
[2026-08-06T21:08:56.133+0000] {processor.py:830} INFO - Processing file /home/airflow/.local/lib/python3.8/site-packages/airflow/example_dags/example_external_task_marker_dag.py for tasks to queue
[2026-08-06T21:08:56.135+0000] {logging_mixin.py:188} INFO - [2026-08-06T21:08:56.135+0000] {dagbag.py:538} INFO - Filling up the DagBag from /home/airflow/.local/lib/python3.8/site-packages/airflow/example_dags/example_external_task_marker_dag.py
[2026-08-06T21:08:56.142+0000] {processor.py:840} INFO - DAG(s) 'example_external_task_marker_parent', 'example_external_task_marker_child' retrieved from /home/airflow/.local/lib/python3.8/site-packages/airflow/example_dags/example_external_task_marker_dag.py
[2026-08-06T21:08:56.175+0000] {logging_mixin.py:188} INFO - [2026-08-06T21:08:56.175+0000] {dag.py:3036} INFO - Sync 2 DAGs
[2026-08-06T21:08:56.197+0000] {logging_mixin.py:188} INFO - [2026-08-06T21:08:56.196+0000] {dag.py:3823} INFO - Setting next_dagrun for example_external_task_marker_child to None, run_after=None
[2026-08-06T21:08:56.202+0000] {logging_mixin.py:188} INFO - [2026-08-06T21:08:56.202+0000] {dag.py:3823} INFO - Setting next_dagrun for example_external_task_marker_parent to None, run_after=None
[2026-08-06T21:08:56.301+0000] {processor.py:183} INFO - Processing /home/airflow/.local/lib/python3.8/site-packages/airflow/example_dags/example_external_task_marker_dag.py took 0.175 seconds
[2026-08-06T21:09:26.679+0000] {processor.py:161} INFO - Started process (PID=431) to work on /home/airflow/.local/lib/python3.8/site-packages/airflow/example_dags/example_external_task_marker_dag.py
[2026-08-06T21:09:26.681+0000] {processor.py:830} INFO - Processing file /home/airflow/.local/lib/python3.8/site-packages/airflow/example_dags/example_external_task_marker_dag.py for tasks to queue
[2026-08-06T21:09:26.686+0000] {logging_mixin.py:188} INFO - [2026-08-06T21:09:26.683+0000] {dagbag.py:538} INFO - Filling up the DagBag from /home/airflow/.local/lib/python3.8/site-packages/airflow/example_dags/example_external_task_marker_dag.py
[2026-08-06T21:09:26.695+0000] {processor.py:840} INFO - DAG(s) 'example_external_task_marker_child', 'example_external_task_marker_parent' retrieved from /home/airflow/.local/lib/python3.8/site-packages/airflow/example_dags/example_external_task_marker_dag.py
[2026-08-06T21:09:26.727+0000] {logging_mixin.py:188} INFO - [2026-08-06T21:09:26.727+0000] {dag.py:3036} INFO - Sync 2 DAGs
[2026-08-06T21:09:26.744+0000] {logging_mixin.py:188} INFO - [2026-08-06T21:09:26.743+0000] {dag.py:3823} INFO - Setting next_dagrun for example_external_task_marker_child to None, run_after=None
[2026-08-06T21:09:26.749+0000] {logging_mixin.py:188} INFO - [2026-08-06T21:09:26.748+0000] {dag.py:3823} INFO - Setting next_dagrun for example_external_task_marker_parent to None, run_after=None
[2026-08-06T21:09:26.857+0000] {processor.py:183} INFO - Processing /home/airflow/.local/lib/python3.8/site-packages/airflow/example_dags/example_external_task_marker_dag.py took 0.181 seconds
[2026-08-06T21:09:57.019+0000] {processor.py:161} INFO - Started process (PID=486) to work on /home/airflow/.local/lib/python3.8/site-packages/airflow/example_dags/example_external_task_marker_dag.py
[2026-08-06T21:09:57.021+0000] {processor.py:830} INFO - Processing file /home/airflow/.local/lib/python3.8/site-packages/airflow/example_dags/example_external_task_marker_dag.py for tasks to queue
[2026-08-06T21:09:57.024+0000] {logging_mixin.py:188} INFO - [2026-08-06T21:09:57.023+0000] {dagbag.py:538} INFO - Filling up the DagBag from /home/airflow/.local/lib/python3.8/site-packages/airflow/example_dags/example_external_task_marker_dag.py
[2026-08-06T21:09:57.032+0000] {processor.py:840} INFO - DAG(s) 'example_external_task_marker_parent', 'example_external_task_marker_child' retrieved from /home/airflow/.local/lib/python3.8/site-packages/airflow/example_dags/example_external_task_marker_dag.py
[2026-08-06T21:09:57.063+0000] {logging_mixin.py:188} INFO - [2026-08-06T21:09:57.063+0000] {dag.py:3036} INFO - Sync 2 DAGs
[2026-08-06T21:09:57.077+0000] {logging_mixin.py:188} INFO - [2026-08-06T21:09:57.077+0000] {dag.py:3823} INFO - Setting next_dagrun for example_external_task_marker_child to None, run_after=None
[2026-08-06T21:09:57.082+0000] {logging_mixin.py:188} INFO - [2026-08-06T21:09:57.082+0000] {dag.py:3823} INFO - Setting next_dagrun for example_external_task_marker_parent to None, run_after=None
[2026-08-06T21:09:57.151+0000] {processor.py:183} INFO - Processing /home/airflow/.local/lib/python3.8/site-packages/airflow/example_dags/example_external_task_marker_dag.py took 0.136 seconds
[2026-08-06T21:10:27.234+0000] {processor.py:161} INFO - Started process (PID=541) to work on /home/airflow/.local/lib/python3.8/site-packages/airflow/example_dags/example_external_task_marker_dag.py
[2026-08-06T21:10:27.236+0000] {processor.py:830} INFO - Processing file /home/airflow/.local/lib/python3.8/site-packages/airflow/example_dags/example_external_task_marker_dag.py for tasks to queue
[2026-08-06T21:10:27.238+0000] {logging_mixin.py:188} INFO - [2026-08-06T21:10:27.238+0000] {dagbag.py:538} INFO - Filling up the DagBag from /home/airflow/.local/lib/python3.8/site-packages/airflow/example_dags/example_external_task_marker_dag.py
[2026-08-06T21:10:27.246+0000] {processor.py:840} INFO - DAG(s) 'example_external_task_marker_parent', 'example_external_task_marker_child' retrieved from /home/airflow/.local/lib/python3.8/site-packages/airflow/example_dags/example_external_task_marker_dag.py
[2026-08-06T21:10:27.275+0000] {logging_mixin.py:188} INFO - [2026-08-06T21:10:27.275+0000] {dag.py:3036} INFO - Sync 2 DAGs
[2026-08-06T21:10:27.291+0000] {logging_mixin.py:188} INFO - [2026-08-06T21:10:27.291+0000] {dag.py:3823} INFO - Setting next_dagrun for example_external_task_marker_child to None, run_after=None
[2026-08-06T21:10:27.296+0000] {logging_mixin.py:188} INFO - [2026-08-06T21:10:27.295+0000] {dag.py:3823} INFO - Setting next_dagrun for example_external_task_marker_parent to None, run_after=None
[2026-08-06T21:10:27.375+0000] {processor.py:183} INFO - Processing /home/airflow/.local/lib/python3.8/site-packages/airflow/example_dags/example_external_task_marker_dag.py took 0.148 seconds
[2026-08-06T21:10:57.836+0000] {processor.py:161} INFO - Started process (PID=596) to work on /home/airflow/.local/lib/python3.8/site-packages/airflow/example_dags/example_external_task_marker_dag.py
[2026-08-06T21:10:57.841+0000] {processor.py:830} INFO - Processing file /home/airflow/.local/lib/python3.8/site-packages/airflow/example_dags/example_external_task_marker_dag.py for tasks to queue
[2026-08-06T21:10:57.844+0000] {logging_mixin.py:188} INFO - [2026-08-06T21:10:57.844+0000] {dagbag.py:538} INFO - Filling up the DagBag from /home/airflow/.local/lib/python3.8/site-packages/airflow/example_dags/example_external_task_marker_dag.py
[2026-08-06T21:10:57.939+0000] {processor.py:840} INFO - DAG(s) 'example_external_task_marker_child', 'example_external_task_marker_parent' retrieved from /home/airflow/.local/lib/python3.8/site-packages/airflow/example_dags/example_external_task_marker_dag.py
[2026-08-06T21:10:57.980+0000] {logging_mixin.py:188} INFO - [2026-08-06T21:10:57.980+0000] {dag.py:3036} INFO - Sync 2 DAGs
[2026-08-06T21:10:58.003+0000] {logging_mixin.py:188} INFO - [2026-08-06T21:10:58.002+0000] {dag.py:3823} INFO - Setting next_dagrun for example_external_task_marker_child to None, run_after=None
[2026-08-06T21:10:58.011+0000] {logging_mixin.py:188} INFO - [2026-08-06T21:10:58.011+0000] {dag.py:3823} INFO - Setting next_dagrun for example_external_task_marker_parent to None, run_after=None
[2026-08-06T21:10:58.039+0000] {processor.py:183} INFO - Processing /home/airflow/.local/lib/python3.8/site-packages/airflow/example_dags/example_external_task_marker_dag.py took 0.215 seconds
[2026-08-06T21:11:28.078+0000] {processor.py:161} INFO - Started process (PID=651) to work on /home/airflow/.local/lib/python3.8/site-packages/airflow/example_dags/example_external_task_marker_dag.py
[2026-08-06T21:11:28.080+0000] {processor.py:830} INFO - Processing file /home/airflow/.local/lib/python3.8/site-packages/airflow/example_dags/example_external_task_marker_dag.py for tasks to queue
[2026-08-06T21:11:28.082+0000] {logging_mixin.py:188} INFO - [2026-08-06T21:11:28.082+0000] {dagbag.py:538} INFO - Filling up the DagBag from /home/airflow/.local/lib/python3.8/site-packages/airflow/example_dags/example_external_task_marker_dag.py
[2026-08-06T21:11:28.089+0000] {processor.py:840} INFO - DAG(s) 'example_external_task_marker_child', 'example_external_task_marker_parent' retrieved from /home/airflow/.local/lib/python3.8/site-packages/airflow/example_dags/example_external_task_marker_dag.py
[2026-08-06T21:11:28.114+0000] {logging_mixin.py:188} INFO - [2026-08-06T21:11:28.113+0000] {dag.py:3036} INFO - Sync 2 DAGs
[2026-08-06T21:11:28.125+0000] {logging_mixin.py:188} INFO - [2026-08-06T21:11:28.125+0000] {dag.py:3823} INFO - Setting next_dagrun for example_external_task_marker_child to None, run_after=None
[2026-08-06T21:11:28.130+0000] {logging_mixin.py:188} INFO - [2026-08-06T21:11:28.130+0000] {dag.py:3823} INFO - Setting next_dagrun for example_external_task_marker_parent to None, run_after=None
[2026-08-06T21:11:28.185+0000] {processor.py:183} INFO - Processing /home/airflow/.local/lib/python3.8/site-packages/airflow/example_dags/example_external_task_marker_dag.py took 0.110 seconds
[2026-08-06T21:11:58.513+0000] {processor.py:161} INFO - Started process (PID=706) to work on /home/airflow/.local/lib/python3.8/site-packages/airflow/example_dags/example_external_task_marker_dag.py
[2026-08-06T21:11:58.514+0000] {processor.py:830} INFO - Processing file /home/airflow/.local/lib/python3.8/site-packages/airflow/example_dags/example_external_task_marker_dag.py for tasks to queue
[2026-08-06T21:11:58.516+0000] {logging_mixin.py:188} INFO - [2026-08-06T21:11:58.516+0000] {dagbag.py:538} INFO - Filling up the DagBag from /home/airflow/.local/lib/python3.8/site-packages/airflow/example_dags/example_external_task_marker_dag.py
[2026-08-06T21:11:58.523+0000] {processor.py:840} INFO - DAG(s) 'example_external_task_marker_parent', 'example_external_task_marker_child' retrieved from /home/airflow/.local/lib/python3.8/site-packages/airflow/example_dags/example_external_task_marker_dag.py
[2026-08-06T21:11:58.556+0000] {logging_mixin.py:188} INFO - [2026-08-06T21:11:58.556+0000] {dag.py:3036} INFO - Sync 2 DAGs
[2026-08-06T21:11:58.570+0000] {logging_mixin.py:188} INFO - [2026-08-06T21:11:58.570+0000] {dag.py:3823} INFO - Setting next_dagrun for example_external_task_marker_child to None, run_after=None
[2026-08-06T21:11:58.574+0000] {logging_mixin.py:188} INFO - [2026-08-06T21:11:58.574+0000] {dag.py:3823} INFO - Setting next_dagrun for example_external_task_marker_parent to None, run_after=None
[2026-08-06T21:11:58.722+0000] {processor.py:183} INFO - Processing /home/airflow/.local/lib/python3.8/site-packages/airflow/example_dags/example_external_task_marker_dag.py took 0.213 seconds
[2026-08-06T21:12:28.790+0000] {processor.py:161} INFO - Started process (PID=761) to work on /home/airflow/.local/lib/python3.8/site-packages/airflow/example_dags/example_external_task_marker_dag.py
[2026-08-06T21:12:28.812+0000] {processor.py:830} INFO - Processing file /home/airflow/.local/lib/python3.8/site-packages/airflow/example_dags/example_external_task_marker_dag.py for tasks to queue
[2026-08-06T21:12:28.815+0000] {logging_mixin.py:188} INFO - [2026-08-06T21:12:28.815+0000] {dagbag.py:538} INFO - Filling up the DagBag from /home/airflow/.local/lib/python3.8/site-packages/airflow/example_dags/example_external_task_marker_dag.py
[2026-08-06T21:12:28.821+0000] {processor.py:840} INFO - DAG(s) 'example_external_task_marker_child', 'example_external_task_marker_parent' retrieved from /home/airflow/.local/lib/python3.8/site-packages/airflow/example_dags/example_external_task_marker_dag.py
[2026-08-06T21:12:28.847+0000] {logging_mixin.py:188} INFO - [2026-08-06T21:12:28.846+0000] {dag.py:3036} INFO - Sync 2 DAGs
[2026-08-06T21:12:28.860+0000] {logging_mixin.py:188} INFO - [2026-08-06T21:12:28.859+0000] {dag.py:3823} INFO - Setting next_dagrun for example_external_task_marker_child to None, run_after=None
[2026-08-06T21:12:28.864+0000] {logging_mixin.py:188} INFO - [2026-08-06T21:12:28.863+0000] {dag.py:3823} INFO - Setting next_dagrun for example_external_task_marker_parent to None, run_after=None
[2026-08-06T21:12:29.096+0000] {processor.py:183} INFO - Processing /home/airflow/.local/lib/python3.8/site-packages/airflow/example_dags/example_external_task_marker_dag.py took 0.310 seconds
[2026-08-06T21:12:59.556+0000] {processor.py:161} INFO - Started process (PID=816) to work on /home/airflow/.local/lib/python3.8/site-packages/airflow/example_dags/example_external_task_marker_dag.py
[2026-08-06T21:12:59.558+0000] {processor.py:830} INFO - Processing file /home/airflow/.local/lib/python3.8/site-packages/airflow/example_dags/example_external_task_marker_dag.py for tasks to queue
[2026-08-06T21:12:59.560+0000] {logging_mixin.py:188} INFO - [2026-08-06T21:12:59.560+0000] {dagbag.py:538} INFO - Filling up the DagBag from /home/airflow/.local/lib/python3.8/site-packages/airflow/example_dags/example_external_task_marker_dag.py
[2026-08-06T21:12:59.567+0000] {processor.py:840} INFO - DAG(s) 'example_external_task_marker_parent', 'example_external_task_marker_child' retrieved from /home/airflow/.local/lib/python3.8/site-packages/airflow/example_dags/example_external_task_marker_dag.py
[2026-08-06T21:12:59.592+0000] {logging_mixin.py:188} INFO - [2026-08-06T21:12:59.592+0000] {dag.py:3036} INFO - Sync 2 DAGs
[2026-08-06T21:12:59.605+0000] {logging_mixin.py:188} INFO - [2026-08-06T21:12:59.605+0000] {dag.py:3823} INFO - Setting next_dagrun for example_external_task_marker_child to None, run_after=None
[2026-08-06T21:12:59.609+0000] {logging_mixin.py:188} INFO - [2026-08-06T21:12:59.608+0000] {dag.py:3823} INFO - Setting next_dagrun for example_external_task_marker_parent to None, run_after=None
[2026-08-06T21:12:59.626+0000] {processor.py:183} INFO - Processing /home/airflow/.local/lib/python3.8/site-packages/airflow/example_dags/example_external_task_marker_dag.py took 0.074 seconds
[2026-08-06T21:13:30.105+0000] {processor.py:161} INFO - Started process (PID=877) to work on /home/airflow/.local/lib/python3.8/site-packages/airflow/example_dags/example_external_task_marker_dag.py
[2026-08-06T21:13:30.106+0000] {processor.py:830} INFO - Processing file /home/airflow/.local/lib/python3.8/site-packages/airflow/example_dags/example_external_task_marker_dag.py for tasks to queue
[2026-08-06T21:13:30.108+0000] {logging_mixin.py:188} INFO - [2026-08-06T21:13:30.108+0000] {dagbag.py:538} INFO - Filling up the DagBag from /home/airflow/.local/lib/python3.8/site-packages/airflow/example_dags/example_external_task_marker_dag.py
[2026-08-06T21:13:30.115+0000] {processor.py:840} INFO - DAG(s) 'example_external_task_marker_parent', 'example_external_task_marker_child' retrieved from /home/airflow/.local/lib/python3.8/site-packages/airflow/example_dags/example_external_task_marker_dag.py
[2026-08-06T21:13:30.140+0000] {logging_mixin.py:188} INFO - [2026-08-06T21:13:30.140+0000] {dag.py:3036} INFO - Sync 2 DAGs
[2026-08-06T21:13:30.153+0000] {logging_mixin.py:188} INFO - [2026-08-06T21:13:30.152+0000] {dag.py:3823} INFO - Setting next_dagrun for example_external_task_marker_child to None, run_after=None
[2026-08-06T21:13:30.157+0000] {logging_mixin.py:188} INFO - [2026-08-06T21:13:30.157+0000] {dag.py:3823} INFO - Setting next_dagrun for example_external_task_marker_parent to None, run_after=None
[2026-08-06T21:13:30.176+0000] {processor.py:183} INFO - Processing /home/airflow/.local/lib/python3.8/site-packages/airflow/example_dags/example_external_task_marker_dag.py took 0.076 seconds
[2026-08-06T21:14:00.508+0000] {processor.py:161} INFO - Started process (PID=932) to work on /home/airflow/.local/lib/python3.8/site-packages/airflow/example_dags/example_external_task_marker_dag.py
[2026-08-06T21:14:00.509+0000] {processor.py:830} INFO - Processing file /home/airflow/.local/lib/python3.8/site-packages/airflow/example_dags/example_external_task_marker_dag.py for tasks to queue
[2026-08-06T21:14:00.512+0000] {logging_mixin.py:188} INFO - [2026-08-06T21:14:00.511+0000] {dagbag.py:538} INFO - Filling up the DagBag from /home/airflow/.local/lib/python3.8/site-packages/airflow/example_dags/example_external_task_marker_dag.py
[2026-08-06T21:14:00.518+0000] {processor.py:840} INFO - DAG(s) 'example_external_task_marker_parent', 'example_external_task_marker_child' retrieved from /home/airflow/.local/lib/python3.8/site-packages/airflow/example_dags/example_external_task_marker_dag.py
[2026-08-06T21:14:00.546+0000] {logging_mixin.py:188} INFO - [2026-08-06T21:14:00.546+0000] {dag.py:3036} INFO - Sync 2 DAGs
[2026-08-06T21:14:00.558+0000] {logging_mixin.py:188} INFO - [2026-08-06T21:14:00.557+0000] {dag.py:3823} INFO - Setting next_dagrun for example_external_task_marker_child to None, run_after=None
[2026-08-06T21:14:00.562+0000] {logging_mixin.py:188} INFO - [2026-08-06T21:14:00.562+0000] {dag.py:3823} INFO - Setting next_dagrun for example_external_task_marker_parent to None, run_after=None
[2026-08-06T21:14:00.583+0000] {processor.py:183} INFO - Processing /home/airflow/.local/lib/python3.8/site-packages/airflow/example_dags/example_external_task_marker_dag.py took 0.079 seconds
[2026-08-06T21:14:30.748+0000] {processor.py:161} INFO - Started process (PID=987) to work on /home/airflow/.local/lib/python3.8/site-packages/airflow/example_dags/example_external_task_marker_dag.py
[2026-08-06T21:14:30.750+0000] {processor.py:830} INFO - Processing file /home/airflow/.local/lib/python3.8/site-packages/airflow/example_dags/example_external_task_marker_dag.py for tasks to queue
[2026-08-06T21:14:30.753+0000] {logging_mixin.py:188} INFO - [2026-08-06T21:14:30.752+0000] {dagbag.py:538} INFO - Filling up the DagBag from /home/airflow/.local/lib/python3.8/site-packages/airflow/example_dags/example_external_task_marker_dag.py
[2026-08-06T21:14:30.760+0000] {processor.py:840} INFO - DAG(s) 'example_external_task_marker_child', 'example_external_task_marker_parent' retrieved from /home/airflow/.local/lib/python3.8/site-packages/airflow/example_dags/example_external_task_marker_dag.py
[2026-08-06T21:14:30.792+0000] {logging_mixin.py:188} INFO - [2026-08-06T21:14:30.791+0000] {dag.py:3036} INFO - Sync 2 DAGs
[2026-08-06T21:14:30.808+0000] {logging_mixin.py:188} INFO - [2026-08-06T21:14:30.807+0000] {dag.py:3823} INFO - Setting next_dagrun for example_external_task_marker_child to None, run_after=None
[2026-08-06T21:14:30.814+0000] {logging_mixin.py:188} INFO - [2026-08-06T21:14:30.814+0000] {dag.py:3823} INFO - Setting next_dagrun for example_external_task_marker_parent to None, run_after=None
[2026-08-06T21:14:30.842+0000] {processor.py:183} INFO - Processing /home/airflow/.local/lib/python3.8/site-packages/airflow/example_dags/example_external_task_marker_dag.py took 0.098 seconds
[2026-08-06T21:15:00.912+0000] {processor.py:161} INFO - Started process (PID=1042) to work on /home/airflow/.local/lib/python3.8/site-packages/airflow/example_dags/example_external_task_marker_dag.py
[2026-08-06T21:15:00.913+0000] {processor.py:830} INFO - Processing file /home/airflow/.local/lib/python3.8/site-packages/airflow/example_dags/example_external_task_marker_dag.py for tasks to queue
[2026-08-06T21:15:00.916+0000] {logging_mixin.py:188} INFO - [2026-08-06T21:15:00.915+0000] {dagbag.py:538} INFO - Filling up the DagBag from /home/airflow/.local/lib/python3.8/site-packages/airflow/example_dags/example_external_task_marker_dag.py
[2026-08-06T21:15:00.923+0000] {processor.py:840} INFO - DAG(s) 'example_external_task_marker_parent', 'example_external_task_marker_child' retrieved from /home/airflow/.local/lib/python3.8/site-packages/airflow/example_dags/example_external_task_marker_dag.py
[2026-08-06T21:15:00.949+0000] {logging_mixin.py:188} INFO - [2026-08-06T21:15:00.949+0000] {dag.py:3036} INFO - Sync 2 DAGs
[2026-08-06T21:15:00.961+0000] {logging_mixin.py:188} INFO - [2026-08-06T21:15:00.961+0000] {dag.py:3823} INFO - Setting next_dagrun for example_external_task_marker_child to None, run_after=None
[2026-08-06T21:15:00.965+0000] {logging_mixin.py:188} INFO - [2026-08-06T21:15:00.965+0000] {dag.py:3823} INFO - Setting next_dagrun for example_external_task_marker_parent to None, run_after=None
[2026-08-06T21:15:00.984+0000] {processor.py:183} INFO - Processing /home/airflow/.local/lib/python3.8/site-packages/airflow/example_dags/example_external_task_marker_dag.py took 0.076 seconds
[2026-08-06T21:15:31.399+0000] {processor.py:161} INFO - Started process (PID=1097) to work on /home/airflow/.local/lib/python3.8/site-packages/airflow/example_dags/example_external_task_marker_dag.py
[2026-08-06T21:15:31.400+0000] {processor.py:830} INFO - Processing file /home/airflow/.local/lib/python3.8/site-packages/airflow/example_dags/example_external_task_marker_dag.py for tasks to queue
[2026-08-06T21:15:31.402+0000] {logging_mixin.py:188} INFO - [2026-08-06T21:15:31.402+0000] {dagbag.py:538} INFO - Filling up the DagBag from /home/airflow/.local/lib/python3.8/site-packages/airflow/example_dags/example_external_task_marker_dag.py
[2026-08-06T21:15:31.408+0000] {processor.py:840} INFO - DAG(s) 'example_external_task_marker_child', 'example_external_task_marker_parent' retrieved from /home/airflow/.local/lib/python3.8/site-packages/airflow/example_dags/example_external_task_marker_dag.py
[2026-08-06T21:15:31.433+0000] {logging_mixin.py:188} INFO - [2026-08-06T21:15:31.433+0000] {dag.py:3036} INFO - Sync 2 DAGs
[2026-08-06T21:15:31.445+0000] {logging_mixin.py:188} INFO - [2026-08-06T21:15:31.445+0000] {dag.py:3823} INFO - Setting next_dagrun for example_external_task_marker_child to None, run_after=None
[2026-08-06T21:15:31.449+0000] {logging_mixin.py:188} INFO - [2026-08-06T21:15:31.449+0000] {dag.py:3823} INFO - Setting next_dagrun for example_external_task_marker_parent to None, run_after=None
[2026-08-06T21:15:31.466+0000] {processor.py:183} INFO - Processing /home/airflow/.local/lib/python3.8/site-packages/airflow/example_dags/example_external_task_marker_dag.py took 0.071 seconds
[2026-08-06T21:16:01.769+0000] {processor.py:161} INFO - Started process (PID=1164) to work on /home/airflow/.local/lib/python3.8/site-packages/airflow/example_dags/example_external_task_marker_dag.py
[2026-08-06T21:16:01.770+0000] {processor.py:830} INFO - Processing file /home/airflow/.local/lib/python3.8/site-packages/airflow/example_dags/example_external_task_marker_dag.py for tasks to queue
[2026-08-06T21:16:01.773+0000] {logging_mixin.py:188} INFO - [2026-08-06T21:16:01.772+0000] {dagbag.py:538} INFO - Filling up the DagBag from /home/airflow/.local/lib/python3.8/site-packages/airflow/example_dags/example_external_task_marker_dag.py
[2026-08-06T21:16:01.781+0000] {processor.py:840} INFO - DAG(s) 'example_external_task_marker_child', 'example_external_task_marker_parent' retrieved from /home/airflow/.local/lib/python3.8/site-packages/airflow/example_dags/example_external_task_marker_dag.py
[2026-08-06T21:16:01.854+0000] {logging_mixin.py:188} INFO - [2026-08-06T21:16:01.854+0000] {dag.py:3036} INFO - Sync 2 DAGs
[2026-08-06T21:16:01.900+0000] {logging_mixin.py:188} INFO - [2026-08-06T21:16:01.900+0000] {dag.py:3823} INFO - Setting next_dagrun for example_external_task_marker_child to None, run_after=None
[2026-08-06T21:16:01.907+0000] {logging_mixin.py:188} INFO - [2026-08-06T21:16:01.906+0000] {dag.py:3823} INFO - Setting next_dagrun for example_external_task_marker_parent to None, run_after=None
[2026-08-06T21:16:01.936+0000] {processor.py:183} INFO - Processing /home/airflow/.local/lib/python3.8/site-packages/airflow/example_dags/example_external_task_marker_dag.py took 0.171 seconds
[2026-08-06T21:16:32.717+0000] {processor.py:161} INFO - Started process (PID=1227) to work on /home/airflow/.local/lib/python3.8/site-packages/airflow/example_dags/example_external_task_marker_dag.py
[2026-08-06T21:16:32.718+0000] {processor.py:830} INFO - Processing file /home/airflow/.local/lib/python3.8/site-packages/airflow/example_dags/example_external_task_marker_dag.py for tasks to queue
[2026-08-06T21:16:32.720+0000] {logging_mixin.py:188} INFO - [2026-08-06T21:16:32.720+0000] {dagbag.py:538} INFO - Filling up the DagBag from /home/airflow/.local/lib/python3.8/site-packages/airflow/example_dags/example_external_task_marker_dag.py
[2026-08-06T21:16:32.727+0000] {processor.py:840} INFO - DAG(s) 'example_external_task_marker_child', 'example_external_task_marker_parent' retrieved from /home/airflow/.local/lib/python3.8/site-packages/airflow/example_dags/example_external_task_marker_dag.py
[2026-08-06T21:16:32.751+0000] {logging_mixin.py:188} INFO - [2026-08-06T21:16:32.750+0000] {dag.py:3036} INFO - Sync 2 DAGs
[2026-08-06T21:16:32.763+0000] {logging_mixin.py:188} INFO - [2026-08-06T21:16:32.763+0000] {dag.py:3823} INFO - Setting next_dagrun for example_external_task_marker_child to None, run_after=None
[2026-08-06T21:16:32.767+0000] {logging_mixin.py:188} INFO - [2026-08-06T21:16:32.767+0000] {dag.py:3823} INFO - Setting next_dagrun for example_external_task_marker_parent to None, run_after=None
[2026-08-06T21:16:32.785+0000] {processor.py:183} INFO - Processing /home/airflow/.local/lib/python3.8/site-packages/airflow/example_dags/example_external_task_marker_dag.py took 0.072 seconds
[2026-08-06T21:17:03.085+0000] {processor.py:161} INFO - Started process (PID=1286) to work on /home/airflow/.local/lib/python3.8/site-packages/airflow/example_dags/example_external_task_marker_dag.py
[2026-08-06T21:17:03.087+0000] {processor.py:830} INFO - Processing file /home/airflow/.local/lib/python3.8/site-packages/airflow/example_dags/example_external_task_marker_dag.py for tasks to queue
[2026-08-06T21:17:03.089+0000] {logging_mixin.py:188} INFO - [2026-08-06T21:17:03.089+0000] {dagbag.py:538} INFO - Filling up the DagBag from /home/airflow/.local/lib/python3.8/site-packages/airflow/example_dags/example_external_task_marker_dag.py
[2026-08-06T21:17:03.096+0000] {processor.py:840} INFO - DAG(s) 'example_external_task_marker_child', 'example_external_task_marker_parent' retrieved from /home/airflow/.local/lib/python3.8/site-packages/airflow/example_dags/example_external_task_marker_dag.py
[2026-08-06T21:17:03.120+0000] {logging_mixin.py:188} INFO - [2026-08-06T21:17:03.120+0000] {dag.py:3036} INFO - Sync 2 DAGs
[2026-08-06T21:17:03.132+0000] {logging_mixin.py:188} INFO - [2026-08-06T21:17:03.132+0000] {dag.py:3823} INFO - Setting next_dagrun for example_external_task_marker_child to None, run_after=None
[2026-08-06T21:17:03.136+0000] {logging_mixin.py:188} INFO - [2026-08-06T21:17:03.136+0000] {dag.py:3823} INFO - Setting next_dagrun for example_external_task_marker_parent to None, run_after=None
[2026-08-06T21:17:03.156+0000] {processor.py:183} INFO - Processing /home/airflow/.local/lib/python3.8/site-packages/airflow/example_dags/example_external_task_marker_dag.py took 0.075 seconds
[2026-08-06T21:17:33.287+0000] {processor.py:161} INFO - Started process (PID=1345) to work on /home/airflow/.local/lib/python3.8/site-packages/airflow/example_dags/example_external_task_marker_dag.py
[2026-08-06T21:17:33.288+0000] {processor.py:830} INFO - Processing file /home/airflow/.local/lib/python3.8/site-packages/airflow/example_dags/example_external_task_marker_dag.py for tasks to queue
[2026-08-06T21:17:33.292+0000] {logging_mixin.py:188} INFO - [2026-08-06T21:17:33.292+0000] {dagbag.py:538} INFO - Filling up the DagBag from /home/airflow/.local/lib/python3.8/site-packages/airflow/example_dags/example_external_task_marker_dag.py
[2026-08-06T21:17:33.302+0000] {processor.py:840} INFO - DAG(s) 'example_external_task_marker_parent', 'example_external_task_marker_child' retrieved from /home/airflow/.local/lib/python3.8/site-packages/airflow/example_dags/example_external_task_marker_dag.py
[2026-08-06T21:17:33.331+0000] {logging_mixin.py:188} INFO - [2026-08-06T21:17:33.330+0000] {dag.py:3036} INFO - Sync 2 DAGs
[2026-08-06T21:17:33.346+0000] {logging_mixin.py:188} INFO - [2026-08-06T21:17:33.346+0000] {dag.py:3823} INFO - Setting next_dagrun for example_external_task_marker_child to None, run_after=None
[2026-08-06T21:17:33.350+0000] {logging_mixin.py:188} INFO - [2026-08-06T21:17:33.350+0000] {dag.py:3823} INFO - Setting next_dagrun for example_external_task_marker_parent to None, run_after=None
[2026-08-06T21:17:33.373+0000] {processor.py:183} INFO - Processing /home/airflow/.local/lib/python3.8/site-packages/airflow/example_dags/example_external_task_marker_dag.py took 0.089 seconds
[2026-08-06T21:18:03.709+0000] {processor.py:161} INFO - Started process (PID=1404) to work on /home/airflow/.local/lib/python3.8/site-packages/airflow/example_dags/example_external_task_marker_dag.py
[2026-08-06T21:18:03.710+0000] {processor.py:830} INFO - Processing file /home/airflow/.local/lib/python3.8/site-packages/airflow/example_dags/example_external_task_marker_dag.py for tasks to queue
[2026-08-06T21:18:03.714+0000] {logging_mixin.py:188} INFO - [2026-08-06T21:18:03.712+0000] {dagbag.py:538} INFO - Filling up the DagBag from /home/airflow/.local/lib/python3.8/site-packages/airflow/example_dags/example_external_task_marker_dag.py
[2026-08-06T21:18:03.726+0000] {processor.py:840} INFO - DAG(s) 'example_external_task_marker_parent', 'example_external_task_marker_child' retrieved from /home/airflow/.local/lib/python3.8/site-packages/airflow/example_dags/example_external_task_marker_dag.py
[2026-08-06T21:18:03.760+0000] {logging_mixin.py:188} INFO - [2026-08-06T21:18:03.760+0000] {dag.py:3036} INFO - Sync 2 DAGs
[2026-08-06T21:18:03.781+0000] {logging_mixin.py:188} INFO - [2026-08-06T21:18:03.781+0000] {dag.py:3823} INFO - Setting next_dagrun for example_external_task_marker_child to None, run_after=None
[2026-08-06T21:18:03.787+0000] {logging_mixin.py:188} INFO - [2026-08-06T21:18:03.787+0000] {dag.py:3823} INFO - Setting next_dagrun for example_external_task_marker_parent to None, run_after=None
[2026-08-06T21:18:03.811+0000] {processor.py:183} INFO - Processing /home/airflow/.local/lib/python3.8/site-packages/airflow/example_dags/example_external_task_marker_dag.py took 0.107 seconds
[2026-08-06T21:18:34.722+0000] {processor.py:161} INFO - Started process (PID=1463) to work on /home/airflow/.local/lib/python3.8/site-packages/airflow/example_dags/example_external_task_marker_dag.py
[2026-08-06T21:18:34.723+0000] {processor.py:830} INFO - Processing file /home/airflow/.local/lib/python3.8/site-packages/airflow/example_dags/example_external_task_marker_dag.py for tasks to queue
[2026-08-06T21:18:34.726+0000] {logging_mixin.py:188} INFO - [2026-08-06T21:18:34.725+0000] {dagbag.py:538} INFO - Filling up the DagBag from /home/airflow/.local/lib/python3.8/site-packages/airflow/example_dags/example_external_task_marker_dag.py
[2026-08-06T21:18:34.732+0000] {processor.py:840} INFO - DAG(s) 'example_external_task_marker_child', 'example_external_task_marker_parent' retrieved from /home/airflow/.local/lib/python3.8/site-packages/airflow/example_dags/example_external_task_marker_dag.py
[2026-08-06T21:18:34.762+0000] {logging_mixin.py:188} INFO - [2026-08-06T21:18:34.762+0000] {dag.py:3036} INFO - Sync 2 DAGs
[2026-08-06T21:18:34.778+0000] {logging_mixin.py:188} INFO - [2026-08-06T21:18:34.778+0000] {dag.py:3823} INFO - Setting next_dagrun for example_external_task_marker_child to None, run_after=None
[2026-08-06T21:18:34.783+0000] {logging_mixin.py:188} INFO - [2026-08-06T21:18:34.782+0000] {dag.py:3823} INFO - Setting next_dagrun for example_external_task_marker_parent to None, run_after=None
[2026-08-06T21:18:34.809+0000] {processor.py:183} INFO - Processing /home/airflow/.local/lib/python3.8/site-packages/airflow/example_dags/example_external_task_marker_dag.py took 0.092 seconds
[2026-08-06T21:19:05.394+0000] {processor.py:161} INFO - Started process (PID=1522) to work on /home/airflow/.local/lib/python3.8/site-packages/airflow/example_dags/example_external_task_marker_dag.py
[2026-08-06T21:19:05.395+0000] {processor.py:830} INFO - Processing file /home/airflow/.local/lib/python3.8/site-packages/airflow/example_dags/example_external_task_marker_dag.py for tasks to queue
[2026-08-06T21:19:05.397+0000] {logging_mixin.py:188} INFO - [2026-08-06T21:19:05.397+0000] {dagbag.py:538} INFO - Filling up the DagBag from /home/airflow/.local/lib/python3.8/site-packages/airflow/example_dags/example_external_task_marker_dag.py
[2026-08-06T21:19:05.403+0000] {processor.py:840} INFO - DAG(s) 'example_external_task_marker_child', 'example_external_task_marker_parent' retrieved from /home/airflow/.local/lib/python3.8/site-packages/airflow/example_dags/example_external_task_marker_dag.py
[2026-08-06T21:19:05.432+0000] {logging_mixin.py:188} INFO - [2026-08-06T21:19:05.432+0000] {dag.py:3036} INFO - Sync 2 DAGs
[2026-08-06T21:19:05.445+0000] {logging_mixin.py:188} INFO - [2026-08-06T21:19:05.445+0000] {dag.py:3823} INFO - Setting next_dagrun for example_external_task_marker_child to None, run_after=None
[2026-08-06T21:19:05.450+0000] {logging_mixin.py:188} INFO - [2026-08-06T21:19:05.450+0000] {dag.py:3823} INFO - Setting next_dagrun for example_external_task_marker_parent to None, run_after=None
[2026-08-06T21:19:05.471+0000] {processor.py:183} INFO - Processing /home/airflow/.local/lib/python3.8/site-packages/airflow/example_dags/example_external_task_marker_dag.py took 0.080 seconds
[2026-08-06T21:19:36.392+0000] {processor.py:161} INFO - Started process (PID=1581) to work on /home/airflow/.local/lib/python3.8/site-packages/airflow/example_dags/example_external_task_marker_dag.py
[2026-08-06T21:19:36.394+0000] {processor.py:830} INFO - Processing file /home/airflow/.local/lib/python3.8/site-packages/airflow/example_dags/example_external_task_marker_dag.py for tasks to queue
[2026-08-06T21:19:36.396+0000] {logging_mixin.py:188} INFO - [2026-08-06T21:19:36.395+0000] {dagbag.py:538} INFO - Filling up the DagBag from /home/airflow/.local/lib/python3.8/site-packages/airflow/example_dags/example_external_task_marker_dag.py
[2026-08-06T21:19:36.403+0000] {processor.py:840} INFO - DAG(s) 'example_external_task_marker_parent', 'example_external_task_marker_child' retrieved from /home/airflow/.local/lib/python3.8/site-packages/airflow/example_dags/example_external_task_marker_dag.py
[2026-08-06T21:19:36.435+0000] {logging_mixin.py:188} INFO - [2026-08-06T21:19:36.435+0000] {dag.py:3036} INFO - Sync 2 DAGs
[2026-08-06T21:19:36.458+0000] {logging_mixin.py:188} INFO - [2026-08-06T21:19:36.458+0000] {dag.py:3823} INFO - Setting next_dagrun for example_external_task_marker_child to None, run_after=None
[2026-08-06T21:19:36.465+0000] {logging_mixin.py:188} INFO - [2026-08-06T21:19:36.464+0000] {dag.py:3823} INFO - Setting next_dagrun for example_external_task_marker_parent to None, run_after=None
[2026-08-06T21:19:36.503+0000] {processor.py:183} INFO - Processing /home/airflow/.local/lib/python3.8/site-packages/airflow/example_dags/example_external_task_marker_dag.py took 0.114 seconds
[2026-08-06T21:20:07.262+0000] {processor.py:161} INFO - Started process (PID=1640) to work on /home/airflow/.local/lib/python3.8/site-packages/airflow/example_dags/example_external_task_marker_dag.py
[2026-08-06T21:20:07.263+0000] {processor.py:830} INFO - Processing file /home/airflow/.local/lib/python3.8/site-packages/airflow/example_dags/example_external_task_marker_dag.py for tasks to queue
[2026-08-06T21:20:07.266+0000] {logging_mixin.py:188} INFO - [2026-08-06T21:20:07.265+0000] {dagbag.py:538} INFO - Filling up the DagBag from /home/airflow/.local/lib/python3.8/site-packages/airflow/example_dags/example_external_task_marker_dag.py
[2026-08-06T21:20:07.274+0000] {processor.py:840} INFO - DAG(s) 'example_external_task_marker_child', 'example_external_task_marker_parent' retrieved from /home/airflow/.local/lib/python3.8/site-packages/airflow/example_dags/example_external_task_marker_dag.py
[2026-08-06T21:20:07.308+0000] {logging_mixin.py:188} INFO - [2026-08-06T21:20:07.307+0000] {dag.py:3036} INFO - Sync 2 DAGs
[2026-08-06T21:20:07.336+0000] {logging_mixin.py:188} INFO - [2026-08-06T21:20:07.336+0000] {dag.py:3823} INFO - Setting next_dagrun for example_external_task_marker_child to None, run_after=None
[2026-08-06T21:20:07.346+0000] {logging_mixin.py:188} INFO - [2026-08-06T21:20:07.346+0000] {dag.py:3823} INFO - Setting next_dagrun for example_external_task_marker_parent to None, run_after=None
[2026-08-06T21:20:07.384+0000] {processor.py:183} INFO - Processing /home/airflow/.local/lib/python3.8/site-packages/airflow/example_dags/example_external_task_marker_dag.py took 0.128 seconds
[2026-08-06T21:20:37.956+0000] {processor.py:161} INFO - Started process (PID=1699) to work on /home/airflow/.local/lib/python3.8/site-packages/airflow/example_dags/example_external_task_marker_dag.py
[2026-08-06T21:20:37.958+0000] {processor.py:830} INFO - Processing file /home/airflow/.local/lib/python3.8/site-packages/airflow/example_dags/example_external_task_marker_dag.py for tasks to queue
[2026-08-06T21:20:37.960+0000] {logging_mixin.py:188} INFO - [2026-08-06T21:20:37.960+0000] {dagbag.py:538} INFO - Filling up the DagBag from /home/airflow/.local/lib/python3.8/site-packages/airflow/example_dags/example_external_task_marker_dag.py
[2026-08-06T21:20:37.969+0000] {processor.py:840} INFO - DAG(s) 'example_external_task_marker_parent', 'example_external_task_marker_child' retrieved from /home/airflow/.local/lib/python3.8/site-packages/airflow/example_dags/example_external_task_marker_dag.py
[2026-08-06T21:20:38.000+0000] {logging_mixin.py:188} INFO - [2026-08-06T21:20:37.999+0000] {dag.py:3036} INFO - Sync 2 DAGs
[2026-08-06T21:20:38.014+0000] {logging_mixin.py:188} INFO - [2026-08-06T21:20:38.014+0000] {dag.py:3823} INFO - Setting next_dagrun for example_external_task_marker_child to None, run_after=None
[2026-08-06T21:20:38.019+0000] {logging_mixin.py:188} INFO - [2026-08-06T21:20:38.019+0000] {dag.py:3823} INFO - Setting next_dagrun for example_external_task_marker_parent to None, run_after=None
[2026-08-06T21:20:38.040+0000] {processor.py:183} INFO - Processing /home/airflow/.local/lib/python3.8/site-packages/airflow/example_dags/example_external_task_marker_dag.py took 0.088 seconds
[2026-08-06T21:21:08.440+0000] {processor.py:161} INFO - Started process (PID=1758) to work on /home/airflow/.local/lib/python3.8/site-packages/airflow/example_dags/example_external_task_marker_dag.py
[2026-08-06T21:21:08.442+0000] {processor.py:830} INFO - Processing file /home/airflow/.local/lib/python3.8/site-packages/airflow/example_dags/example_external_task_marker_dag.py for tasks to queue
[2026-08-06T21:21:08.444+0000] {logging_mixin.py:188} INFO - [2026-08-06T21:21:08.444+0000] {dagbag.py:538} INFO - Filling up the DagBag from /home/airflow/.local/lib/python3.8/site-packages/airflow/example_dags/example_external_task_marker_dag.py
[2026-08-06T21:21:08.450+0000] {processor.py:840} INFO - DAG(s) 'example_external_task_marker_parent', 'example_external_task_marker_child' retrieved from /home/airflow/.local/lib/python3.8/site-packages/airflow/example_dags/example_external_task_marker_dag.py
[2026-08-06T21:21:08.474+0000] {logging_mixin.py:188} INFO - [2026-08-06T21:21:08.474+0000] {dag.py:3036} INFO - Sync 2 DAGs
[2026-08-06T21:21:08.486+0000] {logging_mixin.py:188} INFO - [2026-08-06T21:21:08.486+0000] {dag.py:3823} INFO - Setting next_dagrun for example_external_task_marker_child to None, run_after=None
[2026-08-06T21:21:08.490+0000] {logging_mixin.py:188} INFO - [2026-08-06T21:21:08.490+0000] {dag.py:3823} INFO - Setting next_dagrun for example_external_task_marker_parent to None, run_after=None
[2026-08-06T21:21:08.508+0000] {processor.py:183} INFO - Processing /home/airflow/.local/lib/python3.8/site-packages/airflow/example_dags/example_external_task_marker_dag.py took 0.071 seconds
[2026-08-06T21:21:38.985+0000] {processor.py:161} INFO - Started process (PID=1817) to work on /home/airflow/.local/lib/python3.8/site-packages/airflow/example_dags/example_external_task_marker_dag.py
[2026-08-06T21:21:38.986+0000] {processor.py:830} INFO - Processing file /home/airflow/.local/lib/python3.8/site-packages/airflow/example_dags/example_external_task_marker_dag.py for tasks to queue
[2026-08-06T21:21:38.989+0000] {logging_mixin.py:188} INFO - [2026-08-06T21:21:38.988+0000] {dagbag.py:538} INFO - Filling up the DagBag from /home/airflow/.local/lib/python3.8/site-packages/airflow/example_dags/example_external_task_marker_dag.py
[2026-08-06T21:21:38.996+0000] {processor.py:840} INFO - DAG(s) 'example_external_task_marker_child', 'example_external_task_marker_parent' retrieved from /home/airflow/.local/lib/python3.8/site-packages/airflow/example_dags/example_external_task_marker_dag.py
[2026-08-06T21:21:39.027+0000] {logging_mixin.py:188} INFO - [2026-08-06T21:21:39.027+0000] {dag.py:3036} INFO - Sync 2 DAGs
[2026-08-06T21:21:39.043+0000] {logging_mixin.py:188} INFO - [2026-08-06T21:21:39.043+0000] {dag.py:3823} INFO - Setting next_dagrun for example_external_task_marker_child to None, run_after=None
[2026-08-06T21:21:39.047+0000] {logging_mixin.py:188} INFO - [2026-08-06T21:21:39.047+0000] {dag.py:3823} INFO - Setting next_dagrun for example_external_task_marker_parent to None, run_after=None
[2026-08-06T21:21:39.069+0000] {processor.py:183} INFO - Processing /home/airflow/.local/lib/python3.8/site-packages/airflow/example_dags/example_external_task_marker_dag.py took 0.088 seconds
[2026-08-06T21:22:09.297+0000] {processor.py:161} INFO - Started process (PID=1876) to work on /home/airflow/.local/lib/python3.8/site-packages/airflow/example_dags/example_external_task_marker_dag.py
[2026-08-06T21:22:09.299+0000] {processor.py:830} INFO - Processing file /home/airflow/.local/lib/python3.8/site-packages/airflow/example_dags/example_external_task_marker_dag.py for tasks to queue
[2026-08-06T21:22:09.303+0000] {logging_mixin.py:188} INFO - [2026-08-06T21:22:09.303+0000] {dagbag.py:538} INFO - Filling up the DagBag from /home/airflow/.local/lib/python3.8/site-packages/airflow/example_dags/example_external_task_marker_dag.py
[2026-08-06T21:22:09.315+0000] {processor.py:840} INFO - DAG(s) 'example_external_task_marker_child', 'example_external_task_marker_parent' retrieved from /home/airflow/.local/lib/python3.8/site-packages/airflow/example_dags/example_external_task_marker_dag.py
[2026-08-06T21:22:09.368+0000] {logging_mixin.py:188} INFO - [2026-08-06T21:22:09.367+0000] {dag.py:3036} INFO - Sync 2 DAGs
[2026-08-06T21:22:09.397+0000] {logging_mixin.py:188} INFO - [2026-08-06T21:22:09.396+0000] {dag.py:3823} INFO - Setting next_dagrun for example_external_task_marker_child to None, run_after=None
[2026-08-06T21:22:09.406+0000] {logging_mixin.py:188} INFO - [2026-08-06T21:22:09.405+0000] {dag.py:3823} INFO - Setting next_dagrun for example_external_task_marker_parent to None, run_after=None
[2026-08-06T21:22:09.436+0000] {processor.py:183} INFO - Processing /home/airflow/.local/lib/python3.8/site-packages/airflow/example_dags/example_external_task_marker_dag.py took 0.144 seconds
[2026-08-06T21:22:40.108+0000] {processor.py:161} INFO - Started process (PID=1935) to work on /home/airflow/.local/lib/python3.8/site-packages/airflow/example_dags/example_external_task_marker_dag.py
[2026-08-06T21:22:40.109+0000] {processor.py:830} INFO - Processing file /home/airflow/.local/lib/python3.8/site-packages/airflow/example_dags/example_external_task_marker_dag.py for tasks to queue
[2026-08-06T21:22:40.111+0000] {logging_mixin.py:188} INFO - [2026-08-06T21:22:40.111+0000] {dagbag.py:538} INFO - Filling up the DagBag from /home/airflow/.local/lib/python3.8/site-packages/airflow/example_dags/example_external_task_marker_dag.py
[2026-08-06T21:22:40.117+0000] {processor.py:840} INFO - DAG(s) 'example_external_task_marker_child', 'example_external_task_marker_parent' retrieved from /home/airflow/.local/lib/python3.8/site-packages/airflow/example_dags/example_external_task_marker_dag.py
[2026-08-06T21:22:40.144+0000] {logging_mixin.py:188} INFO - [2026-08-06T21:22:40.144+0000] {dag.py:3036} INFO - Sync 2 DAGs
[2026-08-06T21:22:40.156+0000] {logging_mixin.py:188} INFO - [2026-08-06T21:22:40.156+0000] {dag.py:3823} INFO - Setting next_dagrun for example_external_task_marker_child to None, run_after=None
[2026-08-06T21:22:40.160+0000] {logging_mixin.py:188} INFO - [2026-08-06T21:22:40.160+0000] {dag.py:3823} INFO - Setting next_dagrun for example_external_task_marker_parent to None, run_after=None
[2026-08-06T21:22:40.179+0000] {processor.py:183} INFO - Processing /home/airflow/.local/lib/python3.8/site-packages/airflow/example_dags/example_external_task_marker_dag.py took 0.074 seconds
[2026-08-06T21:23:10.747+0000] {processor.py:161} INFO - Started process (PID=1994) to work on /home/airflow/.local/lib/python3.8/site-packages/airflow/example_dags/example_external_task_marker_dag.py
[2026-08-06T21:23:10.748+0000] {processor.py:830} INFO - Processing file /home/airflow/.local/lib/python3.8/site-packages/airflow/example_dags/example_external_task_marker_dag.py for tasks to queue
[2026-08-06T21:23:10.750+0000] {logging_mixin.py:188} INFO - [2026-08-06T21:23:10.749+0000] {dagbag.py:538} INFO - Filling up the DagBag from /home/airflow/.local/lib/python3.8/site-packages/airflow/example_dags/example_external_task_marker_dag.py
[2026-08-06T21:23:10.756+0000] {processor.py:840} INFO - DAG(s) 'example_external_task_marker_parent', 'example_external_task_marker_child' retrieved from /home/airflow/.local/lib/python3.8/site-packages/airflow/example_dags/example_external_task_marker_dag.py
[2026-08-06T21:23:10.781+0000] {logging_mixin.py:188} INFO - [2026-08-06T21:23:10.780+0000] {dag.py:3036} INFO - Sync 2 DAGs
[2026-08-06T21:23:10.793+0000] {logging_mixin.py:188} INFO - [2026-08-06T21:23:10.793+0000] {dag.py:3823} INFO - Setting next_dagrun for example_external_task_marker_child to None, run_after=None
[2026-08-06T21:23:10.797+0000] {logging_mixin.py:188} INFO - [2026-08-06T21:23:10.797+0000] {dag.py:3823} INFO - Setting next_dagrun for example_external_task_marker_parent to None, run_after=None
[2026-08-06T21:23:10.816+0000] {processor.py:183} INFO - Processing /home/airflow/.local/lib/python3.8/site-packages/airflow/example_dags/example_external_task_marker_dag.py took 0.073 seconds
[2026-08-06T21:23:41.323+0000] {processor.py:161} INFO - Started process (PID=2053) to work on /home/airflow/.local/lib/python3.8/site-packages/airflow/example_dags/example_external_task_marker_dag.py
[2026-08-06T21:23:41.325+0000] {processor.py:830} INFO - Processing file /home/airflow/.local/lib/python3.8/site-packages/airflow/example_dags/example_external_task_marker_dag.py for tasks to queue
[2026-08-06T21:23:41.327+0000] {logging_mixin.py:188} INFO - [2026-08-06T21:23:41.327+0000] {dagbag.py:538} INFO - Filling up the DagBag from /home/airflow/.local/lib/python3.8/site-packages/airflow/example_dags/example_external_task_marker_dag.py
[2026-08-06T21:23:41.334+0000] {processor.py:840} INFO - DAG(s) 'example_external_task_marker_child', 'example_external_task_marker_parent' retrieved from /home/airflow/.local/lib/python3.8/site-packages/airflow/example_dags/example_external_task_marker_dag.py
[2026-08-06T21:23:41.357+0000] {logging_mixin.py:188} INFO - [2026-08-06T21:23:41.357+0000] {dag.py:3036} INFO - Sync 2 DAGs
[2026-08-06T21:23:41.373+0000] {logging_mixin.py:188} INFO - [2026-08-06T21:23:41.372+0000] {dag.py:3823} INFO - Setting next_dagrun for example_external_task_marker_child to None, run_after=None
[2026-08-06T21:23:41.377+0000] {logging_mixin.py:188} INFO - [2026-08-06T21:23:41.376+0000] {dag.py:3823} INFO - Setting next_dagrun for example_external_task_marker_parent to None, run_after=None
[2026-08-06T21:23:41.395+0000] {processor.py:183} INFO - Processing /home/airflow/.local/lib/python3.8/site-packages/airflow/example_dags/example_external_task_marker_dag.py took 0.076 seconds
[2026-08-06T21:24:12.005+0000] {processor.py:161} INFO - Started process (PID=2112) to work on /home/airflow/.local/lib/python3.8/site-packages/airflow/example_dags/example_external_task_marker_dag.py
[2026-08-06T21:24:12.007+0000] {processor.py:830} INFO - Processing file /home/airflow/.local/lib/python3.8/site-packages/airflow/example_dags/example_external_task_marker_dag.py for tasks to queue
[2026-08-06T21:24:12.009+0000] {logging_mixin.py:188} INFO - [2026-08-06T21:24:12.009+0000] {dagbag.py:538} INFO - Filling up the DagBag from /home/airflow/.local/lib/python3.8/site-packages/airflow/example_dags/example_external_task_marker_dag.py
[2026-08-06T21:24:12.015+0000] {processor.py:840} INFO - DAG(s) 'example_external_task_marker_parent', 'example_external_task_marker_child' retrieved from /home/airflow/.local/lib/python3.8/site-packages/airflow/example_dags/example_external_task_marker_dag.py
[2026-08-06T21:24:12.040+0000] {logging_mixin.py:188} INFO - [2026-08-06T21:24:12.040+0000] {dag.py:3036} INFO - Sync 2 DAGs
[2026-08-06T21:24:12.052+0000] {logging_mixin.py:188} INFO - [2026-08-06T21:24:12.052+0000] {dag.py:3823} INFO - Setting next_dagrun for example_external_task_marker_child to None, run_after=None
[2026-08-06T21:24:12.056+0000] {logging_mixin.py:188} INFO - [2026-08-06T21:24:12.056+0000] {dag.py:3823} INFO - Setting next_dagrun for example_external_task_marker_parent to None, run_after=None
[2026-08-06T21:24:12.075+0000] {processor.py:183} INFO - Processing /home/airflow/.local/lib/python3.8/site-packages/airflow/example_dags/example_external_task_marker_dag.py took 0.073 seconds
[2026-08-06T21:24:42.240+0000] {processor.py:161} INFO - Started process (PID=2171) to work on /home/airflow/.local/lib/python3.8/site-packages/airflow/example_dags/example_external_task_marker_dag.py
[2026-08-06T21:24:42.241+0000] {processor.py:830} INFO - Processing file /home/airflow/.local/lib/python3.8/site-packages/airflow/example_dags/example_external_task_marker_dag.py for tasks to queue
[2026-08-06T21:24:42.244+0000] {logging_mixin.py:188} INFO - [2026-08-06T21:24:42.243+0000] {dagbag.py:538} INFO - Filling up the DagBag from /home/airflow/.local/lib/python3.8/site-packages/airflow/example_dags/example_external_task_marker_dag.py
[2026-08-06T21:24:42.252+0000] {processor.py:840} INFO - DAG(s) 'example_external_task_marker_child', 'example_external_task_marker_parent' retrieved from /home/airflow/.local/lib/python3.8/site-packages/airflow/example_dags/example_external_task_marker_dag.py
[2026-08-06T21:24:42.279+0000] {logging_mixin.py:188} INFO - [2026-08-06T21:24:42.279+0000] {dag.py:3036} INFO - Sync 2 DAGs
[2026-08-06T21:24:42.291+0000] {logging_mixin.py:188} INFO - [2026-08-06T21:24:42.291+0000] {dag.py:3823} INFO - Setting next_dagrun for example_external_task_marker_child to None, run_after=None
[2026-08-06T21:24:42.296+0000] {logging_mixin.py:188} INFO - [2026-08-06T21:24:42.296+0000] {dag.py:3823} INFO - Setting next_dagrun for example_external_task_marker_parent to None, run_after=None
[2026-08-06T21:24:42.324+0000] {processor.py:183} INFO - Processing /home/airflow/.local/lib/python3.8/site-packages/airflow/example_dags/example_external_task_marker_dag.py took 0.087 seconds
[2026-08-06T21:25:12.483+0000] {processor.py:161} INFO - Started process (PID=2230) to work on /home/airflow/.local/lib/python3.8/site-packages/airflow/example_dags/example_external_task_marker_dag.py
[2026-08-06T21:25:12.484+0000] {processor.py:830} INFO - Processing file /home/airflow/.local/lib/python3.8/site-packages/airflow/example_dags/example_external_task_marker_dag.py for tasks to queue
[2026-08-06T21:25:12.486+0000] {logging_mixin.py:188} INFO - [2026-08-06T21:25:12.486+0000] {dagbag.py:538} INFO - Filling up the DagBag from /home/airflow/.local/lib/python3.8/site-packages/airflow/example_dags/example_external_task_marker_dag.py
[2026-08-06T21:25:12.495+0000] {processor.py:840} INFO - DAG(s) 'example_external_task_marker_parent', 'example_external_task_marker_child' retrieved from /home/airflow/.local/lib/python3.8/site-packages/airflow/example_dags/example_external_task_marker_dag.py
[2026-08-06T21:25:12.532+0000] {logging_mixin.py:188} INFO - [2026-08-06T21:25:12.532+0000] {dag.py:3036} INFO - Sync 2 DAGs
[2026-08-06T21:25:12.550+0000] {logging_mixin.py:188} INFO - [2026-08-06T21:25:12.549+0000] {dag.py:3823} INFO - Setting next_dagrun for example_external_task_marker_child to None, run_after=None
[2026-08-06T21:25:12.557+0000] {logging_mixin.py:188} INFO - [2026-08-06T21:25:12.557+0000] {dag.py:3823} INFO - Setting next_dagrun for example_external_task_marker_parent to None, run_after=None
[2026-08-06T21:25:12.585+0000] {processor.py:183} INFO - Processing /home/airflow/.local/lib/python3.8/site-packages/airflow/example_dags/example_external_task_marker_dag.py took 0.105 seconds
[2026-08-06T21:25:43.132+0000] {processor.py:161} INFO - Started process (PID=2289) to work on /home/airflow/.local/lib/python3.8/site-packages/airflow/example_dags/example_external_task_marker_dag.py
[2026-08-06T21:25:43.135+0000] {processor.py:830} INFO - Processing file /home/airflow/.local/lib/python3.8/site-packages/airflow/example_dags/example_external_task_marker_dag.py for tasks to queue
[2026-08-06T21:25:43.138+0000] {logging_mixin.py:188} INFO - [2026-08-06T21:25:43.138+0000] {dagbag.py:538} INFO - Filling up the DagBag from /home/airflow/.local/lib/python3.8/site-packages/airflow/example_dags/example_external_task_marker_dag.py
[2026-08-06T21:25:43.151+0000] {processor.py:840} INFO - DAG(s) 'example_external_task_marker_parent', 'example_external_task_marker_child' retrieved from /home/airflow/.local/lib/python3.8/site-packages/airflow/example_dags/example_external_task_marker_dag.py
[2026-08-06T21:25:43.188+0000] {logging_mixin.py:188} INFO - [2026-08-06T21:25:43.187+0000] {dag.py:3036} INFO - Sync 2 DAGs
[2026-08-06T21:25:43.208+0000] {logging_mixin.py:188} INFO - [2026-08-06T21:25:43.208+0000] {dag.py:3823} INFO - Setting next_dagrun for example_external_task_marker_child to None, run_after=None
[2026-08-06T21:25:43.213+0000] {logging_mixin.py:188} INFO - [2026-08-06T21:25:43.213+0000] {dag.py:3823} INFO - Setting next_dagrun for example_external_task_marker_parent to None, run_after=None
[2026-08-06T21:25:43.241+0000] {processor.py:183} INFO - Processing /home/airflow/.local/lib/python3.8/site-packages/airflow/example_dags/example_external_task_marker_dag.py took 0.115 seconds
[2026-08-06T21:26:13.996+0000] {processor.py:161} INFO - Started process (PID=2354) to work on /home/airflow/.local/lib/python3.8/site-packages/airflow/example_dags/example_external_task_marker_dag.py
[2026-08-06T21:26:13.997+0000] {processor.py:830} INFO - Processing file /home/airflow/.local/lib/python3.8/site-packages/airflow/example_dags/example_external_task_marker_dag.py for tasks to queue
[2026-08-06T21:26:14.000+0000] {logging_mixin.py:188} INFO - [2026-08-06T21:26:13.999+0000] {dagbag.py:538} INFO - Filling up the DagBag from /home/airflow/.local/lib/python3.8/site-packages/airflow/example_dags/example_external_task_marker_dag.py
[2026-08-06T21:26:14.011+0000] {processor.py:840} INFO - DAG(s) 'example_external_task_marker_child', 'example_external_task_marker_parent' retrieved from /home/airflow/.local/lib/python3.8/site-packages/airflow/example_dags/example_external_task_marker_dag.py
[2026-08-06T21:26:14.041+0000] {logging_mixin.py:188} INFO - [2026-08-06T21:26:14.041+0000] {dag.py:3036} INFO - Sync 2 DAGs
[2026-08-06T21:26:14.054+0000] {logging_mixin.py:188} INFO - [2026-08-06T21:26:14.053+0000] {dag.py:3823} INFO - Setting next_dagrun for example_external_task_marker_child to None, run_after=None
[2026-08-06T21:26:14.058+0000] {logging_mixin.py:188} INFO - [2026-08-06T21:26:14.058+0000] {dag.py:3823} INFO - Setting next_dagrun for example_external_task_marker_parent to None, run_after=None
[2026-08-06T21:26:14.076+0000] {processor.py:183} INFO - Processing /home/airflow/.local/lib/python3.8/site-packages/airflow/example_dags/example_external_task_marker_dag.py took 0.086 seconds
[2026-08-06T21:26:44.766+0000] {processor.py:161} INFO - Started process (PID=2419) to work on /home/airflow/.local/lib/python3.8/site-packages/airflow/example_dags/example_external_task_marker_dag.py
[2026-08-06T21:26:44.767+0000] {processor.py:830} INFO - Processing file /home/airflow/.local/lib/python3.8/site-packages/airflow/example_dags/example_external_task_marker_dag.py for tasks to queue
[2026-08-06T21:26:44.769+0000] {logging_mixin.py:188} INFO - [2026-08-06T21:26:44.769+0000] {dagbag.py:538} INFO - Filling up the DagBag from /home/airflow/.local/lib/python3.8/site-packages/airflow/example_dags/example_external_task_marker_dag.py
[2026-08-06T21:26:44.775+0000] {processor.py:840} INFO - DAG(s) 'example_external_task_marker_parent', 'example_external_task_marker_child' retrieved from /home/airflow/.local/lib/python3.8/site-packages/airflow/example_dags/example_external_task_marker_dag.py
[2026-08-06T21:26:44.800+0000] {logging_mixin.py:188} INFO - [2026-08-06T21:26:44.800+0000] {dag.py:3036} INFO - Sync 2 DAGs
[2026-08-06T21:26:44.812+0000] {logging_mixin.py:188} INFO - [2026-08-06T21:26:44.811+0000] {dag.py:3823} INFO - Setting next_dagrun for example_external_task_marker_child to None, run_after=None
[2026-08-06T21:26:44.816+0000] {logging_mixin.py:188} INFO - [2026-08-06T21:26:44.815+0000] {dag.py:3823} INFO - Setting next_dagrun for example_external_task_marker_parent to None, run_after=None
[2026-08-06T21:26:44.834+0000] {processor.py:183} INFO - Processing /home/airflow/.local/lib/python3.8/site-packages/airflow/example_dags/example_external_task_marker_dag.py took 0.071 seconds
[2026-08-06T21:27:15.334+0000] {processor.py:161} INFO - Started process (PID=2484) to work on /home/airflow/.local/lib/python3.8/site-packages/airflow/example_dags/example_external_task_marker_dag.py
[2026-08-06T21:27:15.335+0000] {processor.py:830} INFO - Processing file /home/airflow/.local/lib/python3.8/site-packages/airflow/example_dags/example_external_task_marker_dag.py for tasks to queue
[2026-08-06T21:27:15.337+0000] {logging_mixin.py:188} INFO - [2026-08-06T21:27:15.337+0000] {dagbag.py:538} INFO - Filling up the DagBag from /home/airflow/.local/lib/python3.8/site-packages/airflow/example_dags/example_external_task_marker_dag.py
[2026-08-06T21:27:15.344+0000] {processor.py:840} INFO - DAG(s) 'example_external_task_marker_parent', 'example_external_task_marker_child' retrieved from /home/airflow/.local/lib/python3.8/site-packages/airflow/example_dags/example_external_task_marker_dag.py
[2026-08-06T21:27:15.370+0000] {logging_mixin.py:188} INFO - [2026-08-06T21:27:15.369+0000] {dag.py:3036} INFO - Sync 2 DAGs
[2026-08-06T21:27:15.384+0000] {logging_mixin.py:188} INFO - [2026-08-06T21:27:15.384+0000] {dag.py:3823} INFO - Setting next_dagrun for example_external_task_marker_child to None, run_after=None
[2026-08-06T21:27:15.388+0000] {logging_mixin.py:188} INFO - [2026-08-06T21:27:15.388+0000] {dag.py:3823} INFO - Setting next_dagrun for example_external_task_marker_parent to None, run_after=None
[2026-08-06T21:27:15.412+0000] {processor.py:183} INFO - Processing /home/airflow/.local/lib/python3.8/site-packages/airflow/example_dags/example_external_task_marker_dag.py took 0.083 seconds
[2026-08-06T21:27:45.535+0000] {processor.py:161} INFO - Started process (PID=2549) to work on /home/airflow/.local/lib/python3.8/site-packages/airflow/example_dags/example_external_task_marker_dag.py
[2026-08-06T21:27:45.537+0000] {processor.py:830} INFO - Processing file /home/airflow/.local/lib/python3.8/site-packages/airflow/example_dags/example_external_task_marker_dag.py for tasks to queue
[2026-08-06T21:27:45.539+0000] {logging_mixin.py:188} INFO - [2026-08-06T21:27:45.539+0000] {dagbag.py:538} INFO - Filling up the DagBag from /home/airflow/.local/lib/python3.8/site-packages/airflow/example_dags/example_external_task_marker_dag.py
[2026-08-06T21:27:45.572+0000] {processor.py:840} INFO - DAG(s) 'example_external_task_marker_parent', 'example_external_task_marker_child' retrieved from /home/airflow/.local/lib/python3.8/site-packages/airflow/example_dags/example_external_task_marker_dag.py
[2026-08-06T21:27:45.607+0000] {logging_mixin.py:188} INFO - [2026-08-06T21:27:45.606+0000] {dag.py:3036} INFO - Sync 2 DAGs
[2026-08-06T21:27:45.647+0000] {logging_mixin.py:188} INFO - [2026-08-06T21:27:45.647+0000] {dag.py:3823} INFO - Setting next_dagrun for example_external_task_marker_child to None, run_after=None
[2026-08-06T21:27:45.651+0000] {logging_mixin.py:188} INFO - [2026-08-06T21:27:45.651+0000] {dag.py:3823} INFO - Setting next_dagrun for example_external_task_marker_parent to None, run_after=None
[2026-08-06T21:27:45.677+0000] {processor.py:183} INFO - Processing /home/airflow/.local/lib/python3.8/site-packages/airflow/example_dags/example_external_task_marker_dag.py took 0.146 seconds
[2026-08-06T21:28:15.952+0000] {processor.py:161} INFO - Started process (PID=2614) to work on /home/airflow/.local/lib/python3.8/site-packages/airflow/example_dags/example_external_task_marker_dag.py
[2026-08-06T21:28:15.954+0000] {processor.py:830} INFO - Processing file /home/airflow/.local/lib/python3.8/site-packages/airflow/example_dags/example_external_task_marker_dag.py for tasks to queue
[2026-08-06T21:28:15.956+0000] {logging_mixin.py:188} INFO - [2026-08-06T21:28:15.955+0000] {dagbag.py:538} INFO - Filling up the DagBag from /home/airflow/.local/lib/python3.8/site-packages/airflow/example_dags/example_external_task_marker_dag.py
[2026-08-06T21:28:15.962+0000] {processor.py:840} INFO - DAG(s) 'example_external_task_marker_parent', 'example_external_task_marker_child' retrieved from /home/airflow/.local/lib/python3.8/site-packages/airflow/example_dags/example_external_task_marker_dag.py
[2026-08-06T21:28:15.990+0000] {logging_mixin.py:188} INFO - [2026-08-06T21:28:15.990+0000] {dag.py:3036} INFO - Sync 2 DAGs
[2026-08-06T21:28:16.003+0000] {logging_mixin.py:188} INFO - [2026-08-06T21:28:16.003+0000] {dag.py:3823} INFO - Setting next_dagrun for example_external_task_marker_child to None, run_after=None
[2026-08-06T21:28:16.007+0000] {logging_mixin.py:188} INFO - [2026-08-06T21:28:16.007+0000] {dag.py:3823} INFO - Setting next_dagrun for example_external_task_marker_parent to None, run_after=None
[2026-08-06T21:28:16.026+0000] {processor.py:183} INFO - Processing /home/airflow/.local/lib/python3.8/site-packages/airflow/example_dags/example_external_task_marker_dag.py took 0.077 seconds
[2026-08-06T21:28:46.473+0000] {processor.py:161} INFO - Started process (PID=2679) to work on /home/airflow/.local/lib/python3.8/site-packages/airflow/example_dags/example_external_task_marker_dag.py
[2026-08-06T21:28:46.474+0000] {processor.py:830} INFO - Processing file /home/airflow/.local/lib/python3.8/site-packages/airflow/example_dags/example_external_task_marker_dag.py for tasks to queue
[2026-08-06T21:28:46.477+0000] {logging_mixin.py:188} INFO - [2026-08-06T21:28:46.476+0000] {dagbag.py:538} INFO - Filling up the DagBag from /home/airflow/.local/lib/python3.8/site-packages/airflow/example_dags/example_external_task_marker_dag.py
[2026-08-06T21:28:46.484+0000] {processor.py:840} INFO - DAG(s) 'example_external_task_marker_parent', 'example_external_task_marker_child' retrieved from /home/airflow/.local/lib/python3.8/site-packages/airflow/example_dags/example_external_task_marker_dag.py
[2026-08-06T21:28:46.509+0000] {logging_mixin.py:188} INFO - [2026-08-06T21:28:46.509+0000] {dag.py:3036} INFO - Sync 2 DAGs
[2026-08-06T21:28:46.522+0000] {logging_mixin.py:188} INFO - [2026-08-06T21:28:46.522+0000] {dag.py:3823} INFO - Setting next_dagrun for example_external_task_marker_child to None, run_after=None
[2026-08-06T21:28:46.526+0000] {logging_mixin.py:188} INFO - [2026-08-06T21:28:46.526+0000] {dag.py:3823} INFO - Setting next_dagrun for example_external_task_marker_parent to None, run_after=None
[2026-08-06T21:28:46.545+0000] {processor.py:183} INFO - Processing /home/airflow/.local/lib/python3.8/site-packages/airflow/example_dags/example_external_task_marker_dag.py took 0.076 seconds
[2026-08-06T21:29:17.337+0000] {processor.py:161} INFO - Started process (PID=2744) to work on /home/airflow/.local/lib/python3.8/site-packages/airflow/example_dags/example_external_task_marker_dag.py
[2026-08-06T21:29:17.339+0000] {processor.py:830} INFO - Processing file /home/airflow/.local/lib/python3.8/site-packages/airflow/example_dags/example_external_task_marker_dag.py for tasks to queue
[2026-08-06T21:29:17.341+0000] {logging_mixin.py:188} INFO - [2026-08-06T21:29:17.341+0000] {dagbag.py:538} INFO - Filling up the DagBag from /home/airflow/.local/lib/python3.8/site-packages/airflow/example_dags/example_external_task_marker_dag.py
[2026-08-06T21:29:17.349+0000] {processor.py:840} INFO - DAG(s) 'example_external_task_marker_parent', 'example_external_task_marker_child' retrieved from /home/airflow/.local/lib/python3.8/site-packages/airflow/example_dags/example_external_task_marker_dag.py
[2026-08-06T21:29:17.378+0000] {logging_mixin.py:188} INFO - [2026-08-06T21:29:17.377+0000] {dag.py:3036} INFO - Sync 2 DAGs
[2026-08-06T21:29:17.391+0000] {logging_mixin.py:188} INFO - [2026-08-06T21:29:17.390+0000] {dag.py:3823} INFO - Setting next_dagrun for example_external_task_marker_child to None, run_after=None
[2026-08-06T21:29:17.395+0000] {logging_mixin.py:188} INFO - [2026-08-06T21:29:17.394+0000] {dag.py:3823} INFO - Setting next_dagrun for example_external_task_marker_parent to None, run_after=None
[2026-08-06T21:29:17.414+0000] {processor.py:183} INFO - Processing /home/airflow/.local/lib/python3.8/site-packages/airflow/example_dags/example_external_task_marker_dag.py took 0.081 seconds
[2026-08-06T21:29:47.932+0000] {processor.py:161} INFO - Started process (PID=2809) to work on /home/airflow/.local/lib/python3.8/site-packages/airflow/example_dags/example_external_task_marker_dag.py
[2026-08-06T21:29:47.933+0000] {processor.py:830} INFO - Processing file /home/airflow/.local/lib/python3.8/site-packages/airflow/example_dags/example_external_task_marker_dag.py for tasks to queue
[2026-08-06T21:29:47.936+0000] {logging_mixin.py:188} INFO - [2026-08-06T21:29:47.936+0000] {dagbag.py:538} INFO - Filling up the DagBag from /home/airflow/.local/lib/python3.8/site-packages/airflow/example_dags/example_external_task_marker_dag.py
[2026-08-06T21:29:47.944+0000] {processor.py:840} INFO - DAG(s) 'example_external_task_marker_child', 'example_external_task_marker_parent' retrieved from /home/airflow/.local/lib/python3.8/site-packages/airflow/example_dags/example_external_task_marker_dag.py
[2026-08-06T21:29:47.973+0000] {logging_mixin.py:188} INFO - [2026-08-06T21:29:47.972+0000] {dag.py:3036} INFO - Sync 2 DAGs
[2026-08-06T21:29:47.988+0000] {logging_mixin.py:188} INFO - [2026-08-06T21:29:47.987+0000] {dag.py:3823} INFO - Setting next_dagrun for example_external_task_marker_child to None, run_after=None
[2026-08-06T21:29:47.992+0000] {logging_mixin.py:188} INFO - [2026-08-06T21:29:47.992+0000] {dag.py:3823} INFO - Setting next_dagrun for example_external_task_marker_parent to None, run_after=None
[2026-08-06T21:29:48.016+0000] {processor.py:183} INFO - Processing /home/airflow/.local/lib/python3.8/site-packages/airflow/example_dags/example_external_task_marker_dag.py took 0.089 seconds
[2026-08-06T21:30:18.558+0000] {processor.py:161} INFO - Started process (PID=2874) to work on /home/airflow/.local/lib/python3.8/site-packages/airflow/example_dags/example_external_task_marker_dag.py
[2026-08-06T21:30:18.560+0000] {processor.py:830} INFO - Processing file /home/airflow/.local/lib/python3.8/site-packages/airflow/example_dags/example_external_task_marker_dag.py for tasks to queue
[2026-08-06T21:30:18.563+0000] {logging_mixin.py:188} INFO - [2026-08-06T21:30:18.563+0000] {dagbag.py:538} INFO - Filling up the DagBag from /home/airflow/.local/lib/python3.8/site-packages/airflow/example_dags/example_external_task_marker_dag.py
[2026-08-06T21:30:18.570+0000] {processor.py:840} INFO - DAG(s) 'example_external_task_marker_child', 'example_external_task_marker_parent' retrieved from /home/airflow/.local/lib/python3.8/site-packages/airflow/example_dags/example_external_task_marker_dag.py
[2026-08-06T21:30:18.600+0000] {logging_mixin.py:188} INFO - [2026-08-06T21:30:18.600+0000] {dag.py:3036} INFO - Sync 2 DAGs
[2026-08-06T21:30:18.612+0000] {logging_mixin.py:188} INFO - [2026-08-06T21:30:18.611+0000] {dag.py:3823} INFO - Setting next_dagrun for example_external_task_marker_child to None, run_after=None
[2026-08-06T21:30:18.616+0000] {logging_mixin.py:188} INFO - [2026-08-06T21:30:18.615+0000] {dag.py:3823} INFO - Setting next_dagrun for example_external_task_marker_parent to None, run_after=None
[2026-08-06T21:30:18.634+0000] {processor.py:183} INFO - Processing /home/airflow/.local/lib/python3.8/site-packages/airflow/example_dags/example_external_task_marker_dag.py took 0.081 seconds
[2026-08-06T21:30:48.715+0000] {processor.py:161} INFO - Started process (PID=2951) to work on /home/airflow/.local/lib/python3.8/site-packages/airflow/example_dags/example_external_task_marker_dag.py
[2026-08-06T21:30:48.716+0000] {processor.py:830} INFO - Processing file /home/airflow/.local/lib/python3.8/site-packages/airflow/example_dags/example_external_task_marker_dag.py for tasks to queue
[2026-08-06T21:30:48.718+0000] {logging_mixin.py:188} INFO - [2026-08-06T21:30:48.718+0000] {dagbag.py:538} INFO - Filling up the DagBag from /home/airflow/.local/lib/python3.8/site-packages/airflow/example_dags/example_external_task_marker_dag.py
[2026-08-06T21:30:48.725+0000] {processor.py:840} INFO - DAG(s) 'example_external_task_marker_child', 'example_external_task_marker_parent' retrieved from /home/airflow/.local/lib/python3.8/site-packages/airflow/example_dags/example_external_task_marker_dag.py
[2026-08-06T21:30:48.757+0000] {logging_mixin.py:188} INFO - [2026-08-06T21:30:48.757+0000] {dag.py:3036} INFO - Sync 2 DAGs
[2026-08-06T21:30:48.774+0000] {logging_mixin.py:188} INFO - [2026-08-06T21:30:48.774+0000] {dag.py:3823} INFO - Setting next_dagrun for example_external_task_marker_child to None, run_after=None
[2026-08-06T21:30:48.780+0000] {logging_mixin.py:188} INFO - [2026-08-06T21:30:48.780+0000] {dag.py:3823} INFO - Setting next_dagrun for example_external_task_marker_parent to None, run_after=None
[2026-08-06T21:30:48.803+0000] {processor.py:183} INFO - Processing /home/airflow/.local/lib/python3.8/site-packages/airflow/example_dags/example_external_task_marker_dag.py took 0.094 seconds
[2026-08-06T21:31:19.549+0000] {processor.py:161} INFO - Started process (PID=3028) to work on /home/airflow/.local/lib/python3.8/site-packages/airflow/example_dags/example_external_task_marker_dag.py
[2026-08-06T21:31:19.552+0000] {processor.py:830} INFO - Processing file /home/airflow/.local/lib/python3.8/site-packages/airflow/example_dags/example_external_task_marker_dag.py for tasks to queue
[2026-08-06T21:31:19.557+0000] {logging_mixin.py:188} INFO - [2026-08-06T21:31:19.556+0000] {dagbag.py:538} INFO - Filling up the DagBag from /home/airflow/.local/lib/python3.8/site-packages/airflow/example_dags/example_external_task_marker_dag.py
[2026-08-06T21:31:19.571+0000] {processor.py:840} INFO - DAG(s) 'example_external_task_marker_child', 'example_external_task_marker_parent' retrieved from /home/airflow/.local/lib/python3.8/site-packages/airflow/example_dags/example_external_task_marker_dag.py
[2026-08-06T21:31:19.637+0000] {logging_mixin.py:188} INFO - [2026-08-06T21:31:19.636+0000] {dag.py:3036} INFO - Sync 2 DAGs
[2026-08-06T21:31:19.674+0000] {logging_mixin.py:188} INFO - [2026-08-06T21:31:19.674+0000] {dag.py:3823} INFO - Setting next_dagrun for example_external_task_marker_child to None, run_after=None
[2026-08-06T21:31:19.688+0000] {logging_mixin.py:188} INFO - [2026-08-06T21:31:19.687+0000] {dag.py:3823} INFO - Setting next_dagrun for example_external_task_marker_parent to None, run_after=None
[2026-08-06T21:31:19.747+0000] {processor.py:183} INFO - Processing /home/airflow/.local/lib/python3.8/site-packages/airflow/example_dags/example_external_task_marker_dag.py took 0.204 seconds
[2026-08-06T21:31:50.188+0000] {processor.py:161} INFO - Started process (PID=3097) to work on /home/airflow/.local/lib/python3.8/site-packages/airflow/example_dags/example_external_task_marker_dag.py
[2026-08-06T21:31:50.189+0000] {processor.py:830} INFO - Processing file /home/airflow/.local/lib/python3.8/site-packages/airflow/example_dags/example_external_task_marker_dag.py for tasks to queue
[2026-08-06T21:31:50.192+0000] {logging_mixin.py:188} INFO - [2026-08-06T21:31:50.191+0000] {dagbag.py:538} INFO - Filling up the DagBag from /home/airflow/.local/lib/python3.8/site-packages/airflow/example_dags/example_external_task_marker_dag.py
[2026-08-06T21:31:50.199+0000] {processor.py:840} INFO - DAG(s) 'example_external_task_marker_child', 'example_external_task_marker_parent' retrieved from /home/airflow/.local/lib/python3.8/site-packages/airflow/example_dags/example_external_task_marker_dag.py
[2026-08-06T21:31:50.226+0000] {logging_mixin.py:188} INFO - [2026-08-06T21:31:50.226+0000] {dag.py:3036} INFO - Sync 2 DAGs
[2026-08-06T21:31:50.243+0000] {logging_mixin.py:188} INFO - [2026-08-06T21:31:50.242+0000] {dag.py:3823} INFO - Setting next_dagrun for example_external_task_marker_child to None, run_after=None
[2026-08-06T21:31:50.251+0000] {logging_mixin.py:188} INFO - [2026-08-06T21:31:50.250+0000] {dag.py:3823} INFO - Setting next_dagrun for example_external_task_marker_parent to None, run_after=None
[2026-08-06T21:31:50.313+0000] {processor.py:183} INFO - Processing /home/airflow/.local/lib/python3.8/site-packages/airflow/example_dags/example_external_task_marker_dag.py took 0.128 seconds
[2026-08-06T21:32:20.822+0000] {processor.py:161} INFO - Started process (PID=3162) to work on /home/airflow/.local/lib/python3.8/site-packages/airflow/example_dags/example_external_task_marker_dag.py
[2026-08-06T21:32:20.823+0000] {processor.py:830} INFO - Processing file /home/airflow/.local/lib/python3.8/site-packages/airflow/example_dags/example_external_task_marker_dag.py for tasks to queue
[2026-08-06T21:32:20.826+0000] {logging_mixin.py:188} INFO - [2026-08-06T21:32:20.826+0000] {dagbag.py:538} INFO - Filling up the DagBag from /home/airflow/.local/lib/python3.8/site-packages/airflow/example_dags/example_external_task_marker_dag.py
[2026-08-06T21:32:20.833+0000] {processor.py:840} INFO - DAG(s) 'example_external_task_marker_parent', 'example_external_task_marker_child' retrieved from /home/airflow/.local/lib/python3.8/site-packages/airflow/example_dags/example_external_task_marker_dag.py
[2026-08-06T21:32:20.861+0000] {logging_mixin.py:188} INFO - [2026-08-06T21:32:20.861+0000] {dag.py:3036} INFO - Sync 2 DAGs
[2026-08-06T21:32:20.873+0000] {logging_mixin.py:188} INFO - [2026-08-06T21:32:20.873+0000] {dag.py:3823} INFO - Setting next_dagrun for example_external_task_marker_child to None, run_after=None
[2026-08-06T21:32:20.877+0000] {logging_mixin.py:188} INFO - [2026-08-06T21:32:20.877+0000] {dag.py:3823} INFO - Setting next_dagrun for example_external_task_marker_parent to None, run_after=None
[2026-08-06T21:32:20.894+0000] {processor.py:183} INFO - Processing /home/airflow/.local/lib/python3.8/site-packages/airflow/example_dags/example_external_task_marker_dag.py took 0.076 seconds
[2026-08-06T21:32:51.470+0000] {processor.py:161} INFO - Started process (PID=3227) to work on /home/airflow/.local/lib/python3.8/site-packages/airflow/example_dags/example_external_task_marker_dag.py
[2026-08-06T21:32:51.472+0000] {processor.py:830} INFO - Processing file /home/airflow/.local/lib/python3.8/site-packages/airflow/example_dags/example_external_task_marker_dag.py for tasks to queue
[2026-08-06T21:32:51.474+0000] {logging_mixin.py:188} INFO - [2026-08-06T21:32:51.474+0000] {dagbag.py:538} INFO - Filling up the DagBag from /home/airflow/.local/lib/python3.8/site-packages/airflow/example_dags/example_external_task_marker_dag.py
[2026-08-06T21:32:51.481+0000] {processor.py:840} INFO - DAG(s) 'example_external_task_marker_child', 'example_external_task_marker_parent' retrieved from /home/airflow/.local/lib/python3.8/site-packages/airflow/example_dags/example_external_task_marker_dag.py
[2026-08-06T21:32:51.506+0000] {logging_mixin.py:188} INFO - [2026-08-06T21:32:51.506+0000] {dag.py:3036} INFO - Sync 2 DAGs
[2026-08-06T21:32:51.519+0000] {logging_mixin.py:188} INFO - [2026-08-06T21:32:51.518+0000] {dag.py:3823} INFO - Setting next_dagrun for example_external_task_marker_child to None, run_after=None
[2026-08-06T21:32:51.523+0000] {logging_mixin.py:188} INFO - [2026-08-06T21:32:51.522+0000] {dag.py:3823} INFO - Setting next_dagrun for example_external_task_marker_parent to None, run_after=None
[2026-08-06T21:32:51.541+0000] {processor.py:183} INFO - Processing /home/airflow/.local/lib/python3.8/site-packages/airflow/example_dags/example_external_task_marker_dag.py took 0.075 seconds
[2026-08-06T21:33:22.072+0000] {processor.py:161} INFO - Started process (PID=3296) to work on /home/airflow/.local/lib/python3.8/site-packages/airflow/example_dags/example_external_task_marker_dag.py
[2026-08-06T21:33:22.073+0000] {processor.py:830} INFO - Processing file /home/airflow/.local/lib/python3.8/site-packages/airflow/example_dags/example_external_task_marker_dag.py for tasks to queue
[2026-08-06T21:33:22.075+0000] {logging_mixin.py:188} INFO - [2026-08-06T21:33:22.075+0000] {dagbag.py:538} INFO - Filling up the DagBag from /home/airflow/.local/lib/python3.8/site-packages/airflow/example_dags/example_external_task_marker_dag.py
[2026-08-06T21:33:22.083+0000] {processor.py:840} INFO - DAG(s) 'example_external_task_marker_parent', 'example_external_task_marker_child' retrieved from /home/airflow/.local/lib/python3.8/site-packages/airflow/example_dags/example_external_task_marker_dag.py
[2026-08-06T21:33:22.110+0000] {logging_mixin.py:188} INFO - [2026-08-06T21:33:22.110+0000] {dag.py:3036} INFO - Sync 2 DAGs
[2026-08-06T21:33:22.124+0000] {logging_mixin.py:188} INFO - [2026-08-06T21:33:22.123+0000] {dag.py:3823} INFO - Setting next_dagrun for example_external_task_marker_child to None, run_after=None
[2026-08-06T21:33:22.129+0000] {logging_mixin.py:188} INFO - [2026-08-06T21:33:22.129+0000] {dag.py:3823} INFO - Setting next_dagrun for example_external_task_marker_parent to None, run_after=None
[2026-08-06T21:33:22.151+0000] {processor.py:183} INFO - Processing /home/airflow/.local/lib/python3.8/site-packages/airflow/example_dags/example_external_task_marker_dag.py took 0.083 seconds
[2026-08-06T21:33:52.579+0000] {processor.py:161} INFO - Started process (PID=3365) to work on /home/airflow/.local/lib/python3.8/site-packages/airflow/example_dags/example_external_task_marker_dag.py
[2026-08-06T21:33:52.580+0000] {processor.py:830} INFO - Processing file /home/airflow/.local/lib/python3.8/site-packages/airflow/example_dags/example_external_task_marker_dag.py for tasks to queue
[2026-08-06T21:33:52.583+0000] {logging_mixin.py:188} INFO - [2026-08-06T21:33:52.582+0000] {dagbag.py:538} INFO - Filling up the DagBag from /home/airflow/.local/lib/python3.8/site-packages/airflow/example_dags/example_external_task_marker_dag.py
[2026-08-06T21:33:52.591+0000] {processor.py:840} INFO - DAG(s) 'example_external_task_marker_parent', 'example_external_task_marker_child' retrieved from /home/airflow/.local/lib/python3.8/site-packages/airflow/example_dags/example_external_task_marker_dag.py
[2026-08-06T21:33:52.628+0000] {logging_mixin.py:188} INFO - [2026-08-06T21:33:52.627+0000] {dag.py:3036} INFO - Sync 2 DAGs
[2026-08-06T21:33:52.656+0000] {logging_mixin.py:188} INFO - [2026-08-06T21:33:52.656+0000] {dag.py:3823} INFO - Setting next_dagrun for example_external_task_marker_child to None, run_after=None
[2026-08-06T21:33:52.661+0000] {logging_mixin.py:188} INFO - [2026-08-06T21:33:52.661+0000] {dag.py:3823} INFO - Setting next_dagrun for example_external_task_marker_parent to None, run_after=None
[2026-08-06T21:33:52.685+0000] {processor.py:183} INFO - Processing /home/airflow/.local/lib/python3.8/site-packages/airflow/example_dags/example_external_task_marker_dag.py took 0.111 seconds
[2026-08-06T21:34:23.505+0000] {processor.py:161} INFO - Started process (PID=3431) to work on /home/airflow/.local/lib/python3.8/site-packages/airflow/example_dags/example_external_task_marker_dag.py
[2026-08-06T21:34:23.506+0000] {processor.py:830} INFO - Processing file /home/airflow/.local/lib/python3.8/site-packages/airflow/example_dags/example_external_task_marker_dag.py for tasks to queue
[2026-08-06T21:34:23.509+0000] {logging_mixin.py:188} INFO - [2026-08-06T21:34:23.508+0000] {dagbag.py:538} INFO - Filling up the DagBag from /home/airflow/.local/lib/python3.8/site-packages/airflow/example_dags/example_external_task_marker_dag.py
[2026-08-06T21:34:23.519+0000] {processor.py:840} INFO - DAG(s) 'example_external_task_marker_child', 'example_external_task_marker_parent' retrieved from /home/airflow/.local/lib/python3.8/site-packages/airflow/example_dags/example_external_task_marker_dag.py
[2026-08-06T21:34:23.555+0000] {logging_mixin.py:188} INFO - [2026-08-06T21:34:23.554+0000] {dag.py:3036} INFO - Sync 2 DAGs
[2026-08-06T21:34:23.571+0000] {logging_mixin.py:188} INFO - [2026-08-06T21:34:23.570+0000] {dag.py:3823} INFO - Setting next_dagrun for example_external_task_marker_child to None, run_after=None
[2026-08-06T21:34:23.575+0000] {logging_mixin.py:188} INFO - [2026-08-06T21:34:23.575+0000] {dag.py:3823} INFO - Setting next_dagrun for example_external_task_marker_parent to None, run_after=None
[2026-08-06T21:34:23.597+0000] {processor.py:183} INFO - Processing /home/airflow/.local/lib/python3.8/site-packages/airflow/example_dags/example_external_task_marker_dag.py took 0.096 seconds
[2026-08-06T21:34:54.219+0000] {processor.py:161} INFO - Started process (PID=3496) to work on /home/airflow/.local/lib/python3.8/site-packages/airflow/example_dags/example_external_task_marker_dag.py
[2026-08-06T21:34:54.221+0000] {processor.py:830} INFO - Processing file /home/airflow/.local/lib/python3.8/site-packages/airflow/example_dags/example_external_task_marker_dag.py for tasks to queue
[2026-08-06T21:34:54.225+0000] {logging_mixin.py:188} INFO - [2026-08-06T21:34:54.224+0000] {dagbag.py:538} INFO - Filling up the DagBag from /home/airflow/.local/lib/python3.8/site-packages/airflow/example_dags/example_external_task_marker_dag.py
[2026-08-06T21:34:54.239+0000] {processor.py:840} INFO - DAG(s) 'example_external_task_marker_child', 'example_external_task_marker_parent' retrieved from /home/airflow/.local/lib/python3.8/site-packages/airflow/example_dags/example_external_task_marker_dag.py
[2026-08-06T21:34:54.276+0000] {logging_mixin.py:188} INFO - [2026-08-06T21:34:54.276+0000] {dag.py:3036} INFO - Sync 2 DAGs
[2026-08-06T21:34:54.303+0000] {logging_mixin.py:188} INFO - [2026-08-06T21:34:54.302+0000] {dag.py:3823} INFO - Setting next_dagrun for example_external_task_marker_child to None, run_after=None
[2026-08-06T21:34:54.310+0000] {logging_mixin.py:188} INFO - [2026-08-06T21:34:54.310+0000] {dag.py:3823} INFO - Setting next_dagrun for example_external_task_marker_parent to None, run_after=None
[2026-08-06T21:34:54.370+0000] {processor.py:183} INFO - Processing /home/airflow/.local/lib/python3.8/site-packages/airflow/example_dags/example_external_task_marker_dag.py took 0.148 seconds
[2026-08-06T21:35:24.701+0000] {processor.py:161} INFO - Started process (PID=3561) to work on /home/airflow/.local/lib/python3.8/site-packages/airflow/example_dags/example_external_task_marker_dag.py
[2026-08-06T21:35:24.702+0000] {processor.py:830} INFO - Processing file /home/airflow/.local/lib/python3.8/site-packages/airflow/example_dags/example_external_task_marker_dag.py for tasks to queue
[2026-08-06T21:35:24.704+0000] {logging_mixin.py:188} INFO - [2026-08-06T21:35:24.704+0000] {dagbag.py:538} INFO - Filling up the DagBag from /home/airflow/.local/lib/python3.8/site-packages/airflow/example_dags/example_external_task_marker_dag.py
[2026-08-06T21:35:24.710+0000] {processor.py:840} INFO - DAG(s) 'example_external_task_marker_parent', 'example_external_task_marker_child' retrieved from /home/airflow/.local/lib/python3.8/site-packages/airflow/example_dags/example_external_task_marker_dag.py
[2026-08-06T21:35:24.736+0000] {logging_mixin.py:188} INFO - [2026-08-06T21:35:24.735+0000] {dag.py:3036} INFO - Sync 2 DAGs
[2026-08-06T21:35:24.748+0000] {logging_mixin.py:188} INFO - [2026-08-06T21:35:24.748+0000] {dag.py:3823} INFO - Setting next_dagrun for example_external_task_marker_child to None, run_after=None
[2026-08-06T21:35:24.753+0000] {logging_mixin.py:188} INFO - [2026-08-06T21:35:24.752+0000] {dag.py:3823} INFO - Setting next_dagrun for example_external_task_marker_parent to None, run_after=None
[2026-08-06T21:35:24.770+0000] {processor.py:183} INFO - Processing /home/airflow/.local/lib/python3.8/site-packages/airflow/example_dags/example_external_task_marker_dag.py took 0.073 seconds
[2026-08-06T21:35:55.510+0000] {processor.py:161} INFO - Started process (PID=3626) to work on /home/airflow/.local/lib/python3.8/site-packages/airflow/example_dags/example_external_task_marker_dag.py
[2026-08-06T21:35:55.512+0000] {processor.py:830} INFO - Processing file /home/airflow/.local/lib/python3.8/site-packages/airflow/example_dags/example_external_task_marker_dag.py for tasks to queue
[2026-08-06T21:35:55.514+0000] {logging_mixin.py:188} INFO - [2026-08-06T21:35:55.514+0000] {dagbag.py:538} INFO - Filling up the DagBag from /home/airflow/.local/lib/python3.8/site-packages/airflow/example_dags/example_external_task_marker_dag.py
[2026-08-06T21:35:55.521+0000] {processor.py:840} INFO - DAG(s) 'example_external_task_marker_child', 'example_external_task_marker_parent' retrieved from /home/airflow/.local/lib/python3.8/site-packages/airflow/example_dags/example_external_task_marker_dag.py
[2026-08-06T21:35:55.548+0000] {logging_mixin.py:188} INFO - [2026-08-06T21:35:55.548+0000] {dag.py:3036} INFO - Sync 2 DAGs
[2026-08-06T21:35:55.564+0000] {logging_mixin.py:188} INFO - [2026-08-06T21:35:55.563+0000] {dag.py:3823} INFO - Setting next_dagrun for example_external_task_marker_child to None, run_after=None
[2026-08-06T21:35:55.572+0000] {logging_mixin.py:188} INFO - [2026-08-06T21:35:55.572+0000] {dag.py:3823} INFO - Setting next_dagrun for example_external_task_marker_parent to None, run_after=None
[2026-08-06T21:35:55.600+0000] {processor.py:183} INFO - Processing /home/airflow/.local/lib/python3.8/site-packages/airflow/example_dags/example_external_task_marker_dag.py took 0.095 seconds
[2026-08-06T21:36:26.457+0000] {processor.py:161} INFO - Started process (PID=3691) to work on /home/airflow/.local/lib/python3.8/site-packages/airflow/example_dags/example_external_task_marker_dag.py
[2026-08-06T21:36:26.460+0000] {processor.py:830} INFO - Processing file /home/airflow/.local/lib/python3.8/site-packages/airflow/example_dags/example_external_task_marker_dag.py for tasks to queue
[2026-08-06T21:36:26.464+0000] {logging_mixin.py:188} INFO - [2026-08-06T21:36:26.463+0000] {dagbag.py:538} INFO - Filling up the DagBag from /home/airflow/.local/lib/python3.8/site-packages/airflow/example_dags/example_external_task_marker_dag.py
[2026-08-06T21:36:26.472+0000] {processor.py:840} INFO - DAG(s) 'example_external_task_marker_child', 'example_external_task_marker_parent' retrieved from /home/airflow/.local/lib/python3.8/site-packages/airflow/example_dags/example_external_task_marker_dag.py
[2026-08-06T21:36:26.503+0000] {logging_mixin.py:188} INFO - [2026-08-06T21:36:26.503+0000] {dag.py:3036} INFO - Sync 2 DAGs
[2026-08-06T21:36:26.517+0000] {logging_mixin.py:188} INFO - [2026-08-06T21:36:26.517+0000] {dag.py:3823} INFO - Setting next_dagrun for example_external_task_marker_child to None, run_after=None
[2026-08-06T21:36:26.524+0000] {logging_mixin.py:188} INFO - [2026-08-06T21:36:26.524+0000] {dag.py:3823} INFO - Setting next_dagrun for example_external_task_marker_parent to None, run_after=None
[2026-08-06T21:36:26.545+0000] {processor.py:183} INFO - Processing /home/airflow/.local/lib/python3.8/site-packages/airflow/example_dags/example_external_task_marker_dag.py took 0.093 seconds
[2026-08-06T21:36:56.948+0000] {processor.py:161} INFO - Started process (PID=3756) to work on /home/airflow/.local/lib/python3.8/site-packages/airflow/example_dags/example_external_task_marker_dag.py
[2026-08-06T21:36:56.949+0000] {processor.py:830} INFO - Processing file /home/airflow/.local/lib/python3.8/site-packages/airflow/example_dags/example_external_task_marker_dag.py for tasks to queue
[2026-08-06T21:36:56.951+0000] {logging_mixin.py:188} INFO - [2026-08-06T21:36:56.951+0000] {dagbag.py:538} INFO - Filling up the DagBag from /home/airflow/.local/lib/python3.8/site-packages/airflow/example_dags/example_external_task_marker_dag.py
[2026-08-06T21:36:56.958+0000] {processor.py:840} INFO - DAG(s) 'example_external_task_marker_parent', 'example_external_task_marker_child' retrieved from /home/airflow/.local/lib/python3.8/site-packages/airflow/example_dags/example_external_task_marker_dag.py
[2026-08-06T21:36:56.983+0000] {logging_mixin.py:188} INFO - [2026-08-06T21:36:56.982+0000] {dag.py:3036} INFO - Sync 2 DAGs
[2026-08-06T21:36:56.994+0000] {logging_mixin.py:188} INFO - [2026-08-06T21:36:56.994+0000] {dag.py:3823} INFO - Setting next_dagrun for example_external_task_marker_child to None, run_after=None
[2026-08-06T21:36:56.998+0000] {logging_mixin.py:188} INFO - [2026-08-06T21:36:56.998+0000] {dag.py:3823} INFO - Setting next_dagrun for example_external_task_marker_parent to None, run_after=None
[2026-08-06T21:36:57.016+0000] {processor.py:183} INFO - Processing /home/airflow/.local/lib/python3.8/site-packages/airflow/example_dags/example_external_task_marker_dag.py took 0.071 seconds
[2026-08-06T21:37:28.470+0000] {processor.py:161} INFO - Started process (PID=3821) to work on /home/airflow/.local/lib/python3.8/site-packages/airflow/example_dags/example_external_task_marker_dag.py
[2026-08-06T21:37:28.472+0000] {processor.py:830} INFO - Processing file /home/airflow/.local/lib/python3.8/site-packages/airflow/example_dags/example_external_task_marker_dag.py for tasks to queue
[2026-08-06T21:37:28.476+0000] {logging_mixin.py:188} INFO - [2026-08-06T21:37:28.475+0000] {dagbag.py:538} INFO - Filling up the DagBag from /home/airflow/.local/lib/python3.8/site-packages/airflow/example_dags/example_external_task_marker_dag.py
[2026-08-06T21:37:28.497+0000] {processor.py:840} INFO - DAG(s) 'example_external_task_marker_child', 'example_external_task_marker_parent' retrieved from /home/airflow/.local/lib/python3.8/site-packages/airflow/example_dags/example_external_task_marker_dag.py
[2026-08-06T21:37:28.558+0000] {logging_mixin.py:188} INFO - [2026-08-06T21:37:28.557+0000] {dag.py:3036} INFO - Sync 2 DAGs
[2026-08-06T21:37:28.600+0000] {logging_mixin.py:188} INFO - [2026-08-06T21:37:28.600+0000] {dag.py:3823} INFO - Setting next_dagrun for example_external_task_marker_child to None, run_after=None
[2026-08-06T21:37:28.659+0000] {logging_mixin.py:188} INFO - [2026-08-06T21:37:28.658+0000] {dag.py:3823} INFO - Setting next_dagrun for example_external_task_marker_parent to None, run_after=None
[2026-08-06T21:37:28.741+0000] {processor.py:183} INFO - Processing /home/airflow/.local/lib/python3.8/site-packages/airflow/example_dags/example_external_task_marker_dag.py took 0.276 seconds
[2026-08-06T21:37:59.431+0000] {processor.py:161} INFO - Started process (PID=3891) to work on /home/airflow/.local/lib/python3.8/site-packages/airflow/example_dags/example_external_task_marker_dag.py
[2026-08-06T21:37:59.432+0000] {processor.py:830} INFO - Processing file /home/airflow/.local/lib/python3.8/site-packages/airflow/example_dags/example_external_task_marker_dag.py for tasks to queue
[2026-08-06T21:37:59.435+0000] {logging_mixin.py:188} INFO - [2026-08-06T21:37:59.434+0000] {dagbag.py:538} INFO - Filling up the DagBag from /home/airflow/.local/lib/python3.8/site-packages/airflow/example_dags/example_external_task_marker_dag.py
[2026-08-06T21:37:59.442+0000] {processor.py:840} INFO - DAG(s) 'example_external_task_marker_child', 'example_external_task_marker_parent' retrieved from /home/airflow/.local/lib/python3.8/site-packages/airflow/example_dags/example_external_task_marker_dag.py
[2026-08-06T21:37:59.475+0000] {logging_mixin.py:188} INFO - [2026-08-06T21:37:59.475+0000] {dag.py:3036} INFO - Sync 2 DAGs
[2026-08-06T21:37:59.488+0000] {logging_mixin.py:188} INFO - [2026-08-06T21:37:59.488+0000] {dag.py:3823} INFO - Setting next_dagrun for example_external_task_marker_child to None, run_after=None
[2026-08-06T21:37:59.492+0000] {logging_mixin.py:188} INFO - [2026-08-06T21:37:59.492+0000] {dag.py:3823} INFO - Setting next_dagrun for example_external_task_marker_parent to None, run_after=None
[2026-08-06T21:37:59.509+0000] {processor.py:183} INFO - Processing /home/airflow/.local/lib/python3.8/site-packages/airflow/example_dags/example_external_task_marker_dag.py took 0.081 seconds
[2026-08-06T21:38:30.075+0000] {processor.py:161} INFO - Started process (PID=3956) to work on /home/airflow/.local/lib/python3.8/site-packages/airflow/example_dags/example_external_task_marker_dag.py
[2026-08-06T21:38:30.076+0000] {processor.py:830} INFO - Processing file /home/airflow/.local/lib/python3.8/site-packages/airflow/example_dags/example_external_task_marker_dag.py for tasks to queue
[2026-08-06T21:38:30.079+0000] {logging_mixin.py:188} INFO - [2026-08-06T21:38:30.078+0000] {dagbag.py:538} INFO - Filling up the DagBag from /home/airflow/.local/lib/python3.8/site-packages/airflow/example_dags/example_external_task_marker_dag.py
[2026-08-06T21:38:30.085+0000] {processor.py:840} INFO - DAG(s) 'example_external_task_marker_parent', 'example_external_task_marker_child' retrieved from /home/airflow/.local/lib/python3.8/site-packages/airflow/example_dags/example_external_task_marker_dag.py
[2026-08-06T21:38:30.117+0000] {logging_mixin.py:188} INFO - [2026-08-06T21:38:30.117+0000] {dag.py:3036} INFO - Sync 2 DAGs
[2026-08-06T21:38:30.129+0000] {logging_mixin.py:188} INFO - [2026-08-06T21:38:30.129+0000] {dag.py:3823} INFO - Setting next_dagrun for example_external_task_marker_child to None, run_after=None
[2026-08-06T21:38:30.133+0000] {logging_mixin.py:188} INFO - [2026-08-06T21:38:30.133+0000] {dag.py:3823} INFO - Setting next_dagrun for example_external_task_marker_parent to None, run_after=None
[2026-08-06T21:38:30.150+0000] {processor.py:183} INFO - Processing /home/airflow/.local/lib/python3.8/site-packages/airflow/example_dags/example_external_task_marker_dag.py took 0.080 seconds
[2026-08-06T21:39:00.949+0000] {processor.py:161} INFO - Started process (PID=4021) to work on /home/airflow/.local/lib/python3.8/site-packages/airflow/example_dags/example_external_task_marker_dag.py
[2026-08-06T21:39:00.950+0000] {processor.py:830} INFO - Processing file /home/airflow/.local/lib/python3.8/site-packages/airflow/example_dags/example_external_task_marker_dag.py for tasks to queue
[2026-08-06T21:39:00.952+0000] {logging_mixin.py:188} INFO - [2026-08-06T21:39:00.952+0000] {dagbag.py:538} INFO - Filling up the DagBag from /home/airflow/.local/lib/python3.8/site-packages/airflow/example_dags/example_external_task_marker_dag.py
[2026-08-06T21:39:00.959+0000] {processor.py:840} INFO - DAG(s) 'example_external_task_marker_parent', 'example_external_task_marker_child' retrieved from /home/airflow/.local/lib/python3.8/site-packages/airflow/example_dags/example_external_task_marker_dag.py
[2026-08-06T21:39:00.983+0000] {logging_mixin.py:188} INFO - [2026-08-06T21:39:00.983+0000] {dag.py:3036} INFO - Sync 2 DAGs
[2026-08-06T21:39:00.996+0000] {logging_mixin.py:188} INFO - [2026-08-06T21:39:00.996+0000] {dag.py:3823} INFO - Setting next_dagrun for example_external_task_marker_child to None, run_after=None
[2026-08-06T21:39:01.000+0000] {logging_mixin.py:188} INFO - [2026-08-06T21:39:01.000+0000] {dag.py:3823} INFO - Setting next_dagrun for example_external_task_marker_parent to None, run_after=None
[2026-08-06T21:39:01.020+0000] {processor.py:183} INFO - Processing /home/airflow/.local/lib/python3.8/site-packages/airflow/example_dags/example_external_task_marker_dag.py took 0.075 seconds
[2026-08-06T21:39:32.038+0000] {processor.py:161} INFO - Started process (PID=4086) to work on /home/airflow/.local/lib/python3.8/site-packages/airflow/example_dags/example_external_task_marker_dag.py
[2026-08-06T21:39:32.039+0000] {processor.py:830} INFO - Processing file /home/airflow/.local/lib/python3.8/site-packages/airflow/example_dags/example_external_task_marker_dag.py for tasks to queue
[2026-08-06T21:39:32.042+0000] {logging_mixin.py:188} INFO - [2026-08-06T21:39:32.041+0000] {dagbag.py:538} INFO - Filling up the DagBag from /home/airflow/.local/lib/python3.8/site-packages/airflow/example_dags/example_external_task_marker_dag.py
[2026-08-06T21:39:32.048+0000] {processor.py:840} INFO - DAG(s) 'example_external_task_marker_child', 'example_external_task_marker_parent' retrieved from /home/airflow/.local/lib/python3.8/site-packages/airflow/example_dags/example_external_task_marker_dag.py
[2026-08-06T21:39:32.075+0000] {logging_mixin.py:188} INFO - [2026-08-06T21:39:32.074+0000] {dag.py:3036} INFO - Sync 2 DAGs
[2026-08-06T21:39:32.087+0000] {logging_mixin.py:188} INFO - [2026-08-06T21:39:32.087+0000] {dag.py:3823} INFO - Setting next_dagrun for example_external_task_marker_child to None, run_after=None
[2026-08-06T21:39:32.093+0000] {logging_mixin.py:188} INFO - [2026-08-06T21:39:32.093+0000] {dag.py:3823} INFO - Setting next_dagrun for example_external_task_marker_parent to None, run_after=None
[2026-08-06T21:39:32.112+0000] {processor.py:183} INFO - Processing /home/airflow/.local/lib/python3.8/site-packages/airflow/example_dags/example_external_task_marker_dag.py took 0.078 seconds
[2026-08-06T21:40:03.019+0000] {processor.py:161} INFO - Started process (PID=4156) to work on /home/airflow/.local/lib/python3.8/site-packages/airflow/example_dags/example_external_task_marker_dag.py
[2026-08-06T21:40:03.021+0000] {processor.py:830} INFO - Processing file /home/airflow/.local/lib/python3.8/site-packages/airflow/example_dags/example_external_task_marker_dag.py for tasks to queue
[2026-08-06T21:40:03.023+0000] {logging_mixin.py:188} INFO - [2026-08-06T21:40:03.023+0000] {dagbag.py:538} INFO - Filling up the DagBag from /home/airflow/.local/lib/python3.8/site-packages/airflow/example_dags/example_external_task_marker_dag.py
[2026-08-06T21:40:03.031+0000] {processor.py:840} INFO - DAG(s) 'example_external_task_marker_parent', 'example_external_task_marker_child' retrieved from /home/airflow/.local/lib/python3.8/site-packages/airflow/example_dags/example_external_task_marker_dag.py
[2026-08-06T21:40:03.057+0000] {logging_mixin.py:188} INFO - [2026-08-06T21:40:03.057+0000] {dag.py:3036} INFO - Sync 2 DAGs
[2026-08-06T21:40:03.070+0000] {logging_mixin.py:188} INFO - [2026-08-06T21:40:03.070+0000] {dag.py:3823} INFO - Setting next_dagrun for example_external_task_marker_child to None, run_after=None
[2026-08-06T21:40:03.074+0000] {logging_mixin.py:188} INFO - [2026-08-06T21:40:03.074+0000] {dag.py:3823} INFO - Setting next_dagrun for example_external_task_marker_parent to None, run_after=None
[2026-08-06T21:40:03.092+0000] {processor.py:183} INFO - Processing /home/airflow/.local/lib/python3.8/site-packages/airflow/example_dags/example_external_task_marker_dag.py took 0.076 seconds
[2026-08-06T21:40:33.640+0000] {processor.py:161} INFO - Started process (PID=4221) to work on /home/airflow/.local/lib/python3.8/site-packages/airflow/example_dags/example_external_task_marker_dag.py
[2026-08-06T21:40:33.642+0000] {processor.py:830} INFO - Processing file /home/airflow/.local/lib/python3.8/site-packages/airflow/example_dags/example_external_task_marker_dag.py for tasks to queue
[2026-08-06T21:40:33.645+0000] {logging_mixin.py:188} INFO - [2026-08-06T21:40:33.645+0000] {dagbag.py:538} INFO - Filling up the DagBag from /home/airflow/.local/lib/python3.8/site-packages/airflow/example_dags/example_external_task_marker_dag.py
[2026-08-06T21:40:33.652+0000] {processor.py:840} INFO - DAG(s) 'example_external_task_marker_parent', 'example_external_task_marker_child' retrieved from /home/airflow/.local/lib/python3.8/site-packages/airflow/example_dags/example_external_task_marker_dag.py
[2026-08-06T21:40:33.731+0000] {logging_mixin.py:188} INFO - [2026-08-06T21:40:33.730+0000] {dag.py:3036} INFO - Sync 2 DAGs
[2026-08-06T21:40:33.755+0000] {logging_mixin.py:188} INFO - [2026-08-06T21:40:33.755+0000] {dag.py:3823} INFO - Setting next_dagrun for example_external_task_marker_child to None, run_after=None
[2026-08-06T21:40:33.761+0000] {logging_mixin.py:188} INFO - [2026-08-06T21:40:33.761+0000] {dag.py:3823} INFO - Setting next_dagrun for example_external_task_marker_parent to None, run_after=None
[2026-08-06T21:40:33.800+0000] {processor.py:183} INFO - Processing /home/airflow/.local/lib/python3.8/site-packages/airflow/example_dags/example_external_task_marker_dag.py took 0.164 seconds
[2026-08-06T21:41:04.230+0000] {processor.py:161} INFO - Started process (PID=4286) to work on /home/airflow/.local/lib/python3.8/site-packages/airflow/example_dags/example_external_task_marker_dag.py
[2026-08-06T21:41:04.232+0000] {processor.py:830} INFO - Processing file /home/airflow/.local/lib/python3.8/site-packages/airflow/example_dags/example_external_task_marker_dag.py for tasks to queue
[2026-08-06T21:41:04.233+0000] {logging_mixin.py:188} INFO - [2026-08-06T21:41:04.233+0000] {dagbag.py:538} INFO - Filling up the DagBag from /home/airflow/.local/lib/python3.8/site-packages/airflow/example_dags/example_external_task_marker_dag.py
[2026-08-06T21:41:04.240+0000] {processor.py:840} INFO - DAG(s) 'example_external_task_marker_parent', 'example_external_task_marker_child' retrieved from /home/airflow/.local/lib/python3.8/site-packages/airflow/example_dags/example_external_task_marker_dag.py
[2026-08-06T21:41:04.265+0000] {logging_mixin.py:188} INFO - [2026-08-06T21:41:04.264+0000] {dag.py:3036} INFO - Sync 2 DAGs
[2026-08-06T21:41:04.277+0000] {logging_mixin.py:188} INFO - [2026-08-06T21:41:04.277+0000] {dag.py:3823} INFO - Setting next_dagrun for example_external_task_marker_child to None, run_after=None
[2026-08-06T21:41:04.281+0000] {logging_mixin.py:188} INFO - [2026-08-06T21:41:04.281+0000] {dag.py:3823} INFO - Setting next_dagrun for example_external_task_marker_parent to None, run_after=None
[2026-08-06T21:41:04.299+0000] {processor.py:183} INFO - Processing /home/airflow/.local/lib/python3.8/site-packages/airflow/example_dags/example_external_task_marker_dag.py took 0.072 seconds
[2026-08-06T21:41:35.148+0000] {processor.py:161} INFO - Started process (PID=4357) to work on /home/airflow/.local/lib/python3.8/site-packages/airflow/example_dags/example_external_task_marker_dag.py
[2026-08-06T21:41:35.150+0000] {processor.py:830} INFO - Processing file /home/airflow/.local/lib/python3.8/site-packages/airflow/example_dags/example_external_task_marker_dag.py for tasks to queue
[2026-08-06T21:41:35.152+0000] {logging_mixin.py:188} INFO - [2026-08-06T21:41:35.152+0000] {dagbag.py:538} INFO - Filling up the DagBag from /home/airflow/.local/lib/python3.8/site-packages/airflow/example_dags/example_external_task_marker_dag.py
[2026-08-06T21:41:35.160+0000] {processor.py:840} INFO - DAG(s) 'example_external_task_marker_child', 'example_external_task_marker_parent' retrieved from /home/airflow/.local/lib/python3.8/site-packages/airflow/example_dags/example_external_task_marker_dag.py
[2026-08-06T21:41:35.183+0000] {logging_mixin.py:188} INFO - [2026-08-06T21:41:35.183+0000] {dag.py:3036} INFO - Sync 2 DAGs
[2026-08-06T21:41:35.195+0000] {logging_mixin.py:188} INFO - [2026-08-06T21:41:35.195+0000] {dag.py:3823} INFO - Setting next_dagrun for example_external_task_marker_child to None, run_after=None
[2026-08-06T21:41:35.200+0000] {logging_mixin.py:188} INFO - [2026-08-06T21:41:35.199+0000] {dag.py:3823} INFO - Setting next_dagrun for example_external_task_marker_parent to None, run_after=None
[2026-08-06T21:41:35.217+0000] {processor.py:183} INFO - Processing /home/airflow/.local/lib/python3.8/site-packages/airflow/example_dags/example_external_task_marker_dag.py took 0.073 seconds
[2026-08-06T21:42:05.729+0000] {processor.py:161} INFO - Started process (PID=4422) to work on /home/airflow/.local/lib/python3.8/site-packages/airflow/example_dags/example_external_task_marker_dag.py
[2026-08-06T21:42:05.730+0000] {processor.py:830} INFO - Processing file /home/airflow/.local/lib/python3.8/site-packages/airflow/example_dags/example_external_task_marker_dag.py for tasks to queue
[2026-08-06T21:42:05.733+0000] {logging_mixin.py:188} INFO - [2026-08-06T21:42:05.732+0000] {dagbag.py:538} INFO - Filling up the DagBag from /home/airflow/.local/lib/python3.8/site-packages/airflow/example_dags/example_external_task_marker_dag.py
[2026-08-06T21:42:05.739+0000] {processor.py:840} INFO - DAG(s) 'example_external_task_marker_parent', 'example_external_task_marker_child' retrieved from /home/airflow/.local/lib/python3.8/site-packages/airflow/example_dags/example_external_task_marker_dag.py
[2026-08-06T21:42:05.766+0000] {logging_mixin.py:188} INFO - [2026-08-06T21:42:05.766+0000] {dag.py:3036} INFO - Sync 2 DAGs
[2026-08-06T21:42:05.780+0000] {logging_mixin.py:188} INFO - [2026-08-06T21:42:05.780+0000] {dag.py:3823} INFO - Setting next_dagrun for example_external_task_marker_child to None, run_after=None
[2026-08-06T21:42:05.784+0000] {logging_mixin.py:188} INFO - [2026-08-06T21:42:05.784+0000] {dag.py:3823} INFO - Setting next_dagrun for example_external_task_marker_parent to None, run_after=None
[2026-08-06T21:42:05.801+0000] {processor.py:183} INFO - Processing /home/airflow/.local/lib/python3.8/site-packages/airflow/example_dags/example_external_task_marker_dag.py took 0.076 seconds
[2026-08-06T21:42:36.872+0000] {processor.py:161} INFO - Started process (PID=4488) to work on /home/airflow/.local/lib/python3.8/site-packages/airflow/example_dags/example_external_task_marker_dag.py
[2026-08-06T21:42:36.874+0000] {processor.py:830} INFO - Processing file /home/airflow/.local/lib/python3.8/site-packages/airflow/example_dags/example_external_task_marker_dag.py for tasks to queue
[2026-08-06T21:42:36.876+0000] {logging_mixin.py:188} INFO - [2026-08-06T21:42:36.876+0000] {dagbag.py:538} INFO - Filling up the DagBag from /home/airflow/.local/lib/python3.8/site-packages/airflow/example_dags/example_external_task_marker_dag.py
[2026-08-06T21:42:36.884+0000] {processor.py:840} INFO - DAG(s) 'example_external_task_marker_child', 'example_external_task_marker_parent' retrieved from /home/airflow/.local/lib/python3.8/site-packages/airflow/example_dags/example_external_task_marker_dag.py
[2026-08-06T21:42:36.919+0000] {logging_mixin.py:188} INFO - [2026-08-06T21:42:36.918+0000] {dag.py:3036} INFO - Sync 2 DAGs
[2026-08-06T21:42:36.935+0000] {logging_mixin.py:188} INFO - [2026-08-06T21:42:36.935+0000] {dag.py:3823} INFO - Setting next_dagrun for example_external_task_marker_child to None, run_after=None
[2026-08-06T21:42:36.941+0000] {logging_mixin.py:188} INFO - [2026-08-06T21:42:36.940+0000] {dag.py:3823} INFO - Setting next_dagrun for example_external_task_marker_parent to None, run_after=None
[2026-08-06T21:42:36.976+0000] {processor.py:183} INFO - Processing /home/airflow/.local/lib/python3.8/site-packages/airflow/example_dags/example_external_task_marker_dag.py took 0.109 seconds
[2026-08-06T21:43:07.354+0000] {processor.py:161} INFO - Started process (PID=4553) to work on /home/airflow/.local/lib/python3.8/site-packages/airflow/example_dags/example_external_task_marker_dag.py
[2026-08-06T21:43:07.356+0000] {processor.py:830} INFO - Processing file /home/airflow/.local/lib/python3.8/site-packages/airflow/example_dags/example_external_task_marker_dag.py for tasks to queue
[2026-08-06T21:43:07.358+0000] {logging_mixin.py:188} INFO - [2026-08-06T21:43:07.357+0000] {dagbag.py:538} INFO - Filling up the DagBag from /home/airflow/.local/lib/python3.8/site-packages/airflow/example_dags/example_external_task_marker_dag.py
[2026-08-06T21:43:07.365+0000] {processor.py:840} INFO - DAG(s) 'example_external_task_marker_parent', 'example_external_task_marker_child' retrieved from /home/airflow/.local/lib/python3.8/site-packages/airflow/example_dags/example_external_task_marker_dag.py
[2026-08-06T21:43:07.390+0000] {logging_mixin.py:188} INFO - [2026-08-06T21:43:07.390+0000] {dag.py:3036} INFO - Sync 2 DAGs
[2026-08-06T21:43:07.402+0000] {logging_mixin.py:188} INFO - [2026-08-06T21:43:07.402+0000] {dag.py:3823} INFO - Setting next_dagrun for example_external_task_marker_child to None, run_after=None
[2026-08-06T21:43:07.407+0000] {logging_mixin.py:188} INFO - [2026-08-06T21:43:07.406+0000] {dag.py:3823} INFO - Setting next_dagrun for example_external_task_marker_parent to None, run_after=None
[2026-08-06T21:43:07.426+0000] {processor.py:183} INFO - Processing /home/airflow/.local/lib/python3.8/site-packages/airflow/example_dags/example_external_task_marker_dag.py took 0.075 seconds
[2026-08-06T21:43:37.972+0000] {processor.py:161} INFO - Started process (PID=4618) to work on /home/airflow/.local/lib/python3.8/site-packages/airflow/example_dags/example_external_task_marker_dag.py
[2026-08-06T21:43:37.973+0000] {processor.py:830} INFO - Processing file /home/airflow/.local/lib/python3.8/site-packages/airflow/example_dags/example_external_task_marker_dag.py for tasks to queue
[2026-08-06T21:43:37.975+0000] {logging_mixin.py:188} INFO - [2026-08-06T21:43:37.975+0000] {dagbag.py:538} INFO - Filling up the DagBag from /home/airflow/.local/lib/python3.8/site-packages/airflow/example_dags/example_external_task_marker_dag.py
[2026-08-06T21:43:37.982+0000] {processor.py:840} INFO - DAG(s) 'example_external_task_marker_child', 'example_external_task_marker_parent' retrieved from /home/airflow/.local/lib/python3.8/site-packages/airflow/example_dags/example_external_task_marker_dag.py
[2026-08-06T21:43:38.009+0000] {logging_mixin.py:188} INFO - [2026-08-06T21:43:38.009+0000] {dag.py:3036} INFO - Sync 2 DAGs
[2026-08-06T21:43:38.022+0000] {logging_mixin.py:188} INFO - [2026-08-06T21:43:38.022+0000] {dag.py:3823} INFO - Setting next_dagrun for example_external_task_marker_child to None, run_after=None
[2026-08-06T21:43:38.026+0000] {logging_mixin.py:188} INFO - [2026-08-06T21:43:38.026+0000] {dag.py:3823} INFO - Setting next_dagrun for example_external_task_marker_parent to None, run_after=None
[2026-08-06T21:43:38.044+0000] {processor.py:183} INFO - Processing /home/airflow/.local/lib/python3.8/site-packages/airflow/example_dags/example_external_task_marker_dag.py took 0.076 seconds
[2026-08-06T21:44:09.252+0000] {processor.py:161} INFO - Started process (PID=4683) to work on /home/airflow/.local/lib/python3.8/site-packages/airflow/example_dags/example_external_task_marker_dag.py
[2026-08-06T21:44:09.253+0000] {processor.py:830} INFO - Processing file /home/airflow/.local/lib/python3.8/site-packages/airflow/example_dags/example_external_task_marker_dag.py for tasks to queue
[2026-08-06T21:44:09.256+0000] {logging_mixin.py:188} INFO - [2026-08-06T21:44:09.255+0000] {dagbag.py:538} INFO - Filling up the DagBag from /home/airflow/.local/lib/python3.8/site-packages/airflow/example_dags/example_external_task_marker_dag.py
[2026-08-06T21:44:09.262+0000] {processor.py:840} INFO - DAG(s) 'example_external_task_marker_child', 'example_external_task_marker_parent' retrieved from /home/airflow/.local/lib/python3.8/site-packages/airflow/example_dags/example_external_task_marker_dag.py
[2026-08-06T21:44:09.286+0000] {logging_mixin.py:188} INFO - [2026-08-06T21:44:09.286+0000] {dag.py:3036} INFO - Sync 2 DAGs
[2026-08-06T21:44:09.299+0000] {logging_mixin.py:188} INFO - [2026-08-06T21:44:09.299+0000] {dag.py:3823} INFO - Setting next_dagrun for example_external_task_marker_child to None, run_after=None
[2026-08-06T21:44:09.304+0000] {logging_mixin.py:188} INFO - [2026-08-06T21:44:09.303+0000] {dag.py:3823} INFO - Setting next_dagrun for example_external_task_marker_parent to None, run_after=None
[2026-08-06T21:44:09.323+0000] {processor.py:183} INFO - Processing /home/airflow/.local/lib/python3.8/site-packages/airflow/example_dags/example_external_task_marker_dag.py took 0.075 seconds
