[2026-08-06T21:05:40.126+0000] {processor.py:161} INFO - Started process (PID=70) to work on /home/airflow/.local/lib/python3.8/site-packages/airflow/example_dags/example_bash_operator.py
[2026-08-06T21:05:40.128+0000] {processor.py:830} INFO - Processing file /home/airflow/.local/lib/python3.8/site-packages/airflow/example_dags/example_bash_operator.py for tasks to queue
[2026-08-06T21:05:40.140+0000] {logging_mixin.py:188} INFO - [2026-08-06T21:05:40.138+0000] {dagbag.py:538} INFO - Filling up the DagBag from /home/airflow/.local/lib/python3.8/site-packages/airflow/example_dags/example_bash_operator.py
[2026-08-06T21:05:40.188+0000] {processor.py:840} INFO - DAG(s) 'example_bash_operator' retrieved from /home/airflow/.local/lib/python3.8/site-packages/airflow/example_dags/example_bash_operator.py
[2026-08-06T21:05:40.525+0000] {logging_mixin.py:188} INFO - [2026-08-06T21:05:40.524+0000] {dag.py:3036} INFO - Sync 1 DAGs
[2026-08-06T21:05:40.608+0000] {logging_mixin.py:188} INFO - [2026-08-06T21:05:40.607+0000] {dag.py:3823} INFO - Setting next_dagrun for example_bash_operator to 2026-08-05 00:00:00+00:00, run_after=2026-08-06 00:00:00+00:00
[2026-08-06T21:05:40.664+0000] {processor.py:183} INFO - Processing /home/airflow/.local/lib/python3.8/site-packages/airflow/example_dags/example_bash_operator.py took 0.553 seconds
[2026-08-06T21:05:54.748+0000] {processor.py:161} INFO - Started process (PID=58) to work on /home/airflow/.local/lib/python3.8/site-packages/airflow/example_dags/example_bash_operator.py
[2026-08-06T21:05:54.749+0000] {processor.py:830} INFO - Processing file /home/airflow/.local/lib/python3.8/site-packages/airflow/example_dags/example_bash_operator.py for tasks to queue
[2026-08-06T21:05:54.751+0000] {logging_mixin.py:188} INFO - [2026-08-06T21:05:54.751+0000] {dagbag.py:538} INFO - Filling up the DagBag from /home/airflow/.local/lib/python3.8/site-packages/airflow/example_dags/example_bash_operator.py
[2026-08-06T21:05:54.766+0000] {processor.py:840} INFO - DAG(s) 'example_bash_operator' retrieved from /home/airflow/.local/lib/python3.8/site-packages/airflow/example_dags/example_bash_operator.py
[2026-08-06T21:05:54.783+0000] {logging_mixin.py:188} INFO - [2026-08-06T21:05:54.783+0000] {dag.py:3036} INFO - Sync 1 DAGs
[2026-08-06T21:05:54.814+0000] {logging_mixin.py:188} INFO - [2026-08-06T21:05:54.814+0000] {dag.py:3823} INFO - Setting next_dagrun for example_bash_operator to 2026-08-05 00:00:00+00:00, run_after=2026-08-06 00:00:00+00:00
[2026-08-06T21:05:54.873+0000] {processor.py:183} INFO - Processing /home/airflow/.local/lib/python3.8/site-packages/airflow/example_dags/example_bash_operator.py took 0.128 seconds
[2026-08-06T21:06:25.025+0000] {processor.py:161} INFO - Started process (PID=113) to work on /home/airflow/.local/lib/python3.8/site-packages/airflow/example_dags/example_bash_operator.py
[2026-08-06T21:06:25.027+0000] {processor.py:830} INFO - Processing file /home/airflow/.local/lib/python3.8/site-packages/airflow/example_dags/example_bash_operator.py for tasks to queue
[2026-08-06T21:06:25.029+0000] {logging_mixin.py:188} INFO - [2026-08-06T21:06:25.029+0000] {dagbag.py:538} INFO - Filling up the DagBag from /home/airflow/.local/lib/python3.8/site-packages/airflow/example_dags/example_bash_operator.py
[2026-08-06T21:06:25.042+0000] {processor.py:840} INFO - DAG(s) 'example_bash_operator' retrieved from /home/airflow/.local/lib/python3.8/site-packages/airflow/example_dags/example_bash_operator.py
[2026-08-06T21:06:25.056+0000] {logging_mixin.py:188} INFO - [2026-08-06T21:06:25.056+0000] {dag.py:3036} INFO - Sync 1 DAGs
[2026-08-06T21:06:25.079+0000] {logging_mixin.py:188} INFO - [2026-08-06T21:06:25.079+0000] {dag.py:3823} INFO - Setting next_dagrun for example_bash_operator to 2026-08-05 00:00:00+00:00, run_after=2026-08-06 00:00:00+00:00
[2026-08-06T21:06:25.140+0000] {processor.py:183} INFO - Processing /home/airflow/.local/lib/python3.8/site-packages/airflow/example_dags/example_bash_operator.py took 0.118 seconds
[2026-08-06T21:06:57.268+0000] {processor.py:161} INFO - Started process (PID=168) to work on /home/airflow/.local/lib/python3.8/site-packages/airflow/example_dags/example_bash_operator.py
[2026-08-06T21:06:57.269+0000] {processor.py:830} INFO - Processing file /home/airflow/.local/lib/python3.8/site-packages/airflow/example_dags/example_bash_operator.py for tasks to queue
[2026-08-06T21:06:57.271+0000] {logging_mixin.py:188} INFO - [2026-08-06T21:06:57.271+0000] {dagbag.py:538} INFO - Filling up the DagBag from /home/airflow/.local/lib/python3.8/site-packages/airflow/example_dags/example_bash_operator.py
[2026-08-06T21:06:57.286+0000] {processor.py:840} INFO - DAG(s) 'example_bash_operator' retrieved from /home/airflow/.local/lib/python3.8/site-packages/airflow/example_dags/example_bash_operator.py
[2026-08-06T21:06:57.395+0000] {logging_mixin.py:188} INFO - [2026-08-06T21:06:57.394+0000] {dag.py:3036} INFO - Sync 1 DAGs
[2026-08-06T21:06:57.416+0000] {logging_mixin.py:188} INFO - [2026-08-06T21:06:57.415+0000] {dag.py:3823} INFO - Setting next_dagrun for example_bash_operator to 2026-08-05 00:00:00+00:00, run_after=2026-08-06 00:00:00+00:00
[2026-08-06T21:06:57.687+0000] {processor.py:183} INFO - Processing /home/airflow/.local/lib/python3.8/site-packages/airflow/example_dags/example_bash_operator.py took 0.426 seconds
[2026-08-06T21:07:28.100+0000] {processor.py:161} INFO - Started process (PID=223) to work on /home/airflow/.local/lib/python3.8/site-packages/airflow/example_dags/example_bash_operator.py
[2026-08-06T21:07:28.101+0000] {processor.py:830} INFO - Processing file /home/airflow/.local/lib/python3.8/site-packages/airflow/example_dags/example_bash_operator.py for tasks to queue
[2026-08-06T21:07:28.105+0000] {logging_mixin.py:188} INFO - [2026-08-06T21:07:28.103+0000] {dagbag.py:538} INFO - Filling up the DagBag from /home/airflow/.local/lib/python3.8/site-packages/airflow/example_dags/example_bash_operator.py
[2026-08-06T21:07:28.117+0000] {processor.py:840} INFO - DAG(s) 'example_bash_operator' retrieved from /home/airflow/.local/lib/python3.8/site-packages/airflow/example_dags/example_bash_operator.py
[2026-08-06T21:07:28.149+0000] {logging_mixin.py:188} INFO - [2026-08-06T21:07:28.149+0000] {dag.py:3036} INFO - Sync 1 DAGs
[2026-08-06T21:07:28.176+0000] {logging_mixin.py:188} INFO - [2026-08-06T21:07:28.175+0000] {dag.py:3823} INFO - Setting next_dagrun for example_bash_operator to 2026-08-05 00:00:00+00:00, run_after=2026-08-06 00:00:00+00:00
[2026-08-06T21:07:28.232+0000] {processor.py:183} INFO - Processing /home/airflow/.local/lib/python3.8/site-packages/airflow/example_dags/example_bash_operator.py took 0.135 seconds
[2026-08-06T21:07:59.039+0000] {processor.py:161} INFO - Started process (PID=278) to work on /home/airflow/.local/lib/python3.8/site-packages/airflow/example_dags/example_bash_operator.py
[2026-08-06T21:07:59.041+0000] {processor.py:830} INFO - Processing file /home/airflow/.local/lib/python3.8/site-packages/airflow/example_dags/example_bash_operator.py for tasks to queue
[2026-08-06T21:07:59.043+0000] {logging_mixin.py:188} INFO - [2026-08-06T21:07:59.042+0000] {dagbag.py:538} INFO - Filling up the DagBag from /home/airflow/.local/lib/python3.8/site-packages/airflow/example_dags/example_bash_operator.py
[2026-08-06T21:07:59.062+0000] {processor.py:840} INFO - DAG(s) 'example_bash_operator' retrieved from /home/airflow/.local/lib/python3.8/site-packages/airflow/example_dags/example_bash_operator.py
[2026-08-06T21:07:59.107+0000] {logging_mixin.py:188} INFO - [2026-08-06T21:07:59.107+0000] {dag.py:3036} INFO - Sync 1 DAGs
[2026-08-06T21:07:59.141+0000] {logging_mixin.py:188} INFO - [2026-08-06T21:07:59.140+0000] {dag.py:3823} INFO - Setting next_dagrun for example_bash_operator to 2026-08-05 00:00:00+00:00, run_after=2026-08-06 00:00:00+00:00
[2026-08-06T21:07:59.238+0000] {processor.py:183} INFO - Processing /home/airflow/.local/lib/python3.8/site-packages/airflow/example_dags/example_bash_operator.py took 0.202 seconds
[2026-08-06T21:08:29.993+0000] {processor.py:161} INFO - Started process (PID=339) to work on /home/airflow/.local/lib/python3.8/site-packages/airflow/example_dags/example_bash_operator.py
[2026-08-06T21:08:29.994+0000] {processor.py:830} INFO - Processing file /home/airflow/.local/lib/python3.8/site-packages/airflow/example_dags/example_bash_operator.py for tasks to queue
[2026-08-06T21:08:29.996+0000] {logging_mixin.py:188} INFO - [2026-08-06T21:08:29.996+0000] {dagbag.py:538} INFO - Filling up the DagBag from /home/airflow/.local/lib/python3.8/site-packages/airflow/example_dags/example_bash_operator.py
[2026-08-06T21:08:30.009+0000] {processor.py:840} INFO - DAG(s) 'example_bash_operator' retrieved from /home/airflow/.local/lib/python3.8/site-packages/airflow/example_dags/example_bash_operator.py
[2026-08-06T21:08:30.040+0000] {logging_mixin.py:188} INFO - [2026-08-06T21:08:30.039+0000] {dag.py:3036} INFO - Sync 1 DAGs
[2026-08-06T21:08:30.062+0000] {logging_mixin.py:188} INFO - [2026-08-06T21:08:30.062+0000] {dag.py:3823} INFO - Setting next_dagrun for example_bash_operator to 2026-08-05 00:00:00+00:00, run_after=2026-08-06 00:00:00+00:00
[2026-08-06T21:08:30.253+0000] {processor.py:183} INFO - Processing /home/airflow/.local/lib/python3.8/site-packages/airflow/example_dags/example_bash_operator.py took 0.263 seconds
[2026-08-06T21:09:01.127+0000] {processor.py:161} INFO - Started process (PID=394) to work on /home/airflow/.local/lib/python3.8/site-packages/airflow/example_dags/example_bash_operator.py
[2026-08-06T21:09:01.128+0000] {processor.py:830} INFO - Processing file /home/airflow/.local/lib/python3.8/site-packages/airflow/example_dags/example_bash_operator.py for tasks to queue
[2026-08-06T21:09:01.130+0000] {logging_mixin.py:188} INFO - [2026-08-06T21:09:01.130+0000] {dagbag.py:538} INFO - Filling up the DagBag from /home/airflow/.local/lib/python3.8/site-packages/airflow/example_dags/example_bash_operator.py
[2026-08-06T21:09:01.146+0000] {processor.py:840} INFO - DAG(s) 'example_bash_operator' retrieved from /home/airflow/.local/lib/python3.8/site-packages/airflow/example_dags/example_bash_operator.py
[2026-08-06T21:09:01.177+0000] {logging_mixin.py:188} INFO - [2026-08-06T21:09:01.177+0000] {dag.py:3036} INFO - Sync 1 DAGs
[2026-08-06T21:09:01.201+0000] {logging_mixin.py:188} INFO - [2026-08-06T21:09:01.201+0000] {dag.py:3823} INFO - Setting next_dagrun for example_bash_operator to 2026-08-05 00:00:00+00:00, run_after=2026-08-06 00:00:00+00:00
[2026-08-06T21:09:01.276+0000] {processor.py:183} INFO - Processing /home/airflow/.local/lib/python3.8/site-packages/airflow/example_dags/example_bash_operator.py took 0.155 seconds
[2026-08-06T21:09:31.945+0000] {processor.py:161} INFO - Started process (PID=449) to work on /home/airflow/.local/lib/python3.8/site-packages/airflow/example_dags/example_bash_operator.py
[2026-08-06T21:09:31.949+0000] {processor.py:830} INFO - Processing file /home/airflow/.local/lib/python3.8/site-packages/airflow/example_dags/example_bash_operator.py for tasks to queue
[2026-08-06T21:09:31.951+0000] {logging_mixin.py:188} INFO - [2026-08-06T21:09:31.951+0000] {dagbag.py:538} INFO - Filling up the DagBag from /home/airflow/.local/lib/python3.8/site-packages/airflow/example_dags/example_bash_operator.py
[2026-08-06T21:09:31.970+0000] {processor.py:840} INFO - DAG(s) 'example_bash_operator' retrieved from /home/airflow/.local/lib/python3.8/site-packages/airflow/example_dags/example_bash_operator.py
[2026-08-06T21:09:32.014+0000] {logging_mixin.py:188} INFO - [2026-08-06T21:09:32.013+0000] {dag.py:3036} INFO - Sync 1 DAGs
[2026-08-06T21:09:32.048+0000] {logging_mixin.py:188} INFO - [2026-08-06T21:09:32.047+0000] {dag.py:3823} INFO - Setting next_dagrun for example_bash_operator to 2026-08-05 00:00:00+00:00, run_after=2026-08-06 00:00:00+00:00
[2026-08-06T21:09:32.128+0000] {processor.py:183} INFO - Processing /home/airflow/.local/lib/python3.8/site-packages/airflow/example_dags/example_bash_operator.py took 0.187 seconds
[2026-08-06T21:10:02.893+0000] {processor.py:161} INFO - Started process (PID=504) to work on /home/airflow/.local/lib/python3.8/site-packages/airflow/example_dags/example_bash_operator.py
[2026-08-06T21:10:02.895+0000] {processor.py:830} INFO - Processing file /home/airflow/.local/lib/python3.8/site-packages/airflow/example_dags/example_bash_operator.py for tasks to queue
[2026-08-06T21:10:02.897+0000] {logging_mixin.py:188} INFO - [2026-08-06T21:10:02.896+0000] {dagbag.py:538} INFO - Filling up the DagBag from /home/airflow/.local/lib/python3.8/site-packages/airflow/example_dags/example_bash_operator.py
[2026-08-06T21:10:02.910+0000] {processor.py:840} INFO - DAG(s) 'example_bash_operator' retrieved from /home/airflow/.local/lib/python3.8/site-packages/airflow/example_dags/example_bash_operator.py
[2026-08-06T21:10:02.942+0000] {logging_mixin.py:188} INFO - [2026-08-06T21:10:02.942+0000] {dag.py:3036} INFO - Sync 1 DAGs
[2026-08-06T21:10:02.965+0000] {logging_mixin.py:188} INFO - [2026-08-06T21:10:02.965+0000] {dag.py:3823} INFO - Setting next_dagrun for example_bash_operator to 2026-08-05 00:00:00+00:00, run_after=2026-08-06 00:00:00+00:00
[2026-08-06T21:10:03.044+0000] {processor.py:183} INFO - Processing /home/airflow/.local/lib/python3.8/site-packages/airflow/example_dags/example_bash_operator.py took 0.154 seconds
[2026-08-06T21:10:33.154+0000] {processor.py:161} INFO - Started process (PID=559) to work on /home/airflow/.local/lib/python3.8/site-packages/airflow/example_dags/example_bash_operator.py
[2026-08-06T21:10:33.156+0000] {processor.py:830} INFO - Processing file /home/airflow/.local/lib/python3.8/site-packages/airflow/example_dags/example_bash_operator.py for tasks to queue
[2026-08-06T21:10:33.158+0000] {logging_mixin.py:188} INFO - [2026-08-06T21:10:33.158+0000] {dagbag.py:538} INFO - Filling up the DagBag from /home/airflow/.local/lib/python3.8/site-packages/airflow/example_dags/example_bash_operator.py
[2026-08-06T21:10:33.178+0000] {processor.py:840} INFO - DAG(s) 'example_bash_operator' retrieved from /home/airflow/.local/lib/python3.8/site-packages/airflow/example_dags/example_bash_operator.py
[2026-08-06T21:10:33.212+0000] {logging_mixin.py:188} INFO - [2026-08-06T21:10:33.212+0000] {dag.py:3036} INFO - Sync 1 DAGs
[2026-08-06T21:10:33.236+0000] {logging_mixin.py:188} INFO - [2026-08-06T21:10:33.235+0000] {dag.py:3823} INFO - Setting next_dagrun for example_bash_operator to 2026-08-05 00:00:00+00:00, run_after=2026-08-06 00:00:00+00:00
[2026-08-06T21:10:33.322+0000] {processor.py:183} INFO - Processing /home/airflow/.local/lib/python3.8/site-packages/airflow/example_dags/example_bash_operator.py took 0.175 seconds
[2026-08-06T21:11:03.733+0000] {processor.py:161} INFO - Started process (PID=614) to work on /home/airflow/.local/lib/python3.8/site-packages/airflow/example_dags/example_bash_operator.py
[2026-08-06T21:11:03.735+0000] {processor.py:830} INFO - Processing file /home/airflow/.local/lib/python3.8/site-packages/airflow/example_dags/example_bash_operator.py for tasks to queue
[2026-08-06T21:11:03.737+0000] {logging_mixin.py:188} INFO - [2026-08-06T21:11:03.736+0000] {dagbag.py:538} INFO - Filling up the DagBag from /home/airflow/.local/lib/python3.8/site-packages/airflow/example_dags/example_bash_operator.py
[2026-08-06T21:11:03.748+0000] {processor.py:840} INFO - DAG(s) 'example_bash_operator' retrieved from /home/airflow/.local/lib/python3.8/site-packages/airflow/example_dags/example_bash_operator.py
[2026-08-06T21:11:03.775+0000] {logging_mixin.py:188} INFO - [2026-08-06T21:11:03.774+0000] {dag.py:3036} INFO - Sync 1 DAGs
[2026-08-06T21:11:03.798+0000] {logging_mixin.py:188} INFO - [2026-08-06T21:11:03.798+0000] {dag.py:3823} INFO - Setting next_dagrun for example_bash_operator to 2026-08-05 00:00:00+00:00, run_after=2026-08-06 00:00:00+00:00
[2026-08-06T21:11:03.874+0000] {processor.py:183} INFO - Processing /home/airflow/.local/lib/python3.8/site-packages/airflow/example_dags/example_bash_operator.py took 0.144 seconds
[2026-08-06T21:11:34.009+0000] {processor.py:161} INFO - Started process (PID=669) to work on /home/airflow/.local/lib/python3.8/site-packages/airflow/example_dags/example_bash_operator.py
[2026-08-06T21:11:34.011+0000] {processor.py:830} INFO - Processing file /home/airflow/.local/lib/python3.8/site-packages/airflow/example_dags/example_bash_operator.py for tasks to queue
[2026-08-06T21:11:34.015+0000] {logging_mixin.py:188} INFO - [2026-08-06T21:11:34.014+0000] {dagbag.py:538} INFO - Filling up the DagBag from /home/airflow/.local/lib/python3.8/site-packages/airflow/example_dags/example_bash_operator.py
[2026-08-06T21:11:34.035+0000] {processor.py:840} INFO - DAG(s) 'example_bash_operator' retrieved from /home/airflow/.local/lib/python3.8/site-packages/airflow/example_dags/example_bash_operator.py
[2026-08-06T21:11:34.068+0000] {logging_mixin.py:188} INFO - [2026-08-06T21:11:34.067+0000] {dag.py:3036} INFO - Sync 1 DAGs
[2026-08-06T21:11:34.090+0000] {logging_mixin.py:188} INFO - [2026-08-06T21:11:34.090+0000] {dag.py:3823} INFO - Setting next_dagrun for example_bash_operator to 2026-08-05 00:00:00+00:00, run_after=2026-08-06 00:00:00+00:00
[2026-08-06T21:11:34.252+0000] {processor.py:183} INFO - Processing /home/airflow/.local/lib/python3.8/site-packages/airflow/example_dags/example_bash_operator.py took 0.248 seconds
[2026-08-06T21:12:04.361+0000] {processor.py:161} INFO - Started process (PID=724) to work on /home/airflow/.local/lib/python3.8/site-packages/airflow/example_dags/example_bash_operator.py
[2026-08-06T21:12:04.363+0000] {processor.py:830} INFO - Processing file /home/airflow/.local/lib/python3.8/site-packages/airflow/example_dags/example_bash_operator.py for tasks to queue
[2026-08-06T21:12:04.365+0000] {logging_mixin.py:188} INFO - [2026-08-06T21:12:04.364+0000] {dagbag.py:538} INFO - Filling up the DagBag from /home/airflow/.local/lib/python3.8/site-packages/airflow/example_dags/example_bash_operator.py
[2026-08-06T21:12:04.380+0000] {processor.py:840} INFO - DAG(s) 'example_bash_operator' retrieved from /home/airflow/.local/lib/python3.8/site-packages/airflow/example_dags/example_bash_operator.py
[2026-08-06T21:12:04.409+0000] {logging_mixin.py:188} INFO - [2026-08-06T21:12:04.408+0000] {dag.py:3036} INFO - Sync 1 DAGs
[2026-08-06T21:12:04.432+0000] {logging_mixin.py:188} INFO - [2026-08-06T21:12:04.432+0000] {dag.py:3823} INFO - Setting next_dagrun for example_bash_operator to 2026-08-05 00:00:00+00:00, run_after=2026-08-06 00:00:00+00:00
[2026-08-06T21:12:04.484+0000] {processor.py:183} INFO - Processing /home/airflow/.local/lib/python3.8/site-packages/airflow/example_dags/example_bash_operator.py took 0.127 seconds
[2026-08-06T21:12:34.700+0000] {processor.py:161} INFO - Started process (PID=779) to work on /home/airflow/.local/lib/python3.8/site-packages/airflow/example_dags/example_bash_operator.py
[2026-08-06T21:12:34.701+0000] {processor.py:830} INFO - Processing file /home/airflow/.local/lib/python3.8/site-packages/airflow/example_dags/example_bash_operator.py for tasks to queue
[2026-08-06T21:12:34.703+0000] {logging_mixin.py:188} INFO - [2026-08-06T21:12:34.703+0000] {dagbag.py:538} INFO - Filling up the DagBag from /home/airflow/.local/lib/python3.8/site-packages/airflow/example_dags/example_bash_operator.py
[2026-08-06T21:12:34.716+0000] {processor.py:840} INFO - DAG(s) 'example_bash_operator' retrieved from /home/airflow/.local/lib/python3.8/site-packages/airflow/example_dags/example_bash_operator.py
[2026-08-06T21:12:34.745+0000] {logging_mixin.py:188} INFO - [2026-08-06T21:12:34.744+0000] {dag.py:3036} INFO - Sync 1 DAGs
[2026-08-06T21:12:34.768+0000] {logging_mixin.py:188} INFO - [2026-08-06T21:12:34.768+0000] {dag.py:3823} INFO - Setting next_dagrun for example_bash_operator to 2026-08-05 00:00:00+00:00, run_after=2026-08-06 00:00:00+00:00
[2026-08-06T21:12:34.854+0000] {processor.py:183} INFO - Processing /home/airflow/.local/lib/python3.8/site-packages/airflow/example_dags/example_bash_operator.py took 0.158 seconds
[2026-08-06T21:13:05.059+0000] {processor.py:161} INFO - Started process (PID=834) to work on /home/airflow/.local/lib/python3.8/site-packages/airflow/example_dags/example_bash_operator.py
[2026-08-06T21:13:05.060+0000] {processor.py:830} INFO - Processing file /home/airflow/.local/lib/python3.8/site-packages/airflow/example_dags/example_bash_operator.py for tasks to queue
[2026-08-06T21:13:05.063+0000] {logging_mixin.py:188} INFO - [2026-08-06T21:13:05.062+0000] {dagbag.py:538} INFO - Filling up the DagBag from /home/airflow/.local/lib/python3.8/site-packages/airflow/example_dags/example_bash_operator.py
[2026-08-06T21:13:05.074+0000] {processor.py:840} INFO - DAG(s) 'example_bash_operator' retrieved from /home/airflow/.local/lib/python3.8/site-packages/airflow/example_dags/example_bash_operator.py
[2026-08-06T21:13:05.101+0000] {logging_mixin.py:188} INFO - [2026-08-06T21:13:05.100+0000] {dag.py:3036} INFO - Sync 1 DAGs
[2026-08-06T21:13:05.124+0000] {logging_mixin.py:188} INFO - [2026-08-06T21:13:05.123+0000] {dag.py:3823} INFO - Setting next_dagrun for example_bash_operator to 2026-08-05 00:00:00+00:00, run_after=2026-08-06 00:00:00+00:00
[2026-08-06T21:13:05.146+0000] {processor.py:183} INFO - Processing /home/airflow/.local/lib/python3.8/site-packages/airflow/example_dags/example_bash_operator.py took 0.091 seconds
[2026-08-06T21:13:35.634+0000] {processor.py:161} INFO - Started process (PID=889) to work on /home/airflow/.local/lib/python3.8/site-packages/airflow/example_dags/example_bash_operator.py
[2026-08-06T21:13:35.635+0000] {processor.py:830} INFO - Processing file /home/airflow/.local/lib/python3.8/site-packages/airflow/example_dags/example_bash_operator.py for tasks to queue
[2026-08-06T21:13:35.637+0000] {logging_mixin.py:188} INFO - [2026-08-06T21:13:35.637+0000] {dagbag.py:538} INFO - Filling up the DagBag from /home/airflow/.local/lib/python3.8/site-packages/airflow/example_dags/example_bash_operator.py
[2026-08-06T21:13:35.650+0000] {processor.py:840} INFO - DAG(s) 'example_bash_operator' retrieved from /home/airflow/.local/lib/python3.8/site-packages/airflow/example_dags/example_bash_operator.py
[2026-08-06T21:13:35.677+0000] {logging_mixin.py:188} INFO - [2026-08-06T21:13:35.677+0000] {dag.py:3036} INFO - Sync 1 DAGs
[2026-08-06T21:13:35.698+0000] {logging_mixin.py:188} INFO - [2026-08-06T21:13:35.698+0000] {dag.py:3823} INFO - Setting next_dagrun for example_bash_operator to 2026-08-05 00:00:00+00:00, run_after=2026-08-06 00:00:00+00:00
[2026-08-06T21:13:35.719+0000] {processor.py:183} INFO - Processing /home/airflow/.local/lib/python3.8/site-packages/airflow/example_dags/example_bash_operator.py took 0.089 seconds
[2026-08-06T21:14:06.056+0000] {processor.py:161} INFO - Started process (PID=944) to work on /home/airflow/.local/lib/python3.8/site-packages/airflow/example_dags/example_bash_operator.py
[2026-08-06T21:14:06.057+0000] {processor.py:830} INFO - Processing file /home/airflow/.local/lib/python3.8/site-packages/airflow/example_dags/example_bash_operator.py for tasks to queue
[2026-08-06T21:14:06.059+0000] {logging_mixin.py:188} INFO - [2026-08-06T21:14:06.059+0000] {dagbag.py:538} INFO - Filling up the DagBag from /home/airflow/.local/lib/python3.8/site-packages/airflow/example_dags/example_bash_operator.py
[2026-08-06T21:14:06.070+0000] {processor.py:840} INFO - DAG(s) 'example_bash_operator' retrieved from /home/airflow/.local/lib/python3.8/site-packages/airflow/example_dags/example_bash_operator.py
[2026-08-06T21:14:06.099+0000] {logging_mixin.py:188} INFO - [2026-08-06T21:14:06.099+0000] {dag.py:3036} INFO - Sync 1 DAGs
[2026-08-06T21:14:06.123+0000] {logging_mixin.py:188} INFO - [2026-08-06T21:14:06.123+0000] {dag.py:3823} INFO - Setting next_dagrun for example_bash_operator to 2026-08-05 00:00:00+00:00, run_after=2026-08-06 00:00:00+00:00
[2026-08-06T21:14:06.147+0000] {processor.py:183} INFO - Processing /home/airflow/.local/lib/python3.8/site-packages/airflow/example_dags/example_bash_operator.py took 0.095 seconds
[2026-08-06T21:14:36.336+0000] {processor.py:161} INFO - Started process (PID=999) to work on /home/airflow/.local/lib/python3.8/site-packages/airflow/example_dags/example_bash_operator.py
[2026-08-06T21:14:36.337+0000] {processor.py:830} INFO - Processing file /home/airflow/.local/lib/python3.8/site-packages/airflow/example_dags/example_bash_operator.py for tasks to queue
[2026-08-06T21:14:36.340+0000] {logging_mixin.py:188} INFO - [2026-08-06T21:14:36.339+0000] {dagbag.py:538} INFO - Filling up the DagBag from /home/airflow/.local/lib/python3.8/site-packages/airflow/example_dags/example_bash_operator.py
[2026-08-06T21:14:36.352+0000] {processor.py:840} INFO - DAG(s) 'example_bash_operator' retrieved from /home/airflow/.local/lib/python3.8/site-packages/airflow/example_dags/example_bash_operator.py
[2026-08-06T21:14:36.382+0000] {logging_mixin.py:188} INFO - [2026-08-06T21:14:36.382+0000] {dag.py:3036} INFO - Sync 1 DAGs
[2026-08-06T21:14:36.408+0000] {logging_mixin.py:188} INFO - [2026-08-06T21:14:36.408+0000] {dag.py:3823} INFO - Setting next_dagrun for example_bash_operator to 2026-08-05 00:00:00+00:00, run_after=2026-08-06 00:00:00+00:00
[2026-08-06T21:14:36.440+0000] {processor.py:183} INFO - Processing /home/airflow/.local/lib/python3.8/site-packages/airflow/example_dags/example_bash_operator.py took 0.108 seconds
[2026-08-06T21:15:06.545+0000] {processor.py:161} INFO - Started process (PID=1054) to work on /home/airflow/.local/lib/python3.8/site-packages/airflow/example_dags/example_bash_operator.py
[2026-08-06T21:15:06.546+0000] {processor.py:830} INFO - Processing file /home/airflow/.local/lib/python3.8/site-packages/airflow/example_dags/example_bash_operator.py for tasks to queue
[2026-08-06T21:15:06.549+0000] {logging_mixin.py:188} INFO - [2026-08-06T21:15:06.548+0000] {dagbag.py:538} INFO - Filling up the DagBag from /home/airflow/.local/lib/python3.8/site-packages/airflow/example_dags/example_bash_operator.py
[2026-08-06T21:15:06.563+0000] {processor.py:840} INFO - DAG(s) 'example_bash_operator' retrieved from /home/airflow/.local/lib/python3.8/site-packages/airflow/example_dags/example_bash_operator.py
[2026-08-06T21:15:06.594+0000] {logging_mixin.py:188} INFO - [2026-08-06T21:15:06.594+0000] {dag.py:3036} INFO - Sync 1 DAGs
[2026-08-06T21:15:06.621+0000] {logging_mixin.py:188} INFO - [2026-08-06T21:15:06.621+0000] {dag.py:3823} INFO - Setting next_dagrun for example_bash_operator to 2026-08-05 00:00:00+00:00, run_after=2026-08-06 00:00:00+00:00
[2026-08-06T21:15:06.644+0000] {processor.py:183} INFO - Processing /home/airflow/.local/lib/python3.8/site-packages/airflow/example_dags/example_bash_operator.py took 0.103 seconds
[2026-08-06T21:15:36.949+0000] {processor.py:161} INFO - Started process (PID=1109) to work on /home/airflow/.local/lib/python3.8/site-packages/airflow/example_dags/example_bash_operator.py
[2026-08-06T21:15:36.950+0000] {processor.py:830} INFO - Processing file /home/airflow/.local/lib/python3.8/site-packages/airflow/example_dags/example_bash_operator.py for tasks to queue
[2026-08-06T21:15:36.954+0000] {logging_mixin.py:188} INFO - [2026-08-06T21:15:36.953+0000] {dagbag.py:538} INFO - Filling up the DagBag from /home/airflow/.local/lib/python3.8/site-packages/airflow/example_dags/example_bash_operator.py
[2026-08-06T21:15:36.976+0000] {processor.py:840} INFO - DAG(s) 'example_bash_operator' retrieved from /home/airflow/.local/lib/python3.8/site-packages/airflow/example_dags/example_bash_operator.py
[2026-08-06T21:15:37.022+0000] {logging_mixin.py:188} INFO - [2026-08-06T21:15:37.019+0000] {dag.py:3036} INFO - Sync 1 DAGs
[2026-08-06T21:15:37.052+0000] {logging_mixin.py:188} INFO - [2026-08-06T21:15:37.051+0000] {dag.py:3823} INFO - Setting next_dagrun for example_bash_operator to 2026-08-05 00:00:00+00:00, run_after=2026-08-06 00:00:00+00:00
[2026-08-06T21:15:37.080+0000] {processor.py:183} INFO - Processing /home/airflow/.local/lib/python3.8/site-packages/airflow/example_dags/example_bash_operator.py took 0.136 seconds
[2026-08-06T21:16:07.465+0000] {processor.py:161} INFO - Started process (PID=1180) to work on /home/airflow/.local/lib/python3.8/site-packages/airflow/example_dags/example_bash_operator.py
[2026-08-06T21:16:07.466+0000] {processor.py:830} INFO - Processing file /home/airflow/.local/lib/python3.8/site-packages/airflow/example_dags/example_bash_operator.py for tasks to queue
[2026-08-06T21:16:07.468+0000] {logging_mixin.py:188} INFO - [2026-08-06T21:16:07.468+0000] {dagbag.py:538} INFO - Filling up the DagBag from /home/airflow/.local/lib/python3.8/site-packages/airflow/example_dags/example_bash_operator.py
[2026-08-06T21:16:07.479+0000] {processor.py:840} INFO - DAG(s) 'example_bash_operator' retrieved from /home/airflow/.local/lib/python3.8/site-packages/airflow/example_dags/example_bash_operator.py
[2026-08-06T21:16:07.508+0000] {logging_mixin.py:188} INFO - [2026-08-06T21:16:07.508+0000] {dag.py:3036} INFO - Sync 1 DAGs
[2026-08-06T21:16:07.532+0000] {logging_mixin.py:188} INFO - [2026-08-06T21:16:07.532+0000] {dag.py:3823} INFO - Setting next_dagrun for example_bash_operator to 2026-08-05 00:00:00+00:00, run_after=2026-08-06 00:00:00+00:00
[2026-08-06T21:16:07.555+0000] {processor.py:183} INFO - Processing /home/airflow/.local/lib/python3.8/site-packages/airflow/example_dags/example_bash_operator.py took 0.094 seconds
[2026-08-06T21:16:38.375+0000] {processor.py:161} INFO - Started process (PID=1239) to work on /home/airflow/.local/lib/python3.8/site-packages/airflow/example_dags/example_bash_operator.py
[2026-08-06T21:16:38.376+0000] {processor.py:830} INFO - Processing file /home/airflow/.local/lib/python3.8/site-packages/airflow/example_dags/example_bash_operator.py for tasks to queue
[2026-08-06T21:16:38.378+0000] {logging_mixin.py:188} INFO - [2026-08-06T21:16:38.378+0000] {dagbag.py:538} INFO - Filling up the DagBag from /home/airflow/.local/lib/python3.8/site-packages/airflow/example_dags/example_bash_operator.py
[2026-08-06T21:16:38.390+0000] {processor.py:840} INFO - DAG(s) 'example_bash_operator' retrieved from /home/airflow/.local/lib/python3.8/site-packages/airflow/example_dags/example_bash_operator.py
[2026-08-06T21:16:38.418+0000] {logging_mixin.py:188} INFO - [2026-08-06T21:16:38.418+0000] {dag.py:3036} INFO - Sync 1 DAGs
[2026-08-06T21:16:38.442+0000] {logging_mixin.py:188} INFO - [2026-08-06T21:16:38.442+0000] {dag.py:3823} INFO - Setting next_dagrun for example_bash_operator to 2026-08-05 00:00:00+00:00, run_after=2026-08-06 00:00:00+00:00
[2026-08-06T21:16:38.470+0000] {processor.py:183} INFO - Processing /home/airflow/.local/lib/python3.8/site-packages/airflow/example_dags/example_bash_operator.py took 0.098 seconds
[2026-08-06T21:17:08.685+0000] {processor.py:161} INFO - Started process (PID=1298) to work on /home/airflow/.local/lib/python3.8/site-packages/airflow/example_dags/example_bash_operator.py
[2026-08-06T21:17:08.688+0000] {processor.py:830} INFO - Processing file /home/airflow/.local/lib/python3.8/site-packages/airflow/example_dags/example_bash_operator.py for tasks to queue
[2026-08-06T21:17:08.691+0000] {logging_mixin.py:188} INFO - [2026-08-06T21:17:08.691+0000] {dagbag.py:538} INFO - Filling up the DagBag from /home/airflow/.local/lib/python3.8/site-packages/airflow/example_dags/example_bash_operator.py
[2026-08-06T21:17:08.721+0000] {processor.py:840} INFO - DAG(s) 'example_bash_operator' retrieved from /home/airflow/.local/lib/python3.8/site-packages/airflow/example_dags/example_bash_operator.py
[2026-08-06T21:17:08.771+0000] {logging_mixin.py:188} INFO - [2026-08-06T21:17:08.771+0000] {dag.py:3036} INFO - Sync 1 DAGs
[2026-08-06T21:17:08.801+0000] {logging_mixin.py:188} INFO - [2026-08-06T21:17:08.801+0000] {dag.py:3823} INFO - Setting next_dagrun for example_bash_operator to 2026-08-05 00:00:00+00:00, run_after=2026-08-06 00:00:00+00:00
[2026-08-06T21:17:08.833+0000] {processor.py:183} INFO - Processing /home/airflow/.local/lib/python3.8/site-packages/airflow/example_dags/example_bash_operator.py took 0.152 seconds
[2026-08-06T21:17:38.975+0000] {processor.py:161} INFO - Started process (PID=1357) to work on /home/airflow/.local/lib/python3.8/site-packages/airflow/example_dags/example_bash_operator.py
[2026-08-06T21:17:38.977+0000] {processor.py:830} INFO - Processing file /home/airflow/.local/lib/python3.8/site-packages/airflow/example_dags/example_bash_operator.py for tasks to queue
[2026-08-06T21:17:38.979+0000] {logging_mixin.py:188} INFO - [2026-08-06T21:17:38.979+0000] {dagbag.py:538} INFO - Filling up the DagBag from /home/airflow/.local/lib/python3.8/site-packages/airflow/example_dags/example_bash_operator.py
[2026-08-06T21:17:38.996+0000] {processor.py:840} INFO - DAG(s) 'example_bash_operator' retrieved from /home/airflow/.local/lib/python3.8/site-packages/airflow/example_dags/example_bash_operator.py
[2026-08-06T21:17:39.030+0000] {logging_mixin.py:188} INFO - [2026-08-06T21:17:39.030+0000] {dag.py:3036} INFO - Sync 1 DAGs
[2026-08-06T21:17:39.058+0000] {logging_mixin.py:188} INFO - [2026-08-06T21:17:39.058+0000] {dag.py:3823} INFO - Setting next_dagrun for example_bash_operator to 2026-08-05 00:00:00+00:00, run_after=2026-08-06 00:00:00+00:00
[2026-08-06T21:17:39.082+0000] {processor.py:183} INFO - Processing /home/airflow/.local/lib/python3.8/site-packages/airflow/example_dags/example_bash_operator.py took 0.111 seconds
[2026-08-06T21:18:09.425+0000] {processor.py:161} INFO - Started process (PID=1416) to work on /home/airflow/.local/lib/python3.8/site-packages/airflow/example_dags/example_bash_operator.py
[2026-08-06T21:18:09.427+0000] {processor.py:830} INFO - Processing file /home/airflow/.local/lib/python3.8/site-packages/airflow/example_dags/example_bash_operator.py for tasks to queue
[2026-08-06T21:18:09.430+0000] {logging_mixin.py:188} INFO - [2026-08-06T21:18:09.430+0000] {dagbag.py:538} INFO - Filling up the DagBag from /home/airflow/.local/lib/python3.8/site-packages/airflow/example_dags/example_bash_operator.py
[2026-08-06T21:18:09.443+0000] {processor.py:840} INFO - DAG(s) 'example_bash_operator' retrieved from /home/airflow/.local/lib/python3.8/site-packages/airflow/example_dags/example_bash_operator.py
[2026-08-06T21:18:09.474+0000] {logging_mixin.py:188} INFO - [2026-08-06T21:18:09.473+0000] {dag.py:3036} INFO - Sync 1 DAGs
[2026-08-06T21:18:09.499+0000] {logging_mixin.py:188} INFO - [2026-08-06T21:18:09.499+0000] {dag.py:3823} INFO - Setting next_dagrun for example_bash_operator to 2026-08-05 00:00:00+00:00, run_after=2026-08-06 00:00:00+00:00
[2026-08-06T21:18:09.521+0000] {processor.py:183} INFO - Processing /home/airflow/.local/lib/python3.8/site-packages/airflow/example_dags/example_bash_operator.py took 0.100 seconds
[2026-08-06T21:18:39.588+0000] {processor.py:161} INFO - Started process (PID=1475) to work on /home/airflow/.local/lib/python3.8/site-packages/airflow/example_dags/example_bash_operator.py
[2026-08-06T21:18:39.590+0000] {processor.py:830} INFO - Processing file /home/airflow/.local/lib/python3.8/site-packages/airflow/example_dags/example_bash_operator.py for tasks to queue
[2026-08-06T21:18:39.592+0000] {logging_mixin.py:188} INFO - [2026-08-06T21:18:39.591+0000] {dagbag.py:538} INFO - Filling up the DagBag from /home/airflow/.local/lib/python3.8/site-packages/airflow/example_dags/example_bash_operator.py
[2026-08-06T21:18:39.604+0000] {processor.py:840} INFO - DAG(s) 'example_bash_operator' retrieved from /home/airflow/.local/lib/python3.8/site-packages/airflow/example_dags/example_bash_operator.py
[2026-08-06T21:18:39.635+0000] {logging_mixin.py:188} INFO - [2026-08-06T21:18:39.635+0000] {dag.py:3036} INFO - Sync 1 DAGs
[2026-08-06T21:18:39.661+0000] {logging_mixin.py:188} INFO - [2026-08-06T21:18:39.661+0000] {dag.py:3823} INFO - Setting next_dagrun for example_bash_operator to 2026-08-05 00:00:00+00:00, run_after=2026-08-06 00:00:00+00:00
[2026-08-06T21:18:39.687+0000] {processor.py:183} INFO - Processing /home/airflow/.local/lib/python3.8/site-packages/airflow/example_dags/example_bash_operator.py took 0.102 seconds
[2026-08-06T21:19:09.999+0000] {processor.py:161} INFO - Started process (PID=1534) to work on /home/airflow/.local/lib/python3.8/site-packages/airflow/example_dags/example_bash_operator.py
[2026-08-06T21:19:10.000+0000] {processor.py:830} INFO - Processing file /home/airflow/.local/lib/python3.8/site-packages/airflow/example_dags/example_bash_operator.py for tasks to queue
[2026-08-06T21:19:10.003+0000] {logging_mixin.py:188} INFO - [2026-08-06T21:19:10.002+0000] {dagbag.py:538} INFO - Filling up the DagBag from /home/airflow/.local/lib/python3.8/site-packages/airflow/example_dags/example_bash_operator.py
[2026-08-06T21:19:10.016+0000] {processor.py:840} INFO - DAG(s) 'example_bash_operator' retrieved from /home/airflow/.local/lib/python3.8/site-packages/airflow/example_dags/example_bash_operator.py
[2026-08-06T21:19:10.044+0000] {logging_mixin.py:188} INFO - [2026-08-06T21:19:10.044+0000] {dag.py:3036} INFO - Sync 1 DAGs
[2026-08-06T21:19:10.068+0000] {logging_mixin.py:188} INFO - [2026-08-06T21:19:10.067+0000] {dag.py:3823} INFO - Setting next_dagrun for example_bash_operator to 2026-08-05 00:00:00+00:00, run_after=2026-08-06 00:00:00+00:00
[2026-08-06T21:19:10.089+0000] {processor.py:183} INFO - Processing /home/airflow/.local/lib/python3.8/site-packages/airflow/example_dags/example_bash_operator.py took 0.096 seconds
[2026-08-06T21:19:40.514+0000] {processor.py:161} INFO - Started process (PID=1593) to work on /home/airflow/.local/lib/python3.8/site-packages/airflow/example_dags/example_bash_operator.py
[2026-08-06T21:19:40.515+0000] {processor.py:830} INFO - Processing file /home/airflow/.local/lib/python3.8/site-packages/airflow/example_dags/example_bash_operator.py for tasks to queue
[2026-08-06T21:19:40.518+0000] {logging_mixin.py:188} INFO - [2026-08-06T21:19:40.518+0000] {dagbag.py:538} INFO - Filling up the DagBag from /home/airflow/.local/lib/python3.8/site-packages/airflow/example_dags/example_bash_operator.py
[2026-08-06T21:19:40.536+0000] {processor.py:840} INFO - DAG(s) 'example_bash_operator' retrieved from /home/airflow/.local/lib/python3.8/site-packages/airflow/example_dags/example_bash_operator.py
[2026-08-06T21:19:40.577+0000] {logging_mixin.py:188} INFO - [2026-08-06T21:19:40.577+0000] {dag.py:3036} INFO - Sync 1 DAGs
[2026-08-06T21:19:40.603+0000] {logging_mixin.py:188} INFO - [2026-08-06T21:19:40.603+0000] {dag.py:3823} INFO - Setting next_dagrun for example_bash_operator to 2026-08-05 00:00:00+00:00, run_after=2026-08-06 00:00:00+00:00
[2026-08-06T21:19:40.627+0000] {processor.py:183} INFO - Processing /home/airflow/.local/lib/python3.8/site-packages/airflow/example_dags/example_bash_operator.py took 0.119 seconds
[2026-08-06T21:20:11.508+0000] {processor.py:161} INFO - Started process (PID=1652) to work on /home/airflow/.local/lib/python3.8/site-packages/airflow/example_dags/example_bash_operator.py
[2026-08-06T21:20:11.510+0000] {processor.py:830} INFO - Processing file /home/airflow/.local/lib/python3.8/site-packages/airflow/example_dags/example_bash_operator.py for tasks to queue
[2026-08-06T21:20:11.514+0000] {logging_mixin.py:188} INFO - [2026-08-06T21:20:11.513+0000] {dagbag.py:538} INFO - Filling up the DagBag from /home/airflow/.local/lib/python3.8/site-packages/airflow/example_dags/example_bash_operator.py
[2026-08-06T21:20:11.531+0000] {processor.py:840} INFO - DAG(s) 'example_bash_operator' retrieved from /home/airflow/.local/lib/python3.8/site-packages/airflow/example_dags/example_bash_operator.py
[2026-08-06T21:20:11.589+0000] {logging_mixin.py:188} INFO - [2026-08-06T21:20:11.588+0000] {dag.py:3036} INFO - Sync 1 DAGs
[2026-08-06T21:20:11.665+0000] {logging_mixin.py:188} INFO - [2026-08-06T21:20:11.665+0000] {dag.py:3823} INFO - Setting next_dagrun for example_bash_operator to 2026-08-05 00:00:00+00:00, run_after=2026-08-06 00:00:00+00:00
[2026-08-06T21:20:11.706+0000] {processor.py:183} INFO - Processing /home/airflow/.local/lib/python3.8/site-packages/airflow/example_dags/example_bash_operator.py took 0.203 seconds
[2026-08-06T21:20:41.888+0000] {processor.py:161} INFO - Started process (PID=1711) to work on /home/airflow/.local/lib/python3.8/site-packages/airflow/example_dags/example_bash_operator.py
[2026-08-06T21:20:41.890+0000] {processor.py:830} INFO - Processing file /home/airflow/.local/lib/python3.8/site-packages/airflow/example_dags/example_bash_operator.py for tasks to queue
[2026-08-06T21:20:41.893+0000] {logging_mixin.py:188} INFO - [2026-08-06T21:20:41.893+0000] {dagbag.py:538} INFO - Filling up the DagBag from /home/airflow/.local/lib/python3.8/site-packages/airflow/example_dags/example_bash_operator.py
[2026-08-06T21:20:41.910+0000] {processor.py:840} INFO - DAG(s) 'example_bash_operator' retrieved from /home/airflow/.local/lib/python3.8/site-packages/airflow/example_dags/example_bash_operator.py
[2026-08-06T21:20:41.961+0000] {logging_mixin.py:188} INFO - [2026-08-06T21:20:41.961+0000] {dag.py:3036} INFO - Sync 1 DAGs
[2026-08-06T21:20:42.018+0000] {logging_mixin.py:188} INFO - [2026-08-06T21:20:42.018+0000] {dag.py:3823} INFO - Setting next_dagrun for example_bash_operator to 2026-08-05 00:00:00+00:00, run_after=2026-08-06 00:00:00+00:00
[2026-08-06T21:20:42.092+0000] {processor.py:183} INFO - Processing /home/airflow/.local/lib/python3.8/site-packages/airflow/example_dags/example_bash_operator.py took 0.209 seconds
[2026-08-06T21:21:12.145+0000] {processor.py:161} INFO - Started process (PID=1770) to work on /home/airflow/.local/lib/python3.8/site-packages/airflow/example_dags/example_bash_operator.py
[2026-08-06T21:21:12.146+0000] {processor.py:830} INFO - Processing file /home/airflow/.local/lib/python3.8/site-packages/airflow/example_dags/example_bash_operator.py for tasks to queue
[2026-08-06T21:21:12.148+0000] {logging_mixin.py:188} INFO - [2026-08-06T21:21:12.148+0000] {dagbag.py:538} INFO - Filling up the DagBag from /home/airflow/.local/lib/python3.8/site-packages/airflow/example_dags/example_bash_operator.py
[2026-08-06T21:21:12.159+0000] {processor.py:840} INFO - DAG(s) 'example_bash_operator' retrieved from /home/airflow/.local/lib/python3.8/site-packages/airflow/example_dags/example_bash_operator.py
[2026-08-06T21:21:12.186+0000] {logging_mixin.py:188} INFO - [2026-08-06T21:21:12.186+0000] {dag.py:3036} INFO - Sync 1 DAGs
[2026-08-06T21:21:12.206+0000] {logging_mixin.py:188} INFO - [2026-08-06T21:21:12.205+0000] {dag.py:3823} INFO - Setting next_dagrun for example_bash_operator to 2026-08-05 00:00:00+00:00, run_after=2026-08-06 00:00:00+00:00
[2026-08-06T21:21:12.224+0000] {processor.py:183} INFO - Processing /home/airflow/.local/lib/python3.8/site-packages/airflow/example_dags/example_bash_operator.py took 0.082 seconds
[2026-08-06T21:21:42.571+0000] {processor.py:161} INFO - Started process (PID=1829) to work on /home/airflow/.local/lib/python3.8/site-packages/airflow/example_dags/example_bash_operator.py
[2026-08-06T21:21:42.572+0000] {processor.py:830} INFO - Processing file /home/airflow/.local/lib/python3.8/site-packages/airflow/example_dags/example_bash_operator.py for tasks to queue
[2026-08-06T21:21:42.575+0000] {logging_mixin.py:188} INFO - [2026-08-06T21:21:42.574+0000] {dagbag.py:538} INFO - Filling up the DagBag from /home/airflow/.local/lib/python3.8/site-packages/airflow/example_dags/example_bash_operator.py
[2026-08-06T21:21:42.589+0000] {processor.py:840} INFO - DAG(s) 'example_bash_operator' retrieved from /home/airflow/.local/lib/python3.8/site-packages/airflow/example_dags/example_bash_operator.py
[2026-08-06T21:21:42.620+0000] {logging_mixin.py:188} INFO - [2026-08-06T21:21:42.620+0000] {dag.py:3036} INFO - Sync 1 DAGs
[2026-08-06T21:21:42.642+0000] {logging_mixin.py:188} INFO - [2026-08-06T21:21:42.642+0000] {dag.py:3823} INFO - Setting next_dagrun for example_bash_operator to 2026-08-05 00:00:00+00:00, run_after=2026-08-06 00:00:00+00:00
[2026-08-06T21:21:42.660+0000] {processor.py:183} INFO - Processing /home/airflow/.local/lib/python3.8/site-packages/airflow/example_dags/example_bash_operator.py took 0.093 seconds
[2026-08-06T21:22:12.996+0000] {processor.py:161} INFO - Started process (PID=1888) to work on /home/airflow/.local/lib/python3.8/site-packages/airflow/example_dags/example_bash_operator.py
[2026-08-06T21:22:12.997+0000] {processor.py:830} INFO - Processing file /home/airflow/.local/lib/python3.8/site-packages/airflow/example_dags/example_bash_operator.py for tasks to queue
[2026-08-06T21:22:13.000+0000] {logging_mixin.py:188} INFO - [2026-08-06T21:22:12.999+0000] {dagbag.py:538} INFO - Filling up the DagBag from /home/airflow/.local/lib/python3.8/site-packages/airflow/example_dags/example_bash_operator.py
[2026-08-06T21:22:13.012+0000] {processor.py:840} INFO - DAG(s) 'example_bash_operator' retrieved from /home/airflow/.local/lib/python3.8/site-packages/airflow/example_dags/example_bash_operator.py
[2026-08-06T21:22:13.041+0000] {logging_mixin.py:188} INFO - [2026-08-06T21:22:13.041+0000] {dag.py:3036} INFO - Sync 1 DAGs
[2026-08-06T21:22:13.064+0000] {logging_mixin.py:188} INFO - [2026-08-06T21:22:13.064+0000] {dag.py:3823} INFO - Setting next_dagrun for example_bash_operator to 2026-08-05 00:00:00+00:00, run_after=2026-08-06 00:00:00+00:00
[2026-08-06T21:22:13.083+0000] {processor.py:183} INFO - Processing /home/airflow/.local/lib/python3.8/site-packages/airflow/example_dags/example_bash_operator.py took 0.090 seconds
[2026-08-06T21:22:43.689+0000] {processor.py:161} INFO - Started process (PID=1947) to work on /home/airflow/.local/lib/python3.8/site-packages/airflow/example_dags/example_bash_operator.py
[2026-08-06T21:22:43.690+0000] {processor.py:830} INFO - Processing file /home/airflow/.local/lib/python3.8/site-packages/airflow/example_dags/example_bash_operator.py for tasks to queue
[2026-08-06T21:22:43.693+0000] {logging_mixin.py:188} INFO - [2026-08-06T21:22:43.692+0000] {dagbag.py:538} INFO - Filling up the DagBag from /home/airflow/.local/lib/python3.8/site-packages/airflow/example_dags/example_bash_operator.py
[2026-08-06T21:22:43.706+0000] {processor.py:840} INFO - DAG(s) 'example_bash_operator' retrieved from /home/airflow/.local/lib/python3.8/site-packages/airflow/example_dags/example_bash_operator.py
[2026-08-06T21:22:43.736+0000] {logging_mixin.py:188} INFO - [2026-08-06T21:22:43.736+0000] {dag.py:3036} INFO - Sync 1 DAGs
[2026-08-06T21:22:43.761+0000] {logging_mixin.py:188} INFO - [2026-08-06T21:22:43.761+0000] {dag.py:3823} INFO - Setting next_dagrun for example_bash_operator to 2026-08-05 00:00:00+00:00, run_after=2026-08-06 00:00:00+00:00
[2026-08-06T21:22:43.779+0000] {processor.py:183} INFO - Processing /home/airflow/.local/lib/python3.8/site-packages/airflow/example_dags/example_bash_operator.py took 0.093 seconds
[2026-08-06T21:23:14.401+0000] {processor.py:161} INFO - Started process (PID=2006) to work on /home/airflow/.local/lib/python3.8/site-packages/airflow/example_dags/example_bash_operator.py
[2026-08-06T21:23:14.403+0000] {processor.py:830} INFO - Processing file /home/airflow/.local/lib/python3.8/site-packages/airflow/example_dags/example_bash_operator.py for tasks to queue
[2026-08-06T21:23:14.405+0000] {logging_mixin.py:188} INFO - [2026-08-06T21:23:14.405+0000] {dagbag.py:538} INFO - Filling up the DagBag from /home/airflow/.local/lib/python3.8/site-packages/airflow/example_dags/example_bash_operator.py
[2026-08-06T21:23:14.417+0000] {processor.py:840} INFO - DAG(s) 'example_bash_operator' retrieved from /home/airflow/.local/lib/python3.8/site-packages/airflow/example_dags/example_bash_operator.py
[2026-08-06T21:23:14.449+0000] {logging_mixin.py:188} INFO - [2026-08-06T21:23:14.449+0000] {dag.py:3036} INFO - Sync 1 DAGs
[2026-08-06T21:23:14.471+0000] {logging_mixin.py:188} INFO - [2026-08-06T21:23:14.470+0000] {dag.py:3823} INFO - Setting next_dagrun for example_bash_operator to 2026-08-05 00:00:00+00:00, run_after=2026-08-06 00:00:00+00:00
[2026-08-06T21:23:14.488+0000] {processor.py:183} INFO - Processing /home/airflow/.local/lib/python3.8/site-packages/airflow/example_dags/example_bash_operator.py took 0.090 seconds
[2026-08-06T21:23:44.913+0000] {processor.py:161} INFO - Started process (PID=2065) to work on /home/airflow/.local/lib/python3.8/site-packages/airflow/example_dags/example_bash_operator.py
[2026-08-06T21:23:44.915+0000] {processor.py:830} INFO - Processing file /home/airflow/.local/lib/python3.8/site-packages/airflow/example_dags/example_bash_operator.py for tasks to queue
[2026-08-06T21:23:44.918+0000] {logging_mixin.py:188} INFO - [2026-08-06T21:23:44.918+0000] {dagbag.py:538} INFO - Filling up the DagBag from /home/airflow/.local/lib/python3.8/site-packages/airflow/example_dags/example_bash_operator.py
[2026-08-06T21:23:44.934+0000] {processor.py:840} INFO - DAG(s) 'example_bash_operator' retrieved from /home/airflow/.local/lib/python3.8/site-packages/airflow/example_dags/example_bash_operator.py
[2026-08-06T21:23:44.967+0000] {logging_mixin.py:188} INFO - [2026-08-06T21:23:44.966+0000] {dag.py:3036} INFO - Sync 1 DAGs
[2026-08-06T21:23:44.989+0000] {logging_mixin.py:188} INFO - [2026-08-06T21:23:44.989+0000] {dag.py:3823} INFO - Setting next_dagrun for example_bash_operator to 2026-08-05 00:00:00+00:00, run_after=2026-08-06 00:00:00+00:00
[2026-08-06T21:23:45.007+0000] {processor.py:183} INFO - Processing /home/airflow/.local/lib/python3.8/site-packages/airflow/example_dags/example_bash_operator.py took 0.098 seconds
[2026-08-06T21:24:15.708+0000] {processor.py:161} INFO - Started process (PID=2124) to work on /home/airflow/.local/lib/python3.8/site-packages/airflow/example_dags/example_bash_operator.py
[2026-08-06T21:24:15.709+0000] {processor.py:830} INFO - Processing file /home/airflow/.local/lib/python3.8/site-packages/airflow/example_dags/example_bash_operator.py for tasks to queue
[2026-08-06T21:24:15.711+0000] {logging_mixin.py:188} INFO - [2026-08-06T21:24:15.711+0000] {dagbag.py:538} INFO - Filling up the DagBag from /home/airflow/.local/lib/python3.8/site-packages/airflow/example_dags/example_bash_operator.py
[2026-08-06T21:24:15.729+0000] {processor.py:840} INFO - DAG(s) 'example_bash_operator' retrieved from /home/airflow/.local/lib/python3.8/site-packages/airflow/example_dags/example_bash_operator.py
[2026-08-06T21:24:15.770+0000] {logging_mixin.py:188} INFO - [2026-08-06T21:24:15.769+0000] {dag.py:3036} INFO - Sync 1 DAGs
[2026-08-06T21:24:15.796+0000] {logging_mixin.py:188} INFO - [2026-08-06T21:24:15.796+0000] {dag.py:3823} INFO - Setting next_dagrun for example_bash_operator to 2026-08-05 00:00:00+00:00, run_after=2026-08-06 00:00:00+00:00
[2026-08-06T21:24:15.818+0000] {processor.py:183} INFO - Processing /home/airflow/.local/lib/python3.8/site-packages/airflow/example_dags/example_bash_operator.py took 0.116 seconds
[2026-08-06T21:24:45.942+0000] {processor.py:161} INFO - Started process (PID=2183) to work on /home/airflow/.local/lib/python3.8/site-packages/airflow/example_dags/example_bash_operator.py
[2026-08-06T21:24:45.943+0000] {processor.py:830} INFO - Processing file /home/airflow/.local/lib/python3.8/site-packages/airflow/example_dags/example_bash_operator.py for tasks to queue
[2026-08-06T21:24:45.947+0000] {logging_mixin.py:188} INFO - [2026-08-06T21:24:45.946+0000] {dagbag.py:538} INFO - Filling up the DagBag from /home/airflow/.local/lib/python3.8/site-packages/airflow/example_dags/example_bash_operator.py
[2026-08-06T21:24:45.961+0000] {processor.py:840} INFO - DAG(s) 'example_bash_operator' retrieved from /home/airflow/.local/lib/python3.8/site-packages/airflow/example_dags/example_bash_operator.py
[2026-08-06T21:24:46.000+0000] {logging_mixin.py:188} INFO - [2026-08-06T21:24:45.999+0000] {dag.py:3036} INFO - Sync 1 DAGs
[2026-08-06T21:24:46.027+0000] {logging_mixin.py:188} INFO - [2026-08-06T21:24:46.026+0000] {dag.py:3823} INFO - Setting next_dagrun for example_bash_operator to 2026-08-05 00:00:00+00:00, run_after=2026-08-06 00:00:00+00:00
[2026-08-06T21:24:46.051+0000] {processor.py:183} INFO - Processing /home/airflow/.local/lib/python3.8/site-packages/airflow/example_dags/example_bash_operator.py took 0.112 seconds
[2026-08-06T21:25:16.372+0000] {processor.py:161} INFO - Started process (PID=2242) to work on /home/airflow/.local/lib/python3.8/site-packages/airflow/example_dags/example_bash_operator.py
[2026-08-06T21:25:16.374+0000] {processor.py:830} INFO - Processing file /home/airflow/.local/lib/python3.8/site-packages/airflow/example_dags/example_bash_operator.py for tasks to queue
[2026-08-06T21:25:16.377+0000] {logging_mixin.py:188} INFO - [2026-08-06T21:25:16.376+0000] {dagbag.py:538} INFO - Filling up the DagBag from /home/airflow/.local/lib/python3.8/site-packages/airflow/example_dags/example_bash_operator.py
[2026-08-06T21:25:16.393+0000] {processor.py:840} INFO - DAG(s) 'example_bash_operator' retrieved from /home/airflow/.local/lib/python3.8/site-packages/airflow/example_dags/example_bash_operator.py
[2026-08-06T21:25:16.443+0000] {logging_mixin.py:188} INFO - [2026-08-06T21:25:16.443+0000] {dag.py:3036} INFO - Sync 1 DAGs
[2026-08-06T21:25:16.482+0000] {logging_mixin.py:188} INFO - [2026-08-06T21:25:16.481+0000] {dag.py:3823} INFO - Setting next_dagrun for example_bash_operator to 2026-08-05 00:00:00+00:00, run_after=2026-08-06 00:00:00+00:00
[2026-08-06T21:25:16.513+0000] {processor.py:183} INFO - Processing /home/airflow/.local/lib/python3.8/site-packages/airflow/example_dags/example_bash_operator.py took 0.147 seconds
[2026-08-06T21:25:47.052+0000] {processor.py:161} INFO - Started process (PID=2301) to work on /home/airflow/.local/lib/python3.8/site-packages/airflow/example_dags/example_bash_operator.py
[2026-08-06T21:25:47.054+0000] {processor.py:830} INFO - Processing file /home/airflow/.local/lib/python3.8/site-packages/airflow/example_dags/example_bash_operator.py for tasks to queue
[2026-08-06T21:25:47.058+0000] {logging_mixin.py:188} INFO - [2026-08-06T21:25:47.058+0000] {dagbag.py:538} INFO - Filling up the DagBag from /home/airflow/.local/lib/python3.8/site-packages/airflow/example_dags/example_bash_operator.py
[2026-08-06T21:25:47.087+0000] {processor.py:840} INFO - DAG(s) 'example_bash_operator' retrieved from /home/airflow/.local/lib/python3.8/site-packages/airflow/example_dags/example_bash_operator.py
[2026-08-06T21:25:47.145+0000] {logging_mixin.py:188} INFO - [2026-08-06T21:25:47.145+0000] {dag.py:3036} INFO - Sync 1 DAGs
[2026-08-06T21:25:47.177+0000] {logging_mixin.py:188} INFO - [2026-08-06T21:25:47.176+0000] {dag.py:3823} INFO - Setting next_dagrun for example_bash_operator to 2026-08-05 00:00:00+00:00, run_after=2026-08-06 00:00:00+00:00
[2026-08-06T21:25:47.200+0000] {processor.py:183} INFO - Processing /home/airflow/.local/lib/python3.8/site-packages/airflow/example_dags/example_bash_operator.py took 0.156 seconds
[2026-08-06T21:26:17.932+0000] {processor.py:161} INFO - Started process (PID=2366) to work on /home/airflow/.local/lib/python3.8/site-packages/airflow/example_dags/example_bash_operator.py
[2026-08-06T21:26:17.933+0000] {processor.py:830} INFO - Processing file /home/airflow/.local/lib/python3.8/site-packages/airflow/example_dags/example_bash_operator.py for tasks to queue
[2026-08-06T21:26:17.935+0000] {logging_mixin.py:188} INFO - [2026-08-06T21:26:17.935+0000] {dagbag.py:538} INFO - Filling up the DagBag from /home/airflow/.local/lib/python3.8/site-packages/airflow/example_dags/example_bash_operator.py
[2026-08-06T21:26:17.947+0000] {processor.py:840} INFO - DAG(s) 'example_bash_operator' retrieved from /home/airflow/.local/lib/python3.8/site-packages/airflow/example_dags/example_bash_operator.py
[2026-08-06T21:26:17.977+0000] {logging_mixin.py:188} INFO - [2026-08-06T21:26:17.976+0000] {dag.py:3036} INFO - Sync 1 DAGs
[2026-08-06T21:26:17.999+0000] {logging_mixin.py:188} INFO - [2026-08-06T21:26:17.999+0000] {dag.py:3823} INFO - Setting next_dagrun for example_bash_operator to 2026-08-05 00:00:00+00:00, run_after=2026-08-06 00:00:00+00:00
[2026-08-06T21:26:18.148+0000] {processor.py:183} INFO - Processing /home/airflow/.local/lib/python3.8/site-packages/airflow/example_dags/example_bash_operator.py took 0.220 seconds
[2026-08-06T21:26:48.608+0000] {processor.py:161} INFO - Started process (PID=2431) to work on /home/airflow/.local/lib/python3.8/site-packages/airflow/example_dags/example_bash_operator.py
[2026-08-06T21:26:48.610+0000] {processor.py:830} INFO - Processing file /home/airflow/.local/lib/python3.8/site-packages/airflow/example_dags/example_bash_operator.py for tasks to queue
[2026-08-06T21:26:48.613+0000] {logging_mixin.py:188} INFO - [2026-08-06T21:26:48.613+0000] {dagbag.py:538} INFO - Filling up the DagBag from /home/airflow/.local/lib/python3.8/site-packages/airflow/example_dags/example_bash_operator.py
[2026-08-06T21:26:48.627+0000] {processor.py:840} INFO - DAG(s) 'example_bash_operator' retrieved from /home/airflow/.local/lib/python3.8/site-packages/airflow/example_dags/example_bash_operator.py
[2026-08-06T21:26:48.656+0000] {logging_mixin.py:188} INFO - [2026-08-06T21:26:48.656+0000] {dag.py:3036} INFO - Sync 1 DAGs
[2026-08-06T21:26:48.678+0000] {logging_mixin.py:188} INFO - [2026-08-06T21:26:48.677+0000] {dag.py:3823} INFO - Setting next_dagrun for example_bash_operator to 2026-08-05 00:00:00+00:00, run_after=2026-08-06 00:00:00+00:00
[2026-08-06T21:26:48.822+0000] {processor.py:183} INFO - Processing /home/airflow/.local/lib/python3.8/site-packages/airflow/example_dags/example_bash_operator.py took 0.219 seconds
[2026-08-06T21:27:19.217+0000] {processor.py:161} INFO - Started process (PID=2496) to work on /home/airflow/.local/lib/python3.8/site-packages/airflow/example_dags/example_bash_operator.py
[2026-08-06T21:27:19.219+0000] {processor.py:830} INFO - Processing file /home/airflow/.local/lib/python3.8/site-packages/airflow/example_dags/example_bash_operator.py for tasks to queue
[2026-08-06T21:27:19.224+0000] {logging_mixin.py:188} INFO - [2026-08-06T21:27:19.223+0000] {dagbag.py:538} INFO - Filling up the DagBag from /home/airflow/.local/lib/python3.8/site-packages/airflow/example_dags/example_bash_operator.py
[2026-08-06T21:27:19.239+0000] {processor.py:840} INFO - DAG(s) 'example_bash_operator' retrieved from /home/airflow/.local/lib/python3.8/site-packages/airflow/example_dags/example_bash_operator.py
[2026-08-06T21:27:19.273+0000] {logging_mixin.py:188} INFO - [2026-08-06T21:27:19.273+0000] {dag.py:3036} INFO - Sync 1 DAGs
[2026-08-06T21:27:19.317+0000] {logging_mixin.py:188} INFO - [2026-08-06T21:27:19.317+0000] {dag.py:3823} INFO - Setting next_dagrun for example_bash_operator to 2026-08-05 00:00:00+00:00, run_after=2026-08-06 00:00:00+00:00
[2026-08-06T21:27:19.467+0000] {processor.py:183} INFO - Processing /home/airflow/.local/lib/python3.8/site-packages/airflow/example_dags/example_bash_operator.py took 0.254 seconds
[2026-08-06T21:27:49.856+0000] {processor.py:161} INFO - Started process (PID=2561) to work on /home/airflow/.local/lib/python3.8/site-packages/airflow/example_dags/example_bash_operator.py
[2026-08-06T21:27:49.857+0000] {processor.py:830} INFO - Processing file /home/airflow/.local/lib/python3.8/site-packages/airflow/example_dags/example_bash_operator.py for tasks to queue
[2026-08-06T21:27:49.860+0000] {logging_mixin.py:188} INFO - [2026-08-06T21:27:49.859+0000] {dagbag.py:538} INFO - Filling up the DagBag from /home/airflow/.local/lib/python3.8/site-packages/airflow/example_dags/example_bash_operator.py
[2026-08-06T21:27:49.872+0000] {processor.py:840} INFO - DAG(s) 'example_bash_operator' retrieved from /home/airflow/.local/lib/python3.8/site-packages/airflow/example_dags/example_bash_operator.py
[2026-08-06T21:27:49.901+0000] {logging_mixin.py:188} INFO - [2026-08-06T21:27:49.900+0000] {dag.py:3036} INFO - Sync 1 DAGs
[2026-08-06T21:27:49.926+0000] {logging_mixin.py:188} INFO - [2026-08-06T21:27:49.926+0000] {dag.py:3823} INFO - Setting next_dagrun for example_bash_operator to 2026-08-05 00:00:00+00:00, run_after=2026-08-06 00:00:00+00:00
[2026-08-06T21:27:50.098+0000] {processor.py:183} INFO - Processing /home/airflow/.local/lib/python3.8/site-packages/airflow/example_dags/example_bash_operator.py took 0.245 seconds
[2026-08-06T21:28:20.685+0000] {processor.py:161} INFO - Started process (PID=2626) to work on /home/airflow/.local/lib/python3.8/site-packages/airflow/example_dags/example_bash_operator.py
[2026-08-06T21:28:20.686+0000] {processor.py:830} INFO - Processing file /home/airflow/.local/lib/python3.8/site-packages/airflow/example_dags/example_bash_operator.py for tasks to queue
[2026-08-06T21:28:20.689+0000] {logging_mixin.py:188} INFO - [2026-08-06T21:28:20.688+0000] {dagbag.py:538} INFO - Filling up the DagBag from /home/airflow/.local/lib/python3.8/site-packages/airflow/example_dags/example_bash_operator.py
[2026-08-06T21:28:20.700+0000] {processor.py:840} INFO - DAG(s) 'example_bash_operator' retrieved from /home/airflow/.local/lib/python3.8/site-packages/airflow/example_dags/example_bash_operator.py
[2026-08-06T21:28:20.729+0000] {logging_mixin.py:188} INFO - [2026-08-06T21:28:20.729+0000] {dag.py:3036} INFO - Sync 1 DAGs
[2026-08-06T21:28:20.750+0000] {logging_mixin.py:188} INFO - [2026-08-06T21:28:20.750+0000] {dag.py:3823} INFO - Setting next_dagrun for example_bash_operator to 2026-08-05 00:00:00+00:00, run_after=2026-08-06 00:00:00+00:00
[2026-08-06T21:28:20.769+0000] {processor.py:183} INFO - Processing /home/airflow/.local/lib/python3.8/site-packages/airflow/example_dags/example_bash_operator.py took 0.088 seconds
[2026-08-06T21:28:51.016+0000] {processor.py:161} INFO - Started process (PID=2691) to work on /home/airflow/.local/lib/python3.8/site-packages/airflow/example_dags/example_bash_operator.py
[2026-08-06T21:28:51.018+0000] {processor.py:830} INFO - Processing file /home/airflow/.local/lib/python3.8/site-packages/airflow/example_dags/example_bash_operator.py for tasks to queue
[2026-08-06T21:28:51.020+0000] {logging_mixin.py:188} INFO - [2026-08-06T21:28:51.020+0000] {dagbag.py:538} INFO - Filling up the DagBag from /home/airflow/.local/lib/python3.8/site-packages/airflow/example_dags/example_bash_operator.py
[2026-08-06T21:28:51.038+0000] {processor.py:840} INFO - DAG(s) 'example_bash_operator' retrieved from /home/airflow/.local/lib/python3.8/site-packages/airflow/example_dags/example_bash_operator.py
[2026-08-06T21:28:51.067+0000] {logging_mixin.py:188} INFO - [2026-08-06T21:28:51.066+0000] {dag.py:3036} INFO - Sync 1 DAGs
[2026-08-06T21:28:51.090+0000] {logging_mixin.py:188} INFO - [2026-08-06T21:28:51.090+0000] {dag.py:3823} INFO - Setting next_dagrun for example_bash_operator to 2026-08-05 00:00:00+00:00, run_after=2026-08-06 00:00:00+00:00
[2026-08-06T21:28:51.108+0000] {processor.py:183} INFO - Processing /home/airflow/.local/lib/python3.8/site-packages/airflow/example_dags/example_bash_operator.py took 0.096 seconds
[2026-08-06T21:29:21.865+0000] {processor.py:161} INFO - Started process (PID=2756) to work on /home/airflow/.local/lib/python3.8/site-packages/airflow/example_dags/example_bash_operator.py
[2026-08-06T21:29:21.867+0000] {processor.py:830} INFO - Processing file /home/airflow/.local/lib/python3.8/site-packages/airflow/example_dags/example_bash_operator.py for tasks to queue
[2026-08-06T21:29:21.870+0000] {logging_mixin.py:188} INFO - [2026-08-06T21:29:21.869+0000] {dagbag.py:538} INFO - Filling up the DagBag from /home/airflow/.local/lib/python3.8/site-packages/airflow/example_dags/example_bash_operator.py
[2026-08-06T21:29:21.882+0000] {processor.py:840} INFO - DAG(s) 'example_bash_operator' retrieved from /home/airflow/.local/lib/python3.8/site-packages/airflow/example_dags/example_bash_operator.py
[2026-08-06T21:29:21.909+0000] {logging_mixin.py:188} INFO - [2026-08-06T21:29:21.909+0000] {dag.py:3036} INFO - Sync 1 DAGs
[2026-08-06T21:29:21.930+0000] {logging_mixin.py:188} INFO - [2026-08-06T21:29:21.930+0000] {dag.py:3823} INFO - Setting next_dagrun for example_bash_operator to 2026-08-05 00:00:00+00:00, run_after=2026-08-06 00:00:00+00:00
[2026-08-06T21:29:21.947+0000] {processor.py:183} INFO - Processing /home/airflow/.local/lib/python3.8/site-packages/airflow/example_dags/example_bash_operator.py took 0.086 seconds
[2026-08-06T21:29:52.757+0000] {processor.py:161} INFO - Started process (PID=2821) to work on /home/airflow/.local/lib/python3.8/site-packages/airflow/example_dags/example_bash_operator.py
[2026-08-06T21:29:52.758+0000] {processor.py:830} INFO - Processing file /home/airflow/.local/lib/python3.8/site-packages/airflow/example_dags/example_bash_operator.py for tasks to queue
[2026-08-06T21:29:52.761+0000] {logging_mixin.py:188} INFO - [2026-08-06T21:29:52.761+0000] {dagbag.py:538} INFO - Filling up the DagBag from /home/airflow/.local/lib/python3.8/site-packages/airflow/example_dags/example_bash_operator.py
[2026-08-06T21:29:52.780+0000] {processor.py:840} INFO - DAG(s) 'example_bash_operator' retrieved from /home/airflow/.local/lib/python3.8/site-packages/airflow/example_dags/example_bash_operator.py
[2026-08-06T21:29:52.818+0000] {logging_mixin.py:188} INFO - [2026-08-06T21:29:52.818+0000] {dag.py:3036} INFO - Sync 1 DAGs
[2026-08-06T21:29:52.845+0000] {logging_mixin.py:188} INFO - [2026-08-06T21:29:52.844+0000] {dag.py:3823} INFO - Setting next_dagrun for example_bash_operator to 2026-08-05 00:00:00+00:00, run_after=2026-08-06 00:00:00+00:00
[2026-08-06T21:29:52.868+0000] {processor.py:183} INFO - Processing /home/airflow/.local/lib/python3.8/site-packages/airflow/example_dags/example_bash_operator.py took 0.117 seconds
[2026-08-06T21:30:23.276+0000] {processor.py:161} INFO - Started process (PID=2886) to work on /home/airflow/.local/lib/python3.8/site-packages/airflow/example_dags/example_bash_operator.py
[2026-08-06T21:30:23.277+0000] {processor.py:830} INFO - Processing file /home/airflow/.local/lib/python3.8/site-packages/airflow/example_dags/example_bash_operator.py for tasks to queue
[2026-08-06T21:30:23.279+0000] {logging_mixin.py:188} INFO - [2026-08-06T21:30:23.279+0000] {dagbag.py:538} INFO - Filling up the DagBag from /home/airflow/.local/lib/python3.8/site-packages/airflow/example_dags/example_bash_operator.py
[2026-08-06T21:30:23.292+0000] {processor.py:840} INFO - DAG(s) 'example_bash_operator' retrieved from /home/airflow/.local/lib/python3.8/site-packages/airflow/example_dags/example_bash_operator.py
[2026-08-06T21:30:23.321+0000] {logging_mixin.py:188} INFO - [2026-08-06T21:30:23.321+0000] {dag.py:3036} INFO - Sync 1 DAGs
[2026-08-06T21:30:23.342+0000] {logging_mixin.py:188} INFO - [2026-08-06T21:30:23.342+0000] {dag.py:3823} INFO - Setting next_dagrun for example_bash_operator to 2026-08-05 00:00:00+00:00, run_after=2026-08-06 00:00:00+00:00
[2026-08-06T21:30:23.360+0000] {processor.py:183} INFO - Processing /home/airflow/.local/lib/python3.8/site-packages/airflow/example_dags/example_bash_operator.py took 0.089 seconds
[2026-08-06T21:30:53.510+0000] {processor.py:161} INFO - Started process (PID=2963) to work on /home/airflow/.local/lib/python3.8/site-packages/airflow/example_dags/example_bash_operator.py
[2026-08-06T21:30:53.512+0000] {processor.py:830} INFO - Processing file /home/airflow/.local/lib/python3.8/site-packages/airflow/example_dags/example_bash_operator.py for tasks to queue
[2026-08-06T21:30:53.514+0000] {logging_mixin.py:188} INFO - [2026-08-06T21:30:53.513+0000] {dagbag.py:538} INFO - Filling up the DagBag from /home/airflow/.local/lib/python3.8/site-packages/airflow/example_dags/example_bash_operator.py
[2026-08-06T21:30:53.531+0000] {processor.py:840} INFO - DAG(s) 'example_bash_operator' retrieved from /home/airflow/.local/lib/python3.8/site-packages/airflow/example_dags/example_bash_operator.py
[2026-08-06T21:30:53.566+0000] {logging_mixin.py:188} INFO - [2026-08-06T21:30:53.566+0000] {dag.py:3036} INFO - Sync 1 DAGs
[2026-08-06T21:30:53.597+0000] {logging_mixin.py:188} INFO - [2026-08-06T21:30:53.597+0000] {dag.py:3823} INFO - Setting next_dagrun for example_bash_operator to 2026-08-05 00:00:00+00:00, run_after=2026-08-06 00:00:00+00:00
[2026-08-06T21:30:53.617+0000] {processor.py:183} INFO - Processing /home/airflow/.local/lib/python3.8/site-packages/airflow/example_dags/example_bash_operator.py took 0.110 seconds
[2026-08-06T21:31:24.511+0000] {processor.py:161} INFO - Started process (PID=3044) to work on /home/airflow/.local/lib/python3.8/site-packages/airflow/example_dags/example_bash_operator.py
[2026-08-06T21:31:24.514+0000] {processor.py:830} INFO - Processing file /home/airflow/.local/lib/python3.8/site-packages/airflow/example_dags/example_bash_operator.py for tasks to queue
[2026-08-06T21:31:24.518+0000] {logging_mixin.py:188} INFO - [2026-08-06T21:31:24.517+0000] {dagbag.py:538} INFO - Filling up the DagBag from /home/airflow/.local/lib/python3.8/site-packages/airflow/example_dags/example_bash_operator.py
[2026-08-06T21:31:24.540+0000] {processor.py:840} INFO - DAG(s) 'example_bash_operator' retrieved from /home/airflow/.local/lib/python3.8/site-packages/airflow/example_dags/example_bash_operator.py
[2026-08-06T21:31:24.587+0000] {logging_mixin.py:188} INFO - [2026-08-06T21:31:24.587+0000] {dag.py:3036} INFO - Sync 1 DAGs
[2026-08-06T21:31:24.617+0000] {logging_mixin.py:188} INFO - [2026-08-06T21:31:24.616+0000] {dag.py:3823} INFO - Setting next_dagrun for example_bash_operator to 2026-08-05 00:00:00+00:00, run_after=2026-08-06 00:00:00+00:00
[2026-08-06T21:31:24.640+0000] {processor.py:183} INFO - Processing /home/airflow/.local/lib/python3.8/site-packages/airflow/example_dags/example_bash_operator.py took 0.134 seconds
[2026-08-06T21:31:54.896+0000] {processor.py:161} INFO - Started process (PID=3109) to work on /home/airflow/.local/lib/python3.8/site-packages/airflow/example_dags/example_bash_operator.py
[2026-08-06T21:31:54.897+0000] {processor.py:830} INFO - Processing file /home/airflow/.local/lib/python3.8/site-packages/airflow/example_dags/example_bash_operator.py for tasks to queue
[2026-08-06T21:31:54.900+0000] {logging_mixin.py:188} INFO - [2026-08-06T21:31:54.899+0000] {dagbag.py:538} INFO - Filling up the DagBag from /home/airflow/.local/lib/python3.8/site-packages/airflow/example_dags/example_bash_operator.py
[2026-08-06T21:31:54.913+0000] {processor.py:840} INFO - DAG(s) 'example_bash_operator' retrieved from /home/airflow/.local/lib/python3.8/site-packages/airflow/example_dags/example_bash_operator.py
[2026-08-06T21:31:54.941+0000] {logging_mixin.py:188} INFO - [2026-08-06T21:31:54.941+0000] {dag.py:3036} INFO - Sync 1 DAGs
[2026-08-06T21:31:54.963+0000] {logging_mixin.py:188} INFO - [2026-08-06T21:31:54.963+0000] {dag.py:3823} INFO - Setting next_dagrun for example_bash_operator to 2026-08-05 00:00:00+00:00, run_after=2026-08-06 00:00:00+00:00
[2026-08-06T21:31:54.981+0000] {processor.py:183} INFO - Processing /home/airflow/.local/lib/python3.8/site-packages/airflow/example_dags/example_bash_operator.py took 0.089 seconds
[2026-08-06T21:32:25.535+0000] {processor.py:161} INFO - Started process (PID=3174) to work on /home/airflow/.local/lib/python3.8/site-packages/airflow/example_dags/example_bash_operator.py
[2026-08-06T21:32:25.537+0000] {processor.py:830} INFO - Processing file /home/airflow/.local/lib/python3.8/site-packages/airflow/example_dags/example_bash_operator.py for tasks to queue
[2026-08-06T21:32:25.539+0000] {logging_mixin.py:188} INFO - [2026-08-06T21:32:25.539+0000] {dagbag.py:538} INFO - Filling up the DagBag from /home/airflow/.local/lib/python3.8/site-packages/airflow/example_dags/example_bash_operator.py
[2026-08-06T21:32:25.552+0000] {processor.py:840} INFO - DAG(s) 'example_bash_operator' retrieved from /home/airflow/.local/lib/python3.8/site-packages/airflow/example_dags/example_bash_operator.py
[2026-08-06T21:32:25.580+0000] {logging_mixin.py:188} INFO - [2026-08-06T21:32:25.579+0000] {dag.py:3036} INFO - Sync 1 DAGs
[2026-08-06T21:32:25.602+0000] {logging_mixin.py:188} INFO - [2026-08-06T21:32:25.601+0000] {dag.py:3823} INFO - Setting next_dagrun for example_bash_operator to 2026-08-05 00:00:00+00:00, run_after=2026-08-06 00:00:00+00:00
[2026-08-06T21:32:25.619+0000] {processor.py:183} INFO - Processing /home/airflow/.local/lib/python3.8/site-packages/airflow/example_dags/example_bash_operator.py took 0.087 seconds
[2026-08-06T21:32:56.083+0000] {processor.py:161} INFO - Started process (PID=3239) to work on /home/airflow/.local/lib/python3.8/site-packages/airflow/example_dags/example_bash_operator.py
[2026-08-06T21:32:56.085+0000] {processor.py:830} INFO - Processing file /home/airflow/.local/lib/python3.8/site-packages/airflow/example_dags/example_bash_operator.py for tasks to queue
[2026-08-06T21:32:56.087+0000] {logging_mixin.py:188} INFO - [2026-08-06T21:32:56.086+0000] {dagbag.py:538} INFO - Filling up the DagBag from /home/airflow/.local/lib/python3.8/site-packages/airflow/example_dags/example_bash_operator.py
[2026-08-06T21:32:56.100+0000] {processor.py:840} INFO - DAG(s) 'example_bash_operator' retrieved from /home/airflow/.local/lib/python3.8/site-packages/airflow/example_dags/example_bash_operator.py
[2026-08-06T21:32:56.127+0000] {logging_mixin.py:188} INFO - [2026-08-06T21:32:56.127+0000] {dag.py:3036} INFO - Sync 1 DAGs
[2026-08-06T21:32:56.148+0000] {logging_mixin.py:188} INFO - [2026-08-06T21:32:56.148+0000] {dag.py:3823} INFO - Setting next_dagrun for example_bash_operator to 2026-08-05 00:00:00+00:00, run_after=2026-08-06 00:00:00+00:00
[2026-08-06T21:32:56.166+0000] {processor.py:183} INFO - Processing /home/airflow/.local/lib/python3.8/site-packages/airflow/example_dags/example_bash_operator.py took 0.087 seconds
[2026-08-06T21:33:26.659+0000] {processor.py:161} INFO - Started process (PID=3312) to work on /home/airflow/.local/lib/python3.8/site-packages/airflow/example_dags/example_bash_operator.py
[2026-08-06T21:33:26.660+0000] {processor.py:830} INFO - Processing file /home/airflow/.local/lib/python3.8/site-packages/airflow/example_dags/example_bash_operator.py for tasks to queue
[2026-08-06T21:33:26.662+0000] {logging_mixin.py:188} INFO - [2026-08-06T21:33:26.662+0000] {dagbag.py:538} INFO - Filling up the DagBag from /home/airflow/.local/lib/python3.8/site-packages/airflow/example_dags/example_bash_operator.py
[2026-08-06T21:33:26.675+0000] {processor.py:840} INFO - DAG(s) 'example_bash_operator' retrieved from /home/airflow/.local/lib/python3.8/site-packages/airflow/example_dags/example_bash_operator.py
[2026-08-06T21:33:26.703+0000] {logging_mixin.py:188} INFO - [2026-08-06T21:33:26.703+0000] {dag.py:3036} INFO - Sync 1 DAGs
[2026-08-06T21:33:26.724+0000] {logging_mixin.py:188} INFO - [2026-08-06T21:33:26.724+0000] {dag.py:3823} INFO - Setting next_dagrun for example_bash_operator to 2026-08-05 00:00:00+00:00, run_after=2026-08-06 00:00:00+00:00
[2026-08-06T21:33:26.742+0000] {processor.py:183} INFO - Processing /home/airflow/.local/lib/python3.8/site-packages/airflow/example_dags/example_bash_operator.py took 0.087 seconds
[2026-08-06T21:33:57.251+0000] {processor.py:161} INFO - Started process (PID=3377) to work on /home/airflow/.local/lib/python3.8/site-packages/airflow/example_dags/example_bash_operator.py
[2026-08-06T21:33:57.253+0000] {processor.py:830} INFO - Processing file /home/airflow/.local/lib/python3.8/site-packages/airflow/example_dags/example_bash_operator.py for tasks to queue
[2026-08-06T21:33:57.256+0000] {logging_mixin.py:188} INFO - [2026-08-06T21:33:57.256+0000] {dagbag.py:538} INFO - Filling up the DagBag from /home/airflow/.local/lib/python3.8/site-packages/airflow/example_dags/example_bash_operator.py
[2026-08-06T21:33:57.275+0000] {processor.py:840} INFO - DAG(s) 'example_bash_operator' retrieved from /home/airflow/.local/lib/python3.8/site-packages/airflow/example_dags/example_bash_operator.py
[2026-08-06T21:33:57.316+0000] {logging_mixin.py:188} INFO - [2026-08-06T21:33:57.315+0000] {dag.py:3036} INFO - Sync 1 DAGs
[2026-08-06T21:33:57.362+0000] {logging_mixin.py:188} INFO - [2026-08-06T21:33:57.361+0000] {dag.py:3823} INFO - Setting next_dagrun for example_bash_operator to 2026-08-05 00:00:00+00:00, run_after=2026-08-06 00:00:00+00:00
[2026-08-06T21:33:57.395+0000] {processor.py:183} INFO - Processing /home/airflow/.local/lib/python3.8/site-packages/airflow/example_dags/example_bash_operator.py took 0.149 seconds
[2026-08-06T21:34:28.462+0000] {processor.py:161} INFO - Started process (PID=3443) to work on /home/airflow/.local/lib/python3.8/site-packages/airflow/example_dags/example_bash_operator.py
[2026-08-06T21:34:28.465+0000] {processor.py:830} INFO - Processing file /home/airflow/.local/lib/python3.8/site-packages/airflow/example_dags/example_bash_operator.py for tasks to queue
[2026-08-06T21:34:28.469+0000] {logging_mixin.py:188} INFO - [2026-08-06T21:34:28.469+0000] {dagbag.py:538} INFO - Filling up the DagBag from /home/airflow/.local/lib/python3.8/site-packages/airflow/example_dags/example_bash_operator.py
[2026-08-06T21:34:28.490+0000] {processor.py:840} INFO - DAG(s) 'example_bash_operator' retrieved from /home/airflow/.local/lib/python3.8/site-packages/airflow/example_dags/example_bash_operator.py
[2026-08-06T21:34:28.529+0000] {logging_mixin.py:188} INFO - [2026-08-06T21:34:28.528+0000] {dag.py:3036} INFO - Sync 1 DAGs
[2026-08-06T21:34:28.564+0000] {logging_mixin.py:188} INFO - [2026-08-06T21:34:28.563+0000] {dag.py:3823} INFO - Setting next_dagrun for example_bash_operator to 2026-08-05 00:00:00+00:00, run_after=2026-08-06 00:00:00+00:00
[2026-08-06T21:34:28.592+0000] {processor.py:183} INFO - Processing /home/airflow/.local/lib/python3.8/site-packages/airflow/example_dags/example_bash_operator.py took 0.137 seconds
[2026-08-06T21:34:58.891+0000] {processor.py:161} INFO - Started process (PID=3508) to work on /home/airflow/.local/lib/python3.8/site-packages/airflow/example_dags/example_bash_operator.py
[2026-08-06T21:34:58.893+0000] {processor.py:830} INFO - Processing file /home/airflow/.local/lib/python3.8/site-packages/airflow/example_dags/example_bash_operator.py for tasks to queue
[2026-08-06T21:34:58.895+0000] {logging_mixin.py:188} INFO - [2026-08-06T21:34:58.895+0000] {dagbag.py:538} INFO - Filling up the DagBag from /home/airflow/.local/lib/python3.8/site-packages/airflow/example_dags/example_bash_operator.py
[2026-08-06T21:34:58.911+0000] {processor.py:840} INFO - DAG(s) 'example_bash_operator' retrieved from /home/airflow/.local/lib/python3.8/site-packages/airflow/example_dags/example_bash_operator.py
[2026-08-06T21:34:58.947+0000] {logging_mixin.py:188} INFO - [2026-08-06T21:34:58.946+0000] {dag.py:3036} INFO - Sync 1 DAGs
[2026-08-06T21:34:58.972+0000] {logging_mixin.py:188} INFO - [2026-08-06T21:34:58.972+0000] {dag.py:3823} INFO - Setting next_dagrun for example_bash_operator to 2026-08-05 00:00:00+00:00, run_after=2026-08-06 00:00:00+00:00
[2026-08-06T21:34:58.991+0000] {processor.py:183} INFO - Processing /home/airflow/.local/lib/python3.8/site-packages/airflow/example_dags/example_bash_operator.py took 0.103 seconds
[2026-08-06T21:35:29.320+0000] {processor.py:161} INFO - Started process (PID=3573) to work on /home/airflow/.local/lib/python3.8/site-packages/airflow/example_dags/example_bash_operator.py
[2026-08-06T21:35:29.321+0000] {processor.py:830} INFO - Processing file /home/airflow/.local/lib/python3.8/site-packages/airflow/example_dags/example_bash_operator.py for tasks to queue
[2026-08-06T21:35:29.324+0000] {logging_mixin.py:188} INFO - [2026-08-06T21:35:29.324+0000] {dagbag.py:538} INFO - Filling up the DagBag from /home/airflow/.local/lib/python3.8/site-packages/airflow/example_dags/example_bash_operator.py
[2026-08-06T21:35:29.339+0000] {processor.py:840} INFO - DAG(s) 'example_bash_operator' retrieved from /home/airflow/.local/lib/python3.8/site-packages/airflow/example_dags/example_bash_operator.py
[2026-08-06T21:35:29.370+0000] {logging_mixin.py:188} INFO - [2026-08-06T21:35:29.369+0000] {dag.py:3036} INFO - Sync 1 DAGs
[2026-08-06T21:35:29.396+0000] {logging_mixin.py:188} INFO - [2026-08-06T21:35:29.395+0000] {dag.py:3823} INFO - Setting next_dagrun for example_bash_operator to 2026-08-05 00:00:00+00:00, run_after=2026-08-06 00:00:00+00:00
[2026-08-06T21:35:29.422+0000] {processor.py:183} INFO - Processing /home/airflow/.local/lib/python3.8/site-packages/airflow/example_dags/example_bash_operator.py took 0.107 seconds
[2026-08-06T21:36:00.222+0000] {processor.py:161} INFO - Started process (PID=3638) to work on /home/airflow/.local/lib/python3.8/site-packages/airflow/example_dags/example_bash_operator.py
[2026-08-06T21:36:00.223+0000] {processor.py:830} INFO - Processing file /home/airflow/.local/lib/python3.8/site-packages/airflow/example_dags/example_bash_operator.py for tasks to queue
[2026-08-06T21:36:00.226+0000] {logging_mixin.py:188} INFO - [2026-08-06T21:36:00.225+0000] {dagbag.py:538} INFO - Filling up the DagBag from /home/airflow/.local/lib/python3.8/site-packages/airflow/example_dags/example_bash_operator.py
[2026-08-06T21:36:00.238+0000] {processor.py:840} INFO - DAG(s) 'example_bash_operator' retrieved from /home/airflow/.local/lib/python3.8/site-packages/airflow/example_dags/example_bash_operator.py
[2026-08-06T21:36:00.266+0000] {logging_mixin.py:188} INFO - [2026-08-06T21:36:00.266+0000] {dag.py:3036} INFO - Sync 1 DAGs
[2026-08-06T21:36:00.287+0000] {logging_mixin.py:188} INFO - [2026-08-06T21:36:00.287+0000] {dag.py:3823} INFO - Setting next_dagrun for example_bash_operator to 2026-08-05 00:00:00+00:00, run_after=2026-08-06 00:00:00+00:00
[2026-08-06T21:36:00.305+0000] {processor.py:183} INFO - Processing /home/airflow/.local/lib/python3.8/site-packages/airflow/example_dags/example_bash_operator.py took 0.088 seconds
[2026-08-06T21:36:31.160+0000] {processor.py:161} INFO - Started process (PID=3703) to work on /home/airflow/.local/lib/python3.8/site-packages/airflow/example_dags/example_bash_operator.py
[2026-08-06T21:36:31.162+0000] {processor.py:830} INFO - Processing file /home/airflow/.local/lib/python3.8/site-packages/airflow/example_dags/example_bash_operator.py for tasks to queue
[2026-08-06T21:36:31.165+0000] {logging_mixin.py:188} INFO - [2026-08-06T21:36:31.164+0000] {dagbag.py:538} INFO - Filling up the DagBag from /home/airflow/.local/lib/python3.8/site-packages/airflow/example_dags/example_bash_operator.py
[2026-08-06T21:36:31.178+0000] {processor.py:840} INFO - DAG(s) 'example_bash_operator' retrieved from /home/airflow/.local/lib/python3.8/site-packages/airflow/example_dags/example_bash_operator.py
[2026-08-06T21:36:31.212+0000] {logging_mixin.py:188} INFO - [2026-08-06T21:36:31.211+0000] {dag.py:3036} INFO - Sync 1 DAGs
[2026-08-06T21:36:31.236+0000] {logging_mixin.py:188} INFO - [2026-08-06T21:36:31.236+0000] {dag.py:3823} INFO - Setting next_dagrun for example_bash_operator to 2026-08-05 00:00:00+00:00, run_after=2026-08-06 00:00:00+00:00
[2026-08-06T21:36:31.256+0000] {processor.py:183} INFO - Processing /home/airflow/.local/lib/python3.8/site-packages/airflow/example_dags/example_bash_operator.py took 0.100 seconds
[2026-08-06T21:37:01.642+0000] {processor.py:161} INFO - Started process (PID=3768) to work on /home/airflow/.local/lib/python3.8/site-packages/airflow/example_dags/example_bash_operator.py
[2026-08-06T21:37:01.643+0000] {processor.py:830} INFO - Processing file /home/airflow/.local/lib/python3.8/site-packages/airflow/example_dags/example_bash_operator.py for tasks to queue
[2026-08-06T21:37:01.646+0000] {logging_mixin.py:188} INFO - [2026-08-06T21:37:01.645+0000] {dagbag.py:538} INFO - Filling up the DagBag from /home/airflow/.local/lib/python3.8/site-packages/airflow/example_dags/example_bash_operator.py
[2026-08-06T21:37:01.663+0000] {processor.py:840} INFO - DAG(s) 'example_bash_operator' retrieved from /home/airflow/.local/lib/python3.8/site-packages/airflow/example_dags/example_bash_operator.py
[2026-08-06T21:37:01.696+0000] {logging_mixin.py:188} INFO - [2026-08-06T21:37:01.696+0000] {dag.py:3036} INFO - Sync 1 DAGs
[2026-08-06T21:37:01.724+0000] {logging_mixin.py:188} INFO - [2026-08-06T21:37:01.724+0000] {dag.py:3823} INFO - Setting next_dagrun for example_bash_operator to 2026-08-05 00:00:00+00:00, run_after=2026-08-06 00:00:00+00:00
[2026-08-06T21:37:01.747+0000] {processor.py:183} INFO - Processing /home/airflow/.local/lib/python3.8/site-packages/airflow/example_dags/example_bash_operator.py took 0.108 seconds
[2026-08-06T21:37:32.195+0000] {processor.py:161} INFO - Started process (PID=3833) to work on /home/airflow/.local/lib/python3.8/site-packages/airflow/example_dags/example_bash_operator.py
[2026-08-06T21:37:32.197+0000] {processor.py:830} INFO - Processing file /home/airflow/.local/lib/python3.8/site-packages/airflow/example_dags/example_bash_operator.py for tasks to queue
[2026-08-06T21:37:32.202+0000] {logging_mixin.py:188} INFO - [2026-08-06T21:37:32.201+0000] {dagbag.py:538} INFO - Filling up the DagBag from /home/airflow/.local/lib/python3.8/site-packages/airflow/example_dags/example_bash_operator.py
[2026-08-06T21:37:32.234+0000] {processor.py:840} INFO - DAG(s) 'example_bash_operator' retrieved from /home/airflow/.local/lib/python3.8/site-packages/airflow/example_dags/example_bash_operator.py
[2026-08-06T21:37:32.297+0000] {logging_mixin.py:188} INFO - [2026-08-06T21:37:32.297+0000] {dag.py:3036} INFO - Sync 1 DAGs
[2026-08-06T21:37:32.339+0000] {logging_mixin.py:188} INFO - [2026-08-06T21:37:32.339+0000] {dag.py:3823} INFO - Setting next_dagrun for example_bash_operator to 2026-08-05 00:00:00+00:00, run_after=2026-08-06 00:00:00+00:00
[2026-08-06T21:37:32.379+0000] {processor.py:183} INFO - Processing /home/airflow/.local/lib/python3.8/site-packages/airflow/example_dags/example_bash_operator.py took 0.191 seconds
[2026-08-06T21:38:02.435+0000] {processor.py:161} INFO - Started process (PID=3903) to work on /home/airflow/.local/lib/python3.8/site-packages/airflow/example_dags/example_bash_operator.py
[2026-08-06T21:38:02.436+0000] {processor.py:830} INFO - Processing file /home/airflow/.local/lib/python3.8/site-packages/airflow/example_dags/example_bash_operator.py for tasks to queue
[2026-08-06T21:38:02.438+0000] {logging_mixin.py:188} INFO - [2026-08-06T21:38:02.438+0000] {dagbag.py:538} INFO - Filling up the DagBag from /home/airflow/.local/lib/python3.8/site-packages/airflow/example_dags/example_bash_operator.py
[2026-08-06T21:38:02.452+0000] {processor.py:840} INFO - DAG(s) 'example_bash_operator' retrieved from /home/airflow/.local/lib/python3.8/site-packages/airflow/example_dags/example_bash_operator.py
[2026-08-06T21:38:02.481+0000] {logging_mixin.py:188} INFO - [2026-08-06T21:38:02.480+0000] {dag.py:3036} INFO - Sync 1 DAGs
[2026-08-06T21:38:02.502+0000] {logging_mixin.py:188} INFO - [2026-08-06T21:38:02.502+0000] {dag.py:3823} INFO - Setting next_dagrun for example_bash_operator to 2026-08-05 00:00:00+00:00, run_after=2026-08-06 00:00:00+00:00
[2026-08-06T21:38:02.521+0000] {processor.py:183} INFO - Processing /home/airflow/.local/lib/python3.8/site-packages/airflow/example_dags/example_bash_operator.py took 0.091 seconds
[2026-08-06T21:38:32.836+0000] {processor.py:161} INFO - Started process (PID=3968) to work on /home/airflow/.local/lib/python3.8/site-packages/airflow/example_dags/example_bash_operator.py
[2026-08-06T21:38:32.837+0000] {processor.py:830} INFO - Processing file /home/airflow/.local/lib/python3.8/site-packages/airflow/example_dags/example_bash_operator.py for tasks to queue
[2026-08-06T21:38:32.840+0000] {logging_mixin.py:188} INFO - [2026-08-06T21:38:32.839+0000] {dagbag.py:538} INFO - Filling up the DagBag from /home/airflow/.local/lib/python3.8/site-packages/airflow/example_dags/example_bash_operator.py
[2026-08-06T21:38:32.853+0000] {processor.py:840} INFO - DAG(s) 'example_bash_operator' retrieved from /home/airflow/.local/lib/python3.8/site-packages/airflow/example_dags/example_bash_operator.py
[2026-08-06T21:38:32.880+0000] {logging_mixin.py:188} INFO - [2026-08-06T21:38:32.880+0000] {dag.py:3036} INFO - Sync 1 DAGs
[2026-08-06T21:38:32.900+0000] {logging_mixin.py:188} INFO - [2026-08-06T21:38:32.900+0000] {dag.py:3823} INFO - Setting next_dagrun for example_bash_operator to 2026-08-05 00:00:00+00:00, run_after=2026-08-06 00:00:00+00:00
[2026-08-06T21:38:32.918+0000] {processor.py:183} INFO - Processing /home/airflow/.local/lib/python3.8/site-packages/airflow/example_dags/example_bash_operator.py took 0.085 seconds
[2026-08-06T21:39:03.622+0000] {processor.py:161} INFO - Started process (PID=4033) to work on /home/airflow/.local/lib/python3.8/site-packages/airflow/example_dags/example_bash_operator.py
[2026-08-06T21:39:03.623+0000] {processor.py:830} INFO - Processing file /home/airflow/.local/lib/python3.8/site-packages/airflow/example_dags/example_bash_operator.py for tasks to queue
[2026-08-06T21:39:03.626+0000] {logging_mixin.py:188} INFO - [2026-08-06T21:39:03.625+0000] {dagbag.py:538} INFO - Filling up the DagBag from /home/airflow/.local/lib/python3.8/site-packages/airflow/example_dags/example_bash_operator.py
[2026-08-06T21:39:03.638+0000] {processor.py:840} INFO - DAG(s) 'example_bash_operator' retrieved from /home/airflow/.local/lib/python3.8/site-packages/airflow/example_dags/example_bash_operator.py
[2026-08-06T21:39:03.669+0000] {logging_mixin.py:188} INFO - [2026-08-06T21:39:03.669+0000] {dag.py:3036} INFO - Sync 1 DAGs
[2026-08-06T21:39:03.692+0000] {logging_mixin.py:188} INFO - [2026-08-06T21:39:03.692+0000] {dag.py:3823} INFO - Setting next_dagrun for example_bash_operator to 2026-08-05 00:00:00+00:00, run_after=2026-08-06 00:00:00+00:00
[2026-08-06T21:39:03.710+0000] {processor.py:183} INFO - Processing /home/airflow/.local/lib/python3.8/site-packages/airflow/example_dags/example_bash_operator.py took 0.093 seconds
[2026-08-06T21:39:33.802+0000] {processor.py:161} INFO - Started process (PID=4098) to work on /home/airflow/.local/lib/python3.8/site-packages/airflow/example_dags/example_bash_operator.py
[2026-08-06T21:39:33.804+0000] {processor.py:830} INFO - Processing file /home/airflow/.local/lib/python3.8/site-packages/airflow/example_dags/example_bash_operator.py for tasks to queue
[2026-08-06T21:39:33.806+0000] {logging_mixin.py:188} INFO - [2026-08-06T21:39:33.806+0000] {dagbag.py:538} INFO - Filling up the DagBag from /home/airflow/.local/lib/python3.8/site-packages/airflow/example_dags/example_bash_operator.py
[2026-08-06T21:39:33.820+0000] {processor.py:840} INFO - DAG(s) 'example_bash_operator' retrieved from /home/airflow/.local/lib/python3.8/site-packages/airflow/example_dags/example_bash_operator.py
[2026-08-06T21:39:33.854+0000] {logging_mixin.py:188} INFO - [2026-08-06T21:39:33.854+0000] {dag.py:3036} INFO - Sync 1 DAGs
[2026-08-06T21:39:33.877+0000] {logging_mixin.py:188} INFO - [2026-08-06T21:39:33.877+0000] {dag.py:3823} INFO - Setting next_dagrun for example_bash_operator to 2026-08-05 00:00:00+00:00, run_after=2026-08-06 00:00:00+00:00
[2026-08-06T21:39:33.899+0000] {processor.py:183} INFO - Processing /home/airflow/.local/lib/python3.8/site-packages/airflow/example_dags/example_bash_operator.py took 0.101 seconds
[2026-08-06T21:40:04.018+0000] {processor.py:161} INFO - Started process (PID=4168) to work on /home/airflow/.local/lib/python3.8/site-packages/airflow/example_dags/example_bash_operator.py
[2026-08-06T21:40:04.020+0000] {processor.py:830} INFO - Processing file /home/airflow/.local/lib/python3.8/site-packages/airflow/example_dags/example_bash_operator.py for tasks to queue
[2026-08-06T21:40:04.022+0000] {logging_mixin.py:188} INFO - [2026-08-06T21:40:04.022+0000] {dagbag.py:538} INFO - Filling up the DagBag from /home/airflow/.local/lib/python3.8/site-packages/airflow/example_dags/example_bash_operator.py
[2026-08-06T21:40:04.034+0000] {processor.py:840} INFO - DAG(s) 'example_bash_operator' retrieved from /home/airflow/.local/lib/python3.8/site-packages/airflow/example_dags/example_bash_operator.py
[2026-08-06T21:40:04.063+0000] {logging_mixin.py:188} INFO - [2026-08-06T21:40:04.063+0000] {dag.py:3036} INFO - Sync 1 DAGs
[2026-08-06T21:40:04.084+0000] {logging_mixin.py:188} INFO - [2026-08-06T21:40:04.084+0000] {dag.py:3823} INFO - Setting next_dagrun for example_bash_operator to 2026-08-05 00:00:00+00:00, run_after=2026-08-06 00:00:00+00:00
[2026-08-06T21:40:04.103+0000] {processor.py:183} INFO - Processing /home/airflow/.local/lib/python3.8/site-packages/airflow/example_dags/example_bash_operator.py took 0.088 seconds
[2026-08-06T21:40:34.820+0000] {processor.py:161} INFO - Started process (PID=4239) to work on /home/airflow/.local/lib/python3.8/site-packages/airflow/example_dags/example_bash_operator.py
[2026-08-06T21:40:34.822+0000] {processor.py:830} INFO - Processing file /home/airflow/.local/lib/python3.8/site-packages/airflow/example_dags/example_bash_operator.py for tasks to queue
[2026-08-06T21:40:34.825+0000] {logging_mixin.py:188} INFO - [2026-08-06T21:40:34.825+0000] {dagbag.py:538} INFO - Filling up the DagBag from /home/airflow/.local/lib/python3.8/site-packages/airflow/example_dags/example_bash_operator.py
[2026-08-06T21:40:34.847+0000] {processor.py:840} INFO - DAG(s) 'example_bash_operator' retrieved from /home/airflow/.local/lib/python3.8/site-packages/airflow/example_dags/example_bash_operator.py
[2026-08-06T21:40:34.878+0000] {logging_mixin.py:188} INFO - [2026-08-06T21:40:34.878+0000] {dag.py:3036} INFO - Sync 1 DAGs
[2026-08-06T21:40:34.902+0000] {logging_mixin.py:188} INFO - [2026-08-06T21:40:34.902+0000] {dag.py:3823} INFO - Setting next_dagrun for example_bash_operator to 2026-08-05 00:00:00+00:00, run_after=2026-08-06 00:00:00+00:00
[2026-08-06T21:40:34.924+0000] {processor.py:183} INFO - Processing /home/airflow/.local/lib/python3.8/site-packages/airflow/example_dags/example_bash_operator.py took 0.109 seconds
[2026-08-06T21:41:04.960+0000] {processor.py:161} INFO - Started process (PID=4304) to work on /home/airflow/.local/lib/python3.8/site-packages/airflow/example_dags/example_bash_operator.py
[2026-08-06T21:41:04.961+0000] {processor.py:830} INFO - Processing file /home/airflow/.local/lib/python3.8/site-packages/airflow/example_dags/example_bash_operator.py for tasks to queue
[2026-08-06T21:41:04.964+0000] {logging_mixin.py:188} INFO - [2026-08-06T21:41:04.963+0000] {dagbag.py:538} INFO - Filling up the DagBag from /home/airflow/.local/lib/python3.8/site-packages/airflow/example_dags/example_bash_operator.py
[2026-08-06T21:41:04.976+0000] {processor.py:840} INFO - DAG(s) 'example_bash_operator' retrieved from /home/airflow/.local/lib/python3.8/site-packages/airflow/example_dags/example_bash_operator.py
[2026-08-06T21:41:05.007+0000] {logging_mixin.py:188} INFO - [2026-08-06T21:41:05.007+0000] {dag.py:3036} INFO - Sync 1 DAGs
[2026-08-06T21:41:05.029+0000] {logging_mixin.py:188} INFO - [2026-08-06T21:41:05.029+0000] {dag.py:3823} INFO - Setting next_dagrun for example_bash_operator to 2026-08-05 00:00:00+00:00, run_after=2026-08-06 00:00:00+00:00
[2026-08-06T21:41:05.045+0000] {processor.py:183} INFO - Processing /home/airflow/.local/lib/python3.8/site-packages/airflow/example_dags/example_bash_operator.py took 0.089 seconds
[2026-08-06T21:41:35.839+0000] {processor.py:161} INFO - Started process (PID=4369) to work on /home/airflow/.local/lib/python3.8/site-packages/airflow/example_dags/example_bash_operator.py
[2026-08-06T21:41:35.840+0000] {processor.py:830} INFO - Processing file /home/airflow/.local/lib/python3.8/site-packages/airflow/example_dags/example_bash_operator.py for tasks to queue
[2026-08-06T21:41:35.842+0000] {logging_mixin.py:188} INFO - [2026-08-06T21:41:35.842+0000] {dagbag.py:538} INFO - Filling up the DagBag from /home/airflow/.local/lib/python3.8/site-packages/airflow/example_dags/example_bash_operator.py
[2026-08-06T21:41:35.854+0000] {processor.py:840} INFO - DAG(s) 'example_bash_operator' retrieved from /home/airflow/.local/lib/python3.8/site-packages/airflow/example_dags/example_bash_operator.py
[2026-08-06T21:41:35.881+0000] {logging_mixin.py:188} INFO - [2026-08-06T21:41:35.881+0000] {dag.py:3036} INFO - Sync 1 DAGs
[2026-08-06T21:41:35.903+0000] {logging_mixin.py:188} INFO - [2026-08-06T21:41:35.903+0000] {dag.py:3823} INFO - Setting next_dagrun for example_bash_operator to 2026-08-05 00:00:00+00:00, run_after=2026-08-06 00:00:00+00:00
[2026-08-06T21:41:35.921+0000] {processor.py:183} INFO - Processing /home/airflow/.local/lib/python3.8/site-packages/airflow/example_dags/example_bash_operator.py took 0.086 seconds
[2026-08-06T21:42:06.474+0000] {processor.py:161} INFO - Started process (PID=4434) to work on /home/airflow/.local/lib/python3.8/site-packages/airflow/example_dags/example_bash_operator.py
[2026-08-06T21:42:06.475+0000] {processor.py:830} INFO - Processing file /home/airflow/.local/lib/python3.8/site-packages/airflow/example_dags/example_bash_operator.py for tasks to queue
[2026-08-06T21:42:06.478+0000] {logging_mixin.py:188} INFO - [2026-08-06T21:42:06.477+0000] {dagbag.py:538} INFO - Filling up the DagBag from /home/airflow/.local/lib/python3.8/site-packages/airflow/example_dags/example_bash_operator.py
[2026-08-06T21:42:06.489+0000] {processor.py:840} INFO - DAG(s) 'example_bash_operator' retrieved from /home/airflow/.local/lib/python3.8/site-packages/airflow/example_dags/example_bash_operator.py
[2026-08-06T21:42:06.515+0000] {logging_mixin.py:188} INFO - [2026-08-06T21:42:06.515+0000] {dag.py:3036} INFO - Sync 1 DAGs
[2026-08-06T21:42:06.537+0000] {logging_mixin.py:188} INFO - [2026-08-06T21:42:06.537+0000] {dag.py:3823} INFO - Setting next_dagrun for example_bash_operator to 2026-08-05 00:00:00+00:00, run_after=2026-08-06 00:00:00+00:00
[2026-08-06T21:42:06.553+0000] {processor.py:183} INFO - Processing /home/airflow/.local/lib/python3.8/site-packages/airflow/example_dags/example_bash_operator.py took 0.082 seconds
[2026-08-06T21:42:38.078+0000] {processor.py:161} INFO - Started process (PID=4500) to work on /home/airflow/.local/lib/python3.8/site-packages/airflow/example_dags/example_bash_operator.py
[2026-08-06T21:42:38.080+0000] {processor.py:830} INFO - Processing file /home/airflow/.local/lib/python3.8/site-packages/airflow/example_dags/example_bash_operator.py for tasks to queue
[2026-08-06T21:42:38.082+0000] {logging_mixin.py:188} INFO - [2026-08-06T21:42:38.082+0000] {dagbag.py:538} INFO - Filling up the DagBag from /home/airflow/.local/lib/python3.8/site-packages/airflow/example_dags/example_bash_operator.py
[2026-08-06T21:42:38.096+0000] {processor.py:840} INFO - DAG(s) 'example_bash_operator' retrieved from /home/airflow/.local/lib/python3.8/site-packages/airflow/example_dags/example_bash_operator.py
[2026-08-06T21:42:38.137+0000] {logging_mixin.py:188} INFO - [2026-08-06T21:42:38.137+0000] {dag.py:3036} INFO - Sync 1 DAGs
[2026-08-06T21:42:38.174+0000] {logging_mixin.py:188} INFO - [2026-08-06T21:42:38.174+0000] {dag.py:3823} INFO - Setting next_dagrun for example_bash_operator to 2026-08-05 00:00:00+00:00, run_after=2026-08-06 00:00:00+00:00
[2026-08-06T21:42:38.211+0000] {processor.py:183} INFO - Processing /home/airflow/.local/lib/python3.8/site-packages/airflow/example_dags/example_bash_operator.py took 0.136 seconds
[2026-08-06T21:43:08.488+0000] {processor.py:161} INFO - Started process (PID=4565) to work on /home/airflow/.local/lib/python3.8/site-packages/airflow/example_dags/example_bash_operator.py
[2026-08-06T21:43:08.490+0000] {processor.py:830} INFO - Processing file /home/airflow/.local/lib/python3.8/site-packages/airflow/example_dags/example_bash_operator.py for tasks to queue
[2026-08-06T21:43:08.493+0000] {logging_mixin.py:188} INFO - [2026-08-06T21:43:08.492+0000] {dagbag.py:538} INFO - Filling up the DagBag from /home/airflow/.local/lib/python3.8/site-packages/airflow/example_dags/example_bash_operator.py
[2026-08-06T21:43:08.510+0000] {processor.py:840} INFO - DAG(s) 'example_bash_operator' retrieved from /home/airflow/.local/lib/python3.8/site-packages/airflow/example_dags/example_bash_operator.py
[2026-08-06T21:43:08.557+0000] {logging_mixin.py:188} INFO - [2026-08-06T21:43:08.556+0000] {dag.py:3036} INFO - Sync 1 DAGs
[2026-08-06T21:43:08.598+0000] {logging_mixin.py:188} INFO - [2026-08-06T21:43:08.597+0000] {dag.py:3823} INFO - Setting next_dagrun for example_bash_operator to 2026-08-05 00:00:00+00:00, run_after=2026-08-06 00:00:00+00:00
[2026-08-06T21:43:08.627+0000] {processor.py:183} INFO - Processing /home/airflow/.local/lib/python3.8/site-packages/airflow/example_dags/example_bash_operator.py took 0.143 seconds
[2026-08-06T21:43:38.901+0000] {processor.py:161} INFO - Started process (PID=4630) to work on /home/airflow/.local/lib/python3.8/site-packages/airflow/example_dags/example_bash_operator.py
[2026-08-06T21:43:38.902+0000] {processor.py:830} INFO - Processing file /home/airflow/.local/lib/python3.8/site-packages/airflow/example_dags/example_bash_operator.py for tasks to queue
[2026-08-06T21:43:38.905+0000] {logging_mixin.py:188} INFO - [2026-08-06T21:43:38.904+0000] {dagbag.py:538} INFO - Filling up the DagBag from /home/airflow/.local/lib/python3.8/site-packages/airflow/example_dags/example_bash_operator.py
[2026-08-06T21:43:38.920+0000] {processor.py:840} INFO - DAG(s) 'example_bash_operator' retrieved from /home/airflow/.local/lib/python3.8/site-packages/airflow/example_dags/example_bash_operator.py
[2026-08-06T21:43:38.952+0000] {logging_mixin.py:188} INFO - [2026-08-06T21:43:38.952+0000] {dag.py:3036} INFO - Sync 1 DAGs
[2026-08-06T21:43:38.975+0000] {logging_mixin.py:188} INFO - [2026-08-06T21:43:38.975+0000] {dag.py:3823} INFO - Setting next_dagrun for example_bash_operator to 2026-08-05 00:00:00+00:00, run_after=2026-08-06 00:00:00+00:00
[2026-08-06T21:43:38.995+0000] {processor.py:183} INFO - Processing /home/airflow/.local/lib/python3.8/site-packages/airflow/example_dags/example_bash_operator.py took 0.098 seconds
[2026-08-06T21:44:10.158+0000] {processor.py:161} INFO - Started process (PID=4695) to work on /home/airflow/.local/lib/python3.8/site-packages/airflow/example_dags/example_bash_operator.py
[2026-08-06T21:44:10.162+0000] {processor.py:830} INFO - Processing file /home/airflow/.local/lib/python3.8/site-packages/airflow/example_dags/example_bash_operator.py for tasks to queue
[2026-08-06T21:44:10.168+0000] {logging_mixin.py:188} INFO - [2026-08-06T21:44:10.166+0000] {dagbag.py:538} INFO - Filling up the DagBag from /home/airflow/.local/lib/python3.8/site-packages/airflow/example_dags/example_bash_operator.py
[2026-08-06T21:44:10.199+0000] {processor.py:840} INFO - DAG(s) 'example_bash_operator' retrieved from /home/airflow/.local/lib/python3.8/site-packages/airflow/example_dags/example_bash_operator.py
[2026-08-06T21:44:10.288+0000] {logging_mixin.py:188} INFO - [2026-08-06T21:44:10.286+0000] {dag.py:3036} INFO - Sync 1 DAGs
[2026-08-06T21:44:10.362+0000] {logging_mixin.py:188} INFO - [2026-08-06T21:44:10.360+0000] {dag.py:3823} INFO - Setting next_dagrun for example_bash_operator to 2026-08-05 00:00:00+00:00, run_after=2026-08-06 00:00:00+00:00
[2026-08-06T21:44:10.424+0000] {processor.py:183} INFO - Processing /home/airflow/.local/lib/python3.8/site-packages/airflow/example_dags/example_bash_operator.py took 0.276 seconds
