[2026-08-06T21:05:58.904+0000] {processor.py:161} INFO - Started process (PID=92) to work on /home/airflow/.local/lib/python3.8/site-packages/airflow/example_dags/example_branch_operator_decorator.py
[2026-08-06T21:05:58.906+0000] {processor.py:830} INFO - Processing file /home/airflow/.local/lib/python3.8/site-packages/airflow/example_dags/example_branch_operator_decorator.py for tasks to queue
[2026-08-06T21:05:58.910+0000] {logging_mixin.py:188} INFO - [2026-08-06T21:05:58.909+0000] {dagbag.py:538} INFO - Filling up the DagBag from /home/airflow/.local/lib/python3.8/site-packages/airflow/example_dags/example_branch_operator_decorator.py
[2026-08-06T21:05:58.938+0000] {processor.py:840} INFO - DAG(s) 'example_branch_python_operator_decorator' retrieved from /home/airflow/.local/lib/python3.8/site-packages/airflow/example_dags/example_branch_operator_decorator.py
[2026-08-06T21:05:59.101+0000] {logging_mixin.py:188} INFO - [2026-08-06T21:05:59.100+0000] {dag.py:3036} INFO - Sync 1 DAGs
[2026-08-06T21:05:59.123+0000] {logging_mixin.py:188} INFO - [2026-08-06T21:05:59.122+0000] {dag.py:3823} INFO - Setting next_dagrun for example_branch_python_operator_decorator to 2026-08-05 00:00:00+00:00, run_after=2026-08-06 00:00:00+00:00
[2026-08-06T21:05:59.173+0000] {processor.py:183} INFO - Processing /home/airflow/.local/lib/python3.8/site-packages/airflow/example_dags/example_branch_operator_decorator.py took 0.275 seconds
[2026-08-06T21:06:30.158+0000] {processor.py:161} INFO - Started process (PID=147) to work on /home/airflow/.local/lib/python3.8/site-packages/airflow/example_dags/example_branch_operator_decorator.py
[2026-08-06T21:06:30.159+0000] {processor.py:830} INFO - Processing file /home/airflow/.local/lib/python3.8/site-packages/airflow/example_dags/example_branch_operator_decorator.py for tasks to queue
[2026-08-06T21:06:30.161+0000] {logging_mixin.py:188} INFO - [2026-08-06T21:06:30.161+0000] {dagbag.py:538} INFO - Filling up the DagBag from /home/airflow/.local/lib/python3.8/site-packages/airflow/example_dags/example_branch_operator_decorator.py
[2026-08-06T21:06:30.180+0000] {processor.py:840} INFO - DAG(s) 'example_branch_python_operator_decorator' retrieved from /home/airflow/.local/lib/python3.8/site-packages/airflow/example_dags/example_branch_operator_decorator.py
[2026-08-06T21:06:30.193+0000] {logging_mixin.py:188} INFO - [2026-08-06T21:06:30.192+0000] {dag.py:3036} INFO - Sync 1 DAGs
[2026-08-06T21:06:30.215+0000] {logging_mixin.py:188} INFO - [2026-08-06T21:06:30.214+0000] {dag.py:3823} INFO - Setting next_dagrun for example_branch_python_operator_decorator to 2026-08-05 00:00:00+00:00, run_after=2026-08-06 00:00:00+00:00
[2026-08-06T21:06:30.236+0000] {processor.py:183} INFO - Processing /home/airflow/.local/lib/python3.8/site-packages/airflow/example_dags/example_branch_operator_decorator.py took 0.081 seconds
[2026-08-06T21:07:01.207+0000] {processor.py:161} INFO - Started process (PID=202) to work on /home/airflow/.local/lib/python3.8/site-packages/airflow/example_dags/example_branch_operator_decorator.py
[2026-08-06T21:07:01.209+0000] {processor.py:830} INFO - Processing file /home/airflow/.local/lib/python3.8/site-packages/airflow/example_dags/example_branch_operator_decorator.py for tasks to queue
[2026-08-06T21:07:01.212+0000] {logging_mixin.py:188} INFO - [2026-08-06T21:07:01.211+0000] {dagbag.py:538} INFO - Filling up the DagBag from /home/airflow/.local/lib/python3.8/site-packages/airflow/example_dags/example_branch_operator_decorator.py
[2026-08-06T21:07:01.240+0000] {processor.py:840} INFO - DAG(s) 'example_branch_python_operator_decorator' retrieved from /home/airflow/.local/lib/python3.8/site-packages/airflow/example_dags/example_branch_operator_decorator.py
[2026-08-06T21:07:01.385+0000] {logging_mixin.py:188} INFO - [2026-08-06T21:07:01.384+0000] {dag.py:3036} INFO - Sync 1 DAGs
[2026-08-06T21:07:01.421+0000] {logging_mixin.py:188} INFO - [2026-08-06T21:07:01.420+0000] {dag.py:3823} INFO - Setting next_dagrun for example_branch_python_operator_decorator to 2026-08-05 00:00:00+00:00, run_after=2026-08-06 00:00:00+00:00
[2026-08-06T21:07:01.450+0000] {processor.py:183} INFO - Processing /home/airflow/.local/lib/python3.8/site-packages/airflow/example_dags/example_branch_operator_decorator.py took 0.246 seconds
[2026-08-06T21:07:31.870+0000] {processor.py:161} INFO - Started process (PID=257) to work on /home/airflow/.local/lib/python3.8/site-packages/airflow/example_dags/example_branch_operator_decorator.py
[2026-08-06T21:07:31.872+0000] {processor.py:830} INFO - Processing file /home/airflow/.local/lib/python3.8/site-packages/airflow/example_dags/example_branch_operator_decorator.py for tasks to queue
[2026-08-06T21:07:31.875+0000] {logging_mixin.py:188} INFO - [2026-08-06T21:07:31.875+0000] {dagbag.py:538} INFO - Filling up the DagBag from /home/airflow/.local/lib/python3.8/site-packages/airflow/example_dags/example_branch_operator_decorator.py
[2026-08-06T21:07:31.909+0000] {processor.py:840} INFO - DAG(s) 'example_branch_python_operator_decorator' retrieved from /home/airflow/.local/lib/python3.8/site-packages/airflow/example_dags/example_branch_operator_decorator.py
[2026-08-06T21:07:31.943+0000] {logging_mixin.py:188} INFO - [2026-08-06T21:07:31.943+0000] {dag.py:3036} INFO - Sync 1 DAGs
[2026-08-06T21:07:31.972+0000] {logging_mixin.py:188} INFO - [2026-08-06T21:07:31.972+0000] {dag.py:3823} INFO - Setting next_dagrun for example_branch_python_operator_decorator to 2026-08-05 00:00:00+00:00, run_after=2026-08-06 00:00:00+00:00
[2026-08-06T21:07:31.995+0000] {processor.py:183} INFO - Processing /home/airflow/.local/lib/python3.8/site-packages/airflow/example_dags/example_branch_operator_decorator.py took 0.131 seconds
[2026-08-06T21:08:02.118+0000] {processor.py:161} INFO - Started process (PID=312) to work on /home/airflow/.local/lib/python3.8/site-packages/airflow/example_dags/example_branch_operator_decorator.py
[2026-08-06T21:08:02.120+0000] {processor.py:830} INFO - Processing file /home/airflow/.local/lib/python3.8/site-packages/airflow/example_dags/example_branch_operator_decorator.py for tasks to queue
[2026-08-06T21:08:02.123+0000] {logging_mixin.py:188} INFO - [2026-08-06T21:08:02.122+0000] {dagbag.py:538} INFO - Filling up the DagBag from /home/airflow/.local/lib/python3.8/site-packages/airflow/example_dags/example_branch_operator_decorator.py
[2026-08-06T21:08:02.151+0000] {processor.py:840} INFO - DAG(s) 'example_branch_python_operator_decorator' retrieved from /home/airflow/.local/lib/python3.8/site-packages/airflow/example_dags/example_branch_operator_decorator.py
[2026-08-06T21:08:02.186+0000] {logging_mixin.py:188} INFO - [2026-08-06T21:08:02.186+0000] {dag.py:3036} INFO - Sync 1 DAGs
[2026-08-06T21:08:02.218+0000] {logging_mixin.py:188} INFO - [2026-08-06T21:08:02.217+0000] {dag.py:3823} INFO - Setting next_dagrun for example_branch_python_operator_decorator to 2026-08-05 00:00:00+00:00, run_after=2026-08-06 00:00:00+00:00
[2026-08-06T21:08:02.243+0000] {processor.py:183} INFO - Processing /home/airflow/.local/lib/python3.8/site-packages/airflow/example_dags/example_branch_operator_decorator.py took 0.131 seconds
[2026-08-06T21:08:33.345+0000] {processor.py:161} INFO - Started process (PID=367) to work on /home/airflow/.local/lib/python3.8/site-packages/airflow/example_dags/example_branch_operator_decorator.py
[2026-08-06T21:08:33.347+0000] {processor.py:830} INFO - Processing file /home/airflow/.local/lib/python3.8/site-packages/airflow/example_dags/example_branch_operator_decorator.py for tasks to queue
[2026-08-06T21:08:33.349+0000] {logging_mixin.py:188} INFO - [2026-08-06T21:08:33.349+0000] {dagbag.py:538} INFO - Filling up the DagBag from /home/airflow/.local/lib/python3.8/site-packages/airflow/example_dags/example_branch_operator_decorator.py
[2026-08-06T21:08:33.373+0000] {processor.py:840} INFO - DAG(s) 'example_branch_python_operator_decorator' retrieved from /home/airflow/.local/lib/python3.8/site-packages/airflow/example_dags/example_branch_operator_decorator.py
[2026-08-06T21:08:33.403+0000] {logging_mixin.py:188} INFO - [2026-08-06T21:08:33.402+0000] {dag.py:3036} INFO - Sync 1 DAGs
[2026-08-06T21:08:33.426+0000] {logging_mixin.py:188} INFO - [2026-08-06T21:08:33.426+0000] {dag.py:3823} INFO - Setting next_dagrun for example_branch_python_operator_decorator to 2026-08-05 00:00:00+00:00, run_after=2026-08-06 00:00:00+00:00
[2026-08-06T21:08:33.520+0000] {processor.py:183} INFO - Processing /home/airflow/.local/lib/python3.8/site-packages/airflow/example_dags/example_branch_operator_decorator.py took 0.179 seconds
[2026-08-06T21:09:03.669+0000] {processor.py:161} INFO - Started process (PID=422) to work on /home/airflow/.local/lib/python3.8/site-packages/airflow/example_dags/example_branch_operator_decorator.py
[2026-08-06T21:09:03.672+0000] {processor.py:830} INFO - Processing file /home/airflow/.local/lib/python3.8/site-packages/airflow/example_dags/example_branch_operator_decorator.py for tasks to queue
[2026-08-06T21:09:03.674+0000] {logging_mixin.py:188} INFO - [2026-08-06T21:09:03.673+0000] {dagbag.py:538} INFO - Filling up the DagBag from /home/airflow/.local/lib/python3.8/site-packages/airflow/example_dags/example_branch_operator_decorator.py
[2026-08-06T21:09:03.696+0000] {processor.py:840} INFO - DAG(s) 'example_branch_python_operator_decorator' retrieved from /home/airflow/.local/lib/python3.8/site-packages/airflow/example_dags/example_branch_operator_decorator.py
[2026-08-06T21:09:03.732+0000] {logging_mixin.py:188} INFO - [2026-08-06T21:09:03.731+0000] {dag.py:3036} INFO - Sync 1 DAGs
[2026-08-06T21:09:03.762+0000] {logging_mixin.py:188} INFO - [2026-08-06T21:09:03.761+0000] {dag.py:3823} INFO - Setting next_dagrun for example_branch_python_operator_decorator to 2026-08-05 00:00:00+00:00, run_after=2026-08-06 00:00:00+00:00
[2026-08-06T21:09:03.783+0000] {processor.py:183} INFO - Processing /home/airflow/.local/lib/python3.8/site-packages/airflow/example_dags/example_branch_operator_decorator.py took 0.118 seconds
[2026-08-06T21:09:35.151+0000] {processor.py:161} INFO - Started process (PID=477) to work on /home/airflow/.local/lib/python3.8/site-packages/airflow/example_dags/example_branch_operator_decorator.py
[2026-08-06T21:09:35.154+0000] {processor.py:830} INFO - Processing file /home/airflow/.local/lib/python3.8/site-packages/airflow/example_dags/example_branch_operator_decorator.py for tasks to queue
[2026-08-06T21:09:35.157+0000] {logging_mixin.py:188} INFO - [2026-08-06T21:09:35.156+0000] {dagbag.py:538} INFO - Filling up the DagBag from /home/airflow/.local/lib/python3.8/site-packages/airflow/example_dags/example_branch_operator_decorator.py
[2026-08-06T21:09:35.198+0000] {processor.py:840} INFO - DAG(s) 'example_branch_python_operator_decorator' retrieved from /home/airflow/.local/lib/python3.8/site-packages/airflow/example_dags/example_branch_operator_decorator.py
[2026-08-06T21:09:35.246+0000] {logging_mixin.py:188} INFO - [2026-08-06T21:09:35.245+0000] {dag.py:3036} INFO - Sync 1 DAGs
[2026-08-06T21:09:35.279+0000] {logging_mixin.py:188} INFO - [2026-08-06T21:09:35.279+0000] {dag.py:3823} INFO - Setting next_dagrun for example_branch_python_operator_decorator to 2026-08-05 00:00:00+00:00, run_after=2026-08-06 00:00:00+00:00
[2026-08-06T21:09:35.345+0000] {processor.py:183} INFO - Processing /home/airflow/.local/lib/python3.8/site-packages/airflow/example_dags/example_branch_operator_decorator.py took 0.200 seconds
[2026-08-06T21:10:05.524+0000] {processor.py:161} INFO - Started process (PID=532) to work on /home/airflow/.local/lib/python3.8/site-packages/airflow/example_dags/example_branch_operator_decorator.py
[2026-08-06T21:10:05.525+0000] {processor.py:830} INFO - Processing file /home/airflow/.local/lib/python3.8/site-packages/airflow/example_dags/example_branch_operator_decorator.py for tasks to queue
[2026-08-06T21:10:05.527+0000] {logging_mixin.py:188} INFO - [2026-08-06T21:10:05.527+0000] {dagbag.py:538} INFO - Filling up the DagBag from /home/airflow/.local/lib/python3.8/site-packages/airflow/example_dags/example_branch_operator_decorator.py
[2026-08-06T21:10:05.550+0000] {processor.py:840} INFO - DAG(s) 'example_branch_python_operator_decorator' retrieved from /home/airflow/.local/lib/python3.8/site-packages/airflow/example_dags/example_branch_operator_decorator.py
[2026-08-06T21:10:05.584+0000] {logging_mixin.py:188} INFO - [2026-08-06T21:10:05.584+0000] {dag.py:3036} INFO - Sync 1 DAGs
[2026-08-06T21:10:05.610+0000] {logging_mixin.py:188} INFO - [2026-08-06T21:10:05.609+0000] {dag.py:3823} INFO - Setting next_dagrun for example_branch_python_operator_decorator to 2026-08-05 00:00:00+00:00, run_after=2026-08-06 00:00:00+00:00
[2026-08-06T21:10:05.675+0000] {processor.py:183} INFO - Processing /home/airflow/.local/lib/python3.8/site-packages/airflow/example_dags/example_branch_operator_decorator.py took 0.154 seconds
[2026-08-06T21:10:35.869+0000] {processor.py:161} INFO - Started process (PID=587) to work on /home/airflow/.local/lib/python3.8/site-packages/airflow/example_dags/example_branch_operator_decorator.py
[2026-08-06T21:10:35.872+0000] {processor.py:830} INFO - Processing file /home/airflow/.local/lib/python3.8/site-packages/airflow/example_dags/example_branch_operator_decorator.py for tasks to queue
[2026-08-06T21:10:35.876+0000] {logging_mixin.py:188} INFO - [2026-08-06T21:10:35.876+0000] {dagbag.py:538} INFO - Filling up the DagBag from /home/airflow/.local/lib/python3.8/site-packages/airflow/example_dags/example_branch_operator_decorator.py
[2026-08-06T21:10:35.901+0000] {processor.py:840} INFO - DAG(s) 'example_branch_python_operator_decorator' retrieved from /home/airflow/.local/lib/python3.8/site-packages/airflow/example_dags/example_branch_operator_decorator.py
[2026-08-06T21:10:35.935+0000] {logging_mixin.py:188} INFO - [2026-08-06T21:10:35.934+0000] {dag.py:3036} INFO - Sync 1 DAGs
[2026-08-06T21:10:35.964+0000] {logging_mixin.py:188} INFO - [2026-08-06T21:10:35.964+0000] {dag.py:3823} INFO - Setting next_dagrun for example_branch_python_operator_decorator to 2026-08-05 00:00:00+00:00, run_after=2026-08-06 00:00:00+00:00
[2026-08-06T21:10:36.151+0000] {processor.py:183} INFO - Processing /home/airflow/.local/lib/python3.8/site-packages/airflow/example_dags/example_branch_operator_decorator.py took 0.287 seconds
[2026-08-06T21:11:06.391+0000] {processor.py:161} INFO - Started process (PID=642) to work on /home/airflow/.local/lib/python3.8/site-packages/airflow/example_dags/example_branch_operator_decorator.py
[2026-08-06T21:11:06.392+0000] {processor.py:830} INFO - Processing file /home/airflow/.local/lib/python3.8/site-packages/airflow/example_dags/example_branch_operator_decorator.py for tasks to queue
[2026-08-06T21:11:06.395+0000] {logging_mixin.py:188} INFO - [2026-08-06T21:11:06.395+0000] {dagbag.py:538} INFO - Filling up the DagBag from /home/airflow/.local/lib/python3.8/site-packages/airflow/example_dags/example_branch_operator_decorator.py
[2026-08-06T21:11:06.424+0000] {processor.py:840} INFO - DAG(s) 'example_branch_python_operator_decorator' retrieved from /home/airflow/.local/lib/python3.8/site-packages/airflow/example_dags/example_branch_operator_decorator.py
[2026-08-06T21:11:06.456+0000] {logging_mixin.py:188} INFO - [2026-08-06T21:11:06.455+0000] {dag.py:3036} INFO - Sync 1 DAGs
[2026-08-06T21:11:06.483+0000] {logging_mixin.py:188} INFO - [2026-08-06T21:11:06.482+0000] {dag.py:3823} INFO - Setting next_dagrun for example_branch_python_operator_decorator to 2026-08-05 00:00:00+00:00, run_after=2026-08-06 00:00:00+00:00
[2026-08-06T21:11:06.535+0000] {processor.py:183} INFO - Processing /home/airflow/.local/lib/python3.8/site-packages/airflow/example_dags/example_branch_operator_decorator.py took 0.148 seconds
[2026-08-06T21:11:36.790+0000] {processor.py:161} INFO - Started process (PID=697) to work on /home/airflow/.local/lib/python3.8/site-packages/airflow/example_dags/example_branch_operator_decorator.py
[2026-08-06T21:11:36.791+0000] {processor.py:830} INFO - Processing file /home/airflow/.local/lib/python3.8/site-packages/airflow/example_dags/example_branch_operator_decorator.py for tasks to queue
[2026-08-06T21:11:36.793+0000] {logging_mixin.py:188} INFO - [2026-08-06T21:11:36.793+0000] {dagbag.py:538} INFO - Filling up the DagBag from /home/airflow/.local/lib/python3.8/site-packages/airflow/example_dags/example_branch_operator_decorator.py
[2026-08-06T21:11:36.816+0000] {processor.py:840} INFO - DAG(s) 'example_branch_python_operator_decorator' retrieved from /home/airflow/.local/lib/python3.8/site-packages/airflow/example_dags/example_branch_operator_decorator.py
[2026-08-06T21:11:36.842+0000] {logging_mixin.py:188} INFO - [2026-08-06T21:11:36.842+0000] {dag.py:3036} INFO - Sync 1 DAGs
[2026-08-06T21:11:36.864+0000] {logging_mixin.py:188} INFO - [2026-08-06T21:11:36.863+0000] {dag.py:3823} INFO - Setting next_dagrun for example_branch_python_operator_decorator to 2026-08-05 00:00:00+00:00, run_after=2026-08-06 00:00:00+00:00
[2026-08-06T21:11:36.886+0000] {processor.py:183} INFO - Processing /home/airflow/.local/lib/python3.8/site-packages/airflow/example_dags/example_branch_operator_decorator.py took 0.101 seconds
[2026-08-06T21:12:07.222+0000] {processor.py:161} INFO - Started process (PID=752) to work on /home/airflow/.local/lib/python3.8/site-packages/airflow/example_dags/example_branch_operator_decorator.py
[2026-08-06T21:12:07.223+0000] {processor.py:830} INFO - Processing file /home/airflow/.local/lib/python3.8/site-packages/airflow/example_dags/example_branch_operator_decorator.py for tasks to queue
[2026-08-06T21:12:07.226+0000] {logging_mixin.py:188} INFO - [2026-08-06T21:12:07.226+0000] {dagbag.py:538} INFO - Filling up the DagBag from /home/airflow/.local/lib/python3.8/site-packages/airflow/example_dags/example_branch_operator_decorator.py
[2026-08-06T21:12:07.248+0000] {processor.py:840} INFO - DAG(s) 'example_branch_python_operator_decorator' retrieved from /home/airflow/.local/lib/python3.8/site-packages/airflow/example_dags/example_branch_operator_decorator.py
[2026-08-06T21:12:07.276+0000] {logging_mixin.py:188} INFO - [2026-08-06T21:12:07.275+0000] {dag.py:3036} INFO - Sync 1 DAGs
[2026-08-06T21:12:07.300+0000] {logging_mixin.py:188} INFO - [2026-08-06T21:12:07.299+0000] {dag.py:3823} INFO - Setting next_dagrun for example_branch_python_operator_decorator to 2026-08-05 00:00:00+00:00, run_after=2026-08-06 00:00:00+00:00
[2026-08-06T21:12:07.320+0000] {processor.py:183} INFO - Processing /home/airflow/.local/lib/python3.8/site-packages/airflow/example_dags/example_branch_operator_decorator.py took 0.102 seconds
[2026-08-06T21:12:38.069+0000] {processor.py:161} INFO - Started process (PID=807) to work on /home/airflow/.local/lib/python3.8/site-packages/airflow/example_dags/example_branch_operator_decorator.py
[2026-08-06T21:12:38.070+0000] {processor.py:830} INFO - Processing file /home/airflow/.local/lib/python3.8/site-packages/airflow/example_dags/example_branch_operator_decorator.py for tasks to queue
[2026-08-06T21:12:38.072+0000] {logging_mixin.py:188} INFO - [2026-08-06T21:12:38.072+0000] {dagbag.py:538} INFO - Filling up the DagBag from /home/airflow/.local/lib/python3.8/site-packages/airflow/example_dags/example_branch_operator_decorator.py
[2026-08-06T21:12:38.093+0000] {processor.py:840} INFO - DAG(s) 'example_branch_python_operator_decorator' retrieved from /home/airflow/.local/lib/python3.8/site-packages/airflow/example_dags/example_branch_operator_decorator.py
[2026-08-06T21:12:38.120+0000] {logging_mixin.py:188} INFO - [2026-08-06T21:12:38.120+0000] {dag.py:3036} INFO - Sync 1 DAGs
[2026-08-06T21:12:38.143+0000] {logging_mixin.py:188} INFO - [2026-08-06T21:12:38.142+0000] {dag.py:3823} INFO - Setting next_dagrun for example_branch_python_operator_decorator to 2026-08-05 00:00:00+00:00, run_after=2026-08-06 00:00:00+00:00
[2026-08-06T21:12:38.162+0000] {processor.py:183} INFO - Processing /home/airflow/.local/lib/python3.8/site-packages/airflow/example_dags/example_branch_operator_decorator.py took 0.097 seconds
[2026-08-06T21:13:08.551+0000] {processor.py:161} INFO - Started process (PID=862) to work on /home/airflow/.local/lib/python3.8/site-packages/airflow/example_dags/example_branch_operator_decorator.py
[2026-08-06T21:13:08.553+0000] {processor.py:830} INFO - Processing file /home/airflow/.local/lib/python3.8/site-packages/airflow/example_dags/example_branch_operator_decorator.py for tasks to queue
[2026-08-06T21:13:08.555+0000] {logging_mixin.py:188} INFO - [2026-08-06T21:13:08.555+0000] {dagbag.py:538} INFO - Filling up the DagBag from /home/airflow/.local/lib/python3.8/site-packages/airflow/example_dags/example_branch_operator_decorator.py
[2026-08-06T21:13:08.576+0000] {processor.py:840} INFO - DAG(s) 'example_branch_python_operator_decorator' retrieved from /home/airflow/.local/lib/python3.8/site-packages/airflow/example_dags/example_branch_operator_decorator.py
[2026-08-06T21:13:08.609+0000] {logging_mixin.py:188} INFO - [2026-08-06T21:13:08.608+0000] {dag.py:3036} INFO - Sync 1 DAGs
[2026-08-06T21:13:08.634+0000] {logging_mixin.py:188} INFO - [2026-08-06T21:13:08.634+0000] {dag.py:3823} INFO - Setting next_dagrun for example_branch_python_operator_decorator to 2026-08-05 00:00:00+00:00, run_after=2026-08-06 00:00:00+00:00
[2026-08-06T21:13:08.660+0000] {processor.py:183} INFO - Processing /home/airflow/.local/lib/python3.8/site-packages/airflow/example_dags/example_branch_operator_decorator.py took 0.112 seconds
[2026-08-06T21:13:39.456+0000] {processor.py:161} INFO - Started process (PID=917) to work on /home/airflow/.local/lib/python3.8/site-packages/airflow/example_dags/example_branch_operator_decorator.py
[2026-08-06T21:13:39.458+0000] {processor.py:830} INFO - Processing file /home/airflow/.local/lib/python3.8/site-packages/airflow/example_dags/example_branch_operator_decorator.py for tasks to queue
[2026-08-06T21:13:39.460+0000] {logging_mixin.py:188} INFO - [2026-08-06T21:13:39.460+0000] {dagbag.py:538} INFO - Filling up the DagBag from /home/airflow/.local/lib/python3.8/site-packages/airflow/example_dags/example_branch_operator_decorator.py
[2026-08-06T21:13:39.481+0000] {processor.py:840} INFO - DAG(s) 'example_branch_python_operator_decorator' retrieved from /home/airflow/.local/lib/python3.8/site-packages/airflow/example_dags/example_branch_operator_decorator.py
[2026-08-06T21:13:39.512+0000] {logging_mixin.py:188} INFO - [2026-08-06T21:13:39.512+0000] {dag.py:3036} INFO - Sync 1 DAGs
[2026-08-06T21:13:39.535+0000] {logging_mixin.py:188} INFO - [2026-08-06T21:13:39.534+0000] {dag.py:3823} INFO - Setting next_dagrun for example_branch_python_operator_decorator to 2026-08-05 00:00:00+00:00, run_after=2026-08-06 00:00:00+00:00
[2026-08-06T21:13:39.556+0000] {processor.py:183} INFO - Processing /home/airflow/.local/lib/python3.8/site-packages/airflow/example_dags/example_branch_operator_decorator.py took 0.103 seconds
[2026-08-06T21:14:10.128+0000] {processor.py:161} INFO - Started process (PID=972) to work on /home/airflow/.local/lib/python3.8/site-packages/airflow/example_dags/example_branch_operator_decorator.py
[2026-08-06T21:14:10.130+0000] {processor.py:830} INFO - Processing file /home/airflow/.local/lib/python3.8/site-packages/airflow/example_dags/example_branch_operator_decorator.py for tasks to queue
[2026-08-06T21:14:10.132+0000] {logging_mixin.py:188} INFO - [2026-08-06T21:14:10.131+0000] {dagbag.py:538} INFO - Filling up the DagBag from /home/airflow/.local/lib/python3.8/site-packages/airflow/example_dags/example_branch_operator_decorator.py
[2026-08-06T21:14:10.154+0000] {processor.py:840} INFO - DAG(s) 'example_branch_python_operator_decorator' retrieved from /home/airflow/.local/lib/python3.8/site-packages/airflow/example_dags/example_branch_operator_decorator.py
[2026-08-06T21:14:10.181+0000] {logging_mixin.py:188} INFO - [2026-08-06T21:14:10.181+0000] {dag.py:3036} INFO - Sync 1 DAGs
[2026-08-06T21:14:10.212+0000] {logging_mixin.py:188} INFO - [2026-08-06T21:14:10.212+0000] {dag.py:3823} INFO - Setting next_dagrun for example_branch_python_operator_decorator to 2026-08-05 00:00:00+00:00, run_after=2026-08-06 00:00:00+00:00
[2026-08-06T21:14:10.245+0000] {processor.py:183} INFO - Processing /home/airflow/.local/lib/python3.8/site-packages/airflow/example_dags/example_branch_operator_decorator.py took 0.121 seconds
[2026-08-06T21:14:40.361+0000] {processor.py:161} INFO - Started process (PID=1027) to work on /home/airflow/.local/lib/python3.8/site-packages/airflow/example_dags/example_branch_operator_decorator.py
[2026-08-06T21:14:40.363+0000] {processor.py:830} INFO - Processing file /home/airflow/.local/lib/python3.8/site-packages/airflow/example_dags/example_branch_operator_decorator.py for tasks to queue
[2026-08-06T21:14:40.365+0000] {logging_mixin.py:188} INFO - [2026-08-06T21:14:40.364+0000] {dagbag.py:538} INFO - Filling up the DagBag from /home/airflow/.local/lib/python3.8/site-packages/airflow/example_dags/example_branch_operator_decorator.py
[2026-08-06T21:14:40.385+0000] {processor.py:840} INFO - DAG(s) 'example_branch_python_operator_decorator' retrieved from /home/airflow/.local/lib/python3.8/site-packages/airflow/example_dags/example_branch_operator_decorator.py
[2026-08-06T21:14:40.412+0000] {logging_mixin.py:188} INFO - [2026-08-06T21:14:40.411+0000] {dag.py:3036} INFO - Sync 1 DAGs
[2026-08-06T21:14:40.433+0000] {logging_mixin.py:188} INFO - [2026-08-06T21:14:40.433+0000] {dag.py:3823} INFO - Setting next_dagrun for example_branch_python_operator_decorator to 2026-08-05 00:00:00+00:00, run_after=2026-08-06 00:00:00+00:00
[2026-08-06T21:14:40.453+0000] {processor.py:183} INFO - Processing /home/airflow/.local/lib/python3.8/site-packages/airflow/example_dags/example_branch_operator_decorator.py took 0.096 seconds
[2026-08-06T21:15:10.538+0000] {processor.py:161} INFO - Started process (PID=1081) to work on /home/airflow/.local/lib/python3.8/site-packages/airflow/example_dags/example_branch_operator_decorator.py
[2026-08-06T21:15:10.540+0000] {processor.py:830} INFO - Processing file /home/airflow/.local/lib/python3.8/site-packages/airflow/example_dags/example_branch_operator_decorator.py for tasks to queue
[2026-08-06T21:15:10.542+0000] {logging_mixin.py:188} INFO - [2026-08-06T21:15:10.542+0000] {dagbag.py:538} INFO - Filling up the DagBag from /home/airflow/.local/lib/python3.8/site-packages/airflow/example_dags/example_branch_operator_decorator.py
[2026-08-06T21:15:10.569+0000] {processor.py:840} INFO - DAG(s) 'example_branch_python_operator_decorator' retrieved from /home/airflow/.local/lib/python3.8/site-packages/airflow/example_dags/example_branch_operator_decorator.py
[2026-08-06T21:15:10.606+0000] {logging_mixin.py:188} INFO - [2026-08-06T21:15:10.605+0000] {dag.py:3036} INFO - Sync 1 DAGs
[2026-08-06T21:15:10.636+0000] {logging_mixin.py:188} INFO - [2026-08-06T21:15:10.636+0000] {dag.py:3823} INFO - Setting next_dagrun for example_branch_python_operator_decorator to 2026-08-05 00:00:00+00:00, run_after=2026-08-06 00:00:00+00:00
[2026-08-06T21:15:10.667+0000] {processor.py:183} INFO - Processing /home/airflow/.local/lib/python3.8/site-packages/airflow/example_dags/example_branch_operator_decorator.py took 0.134 seconds
[2026-08-06T21:15:40.851+0000] {processor.py:161} INFO - Started process (PID=1136) to work on /home/airflow/.local/lib/python3.8/site-packages/airflow/example_dags/example_branch_operator_decorator.py
[2026-08-06T21:15:40.853+0000] {processor.py:830} INFO - Processing file /home/airflow/.local/lib/python3.8/site-packages/airflow/example_dags/example_branch_operator_decorator.py for tasks to queue
[2026-08-06T21:15:40.855+0000] {logging_mixin.py:188} INFO - [2026-08-06T21:15:40.855+0000] {dagbag.py:538} INFO - Filling up the DagBag from /home/airflow/.local/lib/python3.8/site-packages/airflow/example_dags/example_branch_operator_decorator.py
[2026-08-06T21:15:40.875+0000] {processor.py:840} INFO - DAG(s) 'example_branch_python_operator_decorator' retrieved from /home/airflow/.local/lib/python3.8/site-packages/airflow/example_dags/example_branch_operator_decorator.py
[2026-08-06T21:15:40.900+0000] {logging_mixin.py:188} INFO - [2026-08-06T21:15:40.900+0000] {dag.py:3036} INFO - Sync 1 DAGs
[2026-08-06T21:15:40.922+0000] {logging_mixin.py:188} INFO - [2026-08-06T21:15:40.921+0000] {dag.py:3823} INFO - Setting next_dagrun for example_branch_python_operator_decorator to 2026-08-05 00:00:00+00:00, run_after=2026-08-06 00:00:00+00:00
[2026-08-06T21:15:40.944+0000] {processor.py:183} INFO - Processing /home/airflow/.local/lib/python3.8/site-packages/airflow/example_dags/example_branch_operator_decorator.py took 0.096 seconds
[2026-08-06T21:16:11.264+0000] {processor.py:161} INFO - Started process (PID=1207) to work on /home/airflow/.local/lib/python3.8/site-packages/airflow/example_dags/example_branch_operator_decorator.py
[2026-08-06T21:16:11.265+0000] {processor.py:830} INFO - Processing file /home/airflow/.local/lib/python3.8/site-packages/airflow/example_dags/example_branch_operator_decorator.py for tasks to queue
[2026-08-06T21:16:11.267+0000] {logging_mixin.py:188} INFO - [2026-08-06T21:16:11.267+0000] {dagbag.py:538} INFO - Filling up the DagBag from /home/airflow/.local/lib/python3.8/site-packages/airflow/example_dags/example_branch_operator_decorator.py
[2026-08-06T21:16:11.287+0000] {processor.py:840} INFO - DAG(s) 'example_branch_python_operator_decorator' retrieved from /home/airflow/.local/lib/python3.8/site-packages/airflow/example_dags/example_branch_operator_decorator.py
[2026-08-06T21:16:11.316+0000] {logging_mixin.py:188} INFO - [2026-08-06T21:16:11.316+0000] {dag.py:3036} INFO - Sync 1 DAGs
[2026-08-06T21:16:11.339+0000] {logging_mixin.py:188} INFO - [2026-08-06T21:16:11.339+0000] {dag.py:3823} INFO - Setting next_dagrun for example_branch_python_operator_decorator to 2026-08-05 00:00:00+00:00, run_after=2026-08-06 00:00:00+00:00
[2026-08-06T21:16:11.362+0000] {processor.py:183} INFO - Processing /home/airflow/.local/lib/python3.8/site-packages/airflow/example_dags/example_branch_operator_decorator.py took 0.102 seconds
[2026-08-06T21:16:42.308+0000] {processor.py:161} INFO - Started process (PID=1267) to work on /home/airflow/.local/lib/python3.8/site-packages/airflow/example_dags/example_branch_operator_decorator.py
[2026-08-06T21:16:42.309+0000] {processor.py:830} INFO - Processing file /home/airflow/.local/lib/python3.8/site-packages/airflow/example_dags/example_branch_operator_decorator.py for tasks to queue
[2026-08-06T21:16:42.312+0000] {logging_mixin.py:188} INFO - [2026-08-06T21:16:42.311+0000] {dagbag.py:538} INFO - Filling up the DagBag from /home/airflow/.local/lib/python3.8/site-packages/airflow/example_dags/example_branch_operator_decorator.py
[2026-08-06T21:16:42.331+0000] {processor.py:840} INFO - DAG(s) 'example_branch_python_operator_decorator' retrieved from /home/airflow/.local/lib/python3.8/site-packages/airflow/example_dags/example_branch_operator_decorator.py
[2026-08-06T21:16:42.359+0000] {logging_mixin.py:188} INFO - [2026-08-06T21:16:42.358+0000] {dag.py:3036} INFO - Sync 1 DAGs
[2026-08-06T21:16:42.381+0000] {logging_mixin.py:188} INFO - [2026-08-06T21:16:42.381+0000] {dag.py:3823} INFO - Setting next_dagrun for example_branch_python_operator_decorator to 2026-08-05 00:00:00+00:00, run_after=2026-08-06 00:00:00+00:00
[2026-08-06T21:16:42.405+0000] {processor.py:183} INFO - Processing /home/airflow/.local/lib/python3.8/site-packages/airflow/example_dags/example_branch_operator_decorator.py took 0.100 seconds
[2026-08-06T21:17:12.457+0000] {processor.py:161} INFO - Started process (PID=1325) to work on /home/airflow/.local/lib/python3.8/site-packages/airflow/example_dags/example_branch_operator_decorator.py
[2026-08-06T21:17:12.458+0000] {processor.py:830} INFO - Processing file /home/airflow/.local/lib/python3.8/site-packages/airflow/example_dags/example_branch_operator_decorator.py for tasks to queue
[2026-08-06T21:17:12.460+0000] {logging_mixin.py:188} INFO - [2026-08-06T21:17:12.460+0000] {dagbag.py:538} INFO - Filling up the DagBag from /home/airflow/.local/lib/python3.8/site-packages/airflow/example_dags/example_branch_operator_decorator.py
[2026-08-06T21:17:12.479+0000] {processor.py:840} INFO - DAG(s) 'example_branch_python_operator_decorator' retrieved from /home/airflow/.local/lib/python3.8/site-packages/airflow/example_dags/example_branch_operator_decorator.py
[2026-08-06T21:17:12.506+0000] {logging_mixin.py:188} INFO - [2026-08-06T21:17:12.505+0000] {dag.py:3036} INFO - Sync 1 DAGs
[2026-08-06T21:17:12.527+0000] {logging_mixin.py:188} INFO - [2026-08-06T21:17:12.527+0000] {dag.py:3823} INFO - Setting next_dagrun for example_branch_python_operator_decorator to 2026-08-05 00:00:00+00:00, run_after=2026-08-06 00:00:00+00:00
[2026-08-06T21:17:12.549+0000] {processor.py:183} INFO - Processing /home/airflow/.local/lib/python3.8/site-packages/airflow/example_dags/example_branch_operator_decorator.py took 0.095 seconds
[2026-08-06T21:17:42.879+0000] {processor.py:161} INFO - Started process (PID=1384) to work on /home/airflow/.local/lib/python3.8/site-packages/airflow/example_dags/example_branch_operator_decorator.py
[2026-08-06T21:17:42.880+0000] {processor.py:830} INFO - Processing file /home/airflow/.local/lib/python3.8/site-packages/airflow/example_dags/example_branch_operator_decorator.py for tasks to queue
[2026-08-06T21:17:42.884+0000] {logging_mixin.py:188} INFO - [2026-08-06T21:17:42.884+0000] {dagbag.py:538} INFO - Filling up the DagBag from /home/airflow/.local/lib/python3.8/site-packages/airflow/example_dags/example_branch_operator_decorator.py
[2026-08-06T21:17:42.907+0000] {processor.py:840} INFO - DAG(s) 'example_branch_python_operator_decorator' retrieved from /home/airflow/.local/lib/python3.8/site-packages/airflow/example_dags/example_branch_operator_decorator.py
[2026-08-06T21:17:42.939+0000] {logging_mixin.py:188} INFO - [2026-08-06T21:17:42.939+0000] {dag.py:3036} INFO - Sync 1 DAGs
[2026-08-06T21:17:42.963+0000] {logging_mixin.py:188} INFO - [2026-08-06T21:17:42.962+0000] {dag.py:3823} INFO - Setting next_dagrun for example_branch_python_operator_decorator to 2026-08-05 00:00:00+00:00, run_after=2026-08-06 00:00:00+00:00
[2026-08-06T21:17:42.990+0000] {processor.py:183} INFO - Processing /home/airflow/.local/lib/python3.8/site-packages/airflow/example_dags/example_branch_operator_decorator.py took 0.115 seconds
[2026-08-06T21:18:13.869+0000] {processor.py:161} INFO - Started process (PID=1444) to work on /home/airflow/.local/lib/python3.8/site-packages/airflow/example_dags/example_branch_operator_decorator.py
[2026-08-06T21:18:13.870+0000] {processor.py:830} INFO - Processing file /home/airflow/.local/lib/python3.8/site-packages/airflow/example_dags/example_branch_operator_decorator.py for tasks to queue
[2026-08-06T21:18:13.874+0000] {logging_mixin.py:188} INFO - [2026-08-06T21:18:13.874+0000] {dagbag.py:538} INFO - Filling up the DagBag from /home/airflow/.local/lib/python3.8/site-packages/airflow/example_dags/example_branch_operator_decorator.py
[2026-08-06T21:18:13.897+0000] {processor.py:840} INFO - DAG(s) 'example_branch_python_operator_decorator' retrieved from /home/airflow/.local/lib/python3.8/site-packages/airflow/example_dags/example_branch_operator_decorator.py
[2026-08-06T21:18:13.927+0000] {logging_mixin.py:188} INFO - [2026-08-06T21:18:13.927+0000] {dag.py:3036} INFO - Sync 1 DAGs
[2026-08-06T21:18:13.952+0000] {logging_mixin.py:188} INFO - [2026-08-06T21:18:13.952+0000] {dag.py:3823} INFO - Setting next_dagrun for example_branch_python_operator_decorator to 2026-08-05 00:00:00+00:00, run_after=2026-08-06 00:00:00+00:00
[2026-08-06T21:18:13.976+0000] {processor.py:183} INFO - Processing /home/airflow/.local/lib/python3.8/site-packages/airflow/example_dags/example_branch_operator_decorator.py took 0.111 seconds
[2026-08-06T21:18:44.554+0000] {processor.py:161} INFO - Started process (PID=1503) to work on /home/airflow/.local/lib/python3.8/site-packages/airflow/example_dags/example_branch_operator_decorator.py
[2026-08-06T21:18:44.556+0000] {processor.py:830} INFO - Processing file /home/airflow/.local/lib/python3.8/site-packages/airflow/example_dags/example_branch_operator_decorator.py for tasks to queue
[2026-08-06T21:18:44.558+0000] {logging_mixin.py:188} INFO - [2026-08-06T21:18:44.558+0000] {dagbag.py:538} INFO - Filling up the DagBag from /home/airflow/.local/lib/python3.8/site-packages/airflow/example_dags/example_branch_operator_decorator.py
[2026-08-06T21:18:44.587+0000] {processor.py:840} INFO - DAG(s) 'example_branch_python_operator_decorator' retrieved from /home/airflow/.local/lib/python3.8/site-packages/airflow/example_dags/example_branch_operator_decorator.py
[2026-08-06T21:18:44.629+0000] {logging_mixin.py:188} INFO - [2026-08-06T21:18:44.629+0000] {dag.py:3036} INFO - Sync 1 DAGs
[2026-08-06T21:18:44.658+0000] {logging_mixin.py:188} INFO - [2026-08-06T21:18:44.658+0000] {dag.py:3823} INFO - Setting next_dagrun for example_branch_python_operator_decorator to 2026-08-05 00:00:00+00:00, run_after=2026-08-06 00:00:00+00:00
[2026-08-06T21:18:44.687+0000] {processor.py:183} INFO - Processing /home/airflow/.local/lib/python3.8/site-packages/airflow/example_dags/example_branch_operator_decorator.py took 0.136 seconds
[2026-08-06T21:19:15.140+0000] {processor.py:161} INFO - Started process (PID=1562) to work on /home/airflow/.local/lib/python3.8/site-packages/airflow/example_dags/example_branch_operator_decorator.py
[2026-08-06T21:19:15.142+0000] {processor.py:830} INFO - Processing file /home/airflow/.local/lib/python3.8/site-packages/airflow/example_dags/example_branch_operator_decorator.py for tasks to queue
[2026-08-06T21:19:15.144+0000] {logging_mixin.py:188} INFO - [2026-08-06T21:19:15.144+0000] {dagbag.py:538} INFO - Filling up the DagBag from /home/airflow/.local/lib/python3.8/site-packages/airflow/example_dags/example_branch_operator_decorator.py
[2026-08-06T21:19:15.164+0000] {processor.py:840} INFO - DAG(s) 'example_branch_python_operator_decorator' retrieved from /home/airflow/.local/lib/python3.8/site-packages/airflow/example_dags/example_branch_operator_decorator.py
[2026-08-06T21:19:15.192+0000] {logging_mixin.py:188} INFO - [2026-08-06T21:19:15.192+0000] {dag.py:3036} INFO - Sync 1 DAGs
[2026-08-06T21:19:15.215+0000] {logging_mixin.py:188} INFO - [2026-08-06T21:19:15.215+0000] {dag.py:3823} INFO - Setting next_dagrun for example_branch_python_operator_decorator to 2026-08-05 00:00:00+00:00, run_after=2026-08-06 00:00:00+00:00
[2026-08-06T21:19:15.238+0000] {processor.py:183} INFO - Processing /home/airflow/.local/lib/python3.8/site-packages/airflow/example_dags/example_branch_operator_decorator.py took 0.102 seconds
[2026-08-06T21:19:45.318+0000] {processor.py:161} INFO - Started process (PID=1620) to work on /home/airflow/.local/lib/python3.8/site-packages/airflow/example_dags/example_branch_operator_decorator.py
[2026-08-06T21:19:45.319+0000] {processor.py:830} INFO - Processing file /home/airflow/.local/lib/python3.8/site-packages/airflow/example_dags/example_branch_operator_decorator.py for tasks to queue
[2026-08-06T21:19:45.321+0000] {logging_mixin.py:188} INFO - [2026-08-06T21:19:45.320+0000] {dagbag.py:538} INFO - Filling up the DagBag from /home/airflow/.local/lib/python3.8/site-packages/airflow/example_dags/example_branch_operator_decorator.py
[2026-08-06T21:19:45.342+0000] {processor.py:840} INFO - DAG(s) 'example_branch_python_operator_decorator' retrieved from /home/airflow/.local/lib/python3.8/site-packages/airflow/example_dags/example_branch_operator_decorator.py
[2026-08-06T21:19:45.371+0000] {logging_mixin.py:188} INFO - [2026-08-06T21:19:45.371+0000] {dag.py:3036} INFO - Sync 1 DAGs
[2026-08-06T21:19:45.395+0000] {logging_mixin.py:188} INFO - [2026-08-06T21:19:45.395+0000] {dag.py:3823} INFO - Setting next_dagrun for example_branch_python_operator_decorator to 2026-08-05 00:00:00+00:00, run_after=2026-08-06 00:00:00+00:00
[2026-08-06T21:19:45.420+0000] {processor.py:183} INFO - Processing /home/airflow/.local/lib/python3.8/site-packages/airflow/example_dags/example_branch_operator_decorator.py took 0.106 seconds
[2026-08-06T21:20:16.712+0000] {processor.py:161} INFO - Started process (PID=1680) to work on /home/airflow/.local/lib/python3.8/site-packages/airflow/example_dags/example_branch_operator_decorator.py
[2026-08-06T21:20:16.714+0000] {processor.py:830} INFO - Processing file /home/airflow/.local/lib/python3.8/site-packages/airflow/example_dags/example_branch_operator_decorator.py for tasks to queue
[2026-08-06T21:20:16.717+0000] {logging_mixin.py:188} INFO - [2026-08-06T21:20:16.717+0000] {dagbag.py:538} INFO - Filling up the DagBag from /home/airflow/.local/lib/python3.8/site-packages/airflow/example_dags/example_branch_operator_decorator.py
[2026-08-06T21:20:16.759+0000] {processor.py:840} INFO - DAG(s) 'example_branch_python_operator_decorator' retrieved from /home/airflow/.local/lib/python3.8/site-packages/airflow/example_dags/example_branch_operator_decorator.py
[2026-08-06T21:20:16.819+0000] {logging_mixin.py:188} INFO - [2026-08-06T21:20:16.818+0000] {dag.py:3036} INFO - Sync 1 DAGs
[2026-08-06T21:20:16.867+0000] {logging_mixin.py:188} INFO - [2026-08-06T21:20:16.866+0000] {dag.py:3823} INFO - Setting next_dagrun for example_branch_python_operator_decorator to 2026-08-05 00:00:00+00:00, run_after=2026-08-06 00:00:00+00:00
[2026-08-06T21:20:16.902+0000] {processor.py:183} INFO - Processing /home/airflow/.local/lib/python3.8/site-packages/airflow/example_dags/example_branch_operator_decorator.py took 0.196 seconds
[2026-08-06T21:20:47.071+0000] {processor.py:161} INFO - Started process (PID=1739) to work on /home/airflow/.local/lib/python3.8/site-packages/airflow/example_dags/example_branch_operator_decorator.py
[2026-08-06T21:20:47.072+0000] {processor.py:830} INFO - Processing file /home/airflow/.local/lib/python3.8/site-packages/airflow/example_dags/example_branch_operator_decorator.py for tasks to queue
[2026-08-06T21:20:47.075+0000] {logging_mixin.py:188} INFO - [2026-08-06T21:20:47.075+0000] {dagbag.py:538} INFO - Filling up the DagBag from /home/airflow/.local/lib/python3.8/site-packages/airflow/example_dags/example_branch_operator_decorator.py
[2026-08-06T21:20:47.102+0000] {processor.py:840} INFO - DAG(s) 'example_branch_python_operator_decorator' retrieved from /home/airflow/.local/lib/python3.8/site-packages/airflow/example_dags/example_branch_operator_decorator.py
[2026-08-06T21:20:47.141+0000] {logging_mixin.py:188} INFO - [2026-08-06T21:20:47.141+0000] {dag.py:3036} INFO - Sync 1 DAGs
[2026-08-06T21:20:47.176+0000] {logging_mixin.py:188} INFO - [2026-08-06T21:20:47.175+0000] {dag.py:3823} INFO - Setting next_dagrun for example_branch_python_operator_decorator to 2026-08-05 00:00:00+00:00, run_after=2026-08-06 00:00:00+00:00
[2026-08-06T21:20:47.209+0000] {processor.py:183} INFO - Processing /home/airflow/.local/lib/python3.8/site-packages/airflow/example_dags/example_branch_operator_decorator.py took 0.143 seconds
[2026-08-06T21:21:17.930+0000] {processor.py:161} INFO - Started process (PID=1798) to work on /home/airflow/.local/lib/python3.8/site-packages/airflow/example_dags/example_branch_operator_decorator.py
[2026-08-06T21:21:17.931+0000] {processor.py:830} INFO - Processing file /home/airflow/.local/lib/python3.8/site-packages/airflow/example_dags/example_branch_operator_decorator.py for tasks to queue
[2026-08-06T21:21:17.933+0000] {logging_mixin.py:188} INFO - [2026-08-06T21:21:17.933+0000] {dagbag.py:538} INFO - Filling up the DagBag from /home/airflow/.local/lib/python3.8/site-packages/airflow/example_dags/example_branch_operator_decorator.py
[2026-08-06T21:21:17.954+0000] {processor.py:840} INFO - DAG(s) 'example_branch_python_operator_decorator' retrieved from /home/airflow/.local/lib/python3.8/site-packages/airflow/example_dags/example_branch_operator_decorator.py
[2026-08-06T21:21:17.982+0000] {logging_mixin.py:188} INFO - [2026-08-06T21:21:17.982+0000] {dag.py:3036} INFO - Sync 1 DAGs
[2026-08-06T21:21:18.004+0000] {logging_mixin.py:188} INFO - [2026-08-06T21:21:18.003+0000] {dag.py:3823} INFO - Setting next_dagrun for example_branch_python_operator_decorator to 2026-08-05 00:00:00+00:00, run_after=2026-08-06 00:00:00+00:00
[2026-08-06T21:21:18.024+0000] {processor.py:183} INFO - Processing /home/airflow/.local/lib/python3.8/site-packages/airflow/example_dags/example_branch_operator_decorator.py took 0.098 seconds
[2026-08-06T21:21:48.653+0000] {processor.py:161} INFO - Started process (PID=1857) to work on /home/airflow/.local/lib/python3.8/site-packages/airflow/example_dags/example_branch_operator_decorator.py
[2026-08-06T21:21:48.654+0000] {processor.py:830} INFO - Processing file /home/airflow/.local/lib/python3.8/site-packages/airflow/example_dags/example_branch_operator_decorator.py for tasks to queue
[2026-08-06T21:21:48.657+0000] {logging_mixin.py:188} INFO - [2026-08-06T21:21:48.657+0000] {dagbag.py:538} INFO - Filling up the DagBag from /home/airflow/.local/lib/python3.8/site-packages/airflow/example_dags/example_branch_operator_decorator.py
[2026-08-06T21:21:48.685+0000] {processor.py:840} INFO - DAG(s) 'example_branch_python_operator_decorator' retrieved from /home/airflow/.local/lib/python3.8/site-packages/airflow/example_dags/example_branch_operator_decorator.py
[2026-08-06T21:21:48.713+0000] {logging_mixin.py:188} INFO - [2026-08-06T21:21:48.713+0000] {dag.py:3036} INFO - Sync 1 DAGs
[2026-08-06T21:21:48.740+0000] {logging_mixin.py:188} INFO - [2026-08-06T21:21:48.740+0000] {dag.py:3823} INFO - Setting next_dagrun for example_branch_python_operator_decorator to 2026-08-05 00:00:00+00:00, run_after=2026-08-06 00:00:00+00:00
[2026-08-06T21:21:48.761+0000] {processor.py:183} INFO - Processing /home/airflow/.local/lib/python3.8/site-packages/airflow/example_dags/example_branch_operator_decorator.py took 0.115 seconds
[2026-08-06T21:22:18.984+0000] {processor.py:161} INFO - Started process (PID=1916) to work on /home/airflow/.local/lib/python3.8/site-packages/airflow/example_dags/example_branch_operator_decorator.py
[2026-08-06T21:22:18.986+0000] {processor.py:830} INFO - Processing file /home/airflow/.local/lib/python3.8/site-packages/airflow/example_dags/example_branch_operator_decorator.py for tasks to queue
[2026-08-06T21:22:18.988+0000] {logging_mixin.py:188} INFO - [2026-08-06T21:22:18.988+0000] {dagbag.py:538} INFO - Filling up the DagBag from /home/airflow/.local/lib/python3.8/site-packages/airflow/example_dags/example_branch_operator_decorator.py
[2026-08-06T21:22:19.023+0000] {processor.py:840} INFO - DAG(s) 'example_branch_python_operator_decorator' retrieved from /home/airflow/.local/lib/python3.8/site-packages/airflow/example_dags/example_branch_operator_decorator.py
[2026-08-06T21:22:19.069+0000] {logging_mixin.py:188} INFO - [2026-08-06T21:22:19.068+0000] {dag.py:3036} INFO - Sync 1 DAGs
[2026-08-06T21:22:19.108+0000] {logging_mixin.py:188} INFO - [2026-08-06T21:22:19.107+0000] {dag.py:3823} INFO - Setting next_dagrun for example_branch_python_operator_decorator to 2026-08-05 00:00:00+00:00, run_after=2026-08-06 00:00:00+00:00
[2026-08-06T21:22:19.136+0000] {processor.py:183} INFO - Processing /home/airflow/.local/lib/python3.8/site-packages/airflow/example_dags/example_branch_operator_decorator.py took 0.155 seconds
[2026-08-06T21:22:49.759+0000] {processor.py:161} INFO - Started process (PID=1975) to work on /home/airflow/.local/lib/python3.8/site-packages/airflow/example_dags/example_branch_operator_decorator.py
[2026-08-06T21:22:49.760+0000] {processor.py:830} INFO - Processing file /home/airflow/.local/lib/python3.8/site-packages/airflow/example_dags/example_branch_operator_decorator.py for tasks to queue
[2026-08-06T21:22:49.762+0000] {logging_mixin.py:188} INFO - [2026-08-06T21:22:49.762+0000] {dagbag.py:538} INFO - Filling up the DagBag from /home/airflow/.local/lib/python3.8/site-packages/airflow/example_dags/example_branch_operator_decorator.py
[2026-08-06T21:22:49.782+0000] {processor.py:840} INFO - DAG(s) 'example_branch_python_operator_decorator' retrieved from /home/airflow/.local/lib/python3.8/site-packages/airflow/example_dags/example_branch_operator_decorator.py
[2026-08-06T21:22:49.808+0000] {logging_mixin.py:188} INFO - [2026-08-06T21:22:49.807+0000] {dag.py:3036} INFO - Sync 1 DAGs
[2026-08-06T21:22:49.829+0000] {logging_mixin.py:188} INFO - [2026-08-06T21:22:49.829+0000] {dag.py:3823} INFO - Setting next_dagrun for example_branch_python_operator_decorator to 2026-08-05 00:00:00+00:00, run_after=2026-08-06 00:00:00+00:00
[2026-08-06T21:22:49.849+0000] {processor.py:183} INFO - Processing /home/airflow/.local/lib/python3.8/site-packages/airflow/example_dags/example_branch_operator_decorator.py took 0.094 seconds
[2026-08-06T21:23:20.357+0000] {processor.py:161} INFO - Started process (PID=2034) to work on /home/airflow/.local/lib/python3.8/site-packages/airflow/example_dags/example_branch_operator_decorator.py
[2026-08-06T21:23:20.359+0000] {processor.py:830} INFO - Processing file /home/airflow/.local/lib/python3.8/site-packages/airflow/example_dags/example_branch_operator_decorator.py for tasks to queue
[2026-08-06T21:23:20.361+0000] {logging_mixin.py:188} INFO - [2026-08-06T21:23:20.360+0000] {dagbag.py:538} INFO - Filling up the DagBag from /home/airflow/.local/lib/python3.8/site-packages/airflow/example_dags/example_branch_operator_decorator.py
[2026-08-06T21:23:20.382+0000] {processor.py:840} INFO - DAG(s) 'example_branch_python_operator_decorator' retrieved from /home/airflow/.local/lib/python3.8/site-packages/airflow/example_dags/example_branch_operator_decorator.py
[2026-08-06T21:23:20.408+0000] {logging_mixin.py:188} INFO - [2026-08-06T21:23:20.408+0000] {dag.py:3036} INFO - Sync 1 DAGs
[2026-08-06T21:23:20.430+0000] {logging_mixin.py:188} INFO - [2026-08-06T21:23:20.430+0000] {dag.py:3823} INFO - Setting next_dagrun for example_branch_python_operator_decorator to 2026-08-05 00:00:00+00:00, run_after=2026-08-06 00:00:00+00:00
[2026-08-06T21:23:20.451+0000] {processor.py:183} INFO - Processing /home/airflow/.local/lib/python3.8/site-packages/airflow/example_dags/example_branch_operator_decorator.py took 0.097 seconds
[2026-08-06T21:23:50.797+0000] {processor.py:161} INFO - Started process (PID=2093) to work on /home/airflow/.local/lib/python3.8/site-packages/airflow/example_dags/example_branch_operator_decorator.py
[2026-08-06T21:23:50.798+0000] {processor.py:830} INFO - Processing file /home/airflow/.local/lib/python3.8/site-packages/airflow/example_dags/example_branch_operator_decorator.py for tasks to queue
[2026-08-06T21:23:50.801+0000] {logging_mixin.py:188} INFO - [2026-08-06T21:23:50.800+0000] {dagbag.py:538} INFO - Filling up the DagBag from /home/airflow/.local/lib/python3.8/site-packages/airflow/example_dags/example_branch_operator_decorator.py
[2026-08-06T21:23:50.823+0000] {processor.py:840} INFO - DAG(s) 'example_branch_python_operator_decorator' retrieved from /home/airflow/.local/lib/python3.8/site-packages/airflow/example_dags/example_branch_operator_decorator.py
[2026-08-06T21:23:50.850+0000] {logging_mixin.py:188} INFO - [2026-08-06T21:23:50.849+0000] {dag.py:3036} INFO - Sync 1 DAGs
[2026-08-06T21:23:50.875+0000] {logging_mixin.py:188} INFO - [2026-08-06T21:23:50.875+0000] {dag.py:3823} INFO - Setting next_dagrun for example_branch_python_operator_decorator to 2026-08-05 00:00:00+00:00, run_after=2026-08-06 00:00:00+00:00
[2026-08-06T21:23:50.896+0000] {processor.py:183} INFO - Processing /home/airflow/.local/lib/python3.8/site-packages/airflow/example_dags/example_branch_operator_decorator.py took 0.103 seconds
[2026-08-06T21:24:21.677+0000] {processor.py:161} INFO - Started process (PID=2152) to work on /home/airflow/.local/lib/python3.8/site-packages/airflow/example_dags/example_branch_operator_decorator.py
[2026-08-06T21:24:21.678+0000] {processor.py:830} INFO - Processing file /home/airflow/.local/lib/python3.8/site-packages/airflow/example_dags/example_branch_operator_decorator.py for tasks to queue
[2026-08-06T21:24:21.680+0000] {logging_mixin.py:188} INFO - [2026-08-06T21:24:21.680+0000] {dagbag.py:538} INFO - Filling up the DagBag from /home/airflow/.local/lib/python3.8/site-packages/airflow/example_dags/example_branch_operator_decorator.py
[2026-08-06T21:24:21.700+0000] {processor.py:840} INFO - DAG(s) 'example_branch_python_operator_decorator' retrieved from /home/airflow/.local/lib/python3.8/site-packages/airflow/example_dags/example_branch_operator_decorator.py
[2026-08-06T21:24:21.726+0000] {logging_mixin.py:188} INFO - [2026-08-06T21:24:21.726+0000] {dag.py:3036} INFO - Sync 1 DAGs
[2026-08-06T21:24:21.747+0000] {logging_mixin.py:188} INFO - [2026-08-06T21:24:21.746+0000] {dag.py:3823} INFO - Setting next_dagrun for example_branch_python_operator_decorator to 2026-08-05 00:00:00+00:00, run_after=2026-08-06 00:00:00+00:00
[2026-08-06T21:24:21.766+0000] {processor.py:183} INFO - Processing /home/airflow/.local/lib/python3.8/site-packages/airflow/example_dags/example_branch_operator_decorator.py took 0.093 seconds
[2026-08-06T21:24:52.261+0000] {processor.py:161} INFO - Started process (PID=2211) to work on /home/airflow/.local/lib/python3.8/site-packages/airflow/example_dags/example_branch_operator_decorator.py
[2026-08-06T21:24:52.263+0000] {processor.py:830} INFO - Processing file /home/airflow/.local/lib/python3.8/site-packages/airflow/example_dags/example_branch_operator_decorator.py for tasks to queue
[2026-08-06T21:24:52.265+0000] {logging_mixin.py:188} INFO - [2026-08-06T21:24:52.265+0000] {dagbag.py:538} INFO - Filling up the DagBag from /home/airflow/.local/lib/python3.8/site-packages/airflow/example_dags/example_branch_operator_decorator.py
[2026-08-06T21:24:52.290+0000] {processor.py:840} INFO - DAG(s) 'example_branch_python_operator_decorator' retrieved from /home/airflow/.local/lib/python3.8/site-packages/airflow/example_dags/example_branch_operator_decorator.py
[2026-08-06T21:24:52.323+0000] {logging_mixin.py:188} INFO - [2026-08-06T21:24:52.323+0000] {dag.py:3036} INFO - Sync 1 DAGs
[2026-08-06T21:24:52.352+0000] {logging_mixin.py:188} INFO - [2026-08-06T21:24:52.352+0000] {dag.py:3823} INFO - Setting next_dagrun for example_branch_python_operator_decorator to 2026-08-05 00:00:00+00:00, run_after=2026-08-06 00:00:00+00:00
[2026-08-06T21:24:52.377+0000] {processor.py:183} INFO - Processing /home/airflow/.local/lib/python3.8/site-packages/airflow/example_dags/example_branch_operator_decorator.py took 0.121 seconds
[2026-08-06T21:25:22.942+0000] {processor.py:161} INFO - Started process (PID=2270) to work on /home/airflow/.local/lib/python3.8/site-packages/airflow/example_dags/example_branch_operator_decorator.py
[2026-08-06T21:25:22.943+0000] {processor.py:830} INFO - Processing file /home/airflow/.local/lib/python3.8/site-packages/airflow/example_dags/example_branch_operator_decorator.py for tasks to queue
[2026-08-06T21:25:22.946+0000] {logging_mixin.py:188} INFO - [2026-08-06T21:25:22.945+0000] {dagbag.py:538} INFO - Filling up the DagBag from /home/airflow/.local/lib/python3.8/site-packages/airflow/example_dags/example_branch_operator_decorator.py
[2026-08-06T21:25:22.978+0000] {processor.py:840} INFO - DAG(s) 'example_branch_python_operator_decorator' retrieved from /home/airflow/.local/lib/python3.8/site-packages/airflow/example_dags/example_branch_operator_decorator.py
[2026-08-06T21:25:23.017+0000] {logging_mixin.py:188} INFO - [2026-08-06T21:25:23.016+0000] {dag.py:3036} INFO - Sync 1 DAGs
[2026-08-06T21:25:23.043+0000] {logging_mixin.py:188} INFO - [2026-08-06T21:25:23.043+0000] {dag.py:3823} INFO - Setting next_dagrun for example_branch_python_operator_decorator to 2026-08-05 00:00:00+00:00, run_after=2026-08-06 00:00:00+00:00
[2026-08-06T21:25:23.071+0000] {processor.py:183} INFO - Processing /home/airflow/.local/lib/python3.8/site-packages/airflow/example_dags/example_branch_operator_decorator.py took 0.133 seconds
[2026-08-06T21:25:53.199+0000] {processor.py:161} INFO - Started process (PID=2329) to work on /home/airflow/.local/lib/python3.8/site-packages/airflow/example_dags/example_branch_operator_decorator.py
[2026-08-06T21:25:53.200+0000] {processor.py:830} INFO - Processing file /home/airflow/.local/lib/python3.8/site-packages/airflow/example_dags/example_branch_operator_decorator.py for tasks to queue
[2026-08-06T21:25:53.203+0000] {logging_mixin.py:188} INFO - [2026-08-06T21:25:53.202+0000] {dagbag.py:538} INFO - Filling up the DagBag from /home/airflow/.local/lib/python3.8/site-packages/airflow/example_dags/example_branch_operator_decorator.py
[2026-08-06T21:25:53.223+0000] {processor.py:840} INFO - DAG(s) 'example_branch_python_operator_decorator' retrieved from /home/airflow/.local/lib/python3.8/site-packages/airflow/example_dags/example_branch_operator_decorator.py
[2026-08-06T21:25:53.252+0000] {logging_mixin.py:188} INFO - [2026-08-06T21:25:53.252+0000] {dag.py:3036} INFO - Sync 1 DAGs
[2026-08-06T21:25:53.273+0000] {logging_mixin.py:188} INFO - [2026-08-06T21:25:53.273+0000] {dag.py:3823} INFO - Setting next_dagrun for example_branch_python_operator_decorator to 2026-08-05 00:00:00+00:00, run_after=2026-08-06 00:00:00+00:00
[2026-08-06T21:25:53.293+0000] {processor.py:183} INFO - Processing /home/airflow/.local/lib/python3.8/site-packages/airflow/example_dags/example_branch_operator_decorator.py took 0.097 seconds
[2026-08-06T21:26:23.523+0000] {processor.py:161} INFO - Started process (PID=2394) to work on /home/airflow/.local/lib/python3.8/site-packages/airflow/example_dags/example_branch_operator_decorator.py
[2026-08-06T21:26:23.525+0000] {processor.py:830} INFO - Processing file /home/airflow/.local/lib/python3.8/site-packages/airflow/example_dags/example_branch_operator_decorator.py for tasks to queue
[2026-08-06T21:26:23.528+0000] {logging_mixin.py:188} INFO - [2026-08-06T21:26:23.527+0000] {dagbag.py:538} INFO - Filling up the DagBag from /home/airflow/.local/lib/python3.8/site-packages/airflow/example_dags/example_branch_operator_decorator.py
[2026-08-06T21:26:23.549+0000] {processor.py:840} INFO - DAG(s) 'example_branch_python_operator_decorator' retrieved from /home/airflow/.local/lib/python3.8/site-packages/airflow/example_dags/example_branch_operator_decorator.py
[2026-08-06T21:26:23.579+0000] {logging_mixin.py:188} INFO - [2026-08-06T21:26:23.578+0000] {dag.py:3036} INFO - Sync 1 DAGs
[2026-08-06T21:26:23.601+0000] {logging_mixin.py:188} INFO - [2026-08-06T21:26:23.600+0000] {dag.py:3823} INFO - Setting next_dagrun for example_branch_python_operator_decorator to 2026-08-05 00:00:00+00:00, run_after=2026-08-06 00:00:00+00:00
[2026-08-06T21:26:23.619+0000] {processor.py:183} INFO - Processing /home/airflow/.local/lib/python3.8/site-packages/airflow/example_dags/example_branch_operator_decorator.py took 0.100 seconds
[2026-08-06T21:26:54.211+0000] {processor.py:161} INFO - Started process (PID=2459) to work on /home/airflow/.local/lib/python3.8/site-packages/airflow/example_dags/example_branch_operator_decorator.py
[2026-08-06T21:26:54.213+0000] {processor.py:830} INFO - Processing file /home/airflow/.local/lib/python3.8/site-packages/airflow/example_dags/example_branch_operator_decorator.py for tasks to queue
[2026-08-06T21:26:54.216+0000] {logging_mixin.py:188} INFO - [2026-08-06T21:26:54.215+0000] {dagbag.py:538} INFO - Filling up the DagBag from /home/airflow/.local/lib/python3.8/site-packages/airflow/example_dags/example_branch_operator_decorator.py
[2026-08-06T21:26:54.236+0000] {processor.py:840} INFO - DAG(s) 'example_branch_python_operator_decorator' retrieved from /home/airflow/.local/lib/python3.8/site-packages/airflow/example_dags/example_branch_operator_decorator.py
[2026-08-06T21:26:54.268+0000] {logging_mixin.py:188} INFO - [2026-08-06T21:26:54.267+0000] {dag.py:3036} INFO - Sync 1 DAGs
[2026-08-06T21:26:54.289+0000] {logging_mixin.py:188} INFO - [2026-08-06T21:26:54.289+0000] {dag.py:3823} INFO - Setting next_dagrun for example_branch_python_operator_decorator to 2026-08-05 00:00:00+00:00, run_after=2026-08-06 00:00:00+00:00
[2026-08-06T21:26:54.309+0000] {processor.py:183} INFO - Processing /home/airflow/.local/lib/python3.8/site-packages/airflow/example_dags/example_branch_operator_decorator.py took 0.102 seconds
[2026-08-06T21:27:25.133+0000] {processor.py:161} INFO - Started process (PID=2524) to work on /home/airflow/.local/lib/python3.8/site-packages/airflow/example_dags/example_branch_operator_decorator.py
[2026-08-06T21:27:25.134+0000] {processor.py:830} INFO - Processing file /home/airflow/.local/lib/python3.8/site-packages/airflow/example_dags/example_branch_operator_decorator.py for tasks to queue
[2026-08-06T21:27:25.136+0000] {logging_mixin.py:188} INFO - [2026-08-06T21:27:25.136+0000] {dagbag.py:538} INFO - Filling up the DagBag from /home/airflow/.local/lib/python3.8/site-packages/airflow/example_dags/example_branch_operator_decorator.py
[2026-08-06T21:27:25.156+0000] {processor.py:840} INFO - DAG(s) 'example_branch_python_operator_decorator' retrieved from /home/airflow/.local/lib/python3.8/site-packages/airflow/example_dags/example_branch_operator_decorator.py
[2026-08-06T21:27:25.183+0000] {logging_mixin.py:188} INFO - [2026-08-06T21:27:25.183+0000] {dag.py:3036} INFO - Sync 1 DAGs
[2026-08-06T21:27:25.207+0000] {logging_mixin.py:188} INFO - [2026-08-06T21:27:25.207+0000] {dag.py:3823} INFO - Setting next_dagrun for example_branch_python_operator_decorator to 2026-08-05 00:00:00+00:00, run_after=2026-08-06 00:00:00+00:00
[2026-08-06T21:27:25.227+0000] {processor.py:183} INFO - Processing /home/airflow/.local/lib/python3.8/site-packages/airflow/example_dags/example_branch_operator_decorator.py took 0.097 seconds
[2026-08-06T21:27:56.360+0000] {processor.py:161} INFO - Started process (PID=2589) to work on /home/airflow/.local/lib/python3.8/site-packages/airflow/example_dags/example_branch_operator_decorator.py
[2026-08-06T21:27:56.362+0000] {processor.py:830} INFO - Processing file /home/airflow/.local/lib/python3.8/site-packages/airflow/example_dags/example_branch_operator_decorator.py for tasks to queue
[2026-08-06T21:27:56.364+0000] {logging_mixin.py:188} INFO - [2026-08-06T21:27:56.364+0000] {dagbag.py:538} INFO - Filling up the DagBag from /home/airflow/.local/lib/python3.8/site-packages/airflow/example_dags/example_branch_operator_decorator.py
[2026-08-06T21:27:56.388+0000] {processor.py:840} INFO - DAG(s) 'example_branch_python_operator_decorator' retrieved from /home/airflow/.local/lib/python3.8/site-packages/airflow/example_dags/example_branch_operator_decorator.py
[2026-08-06T21:27:56.419+0000] {logging_mixin.py:188} INFO - [2026-08-06T21:27:56.419+0000] {dag.py:3036} INFO - Sync 1 DAGs
[2026-08-06T21:27:56.444+0000] {logging_mixin.py:188} INFO - [2026-08-06T21:27:56.444+0000] {dag.py:3823} INFO - Setting next_dagrun for example_branch_python_operator_decorator to 2026-08-05 00:00:00+00:00, run_after=2026-08-06 00:00:00+00:00
[2026-08-06T21:27:56.473+0000] {processor.py:183} INFO - Processing /home/airflow/.local/lib/python3.8/site-packages/airflow/example_dags/example_branch_operator_decorator.py took 0.116 seconds
[2026-08-06T21:28:26.601+0000] {processor.py:161} INFO - Started process (PID=2654) to work on /home/airflow/.local/lib/python3.8/site-packages/airflow/example_dags/example_branch_operator_decorator.py
[2026-08-06T21:28:26.603+0000] {processor.py:830} INFO - Processing file /home/airflow/.local/lib/python3.8/site-packages/airflow/example_dags/example_branch_operator_decorator.py for tasks to queue
[2026-08-06T21:28:26.605+0000] {logging_mixin.py:188} INFO - [2026-08-06T21:28:26.605+0000] {dagbag.py:538} INFO - Filling up the DagBag from /home/airflow/.local/lib/python3.8/site-packages/airflow/example_dags/example_branch_operator_decorator.py
[2026-08-06T21:28:26.776+0000] {processor.py:840} INFO - DAG(s) 'example_branch_python_operator_decorator' retrieved from /home/airflow/.local/lib/python3.8/site-packages/airflow/example_dags/example_branch_operator_decorator.py
[2026-08-06T21:28:26.799+0000] {logging_mixin.py:188} INFO - [2026-08-06T21:28:26.799+0000] {dag.py:3036} INFO - Sync 1 DAGs
[2026-08-06T21:28:26.821+0000] {logging_mixin.py:188} INFO - [2026-08-06T21:28:26.820+0000] {dag.py:3823} INFO - Setting next_dagrun for example_branch_python_operator_decorator to 2026-08-05 00:00:00+00:00, run_after=2026-08-06 00:00:00+00:00
[2026-08-06T21:28:26.839+0000] {processor.py:183} INFO - Processing /home/airflow/.local/lib/python3.8/site-packages/airflow/example_dags/example_branch_operator_decorator.py took 0.242 seconds
[2026-08-06T21:28:56.918+0000] {processor.py:161} INFO - Started process (PID=2719) to work on /home/airflow/.local/lib/python3.8/site-packages/airflow/example_dags/example_branch_operator_decorator.py
[2026-08-06T21:28:56.919+0000] {processor.py:830} INFO - Processing file /home/airflow/.local/lib/python3.8/site-packages/airflow/example_dags/example_branch_operator_decorator.py for tasks to queue
[2026-08-06T21:28:56.922+0000] {logging_mixin.py:188} INFO - [2026-08-06T21:28:56.921+0000] {dagbag.py:538} INFO - Filling up the DagBag from /home/airflow/.local/lib/python3.8/site-packages/airflow/example_dags/example_branch_operator_decorator.py
[2026-08-06T21:28:56.943+0000] {processor.py:840} INFO - DAG(s) 'example_branch_python_operator_decorator' retrieved from /home/airflow/.local/lib/python3.8/site-packages/airflow/example_dags/example_branch_operator_decorator.py
[2026-08-06T21:28:56.970+0000] {logging_mixin.py:188} INFO - [2026-08-06T21:28:56.970+0000] {dag.py:3036} INFO - Sync 1 DAGs
[2026-08-06T21:28:56.992+0000] {logging_mixin.py:188} INFO - [2026-08-06T21:28:56.992+0000] {dag.py:3823} INFO - Setting next_dagrun for example_branch_python_operator_decorator to 2026-08-05 00:00:00+00:00, run_after=2026-08-06 00:00:00+00:00
[2026-08-06T21:28:57.015+0000] {processor.py:183} INFO - Processing /home/airflow/.local/lib/python3.8/site-packages/airflow/example_dags/example_branch_operator_decorator.py took 0.100 seconds
[2026-08-06T21:29:27.993+0000] {processor.py:161} INFO - Started process (PID=2784) to work on /home/airflow/.local/lib/python3.8/site-packages/airflow/example_dags/example_branch_operator_decorator.py
[2026-08-06T21:29:27.994+0000] {processor.py:830} INFO - Processing file /home/airflow/.local/lib/python3.8/site-packages/airflow/example_dags/example_branch_operator_decorator.py for tasks to queue
[2026-08-06T21:29:27.996+0000] {logging_mixin.py:188} INFO - [2026-08-06T21:29:27.996+0000] {dagbag.py:538} INFO - Filling up the DagBag from /home/airflow/.local/lib/python3.8/site-packages/airflow/example_dags/example_branch_operator_decorator.py
[2026-08-06T21:29:28.021+0000] {processor.py:840} INFO - DAG(s) 'example_branch_python_operator_decorator' retrieved from /home/airflow/.local/lib/python3.8/site-packages/airflow/example_dags/example_branch_operator_decorator.py
[2026-08-06T21:29:28.054+0000] {logging_mixin.py:188} INFO - [2026-08-06T21:29:28.054+0000] {dag.py:3036} INFO - Sync 1 DAGs
[2026-08-06T21:29:28.081+0000] {logging_mixin.py:188} INFO - [2026-08-06T21:29:28.080+0000] {dag.py:3823} INFO - Setting next_dagrun for example_branch_python_operator_decorator to 2026-08-05 00:00:00+00:00, run_after=2026-08-06 00:00:00+00:00
[2026-08-06T21:29:28.101+0000] {processor.py:183} INFO - Processing /home/airflow/.local/lib/python3.8/site-packages/airflow/example_dags/example_branch_operator_decorator.py took 0.113 seconds
[2026-08-06T21:29:58.763+0000] {processor.py:161} INFO - Started process (PID=2849) to work on /home/airflow/.local/lib/python3.8/site-packages/airflow/example_dags/example_branch_operator_decorator.py
[2026-08-06T21:29:58.765+0000] {processor.py:830} INFO - Processing file /home/airflow/.local/lib/python3.8/site-packages/airflow/example_dags/example_branch_operator_decorator.py for tasks to queue
[2026-08-06T21:29:58.768+0000] {logging_mixin.py:188} INFO - [2026-08-06T21:29:58.767+0000] {dagbag.py:538} INFO - Filling up the DagBag from /home/airflow/.local/lib/python3.8/site-packages/airflow/example_dags/example_branch_operator_decorator.py
[2026-08-06T21:29:58.802+0000] {processor.py:840} INFO - DAG(s) 'example_branch_python_operator_decorator' retrieved from /home/airflow/.local/lib/python3.8/site-packages/airflow/example_dags/example_branch_operator_decorator.py
[2026-08-06T21:29:58.840+0000] {logging_mixin.py:188} INFO - [2026-08-06T21:29:58.840+0000] {dag.py:3036} INFO - Sync 1 DAGs
[2026-08-06T21:29:58.870+0000] {logging_mixin.py:188} INFO - [2026-08-06T21:29:58.870+0000] {dag.py:3823} INFO - Setting next_dagrun for example_branch_python_operator_decorator to 2026-08-05 00:00:00+00:00, run_after=2026-08-06 00:00:00+00:00
[2026-08-06T21:29:58.898+0000] {processor.py:183} INFO - Processing /home/airflow/.local/lib/python3.8/site-packages/airflow/example_dags/example_branch_operator_decorator.py took 0.140 seconds
[2026-08-06T21:30:30.487+0000] {processor.py:161} INFO - Started process (PID=2914) to work on /home/airflow/.local/lib/python3.8/site-packages/airflow/example_dags/example_branch_operator_decorator.py
[2026-08-06T21:30:30.488+0000] {processor.py:830} INFO - Processing file /home/airflow/.local/lib/python3.8/site-packages/airflow/example_dags/example_branch_operator_decorator.py for tasks to queue
[2026-08-06T21:30:30.491+0000] {logging_mixin.py:188} INFO - [2026-08-06T21:30:30.490+0000] {dagbag.py:538} INFO - Filling up the DagBag from /home/airflow/.local/lib/python3.8/site-packages/airflow/example_dags/example_branch_operator_decorator.py
[2026-08-06T21:30:30.515+0000] {processor.py:840} INFO - DAG(s) 'example_branch_python_operator_decorator' retrieved from /home/airflow/.local/lib/python3.8/site-packages/airflow/example_dags/example_branch_operator_decorator.py
[2026-08-06T21:30:30.553+0000] {logging_mixin.py:188} INFO - [2026-08-06T21:30:30.553+0000] {dag.py:3036} INFO - Sync 1 DAGs
[2026-08-06T21:30:30.588+0000] {logging_mixin.py:188} INFO - [2026-08-06T21:30:30.588+0000] {dag.py:3823} INFO - Setting next_dagrun for example_branch_python_operator_decorator to 2026-08-05 00:00:00+00:00, run_after=2026-08-06 00:00:00+00:00
[2026-08-06T21:30:30.616+0000] {processor.py:183} INFO - Processing /home/airflow/.local/lib/python3.8/site-packages/airflow/example_dags/example_branch_operator_decorator.py took 0.134 seconds
[2026-08-06T21:31:02.423+0000] {processor.py:161} INFO - Started process (PID=2999) to work on /home/airflow/.local/lib/python3.8/site-packages/airflow/example_dags/example_branch_operator_decorator.py
[2026-08-06T21:31:02.425+0000] {processor.py:830} INFO - Processing file /home/airflow/.local/lib/python3.8/site-packages/airflow/example_dags/example_branch_operator_decorator.py for tasks to queue
[2026-08-06T21:31:02.429+0000] {logging_mixin.py:188} INFO - [2026-08-06T21:31:02.429+0000] {dagbag.py:538} INFO - Filling up the DagBag from /home/airflow/.local/lib/python3.8/site-packages/airflow/example_dags/example_branch_operator_decorator.py
[2026-08-06T21:31:02.482+0000] {processor.py:840} INFO - DAG(s) 'example_branch_python_operator_decorator' retrieved from /home/airflow/.local/lib/python3.8/site-packages/airflow/example_dags/example_branch_operator_decorator.py
[2026-08-06T21:31:02.549+0000] {logging_mixin.py:188} INFO - [2026-08-06T21:31:02.547+0000] {dag.py:3036} INFO - Sync 1 DAGs
[2026-08-06T21:31:02.632+0000] {logging_mixin.py:188} INFO - [2026-08-06T21:31:02.631+0000] {dag.py:3823} INFO - Setting next_dagrun for example_branch_python_operator_decorator to 2026-08-05 00:00:00+00:00, run_after=2026-08-06 00:00:00+00:00
[2026-08-06T21:31:02.717+0000] {processor.py:183} INFO - Processing /home/airflow/.local/lib/python3.8/site-packages/airflow/example_dags/example_branch_operator_decorator.py took 0.308 seconds
[2026-08-06T21:31:33.162+0000] {processor.py:161} INFO - Started process (PID=3078) to work on /home/airflow/.local/lib/python3.8/site-packages/airflow/example_dags/example_branch_operator_decorator.py
[2026-08-06T21:31:33.166+0000] {processor.py:830} INFO - Processing file /home/airflow/.local/lib/python3.8/site-packages/airflow/example_dags/example_branch_operator_decorator.py for tasks to queue
[2026-08-06T21:31:33.174+0000] {logging_mixin.py:188} INFO - [2026-08-06T21:31:33.172+0000] {dagbag.py:538} INFO - Filling up the DagBag from /home/airflow/.local/lib/python3.8/site-packages/airflow/example_dags/example_branch_operator_decorator.py
[2026-08-06T21:31:33.234+0000] {processor.py:840} INFO - DAG(s) 'example_branch_python_operator_decorator' retrieved from /home/airflow/.local/lib/python3.8/site-packages/airflow/example_dags/example_branch_operator_decorator.py
[2026-08-06T21:31:33.291+0000] {logging_mixin.py:188} INFO - [2026-08-06T21:31:33.291+0000] {dag.py:3036} INFO - Sync 1 DAGs
[2026-08-06T21:31:33.344+0000] {logging_mixin.py:188} INFO - [2026-08-06T21:31:33.343+0000] {dag.py:3823} INFO - Setting next_dagrun for example_branch_python_operator_decorator to 2026-08-05 00:00:00+00:00, run_after=2026-08-06 00:00:00+00:00
[2026-08-06T21:31:33.387+0000] {processor.py:183} INFO - Processing /home/airflow/.local/lib/python3.8/site-packages/airflow/example_dags/example_branch_operator_decorator.py took 0.235 seconds
[2026-08-06T21:32:03.874+0000] {processor.py:161} INFO - Started process (PID=3143) to work on /home/airflow/.local/lib/python3.8/site-packages/airflow/example_dags/example_branch_operator_decorator.py
[2026-08-06T21:32:03.876+0000] {processor.py:830} INFO - Processing file /home/airflow/.local/lib/python3.8/site-packages/airflow/example_dags/example_branch_operator_decorator.py for tasks to queue
[2026-08-06T21:32:03.881+0000] {logging_mixin.py:188} INFO - [2026-08-06T21:32:03.881+0000] {dagbag.py:538} INFO - Filling up the DagBag from /home/airflow/.local/lib/python3.8/site-packages/airflow/example_dags/example_branch_operator_decorator.py
[2026-08-06T21:32:03.907+0000] {processor.py:840} INFO - DAG(s) 'example_branch_python_operator_decorator' retrieved from /home/airflow/.local/lib/python3.8/site-packages/airflow/example_dags/example_branch_operator_decorator.py
[2026-08-06T21:32:03.946+0000] {logging_mixin.py:188} INFO - [2026-08-06T21:32:03.945+0000] {dag.py:3036} INFO - Sync 1 DAGs
[2026-08-06T21:32:03.976+0000] {logging_mixin.py:188} INFO - [2026-08-06T21:32:03.975+0000] {dag.py:3823} INFO - Setting next_dagrun for example_branch_python_operator_decorator to 2026-08-05 00:00:00+00:00, run_after=2026-08-06 00:00:00+00:00
[2026-08-06T21:32:04.004+0000] {processor.py:183} INFO - Processing /home/airflow/.local/lib/python3.8/site-packages/airflow/example_dags/example_branch_operator_decorator.py took 0.136 seconds
[2026-08-06T21:32:34.563+0000] {processor.py:161} INFO - Started process (PID=3208) to work on /home/airflow/.local/lib/python3.8/site-packages/airflow/example_dags/example_branch_operator_decorator.py
[2026-08-06T21:32:34.565+0000] {processor.py:830} INFO - Processing file /home/airflow/.local/lib/python3.8/site-packages/airflow/example_dags/example_branch_operator_decorator.py for tasks to queue
[2026-08-06T21:32:34.568+0000] {logging_mixin.py:188} INFO - [2026-08-06T21:32:34.567+0000] {dagbag.py:538} INFO - Filling up the DagBag from /home/airflow/.local/lib/python3.8/site-packages/airflow/example_dags/example_branch_operator_decorator.py
[2026-08-06T21:32:34.598+0000] {processor.py:840} INFO - DAG(s) 'example_branch_python_operator_decorator' retrieved from /home/airflow/.local/lib/python3.8/site-packages/airflow/example_dags/example_branch_operator_decorator.py
[2026-08-06T21:32:34.636+0000] {logging_mixin.py:188} INFO - [2026-08-06T21:32:34.635+0000] {dag.py:3036} INFO - Sync 1 DAGs
[2026-08-06T21:32:34.669+0000] {logging_mixin.py:188} INFO - [2026-08-06T21:32:34.668+0000] {dag.py:3823} INFO - Setting next_dagrun for example_branch_python_operator_decorator to 2026-08-05 00:00:00+00:00, run_after=2026-08-06 00:00:00+00:00
[2026-08-06T21:32:34.694+0000] {processor.py:183} INFO - Processing /home/airflow/.local/lib/python3.8/site-packages/airflow/example_dags/example_branch_operator_decorator.py took 0.135 seconds
[2026-08-06T21:33:05.464+0000] {processor.py:161} INFO - Started process (PID=3273) to work on /home/airflow/.local/lib/python3.8/site-packages/airflow/example_dags/example_branch_operator_decorator.py
[2026-08-06T21:33:05.465+0000] {processor.py:830} INFO - Processing file /home/airflow/.local/lib/python3.8/site-packages/airflow/example_dags/example_branch_operator_decorator.py for tasks to queue
[2026-08-06T21:33:05.468+0000] {logging_mixin.py:188} INFO - [2026-08-06T21:33:05.468+0000] {dagbag.py:538} INFO - Filling up the DagBag from /home/airflow/.local/lib/python3.8/site-packages/airflow/example_dags/example_branch_operator_decorator.py
[2026-08-06T21:33:05.493+0000] {processor.py:840} INFO - DAG(s) 'example_branch_python_operator_decorator' retrieved from /home/airflow/.local/lib/python3.8/site-packages/airflow/example_dags/example_branch_operator_decorator.py
[2026-08-06T21:33:05.525+0000] {logging_mixin.py:188} INFO - [2026-08-06T21:33:05.525+0000] {dag.py:3036} INFO - Sync 1 DAGs
[2026-08-06T21:33:05.554+0000] {logging_mixin.py:188} INFO - [2026-08-06T21:33:05.553+0000] {dag.py:3823} INFO - Setting next_dagrun for example_branch_python_operator_decorator to 2026-08-05 00:00:00+00:00, run_after=2026-08-06 00:00:00+00:00
[2026-08-06T21:33:05.664+0000] {processor.py:183} INFO - Processing /home/airflow/.local/lib/python3.8/site-packages/airflow/example_dags/example_branch_operator_decorator.py took 0.204 seconds
[2026-08-06T21:33:35.739+0000] {processor.py:161} INFO - Started process (PID=3346) to work on /home/airflow/.local/lib/python3.8/site-packages/airflow/example_dags/example_branch_operator_decorator.py
[2026-08-06T21:33:35.740+0000] {processor.py:830} INFO - Processing file /home/airflow/.local/lib/python3.8/site-packages/airflow/example_dags/example_branch_operator_decorator.py for tasks to queue
[2026-08-06T21:33:35.742+0000] {logging_mixin.py:188} INFO - [2026-08-06T21:33:35.742+0000] {dagbag.py:538} INFO - Filling up the DagBag from /home/airflow/.local/lib/python3.8/site-packages/airflow/example_dags/example_branch_operator_decorator.py
[2026-08-06T21:33:35.763+0000] {processor.py:840} INFO - DAG(s) 'example_branch_python_operator_decorator' retrieved from /home/airflow/.local/lib/python3.8/site-packages/airflow/example_dags/example_branch_operator_decorator.py
[2026-08-06T21:33:35.792+0000] {logging_mixin.py:188} INFO - [2026-08-06T21:33:35.791+0000] {dag.py:3036} INFO - Sync 1 DAGs
[2026-08-06T21:33:35.815+0000] {logging_mixin.py:188} INFO - [2026-08-06T21:33:35.814+0000] {dag.py:3823} INFO - Setting next_dagrun for example_branch_python_operator_decorator to 2026-08-05 00:00:00+00:00, run_after=2026-08-06 00:00:00+00:00
[2026-08-06T21:33:35.834+0000] {processor.py:183} INFO - Processing /home/airflow/.local/lib/python3.8/site-packages/airflow/example_dags/example_branch_operator_decorator.py took 0.099 seconds
[2026-08-06T21:34:06.337+0000] {processor.py:161} INFO - Started process (PID=3412) to work on /home/airflow/.local/lib/python3.8/site-packages/airflow/example_dags/example_branch_operator_decorator.py
[2026-08-06T21:34:06.338+0000] {processor.py:830} INFO - Processing file /home/airflow/.local/lib/python3.8/site-packages/airflow/example_dags/example_branch_operator_decorator.py for tasks to queue
[2026-08-06T21:34:06.341+0000] {logging_mixin.py:188} INFO - [2026-08-06T21:34:06.341+0000] {dagbag.py:538} INFO - Filling up the DagBag from /home/airflow/.local/lib/python3.8/site-packages/airflow/example_dags/example_branch_operator_decorator.py
[2026-08-06T21:34:06.403+0000] {processor.py:840} INFO - DAG(s) 'example_branch_python_operator_decorator' retrieved from /home/airflow/.local/lib/python3.8/site-packages/airflow/example_dags/example_branch_operator_decorator.py
[2026-08-06T21:34:06.497+0000] {logging_mixin.py:188} INFO - [2026-08-06T21:34:06.497+0000] {dag.py:3036} INFO - Sync 1 DAGs
[2026-08-06T21:34:06.537+0000] {logging_mixin.py:188} INFO - [2026-08-06T21:34:06.536+0000] {dag.py:3823} INFO - Setting next_dagrun for example_branch_python_operator_decorator to 2026-08-05 00:00:00+00:00, run_after=2026-08-06 00:00:00+00:00
[2026-08-06T21:34:06.571+0000] {processor.py:183} INFO - Processing /home/airflow/.local/lib/python3.8/site-packages/airflow/example_dags/example_branch_operator_decorator.py took 0.239 seconds
[2026-08-06T21:34:37.499+0000] {processor.py:161} INFO - Started process (PID=3477) to work on /home/airflow/.local/lib/python3.8/site-packages/airflow/example_dags/example_branch_operator_decorator.py
[2026-08-06T21:34:37.503+0000] {processor.py:830} INFO - Processing file /home/airflow/.local/lib/python3.8/site-packages/airflow/example_dags/example_branch_operator_decorator.py for tasks to queue
[2026-08-06T21:34:37.512+0000] {logging_mixin.py:188} INFO - [2026-08-06T21:34:37.511+0000] {dagbag.py:538} INFO - Filling up the DagBag from /home/airflow/.local/lib/python3.8/site-packages/airflow/example_dags/example_branch_operator_decorator.py
[2026-08-06T21:34:37.585+0000] {processor.py:840} INFO - DAG(s) 'example_branch_python_operator_decorator' retrieved from /home/airflow/.local/lib/python3.8/site-packages/airflow/example_dags/example_branch_operator_decorator.py
[2026-08-06T21:34:37.685+0000] {logging_mixin.py:188} INFO - [2026-08-06T21:34:37.684+0000] {dag.py:3036} INFO - Sync 1 DAGs
[2026-08-06T21:34:37.743+0000] {logging_mixin.py:188} INFO - [2026-08-06T21:34:37.742+0000] {dag.py:3823} INFO - Setting next_dagrun for example_branch_python_operator_decorator to 2026-08-05 00:00:00+00:00, run_after=2026-08-06 00:00:00+00:00
[2026-08-06T21:34:37.797+0000] {processor.py:183} INFO - Processing /home/airflow/.local/lib/python3.8/site-packages/airflow/example_dags/example_branch_operator_decorator.py took 0.308 seconds
[2026-08-06T21:35:08.262+0000] {processor.py:161} INFO - Started process (PID=3542) to work on /home/airflow/.local/lib/python3.8/site-packages/airflow/example_dags/example_branch_operator_decorator.py
[2026-08-06T21:35:08.266+0000] {processor.py:830} INFO - Processing file /home/airflow/.local/lib/python3.8/site-packages/airflow/example_dags/example_branch_operator_decorator.py for tasks to queue
[2026-08-06T21:35:08.272+0000] {logging_mixin.py:188} INFO - [2026-08-06T21:35:08.271+0000] {dagbag.py:538} INFO - Filling up the DagBag from /home/airflow/.local/lib/python3.8/site-packages/airflow/example_dags/example_branch_operator_decorator.py
[2026-08-06T21:35:08.304+0000] {processor.py:840} INFO - DAG(s) 'example_branch_python_operator_decorator' retrieved from /home/airflow/.local/lib/python3.8/site-packages/airflow/example_dags/example_branch_operator_decorator.py
[2026-08-06T21:35:08.332+0000] {logging_mixin.py:188} INFO - [2026-08-06T21:35:08.332+0000] {dag.py:3036} INFO - Sync 1 DAGs
[2026-08-06T21:35:08.356+0000] {logging_mixin.py:188} INFO - [2026-08-06T21:35:08.355+0000] {dag.py:3823} INFO - Setting next_dagrun for example_branch_python_operator_decorator to 2026-08-05 00:00:00+00:00, run_after=2026-08-06 00:00:00+00:00
[2026-08-06T21:35:08.375+0000] {processor.py:183} INFO - Processing /home/airflow/.local/lib/python3.8/site-packages/airflow/example_dags/example_branch_operator_decorator.py took 0.119 seconds
[2026-08-06T21:35:38.651+0000] {processor.py:161} INFO - Started process (PID=3607) to work on /home/airflow/.local/lib/python3.8/site-packages/airflow/example_dags/example_branch_operator_decorator.py
[2026-08-06T21:35:38.653+0000] {processor.py:830} INFO - Processing file /home/airflow/.local/lib/python3.8/site-packages/airflow/example_dags/example_branch_operator_decorator.py for tasks to queue
[2026-08-06T21:35:38.655+0000] {logging_mixin.py:188} INFO - [2026-08-06T21:35:38.654+0000] {dagbag.py:538} INFO - Filling up the DagBag from /home/airflow/.local/lib/python3.8/site-packages/airflow/example_dags/example_branch_operator_decorator.py
[2026-08-06T21:35:38.675+0000] {processor.py:840} INFO - DAG(s) 'example_branch_python_operator_decorator' retrieved from /home/airflow/.local/lib/python3.8/site-packages/airflow/example_dags/example_branch_operator_decorator.py
[2026-08-06T21:35:38.702+0000] {logging_mixin.py:188} INFO - [2026-08-06T21:35:38.702+0000] {dag.py:3036} INFO - Sync 1 DAGs
[2026-08-06T21:35:38.724+0000] {logging_mixin.py:188} INFO - [2026-08-06T21:35:38.724+0000] {dag.py:3823} INFO - Setting next_dagrun for example_branch_python_operator_decorator to 2026-08-05 00:00:00+00:00, run_after=2026-08-06 00:00:00+00:00
[2026-08-06T21:35:38.743+0000] {processor.py:183} INFO - Processing /home/airflow/.local/lib/python3.8/site-packages/airflow/example_dags/example_branch_operator_decorator.py took 0.095 seconds
[2026-08-06T21:36:08.951+0000] {processor.py:161} INFO - Started process (PID=3672) to work on /home/airflow/.local/lib/python3.8/site-packages/airflow/example_dags/example_branch_operator_decorator.py
[2026-08-06T21:36:08.952+0000] {processor.py:830} INFO - Processing file /home/airflow/.local/lib/python3.8/site-packages/airflow/example_dags/example_branch_operator_decorator.py for tasks to queue
[2026-08-06T21:36:08.955+0000] {logging_mixin.py:188} INFO - [2026-08-06T21:36:08.954+0000] {dagbag.py:538} INFO - Filling up the DagBag from /home/airflow/.local/lib/python3.8/site-packages/airflow/example_dags/example_branch_operator_decorator.py
[2026-08-06T21:36:08.975+0000] {processor.py:840} INFO - DAG(s) 'example_branch_python_operator_decorator' retrieved from /home/airflow/.local/lib/python3.8/site-packages/airflow/example_dags/example_branch_operator_decorator.py
[2026-08-06T21:36:09.007+0000] {logging_mixin.py:188} INFO - [2026-08-06T21:36:09.007+0000] {dag.py:3036} INFO - Sync 1 DAGs
[2026-08-06T21:36:09.038+0000] {logging_mixin.py:188} INFO - [2026-08-06T21:36:09.037+0000] {dag.py:3823} INFO - Setting next_dagrun for example_branch_python_operator_decorator to 2026-08-05 00:00:00+00:00, run_after=2026-08-06 00:00:00+00:00
[2026-08-06T21:36:09.060+0000] {processor.py:183} INFO - Processing /home/airflow/.local/lib/python3.8/site-packages/airflow/example_dags/example_branch_operator_decorator.py took 0.113 seconds
[2026-08-06T21:36:40.023+0000] {processor.py:161} INFO - Started process (PID=3737) to work on /home/airflow/.local/lib/python3.8/site-packages/airflow/example_dags/example_branch_operator_decorator.py
[2026-08-06T21:36:40.025+0000] {processor.py:830} INFO - Processing file /home/airflow/.local/lib/python3.8/site-packages/airflow/example_dags/example_branch_operator_decorator.py for tasks to queue
[2026-08-06T21:36:40.028+0000] {logging_mixin.py:188} INFO - [2026-08-06T21:36:40.028+0000] {dagbag.py:538} INFO - Filling up the DagBag from /home/airflow/.local/lib/python3.8/site-packages/airflow/example_dags/example_branch_operator_decorator.py
[2026-08-06T21:36:40.054+0000] {processor.py:840} INFO - DAG(s) 'example_branch_python_operator_decorator' retrieved from /home/airflow/.local/lib/python3.8/site-packages/airflow/example_dags/example_branch_operator_decorator.py
[2026-08-06T21:36:40.083+0000] {logging_mixin.py:188} INFO - [2026-08-06T21:36:40.083+0000] {dag.py:3036} INFO - Sync 1 DAGs
[2026-08-06T21:36:40.107+0000] {logging_mixin.py:188} INFO - [2026-08-06T21:36:40.107+0000] {dag.py:3823} INFO - Setting next_dagrun for example_branch_python_operator_decorator to 2026-08-05 00:00:00+00:00, run_after=2026-08-06 00:00:00+00:00
[2026-08-06T21:36:40.131+0000] {processor.py:183} INFO - Processing /home/airflow/.local/lib/python3.8/site-packages/airflow/example_dags/example_branch_operator_decorator.py took 0.114 seconds
[2026-08-06T21:37:10.266+0000] {processor.py:161} INFO - Started process (PID=3802) to work on /home/airflow/.local/lib/python3.8/site-packages/airflow/example_dags/example_branch_operator_decorator.py
[2026-08-06T21:37:10.268+0000] {processor.py:830} INFO - Processing file /home/airflow/.local/lib/python3.8/site-packages/airflow/example_dags/example_branch_operator_decorator.py for tasks to queue
[2026-08-06T21:37:10.271+0000] {logging_mixin.py:188} INFO - [2026-08-06T21:37:10.270+0000] {dagbag.py:538} INFO - Filling up the DagBag from /home/airflow/.local/lib/python3.8/site-packages/airflow/example_dags/example_branch_operator_decorator.py
[2026-08-06T21:37:10.304+0000] {processor.py:840} INFO - DAG(s) 'example_branch_python_operator_decorator' retrieved from /home/airflow/.local/lib/python3.8/site-packages/airflow/example_dags/example_branch_operator_decorator.py
[2026-08-06T21:37:10.349+0000] {logging_mixin.py:188} INFO - [2026-08-06T21:37:10.349+0000] {dag.py:3036} INFO - Sync 1 DAGs
[2026-08-06T21:37:10.385+0000] {logging_mixin.py:188} INFO - [2026-08-06T21:37:10.385+0000] {dag.py:3823} INFO - Setting next_dagrun for example_branch_python_operator_decorator to 2026-08-05 00:00:00+00:00, run_after=2026-08-06 00:00:00+00:00
[2026-08-06T21:37:10.417+0000] {processor.py:183} INFO - Processing /home/airflow/.local/lib/python3.8/site-packages/airflow/example_dags/example_branch_operator_decorator.py took 0.156 seconds
[2026-08-06T21:37:41.352+0000] {processor.py:161} INFO - Started process (PID=3872) to work on /home/airflow/.local/lib/python3.8/site-packages/airflow/example_dags/example_branch_operator_decorator.py
[2026-08-06T21:37:41.391+0000] {processor.py:830} INFO - Processing file /home/airflow/.local/lib/python3.8/site-packages/airflow/example_dags/example_branch_operator_decorator.py for tasks to queue
[2026-08-06T21:37:41.435+0000] {logging_mixin.py:188} INFO - [2026-08-06T21:37:41.434+0000] {dagbag.py:538} INFO - Filling up the DagBag from /home/airflow/.local/lib/python3.8/site-packages/airflow/example_dags/example_branch_operator_decorator.py
[2026-08-06T21:37:41.530+0000] {processor.py:840} INFO - DAG(s) 'example_branch_python_operator_decorator' retrieved from /home/airflow/.local/lib/python3.8/site-packages/airflow/example_dags/example_branch_operator_decorator.py
[2026-08-06T21:37:41.652+0000] {logging_mixin.py:188} INFO - [2026-08-06T21:37:41.652+0000] {dag.py:3036} INFO - Sync 1 DAGs
[2026-08-06T21:37:41.782+0000] {logging_mixin.py:188} INFO - [2026-08-06T21:37:41.781+0000] {dag.py:3823} INFO - Setting next_dagrun for example_branch_python_operator_decorator to 2026-08-05 00:00:00+00:00, run_after=2026-08-06 00:00:00+00:00
[2026-08-06T21:37:41.830+0000] {processor.py:183} INFO - Processing /home/airflow/.local/lib/python3.8/site-packages/airflow/example_dags/example_branch_operator_decorator.py took 0.507 seconds
[2026-08-06T21:38:12.494+0000] {processor.py:161} INFO - Started process (PID=3937) to work on /home/airflow/.local/lib/python3.8/site-packages/airflow/example_dags/example_branch_operator_decorator.py
[2026-08-06T21:38:12.495+0000] {processor.py:830} INFO - Processing file /home/airflow/.local/lib/python3.8/site-packages/airflow/example_dags/example_branch_operator_decorator.py for tasks to queue
[2026-08-06T21:38:12.497+0000] {logging_mixin.py:188} INFO - [2026-08-06T21:38:12.497+0000] {dagbag.py:538} INFO - Filling up the DagBag from /home/airflow/.local/lib/python3.8/site-packages/airflow/example_dags/example_branch_operator_decorator.py
[2026-08-06T21:38:12.525+0000] {processor.py:840} INFO - DAG(s) 'example_branch_python_operator_decorator' retrieved from /home/airflow/.local/lib/python3.8/site-packages/airflow/example_dags/example_branch_operator_decorator.py
[2026-08-06T21:38:12.568+0000] {logging_mixin.py:188} INFO - [2026-08-06T21:38:12.568+0000] {dag.py:3036} INFO - Sync 1 DAGs
[2026-08-06T21:38:12.601+0000] {logging_mixin.py:188} INFO - [2026-08-06T21:38:12.600+0000] {dag.py:3823} INFO - Setting next_dagrun for example_branch_python_operator_decorator to 2026-08-05 00:00:00+00:00, run_after=2026-08-06 00:00:00+00:00
[2026-08-06T21:38:12.626+0000] {processor.py:183} INFO - Processing /home/airflow/.local/lib/python3.8/site-packages/airflow/example_dags/example_branch_operator_decorator.py took 0.136 seconds
[2026-08-06T21:38:43.510+0000] {processor.py:161} INFO - Started process (PID=4002) to work on /home/airflow/.local/lib/python3.8/site-packages/airflow/example_dags/example_branch_operator_decorator.py
[2026-08-06T21:38:43.511+0000] {processor.py:830} INFO - Processing file /home/airflow/.local/lib/python3.8/site-packages/airflow/example_dags/example_branch_operator_decorator.py for tasks to queue
[2026-08-06T21:38:43.514+0000] {logging_mixin.py:188} INFO - [2026-08-06T21:38:43.513+0000] {dagbag.py:538} INFO - Filling up the DagBag from /home/airflow/.local/lib/python3.8/site-packages/airflow/example_dags/example_branch_operator_decorator.py
[2026-08-06T21:38:43.539+0000] {processor.py:840} INFO - DAG(s) 'example_branch_python_operator_decorator' retrieved from /home/airflow/.local/lib/python3.8/site-packages/airflow/example_dags/example_branch_operator_decorator.py
[2026-08-06T21:38:43.571+0000] {logging_mixin.py:188} INFO - [2026-08-06T21:38:43.570+0000] {dag.py:3036} INFO - Sync 1 DAGs
[2026-08-06T21:38:43.600+0000] {logging_mixin.py:188} INFO - [2026-08-06T21:38:43.599+0000] {dag.py:3823} INFO - Setting next_dagrun for example_branch_python_operator_decorator to 2026-08-05 00:00:00+00:00, run_after=2026-08-06 00:00:00+00:00
[2026-08-06T21:38:43.623+0000] {processor.py:183} INFO - Processing /home/airflow/.local/lib/python3.8/site-packages/airflow/example_dags/example_branch_operator_decorator.py took 0.117 seconds
[2026-08-06T21:39:14.308+0000] {processor.py:161} INFO - Started process (PID=4067) to work on /home/airflow/.local/lib/python3.8/site-packages/airflow/example_dags/example_branch_operator_decorator.py
[2026-08-06T21:39:14.310+0000] {processor.py:830} INFO - Processing file /home/airflow/.local/lib/python3.8/site-packages/airflow/example_dags/example_branch_operator_decorator.py for tasks to queue
[2026-08-06T21:39:14.312+0000] {logging_mixin.py:188} INFO - [2026-08-06T21:39:14.311+0000] {dagbag.py:538} INFO - Filling up the DagBag from /home/airflow/.local/lib/python3.8/site-packages/airflow/example_dags/example_branch_operator_decorator.py
[2026-08-06T21:39:14.331+0000] {processor.py:840} INFO - DAG(s) 'example_branch_python_operator_decorator' retrieved from /home/airflow/.local/lib/python3.8/site-packages/airflow/example_dags/example_branch_operator_decorator.py
[2026-08-06T21:39:14.357+0000] {logging_mixin.py:188} INFO - [2026-08-06T21:39:14.357+0000] {dag.py:3036} INFO - Sync 1 DAGs
[2026-08-06T21:39:14.378+0000] {logging_mixin.py:188} INFO - [2026-08-06T21:39:14.377+0000] {dag.py:3823} INFO - Setting next_dagrun for example_branch_python_operator_decorator to 2026-08-05 00:00:00+00:00, run_after=2026-08-06 00:00:00+00:00
[2026-08-06T21:39:14.402+0000] {processor.py:183} INFO - Processing /home/airflow/.local/lib/python3.8/site-packages/airflow/example_dags/example_branch_operator_decorator.py took 0.097 seconds
[2026-08-06T21:39:44.799+0000] {processor.py:161} INFO - Started process (PID=4137) to work on /home/airflow/.local/lib/python3.8/site-packages/airflow/example_dags/example_branch_operator_decorator.py
[2026-08-06T21:39:44.826+0000] {processor.py:830} INFO - Processing file /home/airflow/.local/lib/python3.8/site-packages/airflow/example_dags/example_branch_operator_decorator.py for tasks to queue
[2026-08-06T21:39:44.837+0000] {logging_mixin.py:188} INFO - [2026-08-06T21:39:44.836+0000] {dagbag.py:538} INFO - Filling up the DagBag from /home/airflow/.local/lib/python3.8/site-packages/airflow/example_dags/example_branch_operator_decorator.py
[2026-08-06T21:39:44.952+0000] {processor.py:840} INFO - DAG(s) 'example_branch_python_operator_decorator' retrieved from /home/airflow/.local/lib/python3.8/site-packages/airflow/example_dags/example_branch_operator_decorator.py
[2026-08-06T21:39:45.041+0000] {logging_mixin.py:188} INFO - [2026-08-06T21:39:45.041+0000] {dag.py:3036} INFO - Sync 1 DAGs
[2026-08-06T21:39:45.106+0000] {logging_mixin.py:188} INFO - [2026-08-06T21:39:45.105+0000] {dag.py:3823} INFO - Setting next_dagrun for example_branch_python_operator_decorator to 2026-08-05 00:00:00+00:00, run_after=2026-08-06 00:00:00+00:00
[2026-08-06T21:39:45.146+0000] {processor.py:183} INFO - Processing /home/airflow/.local/lib/python3.8/site-packages/airflow/example_dags/example_branch_operator_decorator.py took 0.380 seconds
[2026-08-06T21:40:16.164+0000] {processor.py:161} INFO - Started process (PID=4202) to work on /home/airflow/.local/lib/python3.8/site-packages/airflow/example_dags/example_branch_operator_decorator.py
[2026-08-06T21:40:16.166+0000] {processor.py:830} INFO - Processing file /home/airflow/.local/lib/python3.8/site-packages/airflow/example_dags/example_branch_operator_decorator.py for tasks to queue
[2026-08-06T21:40:16.171+0000] {logging_mixin.py:188} INFO - [2026-08-06T21:40:16.170+0000] {dagbag.py:538} INFO - Filling up the DagBag from /home/airflow/.local/lib/python3.8/site-packages/airflow/example_dags/example_branch_operator_decorator.py
[2026-08-06T21:40:16.199+0000] {processor.py:840} INFO - DAG(s) 'example_branch_python_operator_decorator' retrieved from /home/airflow/.local/lib/python3.8/site-packages/airflow/example_dags/example_branch_operator_decorator.py
[2026-08-06T21:40:16.228+0000] {logging_mixin.py:188} INFO - [2026-08-06T21:40:16.228+0000] {dag.py:3036} INFO - Sync 1 DAGs
[2026-08-06T21:40:16.252+0000] {logging_mixin.py:188} INFO - [2026-08-06T21:40:16.252+0000] {dag.py:3823} INFO - Setting next_dagrun for example_branch_python_operator_decorator to 2026-08-05 00:00:00+00:00, run_after=2026-08-06 00:00:00+00:00
[2026-08-06T21:40:16.277+0000] {processor.py:183} INFO - Processing /home/airflow/.local/lib/python3.8/site-packages/airflow/example_dags/example_branch_operator_decorator.py took 0.120 seconds
[2026-08-06T21:40:46.772+0000] {processor.py:161} INFO - Started process (PID=4267) to work on /home/airflow/.local/lib/python3.8/site-packages/airflow/example_dags/example_branch_operator_decorator.py
[2026-08-06T21:40:46.773+0000] {processor.py:830} INFO - Processing file /home/airflow/.local/lib/python3.8/site-packages/airflow/example_dags/example_branch_operator_decorator.py for tasks to queue
[2026-08-06T21:40:46.775+0000] {logging_mixin.py:188} INFO - [2026-08-06T21:40:46.775+0000] {dagbag.py:538} INFO - Filling up the DagBag from /home/airflow/.local/lib/python3.8/site-packages/airflow/example_dags/example_branch_operator_decorator.py
[2026-08-06T21:40:46.795+0000] {processor.py:840} INFO - DAG(s) 'example_branch_python_operator_decorator' retrieved from /home/airflow/.local/lib/python3.8/site-packages/airflow/example_dags/example_branch_operator_decorator.py
[2026-08-06T21:40:46.819+0000] {logging_mixin.py:188} INFO - [2026-08-06T21:40:46.819+0000] {dag.py:3036} INFO - Sync 1 DAGs
[2026-08-06T21:40:46.840+0000] {logging_mixin.py:188} INFO - [2026-08-06T21:40:46.839+0000] {dag.py:3823} INFO - Setting next_dagrun for example_branch_python_operator_decorator to 2026-08-05 00:00:00+00:00, run_after=2026-08-06 00:00:00+00:00
[2026-08-06T21:40:46.859+0000] {processor.py:183} INFO - Processing /home/airflow/.local/lib/python3.8/site-packages/airflow/example_dags/example_branch_operator_decorator.py took 0.090 seconds
[2026-08-06T21:41:17.772+0000] {processor.py:161} INFO - Started process (PID=4332) to work on /home/airflow/.local/lib/python3.8/site-packages/airflow/example_dags/example_branch_operator_decorator.py
[2026-08-06T21:41:17.774+0000] {processor.py:830} INFO - Processing file /home/airflow/.local/lib/python3.8/site-packages/airflow/example_dags/example_branch_operator_decorator.py for tasks to queue
[2026-08-06T21:41:17.777+0000] {logging_mixin.py:188} INFO - [2026-08-06T21:41:17.776+0000] {dagbag.py:538} INFO - Filling up the DagBag from /home/airflow/.local/lib/python3.8/site-packages/airflow/example_dags/example_branch_operator_decorator.py
[2026-08-06T21:41:17.805+0000] {processor.py:840} INFO - DAG(s) 'example_branch_python_operator_decorator' retrieved from /home/airflow/.local/lib/python3.8/site-packages/airflow/example_dags/example_branch_operator_decorator.py
[2026-08-06T21:41:17.840+0000] {logging_mixin.py:188} INFO - [2026-08-06T21:41:17.840+0000] {dag.py:3036} INFO - Sync 1 DAGs
[2026-08-06T21:41:17.862+0000] {logging_mixin.py:188} INFO - [2026-08-06T21:41:17.862+0000] {dag.py:3823} INFO - Setting next_dagrun for example_branch_python_operator_decorator to 2026-08-05 00:00:00+00:00, run_after=2026-08-06 00:00:00+00:00
[2026-08-06T21:41:17.882+0000] {processor.py:183} INFO - Processing /home/airflow/.local/lib/python3.8/site-packages/airflow/example_dags/example_branch_operator_decorator.py took 0.114 seconds
[2026-08-06T21:41:48.326+0000] {processor.py:161} INFO - Started process (PID=4397) to work on /home/airflow/.local/lib/python3.8/site-packages/airflow/example_dags/example_branch_operator_decorator.py
[2026-08-06T21:41:48.328+0000] {processor.py:830} INFO - Processing file /home/airflow/.local/lib/python3.8/site-packages/airflow/example_dags/example_branch_operator_decorator.py for tasks to queue
[2026-08-06T21:41:48.331+0000] {logging_mixin.py:188} INFO - [2026-08-06T21:41:48.331+0000] {dagbag.py:538} INFO - Filling up the DagBag from /home/airflow/.local/lib/python3.8/site-packages/airflow/example_dags/example_branch_operator_decorator.py
[2026-08-06T21:41:48.358+0000] {processor.py:840} INFO - DAG(s) 'example_branch_python_operator_decorator' retrieved from /home/airflow/.local/lib/python3.8/site-packages/airflow/example_dags/example_branch_operator_decorator.py
[2026-08-06T21:41:48.385+0000] {logging_mixin.py:188} INFO - [2026-08-06T21:41:48.385+0000] {dag.py:3036} INFO - Sync 1 DAGs
[2026-08-06T21:41:48.409+0000] {logging_mixin.py:188} INFO - [2026-08-06T21:41:48.409+0000] {dag.py:3823} INFO - Setting next_dagrun for example_branch_python_operator_decorator to 2026-08-05 00:00:00+00:00, run_after=2026-08-06 00:00:00+00:00
[2026-08-06T21:41:48.434+0000] {processor.py:183} INFO - Processing /home/airflow/.local/lib/python3.8/site-packages/airflow/example_dags/example_branch_operator_decorator.py took 0.114 seconds
[2026-08-06T21:42:19.274+0000] {processor.py:161} INFO - Started process (PID=4462) to work on /home/airflow/.local/lib/python3.8/site-packages/airflow/example_dags/example_branch_operator_decorator.py
[2026-08-06T21:42:19.276+0000] {processor.py:830} INFO - Processing file /home/airflow/.local/lib/python3.8/site-packages/airflow/example_dags/example_branch_operator_decorator.py for tasks to queue
[2026-08-06T21:42:19.278+0000] {logging_mixin.py:188} INFO - [2026-08-06T21:42:19.278+0000] {dagbag.py:538} INFO - Filling up the DagBag from /home/airflow/.local/lib/python3.8/site-packages/airflow/example_dags/example_branch_operator_decorator.py
[2026-08-06T21:42:19.298+0000] {processor.py:840} INFO - DAG(s) 'example_branch_python_operator_decorator' retrieved from /home/airflow/.local/lib/python3.8/site-packages/airflow/example_dags/example_branch_operator_decorator.py
[2026-08-06T21:42:19.322+0000] {logging_mixin.py:188} INFO - [2026-08-06T21:42:19.322+0000] {dag.py:3036} INFO - Sync 1 DAGs
[2026-08-06T21:42:19.345+0000] {logging_mixin.py:188} INFO - [2026-08-06T21:42:19.344+0000] {dag.py:3823} INFO - Setting next_dagrun for example_branch_python_operator_decorator to 2026-08-05 00:00:00+00:00, run_after=2026-08-06 00:00:00+00:00
[2026-08-06T21:42:19.364+0000] {processor.py:183} INFO - Processing /home/airflow/.local/lib/python3.8/site-packages/airflow/example_dags/example_branch_operator_decorator.py took 0.093 seconds
[2026-08-06T21:42:49.894+0000] {processor.py:161} INFO - Started process (PID=4528) to work on /home/airflow/.local/lib/python3.8/site-packages/airflow/example_dags/example_branch_operator_decorator.py
[2026-08-06T21:42:49.896+0000] {processor.py:830} INFO - Processing file /home/airflow/.local/lib/python3.8/site-packages/airflow/example_dags/example_branch_operator_decorator.py for tasks to queue
[2026-08-06T21:42:49.899+0000] {logging_mixin.py:188} INFO - [2026-08-06T21:42:49.898+0000] {dagbag.py:538} INFO - Filling up the DagBag from /home/airflow/.local/lib/python3.8/site-packages/airflow/example_dags/example_branch_operator_decorator.py
[2026-08-06T21:42:49.924+0000] {processor.py:840} INFO - DAG(s) 'example_branch_python_operator_decorator' retrieved from /home/airflow/.local/lib/python3.8/site-packages/airflow/example_dags/example_branch_operator_decorator.py
[2026-08-06T21:42:49.958+0000] {logging_mixin.py:188} INFO - [2026-08-06T21:42:49.958+0000] {dag.py:3036} INFO - Sync 1 DAGs
[2026-08-06T21:42:49.985+0000] {logging_mixin.py:188} INFO - [2026-08-06T21:42:49.985+0000] {dag.py:3823} INFO - Setting next_dagrun for example_branch_python_operator_decorator to 2026-08-05 00:00:00+00:00, run_after=2026-08-06 00:00:00+00:00
[2026-08-06T21:42:50.010+0000] {processor.py:183} INFO - Processing /home/airflow/.local/lib/python3.8/site-packages/airflow/example_dags/example_branch_operator_decorator.py took 0.120 seconds
[2026-08-06T21:43:20.184+0000] {processor.py:161} INFO - Started process (PID=4593) to work on /home/airflow/.local/lib/python3.8/site-packages/airflow/example_dags/example_branch_operator_decorator.py
[2026-08-06T21:43:20.185+0000] {processor.py:830} INFO - Processing file /home/airflow/.local/lib/python3.8/site-packages/airflow/example_dags/example_branch_operator_decorator.py for tasks to queue
[2026-08-06T21:43:20.188+0000] {logging_mixin.py:188} INFO - [2026-08-06T21:43:20.188+0000] {dagbag.py:538} INFO - Filling up the DagBag from /home/airflow/.local/lib/python3.8/site-packages/airflow/example_dags/example_branch_operator_decorator.py
[2026-08-06T21:43:20.212+0000] {processor.py:840} INFO - DAG(s) 'example_branch_python_operator_decorator' retrieved from /home/airflow/.local/lib/python3.8/site-packages/airflow/example_dags/example_branch_operator_decorator.py
[2026-08-06T21:43:20.241+0000] {logging_mixin.py:188} INFO - [2026-08-06T21:43:20.241+0000] {dag.py:3036} INFO - Sync 1 DAGs
[2026-08-06T21:43:20.264+0000] {logging_mixin.py:188} INFO - [2026-08-06T21:43:20.264+0000] {dag.py:3823} INFO - Setting next_dagrun for example_branch_python_operator_decorator to 2026-08-05 00:00:00+00:00, run_after=2026-08-06 00:00:00+00:00
[2026-08-06T21:43:20.287+0000] {processor.py:183} INFO - Processing /home/airflow/.local/lib/python3.8/site-packages/airflow/example_dags/example_branch_operator_decorator.py took 0.107 seconds
[2026-08-06T21:43:50.820+0000] {processor.py:161} INFO - Started process (PID=4658) to work on /home/airflow/.local/lib/python3.8/site-packages/airflow/example_dags/example_branch_operator_decorator.py
[2026-08-06T21:43:50.822+0000] {processor.py:830} INFO - Processing file /home/airflow/.local/lib/python3.8/site-packages/airflow/example_dags/example_branch_operator_decorator.py for tasks to queue
[2026-08-06T21:43:50.824+0000] {logging_mixin.py:188} INFO - [2026-08-06T21:43:50.824+0000] {dagbag.py:538} INFO - Filling up the DagBag from /home/airflow/.local/lib/python3.8/site-packages/airflow/example_dags/example_branch_operator_decorator.py
[2026-08-06T21:43:50.847+0000] {processor.py:840} INFO - DAG(s) 'example_branch_python_operator_decorator' retrieved from /home/airflow/.local/lib/python3.8/site-packages/airflow/example_dags/example_branch_operator_decorator.py
[2026-08-06T21:43:50.874+0000] {logging_mixin.py:188} INFO - [2026-08-06T21:43:50.874+0000] {dag.py:3036} INFO - Sync 1 DAGs
[2026-08-06T21:43:50.898+0000] {logging_mixin.py:188} INFO - [2026-08-06T21:43:50.897+0000] {dag.py:3823} INFO - Setting next_dagrun for example_branch_python_operator_decorator to 2026-08-05 00:00:00+00:00, run_after=2026-08-06 00:00:00+00:00
[2026-08-06T21:43:50.919+0000] {processor.py:183} INFO - Processing /home/airflow/.local/lib/python3.8/site-packages/airflow/example_dags/example_branch_operator_decorator.py took 0.102 seconds
[2026-08-06T21:44:21.413+0000] {processor.py:161} INFO - Started process (PID=4723) to work on /home/airflow/.local/lib/python3.8/site-packages/airflow/example_dags/example_branch_operator_decorator.py
[2026-08-06T21:44:21.415+0000] {processor.py:830} INFO - Processing file /home/airflow/.local/lib/python3.8/site-packages/airflow/example_dags/example_branch_operator_decorator.py for tasks to queue
[2026-08-06T21:44:21.419+0000] {logging_mixin.py:188} INFO - [2026-08-06T21:44:21.418+0000] {dagbag.py:538} INFO - Filling up the DagBag from /home/airflow/.local/lib/python3.8/site-packages/airflow/example_dags/example_branch_operator_decorator.py
[2026-08-06T21:44:21.453+0000] {processor.py:840} INFO - DAG(s) 'example_branch_python_operator_decorator' retrieved from /home/airflow/.local/lib/python3.8/site-packages/airflow/example_dags/example_branch_operator_decorator.py
[2026-08-06T21:44:21.491+0000] {logging_mixin.py:188} INFO - [2026-08-06T21:44:21.491+0000] {dag.py:3036} INFO - Sync 1 DAGs
[2026-08-06T21:44:21.525+0000] {logging_mixin.py:188} INFO - [2026-08-06T21:44:21.525+0000] {dag.py:3823} INFO - Setting next_dagrun for example_branch_python_operator_decorator to 2026-08-05 00:00:00+00:00, run_after=2026-08-06 00:00:00+00:00
[2026-08-06T21:44:21.553+0000] {processor.py:183} INFO - Processing /home/airflow/.local/lib/python3.8/site-packages/airflow/example_dags/example_branch_operator_decorator.py took 0.146 seconds
