[2026-08-06T21:05:39.421+0000] {processor.py:161} INFO - Started process (PID=66) to work on /home/airflow/.local/lib/python3.8/site-packages/airflow/example_dags/example_trigger_controller_dag.py
[2026-08-06T21:05:39.423+0000] {processor.py:830} INFO - Processing file /home/airflow/.local/lib/python3.8/site-packages/airflow/example_dags/example_trigger_controller_dag.py for tasks to queue
[2026-08-06T21:05:39.427+0000] {logging_mixin.py:188} INFO - [2026-08-06T21:05:39.426+0000] {dagbag.py:538} INFO - Filling up the DagBag from /home/airflow/.local/lib/python3.8/site-packages/airflow/example_dags/example_trigger_controller_dag.py
[2026-08-06T21:05:39.445+0000] {processor.py:840} INFO - DAG(s) 'example_trigger_controller_dag' retrieved from /home/airflow/.local/lib/python3.8/site-packages/airflow/example_dags/example_trigger_controller_dag.py
[2026-08-06T21:05:39.638+0000] {logging_mixin.py:188} INFO - [2026-08-06T21:05:39.637+0000] {dag.py:3036} INFO - Sync 1 DAGs
[2026-08-06T21:05:39.674+0000] {logging_mixin.py:188} INFO - [2026-08-06T21:05:39.674+0000] {dag.py:3823} INFO - Setting next_dagrun for example_trigger_controller_dag to 2021-01-01 00:00:00+00:00, run_after=2021-01-01 00:00:00+00:00
[2026-08-06T21:05:39.714+0000] {processor.py:183} INFO - Processing /home/airflow/.local/lib/python3.8/site-packages/airflow/example_dags/example_trigger_controller_dag.py took 0.299 seconds
[2026-08-06T21:05:54.477+0000] {processor.py:161} INFO - Started process (PID=54) to work on /home/airflow/.local/lib/python3.8/site-packages/airflow/example_dags/example_trigger_controller_dag.py
[2026-08-06T21:05:54.478+0000] {processor.py:830} INFO - Processing file /home/airflow/.local/lib/python3.8/site-packages/airflow/example_dags/example_trigger_controller_dag.py for tasks to queue
[2026-08-06T21:05:54.481+0000] {logging_mixin.py:188} INFO - [2026-08-06T21:05:54.480+0000] {dagbag.py:538} INFO - Filling up the DagBag from /home/airflow/.local/lib/python3.8/site-packages/airflow/example_dags/example_trigger_controller_dag.py
[2026-08-06T21:05:54.488+0000] {processor.py:840} INFO - DAG(s) 'example_trigger_controller_dag' retrieved from /home/airflow/.local/lib/python3.8/site-packages/airflow/example_dags/example_trigger_controller_dag.py
[2026-08-06T21:05:54.500+0000] {logging_mixin.py:188} INFO - [2026-08-06T21:05:54.500+0000] {dag.py:3036} INFO - Sync 1 DAGs
[2026-08-06T21:05:54.523+0000] {logging_mixin.py:188} INFO - [2026-08-06T21:05:54.523+0000] {dag.py:3823} INFO - Setting next_dagrun for example_trigger_controller_dag to 2021-01-01 00:00:00+00:00, run_after=2021-01-01 00:00:00+00:00
[2026-08-06T21:05:54.565+0000] {processor.py:183} INFO - Processing /home/airflow/.local/lib/python3.8/site-packages/airflow/example_dags/example_trigger_controller_dag.py took 0.091 seconds
[2026-08-06T21:06:24.768+0000] {processor.py:161} INFO - Started process (PID=109) to work on /home/airflow/.local/lib/python3.8/site-packages/airflow/example_dags/example_trigger_controller_dag.py
[2026-08-06T21:06:24.770+0000] {processor.py:830} INFO - Processing file /home/airflow/.local/lib/python3.8/site-packages/airflow/example_dags/example_trigger_controller_dag.py for tasks to queue
[2026-08-06T21:06:24.773+0000] {logging_mixin.py:188} INFO - [2026-08-06T21:06:24.772+0000] {dagbag.py:538} INFO - Filling up the DagBag from /home/airflow/.local/lib/python3.8/site-packages/airflow/example_dags/example_trigger_controller_dag.py
[2026-08-06T21:06:24.778+0000] {processor.py:840} INFO - DAG(s) 'example_trigger_controller_dag' retrieved from /home/airflow/.local/lib/python3.8/site-packages/airflow/example_dags/example_trigger_controller_dag.py
[2026-08-06T21:06:24.791+0000] {logging_mixin.py:188} INFO - [2026-08-06T21:06:24.791+0000] {dag.py:3036} INFO - Sync 1 DAGs
[2026-08-06T21:06:24.813+0000] {logging_mixin.py:188} INFO - [2026-08-06T21:06:24.813+0000] {dag.py:3823} INFO - Setting next_dagrun for example_trigger_controller_dag to 2021-01-01 00:00:00+00:00, run_after=2021-01-01 00:00:00+00:00
[2026-08-06T21:06:24.867+0000] {processor.py:183} INFO - Processing /home/airflow/.local/lib/python3.8/site-packages/airflow/example_dags/example_trigger_controller_dag.py took 0.103 seconds
[2026-08-06T21:06:56.324+0000] {processor.py:161} INFO - Started process (PID=164) to work on /home/airflow/.local/lib/python3.8/site-packages/airflow/example_dags/example_trigger_controller_dag.py
[2026-08-06T21:06:56.326+0000] {processor.py:830} INFO - Processing file /home/airflow/.local/lib/python3.8/site-packages/airflow/example_dags/example_trigger_controller_dag.py for tasks to queue
[2026-08-06T21:06:56.328+0000] {logging_mixin.py:188} INFO - [2026-08-06T21:06:56.328+0000] {dagbag.py:538} INFO - Filling up the DagBag from /home/airflow/.local/lib/python3.8/site-packages/airflow/example_dags/example_trigger_controller_dag.py
[2026-08-06T21:06:56.337+0000] {processor.py:840} INFO - DAG(s) 'example_trigger_controller_dag' retrieved from /home/airflow/.local/lib/python3.8/site-packages/airflow/example_dags/example_trigger_controller_dag.py
[2026-08-06T21:06:56.438+0000] {logging_mixin.py:188} INFO - [2026-08-06T21:06:56.437+0000] {dag.py:3036} INFO - Sync 1 DAGs
[2026-08-06T21:06:56.457+0000] {logging_mixin.py:188} INFO - [2026-08-06T21:06:56.456+0000] {dag.py:3823} INFO - Setting next_dagrun for example_trigger_controller_dag to 2021-01-01 00:00:00+00:00, run_after=2021-01-01 00:00:00+00:00
[2026-08-06T21:06:56.750+0000] {processor.py:183} INFO - Processing /home/airflow/.local/lib/python3.8/site-packages/airflow/example_dags/example_trigger_controller_dag.py took 0.432 seconds
[2026-08-06T21:07:26.910+0000] {processor.py:161} INFO - Started process (PID=219) to work on /home/airflow/.local/lib/python3.8/site-packages/airflow/example_dags/example_trigger_controller_dag.py
[2026-08-06T21:07:26.911+0000] {processor.py:830} INFO - Processing file /home/airflow/.local/lib/python3.8/site-packages/airflow/example_dags/example_trigger_controller_dag.py for tasks to queue
[2026-08-06T21:07:26.914+0000] {logging_mixin.py:188} INFO - [2026-08-06T21:07:26.914+0000] {dagbag.py:538} INFO - Filling up the DagBag from /home/airflow/.local/lib/python3.8/site-packages/airflow/example_dags/example_trigger_controller_dag.py
[2026-08-06T21:07:26.920+0000] {processor.py:840} INFO - DAG(s) 'example_trigger_controller_dag' retrieved from /home/airflow/.local/lib/python3.8/site-packages/airflow/example_dags/example_trigger_controller_dag.py
[2026-08-06T21:07:26.945+0000] {logging_mixin.py:188} INFO - [2026-08-06T21:07:26.945+0000] {dag.py:3036} INFO - Sync 1 DAGs
[2026-08-06T21:07:26.974+0000] {logging_mixin.py:188} INFO - [2026-08-06T21:07:26.974+0000] {dag.py:3823} INFO - Setting next_dagrun for example_trigger_controller_dag to 2021-01-01 00:00:00+00:00, run_after=2021-01-01 00:00:00+00:00
[2026-08-06T21:07:27.031+0000] {processor.py:183} INFO - Processing /home/airflow/.local/lib/python3.8/site-packages/airflow/example_dags/example_trigger_controller_dag.py took 0.126 seconds
[2026-08-06T21:07:57.575+0000] {processor.py:161} INFO - Started process (PID=274) to work on /home/airflow/.local/lib/python3.8/site-packages/airflow/example_dags/example_trigger_controller_dag.py
[2026-08-06T21:07:57.579+0000] {processor.py:830} INFO - Processing file /home/airflow/.local/lib/python3.8/site-packages/airflow/example_dags/example_trigger_controller_dag.py for tasks to queue
[2026-08-06T21:07:57.584+0000] {logging_mixin.py:188} INFO - [2026-08-06T21:07:57.583+0000] {dagbag.py:538} INFO - Filling up the DagBag from /home/airflow/.local/lib/python3.8/site-packages/airflow/example_dags/example_trigger_controller_dag.py
[2026-08-06T21:07:57.595+0000] {processor.py:840} INFO - DAG(s) 'example_trigger_controller_dag' retrieved from /home/airflow/.local/lib/python3.8/site-packages/airflow/example_dags/example_trigger_controller_dag.py
[2026-08-06T21:07:57.626+0000] {logging_mixin.py:188} INFO - [2026-08-06T21:07:57.625+0000] {dag.py:3036} INFO - Sync 1 DAGs
[2026-08-06T21:07:57.656+0000] {logging_mixin.py:188} INFO - [2026-08-06T21:07:57.655+0000] {dag.py:3823} INFO - Setting next_dagrun for example_trigger_controller_dag to 2021-01-01 00:00:00+00:00, run_after=2021-01-01 00:00:00+00:00
[2026-08-06T21:07:57.784+0000] {processor.py:183} INFO - Processing /home/airflow/.local/lib/python3.8/site-packages/airflow/example_dags/example_trigger_controller_dag.py took 0.215 seconds
[2026-08-06T21:08:28.484+0000] {processor.py:161} INFO - Started process (PID=329) to work on /home/airflow/.local/lib/python3.8/site-packages/airflow/example_dags/example_trigger_controller_dag.py
[2026-08-06T21:08:28.487+0000] {processor.py:830} INFO - Processing file /home/airflow/.local/lib/python3.8/site-packages/airflow/example_dags/example_trigger_controller_dag.py for tasks to queue
[2026-08-06T21:08:28.490+0000] {logging_mixin.py:188} INFO - [2026-08-06T21:08:28.489+0000] {dagbag.py:538} INFO - Filling up the DagBag from /home/airflow/.local/lib/python3.8/site-packages/airflow/example_dags/example_trigger_controller_dag.py
[2026-08-06T21:08:28.495+0000] {processor.py:840} INFO - DAG(s) 'example_trigger_controller_dag' retrieved from /home/airflow/.local/lib/python3.8/site-packages/airflow/example_dags/example_trigger_controller_dag.py
[2026-08-06T21:08:28.546+0000] {logging_mixin.py:188} INFO - [2026-08-06T21:08:28.546+0000] {dag.py:3036} INFO - Sync 1 DAGs
[2026-08-06T21:08:28.574+0000] {logging_mixin.py:188} INFO - [2026-08-06T21:08:28.574+0000] {dag.py:3823} INFO - Setting next_dagrun for example_trigger_controller_dag to 2021-01-01 00:00:00+00:00, run_after=2021-01-01 00:00:00+00:00
[2026-08-06T21:08:28.675+0000] {processor.py:183} INFO - Processing /home/airflow/.local/lib/python3.8/site-packages/airflow/example_dags/example_trigger_controller_dag.py took 0.195 seconds
[2026-08-06T21:08:58.914+0000] {processor.py:161} INFO - Started process (PID=384) to work on /home/airflow/.local/lib/python3.8/site-packages/airflow/example_dags/example_trigger_controller_dag.py
[2026-08-06T21:08:58.915+0000] {processor.py:830} INFO - Processing file /home/airflow/.local/lib/python3.8/site-packages/airflow/example_dags/example_trigger_controller_dag.py for tasks to queue
[2026-08-06T21:08:58.917+0000] {logging_mixin.py:188} INFO - [2026-08-06T21:08:58.917+0000] {dagbag.py:538} INFO - Filling up the DagBag from /home/airflow/.local/lib/python3.8/site-packages/airflow/example_dags/example_trigger_controller_dag.py
[2026-08-06T21:08:58.923+0000] {processor.py:840} INFO - DAG(s) 'example_trigger_controller_dag' retrieved from /home/airflow/.local/lib/python3.8/site-packages/airflow/example_dags/example_trigger_controller_dag.py
[2026-08-06T21:08:58.948+0000] {logging_mixin.py:188} INFO - [2026-08-06T21:08:58.947+0000] {dag.py:3036} INFO - Sync 1 DAGs
[2026-08-06T21:08:58.969+0000] {logging_mixin.py:188} INFO - [2026-08-06T21:08:58.968+0000] {dag.py:3823} INFO - Setting next_dagrun for example_trigger_controller_dag to 2021-01-01 00:00:00+00:00, run_after=2021-01-01 00:00:00+00:00
[2026-08-06T21:08:59.019+0000] {processor.py:183} INFO - Processing /home/airflow/.local/lib/python3.8/site-packages/airflow/example_dags/example_trigger_controller_dag.py took 0.110 seconds
[2026-08-06T21:09:29.661+0000] {processor.py:161} INFO - Started process (PID=445) to work on /home/airflow/.local/lib/python3.8/site-packages/airflow/example_dags/example_trigger_controller_dag.py
[2026-08-06T21:09:29.662+0000] {processor.py:830} INFO - Processing file /home/airflow/.local/lib/python3.8/site-packages/airflow/example_dags/example_trigger_controller_dag.py for tasks to queue
[2026-08-06T21:09:29.665+0000] {logging_mixin.py:188} INFO - [2026-08-06T21:09:29.664+0000] {dagbag.py:538} INFO - Filling up the DagBag from /home/airflow/.local/lib/python3.8/site-packages/airflow/example_dags/example_trigger_controller_dag.py
[2026-08-06T21:09:29.672+0000] {processor.py:840} INFO - DAG(s) 'example_trigger_controller_dag' retrieved from /home/airflow/.local/lib/python3.8/site-packages/airflow/example_dags/example_trigger_controller_dag.py
[2026-08-06T21:09:29.700+0000] {logging_mixin.py:188} INFO - [2026-08-06T21:09:29.699+0000] {dag.py:3036} INFO - Sync 1 DAGs
[2026-08-06T21:09:29.729+0000] {logging_mixin.py:188} INFO - [2026-08-06T21:09:29.728+0000] {dag.py:3823} INFO - Setting next_dagrun for example_trigger_controller_dag to 2021-01-01 00:00:00+00:00, run_after=2021-01-01 00:00:00+00:00
[2026-08-06T21:09:29.859+0000] {processor.py:183} INFO - Processing /home/airflow/.local/lib/python3.8/site-packages/airflow/example_dags/example_trigger_controller_dag.py took 0.202 seconds
[2026-08-06T21:10:00.652+0000] {processor.py:161} INFO - Started process (PID=500) to work on /home/airflow/.local/lib/python3.8/site-packages/airflow/example_dags/example_trigger_controller_dag.py
[2026-08-06T21:10:00.653+0000] {processor.py:830} INFO - Processing file /home/airflow/.local/lib/python3.8/site-packages/airflow/example_dags/example_trigger_controller_dag.py for tasks to queue
[2026-08-06T21:10:00.657+0000] {logging_mixin.py:188} INFO - [2026-08-06T21:10:00.657+0000] {dagbag.py:538} INFO - Filling up the DagBag from /home/airflow/.local/lib/python3.8/site-packages/airflow/example_dags/example_trigger_controller_dag.py
[2026-08-06T21:10:00.662+0000] {processor.py:840} INFO - DAG(s) 'example_trigger_controller_dag' retrieved from /home/airflow/.local/lib/python3.8/site-packages/airflow/example_dags/example_trigger_controller_dag.py
[2026-08-06T21:10:00.691+0000] {logging_mixin.py:188} INFO - [2026-08-06T21:10:00.691+0000] {dag.py:3036} INFO - Sync 1 DAGs
[2026-08-06T21:10:00.714+0000] {logging_mixin.py:188} INFO - [2026-08-06T21:10:00.713+0000] {dag.py:3823} INFO - Setting next_dagrun for example_trigger_controller_dag to 2021-01-01 00:00:00+00:00, run_after=2021-01-01 00:00:00+00:00
[2026-08-06T21:10:00.774+0000] {processor.py:183} INFO - Processing /home/airflow/.local/lib/python3.8/site-packages/airflow/example_dags/example_trigger_controller_dag.py took 0.127 seconds
[2026-08-06T21:10:30.835+0000] {processor.py:161} INFO - Started process (PID=555) to work on /home/airflow/.local/lib/python3.8/site-packages/airflow/example_dags/example_trigger_controller_dag.py
[2026-08-06T21:10:30.836+0000] {processor.py:830} INFO - Processing file /home/airflow/.local/lib/python3.8/site-packages/airflow/example_dags/example_trigger_controller_dag.py for tasks to queue
[2026-08-06T21:10:30.838+0000] {logging_mixin.py:188} INFO - [2026-08-06T21:10:30.838+0000] {dagbag.py:538} INFO - Filling up the DagBag from /home/airflow/.local/lib/python3.8/site-packages/airflow/example_dags/example_trigger_controller_dag.py
[2026-08-06T21:10:30.844+0000] {processor.py:840} INFO - DAG(s) 'example_trigger_controller_dag' retrieved from /home/airflow/.local/lib/python3.8/site-packages/airflow/example_dags/example_trigger_controller_dag.py
[2026-08-06T21:10:30.868+0000] {logging_mixin.py:188} INFO - [2026-08-06T21:10:30.868+0000] {dag.py:3036} INFO - Sync 1 DAGs
[2026-08-06T21:10:30.891+0000] {logging_mixin.py:188} INFO - [2026-08-06T21:10:30.890+0000] {dag.py:3823} INFO - Setting next_dagrun for example_trigger_controller_dag to 2021-01-01 00:00:00+00:00, run_after=2021-01-01 00:00:00+00:00
[2026-08-06T21:10:30.948+0000] {processor.py:183} INFO - Processing /home/airflow/.local/lib/python3.8/site-packages/airflow/example_dags/example_trigger_controller_dag.py took 0.117 seconds
[2026-08-06T21:11:01.523+0000] {processor.py:161} INFO - Started process (PID=610) to work on /home/airflow/.local/lib/python3.8/site-packages/airflow/example_dags/example_trigger_controller_dag.py
[2026-08-06T21:11:01.524+0000] {processor.py:830} INFO - Processing file /home/airflow/.local/lib/python3.8/site-packages/airflow/example_dags/example_trigger_controller_dag.py for tasks to queue
[2026-08-06T21:11:01.526+0000] {logging_mixin.py:188} INFO - [2026-08-06T21:11:01.526+0000] {dagbag.py:538} INFO - Filling up the DagBag from /home/airflow/.local/lib/python3.8/site-packages/airflow/example_dags/example_trigger_controller_dag.py
[2026-08-06T21:11:01.532+0000] {processor.py:840} INFO - DAG(s) 'example_trigger_controller_dag' retrieved from /home/airflow/.local/lib/python3.8/site-packages/airflow/example_dags/example_trigger_controller_dag.py
[2026-08-06T21:11:01.559+0000] {logging_mixin.py:188} INFO - [2026-08-06T21:11:01.559+0000] {dag.py:3036} INFO - Sync 1 DAGs
[2026-08-06T21:11:01.580+0000] {logging_mixin.py:188} INFO - [2026-08-06T21:11:01.579+0000] {dag.py:3823} INFO - Setting next_dagrun for example_trigger_controller_dag to 2021-01-01 00:00:00+00:00, run_after=2021-01-01 00:00:00+00:00
[2026-08-06T21:11:01.631+0000] {processor.py:183} INFO - Processing /home/airflow/.local/lib/python3.8/site-packages/airflow/example_dags/example_trigger_controller_dag.py took 0.112 seconds
[2026-08-06T21:11:31.805+0000] {processor.py:161} INFO - Started process (PID=665) to work on /home/airflow/.local/lib/python3.8/site-packages/airflow/example_dags/example_trigger_controller_dag.py
[2026-08-06T21:11:31.807+0000] {processor.py:830} INFO - Processing file /home/airflow/.local/lib/python3.8/site-packages/airflow/example_dags/example_trigger_controller_dag.py for tasks to queue
[2026-08-06T21:11:31.809+0000] {logging_mixin.py:188} INFO - [2026-08-06T21:11:31.809+0000] {dagbag.py:538} INFO - Filling up the DagBag from /home/airflow/.local/lib/python3.8/site-packages/airflow/example_dags/example_trigger_controller_dag.py
[2026-08-06T21:11:31.816+0000] {processor.py:840} INFO - DAG(s) 'example_trigger_controller_dag' retrieved from /home/airflow/.local/lib/python3.8/site-packages/airflow/example_dags/example_trigger_controller_dag.py
[2026-08-06T21:11:31.841+0000] {logging_mixin.py:188} INFO - [2026-08-06T21:11:31.841+0000] {dag.py:3036} INFO - Sync 1 DAGs
[2026-08-06T21:11:31.862+0000] {logging_mixin.py:188} INFO - [2026-08-06T21:11:31.862+0000] {dag.py:3823} INFO - Setting next_dagrun for example_trigger_controller_dag to 2021-01-01 00:00:00+00:00, run_after=2021-01-01 00:00:00+00:00
[2026-08-06T21:11:31.909+0000] {processor.py:183} INFO - Processing /home/airflow/.local/lib/python3.8/site-packages/airflow/example_dags/example_trigger_controller_dag.py took 0.109 seconds
[2026-08-06T21:12:02.145+0000] {processor.py:161} INFO - Started process (PID=720) to work on /home/airflow/.local/lib/python3.8/site-packages/airflow/example_dags/example_trigger_controller_dag.py
[2026-08-06T21:12:02.147+0000] {processor.py:830} INFO - Processing file /home/airflow/.local/lib/python3.8/site-packages/airflow/example_dags/example_trigger_controller_dag.py for tasks to queue
[2026-08-06T21:12:02.150+0000] {logging_mixin.py:188} INFO - [2026-08-06T21:12:02.150+0000] {dagbag.py:538} INFO - Filling up the DagBag from /home/airflow/.local/lib/python3.8/site-packages/airflow/example_dags/example_trigger_controller_dag.py
[2026-08-06T21:12:02.156+0000] {processor.py:840} INFO - DAG(s) 'example_trigger_controller_dag' retrieved from /home/airflow/.local/lib/python3.8/site-packages/airflow/example_dags/example_trigger_controller_dag.py
[2026-08-06T21:12:02.179+0000] {logging_mixin.py:188} INFO - [2026-08-06T21:12:02.179+0000] {dag.py:3036} INFO - Sync 1 DAGs
[2026-08-06T21:12:02.200+0000] {logging_mixin.py:188} INFO - [2026-08-06T21:12:02.200+0000] {dag.py:3823} INFO - Setting next_dagrun for example_trigger_controller_dag to 2021-01-01 00:00:00+00:00, run_after=2021-01-01 00:00:00+00:00
[2026-08-06T21:12:02.253+0000] {processor.py:183} INFO - Processing /home/airflow/.local/lib/python3.8/site-packages/airflow/example_dags/example_trigger_controller_dag.py took 0.112 seconds
[2026-08-06T21:12:32.509+0000] {processor.py:161} INFO - Started process (PID=775) to work on /home/airflow/.local/lib/python3.8/site-packages/airflow/example_dags/example_trigger_controller_dag.py
[2026-08-06T21:12:32.510+0000] {processor.py:830} INFO - Processing file /home/airflow/.local/lib/python3.8/site-packages/airflow/example_dags/example_trigger_controller_dag.py for tasks to queue
[2026-08-06T21:12:32.512+0000] {logging_mixin.py:188} INFO - [2026-08-06T21:12:32.512+0000] {dagbag.py:538} INFO - Filling up the DagBag from /home/airflow/.local/lib/python3.8/site-packages/airflow/example_dags/example_trigger_controller_dag.py
[2026-08-06T21:12:32.517+0000] {processor.py:840} INFO - DAG(s) 'example_trigger_controller_dag' retrieved from /home/airflow/.local/lib/python3.8/site-packages/airflow/example_dags/example_trigger_controller_dag.py
[2026-08-06T21:12:32.540+0000] {logging_mixin.py:188} INFO - [2026-08-06T21:12:32.540+0000] {dag.py:3036} INFO - Sync 1 DAGs
[2026-08-06T21:12:32.561+0000] {logging_mixin.py:188} INFO - [2026-08-06T21:12:32.561+0000] {dag.py:3823} INFO - Setting next_dagrun for example_trigger_controller_dag to 2021-01-01 00:00:00+00:00, run_after=2021-01-01 00:00:00+00:00
[2026-08-06T21:12:32.653+0000] {processor.py:183} INFO - Processing /home/airflow/.local/lib/python3.8/site-packages/airflow/example_dags/example_trigger_controller_dag.py took 0.148 seconds
[2026-08-06T21:13:02.881+0000] {processor.py:161} INFO - Started process (PID=830) to work on /home/airflow/.local/lib/python3.8/site-packages/airflow/example_dags/example_trigger_controller_dag.py
[2026-08-06T21:13:02.883+0000] {processor.py:830} INFO - Processing file /home/airflow/.local/lib/python3.8/site-packages/airflow/example_dags/example_trigger_controller_dag.py for tasks to queue
[2026-08-06T21:13:02.885+0000] {logging_mixin.py:188} INFO - [2026-08-06T21:13:02.885+0000] {dagbag.py:538} INFO - Filling up the DagBag from /home/airflow/.local/lib/python3.8/site-packages/airflow/example_dags/example_trigger_controller_dag.py
[2026-08-06T21:13:02.890+0000] {processor.py:840} INFO - DAG(s) 'example_trigger_controller_dag' retrieved from /home/airflow/.local/lib/python3.8/site-packages/airflow/example_dags/example_trigger_controller_dag.py
[2026-08-06T21:13:02.913+0000] {logging_mixin.py:188} INFO - [2026-08-06T21:13:02.913+0000] {dag.py:3036} INFO - Sync 1 DAGs
[2026-08-06T21:13:02.933+0000] {logging_mixin.py:188} INFO - [2026-08-06T21:13:02.933+0000] {dag.py:3823} INFO - Setting next_dagrun for example_trigger_controller_dag to 2021-01-01 00:00:00+00:00, run_after=2021-01-01 00:00:00+00:00
[2026-08-06T21:13:02.951+0000] {processor.py:183} INFO - Processing /home/airflow/.local/lib/python3.8/site-packages/airflow/example_dags/example_trigger_controller_dag.py took 0.074 seconds
[2026-08-06T21:13:33.456+0000] {processor.py:161} INFO - Started process (PID=885) to work on /home/airflow/.local/lib/python3.8/site-packages/airflow/example_dags/example_trigger_controller_dag.py
[2026-08-06T21:13:33.457+0000] {processor.py:830} INFO - Processing file /home/airflow/.local/lib/python3.8/site-packages/airflow/example_dags/example_trigger_controller_dag.py for tasks to queue
[2026-08-06T21:13:33.460+0000] {logging_mixin.py:188} INFO - [2026-08-06T21:13:33.459+0000] {dagbag.py:538} INFO - Filling up the DagBag from /home/airflow/.local/lib/python3.8/site-packages/airflow/example_dags/example_trigger_controller_dag.py
[2026-08-06T21:13:33.466+0000] {processor.py:840} INFO - DAG(s) 'example_trigger_controller_dag' retrieved from /home/airflow/.local/lib/python3.8/site-packages/airflow/example_dags/example_trigger_controller_dag.py
[2026-08-06T21:13:33.488+0000] {logging_mixin.py:188} INFO - [2026-08-06T21:13:33.488+0000] {dag.py:3036} INFO - Sync 1 DAGs
[2026-08-06T21:13:33.509+0000] {logging_mixin.py:188} INFO - [2026-08-06T21:13:33.508+0000] {dag.py:3823} INFO - Setting next_dagrun for example_trigger_controller_dag to 2021-01-01 00:00:00+00:00, run_after=2021-01-01 00:00:00+00:00
[2026-08-06T21:13:33.526+0000] {processor.py:183} INFO - Processing /home/airflow/.local/lib/python3.8/site-packages/airflow/example_dags/example_trigger_controller_dag.py took 0.074 seconds
[2026-08-06T21:14:03.868+0000] {processor.py:161} INFO - Started process (PID=940) to work on /home/airflow/.local/lib/python3.8/site-packages/airflow/example_dags/example_trigger_controller_dag.py
[2026-08-06T21:14:03.870+0000] {processor.py:830} INFO - Processing file /home/airflow/.local/lib/python3.8/site-packages/airflow/example_dags/example_trigger_controller_dag.py for tasks to queue
[2026-08-06T21:14:03.872+0000] {logging_mixin.py:188} INFO - [2026-08-06T21:14:03.872+0000] {dagbag.py:538} INFO - Filling up the DagBag from /home/airflow/.local/lib/python3.8/site-packages/airflow/example_dags/example_trigger_controller_dag.py
[2026-08-06T21:14:03.878+0000] {processor.py:840} INFO - DAG(s) 'example_trigger_controller_dag' retrieved from /home/airflow/.local/lib/python3.8/site-packages/airflow/example_dags/example_trigger_controller_dag.py
[2026-08-06T21:14:03.903+0000] {logging_mixin.py:188} INFO - [2026-08-06T21:14:03.903+0000] {dag.py:3036} INFO - Sync 1 DAGs
[2026-08-06T21:14:03.924+0000] {logging_mixin.py:188} INFO - [2026-08-06T21:14:03.924+0000] {dag.py:3823} INFO - Setting next_dagrun for example_trigger_controller_dag to 2021-01-01 00:00:00+00:00, run_after=2021-01-01 00:00:00+00:00
[2026-08-06T21:14:03.944+0000] {processor.py:183} INFO - Processing /home/airflow/.local/lib/python3.8/site-packages/airflow/example_dags/example_trigger_controller_dag.py took 0.080 seconds
[2026-08-06T21:14:34.149+0000] {processor.py:161} INFO - Started process (PID=995) to work on /home/airflow/.local/lib/python3.8/site-packages/airflow/example_dags/example_trigger_controller_dag.py
[2026-08-06T21:14:34.150+0000] {processor.py:830} INFO - Processing file /home/airflow/.local/lib/python3.8/site-packages/airflow/example_dags/example_trigger_controller_dag.py for tasks to queue
[2026-08-06T21:14:34.153+0000] {logging_mixin.py:188} INFO - [2026-08-06T21:14:34.152+0000] {dagbag.py:538} INFO - Filling up the DagBag from /home/airflow/.local/lib/python3.8/site-packages/airflow/example_dags/example_trigger_controller_dag.py
[2026-08-06T21:14:34.160+0000] {processor.py:840} INFO - DAG(s) 'example_trigger_controller_dag' retrieved from /home/airflow/.local/lib/python3.8/site-packages/airflow/example_dags/example_trigger_controller_dag.py
[2026-08-06T21:14:34.185+0000] {logging_mixin.py:188} INFO - [2026-08-06T21:14:34.185+0000] {dag.py:3036} INFO - Sync 1 DAGs
[2026-08-06T21:14:34.206+0000] {logging_mixin.py:188} INFO - [2026-08-06T21:14:34.206+0000] {dag.py:3823} INFO - Setting next_dagrun for example_trigger_controller_dag to 2021-01-01 00:00:00+00:00, run_after=2021-01-01 00:00:00+00:00
[2026-08-06T21:14:34.225+0000] {processor.py:183} INFO - Processing /home/airflow/.local/lib/python3.8/site-packages/airflow/example_dags/example_trigger_controller_dag.py took 0.081 seconds
[2026-08-06T21:15:04.279+0000] {processor.py:161} INFO - Started process (PID=1050) to work on /home/airflow/.local/lib/python3.8/site-packages/airflow/example_dags/example_trigger_controller_dag.py
[2026-08-06T21:15:04.280+0000] {processor.py:830} INFO - Processing file /home/airflow/.local/lib/python3.8/site-packages/airflow/example_dags/example_trigger_controller_dag.py for tasks to queue
[2026-08-06T21:15:04.282+0000] {logging_mixin.py:188} INFO - [2026-08-06T21:15:04.282+0000] {dagbag.py:538} INFO - Filling up the DagBag from /home/airflow/.local/lib/python3.8/site-packages/airflow/example_dags/example_trigger_controller_dag.py
[2026-08-06T21:15:04.288+0000] {processor.py:840} INFO - DAG(s) 'example_trigger_controller_dag' retrieved from /home/airflow/.local/lib/python3.8/site-packages/airflow/example_dags/example_trigger_controller_dag.py
[2026-08-06T21:15:04.313+0000] {logging_mixin.py:188} INFO - [2026-08-06T21:15:04.313+0000] {dag.py:3036} INFO - Sync 1 DAGs
[2026-08-06T21:15:04.342+0000] {logging_mixin.py:188} INFO - [2026-08-06T21:15:04.341+0000] {dag.py:3823} INFO - Setting next_dagrun for example_trigger_controller_dag to 2021-01-01 00:00:00+00:00, run_after=2021-01-01 00:00:00+00:00
[2026-08-06T21:15:04.366+0000] {processor.py:183} INFO - Processing /home/airflow/.local/lib/python3.8/site-packages/airflow/example_dags/example_trigger_controller_dag.py took 0.091 seconds
[2026-08-06T21:15:34.748+0000] {processor.py:161} INFO - Started process (PID=1105) to work on /home/airflow/.local/lib/python3.8/site-packages/airflow/example_dags/example_trigger_controller_dag.py
[2026-08-06T21:15:34.750+0000] {processor.py:830} INFO - Processing file /home/airflow/.local/lib/python3.8/site-packages/airflow/example_dags/example_trigger_controller_dag.py for tasks to queue
[2026-08-06T21:15:34.752+0000] {logging_mixin.py:188} INFO - [2026-08-06T21:15:34.751+0000] {dagbag.py:538} INFO - Filling up the DagBag from /home/airflow/.local/lib/python3.8/site-packages/airflow/example_dags/example_trigger_controller_dag.py
[2026-08-06T21:15:34.757+0000] {processor.py:840} INFO - DAG(s) 'example_trigger_controller_dag' retrieved from /home/airflow/.local/lib/python3.8/site-packages/airflow/example_dags/example_trigger_controller_dag.py
[2026-08-06T21:15:34.783+0000] {logging_mixin.py:188} INFO - [2026-08-06T21:15:34.782+0000] {dag.py:3036} INFO - Sync 1 DAGs
[2026-08-06T21:15:34.809+0000] {logging_mixin.py:188} INFO - [2026-08-06T21:15:34.808+0000] {dag.py:3823} INFO - Setting next_dagrun for example_trigger_controller_dag to 2021-01-01 00:00:00+00:00, run_after=2021-01-01 00:00:00+00:00
[2026-08-06T21:15:34.829+0000] {processor.py:183} INFO - Processing /home/airflow/.local/lib/python3.8/site-packages/airflow/example_dags/example_trigger_controller_dag.py took 0.085 seconds
[2026-08-06T21:16:05.248+0000] {processor.py:161} INFO - Started process (PID=1176) to work on /home/airflow/.local/lib/python3.8/site-packages/airflow/example_dags/example_trigger_controller_dag.py
[2026-08-06T21:16:05.249+0000] {processor.py:830} INFO - Processing file /home/airflow/.local/lib/python3.8/site-packages/airflow/example_dags/example_trigger_controller_dag.py for tasks to queue
[2026-08-06T21:16:05.252+0000] {logging_mixin.py:188} INFO - [2026-08-06T21:16:05.252+0000] {dagbag.py:538} INFO - Filling up the DagBag from /home/airflow/.local/lib/python3.8/site-packages/airflow/example_dags/example_trigger_controller_dag.py
[2026-08-06T21:16:05.259+0000] {processor.py:840} INFO - DAG(s) 'example_trigger_controller_dag' retrieved from /home/airflow/.local/lib/python3.8/site-packages/airflow/example_dags/example_trigger_controller_dag.py
[2026-08-06T21:16:05.284+0000] {logging_mixin.py:188} INFO - [2026-08-06T21:16:05.283+0000] {dag.py:3036} INFO - Sync 1 DAGs
[2026-08-06T21:16:05.310+0000] {logging_mixin.py:188} INFO - [2026-08-06T21:16:05.309+0000] {dag.py:3823} INFO - Setting next_dagrun for example_trigger_controller_dag to 2021-01-01 00:00:00+00:00, run_after=2021-01-01 00:00:00+00:00
[2026-08-06T21:16:05.330+0000] {processor.py:183} INFO - Processing /home/airflow/.local/lib/python3.8/site-packages/airflow/example_dags/example_trigger_controller_dag.py took 0.087 seconds
[2026-08-06T21:16:36.123+0000] {processor.py:161} INFO - Started process (PID=1235) to work on /home/airflow/.local/lib/python3.8/site-packages/airflow/example_dags/example_trigger_controller_dag.py
[2026-08-06T21:16:36.124+0000] {processor.py:830} INFO - Processing file /home/airflow/.local/lib/python3.8/site-packages/airflow/example_dags/example_trigger_controller_dag.py for tasks to queue
[2026-08-06T21:16:36.126+0000] {logging_mixin.py:188} INFO - [2026-08-06T21:16:36.126+0000] {dagbag.py:538} INFO - Filling up the DagBag from /home/airflow/.local/lib/python3.8/site-packages/airflow/example_dags/example_trigger_controller_dag.py
[2026-08-06T21:16:36.132+0000] {processor.py:840} INFO - DAG(s) 'example_trigger_controller_dag' retrieved from /home/airflow/.local/lib/python3.8/site-packages/airflow/example_dags/example_trigger_controller_dag.py
[2026-08-06T21:16:36.154+0000] {logging_mixin.py:188} INFO - [2026-08-06T21:16:36.154+0000] {dag.py:3036} INFO - Sync 1 DAGs
[2026-08-06T21:16:36.175+0000] {logging_mixin.py:188} INFO - [2026-08-06T21:16:36.175+0000] {dag.py:3823} INFO - Setting next_dagrun for example_trigger_controller_dag to 2021-01-01 00:00:00+00:00, run_after=2021-01-01 00:00:00+00:00
[2026-08-06T21:16:36.194+0000] {processor.py:183} INFO - Processing /home/airflow/.local/lib/python3.8/site-packages/airflow/example_dags/example_trigger_controller_dag.py took 0.075 seconds
[2026-08-06T21:17:06.472+0000] {processor.py:161} INFO - Started process (PID=1294) to work on /home/airflow/.local/lib/python3.8/site-packages/airflow/example_dags/example_trigger_controller_dag.py
[2026-08-06T21:17:06.474+0000] {processor.py:830} INFO - Processing file /home/airflow/.local/lib/python3.8/site-packages/airflow/example_dags/example_trigger_controller_dag.py for tasks to queue
[2026-08-06T21:17:06.477+0000] {logging_mixin.py:188} INFO - [2026-08-06T21:17:06.476+0000] {dagbag.py:538} INFO - Filling up the DagBag from /home/airflow/.local/lib/python3.8/site-packages/airflow/example_dags/example_trigger_controller_dag.py
[2026-08-06T21:17:06.483+0000] {processor.py:840} INFO - DAG(s) 'example_trigger_controller_dag' retrieved from /home/airflow/.local/lib/python3.8/site-packages/airflow/example_dags/example_trigger_controller_dag.py
[2026-08-06T21:17:06.522+0000] {logging_mixin.py:188} INFO - [2026-08-06T21:17:06.522+0000] {dag.py:3036} INFO - Sync 1 DAGs
[2026-08-06T21:17:06.557+0000] {logging_mixin.py:188} INFO - [2026-08-06T21:17:06.556+0000] {dag.py:3823} INFO - Setting next_dagrun for example_trigger_controller_dag to 2021-01-01 00:00:00+00:00, run_after=2021-01-01 00:00:00+00:00
[2026-08-06T21:17:06.597+0000] {processor.py:183} INFO - Processing /home/airflow/.local/lib/python3.8/site-packages/airflow/example_dags/example_trigger_controller_dag.py took 0.130 seconds
[2026-08-06T21:17:36.753+0000] {processor.py:161} INFO - Started process (PID=1353) to work on /home/airflow/.local/lib/python3.8/site-packages/airflow/example_dags/example_trigger_controller_dag.py
[2026-08-06T21:17:36.756+0000] {processor.py:830} INFO - Processing file /home/airflow/.local/lib/python3.8/site-packages/airflow/example_dags/example_trigger_controller_dag.py for tasks to queue
[2026-08-06T21:17:36.758+0000] {logging_mixin.py:188} INFO - [2026-08-06T21:17:36.758+0000] {dagbag.py:538} INFO - Filling up the DagBag from /home/airflow/.local/lib/python3.8/site-packages/airflow/example_dags/example_trigger_controller_dag.py
[2026-08-06T21:17:36.763+0000] {processor.py:840} INFO - DAG(s) 'example_trigger_controller_dag' retrieved from /home/airflow/.local/lib/python3.8/site-packages/airflow/example_dags/example_trigger_controller_dag.py
[2026-08-06T21:17:36.790+0000] {logging_mixin.py:188} INFO - [2026-08-06T21:17:36.790+0000] {dag.py:3036} INFO - Sync 1 DAGs
[2026-08-06T21:17:36.813+0000] {logging_mixin.py:188} INFO - [2026-08-06T21:17:36.812+0000] {dag.py:3823} INFO - Setting next_dagrun for example_trigger_controller_dag to 2021-01-01 00:00:00+00:00, run_after=2021-01-01 00:00:00+00:00
[2026-08-06T21:17:36.833+0000] {processor.py:183} INFO - Processing /home/airflow/.local/lib/python3.8/site-packages/airflow/example_dags/example_trigger_controller_dag.py took 0.084 seconds
[2026-08-06T21:18:07.200+0000] {processor.py:161} INFO - Started process (PID=1412) to work on /home/airflow/.local/lib/python3.8/site-packages/airflow/example_dags/example_trigger_controller_dag.py
[2026-08-06T21:18:07.202+0000] {processor.py:830} INFO - Processing file /home/airflow/.local/lib/python3.8/site-packages/airflow/example_dags/example_trigger_controller_dag.py for tasks to queue
[2026-08-06T21:18:07.204+0000] {logging_mixin.py:188} INFO - [2026-08-06T21:18:07.204+0000] {dagbag.py:538} INFO - Filling up the DagBag from /home/airflow/.local/lib/python3.8/site-packages/airflow/example_dags/example_trigger_controller_dag.py
[2026-08-06T21:18:07.209+0000] {processor.py:840} INFO - DAG(s) 'example_trigger_controller_dag' retrieved from /home/airflow/.local/lib/python3.8/site-packages/airflow/example_dags/example_trigger_controller_dag.py
[2026-08-06T21:18:07.236+0000] {logging_mixin.py:188} INFO - [2026-08-06T21:18:07.236+0000] {dag.py:3036} INFO - Sync 1 DAGs
[2026-08-06T21:18:07.266+0000] {logging_mixin.py:188} INFO - [2026-08-06T21:18:07.266+0000] {dag.py:3823} INFO - Setting next_dagrun for example_trigger_controller_dag to 2021-01-01 00:00:00+00:00, run_after=2021-01-01 00:00:00+00:00
[2026-08-06T21:18:07.292+0000] {processor.py:183} INFO - Processing /home/airflow/.local/lib/python3.8/site-packages/airflow/example_dags/example_trigger_controller_dag.py took 0.097 seconds
[2026-08-06T21:18:38.321+0000] {processor.py:161} INFO - Started process (PID=1471) to work on /home/airflow/.local/lib/python3.8/site-packages/airflow/example_dags/example_trigger_controller_dag.py
[2026-08-06T21:18:38.323+0000] {processor.py:830} INFO - Processing file /home/airflow/.local/lib/python3.8/site-packages/airflow/example_dags/example_trigger_controller_dag.py for tasks to queue
[2026-08-06T21:18:38.325+0000] {logging_mixin.py:188} INFO - [2026-08-06T21:18:38.325+0000] {dagbag.py:538} INFO - Filling up the DagBag from /home/airflow/.local/lib/python3.8/site-packages/airflow/example_dags/example_trigger_controller_dag.py
[2026-08-06T21:18:38.333+0000] {processor.py:840} INFO - DAG(s) 'example_trigger_controller_dag' retrieved from /home/airflow/.local/lib/python3.8/site-packages/airflow/example_dags/example_trigger_controller_dag.py
[2026-08-06T21:18:38.361+0000] {logging_mixin.py:188} INFO - [2026-08-06T21:18:38.361+0000] {dag.py:3036} INFO - Sync 1 DAGs
[2026-08-06T21:18:38.385+0000] {logging_mixin.py:188} INFO - [2026-08-06T21:18:38.385+0000] {dag.py:3823} INFO - Setting next_dagrun for example_trigger_controller_dag to 2021-01-01 00:00:00+00:00, run_after=2021-01-01 00:00:00+00:00
[2026-08-06T21:18:38.412+0000] {processor.py:183} INFO - Processing /home/airflow/.local/lib/python3.8/site-packages/airflow/example_dags/example_trigger_controller_dag.py took 0.096 seconds
[2026-08-06T21:19:08.763+0000] {processor.py:161} INFO - Started process (PID=1530) to work on /home/airflow/.local/lib/python3.8/site-packages/airflow/example_dags/example_trigger_controller_dag.py
[2026-08-06T21:19:08.765+0000] {processor.py:830} INFO - Processing file /home/airflow/.local/lib/python3.8/site-packages/airflow/example_dags/example_trigger_controller_dag.py for tasks to queue
[2026-08-06T21:19:08.769+0000] {logging_mixin.py:188} INFO - [2026-08-06T21:19:08.768+0000] {dagbag.py:538} INFO - Filling up the DagBag from /home/airflow/.local/lib/python3.8/site-packages/airflow/example_dags/example_trigger_controller_dag.py
[2026-08-06T21:19:08.777+0000] {processor.py:840} INFO - DAG(s) 'example_trigger_controller_dag' retrieved from /home/airflow/.local/lib/python3.8/site-packages/airflow/example_dags/example_trigger_controller_dag.py
[2026-08-06T21:19:08.812+0000] {logging_mixin.py:188} INFO - [2026-08-06T21:19:08.812+0000] {dag.py:3036} INFO - Sync 1 DAGs
[2026-08-06T21:19:08.842+0000] {logging_mixin.py:188} INFO - [2026-08-06T21:19:08.841+0000] {dag.py:3823} INFO - Setting next_dagrun for example_trigger_controller_dag to 2021-01-01 00:00:00+00:00, run_after=2021-01-01 00:00:00+00:00
[2026-08-06T21:19:08.868+0000] {processor.py:183} INFO - Processing /home/airflow/.local/lib/python3.8/site-packages/airflow/example_dags/example_trigger_controller_dag.py took 0.112 seconds
[2026-08-06T21:19:39.996+0000] {processor.py:161} INFO - Started process (PID=1589) to work on /home/airflow/.local/lib/python3.8/site-packages/airflow/example_dags/example_trigger_controller_dag.py
[2026-08-06T21:19:39.998+0000] {processor.py:830} INFO - Processing file /home/airflow/.local/lib/python3.8/site-packages/airflow/example_dags/example_trigger_controller_dag.py for tasks to queue
[2026-08-06T21:19:40.001+0000] {logging_mixin.py:188} INFO - [2026-08-06T21:19:40.000+0000] {dagbag.py:538} INFO - Filling up the DagBag from /home/airflow/.local/lib/python3.8/site-packages/airflow/example_dags/example_trigger_controller_dag.py
[2026-08-06T21:19:40.008+0000] {processor.py:840} INFO - DAG(s) 'example_trigger_controller_dag' retrieved from /home/airflow/.local/lib/python3.8/site-packages/airflow/example_dags/example_trigger_controller_dag.py
[2026-08-06T21:19:40.042+0000] {logging_mixin.py:188} INFO - [2026-08-06T21:19:40.041+0000] {dag.py:3036} INFO - Sync 1 DAGs
[2026-08-06T21:19:40.079+0000] {logging_mixin.py:188} INFO - [2026-08-06T21:19:40.078+0000] {dag.py:3823} INFO - Setting next_dagrun for example_trigger_controller_dag to 2021-01-01 00:00:00+00:00, run_after=2021-01-01 00:00:00+00:00
[2026-08-06T21:19:40.155+0000] {processor.py:183} INFO - Processing /home/airflow/.local/lib/python3.8/site-packages/airflow/example_dags/example_trigger_controller_dag.py took 0.165 seconds
[2026-08-06T21:20:11.063+0000] {processor.py:161} INFO - Started process (PID=1648) to work on /home/airflow/.local/lib/python3.8/site-packages/airflow/example_dags/example_trigger_controller_dag.py
[2026-08-06T21:20:11.065+0000] {processor.py:830} INFO - Processing file /home/airflow/.local/lib/python3.8/site-packages/airflow/example_dags/example_trigger_controller_dag.py for tasks to queue
[2026-08-06T21:20:11.068+0000] {logging_mixin.py:188} INFO - [2026-08-06T21:20:11.068+0000] {dagbag.py:538} INFO - Filling up the DagBag from /home/airflow/.local/lib/python3.8/site-packages/airflow/example_dags/example_trigger_controller_dag.py
[2026-08-06T21:20:11.077+0000] {processor.py:840} INFO - DAG(s) 'example_trigger_controller_dag' retrieved from /home/airflow/.local/lib/python3.8/site-packages/airflow/example_dags/example_trigger_controller_dag.py
[2026-08-06T21:20:11.110+0000] {logging_mixin.py:188} INFO - [2026-08-06T21:20:11.109+0000] {dag.py:3036} INFO - Sync 1 DAGs
[2026-08-06T21:20:11.153+0000] {logging_mixin.py:188} INFO - [2026-08-06T21:20:11.152+0000] {dag.py:3823} INFO - Setting next_dagrun for example_trigger_controller_dag to 2021-01-01 00:00:00+00:00, run_after=2021-01-01 00:00:00+00:00
[2026-08-06T21:20:11.192+0000] {processor.py:183} INFO - Processing /home/airflow/.local/lib/python3.8/site-packages/airflow/example_dags/example_trigger_controller_dag.py took 0.136 seconds
[2026-08-06T21:20:41.336+0000] {processor.py:161} INFO - Started process (PID=1707) to work on /home/airflow/.local/lib/python3.8/site-packages/airflow/example_dags/example_trigger_controller_dag.py
[2026-08-06T21:20:41.338+0000] {processor.py:830} INFO - Processing file /home/airflow/.local/lib/python3.8/site-packages/airflow/example_dags/example_trigger_controller_dag.py for tasks to queue
[2026-08-06T21:20:41.343+0000] {logging_mixin.py:188} INFO - [2026-08-06T21:20:41.342+0000] {dagbag.py:538} INFO - Filling up the DagBag from /home/airflow/.local/lib/python3.8/site-packages/airflow/example_dags/example_trigger_controller_dag.py
[2026-08-06T21:20:41.349+0000] {processor.py:840} INFO - DAG(s) 'example_trigger_controller_dag' retrieved from /home/airflow/.local/lib/python3.8/site-packages/airflow/example_dags/example_trigger_controller_dag.py
[2026-08-06T21:20:41.375+0000] {logging_mixin.py:188} INFO - [2026-08-06T21:20:41.375+0000] {dag.py:3036} INFO - Sync 1 DAGs
[2026-08-06T21:20:41.403+0000] {logging_mixin.py:188} INFO - [2026-08-06T21:20:41.403+0000] {dag.py:3823} INFO - Setting next_dagrun for example_trigger_controller_dag to 2021-01-01 00:00:00+00:00, run_after=2021-01-01 00:00:00+00:00
[2026-08-06T21:20:41.423+0000] {processor.py:183} INFO - Processing /home/airflow/.local/lib/python3.8/site-packages/airflow/example_dags/example_trigger_controller_dag.py took 0.091 seconds
[2026-08-06T21:21:11.877+0000] {processor.py:161} INFO - Started process (PID=1766) to work on /home/airflow/.local/lib/python3.8/site-packages/airflow/example_dags/example_trigger_controller_dag.py
[2026-08-06T21:21:11.878+0000] {processor.py:830} INFO - Processing file /home/airflow/.local/lib/python3.8/site-packages/airflow/example_dags/example_trigger_controller_dag.py for tasks to queue
[2026-08-06T21:21:11.880+0000] {logging_mixin.py:188} INFO - [2026-08-06T21:21:11.880+0000] {dagbag.py:538} INFO - Filling up the DagBag from /home/airflow/.local/lib/python3.8/site-packages/airflow/example_dags/example_trigger_controller_dag.py
[2026-08-06T21:21:11.885+0000] {processor.py:840} INFO - DAG(s) 'example_trigger_controller_dag' retrieved from /home/airflow/.local/lib/python3.8/site-packages/airflow/example_dags/example_trigger_controller_dag.py
[2026-08-06T21:21:11.910+0000] {logging_mixin.py:188} INFO - [2026-08-06T21:21:11.909+0000] {dag.py:3036} INFO - Sync 1 DAGs
[2026-08-06T21:21:11.930+0000] {logging_mixin.py:188} INFO - [2026-08-06T21:21:11.930+0000] {dag.py:3823} INFO - Setting next_dagrun for example_trigger_controller_dag to 2021-01-01 00:00:00+00:00, run_after=2021-01-01 00:00:00+00:00
[2026-08-06T21:21:11.950+0000] {processor.py:183} INFO - Processing /home/airflow/.local/lib/python3.8/site-packages/airflow/example_dags/example_trigger_controller_dag.py took 0.077 seconds
[2026-08-06T21:21:42.360+0000] {processor.py:161} INFO - Started process (PID=1825) to work on /home/airflow/.local/lib/python3.8/site-packages/airflow/example_dags/example_trigger_controller_dag.py
[2026-08-06T21:21:42.361+0000] {processor.py:830} INFO - Processing file /home/airflow/.local/lib/python3.8/site-packages/airflow/example_dags/example_trigger_controller_dag.py for tasks to queue
[2026-08-06T21:21:42.363+0000] {logging_mixin.py:188} INFO - [2026-08-06T21:21:42.363+0000] {dagbag.py:538} INFO - Filling up the DagBag from /home/airflow/.local/lib/python3.8/site-packages/airflow/example_dags/example_trigger_controller_dag.py
[2026-08-06T21:21:42.369+0000] {processor.py:840} INFO - DAG(s) 'example_trigger_controller_dag' retrieved from /home/airflow/.local/lib/python3.8/site-packages/airflow/example_dags/example_trigger_controller_dag.py
[2026-08-06T21:21:42.393+0000] {logging_mixin.py:188} INFO - [2026-08-06T21:21:42.393+0000] {dag.py:3036} INFO - Sync 1 DAGs
[2026-08-06T21:21:42.415+0000] {logging_mixin.py:188} INFO - [2026-08-06T21:21:42.414+0000] {dag.py:3823} INFO - Setting next_dagrun for example_trigger_controller_dag to 2021-01-01 00:00:00+00:00, run_after=2021-01-01 00:00:00+00:00
[2026-08-06T21:21:42.434+0000] {processor.py:183} INFO - Processing /home/airflow/.local/lib/python3.8/site-packages/airflow/example_dags/example_trigger_controller_dag.py took 0.078 seconds
[2026-08-06T21:22:12.781+0000] {processor.py:161} INFO - Started process (PID=1884) to work on /home/airflow/.local/lib/python3.8/site-packages/airflow/example_dags/example_trigger_controller_dag.py
[2026-08-06T21:22:12.782+0000] {processor.py:830} INFO - Processing file /home/airflow/.local/lib/python3.8/site-packages/airflow/example_dags/example_trigger_controller_dag.py for tasks to queue
[2026-08-06T21:22:12.784+0000] {logging_mixin.py:188} INFO - [2026-08-06T21:22:12.784+0000] {dagbag.py:538} INFO - Filling up the DagBag from /home/airflow/.local/lib/python3.8/site-packages/airflow/example_dags/example_trigger_controller_dag.py
[2026-08-06T21:22:12.790+0000] {processor.py:840} INFO - DAG(s) 'example_trigger_controller_dag' retrieved from /home/airflow/.local/lib/python3.8/site-packages/airflow/example_dags/example_trigger_controller_dag.py
[2026-08-06T21:22:12.813+0000] {logging_mixin.py:188} INFO - [2026-08-06T21:22:12.813+0000] {dag.py:3036} INFO - Sync 1 DAGs
[2026-08-06T21:22:12.835+0000] {logging_mixin.py:188} INFO - [2026-08-06T21:22:12.835+0000] {dag.py:3823} INFO - Setting next_dagrun for example_trigger_controller_dag to 2021-01-01 00:00:00+00:00, run_after=2021-01-01 00:00:00+00:00
[2026-08-06T21:22:12.854+0000] {processor.py:183} INFO - Processing /home/airflow/.local/lib/python3.8/site-packages/airflow/example_dags/example_trigger_controller_dag.py took 0.077 seconds
[2026-08-06T21:22:43.464+0000] {processor.py:161} INFO - Started process (PID=1943) to work on /home/airflow/.local/lib/python3.8/site-packages/airflow/example_dags/example_trigger_controller_dag.py
[2026-08-06T21:22:43.465+0000] {processor.py:830} INFO - Processing file /home/airflow/.local/lib/python3.8/site-packages/airflow/example_dags/example_trigger_controller_dag.py for tasks to queue
[2026-08-06T21:22:43.468+0000] {logging_mixin.py:188} INFO - [2026-08-06T21:22:43.468+0000] {dagbag.py:538} INFO - Filling up the DagBag from /home/airflow/.local/lib/python3.8/site-packages/airflow/example_dags/example_trigger_controller_dag.py
[2026-08-06T21:22:43.475+0000] {processor.py:840} INFO - DAG(s) 'example_trigger_controller_dag' retrieved from /home/airflow/.local/lib/python3.8/site-packages/airflow/example_dags/example_trigger_controller_dag.py
[2026-08-06T21:22:43.500+0000] {logging_mixin.py:188} INFO - [2026-08-06T21:22:43.499+0000] {dag.py:3036} INFO - Sync 1 DAGs
[2026-08-06T21:22:43.520+0000] {logging_mixin.py:188} INFO - [2026-08-06T21:22:43.520+0000] {dag.py:3823} INFO - Setting next_dagrun for example_trigger_controller_dag to 2021-01-01 00:00:00+00:00, run_after=2021-01-01 00:00:00+00:00
[2026-08-06T21:22:43.539+0000] {processor.py:183} INFO - Processing /home/airflow/.local/lib/python3.8/site-packages/airflow/example_dags/example_trigger_controller_dag.py took 0.078 seconds
[2026-08-06T21:23:14.194+0000] {processor.py:161} INFO - Started process (PID=2002) to work on /home/airflow/.local/lib/python3.8/site-packages/airflow/example_dags/example_trigger_controller_dag.py
[2026-08-06T21:23:14.195+0000] {processor.py:830} INFO - Processing file /home/airflow/.local/lib/python3.8/site-packages/airflow/example_dags/example_trigger_controller_dag.py for tasks to queue
[2026-08-06T21:23:14.197+0000] {logging_mixin.py:188} INFO - [2026-08-06T21:23:14.197+0000] {dagbag.py:538} INFO - Filling up the DagBag from /home/airflow/.local/lib/python3.8/site-packages/airflow/example_dags/example_trigger_controller_dag.py
[2026-08-06T21:23:14.203+0000] {processor.py:840} INFO - DAG(s) 'example_trigger_controller_dag' retrieved from /home/airflow/.local/lib/python3.8/site-packages/airflow/example_dags/example_trigger_controller_dag.py
[2026-08-06T21:23:14.225+0000] {logging_mixin.py:188} INFO - [2026-08-06T21:23:14.225+0000] {dag.py:3036} INFO - Sync 1 DAGs
[2026-08-06T21:23:14.245+0000] {logging_mixin.py:188} INFO - [2026-08-06T21:23:14.245+0000] {dag.py:3823} INFO - Setting next_dagrun for example_trigger_controller_dag to 2021-01-01 00:00:00+00:00, run_after=2021-01-01 00:00:00+00:00
[2026-08-06T21:23:14.264+0000] {processor.py:183} INFO - Processing /home/airflow/.local/lib/python3.8/site-packages/airflow/example_dags/example_trigger_controller_dag.py took 0.074 seconds
[2026-08-06T21:23:44.700+0000] {processor.py:161} INFO - Started process (PID=2061) to work on /home/airflow/.local/lib/python3.8/site-packages/airflow/example_dags/example_trigger_controller_dag.py
[2026-08-06T21:23:44.701+0000] {processor.py:830} INFO - Processing file /home/airflow/.local/lib/python3.8/site-packages/airflow/example_dags/example_trigger_controller_dag.py for tasks to queue
[2026-08-06T21:23:44.703+0000] {logging_mixin.py:188} INFO - [2026-08-06T21:23:44.703+0000] {dagbag.py:538} INFO - Filling up the DagBag from /home/airflow/.local/lib/python3.8/site-packages/airflow/example_dags/example_trigger_controller_dag.py
[2026-08-06T21:23:44.709+0000] {processor.py:840} INFO - DAG(s) 'example_trigger_controller_dag' retrieved from /home/airflow/.local/lib/python3.8/site-packages/airflow/example_dags/example_trigger_controller_dag.py
[2026-08-06T21:23:44.731+0000] {logging_mixin.py:188} INFO - [2026-08-06T21:23:44.730+0000] {dag.py:3036} INFO - Sync 1 DAGs
[2026-08-06T21:23:44.752+0000] {logging_mixin.py:188} INFO - [2026-08-06T21:23:44.752+0000] {dag.py:3823} INFO - Setting next_dagrun for example_trigger_controller_dag to 2021-01-01 00:00:00+00:00, run_after=2021-01-01 00:00:00+00:00
[2026-08-06T21:23:44.776+0000] {processor.py:183} INFO - Processing /home/airflow/.local/lib/python3.8/site-packages/airflow/example_dags/example_trigger_controller_dag.py took 0.079 seconds
[2026-08-06T21:24:15.426+0000] {processor.py:161} INFO - Started process (PID=2120) to work on /home/airflow/.local/lib/python3.8/site-packages/airflow/example_dags/example_trigger_controller_dag.py
[2026-08-06T21:24:15.427+0000] {processor.py:830} INFO - Processing file /home/airflow/.local/lib/python3.8/site-packages/airflow/example_dags/example_trigger_controller_dag.py for tasks to queue
[2026-08-06T21:24:15.430+0000] {logging_mixin.py:188} INFO - [2026-08-06T21:24:15.429+0000] {dagbag.py:538} INFO - Filling up the DagBag from /home/airflow/.local/lib/python3.8/site-packages/airflow/example_dags/example_trigger_controller_dag.py
[2026-08-06T21:24:15.437+0000] {processor.py:840} INFO - DAG(s) 'example_trigger_controller_dag' retrieved from /home/airflow/.local/lib/python3.8/site-packages/airflow/example_dags/example_trigger_controller_dag.py
[2026-08-06T21:24:15.468+0000] {logging_mixin.py:188} INFO - [2026-08-06T21:24:15.467+0000] {dag.py:3036} INFO - Sync 1 DAGs
[2026-08-06T21:24:15.495+0000] {logging_mixin.py:188} INFO - [2026-08-06T21:24:15.494+0000] {dag.py:3823} INFO - Setting next_dagrun for example_trigger_controller_dag to 2021-01-01 00:00:00+00:00, run_after=2021-01-01 00:00:00+00:00
[2026-08-06T21:24:15.519+0000] {processor.py:183} INFO - Processing /home/airflow/.local/lib/python3.8/site-packages/airflow/example_dags/example_trigger_controller_dag.py took 0.097 seconds
[2026-08-06T21:24:45.676+0000] {processor.py:161} INFO - Started process (PID=2179) to work on /home/airflow/.local/lib/python3.8/site-packages/airflow/example_dags/example_trigger_controller_dag.py
[2026-08-06T21:24:45.679+0000] {processor.py:830} INFO - Processing file /home/airflow/.local/lib/python3.8/site-packages/airflow/example_dags/example_trigger_controller_dag.py for tasks to queue
[2026-08-06T21:24:45.683+0000] {logging_mixin.py:188} INFO - [2026-08-06T21:24:45.683+0000] {dagbag.py:538} INFO - Filling up the DagBag from /home/airflow/.local/lib/python3.8/site-packages/airflow/example_dags/example_trigger_controller_dag.py
[2026-08-06T21:24:45.690+0000] {processor.py:840} INFO - DAG(s) 'example_trigger_controller_dag' retrieved from /home/airflow/.local/lib/python3.8/site-packages/airflow/example_dags/example_trigger_controller_dag.py
[2026-08-06T21:24:45.719+0000] {logging_mixin.py:188} INFO - [2026-08-06T21:24:45.718+0000] {dag.py:3036} INFO - Sync 1 DAGs
[2026-08-06T21:24:45.748+0000] {logging_mixin.py:188} INFO - [2026-08-06T21:24:45.746+0000] {dag.py:3823} INFO - Setting next_dagrun for example_trigger_controller_dag to 2021-01-01 00:00:00+00:00, run_after=2021-01-01 00:00:00+00:00
[2026-08-06T21:24:45.770+0000] {processor.py:183} INFO - Processing /home/airflow/.local/lib/python3.8/site-packages/airflow/example_dags/example_trigger_controller_dag.py took 0.099 seconds
[2026-08-06T21:25:16.063+0000] {processor.py:161} INFO - Started process (PID=2238) to work on /home/airflow/.local/lib/python3.8/site-packages/airflow/example_dags/example_trigger_controller_dag.py
[2026-08-06T21:25:16.064+0000] {processor.py:830} INFO - Processing file /home/airflow/.local/lib/python3.8/site-packages/airflow/example_dags/example_trigger_controller_dag.py for tasks to queue
[2026-08-06T21:25:16.067+0000] {logging_mixin.py:188} INFO - [2026-08-06T21:25:16.066+0000] {dagbag.py:538} INFO - Filling up the DagBag from /home/airflow/.local/lib/python3.8/site-packages/airflow/example_dags/example_trigger_controller_dag.py
[2026-08-06T21:25:16.074+0000] {processor.py:840} INFO - DAG(s) 'example_trigger_controller_dag' retrieved from /home/airflow/.local/lib/python3.8/site-packages/airflow/example_dags/example_trigger_controller_dag.py
[2026-08-06T21:25:16.101+0000] {logging_mixin.py:188} INFO - [2026-08-06T21:25:16.101+0000] {dag.py:3036} INFO - Sync 1 DAGs
[2026-08-06T21:25:16.140+0000] {logging_mixin.py:188} INFO - [2026-08-06T21:25:16.140+0000] {dag.py:3823} INFO - Setting next_dagrun for example_trigger_controller_dag to 2021-01-01 00:00:00+00:00, run_after=2021-01-01 00:00:00+00:00
[2026-08-06T21:25:16.174+0000] {processor.py:183} INFO - Processing /home/airflow/.local/lib/python3.8/site-packages/airflow/example_dags/example_trigger_controller_dag.py took 0.114 seconds
[2026-08-06T21:25:46.623+0000] {processor.py:161} INFO - Started process (PID=2297) to work on /home/airflow/.local/lib/python3.8/site-packages/airflow/example_dags/example_trigger_controller_dag.py
[2026-08-06T21:25:46.625+0000] {processor.py:830} INFO - Processing file /home/airflow/.local/lib/python3.8/site-packages/airflow/example_dags/example_trigger_controller_dag.py for tasks to queue
[2026-08-06T21:25:46.629+0000] {logging_mixin.py:188} INFO - [2026-08-06T21:25:46.628+0000] {dagbag.py:538} INFO - Filling up the DagBag from /home/airflow/.local/lib/python3.8/site-packages/airflow/example_dags/example_trigger_controller_dag.py
[2026-08-06T21:25:46.636+0000] {processor.py:840} INFO - DAG(s) 'example_trigger_controller_dag' retrieved from /home/airflow/.local/lib/python3.8/site-packages/airflow/example_dags/example_trigger_controller_dag.py
[2026-08-06T21:25:46.660+0000] {logging_mixin.py:188} INFO - [2026-08-06T21:25:46.659+0000] {dag.py:3036} INFO - Sync 1 DAGs
[2026-08-06T21:25:46.686+0000] {logging_mixin.py:188} INFO - [2026-08-06T21:25:46.685+0000] {dag.py:3823} INFO - Setting next_dagrun for example_trigger_controller_dag to 2021-01-01 00:00:00+00:00, run_after=2021-01-01 00:00:00+00:00
[2026-08-06T21:25:46.718+0000] {processor.py:183} INFO - Processing /home/airflow/.local/lib/python3.8/site-packages/airflow/example_dags/example_trigger_controller_dag.py took 0.098 seconds
[2026-08-06T21:26:17.382+0000] {processor.py:161} INFO - Started process (PID=2362) to work on /home/airflow/.local/lib/python3.8/site-packages/airflow/example_dags/example_trigger_controller_dag.py
[2026-08-06T21:26:17.384+0000] {processor.py:830} INFO - Processing file /home/airflow/.local/lib/python3.8/site-packages/airflow/example_dags/example_trigger_controller_dag.py for tasks to queue
[2026-08-06T21:26:17.386+0000] {logging_mixin.py:188} INFO - [2026-08-06T21:26:17.386+0000] {dagbag.py:538} INFO - Filling up the DagBag from /home/airflow/.local/lib/python3.8/site-packages/airflow/example_dags/example_trigger_controller_dag.py
[2026-08-06T21:26:17.392+0000] {processor.py:840} INFO - DAG(s) 'example_trigger_controller_dag' retrieved from /home/airflow/.local/lib/python3.8/site-packages/airflow/example_dags/example_trigger_controller_dag.py
[2026-08-06T21:26:17.417+0000] {logging_mixin.py:188} INFO - [2026-08-06T21:26:17.416+0000] {dag.py:3036} INFO - Sync 1 DAGs
[2026-08-06T21:26:17.447+0000] {logging_mixin.py:188} INFO - [2026-08-06T21:26:17.446+0000] {dag.py:3823} INFO - Setting next_dagrun for example_trigger_controller_dag to 2021-01-01 00:00:00+00:00, run_after=2021-01-01 00:00:00+00:00
[2026-08-06T21:26:17.480+0000] {processor.py:183} INFO - Processing /home/airflow/.local/lib/python3.8/site-packages/airflow/example_dags/example_trigger_controller_dag.py took 0.103 seconds
[2026-08-06T21:26:48.167+0000] {processor.py:161} INFO - Started process (PID=2427) to work on /home/airflow/.local/lib/python3.8/site-packages/airflow/example_dags/example_trigger_controller_dag.py
[2026-08-06T21:26:48.169+0000] {processor.py:830} INFO - Processing file /home/airflow/.local/lib/python3.8/site-packages/airflow/example_dags/example_trigger_controller_dag.py for tasks to queue
[2026-08-06T21:26:48.171+0000] {logging_mixin.py:188} INFO - [2026-08-06T21:26:48.171+0000] {dagbag.py:538} INFO - Filling up the DagBag from /home/airflow/.local/lib/python3.8/site-packages/airflow/example_dags/example_trigger_controller_dag.py
[2026-08-06T21:26:48.176+0000] {processor.py:840} INFO - DAG(s) 'example_trigger_controller_dag' retrieved from /home/airflow/.local/lib/python3.8/site-packages/airflow/example_dags/example_trigger_controller_dag.py
[2026-08-06T21:26:48.198+0000] {logging_mixin.py:188} INFO - [2026-08-06T21:26:48.198+0000] {dag.py:3036} INFO - Sync 1 DAGs
[2026-08-06T21:26:48.220+0000] {logging_mixin.py:188} INFO - [2026-08-06T21:26:48.220+0000] {dag.py:3823} INFO - Setting next_dagrun for example_trigger_controller_dag to 2021-01-01 00:00:00+00:00, run_after=2021-01-01 00:00:00+00:00
[2026-08-06T21:26:48.241+0000] {processor.py:183} INFO - Processing /home/airflow/.local/lib/python3.8/site-packages/airflow/example_dags/example_trigger_controller_dag.py took 0.078 seconds
[2026-08-06T21:27:18.745+0000] {processor.py:161} INFO - Started process (PID=2492) to work on /home/airflow/.local/lib/python3.8/site-packages/airflow/example_dags/example_trigger_controller_dag.py
[2026-08-06T21:27:18.746+0000] {processor.py:830} INFO - Processing file /home/airflow/.local/lib/python3.8/site-packages/airflow/example_dags/example_trigger_controller_dag.py for tasks to queue
[2026-08-06T21:27:18.748+0000] {logging_mixin.py:188} INFO - [2026-08-06T21:27:18.748+0000] {dagbag.py:538} INFO - Filling up the DagBag from /home/airflow/.local/lib/python3.8/site-packages/airflow/example_dags/example_trigger_controller_dag.py
[2026-08-06T21:27:18.755+0000] {processor.py:840} INFO - DAG(s) 'example_trigger_controller_dag' retrieved from /home/airflow/.local/lib/python3.8/site-packages/airflow/example_dags/example_trigger_controller_dag.py
[2026-08-06T21:27:18.778+0000] {logging_mixin.py:188} INFO - [2026-08-06T21:27:18.778+0000] {dag.py:3036} INFO - Sync 1 DAGs
[2026-08-06T21:27:18.800+0000] {logging_mixin.py:188} INFO - [2026-08-06T21:27:18.800+0000] {dag.py:3823} INFO - Setting next_dagrun for example_trigger_controller_dag to 2021-01-01 00:00:00+00:00, run_after=2021-01-01 00:00:00+00:00
[2026-08-06T21:27:18.823+0000] {processor.py:183} INFO - Processing /home/airflow/.local/lib/python3.8/site-packages/airflow/example_dags/example_trigger_controller_dag.py took 0.082 seconds
[2026-08-06T21:27:48.905+0000] {processor.py:161} INFO - Started process (PID=2556) to work on /home/airflow/.local/lib/python3.8/site-packages/airflow/example_dags/example_trigger_controller_dag.py
[2026-08-06T21:27:48.907+0000] {processor.py:830} INFO - Processing file /home/airflow/.local/lib/python3.8/site-packages/airflow/example_dags/example_trigger_controller_dag.py for tasks to queue
[2026-08-06T21:27:48.909+0000] {logging_mixin.py:188} INFO - [2026-08-06T21:27:48.909+0000] {dagbag.py:538} INFO - Filling up the DagBag from /home/airflow/.local/lib/python3.8/site-packages/airflow/example_dags/example_trigger_controller_dag.py
[2026-08-06T21:27:48.914+0000] {processor.py:840} INFO - DAG(s) 'example_trigger_controller_dag' retrieved from /home/airflow/.local/lib/python3.8/site-packages/airflow/example_dags/example_trigger_controller_dag.py
[2026-08-06T21:27:48.938+0000] {logging_mixin.py:188} INFO - [2026-08-06T21:27:48.938+0000] {dag.py:3036} INFO - Sync 1 DAGs
[2026-08-06T21:27:48.960+0000] {logging_mixin.py:188} INFO - [2026-08-06T21:27:48.959+0000] {dag.py:3823} INFO - Setting next_dagrun for example_trigger_controller_dag to 2021-01-01 00:00:00+00:00, run_after=2021-01-01 00:00:00+00:00
[2026-08-06T21:27:48.981+0000] {processor.py:183} INFO - Processing /home/airflow/.local/lib/python3.8/site-packages/airflow/example_dags/example_trigger_controller_dag.py took 0.079 seconds
[2026-08-06T21:28:19.216+0000] {processor.py:161} INFO - Started process (PID=2621) to work on /home/airflow/.local/lib/python3.8/site-packages/airflow/example_dags/example_trigger_controller_dag.py
[2026-08-06T21:28:19.218+0000] {processor.py:830} INFO - Processing file /home/airflow/.local/lib/python3.8/site-packages/airflow/example_dags/example_trigger_controller_dag.py for tasks to queue
[2026-08-06T21:28:19.220+0000] {logging_mixin.py:188} INFO - [2026-08-06T21:28:19.220+0000] {dagbag.py:538} INFO - Filling up the DagBag from /home/airflow/.local/lib/python3.8/site-packages/airflow/example_dags/example_trigger_controller_dag.py
[2026-08-06T21:28:19.226+0000] {processor.py:840} INFO - DAG(s) 'example_trigger_controller_dag' retrieved from /home/airflow/.local/lib/python3.8/site-packages/airflow/example_dags/example_trigger_controller_dag.py
[2026-08-06T21:28:19.251+0000] {logging_mixin.py:188} INFO - [2026-08-06T21:28:19.251+0000] {dag.py:3036} INFO - Sync 1 DAGs
[2026-08-06T21:28:19.276+0000] {logging_mixin.py:188} INFO - [2026-08-06T21:28:19.276+0000] {dag.py:3823} INFO - Setting next_dagrun for example_trigger_controller_dag to 2021-01-01 00:00:00+00:00, run_after=2021-01-01 00:00:00+00:00
[2026-08-06T21:28:19.302+0000] {processor.py:183} INFO - Processing /home/airflow/.local/lib/python3.8/site-packages/airflow/example_dags/example_trigger_controller_dag.py took 0.090 seconds
[2026-08-06T21:28:49.653+0000] {processor.py:161} INFO - Started process (PID=2686) to work on /home/airflow/.local/lib/python3.8/site-packages/airflow/example_dags/example_trigger_controller_dag.py
[2026-08-06T21:28:49.654+0000] {processor.py:830} INFO - Processing file /home/airflow/.local/lib/python3.8/site-packages/airflow/example_dags/example_trigger_controller_dag.py for tasks to queue
[2026-08-06T21:28:49.656+0000] {logging_mixin.py:188} INFO - [2026-08-06T21:28:49.656+0000] {dagbag.py:538} INFO - Filling up the DagBag from /home/airflow/.local/lib/python3.8/site-packages/airflow/example_dags/example_trigger_controller_dag.py
[2026-08-06T21:28:49.661+0000] {processor.py:840} INFO - DAG(s) 'example_trigger_controller_dag' retrieved from /home/airflow/.local/lib/python3.8/site-packages/airflow/example_dags/example_trigger_controller_dag.py
[2026-08-06T21:28:49.684+0000] {logging_mixin.py:188} INFO - [2026-08-06T21:28:49.683+0000] {dag.py:3036} INFO - Sync 1 DAGs
[2026-08-06T21:28:49.705+0000] {logging_mixin.py:188} INFO - [2026-08-06T21:28:49.705+0000] {dag.py:3823} INFO - Setting next_dagrun for example_trigger_controller_dag to 2021-01-01 00:00:00+00:00, run_after=2021-01-01 00:00:00+00:00
[2026-08-06T21:28:49.725+0000] {processor.py:183} INFO - Processing /home/airflow/.local/lib/python3.8/site-packages/airflow/example_dags/example_trigger_controller_dag.py took 0.075 seconds
[2026-08-06T21:29:20.595+0000] {processor.py:161} INFO - Started process (PID=2751) to work on /home/airflow/.local/lib/python3.8/site-packages/airflow/example_dags/example_trigger_controller_dag.py
[2026-08-06T21:29:20.596+0000] {processor.py:830} INFO - Processing file /home/airflow/.local/lib/python3.8/site-packages/airflow/example_dags/example_trigger_controller_dag.py for tasks to queue
[2026-08-06T21:29:20.598+0000] {logging_mixin.py:188} INFO - [2026-08-06T21:29:20.598+0000] {dagbag.py:538} INFO - Filling up the DagBag from /home/airflow/.local/lib/python3.8/site-packages/airflow/example_dags/example_trigger_controller_dag.py
[2026-08-06T21:29:20.604+0000] {processor.py:840} INFO - DAG(s) 'example_trigger_controller_dag' retrieved from /home/airflow/.local/lib/python3.8/site-packages/airflow/example_dags/example_trigger_controller_dag.py
[2026-08-06T21:29:20.627+0000] {logging_mixin.py:188} INFO - [2026-08-06T21:29:20.627+0000] {dag.py:3036} INFO - Sync 1 DAGs
[2026-08-06T21:29:20.650+0000] {logging_mixin.py:188} INFO - [2026-08-06T21:29:20.650+0000] {dag.py:3823} INFO - Setting next_dagrun for example_trigger_controller_dag to 2021-01-01 00:00:00+00:00, run_after=2021-01-01 00:00:00+00:00
[2026-08-06T21:29:20.669+0000] {processor.py:183} INFO - Processing /home/airflow/.local/lib/python3.8/site-packages/airflow/example_dags/example_trigger_controller_dag.py took 0.078 seconds
[2026-08-06T21:29:51.324+0000] {processor.py:161} INFO - Started process (PID=2816) to work on /home/airflow/.local/lib/python3.8/site-packages/airflow/example_dags/example_trigger_controller_dag.py
[2026-08-06T21:29:51.326+0000] {processor.py:830} INFO - Processing file /home/airflow/.local/lib/python3.8/site-packages/airflow/example_dags/example_trigger_controller_dag.py for tasks to queue
[2026-08-06T21:29:51.331+0000] {logging_mixin.py:188} INFO - [2026-08-06T21:29:51.330+0000] {dagbag.py:538} INFO - Filling up the DagBag from /home/airflow/.local/lib/python3.8/site-packages/airflow/example_dags/example_trigger_controller_dag.py
[2026-08-06T21:29:51.339+0000] {processor.py:840} INFO - DAG(s) 'example_trigger_controller_dag' retrieved from /home/airflow/.local/lib/python3.8/site-packages/airflow/example_dags/example_trigger_controller_dag.py
[2026-08-06T21:29:51.384+0000] {logging_mixin.py:188} INFO - [2026-08-06T21:29:51.383+0000] {dag.py:3036} INFO - Sync 1 DAGs
[2026-08-06T21:29:51.435+0000] {logging_mixin.py:188} INFO - [2026-08-06T21:29:51.435+0000] {dag.py:3823} INFO - Setting next_dagrun for example_trigger_controller_dag to 2021-01-01 00:00:00+00:00, run_after=2021-01-01 00:00:00+00:00
[2026-08-06T21:29:51.479+0000] {processor.py:183} INFO - Processing /home/airflow/.local/lib/python3.8/site-packages/airflow/example_dags/example_trigger_controller_dag.py took 0.164 seconds
[2026-08-06T21:30:21.845+0000] {processor.py:161} INFO - Started process (PID=2881) to work on /home/airflow/.local/lib/python3.8/site-packages/airflow/example_dags/example_trigger_controller_dag.py
[2026-08-06T21:30:21.847+0000] {processor.py:830} INFO - Processing file /home/airflow/.local/lib/python3.8/site-packages/airflow/example_dags/example_trigger_controller_dag.py for tasks to queue
[2026-08-06T21:30:21.849+0000] {logging_mixin.py:188} INFO - [2026-08-06T21:30:21.848+0000] {dagbag.py:538} INFO - Filling up the DagBag from /home/airflow/.local/lib/python3.8/site-packages/airflow/example_dags/example_trigger_controller_dag.py
[2026-08-06T21:30:21.857+0000] {processor.py:840} INFO - DAG(s) 'example_trigger_controller_dag' retrieved from /home/airflow/.local/lib/python3.8/site-packages/airflow/example_dags/example_trigger_controller_dag.py
[2026-08-06T21:30:21.884+0000] {logging_mixin.py:188} INFO - [2026-08-06T21:30:21.883+0000] {dag.py:3036} INFO - Sync 1 DAGs
[2026-08-06T21:30:21.916+0000] {logging_mixin.py:188} INFO - [2026-08-06T21:30:21.915+0000] {dag.py:3823} INFO - Setting next_dagrun for example_trigger_controller_dag to 2021-01-01 00:00:00+00:00, run_after=2021-01-01 00:00:00+00:00
[2026-08-06T21:30:21.943+0000] {processor.py:183} INFO - Processing /home/airflow/.local/lib/python3.8/site-packages/airflow/example_dags/example_trigger_controller_dag.py took 0.102 seconds
[2026-08-06T21:30:52.053+0000] {processor.py:161} INFO - Started process (PID=2958) to work on /home/airflow/.local/lib/python3.8/site-packages/airflow/example_dags/example_trigger_controller_dag.py
[2026-08-06T21:30:52.055+0000] {processor.py:830} INFO - Processing file /home/airflow/.local/lib/python3.8/site-packages/airflow/example_dags/example_trigger_controller_dag.py for tasks to queue
[2026-08-06T21:30:52.057+0000] {logging_mixin.py:188} INFO - [2026-08-06T21:30:52.057+0000] {dagbag.py:538} INFO - Filling up the DagBag from /home/airflow/.local/lib/python3.8/site-packages/airflow/example_dags/example_trigger_controller_dag.py
[2026-08-06T21:30:52.063+0000] {processor.py:840} INFO - DAG(s) 'example_trigger_controller_dag' retrieved from /home/airflow/.local/lib/python3.8/site-packages/airflow/example_dags/example_trigger_controller_dag.py
[2026-08-06T21:30:52.092+0000] {logging_mixin.py:188} INFO - [2026-08-06T21:30:52.092+0000] {dag.py:3036} INFO - Sync 1 DAGs
[2026-08-06T21:30:52.121+0000] {logging_mixin.py:188} INFO - [2026-08-06T21:30:52.121+0000] {dag.py:3823} INFO - Setting next_dagrun for example_trigger_controller_dag to 2021-01-01 00:00:00+00:00, run_after=2021-01-01 00:00:00+00:00
[2026-08-06T21:30:52.145+0000] {processor.py:183} INFO - Processing /home/airflow/.local/lib/python3.8/site-packages/airflow/example_dags/example_trigger_controller_dag.py took 0.096 seconds
[2026-08-06T21:31:23.096+0000] {processor.py:161} INFO - Started process (PID=3039) to work on /home/airflow/.local/lib/python3.8/site-packages/airflow/example_dags/example_trigger_controller_dag.py
[2026-08-06T21:31:23.098+0000] {processor.py:830} INFO - Processing file /home/airflow/.local/lib/python3.8/site-packages/airflow/example_dags/example_trigger_controller_dag.py for tasks to queue
[2026-08-06T21:31:23.102+0000] {logging_mixin.py:188} INFO - [2026-08-06T21:31:23.101+0000] {dagbag.py:538} INFO - Filling up the DagBag from /home/airflow/.local/lib/python3.8/site-packages/airflow/example_dags/example_trigger_controller_dag.py
[2026-08-06T21:31:23.117+0000] {processor.py:840} INFO - DAG(s) 'example_trigger_controller_dag' retrieved from /home/airflow/.local/lib/python3.8/site-packages/airflow/example_dags/example_trigger_controller_dag.py
[2026-08-06T21:31:23.168+0000] {logging_mixin.py:188} INFO - [2026-08-06T21:31:23.168+0000] {dag.py:3036} INFO - Sync 1 DAGs
[2026-08-06T21:31:23.232+0000] {logging_mixin.py:188} INFO - [2026-08-06T21:31:23.232+0000] {dag.py:3823} INFO - Setting next_dagrun for example_trigger_controller_dag to 2021-01-01 00:00:00+00:00, run_after=2021-01-01 00:00:00+00:00
[2026-08-06T21:31:23.278+0000] {processor.py:183} INFO - Processing /home/airflow/.local/lib/python3.8/site-packages/airflow/example_dags/example_trigger_controller_dag.py took 0.189 seconds
[2026-08-06T21:31:53.593+0000] {processor.py:161} INFO - Started process (PID=3104) to work on /home/airflow/.local/lib/python3.8/site-packages/airflow/example_dags/example_trigger_controller_dag.py
[2026-08-06T21:31:53.595+0000] {processor.py:830} INFO - Processing file /home/airflow/.local/lib/python3.8/site-packages/airflow/example_dags/example_trigger_controller_dag.py for tasks to queue
[2026-08-06T21:31:53.597+0000] {logging_mixin.py:188} INFO - [2026-08-06T21:31:53.597+0000] {dagbag.py:538} INFO - Filling up the DagBag from /home/airflow/.local/lib/python3.8/site-packages/airflow/example_dags/example_trigger_controller_dag.py
[2026-08-06T21:31:53.606+0000] {processor.py:840} INFO - DAG(s) 'example_trigger_controller_dag' retrieved from /home/airflow/.local/lib/python3.8/site-packages/airflow/example_dags/example_trigger_controller_dag.py
[2026-08-06T21:31:53.631+0000] {logging_mixin.py:188} INFO - [2026-08-06T21:31:53.631+0000] {dag.py:3036} INFO - Sync 1 DAGs
[2026-08-06T21:31:53.661+0000] {logging_mixin.py:188} INFO - [2026-08-06T21:31:53.661+0000] {dag.py:3823} INFO - Setting next_dagrun for example_trigger_controller_dag to 2021-01-01 00:00:00+00:00, run_after=2021-01-01 00:00:00+00:00
[2026-08-06T21:31:53.688+0000] {processor.py:183} INFO - Processing /home/airflow/.local/lib/python3.8/site-packages/airflow/example_dags/example_trigger_controller_dag.py took 0.100 seconds
[2026-08-06T21:32:24.233+0000] {processor.py:161} INFO - Started process (PID=3169) to work on /home/airflow/.local/lib/python3.8/site-packages/airflow/example_dags/example_trigger_controller_dag.py
[2026-08-06T21:32:24.234+0000] {processor.py:830} INFO - Processing file /home/airflow/.local/lib/python3.8/site-packages/airflow/example_dags/example_trigger_controller_dag.py for tasks to queue
[2026-08-06T21:32:24.237+0000] {logging_mixin.py:188} INFO - [2026-08-06T21:32:24.237+0000] {dagbag.py:538} INFO - Filling up the DagBag from /home/airflow/.local/lib/python3.8/site-packages/airflow/example_dags/example_trigger_controller_dag.py
[2026-08-06T21:32:24.243+0000] {processor.py:840} INFO - DAG(s) 'example_trigger_controller_dag' retrieved from /home/airflow/.local/lib/python3.8/site-packages/airflow/example_dags/example_trigger_controller_dag.py
[2026-08-06T21:32:24.267+0000] {logging_mixin.py:188} INFO - [2026-08-06T21:32:24.266+0000] {dag.py:3036} INFO - Sync 1 DAGs
[2026-08-06T21:32:24.292+0000] {logging_mixin.py:188} INFO - [2026-08-06T21:32:24.292+0000] {dag.py:3823} INFO - Setting next_dagrun for example_trigger_controller_dag to 2021-01-01 00:00:00+00:00, run_after=2021-01-01 00:00:00+00:00
[2026-08-06T21:32:24.314+0000] {processor.py:183} INFO - Processing /home/airflow/.local/lib/python3.8/site-packages/airflow/example_dags/example_trigger_controller_dag.py took 0.085 seconds
[2026-08-06T21:32:54.780+0000] {processor.py:161} INFO - Started process (PID=3234) to work on /home/airflow/.local/lib/python3.8/site-packages/airflow/example_dags/example_trigger_controller_dag.py
[2026-08-06T21:32:54.782+0000] {processor.py:830} INFO - Processing file /home/airflow/.local/lib/python3.8/site-packages/airflow/example_dags/example_trigger_controller_dag.py for tasks to queue
[2026-08-06T21:32:54.785+0000] {logging_mixin.py:188} INFO - [2026-08-06T21:32:54.784+0000] {dagbag.py:538} INFO - Filling up the DagBag from /home/airflow/.local/lib/python3.8/site-packages/airflow/example_dags/example_trigger_controller_dag.py
[2026-08-06T21:32:54.790+0000] {processor.py:840} INFO - DAG(s) 'example_trigger_controller_dag' retrieved from /home/airflow/.local/lib/python3.8/site-packages/airflow/example_dags/example_trigger_controller_dag.py
[2026-08-06T21:32:54.813+0000] {logging_mixin.py:188} INFO - [2026-08-06T21:32:54.813+0000] {dag.py:3036} INFO - Sync 1 DAGs
[2026-08-06T21:32:54.835+0000] {logging_mixin.py:188} INFO - [2026-08-06T21:32:54.835+0000] {dag.py:3823} INFO - Setting next_dagrun for example_trigger_controller_dag to 2021-01-01 00:00:00+00:00, run_after=2021-01-01 00:00:00+00:00
[2026-08-06T21:32:54.857+0000] {processor.py:183} INFO - Processing /home/airflow/.local/lib/python3.8/site-packages/airflow/example_dags/example_trigger_controller_dag.py took 0.082 seconds
[2026-08-06T21:33:25.386+0000] {processor.py:161} INFO - Started process (PID=3307) to work on /home/airflow/.local/lib/python3.8/site-packages/airflow/example_dags/example_trigger_controller_dag.py
[2026-08-06T21:33:25.387+0000] {processor.py:830} INFO - Processing file /home/airflow/.local/lib/python3.8/site-packages/airflow/example_dags/example_trigger_controller_dag.py for tasks to queue
[2026-08-06T21:33:25.390+0000] {logging_mixin.py:188} INFO - [2026-08-06T21:33:25.389+0000] {dagbag.py:538} INFO - Filling up the DagBag from /home/airflow/.local/lib/python3.8/site-packages/airflow/example_dags/example_trigger_controller_dag.py
[2026-08-06T21:33:25.399+0000] {processor.py:840} INFO - DAG(s) 'example_trigger_controller_dag' retrieved from /home/airflow/.local/lib/python3.8/site-packages/airflow/example_dags/example_trigger_controller_dag.py
[2026-08-06T21:33:25.422+0000] {logging_mixin.py:188} INFO - [2026-08-06T21:33:25.421+0000] {dag.py:3036} INFO - Sync 1 DAGs
[2026-08-06T21:33:25.444+0000] {logging_mixin.py:188} INFO - [2026-08-06T21:33:25.444+0000] {dag.py:3823} INFO - Setting next_dagrun for example_trigger_controller_dag to 2021-01-01 00:00:00+00:00, run_after=2021-01-01 00:00:00+00:00
[2026-08-06T21:33:25.466+0000] {processor.py:183} INFO - Processing /home/airflow/.local/lib/python3.8/site-packages/airflow/example_dags/example_trigger_controller_dag.py took 0.084 seconds
[2026-08-06T21:33:55.952+0000] {processor.py:161} INFO - Started process (PID=3372) to work on /home/airflow/.local/lib/python3.8/site-packages/airflow/example_dags/example_trigger_controller_dag.py
[2026-08-06T21:33:55.954+0000] {processor.py:830} INFO - Processing file /home/airflow/.local/lib/python3.8/site-packages/airflow/example_dags/example_trigger_controller_dag.py for tasks to queue
[2026-08-06T21:33:55.956+0000] {logging_mixin.py:188} INFO - [2026-08-06T21:33:55.956+0000] {dagbag.py:538} INFO - Filling up the DagBag from /home/airflow/.local/lib/python3.8/site-packages/airflow/example_dags/example_trigger_controller_dag.py
[2026-08-06T21:33:55.961+0000] {processor.py:840} INFO - DAG(s) 'example_trigger_controller_dag' retrieved from /home/airflow/.local/lib/python3.8/site-packages/airflow/example_dags/example_trigger_controller_dag.py
[2026-08-06T21:33:55.985+0000] {logging_mixin.py:188} INFO - [2026-08-06T21:33:55.985+0000] {dag.py:3036} INFO - Sync 1 DAGs
[2026-08-06T21:33:56.011+0000] {logging_mixin.py:188} INFO - [2026-08-06T21:33:56.011+0000] {dag.py:3823} INFO - Setting next_dagrun for example_trigger_controller_dag to 2021-01-01 00:00:00+00:00, run_after=2021-01-01 00:00:00+00:00
[2026-08-06T21:33:56.036+0000] {processor.py:183} INFO - Processing /home/airflow/.local/lib/python3.8/site-packages/airflow/example_dags/example_trigger_controller_dag.py took 0.087 seconds
[2026-08-06T21:34:26.883+0000] {processor.py:161} INFO - Started process (PID=3438) to work on /home/airflow/.local/lib/python3.8/site-packages/airflow/example_dags/example_trigger_controller_dag.py
[2026-08-06T21:34:26.885+0000] {processor.py:830} INFO - Processing file /home/airflow/.local/lib/python3.8/site-packages/airflow/example_dags/example_trigger_controller_dag.py for tasks to queue
[2026-08-06T21:34:26.887+0000] {logging_mixin.py:188} INFO - [2026-08-06T21:34:26.887+0000] {dagbag.py:538} INFO - Filling up the DagBag from /home/airflow/.local/lib/python3.8/site-packages/airflow/example_dags/example_trigger_controller_dag.py
[2026-08-06T21:34:26.892+0000] {processor.py:840} INFO - DAG(s) 'example_trigger_controller_dag' retrieved from /home/airflow/.local/lib/python3.8/site-packages/airflow/example_dags/example_trigger_controller_dag.py
[2026-08-06T21:34:26.915+0000] {logging_mixin.py:188} INFO - [2026-08-06T21:34:26.915+0000] {dag.py:3036} INFO - Sync 1 DAGs
[2026-08-06T21:34:26.938+0000] {logging_mixin.py:188} INFO - [2026-08-06T21:34:26.938+0000] {dag.py:3823} INFO - Setting next_dagrun for example_trigger_controller_dag to 2021-01-01 00:00:00+00:00, run_after=2021-01-01 00:00:00+00:00
[2026-08-06T21:34:26.958+0000] {processor.py:183} INFO - Processing /home/airflow/.local/lib/python3.8/site-packages/airflow/example_dags/example_trigger_controller_dag.py took 0.079 seconds
[2026-08-06T21:34:57.587+0000] {processor.py:161} INFO - Started process (PID=3503) to work on /home/airflow/.local/lib/python3.8/site-packages/airflow/example_dags/example_trigger_controller_dag.py
[2026-08-06T21:34:57.588+0000] {processor.py:830} INFO - Processing file /home/airflow/.local/lib/python3.8/site-packages/airflow/example_dags/example_trigger_controller_dag.py for tasks to queue
[2026-08-06T21:34:57.590+0000] {logging_mixin.py:188} INFO - [2026-08-06T21:34:57.590+0000] {dagbag.py:538} INFO - Filling up the DagBag from /home/airflow/.local/lib/python3.8/site-packages/airflow/example_dags/example_trigger_controller_dag.py
[2026-08-06T21:34:57.599+0000] {processor.py:840} INFO - DAG(s) 'example_trigger_controller_dag' retrieved from /home/airflow/.local/lib/python3.8/site-packages/airflow/example_dags/example_trigger_controller_dag.py
[2026-08-06T21:34:57.633+0000] {logging_mixin.py:188} INFO - [2026-08-06T21:34:57.633+0000] {dag.py:3036} INFO - Sync 1 DAGs
[2026-08-06T21:34:57.665+0000] {logging_mixin.py:188} INFO - [2026-08-06T21:34:57.664+0000] {dag.py:3823} INFO - Setting next_dagrun for example_trigger_controller_dag to 2021-01-01 00:00:00+00:00, run_after=2021-01-01 00:00:00+00:00
[2026-08-06T21:34:57.692+0000] {processor.py:183} INFO - Processing /home/airflow/.local/lib/python3.8/site-packages/airflow/example_dags/example_trigger_controller_dag.py took 0.110 seconds
[2026-08-06T21:35:27.967+0000] {processor.py:161} INFO - Started process (PID=3568) to work on /home/airflow/.local/lib/python3.8/site-packages/airflow/example_dags/example_trigger_controller_dag.py
[2026-08-06T21:35:27.968+0000] {processor.py:830} INFO - Processing file /home/airflow/.local/lib/python3.8/site-packages/airflow/example_dags/example_trigger_controller_dag.py for tasks to queue
[2026-08-06T21:35:27.971+0000] {logging_mixin.py:188} INFO - [2026-08-06T21:35:27.971+0000] {dagbag.py:538} INFO - Filling up the DagBag from /home/airflow/.local/lib/python3.8/site-packages/airflow/example_dags/example_trigger_controller_dag.py
[2026-08-06T21:35:27.976+0000] {processor.py:840} INFO - DAG(s) 'example_trigger_controller_dag' retrieved from /home/airflow/.local/lib/python3.8/site-packages/airflow/example_dags/example_trigger_controller_dag.py
[2026-08-06T21:35:28.004+0000] {logging_mixin.py:188} INFO - [2026-08-06T21:35:28.004+0000] {dag.py:3036} INFO - Sync 1 DAGs
[2026-08-06T21:35:28.027+0000] {logging_mixin.py:188} INFO - [2026-08-06T21:35:28.027+0000] {dag.py:3823} INFO - Setting next_dagrun for example_trigger_controller_dag to 2021-01-01 00:00:00+00:00, run_after=2021-01-01 00:00:00+00:00
[2026-08-06T21:35:28.049+0000] {processor.py:183} INFO - Processing /home/airflow/.local/lib/python3.8/site-packages/airflow/example_dags/example_trigger_controller_dag.py took 0.085 seconds
[2026-08-06T21:35:58.922+0000] {processor.py:161} INFO - Started process (PID=3633) to work on /home/airflow/.local/lib/python3.8/site-packages/airflow/example_dags/example_trigger_controller_dag.py
[2026-08-06T21:35:58.923+0000] {processor.py:830} INFO - Processing file /home/airflow/.local/lib/python3.8/site-packages/airflow/example_dags/example_trigger_controller_dag.py for tasks to queue
[2026-08-06T21:35:58.925+0000] {logging_mixin.py:188} INFO - [2026-08-06T21:35:58.925+0000] {dagbag.py:538} INFO - Filling up the DagBag from /home/airflow/.local/lib/python3.8/site-packages/airflow/example_dags/example_trigger_controller_dag.py
[2026-08-06T21:35:58.931+0000] {processor.py:840} INFO - DAG(s) 'example_trigger_controller_dag' retrieved from /home/airflow/.local/lib/python3.8/site-packages/airflow/example_dags/example_trigger_controller_dag.py
[2026-08-06T21:35:58.952+0000] {logging_mixin.py:188} INFO - [2026-08-06T21:35:58.952+0000] {dag.py:3036} INFO - Sync 1 DAGs
[2026-08-06T21:35:58.974+0000] {logging_mixin.py:188} INFO - [2026-08-06T21:35:58.973+0000] {dag.py:3823} INFO - Setting next_dagrun for example_trigger_controller_dag to 2021-01-01 00:00:00+00:00, run_after=2021-01-01 00:00:00+00:00
[2026-08-06T21:35:58.992+0000] {processor.py:183} INFO - Processing /home/airflow/.local/lib/python3.8/site-packages/airflow/example_dags/example_trigger_controller_dag.py took 0.074 seconds
[2026-08-06T21:36:29.875+0000] {processor.py:161} INFO - Started process (PID=3698) to work on /home/airflow/.local/lib/python3.8/site-packages/airflow/example_dags/example_trigger_controller_dag.py
[2026-08-06T21:36:29.877+0000] {processor.py:830} INFO - Processing file /home/airflow/.local/lib/python3.8/site-packages/airflow/example_dags/example_trigger_controller_dag.py for tasks to queue
[2026-08-06T21:36:29.880+0000] {logging_mixin.py:188} INFO - [2026-08-06T21:36:29.880+0000] {dagbag.py:538} INFO - Filling up the DagBag from /home/airflow/.local/lib/python3.8/site-packages/airflow/example_dags/example_trigger_controller_dag.py
[2026-08-06T21:36:29.895+0000] {processor.py:840} INFO - DAG(s) 'example_trigger_controller_dag' retrieved from /home/airflow/.local/lib/python3.8/site-packages/airflow/example_dags/example_trigger_controller_dag.py
[2026-08-06T21:36:29.923+0000] {logging_mixin.py:188} INFO - [2026-08-06T21:36:29.922+0000] {dag.py:3036} INFO - Sync 1 DAGs
[2026-08-06T21:36:29.948+0000] {logging_mixin.py:188} INFO - [2026-08-06T21:36:29.948+0000] {dag.py:3823} INFO - Setting next_dagrun for example_trigger_controller_dag to 2021-01-01 00:00:00+00:00, run_after=2021-01-01 00:00:00+00:00
[2026-08-06T21:36:29.968+0000] {processor.py:183} INFO - Processing /home/airflow/.local/lib/python3.8/site-packages/airflow/example_dags/example_trigger_controller_dag.py took 0.097 seconds
[2026-08-06T21:37:00.317+0000] {processor.py:161} INFO - Started process (PID=3763) to work on /home/airflow/.local/lib/python3.8/site-packages/airflow/example_dags/example_trigger_controller_dag.py
[2026-08-06T21:37:00.318+0000] {processor.py:830} INFO - Processing file /home/airflow/.local/lib/python3.8/site-packages/airflow/example_dags/example_trigger_controller_dag.py for tasks to queue
[2026-08-06T21:37:00.321+0000] {logging_mixin.py:188} INFO - [2026-08-06T21:37:00.321+0000] {dagbag.py:538} INFO - Filling up the DagBag from /home/airflow/.local/lib/python3.8/site-packages/airflow/example_dags/example_trigger_controller_dag.py
[2026-08-06T21:37:00.328+0000] {processor.py:840} INFO - DAG(s) 'example_trigger_controller_dag' retrieved from /home/airflow/.local/lib/python3.8/site-packages/airflow/example_dags/example_trigger_controller_dag.py
[2026-08-06T21:37:00.356+0000] {logging_mixin.py:188} INFO - [2026-08-06T21:37:00.355+0000] {dag.py:3036} INFO - Sync 1 DAGs
[2026-08-06T21:37:00.383+0000] {logging_mixin.py:188} INFO - [2026-08-06T21:37:00.383+0000] {dag.py:3823} INFO - Setting next_dagrun for example_trigger_controller_dag to 2021-01-01 00:00:00+00:00, run_after=2021-01-01 00:00:00+00:00
[2026-08-06T21:37:00.414+0000] {processor.py:183} INFO - Processing /home/airflow/.local/lib/python3.8/site-packages/airflow/example_dags/example_trigger_controller_dag.py took 0.102 seconds
[2026-08-06T21:37:30.545+0000] {processor.py:161} INFO - Started process (PID=3828) to work on /home/airflow/.local/lib/python3.8/site-packages/airflow/example_dags/example_trigger_controller_dag.py
[2026-08-06T21:37:30.549+0000] {processor.py:830} INFO - Processing file /home/airflow/.local/lib/python3.8/site-packages/airflow/example_dags/example_trigger_controller_dag.py for tasks to queue
[2026-08-06T21:37:30.559+0000] {logging_mixin.py:188} INFO - [2026-08-06T21:37:30.559+0000] {dagbag.py:538} INFO - Filling up the DagBag from /home/airflow/.local/lib/python3.8/site-packages/airflow/example_dags/example_trigger_controller_dag.py
[2026-08-06T21:37:30.577+0000] {processor.py:840} INFO - DAG(s) 'example_trigger_controller_dag' retrieved from /home/airflow/.local/lib/python3.8/site-packages/airflow/example_dags/example_trigger_controller_dag.py
[2026-08-06T21:37:30.621+0000] {logging_mixin.py:188} INFO - [2026-08-06T21:37:30.621+0000] {dag.py:3036} INFO - Sync 1 DAGs
[2026-08-06T21:37:30.683+0000] {logging_mixin.py:188} INFO - [2026-08-06T21:37:30.683+0000] {dag.py:3823} INFO - Setting next_dagrun for example_trigger_controller_dag to 2021-01-01 00:00:00+00:00, run_after=2021-01-01 00:00:00+00:00
[2026-08-06T21:37:30.731+0000] {processor.py:183} INFO - Processing /home/airflow/.local/lib/python3.8/site-packages/airflow/example_dags/example_trigger_controller_dag.py took 0.196 seconds
[2026-08-06T21:38:01.016+0000] {processor.py:161} INFO - Started process (PID=3898) to work on /home/airflow/.local/lib/python3.8/site-packages/airflow/example_dags/example_trigger_controller_dag.py
[2026-08-06T21:38:01.019+0000] {processor.py:830} INFO - Processing file /home/airflow/.local/lib/python3.8/site-packages/airflow/example_dags/example_trigger_controller_dag.py for tasks to queue
[2026-08-06T21:38:01.023+0000] {logging_mixin.py:188} INFO - [2026-08-06T21:38:01.023+0000] {dagbag.py:538} INFO - Filling up the DagBag from /home/airflow/.local/lib/python3.8/site-packages/airflow/example_dags/example_trigger_controller_dag.py
[2026-08-06T21:38:01.029+0000] {processor.py:840} INFO - DAG(s) 'example_trigger_controller_dag' retrieved from /home/airflow/.local/lib/python3.8/site-packages/airflow/example_dags/example_trigger_controller_dag.py
[2026-08-06T21:38:01.063+0000] {logging_mixin.py:188} INFO - [2026-08-06T21:38:01.063+0000] {dag.py:3036} INFO - Sync 1 DAGs
[2026-08-06T21:38:01.097+0000] {logging_mixin.py:188} INFO - [2026-08-06T21:38:01.097+0000] {dag.py:3823} INFO - Setting next_dagrun for example_trigger_controller_dag to 2021-01-01 00:00:00+00:00, run_after=2021-01-01 00:00:00+00:00
[2026-08-06T21:38:01.123+0000] {processor.py:183} INFO - Processing /home/airflow/.local/lib/python3.8/site-packages/airflow/example_dags/example_trigger_controller_dag.py took 0.112 seconds
[2026-08-06T21:38:31.465+0000] {processor.py:161} INFO - Started process (PID=3963) to work on /home/airflow/.local/lib/python3.8/site-packages/airflow/example_dags/example_trigger_controller_dag.py
[2026-08-06T21:38:31.467+0000] {processor.py:830} INFO - Processing file /home/airflow/.local/lib/python3.8/site-packages/airflow/example_dags/example_trigger_controller_dag.py for tasks to queue
[2026-08-06T21:38:31.469+0000] {logging_mixin.py:188} INFO - [2026-08-06T21:38:31.468+0000] {dagbag.py:538} INFO - Filling up the DagBag from /home/airflow/.local/lib/python3.8/site-packages/airflow/example_dags/example_trigger_controller_dag.py
[2026-08-06T21:38:31.474+0000] {processor.py:840} INFO - DAG(s) 'example_trigger_controller_dag' retrieved from /home/airflow/.local/lib/python3.8/site-packages/airflow/example_dags/example_trigger_controller_dag.py
[2026-08-06T21:38:31.495+0000] {logging_mixin.py:188} INFO - [2026-08-06T21:38:31.495+0000] {dag.py:3036} INFO - Sync 1 DAGs
[2026-08-06T21:38:31.517+0000] {logging_mixin.py:188} INFO - [2026-08-06T21:38:31.517+0000] {dag.py:3823} INFO - Setting next_dagrun for example_trigger_controller_dag to 2021-01-01 00:00:00+00:00, run_after=2021-01-01 00:00:00+00:00
[2026-08-06T21:38:31.537+0000] {processor.py:183} INFO - Processing /home/airflow/.local/lib/python3.8/site-packages/airflow/example_dags/example_trigger_controller_dag.py took 0.075 seconds
[2026-08-06T21:39:02.300+0000] {processor.py:161} INFO - Started process (PID=4028) to work on /home/airflow/.local/lib/python3.8/site-packages/airflow/example_dags/example_trigger_controller_dag.py
[2026-08-06T21:39:02.302+0000] {processor.py:830} INFO - Processing file /home/airflow/.local/lib/python3.8/site-packages/airflow/example_dags/example_trigger_controller_dag.py for tasks to queue
[2026-08-06T21:39:02.303+0000] {logging_mixin.py:188} INFO - [2026-08-06T21:39:02.303+0000] {dagbag.py:538} INFO - Filling up the DagBag from /home/airflow/.local/lib/python3.8/site-packages/airflow/example_dags/example_trigger_controller_dag.py
[2026-08-06T21:39:02.308+0000] {processor.py:840} INFO - DAG(s) 'example_trigger_controller_dag' retrieved from /home/airflow/.local/lib/python3.8/site-packages/airflow/example_dags/example_trigger_controller_dag.py
[2026-08-06T21:39:02.330+0000] {logging_mixin.py:188} INFO - [2026-08-06T21:39:02.330+0000] {dag.py:3036} INFO - Sync 1 DAGs
[2026-08-06T21:39:02.350+0000] {logging_mixin.py:188} INFO - [2026-08-06T21:39:02.350+0000] {dag.py:3823} INFO - Setting next_dagrun for example_trigger_controller_dag to 2021-01-01 00:00:00+00:00, run_after=2021-01-01 00:00:00+00:00
[2026-08-06T21:39:02.369+0000] {processor.py:183} INFO - Processing /home/airflow/.local/lib/python3.8/site-packages/airflow/example_dags/example_trigger_controller_dag.py took 0.072 seconds
[2026-08-06T21:39:32.411+0000] {processor.py:161} INFO - Started process (PID=4092) to work on /home/airflow/.local/lib/python3.8/site-packages/airflow/example_dags/example_trigger_controller_dag.py
[2026-08-06T21:39:32.412+0000] {processor.py:830} INFO - Processing file /home/airflow/.local/lib/python3.8/site-packages/airflow/example_dags/example_trigger_controller_dag.py for tasks to queue
[2026-08-06T21:39:32.415+0000] {logging_mixin.py:188} INFO - [2026-08-06T21:39:32.414+0000] {dagbag.py:538} INFO - Filling up the DagBag from /home/airflow/.local/lib/python3.8/site-packages/airflow/example_dags/example_trigger_controller_dag.py
[2026-08-06T21:39:32.420+0000] {processor.py:840} INFO - DAG(s) 'example_trigger_controller_dag' retrieved from /home/airflow/.local/lib/python3.8/site-packages/airflow/example_dags/example_trigger_controller_dag.py
[2026-08-06T21:39:32.443+0000] {logging_mixin.py:188} INFO - [2026-08-06T21:39:32.442+0000] {dag.py:3036} INFO - Sync 1 DAGs
[2026-08-06T21:39:32.463+0000] {logging_mixin.py:188} INFO - [2026-08-06T21:39:32.463+0000] {dag.py:3823} INFO - Setting next_dagrun for example_trigger_controller_dag to 2021-01-01 00:00:00+00:00, run_after=2021-01-01 00:00:00+00:00
[2026-08-06T21:39:32.483+0000] {processor.py:183} INFO - Processing /home/airflow/.local/lib/python3.8/site-packages/airflow/example_dags/example_trigger_controller_dag.py took 0.075 seconds
[2026-08-06T21:40:03.619+0000] {processor.py:161} INFO - Started process (PID=4163) to work on /home/airflow/.local/lib/python3.8/site-packages/airflow/example_dags/example_trigger_controller_dag.py
[2026-08-06T21:40:03.621+0000] {processor.py:830} INFO - Processing file /home/airflow/.local/lib/python3.8/site-packages/airflow/example_dags/example_trigger_controller_dag.py for tasks to queue
[2026-08-06T21:40:03.624+0000] {logging_mixin.py:188} INFO - [2026-08-06T21:40:03.624+0000] {dagbag.py:538} INFO - Filling up the DagBag from /home/airflow/.local/lib/python3.8/site-packages/airflow/example_dags/example_trigger_controller_dag.py
[2026-08-06T21:40:03.630+0000] {processor.py:840} INFO - DAG(s) 'example_trigger_controller_dag' retrieved from /home/airflow/.local/lib/python3.8/site-packages/airflow/example_dags/example_trigger_controller_dag.py
[2026-08-06T21:40:03.654+0000] {logging_mixin.py:188} INFO - [2026-08-06T21:40:03.653+0000] {dag.py:3036} INFO - Sync 1 DAGs
[2026-08-06T21:40:03.675+0000] {logging_mixin.py:188} INFO - [2026-08-06T21:40:03.675+0000] {dag.py:3823} INFO - Setting next_dagrun for example_trigger_controller_dag to 2021-01-01 00:00:00+00:00, run_after=2021-01-01 00:00:00+00:00
[2026-08-06T21:40:03.693+0000] {processor.py:183} INFO - Processing /home/airflow/.local/lib/python3.8/site-packages/airflow/example_dags/example_trigger_controller_dag.py took 0.078 seconds
[2026-08-06T21:40:34.350+0000] {processor.py:161} INFO - Started process (PID=4228) to work on /home/airflow/.local/lib/python3.8/site-packages/airflow/example_dags/example_trigger_controller_dag.py
[2026-08-06T21:40:34.352+0000] {processor.py:830} INFO - Processing file /home/airflow/.local/lib/python3.8/site-packages/airflow/example_dags/example_trigger_controller_dag.py for tasks to queue
[2026-08-06T21:40:34.355+0000] {logging_mixin.py:188} INFO - [2026-08-06T21:40:34.355+0000] {dagbag.py:538} INFO - Filling up the DagBag from /home/airflow/.local/lib/python3.8/site-packages/airflow/example_dags/example_trigger_controller_dag.py
[2026-08-06T21:40:34.366+0000] {processor.py:840} INFO - DAG(s) 'example_trigger_controller_dag' retrieved from /home/airflow/.local/lib/python3.8/site-packages/airflow/example_dags/example_trigger_controller_dag.py
[2026-08-06T21:40:34.399+0000] {logging_mixin.py:188} INFO - [2026-08-06T21:40:34.399+0000] {dag.py:3036} INFO - Sync 1 DAGs
[2026-08-06T21:40:34.439+0000] {logging_mixin.py:188} INFO - [2026-08-06T21:40:34.438+0000] {dag.py:3823} INFO - Setting next_dagrun for example_trigger_controller_dag to 2021-01-01 00:00:00+00:00, run_after=2021-01-01 00:00:00+00:00
[2026-08-06T21:40:34.473+0000] {processor.py:183} INFO - Processing /home/airflow/.local/lib/python3.8/site-packages/airflow/example_dags/example_trigger_controller_dag.py took 0.131 seconds
[2026-08-06T21:41:04.643+0000] {processor.py:161} INFO - Started process (PID=4299) to work on /home/airflow/.local/lib/python3.8/site-packages/airflow/example_dags/example_trigger_controller_dag.py
[2026-08-06T21:41:04.644+0000] {processor.py:830} INFO - Processing file /home/airflow/.local/lib/python3.8/site-packages/airflow/example_dags/example_trigger_controller_dag.py for tasks to queue
[2026-08-06T21:41:04.646+0000] {logging_mixin.py:188} INFO - [2026-08-06T21:41:04.646+0000] {dagbag.py:538} INFO - Filling up the DagBag from /home/airflow/.local/lib/python3.8/site-packages/airflow/example_dags/example_trigger_controller_dag.py
[2026-08-06T21:41:04.652+0000] {processor.py:840} INFO - DAG(s) 'example_trigger_controller_dag' retrieved from /home/airflow/.local/lib/python3.8/site-packages/airflow/example_dags/example_trigger_controller_dag.py
[2026-08-06T21:41:04.673+0000] {logging_mixin.py:188} INFO - [2026-08-06T21:41:04.673+0000] {dag.py:3036} INFO - Sync 1 DAGs
[2026-08-06T21:41:04.696+0000] {logging_mixin.py:188} INFO - [2026-08-06T21:41:04.696+0000] {dag.py:3823} INFO - Setting next_dagrun for example_trigger_controller_dag to 2021-01-01 00:00:00+00:00, run_after=2021-01-01 00:00:00+00:00
[2026-08-06T21:41:04.719+0000] {processor.py:183} INFO - Processing /home/airflow/.local/lib/python3.8/site-packages/airflow/example_dags/example_trigger_controller_dag.py took 0.080 seconds
[2026-08-06T21:41:35.488+0000] {processor.py:161} INFO - Started process (PID=4364) to work on /home/airflow/.local/lib/python3.8/site-packages/airflow/example_dags/example_trigger_controller_dag.py
[2026-08-06T21:41:35.489+0000] {processor.py:830} INFO - Processing file /home/airflow/.local/lib/python3.8/site-packages/airflow/example_dags/example_trigger_controller_dag.py for tasks to queue
[2026-08-06T21:41:35.492+0000] {logging_mixin.py:188} INFO - [2026-08-06T21:41:35.492+0000] {dagbag.py:538} INFO - Filling up the DagBag from /home/airflow/.local/lib/python3.8/site-packages/airflow/example_dags/example_trigger_controller_dag.py
[2026-08-06T21:41:35.498+0000] {processor.py:840} INFO - DAG(s) 'example_trigger_controller_dag' retrieved from /home/airflow/.local/lib/python3.8/site-packages/airflow/example_dags/example_trigger_controller_dag.py
[2026-08-06T21:41:35.518+0000] {logging_mixin.py:188} INFO - [2026-08-06T21:41:35.518+0000] {dag.py:3036} INFO - Sync 1 DAGs
[2026-08-06T21:41:35.539+0000] {logging_mixin.py:188} INFO - [2026-08-06T21:41:35.538+0000] {dag.py:3823} INFO - Setting next_dagrun for example_trigger_controller_dag to 2021-01-01 00:00:00+00:00, run_after=2021-01-01 00:00:00+00:00
[2026-08-06T21:41:35.559+0000] {processor.py:183} INFO - Processing /home/airflow/.local/lib/python3.8/site-packages/airflow/example_dags/example_trigger_controller_dag.py took 0.075 seconds
[2026-08-06T21:42:06.250+0000] {processor.py:161} INFO - Started process (PID=4430) to work on /home/airflow/.local/lib/python3.8/site-packages/airflow/example_dags/example_trigger_controller_dag.py
[2026-08-06T21:42:06.251+0000] {processor.py:830} INFO - Processing file /home/airflow/.local/lib/python3.8/site-packages/airflow/example_dags/example_trigger_controller_dag.py for tasks to queue
[2026-08-06T21:42:06.253+0000] {logging_mixin.py:188} INFO - [2026-08-06T21:42:06.253+0000] {dagbag.py:538} INFO - Filling up the DagBag from /home/airflow/.local/lib/python3.8/site-packages/airflow/example_dags/example_trigger_controller_dag.py
[2026-08-06T21:42:06.258+0000] {processor.py:840} INFO - DAG(s) 'example_trigger_controller_dag' retrieved from /home/airflow/.local/lib/python3.8/site-packages/airflow/example_dags/example_trigger_controller_dag.py
[2026-08-06T21:42:06.281+0000] {logging_mixin.py:188} INFO - [2026-08-06T21:42:06.281+0000] {dag.py:3036} INFO - Sync 1 DAGs
[2026-08-06T21:42:06.302+0000] {logging_mixin.py:188} INFO - [2026-08-06T21:42:06.302+0000] {dag.py:3823} INFO - Setting next_dagrun for example_trigger_controller_dag to 2021-01-01 00:00:00+00:00, run_after=2021-01-01 00:00:00+00:00
[2026-08-06T21:42:06.321+0000] {processor.py:183} INFO - Processing /home/airflow/.local/lib/python3.8/site-packages/airflow/example_dags/example_trigger_controller_dag.py took 0.075 seconds
[2026-08-06T21:42:37.765+0000] {processor.py:161} INFO - Started process (PID=4496) to work on /home/airflow/.local/lib/python3.8/site-packages/airflow/example_dags/example_trigger_controller_dag.py
[2026-08-06T21:42:37.771+0000] {processor.py:830} INFO - Processing file /home/airflow/.local/lib/python3.8/site-packages/airflow/example_dags/example_trigger_controller_dag.py for tasks to queue
[2026-08-06T21:42:37.777+0000] {logging_mixin.py:188} INFO - [2026-08-06T21:42:37.776+0000] {dagbag.py:538} INFO - Filling up the DagBag from /home/airflow/.local/lib/python3.8/site-packages/airflow/example_dags/example_trigger_controller_dag.py
[2026-08-06T21:42:37.793+0000] {processor.py:840} INFO - DAG(s) 'example_trigger_controller_dag' retrieved from /home/airflow/.local/lib/python3.8/site-packages/airflow/example_dags/example_trigger_controller_dag.py
[2026-08-06T21:42:37.845+0000] {logging_mixin.py:188} INFO - [2026-08-06T21:42:37.844+0000] {dag.py:3036} INFO - Sync 1 DAGs
[2026-08-06T21:42:37.895+0000] {logging_mixin.py:188} INFO - [2026-08-06T21:42:37.894+0000] {dag.py:3823} INFO - Setting next_dagrun for example_trigger_controller_dag to 2021-01-01 00:00:00+00:00, run_after=2021-01-01 00:00:00+00:00
[2026-08-06T21:42:37.918+0000] {processor.py:183} INFO - Processing /home/airflow/.local/lib/python3.8/site-packages/airflow/example_dags/example_trigger_controller_dag.py took 0.162 seconds
[2026-08-06T21:43:08.216+0000] {processor.py:161} INFO - Started process (PID=4561) to work on /home/airflow/.local/lib/python3.8/site-packages/airflow/example_dags/example_trigger_controller_dag.py
[2026-08-06T21:43:08.218+0000] {processor.py:830} INFO - Processing file /home/airflow/.local/lib/python3.8/site-packages/airflow/example_dags/example_trigger_controller_dag.py for tasks to queue
[2026-08-06T21:43:08.220+0000] {logging_mixin.py:188} INFO - [2026-08-06T21:43:08.220+0000] {dagbag.py:538} INFO - Filling up the DagBag from /home/airflow/.local/lib/python3.8/site-packages/airflow/example_dags/example_trigger_controller_dag.py
[2026-08-06T21:43:08.226+0000] {processor.py:840} INFO - DAG(s) 'example_trigger_controller_dag' retrieved from /home/airflow/.local/lib/python3.8/site-packages/airflow/example_dags/example_trigger_controller_dag.py
[2026-08-06T21:43:08.257+0000] {logging_mixin.py:188} INFO - [2026-08-06T21:43:08.257+0000] {dag.py:3036} INFO - Sync 1 DAGs
[2026-08-06T21:43:08.294+0000] {logging_mixin.py:188} INFO - [2026-08-06T21:43:08.294+0000] {dag.py:3823} INFO - Setting next_dagrun for example_trigger_controller_dag to 2021-01-01 00:00:00+00:00, run_after=2021-01-01 00:00:00+00:00
[2026-08-06T21:43:08.330+0000] {processor.py:183} INFO - Processing /home/airflow/.local/lib/python3.8/site-packages/airflow/example_dags/example_trigger_controller_dag.py took 0.119 seconds
[2026-08-06T21:43:38.684+0000] {processor.py:161} INFO - Started process (PID=4626) to work on /home/airflow/.local/lib/python3.8/site-packages/airflow/example_dags/example_trigger_controller_dag.py
[2026-08-06T21:43:38.686+0000] {processor.py:830} INFO - Processing file /home/airflow/.local/lib/python3.8/site-packages/airflow/example_dags/example_trigger_controller_dag.py for tasks to queue
[2026-08-06T21:43:38.689+0000] {logging_mixin.py:188} INFO - [2026-08-06T21:43:38.688+0000] {dagbag.py:538} INFO - Filling up the DagBag from /home/airflow/.local/lib/python3.8/site-packages/airflow/example_dags/example_trigger_controller_dag.py
[2026-08-06T21:43:38.693+0000] {processor.py:840} INFO - DAG(s) 'example_trigger_controller_dag' retrieved from /home/airflow/.local/lib/python3.8/site-packages/airflow/example_dags/example_trigger_controller_dag.py
[2026-08-06T21:43:38.715+0000] {logging_mixin.py:188} INFO - [2026-08-06T21:43:38.715+0000] {dag.py:3036} INFO - Sync 1 DAGs
[2026-08-06T21:43:38.736+0000] {logging_mixin.py:188} INFO - [2026-08-06T21:43:38.736+0000] {dag.py:3823} INFO - Setting next_dagrun for example_trigger_controller_dag to 2021-01-01 00:00:00+00:00, run_after=2021-01-01 00:00:00+00:00
[2026-08-06T21:43:38.756+0000] {processor.py:183} INFO - Processing /home/airflow/.local/lib/python3.8/site-packages/airflow/example_dags/example_trigger_controller_dag.py took 0.077 seconds
[2026-08-06T21:44:09.794+0000] {processor.py:161} INFO - Started process (PID=4691) to work on /home/airflow/.local/lib/python3.8/site-packages/airflow/example_dags/example_trigger_controller_dag.py
[2026-08-06T21:44:09.796+0000] {processor.py:830} INFO - Processing file /home/airflow/.local/lib/python3.8/site-packages/airflow/example_dags/example_trigger_controller_dag.py for tasks to queue
[2026-08-06T21:44:09.798+0000] {logging_mixin.py:188} INFO - [2026-08-06T21:44:09.797+0000] {dagbag.py:538} INFO - Filling up the DagBag from /home/airflow/.local/lib/python3.8/site-packages/airflow/example_dags/example_trigger_controller_dag.py
[2026-08-06T21:44:09.803+0000] {processor.py:840} INFO - DAG(s) 'example_trigger_controller_dag' retrieved from /home/airflow/.local/lib/python3.8/site-packages/airflow/example_dags/example_trigger_controller_dag.py
[2026-08-06T21:44:09.825+0000] {logging_mixin.py:188} INFO - [2026-08-06T21:44:09.824+0000] {dag.py:3036} INFO - Sync 1 DAGs
[2026-08-06T21:44:09.848+0000] {logging_mixin.py:188} INFO - [2026-08-06T21:44:09.848+0000] {dag.py:3823} INFO - Setting next_dagrun for example_trigger_controller_dag to 2021-01-01 00:00:00+00:00, run_after=2021-01-01 00:00:00+00:00
[2026-08-06T21:44:09.887+0000] {processor.py:183} INFO - Processing /home/airflow/.local/lib/python3.8/site-packages/airflow/example_dags/example_trigger_controller_dag.py took 0.097 seconds
