[2026-08-06T21:05:57.196+0000] {processor.py:161} INFO - Started process (PID=74) to work on /home/airflow/.local/lib/python3.8/site-packages/airflow/example_dags/example_short_circuit_operator.py
[2026-08-06T21:05:57.197+0000] {processor.py:830} INFO - Processing file /home/airflow/.local/lib/python3.8/site-packages/airflow/example_dags/example_short_circuit_operator.py for tasks to queue
[2026-08-06T21:05:57.201+0000] {logging_mixin.py:188} INFO - [2026-08-06T21:05:57.200+0000] {dagbag.py:538} INFO - Filling up the DagBag from /home/airflow/.local/lib/python3.8/site-packages/airflow/example_dags/example_short_circuit_operator.py
[2026-08-06T21:05:57.214+0000] {processor.py:840} INFO - DAG(s) 'example_short_circuit_operator' retrieved from /home/airflow/.local/lib/python3.8/site-packages/airflow/example_dags/example_short_circuit_operator.py
[2026-08-06T21:05:57.379+0000] {logging_mixin.py:188} INFO - [2026-08-06T21:05:57.378+0000] {dag.py:3036} INFO - Sync 1 DAGs
[2026-08-06T21:05:57.412+0000] {logging_mixin.py:188} INFO - [2026-08-06T21:05:57.411+0000] {dag.py:3823} INFO - Setting next_dagrun for example_short_circuit_operator to 2026-08-05 00:00:00+00:00, run_after=2026-08-06 00:00:00+00:00
[2026-08-06T21:05:57.446+0000] {processor.py:183} INFO - Processing /home/airflow/.local/lib/python3.8/site-packages/airflow/example_dags/example_short_circuit_operator.py took 0.254 seconds
[2026-08-06T21:06:28.326+0000] {processor.py:161} INFO - Started process (PID=129) to work on /home/airflow/.local/lib/python3.8/site-packages/airflow/example_dags/example_short_circuit_operator.py
[2026-08-06T21:06:28.328+0000] {processor.py:830} INFO - Processing file /home/airflow/.local/lib/python3.8/site-packages/airflow/example_dags/example_short_circuit_operator.py for tasks to queue
[2026-08-06T21:06:28.330+0000] {logging_mixin.py:188} INFO - [2026-08-06T21:06:28.330+0000] {dagbag.py:538} INFO - Filling up the DagBag from /home/airflow/.local/lib/python3.8/site-packages/airflow/example_dags/example_short_circuit_operator.py
[2026-08-06T21:06:28.341+0000] {processor.py:840} INFO - DAG(s) 'example_short_circuit_operator' retrieved from /home/airflow/.local/lib/python3.8/site-packages/airflow/example_dags/example_short_circuit_operator.py
[2026-08-06T21:06:28.356+0000] {logging_mixin.py:188} INFO - [2026-08-06T21:06:28.356+0000] {dag.py:3036} INFO - Sync 1 DAGs
[2026-08-06T21:06:28.390+0000] {logging_mixin.py:188} INFO - [2026-08-06T21:06:28.390+0000] {dag.py:3823} INFO - Setting next_dagrun for example_short_circuit_operator to 2026-08-05 00:00:00+00:00, run_after=2026-08-06 00:00:00+00:00
[2026-08-06T21:06:28.412+0000] {processor.py:183} INFO - Processing /home/airflow/.local/lib/python3.8/site-packages/airflow/example_dags/example_short_circuit_operator.py took 0.090 seconds
[2026-08-06T21:06:59.759+0000] {processor.py:161} INFO - Started process (PID=190) to work on /home/airflow/.local/lib/python3.8/site-packages/airflow/example_dags/example_short_circuit_operator.py
[2026-08-06T21:06:59.760+0000] {processor.py:830} INFO - Processing file /home/airflow/.local/lib/python3.8/site-packages/airflow/example_dags/example_short_circuit_operator.py for tasks to queue
[2026-08-06T21:06:59.764+0000] {logging_mixin.py:188} INFO - [2026-08-06T21:06:59.763+0000] {dagbag.py:538} INFO - Filling up the DagBag from /home/airflow/.local/lib/python3.8/site-packages/airflow/example_dags/example_short_circuit_operator.py
[2026-08-06T21:06:59.773+0000] {processor.py:840} INFO - DAG(s) 'example_short_circuit_operator' retrieved from /home/airflow/.local/lib/python3.8/site-packages/airflow/example_dags/example_short_circuit_operator.py
[2026-08-06T21:06:59.894+0000] {logging_mixin.py:188} INFO - [2026-08-06T21:06:59.894+0000] {dag.py:3036} INFO - Sync 1 DAGs
[2026-08-06T21:06:59.919+0000] {logging_mixin.py:188} INFO - [2026-08-06T21:06:59.919+0000] {dag.py:3823} INFO - Setting next_dagrun for example_short_circuit_operator to 2026-08-05 00:00:00+00:00, run_after=2026-08-06 00:00:00+00:00
[2026-08-06T21:06:59.941+0000] {processor.py:183} INFO - Processing /home/airflow/.local/lib/python3.8/site-packages/airflow/example_dags/example_short_circuit_operator.py took 0.185 seconds
[2026-08-06T21:07:30.006+0000] {processor.py:161} INFO - Started process (PID=245) to work on /home/airflow/.local/lib/python3.8/site-packages/airflow/example_dags/example_short_circuit_operator.py
[2026-08-06T21:07:30.008+0000] {processor.py:830} INFO - Processing file /home/airflow/.local/lib/python3.8/site-packages/airflow/example_dags/example_short_circuit_operator.py for tasks to queue
[2026-08-06T21:07:30.010+0000] {logging_mixin.py:188} INFO - [2026-08-06T21:07:30.010+0000] {dagbag.py:538} INFO - Filling up the DagBag from /home/airflow/.local/lib/python3.8/site-packages/airflow/example_dags/example_short_circuit_operator.py
[2026-08-06T21:07:30.017+0000] {processor.py:840} INFO - DAG(s) 'example_short_circuit_operator' retrieved from /home/airflow/.local/lib/python3.8/site-packages/airflow/example_dags/example_short_circuit_operator.py
[2026-08-06T21:07:30.045+0000] {logging_mixin.py:188} INFO - [2026-08-06T21:07:30.045+0000] {dag.py:3036} INFO - Sync 1 DAGs
[2026-08-06T21:07:30.070+0000] {logging_mixin.py:188} INFO - [2026-08-06T21:07:30.069+0000] {dag.py:3823} INFO - Setting next_dagrun for example_short_circuit_operator to 2026-08-05 00:00:00+00:00, run_after=2026-08-06 00:00:00+00:00
[2026-08-06T21:07:30.131+0000] {processor.py:183} INFO - Processing /home/airflow/.local/lib/python3.8/site-packages/airflow/example_dags/example_short_circuit_operator.py took 0.131 seconds
[2026-08-06T21:08:01.020+0000] {processor.py:161} INFO - Started process (PID=300) to work on /home/airflow/.local/lib/python3.8/site-packages/airflow/example_dags/example_short_circuit_operator.py
[2026-08-06T21:08:01.021+0000] {processor.py:830} INFO - Processing file /home/airflow/.local/lib/python3.8/site-packages/airflow/example_dags/example_short_circuit_operator.py for tasks to queue
[2026-08-06T21:08:01.023+0000] {logging_mixin.py:188} INFO - [2026-08-06T21:08:01.022+0000] {dagbag.py:538} INFO - Filling up the DagBag from /home/airflow/.local/lib/python3.8/site-packages/airflow/example_dags/example_short_circuit_operator.py
[2026-08-06T21:08:01.033+0000] {processor.py:840} INFO - DAG(s) 'example_short_circuit_operator' retrieved from /home/airflow/.local/lib/python3.8/site-packages/airflow/example_dags/example_short_circuit_operator.py
[2026-08-06T21:08:01.066+0000] {logging_mixin.py:188} INFO - [2026-08-06T21:08:01.065+0000] {dag.py:3036} INFO - Sync 1 DAGs
[2026-08-06T21:08:01.097+0000] {logging_mixin.py:188} INFO - [2026-08-06T21:08:01.097+0000] {dag.py:3823} INFO - Setting next_dagrun for example_short_circuit_operator to 2026-08-05 00:00:00+00:00, run_after=2026-08-06 00:00:00+00:00
[2026-08-06T21:08:01.124+0000] {processor.py:183} INFO - Processing /home/airflow/.local/lib/python3.8/site-packages/airflow/example_dags/example_short_circuit_operator.py took 0.108 seconds
[2026-08-06T21:08:31.878+0000] {processor.py:161} INFO - Started process (PID=355) to work on /home/airflow/.local/lib/python3.8/site-packages/airflow/example_dags/example_short_circuit_operator.py
[2026-08-06T21:08:31.935+0000] {processor.py:830} INFO - Processing file /home/airflow/.local/lib/python3.8/site-packages/airflow/example_dags/example_short_circuit_operator.py for tasks to queue
[2026-08-06T21:08:31.939+0000] {logging_mixin.py:188} INFO - [2026-08-06T21:08:31.938+0000] {dagbag.py:538} INFO - Filling up the DagBag from /home/airflow/.local/lib/python3.8/site-packages/airflow/example_dags/example_short_circuit_operator.py
[2026-08-06T21:08:31.946+0000] {processor.py:840} INFO - DAG(s) 'example_short_circuit_operator' retrieved from /home/airflow/.local/lib/python3.8/site-packages/airflow/example_dags/example_short_circuit_operator.py
[2026-08-06T21:08:31.972+0000] {logging_mixin.py:188} INFO - [2026-08-06T21:08:31.972+0000] {dag.py:3036} INFO - Sync 1 DAGs
[2026-08-06T21:08:31.994+0000] {logging_mixin.py:188} INFO - [2026-08-06T21:08:31.994+0000] {dag.py:3823} INFO - Setting next_dagrun for example_short_circuit_operator to 2026-08-05 00:00:00+00:00, run_after=2026-08-06 00:00:00+00:00
[2026-08-06T21:08:32.211+0000] {processor.py:183} INFO - Processing /home/airflow/.local/lib/python3.8/site-packages/airflow/example_dags/example_short_circuit_operator.py took 0.336 seconds
[2026-08-06T21:09:02.451+0000] {processor.py:161} INFO - Started process (PID=410) to work on /home/airflow/.local/lib/python3.8/site-packages/airflow/example_dags/example_short_circuit_operator.py
[2026-08-06T21:09:02.453+0000] {processor.py:830} INFO - Processing file /home/airflow/.local/lib/python3.8/site-packages/airflow/example_dags/example_short_circuit_operator.py for tasks to queue
[2026-08-06T21:09:02.457+0000] {logging_mixin.py:188} INFO - [2026-08-06T21:09:02.456+0000] {dagbag.py:538} INFO - Filling up the DagBag from /home/airflow/.local/lib/python3.8/site-packages/airflow/example_dags/example_short_circuit_operator.py
[2026-08-06T21:09:02.465+0000] {processor.py:840} INFO - DAG(s) 'example_short_circuit_operator' retrieved from /home/airflow/.local/lib/python3.8/site-packages/airflow/example_dags/example_short_circuit_operator.py
[2026-08-06T21:09:02.492+0000] {logging_mixin.py:188} INFO - [2026-08-06T21:09:02.492+0000] {dag.py:3036} INFO - Sync 1 DAGs
[2026-08-06T21:09:02.514+0000] {logging_mixin.py:188} INFO - [2026-08-06T21:09:02.514+0000] {dag.py:3823} INFO - Setting next_dagrun for example_short_circuit_operator to 2026-08-05 00:00:00+00:00, run_after=2026-08-06 00:00:00+00:00
[2026-08-06T21:09:02.568+0000] {processor.py:183} INFO - Processing /home/airflow/.local/lib/python3.8/site-packages/airflow/example_dags/example_short_circuit_operator.py took 0.120 seconds
[2026-08-06T21:09:33.672+0000] {processor.py:161} INFO - Started process (PID=465) to work on /home/airflow/.local/lib/python3.8/site-packages/airflow/example_dags/example_short_circuit_operator.py
[2026-08-06T21:09:33.674+0000] {processor.py:830} INFO - Processing file /home/airflow/.local/lib/python3.8/site-packages/airflow/example_dags/example_short_circuit_operator.py for tasks to queue
[2026-08-06T21:09:33.679+0000] {logging_mixin.py:188} INFO - [2026-08-06T21:09:33.678+0000] {dagbag.py:538} INFO - Filling up the DagBag from /home/airflow/.local/lib/python3.8/site-packages/airflow/example_dags/example_short_circuit_operator.py
[2026-08-06T21:09:33.692+0000] {processor.py:840} INFO - DAG(s) 'example_short_circuit_operator' retrieved from /home/airflow/.local/lib/python3.8/site-packages/airflow/example_dags/example_short_circuit_operator.py
[2026-08-06T21:09:33.730+0000] {logging_mixin.py:188} INFO - [2026-08-06T21:09:33.729+0000] {dag.py:3036} INFO - Sync 1 DAGs
[2026-08-06T21:09:33.761+0000] {logging_mixin.py:188} INFO - [2026-08-06T21:09:33.760+0000] {dag.py:3823} INFO - Setting next_dagrun for example_short_circuit_operator to 2026-08-05 00:00:00+00:00, run_after=2026-08-06 00:00:00+00:00
[2026-08-06T21:09:33.826+0000] {processor.py:183} INFO - Processing /home/airflow/.local/lib/python3.8/site-packages/airflow/example_dags/example_short_circuit_operator.py took 0.158 seconds
[2026-08-06T21:10:04.164+0000] {processor.py:161} INFO - Started process (PID=520) to work on /home/airflow/.local/lib/python3.8/site-packages/airflow/example_dags/example_short_circuit_operator.py
[2026-08-06T21:10:04.166+0000] {processor.py:830} INFO - Processing file /home/airflow/.local/lib/python3.8/site-packages/airflow/example_dags/example_short_circuit_operator.py for tasks to queue
[2026-08-06T21:10:04.170+0000] {logging_mixin.py:188} INFO - [2026-08-06T21:10:04.170+0000] {dagbag.py:538} INFO - Filling up the DagBag from /home/airflow/.local/lib/python3.8/site-packages/airflow/example_dags/example_short_circuit_operator.py
[2026-08-06T21:10:04.178+0000] {processor.py:840} INFO - DAG(s) 'example_short_circuit_operator' retrieved from /home/airflow/.local/lib/python3.8/site-packages/airflow/example_dags/example_short_circuit_operator.py
[2026-08-06T21:10:04.205+0000] {logging_mixin.py:188} INFO - [2026-08-06T21:10:04.205+0000] {dag.py:3036} INFO - Sync 1 DAGs
[2026-08-06T21:10:04.227+0000] {logging_mixin.py:188} INFO - [2026-08-06T21:10:04.227+0000] {dag.py:3823} INFO - Setting next_dagrun for example_short_circuit_operator to 2026-08-05 00:00:00+00:00, run_after=2026-08-06 00:00:00+00:00
[2026-08-06T21:10:04.286+0000] {processor.py:183} INFO - Processing /home/airflow/.local/lib/python3.8/site-packages/airflow/example_dags/example_short_circuit_operator.py took 0.127 seconds
[2026-08-06T21:10:34.626+0000] {processor.py:161} INFO - Started process (PID=575) to work on /home/airflow/.local/lib/python3.8/site-packages/airflow/example_dags/example_short_circuit_operator.py
[2026-08-06T21:10:34.627+0000] {processor.py:830} INFO - Processing file /home/airflow/.local/lib/python3.8/site-packages/airflow/example_dags/example_short_circuit_operator.py for tasks to queue
[2026-08-06T21:10:34.630+0000] {logging_mixin.py:188} INFO - [2026-08-06T21:10:34.629+0000] {dagbag.py:538} INFO - Filling up the DagBag from /home/airflow/.local/lib/python3.8/site-packages/airflow/example_dags/example_short_circuit_operator.py
[2026-08-06T21:10:34.638+0000] {processor.py:840} INFO - DAG(s) 'example_short_circuit_operator' retrieved from /home/airflow/.local/lib/python3.8/site-packages/airflow/example_dags/example_short_circuit_operator.py
[2026-08-06T21:10:34.667+0000] {logging_mixin.py:188} INFO - [2026-08-06T21:10:34.666+0000] {dag.py:3036} INFO - Sync 1 DAGs
[2026-08-06T21:10:34.693+0000] {logging_mixin.py:188} INFO - [2026-08-06T21:10:34.693+0000] {dag.py:3823} INFO - Setting next_dagrun for example_short_circuit_operator to 2026-08-05 00:00:00+00:00, run_after=2026-08-06 00:00:00+00:00
[2026-08-06T21:10:34.761+0000] {processor.py:183} INFO - Processing /home/airflow/.local/lib/python3.8/site-packages/airflow/example_dags/example_short_circuit_operator.py took 0.142 seconds
[2026-08-06T21:11:05.222+0000] {processor.py:161} INFO - Started process (PID=630) to work on /home/airflow/.local/lib/python3.8/site-packages/airflow/example_dags/example_short_circuit_operator.py
[2026-08-06T21:11:05.224+0000] {processor.py:830} INFO - Processing file /home/airflow/.local/lib/python3.8/site-packages/airflow/example_dags/example_short_circuit_operator.py for tasks to queue
[2026-08-06T21:11:05.226+0000] {logging_mixin.py:188} INFO - [2026-08-06T21:11:05.226+0000] {dagbag.py:538} INFO - Filling up the DagBag from /home/airflow/.local/lib/python3.8/site-packages/airflow/example_dags/example_short_circuit_operator.py
[2026-08-06T21:11:05.234+0000] {processor.py:840} INFO - DAG(s) 'example_short_circuit_operator' retrieved from /home/airflow/.local/lib/python3.8/site-packages/airflow/example_dags/example_short_circuit_operator.py
[2026-08-06T21:11:05.258+0000] {logging_mixin.py:188} INFO - [2026-08-06T21:11:05.257+0000] {dag.py:3036} INFO - Sync 1 DAGs
[2026-08-06T21:11:05.279+0000] {logging_mixin.py:188} INFO - [2026-08-06T21:11:05.278+0000] {dag.py:3823} INFO - Setting next_dagrun for example_short_circuit_operator to 2026-08-05 00:00:00+00:00, run_after=2026-08-06 00:00:00+00:00
[2026-08-06T21:11:05.331+0000] {processor.py:183} INFO - Processing /home/airflow/.local/lib/python3.8/site-packages/airflow/example_dags/example_short_circuit_operator.py took 0.113 seconds
[2026-08-06T21:11:35.774+0000] {processor.py:161} INFO - Started process (PID=685) to work on /home/airflow/.local/lib/python3.8/site-packages/airflow/example_dags/example_short_circuit_operator.py
[2026-08-06T21:11:35.776+0000] {processor.py:830} INFO - Processing file /home/airflow/.local/lib/python3.8/site-packages/airflow/example_dags/example_short_circuit_operator.py for tasks to queue
[2026-08-06T21:11:35.778+0000] {logging_mixin.py:188} INFO - [2026-08-06T21:11:35.778+0000] {dagbag.py:538} INFO - Filling up the DagBag from /home/airflow/.local/lib/python3.8/site-packages/airflow/example_dags/example_short_circuit_operator.py
[2026-08-06T21:11:35.786+0000] {processor.py:840} INFO - DAG(s) 'example_short_circuit_operator' retrieved from /home/airflow/.local/lib/python3.8/site-packages/airflow/example_dags/example_short_circuit_operator.py
[2026-08-06T21:11:35.811+0000] {logging_mixin.py:188} INFO - [2026-08-06T21:11:35.811+0000] {dag.py:3036} INFO - Sync 1 DAGs
[2026-08-06T21:11:35.835+0000] {logging_mixin.py:188} INFO - [2026-08-06T21:11:35.835+0000] {dag.py:3823} INFO - Setting next_dagrun for example_short_circuit_operator to 2026-08-05 00:00:00+00:00, run_after=2026-08-06 00:00:00+00:00
[2026-08-06T21:11:35.854+0000] {processor.py:183} INFO - Processing /home/airflow/.local/lib/python3.8/site-packages/airflow/example_dags/example_short_circuit_operator.py took 0.084 seconds
[2026-08-06T21:12:06.439+0000] {processor.py:161} INFO - Started process (PID=740) to work on /home/airflow/.local/lib/python3.8/site-packages/airflow/example_dags/example_short_circuit_operator.py
[2026-08-06T21:12:06.440+0000] {processor.py:830} INFO - Processing file /home/airflow/.local/lib/python3.8/site-packages/airflow/example_dags/example_short_circuit_operator.py for tasks to queue
[2026-08-06T21:12:06.442+0000] {logging_mixin.py:188} INFO - [2026-08-06T21:12:06.442+0000] {dagbag.py:538} INFO - Filling up the DagBag from /home/airflow/.local/lib/python3.8/site-packages/airflow/example_dags/example_short_circuit_operator.py
[2026-08-06T21:12:06.450+0000] {processor.py:840} INFO - DAG(s) 'example_short_circuit_operator' retrieved from /home/airflow/.local/lib/python3.8/site-packages/airflow/example_dags/example_short_circuit_operator.py
[2026-08-06T21:12:06.474+0000] {logging_mixin.py:188} INFO - [2026-08-06T21:12:06.474+0000] {dag.py:3036} INFO - Sync 1 DAGs
[2026-08-06T21:12:06.496+0000] {logging_mixin.py:188} INFO - [2026-08-06T21:12:06.496+0000] {dag.py:3823} INFO - Setting next_dagrun for example_short_circuit_operator to 2026-08-05 00:00:00+00:00, run_after=2026-08-06 00:00:00+00:00
[2026-08-06T21:12:06.516+0000] {processor.py:183} INFO - Processing /home/airflow/.local/lib/python3.8/site-packages/airflow/example_dags/example_short_circuit_operator.py took 0.081 seconds
[2026-08-06T21:12:37.177+0000] {processor.py:161} INFO - Started process (PID=795) to work on /home/airflow/.local/lib/python3.8/site-packages/airflow/example_dags/example_short_circuit_operator.py
[2026-08-06T21:12:37.178+0000] {processor.py:830} INFO - Processing file /home/airflow/.local/lib/python3.8/site-packages/airflow/example_dags/example_short_circuit_operator.py for tasks to queue
[2026-08-06T21:12:37.181+0000] {logging_mixin.py:188} INFO - [2026-08-06T21:12:37.180+0000] {dagbag.py:538} INFO - Filling up the DagBag from /home/airflow/.local/lib/python3.8/site-packages/airflow/example_dags/example_short_circuit_operator.py
[2026-08-06T21:12:37.188+0000] {processor.py:840} INFO - DAG(s) 'example_short_circuit_operator' retrieved from /home/airflow/.local/lib/python3.8/site-packages/airflow/example_dags/example_short_circuit_operator.py
[2026-08-06T21:12:37.212+0000] {logging_mixin.py:188} INFO - [2026-08-06T21:12:37.212+0000] {dag.py:3036} INFO - Sync 1 DAGs
[2026-08-06T21:12:37.233+0000] {logging_mixin.py:188} INFO - [2026-08-06T21:12:37.232+0000] {dag.py:3823} INFO - Setting next_dagrun for example_short_circuit_operator to 2026-08-05 00:00:00+00:00, run_after=2026-08-06 00:00:00+00:00
[2026-08-06T21:12:37.302+0000] {processor.py:183} INFO - Processing /home/airflow/.local/lib/python3.8/site-packages/airflow/example_dags/example_short_circuit_operator.py took 0.128 seconds
[2026-08-06T21:13:07.458+0000] {processor.py:161} INFO - Started process (PID=850) to work on /home/airflow/.local/lib/python3.8/site-packages/airflow/example_dags/example_short_circuit_operator.py
[2026-08-06T21:13:07.460+0000] {processor.py:830} INFO - Processing file /home/airflow/.local/lib/python3.8/site-packages/airflow/example_dags/example_short_circuit_operator.py for tasks to queue
[2026-08-06T21:13:07.462+0000] {logging_mixin.py:188} INFO - [2026-08-06T21:13:07.462+0000] {dagbag.py:538} INFO - Filling up the DagBag from /home/airflow/.local/lib/python3.8/site-packages/airflow/example_dags/example_short_circuit_operator.py
[2026-08-06T21:13:07.470+0000] {processor.py:840} INFO - DAG(s) 'example_short_circuit_operator' retrieved from /home/airflow/.local/lib/python3.8/site-packages/airflow/example_dags/example_short_circuit_operator.py
[2026-08-06T21:13:07.502+0000] {logging_mixin.py:188} INFO - [2026-08-06T21:13:07.501+0000] {dag.py:3036} INFO - Sync 1 DAGs
[2026-08-06T21:13:07.527+0000] {logging_mixin.py:188} INFO - [2026-08-06T21:13:07.527+0000] {dag.py:3823} INFO - Setting next_dagrun for example_short_circuit_operator to 2026-08-05 00:00:00+00:00, run_after=2026-08-06 00:00:00+00:00
[2026-08-06T21:13:07.551+0000] {processor.py:183} INFO - Processing /home/airflow/.local/lib/python3.8/site-packages/airflow/example_dags/example_short_circuit_operator.py took 0.097 seconds
[2026-08-06T21:13:37.742+0000] {processor.py:161} INFO - Started process (PID=905) to work on /home/airflow/.local/lib/python3.8/site-packages/airflow/example_dags/example_short_circuit_operator.py
[2026-08-06T21:13:37.743+0000] {processor.py:830} INFO - Processing file /home/airflow/.local/lib/python3.8/site-packages/airflow/example_dags/example_short_circuit_operator.py for tasks to queue
[2026-08-06T21:13:37.746+0000] {logging_mixin.py:188} INFO - [2026-08-06T21:13:37.745+0000] {dagbag.py:538} INFO - Filling up the DagBag from /home/airflow/.local/lib/python3.8/site-packages/airflow/example_dags/example_short_circuit_operator.py
[2026-08-06T21:13:37.753+0000] {processor.py:840} INFO - DAG(s) 'example_short_circuit_operator' retrieved from /home/airflow/.local/lib/python3.8/site-packages/airflow/example_dags/example_short_circuit_operator.py
[2026-08-06T21:13:37.778+0000] {logging_mixin.py:188} INFO - [2026-08-06T21:13:37.778+0000] {dag.py:3036} INFO - Sync 1 DAGs
[2026-08-06T21:13:37.800+0000] {logging_mixin.py:188} INFO - [2026-08-06T21:13:37.800+0000] {dag.py:3823} INFO - Setting next_dagrun for example_short_circuit_operator to 2026-08-05 00:00:00+00:00, run_after=2026-08-06 00:00:00+00:00
[2026-08-06T21:13:37.820+0000] {processor.py:183} INFO - Processing /home/airflow/.local/lib/python3.8/site-packages/airflow/example_dags/example_short_circuit_operator.py took 0.082 seconds
[2026-08-06T21:14:08.222+0000] {processor.py:161} INFO - Started process (PID=960) to work on /home/airflow/.local/lib/python3.8/site-packages/airflow/example_dags/example_short_circuit_operator.py
[2026-08-06T21:14:08.224+0000] {processor.py:830} INFO - Processing file /home/airflow/.local/lib/python3.8/site-packages/airflow/example_dags/example_short_circuit_operator.py for tasks to queue
[2026-08-06T21:14:08.226+0000] {logging_mixin.py:188} INFO - [2026-08-06T21:14:08.225+0000] {dagbag.py:538} INFO - Filling up the DagBag from /home/airflow/.local/lib/python3.8/site-packages/airflow/example_dags/example_short_circuit_operator.py
[2026-08-06T21:14:08.233+0000] {processor.py:840} INFO - DAG(s) 'example_short_circuit_operator' retrieved from /home/airflow/.local/lib/python3.8/site-packages/airflow/example_dags/example_short_circuit_operator.py
[2026-08-06T21:14:08.256+0000] {logging_mixin.py:188} INFO - [2026-08-06T21:14:08.256+0000] {dag.py:3036} INFO - Sync 1 DAGs
[2026-08-06T21:14:08.277+0000] {logging_mixin.py:188} INFO - [2026-08-06T21:14:08.276+0000] {dag.py:3823} INFO - Setting next_dagrun for example_short_circuit_operator to 2026-08-05 00:00:00+00:00, run_after=2026-08-06 00:00:00+00:00
[2026-08-06T21:14:08.295+0000] {processor.py:183} INFO - Processing /home/airflow/.local/lib/python3.8/site-packages/airflow/example_dags/example_short_circuit_operator.py took 0.076 seconds
[2026-08-06T21:14:38.665+0000] {processor.py:161} INFO - Started process (PID=1015) to work on /home/airflow/.local/lib/python3.8/site-packages/airflow/example_dags/example_short_circuit_operator.py
[2026-08-06T21:14:38.667+0000] {processor.py:830} INFO - Processing file /home/airflow/.local/lib/python3.8/site-packages/airflow/example_dags/example_short_circuit_operator.py for tasks to queue
[2026-08-06T21:14:38.670+0000] {logging_mixin.py:188} INFO - [2026-08-06T21:14:38.670+0000] {dagbag.py:538} INFO - Filling up the DagBag from /home/airflow/.local/lib/python3.8/site-packages/airflow/example_dags/example_short_circuit_operator.py
[2026-08-06T21:14:38.679+0000] {processor.py:840} INFO - DAG(s) 'example_short_circuit_operator' retrieved from /home/airflow/.local/lib/python3.8/site-packages/airflow/example_dags/example_short_circuit_operator.py
[2026-08-06T21:14:38.705+0000] {logging_mixin.py:188} INFO - [2026-08-06T21:14:38.705+0000] {dag.py:3036} INFO - Sync 1 DAGs
[2026-08-06T21:14:38.730+0000] {logging_mixin.py:188} INFO - [2026-08-06T21:14:38.730+0000] {dag.py:3823} INFO - Setting next_dagrun for example_short_circuit_operator to 2026-08-05 00:00:00+00:00, run_after=2026-08-06 00:00:00+00:00
[2026-08-06T21:14:38.754+0000] {processor.py:183} INFO - Processing /home/airflow/.local/lib/python3.8/site-packages/airflow/example_dags/example_short_circuit_operator.py took 0.093 seconds
[2026-08-06T21:15:08.953+0000] {processor.py:161} INFO - Started process (PID=1070) to work on /home/airflow/.local/lib/python3.8/site-packages/airflow/example_dags/example_short_circuit_operator.py
[2026-08-06T21:15:08.955+0000] {processor.py:830} INFO - Processing file /home/airflow/.local/lib/python3.8/site-packages/airflow/example_dags/example_short_circuit_operator.py for tasks to queue
[2026-08-06T21:15:08.956+0000] {logging_mixin.py:188} INFO - [2026-08-06T21:15:08.956+0000] {dagbag.py:538} INFO - Filling up the DagBag from /home/airflow/.local/lib/python3.8/site-packages/airflow/example_dags/example_short_circuit_operator.py
[2026-08-06T21:15:08.964+0000] {processor.py:840} INFO - DAG(s) 'example_short_circuit_operator' retrieved from /home/airflow/.local/lib/python3.8/site-packages/airflow/example_dags/example_short_circuit_operator.py
[2026-08-06T21:15:08.991+0000] {logging_mixin.py:188} INFO - [2026-08-06T21:15:08.990+0000] {dag.py:3036} INFO - Sync 1 DAGs
[2026-08-06T21:15:09.015+0000] {logging_mixin.py:188} INFO - [2026-08-06T21:15:09.015+0000] {dag.py:3823} INFO - Setting next_dagrun for example_short_circuit_operator to 2026-08-05 00:00:00+00:00, run_after=2026-08-06 00:00:00+00:00
[2026-08-06T21:15:09.037+0000] {processor.py:183} INFO - Processing /home/airflow/.local/lib/python3.8/site-packages/airflow/example_dags/example_short_circuit_operator.py took 0.087 seconds
[2026-08-06T21:15:39.249+0000] {processor.py:161} INFO - Started process (PID=1125) to work on /home/airflow/.local/lib/python3.8/site-packages/airflow/example_dags/example_short_circuit_operator.py
[2026-08-06T21:15:39.250+0000] {processor.py:830} INFO - Processing file /home/airflow/.local/lib/python3.8/site-packages/airflow/example_dags/example_short_circuit_operator.py for tasks to queue
[2026-08-06T21:15:39.252+0000] {logging_mixin.py:188} INFO - [2026-08-06T21:15:39.252+0000] {dagbag.py:538} INFO - Filling up the DagBag from /home/airflow/.local/lib/python3.8/site-packages/airflow/example_dags/example_short_circuit_operator.py
[2026-08-06T21:15:39.260+0000] {processor.py:840} INFO - DAG(s) 'example_short_circuit_operator' retrieved from /home/airflow/.local/lib/python3.8/site-packages/airflow/example_dags/example_short_circuit_operator.py
[2026-08-06T21:15:39.287+0000] {logging_mixin.py:188} INFO - [2026-08-06T21:15:39.287+0000] {dag.py:3036} INFO - Sync 1 DAGs
[2026-08-06T21:15:39.326+0000] {logging_mixin.py:188} INFO - [2026-08-06T21:15:39.325+0000] {dag.py:3823} INFO - Setting next_dagrun for example_short_circuit_operator to 2026-08-05 00:00:00+00:00, run_after=2026-08-06 00:00:00+00:00
[2026-08-06T21:15:39.356+0000] {processor.py:183} INFO - Processing /home/airflow/.local/lib/python3.8/site-packages/airflow/example_dags/example_short_circuit_operator.py took 0.111 seconds
[2026-08-06T21:16:09.586+0000] {processor.py:161} INFO - Started process (PID=1196) to work on /home/airflow/.local/lib/python3.8/site-packages/airflow/example_dags/example_short_circuit_operator.py
[2026-08-06T21:16:09.587+0000] {processor.py:830} INFO - Processing file /home/airflow/.local/lib/python3.8/site-packages/airflow/example_dags/example_short_circuit_operator.py for tasks to queue
[2026-08-06T21:16:09.589+0000] {logging_mixin.py:188} INFO - [2026-08-06T21:16:09.589+0000] {dagbag.py:538} INFO - Filling up the DagBag from /home/airflow/.local/lib/python3.8/site-packages/airflow/example_dags/example_short_circuit_operator.py
[2026-08-06T21:16:09.598+0000] {processor.py:840} INFO - DAG(s) 'example_short_circuit_operator' retrieved from /home/airflow/.local/lib/python3.8/site-packages/airflow/example_dags/example_short_circuit_operator.py
[2026-08-06T21:16:09.623+0000] {logging_mixin.py:188} INFO - [2026-08-06T21:16:09.622+0000] {dag.py:3036} INFO - Sync 1 DAGs
[2026-08-06T21:16:09.644+0000] {logging_mixin.py:188} INFO - [2026-08-06T21:16:09.643+0000] {dag.py:3823} INFO - Setting next_dagrun for example_short_circuit_operator to 2026-08-05 00:00:00+00:00, run_after=2026-08-06 00:00:00+00:00
[2026-08-06T21:16:09.662+0000] {processor.py:183} INFO - Processing /home/airflow/.local/lib/python3.8/site-packages/airflow/example_dags/example_short_circuit_operator.py took 0.080 seconds
[2026-08-06T21:16:40.582+0000] {processor.py:161} INFO - Started process (PID=1255) to work on /home/airflow/.local/lib/python3.8/site-packages/airflow/example_dags/example_short_circuit_operator.py
[2026-08-06T21:16:40.584+0000] {processor.py:830} INFO - Processing file /home/airflow/.local/lib/python3.8/site-packages/airflow/example_dags/example_short_circuit_operator.py for tasks to queue
[2026-08-06T21:16:40.586+0000] {logging_mixin.py:188} INFO - [2026-08-06T21:16:40.586+0000] {dagbag.py:538} INFO - Filling up the DagBag from /home/airflow/.local/lib/python3.8/site-packages/airflow/example_dags/example_short_circuit_operator.py
[2026-08-06T21:16:40.594+0000] {processor.py:840} INFO - DAG(s) 'example_short_circuit_operator' retrieved from /home/airflow/.local/lib/python3.8/site-packages/airflow/example_dags/example_short_circuit_operator.py
[2026-08-06T21:16:40.620+0000] {logging_mixin.py:188} INFO - [2026-08-06T21:16:40.620+0000] {dag.py:3036} INFO - Sync 1 DAGs
[2026-08-06T21:16:40.647+0000] {logging_mixin.py:188} INFO - [2026-08-06T21:16:40.647+0000] {dag.py:3823} INFO - Setting next_dagrun for example_short_circuit_operator to 2026-08-05 00:00:00+00:00, run_after=2026-08-06 00:00:00+00:00
[2026-08-06T21:16:40.672+0000] {processor.py:183} INFO - Processing /home/airflow/.local/lib/python3.8/site-packages/airflow/example_dags/example_short_circuit_operator.py took 0.094 seconds
[2026-08-06T21:17:10.910+0000] {processor.py:161} INFO - Started process (PID=1314) to work on /home/airflow/.local/lib/python3.8/site-packages/airflow/example_dags/example_short_circuit_operator.py
[2026-08-06T21:17:10.911+0000] {processor.py:830} INFO - Processing file /home/airflow/.local/lib/python3.8/site-packages/airflow/example_dags/example_short_circuit_operator.py for tasks to queue
[2026-08-06T21:17:10.914+0000] {logging_mixin.py:188} INFO - [2026-08-06T21:17:10.913+0000] {dagbag.py:538} INFO - Filling up the DagBag from /home/airflow/.local/lib/python3.8/site-packages/airflow/example_dags/example_short_circuit_operator.py
[2026-08-06T21:17:10.921+0000] {processor.py:840} INFO - DAG(s) 'example_short_circuit_operator' retrieved from /home/airflow/.local/lib/python3.8/site-packages/airflow/example_dags/example_short_circuit_operator.py
[2026-08-06T21:17:10.945+0000] {logging_mixin.py:188} INFO - [2026-08-06T21:17:10.944+0000] {dag.py:3036} INFO - Sync 1 DAGs
[2026-08-06T21:17:10.965+0000] {logging_mixin.py:188} INFO - [2026-08-06T21:17:10.965+0000] {dag.py:3823} INFO - Setting next_dagrun for example_short_circuit_operator to 2026-08-05 00:00:00+00:00, run_after=2026-08-06 00:00:00+00:00
[2026-08-06T21:17:10.987+0000] {processor.py:183} INFO - Processing /home/airflow/.local/lib/python3.8/site-packages/airflow/example_dags/example_short_circuit_operator.py took 0.081 seconds
[2026-08-06T21:17:41.156+0000] {processor.py:161} INFO - Started process (PID=1373) to work on /home/airflow/.local/lib/python3.8/site-packages/airflow/example_dags/example_short_circuit_operator.py
[2026-08-06T21:17:41.157+0000] {processor.py:830} INFO - Processing file /home/airflow/.local/lib/python3.8/site-packages/airflow/example_dags/example_short_circuit_operator.py for tasks to queue
[2026-08-06T21:17:41.159+0000] {logging_mixin.py:188} INFO - [2026-08-06T21:17:41.159+0000] {dagbag.py:538} INFO - Filling up the DagBag from /home/airflow/.local/lib/python3.8/site-packages/airflow/example_dags/example_short_circuit_operator.py
[2026-08-06T21:17:41.171+0000] {processor.py:840} INFO - DAG(s) 'example_short_circuit_operator' retrieved from /home/airflow/.local/lib/python3.8/site-packages/airflow/example_dags/example_short_circuit_operator.py
[2026-08-06T21:17:41.196+0000] {logging_mixin.py:188} INFO - [2026-08-06T21:17:41.195+0000] {dag.py:3036} INFO - Sync 1 DAGs
[2026-08-06T21:17:41.220+0000] {logging_mixin.py:188} INFO - [2026-08-06T21:17:41.220+0000] {dag.py:3823} INFO - Setting next_dagrun for example_short_circuit_operator to 2026-08-05 00:00:00+00:00, run_after=2026-08-06 00:00:00+00:00
[2026-08-06T21:17:41.244+0000] {processor.py:183} INFO - Processing /home/airflow/.local/lib/python3.8/site-packages/airflow/example_dags/example_short_circuit_operator.py took 0.092 seconds
[2026-08-06T21:18:12.049+0000] {processor.py:161} INFO - Started process (PID=1432) to work on /home/airflow/.local/lib/python3.8/site-packages/airflow/example_dags/example_short_circuit_operator.py
[2026-08-06T21:18:12.051+0000] {processor.py:830} INFO - Processing file /home/airflow/.local/lib/python3.8/site-packages/airflow/example_dags/example_short_circuit_operator.py for tasks to queue
[2026-08-06T21:18:12.053+0000] {logging_mixin.py:188} INFO - [2026-08-06T21:18:12.052+0000] {dagbag.py:538} INFO - Filling up the DagBag from /home/airflow/.local/lib/python3.8/site-packages/airflow/example_dags/example_short_circuit_operator.py
[2026-08-06T21:18:12.062+0000] {processor.py:840} INFO - DAG(s) 'example_short_circuit_operator' retrieved from /home/airflow/.local/lib/python3.8/site-packages/airflow/example_dags/example_short_circuit_operator.py
[2026-08-06T21:18:12.086+0000] {logging_mixin.py:188} INFO - [2026-08-06T21:18:12.086+0000] {dag.py:3036} INFO - Sync 1 DAGs
[2026-08-06T21:18:12.111+0000] {logging_mixin.py:188} INFO - [2026-08-06T21:18:12.111+0000] {dag.py:3823} INFO - Setting next_dagrun for example_short_circuit_operator to 2026-08-05 00:00:00+00:00, run_after=2026-08-06 00:00:00+00:00
[2026-08-06T21:18:12.133+0000] {processor.py:183} INFO - Processing /home/airflow/.local/lib/python3.8/site-packages/airflow/example_dags/example_short_circuit_operator.py took 0.087 seconds
[2026-08-06T21:18:42.790+0000] {processor.py:161} INFO - Started process (PID=1491) to work on /home/airflow/.local/lib/python3.8/site-packages/airflow/example_dags/example_short_circuit_operator.py
[2026-08-06T21:18:42.791+0000] {processor.py:830} INFO - Processing file /home/airflow/.local/lib/python3.8/site-packages/airflow/example_dags/example_short_circuit_operator.py for tasks to queue
[2026-08-06T21:18:42.792+0000] {logging_mixin.py:188} INFO - [2026-08-06T21:18:42.792+0000] {dagbag.py:538} INFO - Filling up the DagBag from /home/airflow/.local/lib/python3.8/site-packages/airflow/example_dags/example_short_circuit_operator.py
[2026-08-06T21:18:42.801+0000] {processor.py:840} INFO - DAG(s) 'example_short_circuit_operator' retrieved from /home/airflow/.local/lib/python3.8/site-packages/airflow/example_dags/example_short_circuit_operator.py
[2026-08-06T21:18:42.827+0000] {logging_mixin.py:188} INFO - [2026-08-06T21:18:42.826+0000] {dag.py:3036} INFO - Sync 1 DAGs
[2026-08-06T21:18:42.851+0000] {logging_mixin.py:188} INFO - [2026-08-06T21:18:42.851+0000] {dag.py:3823} INFO - Setting next_dagrun for example_short_circuit_operator to 2026-08-05 00:00:00+00:00, run_after=2026-08-06 00:00:00+00:00
[2026-08-06T21:18:42.873+0000] {processor.py:183} INFO - Processing /home/airflow/.local/lib/python3.8/site-packages/airflow/example_dags/example_short_circuit_operator.py took 0.087 seconds
[2026-08-06T21:19:13.463+0000] {processor.py:161} INFO - Started process (PID=1550) to work on /home/airflow/.local/lib/python3.8/site-packages/airflow/example_dags/example_short_circuit_operator.py
[2026-08-06T21:19:13.467+0000] {processor.py:830} INFO - Processing file /home/airflow/.local/lib/python3.8/site-packages/airflow/example_dags/example_short_circuit_operator.py for tasks to queue
[2026-08-06T21:19:13.471+0000] {logging_mixin.py:188} INFO - [2026-08-06T21:19:13.471+0000] {dagbag.py:538} INFO - Filling up the DagBag from /home/airflow/.local/lib/python3.8/site-packages/airflow/example_dags/example_short_circuit_operator.py
[2026-08-06T21:19:13.479+0000] {processor.py:840} INFO - DAG(s) 'example_short_circuit_operator' retrieved from /home/airflow/.local/lib/python3.8/site-packages/airflow/example_dags/example_short_circuit_operator.py
[2026-08-06T21:19:13.505+0000] {logging_mixin.py:188} INFO - [2026-08-06T21:19:13.504+0000] {dag.py:3036} INFO - Sync 1 DAGs
[2026-08-06T21:19:13.527+0000] {logging_mixin.py:188} INFO - [2026-08-06T21:19:13.526+0000] {dag.py:3823} INFO - Setting next_dagrun for example_short_circuit_operator to 2026-08-05 00:00:00+00:00, run_after=2026-08-06 00:00:00+00:00
[2026-08-06T21:19:13.547+0000] {processor.py:183} INFO - Processing /home/airflow/.local/lib/python3.8/site-packages/airflow/example_dags/example_short_circuit_operator.py took 0.087 seconds
[2026-08-06T21:19:43.608+0000] {processor.py:161} INFO - Started process (PID=1609) to work on /home/airflow/.local/lib/python3.8/site-packages/airflow/example_dags/example_short_circuit_operator.py
[2026-08-06T21:19:43.609+0000] {processor.py:830} INFO - Processing file /home/airflow/.local/lib/python3.8/site-packages/airflow/example_dags/example_short_circuit_operator.py for tasks to queue
[2026-08-06T21:19:43.612+0000] {logging_mixin.py:188} INFO - [2026-08-06T21:19:43.611+0000] {dagbag.py:538} INFO - Filling up the DagBag from /home/airflow/.local/lib/python3.8/site-packages/airflow/example_dags/example_short_circuit_operator.py
[2026-08-06T21:19:43.619+0000] {processor.py:840} INFO - DAG(s) 'example_short_circuit_operator' retrieved from /home/airflow/.local/lib/python3.8/site-packages/airflow/example_dags/example_short_circuit_operator.py
[2026-08-06T21:19:43.644+0000] {logging_mixin.py:188} INFO - [2026-08-06T21:19:43.644+0000] {dag.py:3036} INFO - Sync 1 DAGs
[2026-08-06T21:19:43.666+0000] {logging_mixin.py:188} INFO - [2026-08-06T21:19:43.666+0000] {dag.py:3823} INFO - Setting next_dagrun for example_short_circuit_operator to 2026-08-05 00:00:00+00:00, run_after=2026-08-06 00:00:00+00:00
[2026-08-06T21:19:43.690+0000] {processor.py:183} INFO - Processing /home/airflow/.local/lib/python3.8/site-packages/airflow/example_dags/example_short_circuit_operator.py took 0.086 seconds
[2026-08-06T21:20:14.526+0000] {processor.py:161} INFO - Started process (PID=1668) to work on /home/airflow/.local/lib/python3.8/site-packages/airflow/example_dags/example_short_circuit_operator.py
[2026-08-06T21:20:14.528+0000] {processor.py:830} INFO - Processing file /home/airflow/.local/lib/python3.8/site-packages/airflow/example_dags/example_short_circuit_operator.py for tasks to queue
[2026-08-06T21:20:14.531+0000] {logging_mixin.py:188} INFO - [2026-08-06T21:20:14.530+0000] {dagbag.py:538} INFO - Filling up the DagBag from /home/airflow/.local/lib/python3.8/site-packages/airflow/example_dags/example_short_circuit_operator.py
[2026-08-06T21:20:14.546+0000] {processor.py:840} INFO - DAG(s) 'example_short_circuit_operator' retrieved from /home/airflow/.local/lib/python3.8/site-packages/airflow/example_dags/example_short_circuit_operator.py
[2026-08-06T21:20:14.592+0000] {logging_mixin.py:188} INFO - [2026-08-06T21:20:14.591+0000] {dag.py:3036} INFO - Sync 1 DAGs
[2026-08-06T21:20:14.636+0000] {logging_mixin.py:188} INFO - [2026-08-06T21:20:14.636+0000] {dag.py:3823} INFO - Setting next_dagrun for example_short_circuit_operator to 2026-08-05 00:00:00+00:00, run_after=2026-08-06 00:00:00+00:00
[2026-08-06T21:20:14.671+0000] {processor.py:183} INFO - Processing /home/airflow/.local/lib/python3.8/site-packages/airflow/example_dags/example_short_circuit_operator.py took 0.150 seconds
[2026-08-06T21:20:45.188+0000] {processor.py:161} INFO - Started process (PID=1727) to work on /home/airflow/.local/lib/python3.8/site-packages/airflow/example_dags/example_short_circuit_operator.py
[2026-08-06T21:20:45.190+0000] {processor.py:830} INFO - Processing file /home/airflow/.local/lib/python3.8/site-packages/airflow/example_dags/example_short_circuit_operator.py for tasks to queue
[2026-08-06T21:20:45.193+0000] {logging_mixin.py:188} INFO - [2026-08-06T21:20:45.192+0000] {dagbag.py:538} INFO - Filling up the DagBag from /home/airflow/.local/lib/python3.8/site-packages/airflow/example_dags/example_short_circuit_operator.py
[2026-08-06T21:20:45.201+0000] {processor.py:840} INFO - DAG(s) 'example_short_circuit_operator' retrieved from /home/airflow/.local/lib/python3.8/site-packages/airflow/example_dags/example_short_circuit_operator.py
[2026-08-06T21:20:45.226+0000] {logging_mixin.py:188} INFO - [2026-08-06T21:20:45.225+0000] {dag.py:3036} INFO - Sync 1 DAGs
[2026-08-06T21:20:45.249+0000] {logging_mixin.py:188} INFO - [2026-08-06T21:20:45.248+0000] {dag.py:3823} INFO - Setting next_dagrun for example_short_circuit_operator to 2026-08-05 00:00:00+00:00, run_after=2026-08-06 00:00:00+00:00
[2026-08-06T21:20:45.270+0000] {processor.py:183} INFO - Processing /home/airflow/.local/lib/python3.8/site-packages/airflow/example_dags/example_short_circuit_operator.py took 0.085 seconds
[2026-08-06T21:21:16.094+0000] {processor.py:161} INFO - Started process (PID=1786) to work on /home/airflow/.local/lib/python3.8/site-packages/airflow/example_dags/example_short_circuit_operator.py
[2026-08-06T21:21:16.095+0000] {processor.py:830} INFO - Processing file /home/airflow/.local/lib/python3.8/site-packages/airflow/example_dags/example_short_circuit_operator.py for tasks to queue
[2026-08-06T21:21:16.098+0000] {logging_mixin.py:188} INFO - [2026-08-06T21:21:16.097+0000] {dagbag.py:538} INFO - Filling up the DagBag from /home/airflow/.local/lib/python3.8/site-packages/airflow/example_dags/example_short_circuit_operator.py
[2026-08-06T21:21:16.105+0000] {processor.py:840} INFO - DAG(s) 'example_short_circuit_operator' retrieved from /home/airflow/.local/lib/python3.8/site-packages/airflow/example_dags/example_short_circuit_operator.py
[2026-08-06T21:21:16.128+0000] {logging_mixin.py:188} INFO - [2026-08-06T21:21:16.128+0000] {dag.py:3036} INFO - Sync 1 DAGs
[2026-08-06T21:21:16.149+0000] {logging_mixin.py:188} INFO - [2026-08-06T21:21:16.149+0000] {dag.py:3823} INFO - Setting next_dagrun for example_short_circuit_operator to 2026-08-05 00:00:00+00:00, run_after=2026-08-06 00:00:00+00:00
[2026-08-06T21:21:16.173+0000] {processor.py:183} INFO - Processing /home/airflow/.local/lib/python3.8/site-packages/airflow/example_dags/example_short_circuit_operator.py took 0.083 seconds
[2026-08-06T21:21:46.567+0000] {processor.py:161} INFO - Started process (PID=1845) to work on /home/airflow/.local/lib/python3.8/site-packages/airflow/example_dags/example_short_circuit_operator.py
[2026-08-06T21:21:46.568+0000] {processor.py:830} INFO - Processing file /home/airflow/.local/lib/python3.8/site-packages/airflow/example_dags/example_short_circuit_operator.py for tasks to queue
[2026-08-06T21:21:46.571+0000] {logging_mixin.py:188} INFO - [2026-08-06T21:21:46.571+0000] {dagbag.py:538} INFO - Filling up the DagBag from /home/airflow/.local/lib/python3.8/site-packages/airflow/example_dags/example_short_circuit_operator.py
[2026-08-06T21:21:46.579+0000] {processor.py:840} INFO - DAG(s) 'example_short_circuit_operator' retrieved from /home/airflow/.local/lib/python3.8/site-packages/airflow/example_dags/example_short_circuit_operator.py
[2026-08-06T21:21:46.607+0000] {logging_mixin.py:188} INFO - [2026-08-06T21:21:46.606+0000] {dag.py:3036} INFO - Sync 1 DAGs
[2026-08-06T21:21:46.630+0000] {logging_mixin.py:188} INFO - [2026-08-06T21:21:46.630+0000] {dag.py:3823} INFO - Setting next_dagrun for example_short_circuit_operator to 2026-08-05 00:00:00+00:00, run_after=2026-08-06 00:00:00+00:00
[2026-08-06T21:21:46.654+0000] {processor.py:183} INFO - Processing /home/airflow/.local/lib/python3.8/site-packages/airflow/example_dags/example_short_circuit_operator.py took 0.092 seconds
[2026-08-06T21:22:17.062+0000] {processor.py:161} INFO - Started process (PID=1904) to work on /home/airflow/.local/lib/python3.8/site-packages/airflow/example_dags/example_short_circuit_operator.py
[2026-08-06T21:22:17.063+0000] {processor.py:830} INFO - Processing file /home/airflow/.local/lib/python3.8/site-packages/airflow/example_dags/example_short_circuit_operator.py for tasks to queue
[2026-08-06T21:22:17.065+0000] {logging_mixin.py:188} INFO - [2026-08-06T21:22:17.065+0000] {dagbag.py:538} INFO - Filling up the DagBag from /home/airflow/.local/lib/python3.8/site-packages/airflow/example_dags/example_short_circuit_operator.py
[2026-08-06T21:22:17.073+0000] {processor.py:840} INFO - DAG(s) 'example_short_circuit_operator' retrieved from /home/airflow/.local/lib/python3.8/site-packages/airflow/example_dags/example_short_circuit_operator.py
[2026-08-06T21:22:17.102+0000] {logging_mixin.py:188} INFO - [2026-08-06T21:22:17.102+0000] {dag.py:3036} INFO - Sync 1 DAGs
[2026-08-06T21:22:17.124+0000] {logging_mixin.py:188} INFO - [2026-08-06T21:22:17.123+0000] {dag.py:3823} INFO - Setting next_dagrun for example_short_circuit_operator to 2026-08-05 00:00:00+00:00, run_after=2026-08-06 00:00:00+00:00
[2026-08-06T21:22:17.142+0000] {processor.py:183} INFO - Processing /home/airflow/.local/lib/python3.8/site-packages/airflow/example_dags/example_short_circuit_operator.py took 0.084 seconds
[2026-08-06T21:22:47.693+0000] {processor.py:161} INFO - Started process (PID=1963) to work on /home/airflow/.local/lib/python3.8/site-packages/airflow/example_dags/example_short_circuit_operator.py
[2026-08-06T21:22:47.694+0000] {processor.py:830} INFO - Processing file /home/airflow/.local/lib/python3.8/site-packages/airflow/example_dags/example_short_circuit_operator.py for tasks to queue
[2026-08-06T21:22:47.696+0000] {logging_mixin.py:188} INFO - [2026-08-06T21:22:47.696+0000] {dagbag.py:538} INFO - Filling up the DagBag from /home/airflow/.local/lib/python3.8/site-packages/airflow/example_dags/example_short_circuit_operator.py
[2026-08-06T21:22:47.705+0000] {processor.py:840} INFO - DAG(s) 'example_short_circuit_operator' retrieved from /home/airflow/.local/lib/python3.8/site-packages/airflow/example_dags/example_short_circuit_operator.py
[2026-08-06T21:22:47.734+0000] {logging_mixin.py:188} INFO - [2026-08-06T21:22:47.734+0000] {dag.py:3036} INFO - Sync 1 DAGs
[2026-08-06T21:22:47.759+0000] {logging_mixin.py:188} INFO - [2026-08-06T21:22:47.759+0000] {dag.py:3823} INFO - Setting next_dagrun for example_short_circuit_operator to 2026-08-05 00:00:00+00:00, run_after=2026-08-06 00:00:00+00:00
[2026-08-06T21:22:47.784+0000] {processor.py:183} INFO - Processing /home/airflow/.local/lib/python3.8/site-packages/airflow/example_dags/example_short_circuit_operator.py took 0.095 seconds
[2026-08-06T21:23:18.451+0000] {processor.py:161} INFO - Started process (PID=2022) to work on /home/airflow/.local/lib/python3.8/site-packages/airflow/example_dags/example_short_circuit_operator.py
[2026-08-06T21:23:18.453+0000] {processor.py:830} INFO - Processing file /home/airflow/.local/lib/python3.8/site-packages/airflow/example_dags/example_short_circuit_operator.py for tasks to queue
[2026-08-06T21:23:18.455+0000] {logging_mixin.py:188} INFO - [2026-08-06T21:23:18.455+0000] {dagbag.py:538} INFO - Filling up the DagBag from /home/airflow/.local/lib/python3.8/site-packages/airflow/example_dags/example_short_circuit_operator.py
[2026-08-06T21:23:18.462+0000] {processor.py:840} INFO - DAG(s) 'example_short_circuit_operator' retrieved from /home/airflow/.local/lib/python3.8/site-packages/airflow/example_dags/example_short_circuit_operator.py
[2026-08-06T21:23:18.487+0000] {logging_mixin.py:188} INFO - [2026-08-06T21:23:18.486+0000] {dag.py:3036} INFO - Sync 1 DAGs
[2026-08-06T21:23:18.509+0000] {logging_mixin.py:188} INFO - [2026-08-06T21:23:18.509+0000] {dag.py:3823} INFO - Setting next_dagrun for example_short_circuit_operator to 2026-08-05 00:00:00+00:00, run_after=2026-08-06 00:00:00+00:00
[2026-08-06T21:23:18.537+0000] {processor.py:183} INFO - Processing /home/airflow/.local/lib/python3.8/site-packages/airflow/example_dags/example_short_circuit_operator.py took 0.090 seconds
[2026-08-06T21:23:49.074+0000] {processor.py:161} INFO - Started process (PID=2081) to work on /home/airflow/.local/lib/python3.8/site-packages/airflow/example_dags/example_short_circuit_operator.py
[2026-08-06T21:23:49.077+0000] {processor.py:830} INFO - Processing file /home/airflow/.local/lib/python3.8/site-packages/airflow/example_dags/example_short_circuit_operator.py for tasks to queue
[2026-08-06T21:23:49.081+0000] {logging_mixin.py:188} INFO - [2026-08-06T21:23:49.080+0000] {dagbag.py:538} INFO - Filling up the DagBag from /home/airflow/.local/lib/python3.8/site-packages/airflow/example_dags/example_short_circuit_operator.py
[2026-08-06T21:23:49.093+0000] {processor.py:840} INFO - DAG(s) 'example_short_circuit_operator' retrieved from /home/airflow/.local/lib/python3.8/site-packages/airflow/example_dags/example_short_circuit_operator.py
[2026-08-06T21:23:49.126+0000] {logging_mixin.py:188} INFO - [2026-08-06T21:23:49.126+0000] {dag.py:3036} INFO - Sync 1 DAGs
[2026-08-06T21:23:49.174+0000] {logging_mixin.py:188} INFO - [2026-08-06T21:23:49.174+0000] {dag.py:3823} INFO - Setting next_dagrun for example_short_circuit_operator to 2026-08-05 00:00:00+00:00, run_after=2026-08-06 00:00:00+00:00
[2026-08-06T21:23:49.200+0000] {processor.py:183} INFO - Processing /home/airflow/.local/lib/python3.8/site-packages/airflow/example_dags/example_short_circuit_operator.py took 0.133 seconds
[2026-08-06T21:24:19.790+0000] {processor.py:161} INFO - Started process (PID=2140) to work on /home/airflow/.local/lib/python3.8/site-packages/airflow/example_dags/example_short_circuit_operator.py
[2026-08-06T21:24:19.792+0000] {processor.py:830} INFO - Processing file /home/airflow/.local/lib/python3.8/site-packages/airflow/example_dags/example_short_circuit_operator.py for tasks to queue
[2026-08-06T21:24:19.795+0000] {logging_mixin.py:188} INFO - [2026-08-06T21:24:19.794+0000] {dagbag.py:538} INFO - Filling up the DagBag from /home/airflow/.local/lib/python3.8/site-packages/airflow/example_dags/example_short_circuit_operator.py
[2026-08-06T21:24:19.804+0000] {processor.py:840} INFO - DAG(s) 'example_short_circuit_operator' retrieved from /home/airflow/.local/lib/python3.8/site-packages/airflow/example_dags/example_short_circuit_operator.py
[2026-08-06T21:24:19.828+0000] {logging_mixin.py:188} INFO - [2026-08-06T21:24:19.828+0000] {dag.py:3036} INFO - Sync 1 DAGs
[2026-08-06T21:24:19.848+0000] {logging_mixin.py:188} INFO - [2026-08-06T21:24:19.848+0000] {dag.py:3823} INFO - Setting next_dagrun for example_short_circuit_operator to 2026-08-05 00:00:00+00:00, run_after=2026-08-06 00:00:00+00:00
[2026-08-06T21:24:19.869+0000] {processor.py:183} INFO - Processing /home/airflow/.local/lib/python3.8/site-packages/airflow/example_dags/example_short_circuit_operator.py took 0.083 seconds
[2026-08-06T21:24:50.284+0000] {processor.py:161} INFO - Started process (PID=2199) to work on /home/airflow/.local/lib/python3.8/site-packages/airflow/example_dags/example_short_circuit_operator.py
[2026-08-06T21:24:50.286+0000] {processor.py:830} INFO - Processing file /home/airflow/.local/lib/python3.8/site-packages/airflow/example_dags/example_short_circuit_operator.py for tasks to queue
[2026-08-06T21:24:50.288+0000] {logging_mixin.py:188} INFO - [2026-08-06T21:24:50.288+0000] {dagbag.py:538} INFO - Filling up the DagBag from /home/airflow/.local/lib/python3.8/site-packages/airflow/example_dags/example_short_circuit_operator.py
[2026-08-06T21:24:50.297+0000] {processor.py:840} INFO - DAG(s) 'example_short_circuit_operator' retrieved from /home/airflow/.local/lib/python3.8/site-packages/airflow/example_dags/example_short_circuit_operator.py
[2026-08-06T21:24:50.330+0000] {logging_mixin.py:188} INFO - [2026-08-06T21:24:50.330+0000] {dag.py:3036} INFO - Sync 1 DAGs
[2026-08-06T21:24:50.356+0000] {logging_mixin.py:188} INFO - [2026-08-06T21:24:50.356+0000] {dag.py:3823} INFO - Setting next_dagrun for example_short_circuit_operator to 2026-08-05 00:00:00+00:00, run_after=2026-08-06 00:00:00+00:00
[2026-08-06T21:24:50.382+0000] {processor.py:183} INFO - Processing /home/airflow/.local/lib/python3.8/site-packages/airflow/example_dags/example_short_circuit_operator.py took 0.102 seconds
[2026-08-06T21:25:20.891+0000] {processor.py:161} INFO - Started process (PID=2258) to work on /home/airflow/.local/lib/python3.8/site-packages/airflow/example_dags/example_short_circuit_operator.py
[2026-08-06T21:25:20.893+0000] {processor.py:830} INFO - Processing file /home/airflow/.local/lib/python3.8/site-packages/airflow/example_dags/example_short_circuit_operator.py for tasks to queue
[2026-08-06T21:25:20.897+0000] {logging_mixin.py:188} INFO - [2026-08-06T21:25:20.896+0000] {dagbag.py:538} INFO - Filling up the DagBag from /home/airflow/.local/lib/python3.8/site-packages/airflow/example_dags/example_short_circuit_operator.py
[2026-08-06T21:25:20.909+0000] {processor.py:840} INFO - DAG(s) 'example_short_circuit_operator' retrieved from /home/airflow/.local/lib/python3.8/site-packages/airflow/example_dags/example_short_circuit_operator.py
[2026-08-06T21:25:20.944+0000] {logging_mixin.py:188} INFO - [2026-08-06T21:25:20.944+0000] {dag.py:3036} INFO - Sync 1 DAGs
[2026-08-06T21:25:20.980+0000] {logging_mixin.py:188} INFO - [2026-08-06T21:25:20.980+0000] {dag.py:3823} INFO - Setting next_dagrun for example_short_circuit_operator to 2026-08-05 00:00:00+00:00, run_after=2026-08-06 00:00:00+00:00
[2026-08-06T21:25:21.006+0000] {processor.py:183} INFO - Processing /home/airflow/.local/lib/python3.8/site-packages/airflow/example_dags/example_short_circuit_operator.py took 0.121 seconds
[2026-08-06T21:25:51.352+0000] {processor.py:161} INFO - Started process (PID=2317) to work on /home/airflow/.local/lib/python3.8/site-packages/airflow/example_dags/example_short_circuit_operator.py
[2026-08-06T21:25:51.353+0000] {processor.py:830} INFO - Processing file /home/airflow/.local/lib/python3.8/site-packages/airflow/example_dags/example_short_circuit_operator.py for tasks to queue
[2026-08-06T21:25:51.355+0000] {logging_mixin.py:188} INFO - [2026-08-06T21:25:51.355+0000] {dagbag.py:538} INFO - Filling up the DagBag from /home/airflow/.local/lib/python3.8/site-packages/airflow/example_dags/example_short_circuit_operator.py
[2026-08-06T21:25:51.364+0000] {processor.py:840} INFO - DAG(s) 'example_short_circuit_operator' retrieved from /home/airflow/.local/lib/python3.8/site-packages/airflow/example_dags/example_short_circuit_operator.py
[2026-08-06T21:25:51.389+0000] {logging_mixin.py:188} INFO - [2026-08-06T21:25:51.388+0000] {dag.py:3036} INFO - Sync 1 DAGs
[2026-08-06T21:25:51.411+0000] {logging_mixin.py:188} INFO - [2026-08-06T21:25:51.411+0000] {dag.py:3823} INFO - Setting next_dagrun for example_short_circuit_operator to 2026-08-05 00:00:00+00:00, run_after=2026-08-06 00:00:00+00:00
[2026-08-06T21:25:51.433+0000] {processor.py:183} INFO - Processing /home/airflow/.local/lib/python3.8/site-packages/airflow/example_dags/example_short_circuit_operator.py took 0.085 seconds
[2026-08-06T21:26:21.659+0000] {processor.py:161} INFO - Started process (PID=2382) to work on /home/airflow/.local/lib/python3.8/site-packages/airflow/example_dags/example_short_circuit_operator.py
[2026-08-06T21:26:21.660+0000] {processor.py:830} INFO - Processing file /home/airflow/.local/lib/python3.8/site-packages/airflow/example_dags/example_short_circuit_operator.py for tasks to queue
[2026-08-06T21:26:21.662+0000] {logging_mixin.py:188} INFO - [2026-08-06T21:26:21.662+0000] {dagbag.py:538} INFO - Filling up the DagBag from /home/airflow/.local/lib/python3.8/site-packages/airflow/example_dags/example_short_circuit_operator.py
[2026-08-06T21:26:21.672+0000] {processor.py:840} INFO - DAG(s) 'example_short_circuit_operator' retrieved from /home/airflow/.local/lib/python3.8/site-packages/airflow/example_dags/example_short_circuit_operator.py
[2026-08-06T21:26:21.696+0000] {logging_mixin.py:188} INFO - [2026-08-06T21:26:21.696+0000] {dag.py:3036} INFO - Sync 1 DAGs
[2026-08-06T21:26:21.719+0000] {logging_mixin.py:188} INFO - [2026-08-06T21:26:21.718+0000] {dag.py:3823} INFO - Setting next_dagrun for example_short_circuit_operator to 2026-08-05 00:00:00+00:00, run_after=2026-08-06 00:00:00+00:00
[2026-08-06T21:26:21.741+0000] {processor.py:183} INFO - Processing /home/airflow/.local/lib/python3.8/site-packages/airflow/example_dags/example_short_circuit_operator.py took 0.086 seconds
[2026-08-06T21:26:52.374+0000] {processor.py:161} INFO - Started process (PID=2447) to work on /home/airflow/.local/lib/python3.8/site-packages/airflow/example_dags/example_short_circuit_operator.py
[2026-08-06T21:26:52.375+0000] {processor.py:830} INFO - Processing file /home/airflow/.local/lib/python3.8/site-packages/airflow/example_dags/example_short_circuit_operator.py for tasks to queue
[2026-08-06T21:26:52.378+0000] {logging_mixin.py:188} INFO - [2026-08-06T21:26:52.378+0000] {dagbag.py:538} INFO - Filling up the DagBag from /home/airflow/.local/lib/python3.8/site-packages/airflow/example_dags/example_short_circuit_operator.py
[2026-08-06T21:26:52.388+0000] {processor.py:840} INFO - DAG(s) 'example_short_circuit_operator' retrieved from /home/airflow/.local/lib/python3.8/site-packages/airflow/example_dags/example_short_circuit_operator.py
[2026-08-06T21:26:52.411+0000] {logging_mixin.py:188} INFO - [2026-08-06T21:26:52.411+0000] {dag.py:3036} INFO - Sync 1 DAGs
[2026-08-06T21:26:52.433+0000] {logging_mixin.py:188} INFO - [2026-08-06T21:26:52.433+0000] {dag.py:3823} INFO - Setting next_dagrun for example_short_circuit_operator to 2026-08-05 00:00:00+00:00, run_after=2026-08-06 00:00:00+00:00
[2026-08-06T21:26:52.458+0000] {processor.py:183} INFO - Processing /home/airflow/.local/lib/python3.8/site-packages/airflow/example_dags/example_short_circuit_operator.py took 0.088 seconds
[2026-08-06T21:27:23.201+0000] {processor.py:161} INFO - Started process (PID=2512) to work on /home/airflow/.local/lib/python3.8/site-packages/airflow/example_dags/example_short_circuit_operator.py
[2026-08-06T21:27:23.202+0000] {processor.py:830} INFO - Processing file /home/airflow/.local/lib/python3.8/site-packages/airflow/example_dags/example_short_circuit_operator.py for tasks to queue
[2026-08-06T21:27:23.204+0000] {logging_mixin.py:188} INFO - [2026-08-06T21:27:23.204+0000] {dagbag.py:538} INFO - Filling up the DagBag from /home/airflow/.local/lib/python3.8/site-packages/airflow/example_dags/example_short_circuit_operator.py
[2026-08-06T21:27:23.214+0000] {processor.py:840} INFO - DAG(s) 'example_short_circuit_operator' retrieved from /home/airflow/.local/lib/python3.8/site-packages/airflow/example_dags/example_short_circuit_operator.py
[2026-08-06T21:27:23.242+0000] {logging_mixin.py:188} INFO - [2026-08-06T21:27:23.242+0000] {dag.py:3036} INFO - Sync 1 DAGs
[2026-08-06T21:27:23.403+0000] {logging_mixin.py:188} INFO - [2026-08-06T21:27:23.403+0000] {dag.py:3823} INFO - Setting next_dagrun for example_short_circuit_operator to 2026-08-05 00:00:00+00:00, run_after=2026-08-06 00:00:00+00:00
[2026-08-06T21:27:23.421+0000] {processor.py:183} INFO - Processing /home/airflow/.local/lib/python3.8/site-packages/airflow/example_dags/example_short_circuit_operator.py took 0.224 seconds
[2026-08-06T21:27:53.954+0000] {processor.py:161} INFO - Started process (PID=2577) to work on /home/airflow/.local/lib/python3.8/site-packages/airflow/example_dags/example_short_circuit_operator.py
[2026-08-06T21:27:53.955+0000] {processor.py:830} INFO - Processing file /home/airflow/.local/lib/python3.8/site-packages/airflow/example_dags/example_short_circuit_operator.py for tasks to queue
[2026-08-06T21:27:53.957+0000] {logging_mixin.py:188} INFO - [2026-08-06T21:27:53.957+0000] {dagbag.py:538} INFO - Filling up the DagBag from /home/airflow/.local/lib/python3.8/site-packages/airflow/example_dags/example_short_circuit_operator.py
[2026-08-06T21:27:53.966+0000] {processor.py:840} INFO - DAG(s) 'example_short_circuit_operator' retrieved from /home/airflow/.local/lib/python3.8/site-packages/airflow/example_dags/example_short_circuit_operator.py
[2026-08-06T21:27:53.989+0000] {logging_mixin.py:188} INFO - [2026-08-06T21:27:53.988+0000] {dag.py:3036} INFO - Sync 1 DAGs
[2026-08-06T21:27:54.148+0000] {logging_mixin.py:188} INFO - [2026-08-06T21:27:54.148+0000] {dag.py:3823} INFO - Setting next_dagrun for example_short_circuit_operator to 2026-08-05 00:00:00+00:00, run_after=2026-08-06 00:00:00+00:00
[2026-08-06T21:27:54.170+0000] {processor.py:183} INFO - Processing /home/airflow/.local/lib/python3.8/site-packages/airflow/example_dags/example_short_circuit_operator.py took 0.220 seconds
[2026-08-06T21:28:24.775+0000] {processor.py:161} INFO - Started process (PID=2642) to work on /home/airflow/.local/lib/python3.8/site-packages/airflow/example_dags/example_short_circuit_operator.py
[2026-08-06T21:28:24.777+0000] {processor.py:830} INFO - Processing file /home/airflow/.local/lib/python3.8/site-packages/airflow/example_dags/example_short_circuit_operator.py for tasks to queue
[2026-08-06T21:28:24.779+0000] {logging_mixin.py:188} INFO - [2026-08-06T21:28:24.779+0000] {dagbag.py:538} INFO - Filling up the DagBag from /home/airflow/.local/lib/python3.8/site-packages/airflow/example_dags/example_short_circuit_operator.py
[2026-08-06T21:28:24.786+0000] {processor.py:840} INFO - DAG(s) 'example_short_circuit_operator' retrieved from /home/airflow/.local/lib/python3.8/site-packages/airflow/example_dags/example_short_circuit_operator.py
[2026-08-06T21:28:24.810+0000] {logging_mixin.py:188} INFO - [2026-08-06T21:28:24.810+0000] {dag.py:3036} INFO - Sync 1 DAGs
[2026-08-06T21:28:24.963+0000] {logging_mixin.py:188} INFO - [2026-08-06T21:28:24.963+0000] {dag.py:3823} INFO - Setting next_dagrun for example_short_circuit_operator to 2026-08-05 00:00:00+00:00, run_after=2026-08-06 00:00:00+00:00
[2026-08-06T21:28:24.982+0000] {processor.py:183} INFO - Processing /home/airflow/.local/lib/python3.8/site-packages/airflow/example_dags/example_short_circuit_operator.py took 0.211 seconds
[2026-08-06T21:28:55.944+0000] {processor.py:161} INFO - Started process (PID=2707) to work on /home/airflow/.local/lib/python3.8/site-packages/airflow/example_dags/example_short_circuit_operator.py
[2026-08-06T21:28:55.945+0000] {processor.py:830} INFO - Processing file /home/airflow/.local/lib/python3.8/site-packages/airflow/example_dags/example_short_circuit_operator.py for tasks to queue
[2026-08-06T21:28:55.948+0000] {logging_mixin.py:188} INFO - [2026-08-06T21:28:55.947+0000] {dagbag.py:538} INFO - Filling up the DagBag from /home/airflow/.local/lib/python3.8/site-packages/airflow/example_dags/example_short_circuit_operator.py
[2026-08-06T21:28:55.955+0000] {processor.py:840} INFO - DAG(s) 'example_short_circuit_operator' retrieved from /home/airflow/.local/lib/python3.8/site-packages/airflow/example_dags/example_short_circuit_operator.py
[2026-08-06T21:28:55.980+0000] {logging_mixin.py:188} INFO - [2026-08-06T21:28:55.979+0000] {dag.py:3036} INFO - Sync 1 DAGs
[2026-08-06T21:28:56.000+0000] {logging_mixin.py:188} INFO - [2026-08-06T21:28:56.000+0000] {dag.py:3823} INFO - Setting next_dagrun for example_short_circuit_operator to 2026-08-05 00:00:00+00:00, run_after=2026-08-06 00:00:00+00:00
[2026-08-06T21:28:56.020+0000] {processor.py:183} INFO - Processing /home/airflow/.local/lib/python3.8/site-packages/airflow/example_dags/example_short_circuit_operator.py took 0.079 seconds
[2026-08-06T21:29:26.879+0000] {processor.py:161} INFO - Started process (PID=2772) to work on /home/airflow/.local/lib/python3.8/site-packages/airflow/example_dags/example_short_circuit_operator.py
[2026-08-06T21:29:26.880+0000] {processor.py:830} INFO - Processing file /home/airflow/.local/lib/python3.8/site-packages/airflow/example_dags/example_short_circuit_operator.py for tasks to queue
[2026-08-06T21:29:26.883+0000] {logging_mixin.py:188} INFO - [2026-08-06T21:29:26.883+0000] {dagbag.py:538} INFO - Filling up the DagBag from /home/airflow/.local/lib/python3.8/site-packages/airflow/example_dags/example_short_circuit_operator.py
[2026-08-06T21:29:26.895+0000] {processor.py:840} INFO - DAG(s) 'example_short_circuit_operator' retrieved from /home/airflow/.local/lib/python3.8/site-packages/airflow/example_dags/example_short_circuit_operator.py
[2026-08-06T21:29:26.925+0000] {logging_mixin.py:188} INFO - [2026-08-06T21:29:26.925+0000] {dag.py:3036} INFO - Sync 1 DAGs
[2026-08-06T21:29:26.954+0000] {logging_mixin.py:188} INFO - [2026-08-06T21:29:26.954+0000] {dag.py:3823} INFO - Setting next_dagrun for example_short_circuit_operator to 2026-08-05 00:00:00+00:00, run_after=2026-08-06 00:00:00+00:00
[2026-08-06T21:29:26.975+0000] {processor.py:183} INFO - Processing /home/airflow/.local/lib/python3.8/site-packages/airflow/example_dags/example_short_circuit_operator.py took 0.100 seconds
[2026-08-06T21:29:57.797+0000] {processor.py:161} INFO - Started process (PID=2837) to work on /home/airflow/.local/lib/python3.8/site-packages/airflow/example_dags/example_short_circuit_operator.py
[2026-08-06T21:29:57.799+0000] {processor.py:830} INFO - Processing file /home/airflow/.local/lib/python3.8/site-packages/airflow/example_dags/example_short_circuit_operator.py for tasks to queue
[2026-08-06T21:29:57.802+0000] {logging_mixin.py:188} INFO - [2026-08-06T21:29:57.802+0000] {dagbag.py:538} INFO - Filling up the DagBag from /home/airflow/.local/lib/python3.8/site-packages/airflow/example_dags/example_short_circuit_operator.py
[2026-08-06T21:29:57.815+0000] {processor.py:840} INFO - DAG(s) 'example_short_circuit_operator' retrieved from /home/airflow/.local/lib/python3.8/site-packages/airflow/example_dags/example_short_circuit_operator.py
[2026-08-06T21:29:57.846+0000] {logging_mixin.py:188} INFO - [2026-08-06T21:29:57.846+0000] {dag.py:3036} INFO - Sync 1 DAGs
[2026-08-06T21:29:57.885+0000] {logging_mixin.py:188} INFO - [2026-08-06T21:29:57.885+0000] {dag.py:3823} INFO - Setting next_dagrun for example_short_circuit_operator to 2026-08-05 00:00:00+00:00, run_after=2026-08-06 00:00:00+00:00
[2026-08-06T21:29:57.923+0000] {processor.py:183} INFO - Processing /home/airflow/.local/lib/python3.8/site-packages/airflow/example_dags/example_short_circuit_operator.py took 0.131 seconds
[2026-08-06T21:30:28.832+0000] {processor.py:161} INFO - Started process (PID=2902) to work on /home/airflow/.local/lib/python3.8/site-packages/airflow/example_dags/example_short_circuit_operator.py
[2026-08-06T21:30:28.835+0000] {processor.py:830} INFO - Processing file /home/airflow/.local/lib/python3.8/site-packages/airflow/example_dags/example_short_circuit_operator.py for tasks to queue
[2026-08-06T21:30:28.839+0000] {logging_mixin.py:188} INFO - [2026-08-06T21:30:28.838+0000] {dagbag.py:538} INFO - Filling up the DagBag from /home/airflow/.local/lib/python3.8/site-packages/airflow/example_dags/example_short_circuit_operator.py
[2026-08-06T21:30:28.860+0000] {processor.py:840} INFO - DAG(s) 'example_short_circuit_operator' retrieved from /home/airflow/.local/lib/python3.8/site-packages/airflow/example_dags/example_short_circuit_operator.py
[2026-08-06T21:30:28.909+0000] {logging_mixin.py:188} INFO - [2026-08-06T21:30:28.909+0000] {dag.py:3036} INFO - Sync 1 DAGs
[2026-08-06T21:30:28.956+0000] {logging_mixin.py:188} INFO - [2026-08-06T21:30:28.956+0000] {dag.py:3823} INFO - Setting next_dagrun for example_short_circuit_operator to 2026-08-05 00:00:00+00:00, run_after=2026-08-06 00:00:00+00:00
[2026-08-06T21:30:28.995+0000] {processor.py:183} INFO - Processing /home/airflow/.local/lib/python3.8/site-packages/airflow/example_dags/example_short_circuit_operator.py took 0.171 seconds
[2026-08-06T21:30:59.110+0000] {processor.py:161} INFO - Started process (PID=2979) to work on /home/airflow/.local/lib/python3.8/site-packages/airflow/example_dags/example_short_circuit_operator.py
[2026-08-06T21:30:59.114+0000] {processor.py:830} INFO - Processing file /home/airflow/.local/lib/python3.8/site-packages/airflow/example_dags/example_short_circuit_operator.py for tasks to queue
[2026-08-06T21:30:59.116+0000] {logging_mixin.py:188} INFO - [2026-08-06T21:30:59.116+0000] {dagbag.py:538} INFO - Filling up the DagBag from /home/airflow/.local/lib/python3.8/site-packages/airflow/example_dags/example_short_circuit_operator.py
[2026-08-06T21:30:59.128+0000] {processor.py:840} INFO - DAG(s) 'example_short_circuit_operator' retrieved from /home/airflow/.local/lib/python3.8/site-packages/airflow/example_dags/example_short_circuit_operator.py
[2026-08-06T21:30:59.173+0000] {logging_mixin.py:188} INFO - [2026-08-06T21:30:59.172+0000] {dag.py:3036} INFO - Sync 1 DAGs
[2026-08-06T21:30:59.213+0000] {logging_mixin.py:188} INFO - [2026-08-06T21:30:59.213+0000] {dag.py:3823} INFO - Setting next_dagrun for example_short_circuit_operator to 2026-08-05 00:00:00+00:00, run_after=2026-08-06 00:00:00+00:00
[2026-08-06T21:30:59.247+0000] {processor.py:183} INFO - Processing /home/airflow/.local/lib/python3.8/site-packages/airflow/example_dags/example_short_circuit_operator.py took 0.147 seconds
[2026-08-06T21:31:30.227+0000] {processor.py:161} INFO - Started process (PID=3060) to work on /home/airflow/.local/lib/python3.8/site-packages/airflow/example_dags/example_short_circuit_operator.py
[2026-08-06T21:31:30.228+0000] {processor.py:830} INFO - Processing file /home/airflow/.local/lib/python3.8/site-packages/airflow/example_dags/example_short_circuit_operator.py for tasks to queue
[2026-08-06T21:31:30.232+0000] {logging_mixin.py:188} INFO - [2026-08-06T21:31:30.231+0000] {dagbag.py:538} INFO - Filling up the DagBag from /home/airflow/.local/lib/python3.8/site-packages/airflow/example_dags/example_short_circuit_operator.py
[2026-08-06T21:31:30.247+0000] {processor.py:840} INFO - DAG(s) 'example_short_circuit_operator' retrieved from /home/airflow/.local/lib/python3.8/site-packages/airflow/example_dags/example_short_circuit_operator.py
[2026-08-06T21:31:30.298+0000] {logging_mixin.py:188} INFO - [2026-08-06T21:31:30.298+0000] {dag.py:3036} INFO - Sync 1 DAGs
[2026-08-06T21:31:30.339+0000] {logging_mixin.py:188} INFO - [2026-08-06T21:31:30.338+0000] {dag.py:3823} INFO - Setting next_dagrun for example_short_circuit_operator to 2026-08-05 00:00:00+00:00, run_after=2026-08-06 00:00:00+00:00
[2026-08-06T21:31:30.378+0000] {processor.py:183} INFO - Processing /home/airflow/.local/lib/python3.8/site-packages/airflow/example_dags/example_short_circuit_operator.py took 0.157 seconds
[2026-08-06T21:32:01.134+0000] {processor.py:161} INFO - Started process (PID=3125) to work on /home/airflow/.local/lib/python3.8/site-packages/airflow/example_dags/example_short_circuit_operator.py
[2026-08-06T21:32:01.135+0000] {processor.py:830} INFO - Processing file /home/airflow/.local/lib/python3.8/site-packages/airflow/example_dags/example_short_circuit_operator.py for tasks to queue
[2026-08-06T21:32:01.138+0000] {logging_mixin.py:188} INFO - [2026-08-06T21:32:01.137+0000] {dagbag.py:538} INFO - Filling up the DagBag from /home/airflow/.local/lib/python3.8/site-packages/airflow/example_dags/example_short_circuit_operator.py
[2026-08-06T21:32:01.146+0000] {processor.py:840} INFO - DAG(s) 'example_short_circuit_operator' retrieved from /home/airflow/.local/lib/python3.8/site-packages/airflow/example_dags/example_short_circuit_operator.py
[2026-08-06T21:32:01.170+0000] {logging_mixin.py:188} INFO - [2026-08-06T21:32:01.170+0000] {dag.py:3036} INFO - Sync 1 DAGs
[2026-08-06T21:32:01.191+0000] {logging_mixin.py:188} INFO - [2026-08-06T21:32:01.191+0000] {dag.py:3823} INFO - Setting next_dagrun for example_short_circuit_operator to 2026-08-05 00:00:00+00:00, run_after=2026-08-06 00:00:00+00:00
[2026-08-06T21:32:01.211+0000] {processor.py:183} INFO - Processing /home/airflow/.local/lib/python3.8/site-packages/airflow/example_dags/example_short_circuit_operator.py took 0.080 seconds
[2026-08-06T21:32:31.775+0000] {processor.py:161} INFO - Started process (PID=3190) to work on /home/airflow/.local/lib/python3.8/site-packages/airflow/example_dags/example_short_circuit_operator.py
[2026-08-06T21:32:31.776+0000] {processor.py:830} INFO - Processing file /home/airflow/.local/lib/python3.8/site-packages/airflow/example_dags/example_short_circuit_operator.py for tasks to queue
[2026-08-06T21:32:31.778+0000] {logging_mixin.py:188} INFO - [2026-08-06T21:32:31.778+0000] {dagbag.py:538} INFO - Filling up the DagBag from /home/airflow/.local/lib/python3.8/site-packages/airflow/example_dags/example_short_circuit_operator.py
[2026-08-06T21:32:31.786+0000] {processor.py:840} INFO - DAG(s) 'example_short_circuit_operator' retrieved from /home/airflow/.local/lib/python3.8/site-packages/airflow/example_dags/example_short_circuit_operator.py
[2026-08-06T21:32:31.816+0000] {logging_mixin.py:188} INFO - [2026-08-06T21:32:31.815+0000] {dag.py:3036} INFO - Sync 1 DAGs
[2026-08-06T21:32:31.840+0000] {logging_mixin.py:188} INFO - [2026-08-06T21:32:31.840+0000] {dag.py:3823} INFO - Setting next_dagrun for example_short_circuit_operator to 2026-08-05 00:00:00+00:00, run_after=2026-08-06 00:00:00+00:00
[2026-08-06T21:32:31.862+0000] {processor.py:183} INFO - Processing /home/airflow/.local/lib/python3.8/site-packages/airflow/example_dags/example_short_circuit_operator.py took 0.091 seconds
[2026-08-06T21:33:02.229+0000] {processor.py:161} INFO - Started process (PID=3255) to work on /home/airflow/.local/lib/python3.8/site-packages/airflow/example_dags/example_short_circuit_operator.py
[2026-08-06T21:33:02.230+0000] {processor.py:830} INFO - Processing file /home/airflow/.local/lib/python3.8/site-packages/airflow/example_dags/example_short_circuit_operator.py for tasks to queue
[2026-08-06T21:33:02.232+0000] {logging_mixin.py:188} INFO - [2026-08-06T21:33:02.232+0000] {dagbag.py:538} INFO - Filling up the DagBag from /home/airflow/.local/lib/python3.8/site-packages/airflow/example_dags/example_short_circuit_operator.py
[2026-08-06T21:33:02.240+0000] {processor.py:840} INFO - DAG(s) 'example_short_circuit_operator' retrieved from /home/airflow/.local/lib/python3.8/site-packages/airflow/example_dags/example_short_circuit_operator.py
[2026-08-06T21:33:02.264+0000] {logging_mixin.py:188} INFO - [2026-08-06T21:33:02.264+0000] {dag.py:3036} INFO - Sync 1 DAGs
[2026-08-06T21:33:02.288+0000] {logging_mixin.py:188} INFO - [2026-08-06T21:33:02.288+0000] {dag.py:3823} INFO - Setting next_dagrun for example_short_circuit_operator to 2026-08-05 00:00:00+00:00, run_after=2026-08-06 00:00:00+00:00
[2026-08-06T21:33:02.311+0000] {processor.py:183} INFO - Processing /home/airflow/.local/lib/python3.8/site-packages/airflow/example_dags/example_short_circuit_operator.py took 0.085 seconds
[2026-08-06T21:33:32.850+0000] {processor.py:161} INFO - Started process (PID=3328) to work on /home/airflow/.local/lib/python3.8/site-packages/airflow/example_dags/example_short_circuit_operator.py
[2026-08-06T21:33:32.851+0000] {processor.py:830} INFO - Processing file /home/airflow/.local/lib/python3.8/site-packages/airflow/example_dags/example_short_circuit_operator.py for tasks to queue
[2026-08-06T21:33:32.854+0000] {logging_mixin.py:188} INFO - [2026-08-06T21:33:32.853+0000] {dagbag.py:538} INFO - Filling up the DagBag from /home/airflow/.local/lib/python3.8/site-packages/airflow/example_dags/example_short_circuit_operator.py
[2026-08-06T21:33:32.861+0000] {processor.py:840} INFO - DAG(s) 'example_short_circuit_operator' retrieved from /home/airflow/.local/lib/python3.8/site-packages/airflow/example_dags/example_short_circuit_operator.py
[2026-08-06T21:33:32.890+0000] {logging_mixin.py:188} INFO - [2026-08-06T21:33:32.890+0000] {dag.py:3036} INFO - Sync 1 DAGs
[2026-08-06T21:33:32.912+0000] {logging_mixin.py:188} INFO - [2026-08-06T21:33:32.911+0000] {dag.py:3823} INFO - Setting next_dagrun for example_short_circuit_operator to 2026-08-05 00:00:00+00:00, run_after=2026-08-06 00:00:00+00:00
[2026-08-06T21:33:32.933+0000] {processor.py:183} INFO - Processing /home/airflow/.local/lib/python3.8/site-packages/airflow/example_dags/example_short_circuit_operator.py took 0.086 seconds
[2026-08-06T21:34:03.415+0000] {processor.py:161} INFO - Started process (PID=3400) to work on /home/airflow/.local/lib/python3.8/site-packages/airflow/example_dags/example_short_circuit_operator.py
[2026-08-06T21:34:03.416+0000] {processor.py:830} INFO - Processing file /home/airflow/.local/lib/python3.8/site-packages/airflow/example_dags/example_short_circuit_operator.py for tasks to queue
[2026-08-06T21:34:03.418+0000] {logging_mixin.py:188} INFO - [2026-08-06T21:34:03.418+0000] {dagbag.py:538} INFO - Filling up the DagBag from /home/airflow/.local/lib/python3.8/site-packages/airflow/example_dags/example_short_circuit_operator.py
[2026-08-06T21:34:03.427+0000] {processor.py:840} INFO - DAG(s) 'example_short_circuit_operator' retrieved from /home/airflow/.local/lib/python3.8/site-packages/airflow/example_dags/example_short_circuit_operator.py
[2026-08-06T21:34:03.453+0000] {logging_mixin.py:188} INFO - [2026-08-06T21:34:03.453+0000] {dag.py:3036} INFO - Sync 1 DAGs
[2026-08-06T21:34:03.483+0000] {logging_mixin.py:188} INFO - [2026-08-06T21:34:03.482+0000] {dag.py:3823} INFO - Setting next_dagrun for example_short_circuit_operator to 2026-08-05 00:00:00+00:00, run_after=2026-08-06 00:00:00+00:00
[2026-08-06T21:34:03.506+0000] {processor.py:183} INFO - Processing /home/airflow/.local/lib/python3.8/site-packages/airflow/example_dags/example_short_circuit_operator.py took 0.095 seconds
[2026-08-06T21:34:33.889+0000] {processor.py:161} INFO - Started process (PID=3465) to work on /home/airflow/.local/lib/python3.8/site-packages/airflow/example_dags/example_short_circuit_operator.py
[2026-08-06T21:34:33.891+0000] {processor.py:830} INFO - Processing file /home/airflow/.local/lib/python3.8/site-packages/airflow/example_dags/example_short_circuit_operator.py for tasks to queue
[2026-08-06T21:34:33.894+0000] {logging_mixin.py:188} INFO - [2026-08-06T21:34:33.893+0000] {dagbag.py:538} INFO - Filling up the DagBag from /home/airflow/.local/lib/python3.8/site-packages/airflow/example_dags/example_short_circuit_operator.py
[2026-08-06T21:34:33.902+0000] {processor.py:840} INFO - DAG(s) 'example_short_circuit_operator' retrieved from /home/airflow/.local/lib/python3.8/site-packages/airflow/example_dags/example_short_circuit_operator.py
[2026-08-06T21:34:33.929+0000] {logging_mixin.py:188} INFO - [2026-08-06T21:34:33.929+0000] {dag.py:3036} INFO - Sync 1 DAGs
[2026-08-06T21:34:33.954+0000] {logging_mixin.py:188} INFO - [2026-08-06T21:34:33.954+0000] {dag.py:3823} INFO - Setting next_dagrun for example_short_circuit_operator to 2026-08-05 00:00:00+00:00, run_after=2026-08-06 00:00:00+00:00
[2026-08-06T21:34:33.978+0000] {processor.py:183} INFO - Processing /home/airflow/.local/lib/python3.8/site-packages/airflow/example_dags/example_short_circuit_operator.py took 0.093 seconds
[2026-08-06T21:35:04.289+0000] {processor.py:161} INFO - Started process (PID=3530) to work on /home/airflow/.local/lib/python3.8/site-packages/airflow/example_dags/example_short_circuit_operator.py
[2026-08-06T21:35:04.291+0000] {processor.py:830} INFO - Processing file /home/airflow/.local/lib/python3.8/site-packages/airflow/example_dags/example_short_circuit_operator.py for tasks to queue
[2026-08-06T21:35:04.294+0000] {logging_mixin.py:188} INFO - [2026-08-06T21:35:04.293+0000] {dagbag.py:538} INFO - Filling up the DagBag from /home/airflow/.local/lib/python3.8/site-packages/airflow/example_dags/example_short_circuit_operator.py
[2026-08-06T21:35:04.301+0000] {processor.py:840} INFO - DAG(s) 'example_short_circuit_operator' retrieved from /home/airflow/.local/lib/python3.8/site-packages/airflow/example_dags/example_short_circuit_operator.py
[2026-08-06T21:35:04.326+0000] {logging_mixin.py:188} INFO - [2026-08-06T21:35:04.326+0000] {dag.py:3036} INFO - Sync 1 DAGs
[2026-08-06T21:35:04.346+0000] {logging_mixin.py:188} INFO - [2026-08-06T21:35:04.346+0000] {dag.py:3823} INFO - Setting next_dagrun for example_short_circuit_operator to 2026-08-05 00:00:00+00:00, run_after=2026-08-06 00:00:00+00:00
[2026-08-06T21:35:04.368+0000] {processor.py:183} INFO - Processing /home/airflow/.local/lib/python3.8/site-packages/airflow/example_dags/example_short_circuit_operator.py took 0.082 seconds
[2026-08-06T21:35:34.546+0000] {processor.py:161} INFO - Started process (PID=3595) to work on /home/airflow/.local/lib/python3.8/site-packages/airflow/example_dags/example_short_circuit_operator.py
[2026-08-06T21:35:34.547+0000] {processor.py:830} INFO - Processing file /home/airflow/.local/lib/python3.8/site-packages/airflow/example_dags/example_short_circuit_operator.py for tasks to queue
[2026-08-06T21:35:34.550+0000] {logging_mixin.py:188} INFO - [2026-08-06T21:35:34.549+0000] {dagbag.py:538} INFO - Filling up the DagBag from /home/airflow/.local/lib/python3.8/site-packages/airflow/example_dags/example_short_circuit_operator.py
[2026-08-06T21:35:34.558+0000] {processor.py:840} INFO - DAG(s) 'example_short_circuit_operator' retrieved from /home/airflow/.local/lib/python3.8/site-packages/airflow/example_dags/example_short_circuit_operator.py
[2026-08-06T21:35:34.582+0000] {logging_mixin.py:188} INFO - [2026-08-06T21:35:34.582+0000] {dag.py:3036} INFO - Sync 1 DAGs
[2026-08-06T21:35:34.606+0000] {logging_mixin.py:188} INFO - [2026-08-06T21:35:34.605+0000] {dag.py:3823} INFO - Setting next_dagrun for example_short_circuit_operator to 2026-08-05 00:00:00+00:00, run_after=2026-08-06 00:00:00+00:00
[2026-08-06T21:35:34.630+0000] {processor.py:183} INFO - Processing /home/airflow/.local/lib/python3.8/site-packages/airflow/example_dags/example_short_circuit_operator.py took 0.087 seconds
[2026-08-06T21:36:05.235+0000] {processor.py:161} INFO - Started process (PID=3660) to work on /home/airflow/.local/lib/python3.8/site-packages/airflow/example_dags/example_short_circuit_operator.py
[2026-08-06T21:36:05.236+0000] {processor.py:830} INFO - Processing file /home/airflow/.local/lib/python3.8/site-packages/airflow/example_dags/example_short_circuit_operator.py for tasks to queue
[2026-08-06T21:36:05.238+0000] {logging_mixin.py:188} INFO - [2026-08-06T21:36:05.238+0000] {dagbag.py:538} INFO - Filling up the DagBag from /home/airflow/.local/lib/python3.8/site-packages/airflow/example_dags/example_short_circuit_operator.py
[2026-08-06T21:36:05.246+0000] {processor.py:840} INFO - DAG(s) 'example_short_circuit_operator' retrieved from /home/airflow/.local/lib/python3.8/site-packages/airflow/example_dags/example_short_circuit_operator.py
[2026-08-06T21:36:05.271+0000] {logging_mixin.py:188} INFO - [2026-08-06T21:36:05.271+0000] {dag.py:3036} INFO - Sync 1 DAGs
[2026-08-06T21:36:05.291+0000] {logging_mixin.py:188} INFO - [2026-08-06T21:36:05.291+0000] {dag.py:3823} INFO - Setting next_dagrun for example_short_circuit_operator to 2026-08-05 00:00:00+00:00, run_after=2026-08-06 00:00:00+00:00
[2026-08-06T21:36:05.313+0000] {processor.py:183} INFO - Processing /home/airflow/.local/lib/python3.8/site-packages/airflow/example_dags/example_short_circuit_operator.py took 0.081 seconds
[2026-08-06T21:36:36.148+0000] {processor.py:161} INFO - Started process (PID=3725) to work on /home/airflow/.local/lib/python3.8/site-packages/airflow/example_dags/example_short_circuit_operator.py
[2026-08-06T21:36:36.150+0000] {processor.py:830} INFO - Processing file /home/airflow/.local/lib/python3.8/site-packages/airflow/example_dags/example_short_circuit_operator.py for tasks to queue
[2026-08-06T21:36:36.152+0000] {logging_mixin.py:188} INFO - [2026-08-06T21:36:36.151+0000] {dagbag.py:538} INFO - Filling up the DagBag from /home/airflow/.local/lib/python3.8/site-packages/airflow/example_dags/example_short_circuit_operator.py
[2026-08-06T21:36:36.160+0000] {processor.py:840} INFO - DAG(s) 'example_short_circuit_operator' retrieved from /home/airflow/.local/lib/python3.8/site-packages/airflow/example_dags/example_short_circuit_operator.py
[2026-08-06T21:36:36.188+0000] {logging_mixin.py:188} INFO - [2026-08-06T21:36:36.187+0000] {dag.py:3036} INFO - Sync 1 DAGs
[2026-08-06T21:36:36.223+0000] {logging_mixin.py:188} INFO - [2026-08-06T21:36:36.222+0000] {dag.py:3823} INFO - Setting next_dagrun for example_short_circuit_operator to 2026-08-05 00:00:00+00:00, run_after=2026-08-06 00:00:00+00:00
[2026-08-06T21:36:36.260+0000] {processor.py:183} INFO - Processing /home/airflow/.local/lib/python3.8/site-packages/airflow/example_dags/example_short_circuit_operator.py took 0.116 seconds
[2026-08-06T21:37:06.822+0000] {processor.py:161} INFO - Started process (PID=3790) to work on /home/airflow/.local/lib/python3.8/site-packages/airflow/example_dags/example_short_circuit_operator.py
[2026-08-06T21:37:06.824+0000] {processor.py:830} INFO - Processing file /home/airflow/.local/lib/python3.8/site-packages/airflow/example_dags/example_short_circuit_operator.py for tasks to queue
[2026-08-06T21:37:06.827+0000] {logging_mixin.py:188} INFO - [2026-08-06T21:37:06.827+0000] {dagbag.py:538} INFO - Filling up the DagBag from /home/airflow/.local/lib/python3.8/site-packages/airflow/example_dags/example_short_circuit_operator.py
[2026-08-06T21:37:06.835+0000] {processor.py:840} INFO - DAG(s) 'example_short_circuit_operator' retrieved from /home/airflow/.local/lib/python3.8/site-packages/airflow/example_dags/example_short_circuit_operator.py
[2026-08-06T21:37:06.862+0000] {logging_mixin.py:188} INFO - [2026-08-06T21:37:06.862+0000] {dag.py:3036} INFO - Sync 1 DAGs
[2026-08-06T21:37:06.891+0000] {logging_mixin.py:188} INFO - [2026-08-06T21:37:06.891+0000] {dag.py:3823} INFO - Setting next_dagrun for example_short_circuit_operator to 2026-08-05 00:00:00+00:00, run_after=2026-08-06 00:00:00+00:00
[2026-08-06T21:37:06.917+0000] {processor.py:183} INFO - Processing /home/airflow/.local/lib/python3.8/site-packages/airflow/example_dags/example_short_circuit_operator.py took 0.099 seconds
[2026-08-06T21:37:37.181+0000] {processor.py:161} INFO - Started process (PID=3855) to work on /home/airflow/.local/lib/python3.8/site-packages/airflow/example_dags/example_short_circuit_operator.py
[2026-08-06T21:37:37.183+0000] {processor.py:830} INFO - Processing file /home/airflow/.local/lib/python3.8/site-packages/airflow/example_dags/example_short_circuit_operator.py for tasks to queue
[2026-08-06T21:37:37.185+0000] {logging_mixin.py:188} INFO - [2026-08-06T21:37:37.184+0000] {dagbag.py:538} INFO - Filling up the DagBag from /home/airflow/.local/lib/python3.8/site-packages/airflow/example_dags/example_short_circuit_operator.py
[2026-08-06T21:37:37.193+0000] {processor.py:840} INFO - DAG(s) 'example_short_circuit_operator' retrieved from /home/airflow/.local/lib/python3.8/site-packages/airflow/example_dags/example_short_circuit_operator.py
[2026-08-06T21:37:37.223+0000] {logging_mixin.py:188} INFO - [2026-08-06T21:37:37.223+0000] {dag.py:3036} INFO - Sync 1 DAGs
[2026-08-06T21:37:37.254+0000] {logging_mixin.py:188} INFO - [2026-08-06T21:37:37.254+0000] {dag.py:3823} INFO - Setting next_dagrun for example_short_circuit_operator to 2026-08-05 00:00:00+00:00, run_after=2026-08-06 00:00:00+00:00
[2026-08-06T21:37:37.282+0000] {processor.py:183} INFO - Processing /home/airflow/.local/lib/python3.8/site-packages/airflow/example_dags/example_short_circuit_operator.py took 0.105 seconds
[2026-08-06T21:38:07.570+0000] {processor.py:161} INFO - Started process (PID=3925) to work on /home/airflow/.local/lib/python3.8/site-packages/airflow/example_dags/example_short_circuit_operator.py
[2026-08-06T21:38:07.571+0000] {processor.py:830} INFO - Processing file /home/airflow/.local/lib/python3.8/site-packages/airflow/example_dags/example_short_circuit_operator.py for tasks to queue
[2026-08-06T21:38:07.575+0000] {logging_mixin.py:188} INFO - [2026-08-06T21:38:07.574+0000] {dagbag.py:538} INFO - Filling up the DagBag from /home/airflow/.local/lib/python3.8/site-packages/airflow/example_dags/example_short_circuit_operator.py
[2026-08-06T21:38:07.587+0000] {processor.py:840} INFO - DAG(s) 'example_short_circuit_operator' retrieved from /home/airflow/.local/lib/python3.8/site-packages/airflow/example_dags/example_short_circuit_operator.py
[2026-08-06T21:38:07.622+0000] {logging_mixin.py:188} INFO - [2026-08-06T21:38:07.622+0000] {dag.py:3036} INFO - Sync 1 DAGs
[2026-08-06T21:38:07.652+0000] {logging_mixin.py:188} INFO - [2026-08-06T21:38:07.651+0000] {dag.py:3823} INFO - Setting next_dagrun for example_short_circuit_operator to 2026-08-05 00:00:00+00:00, run_after=2026-08-06 00:00:00+00:00
[2026-08-06T21:38:07.684+0000] {processor.py:183} INFO - Processing /home/airflow/.local/lib/python3.8/site-packages/airflow/example_dags/example_short_circuit_operator.py took 0.118 seconds
[2026-08-06T21:38:37.854+0000] {processor.py:161} INFO - Started process (PID=3990) to work on /home/airflow/.local/lib/python3.8/site-packages/airflow/example_dags/example_short_circuit_operator.py
[2026-08-06T21:38:37.855+0000] {processor.py:830} INFO - Processing file /home/airflow/.local/lib/python3.8/site-packages/airflow/example_dags/example_short_circuit_operator.py for tasks to queue
[2026-08-06T21:38:37.857+0000] {logging_mixin.py:188} INFO - [2026-08-06T21:38:37.857+0000] {dagbag.py:538} INFO - Filling up the DagBag from /home/airflow/.local/lib/python3.8/site-packages/airflow/example_dags/example_short_circuit_operator.py
[2026-08-06T21:38:37.865+0000] {processor.py:840} INFO - DAG(s) 'example_short_circuit_operator' retrieved from /home/airflow/.local/lib/python3.8/site-packages/airflow/example_dags/example_short_circuit_operator.py
[2026-08-06T21:38:37.895+0000] {logging_mixin.py:188} INFO - [2026-08-06T21:38:37.895+0000] {dag.py:3036} INFO - Sync 1 DAGs
[2026-08-06T21:38:37.917+0000] {logging_mixin.py:188} INFO - [2026-08-06T21:38:37.917+0000] {dag.py:3823} INFO - Setting next_dagrun for example_short_circuit_operator to 2026-08-05 00:00:00+00:00, run_after=2026-08-06 00:00:00+00:00
[2026-08-06T21:38:37.944+0000] {processor.py:183} INFO - Processing /home/airflow/.local/lib/python3.8/site-packages/airflow/example_dags/example_short_circuit_operator.py took 0.094 seconds
[2026-08-06T21:39:08.475+0000] {processor.py:161} INFO - Started process (PID=4055) to work on /home/airflow/.local/lib/python3.8/site-packages/airflow/example_dags/example_short_circuit_operator.py
[2026-08-06T21:39:08.476+0000] {processor.py:830} INFO - Processing file /home/airflow/.local/lib/python3.8/site-packages/airflow/example_dags/example_short_circuit_operator.py for tasks to queue
[2026-08-06T21:39:08.478+0000] {logging_mixin.py:188} INFO - [2026-08-06T21:39:08.478+0000] {dagbag.py:538} INFO - Filling up the DagBag from /home/airflow/.local/lib/python3.8/site-packages/airflow/example_dags/example_short_circuit_operator.py
[2026-08-06T21:39:08.486+0000] {processor.py:840} INFO - DAG(s) 'example_short_circuit_operator' retrieved from /home/airflow/.local/lib/python3.8/site-packages/airflow/example_dags/example_short_circuit_operator.py
[2026-08-06T21:39:08.509+0000] {logging_mixin.py:188} INFO - [2026-08-06T21:39:08.509+0000] {dag.py:3036} INFO - Sync 1 DAGs
[2026-08-06T21:39:08.531+0000] {logging_mixin.py:188} INFO - [2026-08-06T21:39:08.531+0000] {dag.py:3823} INFO - Setting next_dagrun for example_short_circuit_operator to 2026-08-05 00:00:00+00:00, run_after=2026-08-06 00:00:00+00:00
[2026-08-06T21:39:08.552+0000] {processor.py:183} INFO - Processing /home/airflow/.local/lib/python3.8/site-packages/airflow/example_dags/example_short_circuit_operator.py took 0.082 seconds
[2026-08-06T21:39:38.841+0000] {processor.py:161} INFO - Started process (PID=4120) to work on /home/airflow/.local/lib/python3.8/site-packages/airflow/example_dags/example_short_circuit_operator.py
[2026-08-06T21:39:38.842+0000] {processor.py:830} INFO - Processing file /home/airflow/.local/lib/python3.8/site-packages/airflow/example_dags/example_short_circuit_operator.py for tasks to queue
[2026-08-06T21:39:38.845+0000] {logging_mixin.py:188} INFO - [2026-08-06T21:39:38.845+0000] {dagbag.py:538} INFO - Filling up the DagBag from /home/airflow/.local/lib/python3.8/site-packages/airflow/example_dags/example_short_circuit_operator.py
[2026-08-06T21:39:38.853+0000] {processor.py:840} INFO - DAG(s) 'example_short_circuit_operator' retrieved from /home/airflow/.local/lib/python3.8/site-packages/airflow/example_dags/example_short_circuit_operator.py
[2026-08-06T21:39:38.879+0000] {logging_mixin.py:188} INFO - [2026-08-06T21:39:38.878+0000] {dag.py:3036} INFO - Sync 1 DAGs
[2026-08-06T21:39:38.900+0000] {logging_mixin.py:188} INFO - [2026-08-06T21:39:38.900+0000] {dag.py:3823} INFO - Setting next_dagrun for example_short_circuit_operator to 2026-08-05 00:00:00+00:00, run_after=2026-08-06 00:00:00+00:00
[2026-08-06T21:39:38.921+0000] {processor.py:183} INFO - Processing /home/airflow/.local/lib/python3.8/site-packages/airflow/example_dags/example_short_circuit_operator.py took 0.084 seconds
[2026-08-06T21:40:09.343+0000] {processor.py:161} INFO - Started process (PID=4190) to work on /home/airflow/.local/lib/python3.8/site-packages/airflow/example_dags/example_short_circuit_operator.py
[2026-08-06T21:40:09.344+0000] {processor.py:830} INFO - Processing file /home/airflow/.local/lib/python3.8/site-packages/airflow/example_dags/example_short_circuit_operator.py for tasks to queue
[2026-08-06T21:40:09.346+0000] {logging_mixin.py:188} INFO - [2026-08-06T21:40:09.345+0000] {dagbag.py:538} INFO - Filling up the DagBag from /home/airflow/.local/lib/python3.8/site-packages/airflow/example_dags/example_short_circuit_operator.py
[2026-08-06T21:40:09.355+0000] {processor.py:840} INFO - DAG(s) 'example_short_circuit_operator' retrieved from /home/airflow/.local/lib/python3.8/site-packages/airflow/example_dags/example_short_circuit_operator.py
[2026-08-06T21:40:09.387+0000] {logging_mixin.py:188} INFO - [2026-08-06T21:40:09.386+0000] {dag.py:3036} INFO - Sync 1 DAGs
[2026-08-06T21:40:09.418+0000] {logging_mixin.py:188} INFO - [2026-08-06T21:40:09.418+0000] {dag.py:3823} INFO - Setting next_dagrun for example_short_circuit_operator to 2026-08-05 00:00:00+00:00, run_after=2026-08-06 00:00:00+00:00
[2026-08-06T21:40:09.458+0000] {processor.py:183} INFO - Processing /home/airflow/.local/lib/python3.8/site-packages/airflow/example_dags/example_short_circuit_operator.py took 0.118 seconds
[2026-08-06T21:40:39.858+0000] {processor.py:161} INFO - Started process (PID=4255) to work on /home/airflow/.local/lib/python3.8/site-packages/airflow/example_dags/example_short_circuit_operator.py
[2026-08-06T21:40:39.859+0000] {processor.py:830} INFO - Processing file /home/airflow/.local/lib/python3.8/site-packages/airflow/example_dags/example_short_circuit_operator.py for tasks to queue
[2026-08-06T21:40:39.862+0000] {logging_mixin.py:188} INFO - [2026-08-06T21:40:39.862+0000] {dagbag.py:538} INFO - Filling up the DagBag from /home/airflow/.local/lib/python3.8/site-packages/airflow/example_dags/example_short_circuit_operator.py
[2026-08-06T21:40:39.875+0000] {processor.py:840} INFO - DAG(s) 'example_short_circuit_operator' retrieved from /home/airflow/.local/lib/python3.8/site-packages/airflow/example_dags/example_short_circuit_operator.py
[2026-08-06T21:40:39.907+0000] {logging_mixin.py:188} INFO - [2026-08-06T21:40:39.907+0000] {dag.py:3036} INFO - Sync 1 DAGs
[2026-08-06T21:40:39.936+0000] {logging_mixin.py:188} INFO - [2026-08-06T21:40:39.935+0000] {dag.py:3823} INFO - Setting next_dagrun for example_short_circuit_operator to 2026-08-05 00:00:00+00:00, run_after=2026-08-06 00:00:00+00:00
[2026-08-06T21:40:39.973+0000] {processor.py:183} INFO - Processing /home/airflow/.local/lib/python3.8/site-packages/airflow/example_dags/example_short_circuit_operator.py took 0.120 seconds
[2026-08-06T21:41:10.062+0000] {processor.py:161} INFO - Started process (PID=4320) to work on /home/airflow/.local/lib/python3.8/site-packages/airflow/example_dags/example_short_circuit_operator.py
[2026-08-06T21:41:10.064+0000] {processor.py:830} INFO - Processing file /home/airflow/.local/lib/python3.8/site-packages/airflow/example_dags/example_short_circuit_operator.py for tasks to queue
[2026-08-06T21:41:10.066+0000] {logging_mixin.py:188} INFO - [2026-08-06T21:41:10.066+0000] {dagbag.py:538} INFO - Filling up the DagBag from /home/airflow/.local/lib/python3.8/site-packages/airflow/example_dags/example_short_circuit_operator.py
[2026-08-06T21:41:10.074+0000] {processor.py:840} INFO - DAG(s) 'example_short_circuit_operator' retrieved from /home/airflow/.local/lib/python3.8/site-packages/airflow/example_dags/example_short_circuit_operator.py
[2026-08-06T21:41:10.098+0000] {logging_mixin.py:188} INFO - [2026-08-06T21:41:10.097+0000] {dag.py:3036} INFO - Sync 1 DAGs
[2026-08-06T21:41:10.118+0000] {logging_mixin.py:188} INFO - [2026-08-06T21:41:10.118+0000] {dag.py:3823} INFO - Setting next_dagrun for example_short_circuit_operator to 2026-08-05 00:00:00+00:00, run_after=2026-08-06 00:00:00+00:00
[2026-08-06T21:41:10.138+0000] {processor.py:183} INFO - Processing /home/airflow/.local/lib/python3.8/site-packages/airflow/example_dags/example_short_circuit_operator.py took 0.080 seconds
[2026-08-06T21:41:40.602+0000] {processor.py:161} INFO - Started process (PID=4385) to work on /home/airflow/.local/lib/python3.8/site-packages/airflow/example_dags/example_short_circuit_operator.py
[2026-08-06T21:41:40.603+0000] {processor.py:830} INFO - Processing file /home/airflow/.local/lib/python3.8/site-packages/airflow/example_dags/example_short_circuit_operator.py for tasks to queue
[2026-08-06T21:41:40.605+0000] {logging_mixin.py:188} INFO - [2026-08-06T21:41:40.605+0000] {dagbag.py:538} INFO - Filling up the DagBag from /home/airflow/.local/lib/python3.8/site-packages/airflow/example_dags/example_short_circuit_operator.py
[2026-08-06T21:41:40.612+0000] {processor.py:840} INFO - DAG(s) 'example_short_circuit_operator' retrieved from /home/airflow/.local/lib/python3.8/site-packages/airflow/example_dags/example_short_circuit_operator.py
[2026-08-06T21:41:40.634+0000] {logging_mixin.py:188} INFO - [2026-08-06T21:41:40.634+0000] {dag.py:3036} INFO - Sync 1 DAGs
[2026-08-06T21:41:40.656+0000] {logging_mixin.py:188} INFO - [2026-08-06T21:41:40.656+0000] {dag.py:3823} INFO - Setting next_dagrun for example_short_circuit_operator to 2026-08-05 00:00:00+00:00, run_after=2026-08-06 00:00:00+00:00
[2026-08-06T21:41:40.676+0000] {processor.py:183} INFO - Processing /home/airflow/.local/lib/python3.8/site-packages/airflow/example_dags/example_short_circuit_operator.py took 0.078 seconds
[2026-08-06T21:42:11.565+0000] {processor.py:161} INFO - Started process (PID=4450) to work on /home/airflow/.local/lib/python3.8/site-packages/airflow/example_dags/example_short_circuit_operator.py
[2026-08-06T21:42:11.567+0000] {processor.py:830} INFO - Processing file /home/airflow/.local/lib/python3.8/site-packages/airflow/example_dags/example_short_circuit_operator.py for tasks to queue
[2026-08-06T21:42:11.569+0000] {logging_mixin.py:188} INFO - [2026-08-06T21:42:11.568+0000] {dagbag.py:538} INFO - Filling up the DagBag from /home/airflow/.local/lib/python3.8/site-packages/airflow/example_dags/example_short_circuit_operator.py
[2026-08-06T21:42:11.580+0000] {processor.py:840} INFO - DAG(s) 'example_short_circuit_operator' retrieved from /home/airflow/.local/lib/python3.8/site-packages/airflow/example_dags/example_short_circuit_operator.py
[2026-08-06T21:42:11.605+0000] {logging_mixin.py:188} INFO - [2026-08-06T21:42:11.604+0000] {dag.py:3036} INFO - Sync 1 DAGs
[2026-08-06T21:42:11.631+0000] {logging_mixin.py:188} INFO - [2026-08-06T21:42:11.631+0000] {dag.py:3823} INFO - Setting next_dagrun for example_short_circuit_operator to 2026-08-05 00:00:00+00:00, run_after=2026-08-06 00:00:00+00:00
[2026-08-06T21:42:11.650+0000] {processor.py:183} INFO - Processing /home/airflow/.local/lib/python3.8/site-packages/airflow/example_dags/example_short_circuit_operator.py took 0.088 seconds
[2026-08-06T21:42:42.050+0000] {processor.py:161} INFO - Started process (PID=4516) to work on /home/airflow/.local/lib/python3.8/site-packages/airflow/example_dags/example_short_circuit_operator.py
[2026-08-06T21:42:42.052+0000] {processor.py:830} INFO - Processing file /home/airflow/.local/lib/python3.8/site-packages/airflow/example_dags/example_short_circuit_operator.py for tasks to queue
[2026-08-06T21:42:42.055+0000] {logging_mixin.py:188} INFO - [2026-08-06T21:42:42.055+0000] {dagbag.py:538} INFO - Filling up the DagBag from /home/airflow/.local/lib/python3.8/site-packages/airflow/example_dags/example_short_circuit_operator.py
[2026-08-06T21:42:42.065+0000] {processor.py:840} INFO - DAG(s) 'example_short_circuit_operator' retrieved from /home/airflow/.local/lib/python3.8/site-packages/airflow/example_dags/example_short_circuit_operator.py
[2026-08-06T21:42:42.092+0000] {logging_mixin.py:188} INFO - [2026-08-06T21:42:42.091+0000] {dag.py:3036} INFO - Sync 1 DAGs
[2026-08-06T21:42:42.115+0000] {logging_mixin.py:188} INFO - [2026-08-06T21:42:42.115+0000] {dag.py:3823} INFO - Setting next_dagrun for example_short_circuit_operator to 2026-08-05 00:00:00+00:00, run_after=2026-08-06 00:00:00+00:00
[2026-08-06T21:42:42.136+0000] {processor.py:183} INFO - Processing /home/airflow/.local/lib/python3.8/site-packages/airflow/example_dags/example_short_circuit_operator.py took 0.090 seconds
[2026-08-06T21:43:12.445+0000] {processor.py:161} INFO - Started process (PID=4581) to work on /home/airflow/.local/lib/python3.8/site-packages/airflow/example_dags/example_short_circuit_operator.py
[2026-08-06T21:43:12.447+0000] {processor.py:830} INFO - Processing file /home/airflow/.local/lib/python3.8/site-packages/airflow/example_dags/example_short_circuit_operator.py for tasks to queue
[2026-08-06T21:43:12.449+0000] {logging_mixin.py:188} INFO - [2026-08-06T21:43:12.449+0000] {dagbag.py:538} INFO - Filling up the DagBag from /home/airflow/.local/lib/python3.8/site-packages/airflow/example_dags/example_short_circuit_operator.py
[2026-08-06T21:43:12.457+0000] {processor.py:840} INFO - DAG(s) 'example_short_circuit_operator' retrieved from /home/airflow/.local/lib/python3.8/site-packages/airflow/example_dags/example_short_circuit_operator.py
[2026-08-06T21:43:12.486+0000] {logging_mixin.py:188} INFO - [2026-08-06T21:43:12.486+0000] {dag.py:3036} INFO - Sync 1 DAGs
[2026-08-06T21:43:12.511+0000] {logging_mixin.py:188} INFO - [2026-08-06T21:43:12.511+0000] {dag.py:3823} INFO - Setting next_dagrun for example_short_circuit_operator to 2026-08-05 00:00:00+00:00, run_after=2026-08-06 00:00:00+00:00
[2026-08-06T21:43:12.533+0000] {processor.py:183} INFO - Processing /home/airflow/.local/lib/python3.8/site-packages/airflow/example_dags/example_short_circuit_operator.py took 0.093 seconds
[2026-08-06T21:43:42.940+0000] {processor.py:161} INFO - Started process (PID=4646) to work on /home/airflow/.local/lib/python3.8/site-packages/airflow/example_dags/example_short_circuit_operator.py
[2026-08-06T21:43:42.942+0000] {processor.py:830} INFO - Processing file /home/airflow/.local/lib/python3.8/site-packages/airflow/example_dags/example_short_circuit_operator.py for tasks to queue
[2026-08-06T21:43:42.944+0000] {logging_mixin.py:188} INFO - [2026-08-06T21:43:42.944+0000] {dagbag.py:538} INFO - Filling up the DagBag from /home/airflow/.local/lib/python3.8/site-packages/airflow/example_dags/example_short_circuit_operator.py
[2026-08-06T21:43:42.951+0000] {processor.py:840} INFO - DAG(s) 'example_short_circuit_operator' retrieved from /home/airflow/.local/lib/python3.8/site-packages/airflow/example_dags/example_short_circuit_operator.py
[2026-08-06T21:43:42.975+0000] {logging_mixin.py:188} INFO - [2026-08-06T21:43:42.975+0000] {dag.py:3036} INFO - Sync 1 DAGs
[2026-08-06T21:43:42.995+0000] {logging_mixin.py:188} INFO - [2026-08-06T21:43:42.995+0000] {dag.py:3823} INFO - Setting next_dagrun for example_short_circuit_operator to 2026-08-05 00:00:00+00:00, run_after=2026-08-06 00:00:00+00:00
[2026-08-06T21:43:43.017+0000] {processor.py:183} INFO - Processing /home/airflow/.local/lib/python3.8/site-packages/airflow/example_dags/example_short_circuit_operator.py took 0.080 seconds
[2026-08-06T21:44:13.644+0000] {processor.py:161} INFO - Started process (PID=4711) to work on /home/airflow/.local/lib/python3.8/site-packages/airflow/example_dags/example_short_circuit_operator.py
[2026-08-06T21:44:13.645+0000] {processor.py:830} INFO - Processing file /home/airflow/.local/lib/python3.8/site-packages/airflow/example_dags/example_short_circuit_operator.py for tasks to queue
[2026-08-06T21:44:13.647+0000] {logging_mixin.py:188} INFO - [2026-08-06T21:44:13.647+0000] {dagbag.py:538} INFO - Filling up the DagBag from /home/airflow/.local/lib/python3.8/site-packages/airflow/example_dags/example_short_circuit_operator.py
[2026-08-06T21:44:13.654+0000] {processor.py:840} INFO - DAG(s) 'example_short_circuit_operator' retrieved from /home/airflow/.local/lib/python3.8/site-packages/airflow/example_dags/example_short_circuit_operator.py
[2026-08-06T21:44:13.678+0000] {logging_mixin.py:188} INFO - [2026-08-06T21:44:13.677+0000] {dag.py:3036} INFO - Sync 1 DAGs
[2026-08-06T21:44:13.698+0000] {logging_mixin.py:188} INFO - [2026-08-06T21:44:13.698+0000] {dag.py:3823} INFO - Setting next_dagrun for example_short_circuit_operator to 2026-08-05 00:00:00+00:00, run_after=2026-08-06 00:00:00+00:00
[2026-08-06T21:44:13.723+0000] {processor.py:183} INFO - Processing /home/airflow/.local/lib/python3.8/site-packages/airflow/example_dags/example_short_circuit_operator.py took 0.082 seconds
