[2026-08-06T21:05:39.639+0000] {processor.py:161} INFO - Started process (PID=67) to work on /home/airflow/.local/lib/python3.8/site-packages/airflow/example_dags/example_branch_datetime_operator.py
[2026-08-06T21:05:39.642+0000] {processor.py:830} INFO - Processing file /home/airflow/.local/lib/python3.8/site-packages/airflow/example_dags/example_branch_datetime_operator.py for tasks to queue
[2026-08-06T21:05:39.645+0000] {logging_mixin.py:188} INFO - [2026-08-06T21:05:39.645+0000] {dagbag.py:538} INFO - Filling up the DagBag from /home/airflow/.local/lib/python3.8/site-packages/airflow/example_dags/example_branch_datetime_operator.py
[2026-08-06T21:05:39.670+0000] {processor.py:840} INFO - DAG(s) 'example_branch_datetime_operator_2', 'example_branch_datetime_operator_3', 'example_branch_datetime_operator' retrieved from /home/airflow/.local/lib/python3.8/site-packages/airflow/example_dags/example_branch_datetime_operator.py
[2026-08-06T21:05:39.912+0000] {logging_mixin.py:188} INFO - [2026-08-06T21:05:39.912+0000] {dag.py:3036} INFO - Sync 3 DAGs
[2026-08-06T21:05:39.957+0000] {logging_mixin.py:188} INFO - [2026-08-06T21:05:39.956+0000] {dag.py:3823} INFO - Setting next_dagrun for example_branch_datetime_operator to 2026-08-05 00:00:00+00:00, run_after=2026-08-06 00:00:00+00:00
[2026-08-06T21:05:39.969+0000] {logging_mixin.py:188} INFO - [2026-08-06T21:05:39.968+0000] {dag.py:3823} INFO - Setting next_dagrun for example_branch_datetime_operator_2 to 2026-08-05 00:00:00+00:00, run_after=2026-08-06 00:00:00+00:00
[2026-08-06T21:05:39.977+0000] {logging_mixin.py:188} INFO - [2026-08-06T21:05:39.975+0000] {dag.py:3823} INFO - Setting next_dagrun for example_branch_datetime_operator_3 to 2026-08-05 00:00:00+00:00, run_after=2026-08-06 00:00:00+00:00
[2026-08-06T21:05:40.014+0000] {processor.py:183} INFO - Processing /home/airflow/.local/lib/python3.8/site-packages/airflow/example_dags/example_branch_datetime_operator.py took 0.381 seconds
[2026-08-06T21:05:54.496+0000] {processor.py:161} INFO - Started process (PID=55) to work on /home/airflow/.local/lib/python3.8/site-packages/airflow/example_dags/example_branch_datetime_operator.py
[2026-08-06T21:05:54.498+0000] {processor.py:830} INFO - Processing file /home/airflow/.local/lib/python3.8/site-packages/airflow/example_dags/example_branch_datetime_operator.py for tasks to queue
[2026-08-06T21:05:54.499+0000] {logging_mixin.py:188} INFO - [2026-08-06T21:05:54.499+0000] {dagbag.py:538} INFO - Filling up the DagBag from /home/airflow/.local/lib/python3.8/site-packages/airflow/example_dags/example_branch_datetime_operator.py
[2026-08-06T21:05:54.512+0000] {processor.py:840} INFO - DAG(s) 'example_branch_datetime_operator', 'example_branch_datetime_operator_2', 'example_branch_datetime_operator_3' retrieved from /home/airflow/.local/lib/python3.8/site-packages/airflow/example_dags/example_branch_datetime_operator.py
[2026-08-06T21:05:54.529+0000] {logging_mixin.py:188} INFO - [2026-08-06T21:05:54.528+0000] {dag.py:3036} INFO - Sync 3 DAGs
[2026-08-06T21:05:54.556+0000] {logging_mixin.py:188} INFO - [2026-08-06T21:05:54.556+0000] {dag.py:3823} INFO - Setting next_dagrun for example_branch_datetime_operator to 2026-08-05 00:00:00+00:00, run_after=2026-08-06 00:00:00+00:00
[2026-08-06T21:05:54.562+0000] {logging_mixin.py:188} INFO - [2026-08-06T21:05:54.562+0000] {dag.py:3823} INFO - Setting next_dagrun for example_branch_datetime_operator_2 to 2026-08-05 00:00:00+00:00, run_after=2026-08-06 00:00:00+00:00
[2026-08-06T21:05:54.565+0000] {logging_mixin.py:188} INFO - [2026-08-06T21:05:54.564+0000] {dag.py:3823} INFO - Setting next_dagrun for example_branch_datetime_operator_3 to 2026-08-05 00:00:00+00:00, run_after=2026-08-06 00:00:00+00:00
[2026-08-06T21:05:54.633+0000] {processor.py:183} INFO - Processing /home/airflow/.local/lib/python3.8/site-packages/airflow/example_dags/example_branch_datetime_operator.py took 0.141 seconds
[2026-08-06T21:06:24.792+0000] {processor.py:161} INFO - Started process (PID=110) to work on /home/airflow/.local/lib/python3.8/site-packages/airflow/example_dags/example_branch_datetime_operator.py
[2026-08-06T21:06:24.793+0000] {processor.py:830} INFO - Processing file /home/airflow/.local/lib/python3.8/site-packages/airflow/example_dags/example_branch_datetime_operator.py for tasks to queue
[2026-08-06T21:06:24.795+0000] {logging_mixin.py:188} INFO - [2026-08-06T21:06:24.795+0000] {dagbag.py:538} INFO - Filling up the DagBag from /home/airflow/.local/lib/python3.8/site-packages/airflow/example_dags/example_branch_datetime_operator.py
[2026-08-06T21:06:24.805+0000] {processor.py:840} INFO - DAG(s) 'example_branch_datetime_operator', 'example_branch_datetime_operator_3', 'example_branch_datetime_operator_2' retrieved from /home/airflow/.local/lib/python3.8/site-packages/airflow/example_dags/example_branch_datetime_operator.py
[2026-08-06T21:06:24.820+0000] {logging_mixin.py:188} INFO - [2026-08-06T21:06:24.819+0000] {dag.py:3036} INFO - Sync 3 DAGs
[2026-08-06T21:06:24.841+0000] {logging_mixin.py:188} INFO - [2026-08-06T21:06:24.841+0000] {dag.py:3823} INFO - Setting next_dagrun for example_branch_datetime_operator to 2026-08-05 00:00:00+00:00, run_after=2026-08-06 00:00:00+00:00
[2026-08-06T21:06:24.846+0000] {logging_mixin.py:188} INFO - [2026-08-06T21:06:24.846+0000] {dag.py:3823} INFO - Setting next_dagrun for example_branch_datetime_operator_2 to 2026-08-05 00:00:00+00:00, run_after=2026-08-06 00:00:00+00:00
[2026-08-06T21:06:24.848+0000] {logging_mixin.py:188} INFO - [2026-08-06T21:06:24.848+0000] {dag.py:3823} INFO - Setting next_dagrun for example_branch_datetime_operator_3 to 2026-08-05 00:00:00+00:00, run_after=2026-08-06 00:00:00+00:00
[2026-08-06T21:06:24.897+0000] {processor.py:183} INFO - Processing /home/airflow/.local/lib/python3.8/site-packages/airflow/example_dags/example_branch_datetime_operator.py took 0.109 seconds
[2026-08-06T21:06:56.594+0000] {processor.py:161} INFO - Started process (PID=165) to work on /home/airflow/.local/lib/python3.8/site-packages/airflow/example_dags/example_branch_datetime_operator.py
[2026-08-06T21:06:56.595+0000] {processor.py:830} INFO - Processing file /home/airflow/.local/lib/python3.8/site-packages/airflow/example_dags/example_branch_datetime_operator.py for tasks to queue
[2026-08-06T21:06:56.597+0000] {logging_mixin.py:188} INFO - [2026-08-06T21:06:56.597+0000] {dagbag.py:538} INFO - Filling up the DagBag from /home/airflow/.local/lib/python3.8/site-packages/airflow/example_dags/example_branch_datetime_operator.py
[2026-08-06T21:06:56.609+0000] {processor.py:840} INFO - DAG(s) 'example_branch_datetime_operator_2', 'example_branch_datetime_operator', 'example_branch_datetime_operator_3' retrieved from /home/airflow/.local/lib/python3.8/site-packages/airflow/example_dags/example_branch_datetime_operator.py
[2026-08-06T21:06:56.780+0000] {logging_mixin.py:188} INFO - [2026-08-06T21:06:56.779+0000] {dag.py:3036} INFO - Sync 3 DAGs
[2026-08-06T21:06:56.840+0000] {logging_mixin.py:188} INFO - [2026-08-06T21:06:56.839+0000] {dag.py:3823} INFO - Setting next_dagrun for example_branch_datetime_operator to 2026-08-05 00:00:00+00:00, run_after=2026-08-06 00:00:00+00:00
[2026-08-06T21:06:56.847+0000] {logging_mixin.py:188} INFO - [2026-08-06T21:06:56.847+0000] {dag.py:3823} INFO - Setting next_dagrun for example_branch_datetime_operator_2 to 2026-08-05 00:00:00+00:00, run_after=2026-08-06 00:00:00+00:00
[2026-08-06T21:06:56.854+0000] {logging_mixin.py:188} INFO - [2026-08-06T21:06:56.853+0000] {dag.py:3823} INFO - Setting next_dagrun for example_branch_datetime_operator_3 to 2026-08-05 00:00:00+00:00, run_after=2026-08-06 00:00:00+00:00
[2026-08-06T21:06:57.100+0000] {processor.py:183} INFO - Processing /home/airflow/.local/lib/python3.8/site-packages/airflow/example_dags/example_branch_datetime_operator.py took 0.510 seconds
[2026-08-06T21:07:27.911+0000] {processor.py:161} INFO - Started process (PID=220) to work on /home/airflow/.local/lib/python3.8/site-packages/airflow/example_dags/example_branch_datetime_operator.py
[2026-08-06T21:07:27.912+0000] {processor.py:830} INFO - Processing file /home/airflow/.local/lib/python3.8/site-packages/airflow/example_dags/example_branch_datetime_operator.py for tasks to queue
[2026-08-06T21:07:27.914+0000] {logging_mixin.py:188} INFO - [2026-08-06T21:07:27.914+0000] {dagbag.py:538} INFO - Filling up the DagBag from /home/airflow/.local/lib/python3.8/site-packages/airflow/example_dags/example_branch_datetime_operator.py
[2026-08-06T21:07:27.927+0000] {processor.py:840} INFO - DAG(s) 'example_branch_datetime_operator_3', 'example_branch_datetime_operator', 'example_branch_datetime_operator_2' retrieved from /home/airflow/.local/lib/python3.8/site-packages/airflow/example_dags/example_branch_datetime_operator.py
[2026-08-06T21:07:27.961+0000] {logging_mixin.py:188} INFO - [2026-08-06T21:07:27.960+0000] {dag.py:3036} INFO - Sync 3 DAGs
[2026-08-06T21:07:27.986+0000] {logging_mixin.py:188} INFO - [2026-08-06T21:07:27.985+0000] {dag.py:3823} INFO - Setting next_dagrun for example_branch_datetime_operator to 2026-08-05 00:00:00+00:00, run_after=2026-08-06 00:00:00+00:00
[2026-08-06T21:07:27.993+0000] {logging_mixin.py:188} INFO - [2026-08-06T21:07:27.992+0000] {dag.py:3823} INFO - Setting next_dagrun for example_branch_datetime_operator_2 to 2026-08-05 00:00:00+00:00, run_after=2026-08-06 00:00:00+00:00
[2026-08-06T21:07:27.996+0000] {logging_mixin.py:188} INFO - [2026-08-06T21:07:27.995+0000] {dag.py:3823} INFO - Setting next_dagrun for example_branch_datetime_operator_3 to 2026-08-05 00:00:00+00:00, run_after=2026-08-06 00:00:00+00:00
[2026-08-06T21:07:28.064+0000] {processor.py:183} INFO - Processing /home/airflow/.local/lib/python3.8/site-packages/airflow/example_dags/example_branch_datetime_operator.py took 0.159 seconds
[2026-08-06T21:07:58.849+0000] {processor.py:161} INFO - Started process (PID=275) to work on /home/airflow/.local/lib/python3.8/site-packages/airflow/example_dags/example_branch_datetime_operator.py
[2026-08-06T21:07:58.850+0000] {processor.py:830} INFO - Processing file /home/airflow/.local/lib/python3.8/site-packages/airflow/example_dags/example_branch_datetime_operator.py for tasks to queue
[2026-08-06T21:07:58.852+0000] {logging_mixin.py:188} INFO - [2026-08-06T21:07:58.852+0000] {dagbag.py:538} INFO - Filling up the DagBag from /home/airflow/.local/lib/python3.8/site-packages/airflow/example_dags/example_branch_datetime_operator.py
[2026-08-06T21:07:58.870+0000] {processor.py:840} INFO - DAG(s) 'example_branch_datetime_operator_3', 'example_branch_datetime_operator', 'example_branch_datetime_operator_2' retrieved from /home/airflow/.local/lib/python3.8/site-packages/airflow/example_dags/example_branch_datetime_operator.py
[2026-08-06T21:07:58.904+0000] {logging_mixin.py:188} INFO - [2026-08-06T21:07:58.903+0000] {dag.py:3036} INFO - Sync 3 DAGs
[2026-08-06T21:07:58.932+0000] {logging_mixin.py:188} INFO - [2026-08-06T21:07:58.932+0000] {dag.py:3823} INFO - Setting next_dagrun for example_branch_datetime_operator to 2026-08-05 00:00:00+00:00, run_after=2026-08-06 00:00:00+00:00
[2026-08-06T21:07:58.938+0000] {logging_mixin.py:188} INFO - [2026-08-06T21:07:58.937+0000] {dag.py:3823} INFO - Setting next_dagrun for example_branch_datetime_operator_2 to 2026-08-05 00:00:00+00:00, run_after=2026-08-06 00:00:00+00:00
[2026-08-06T21:07:58.940+0000] {logging_mixin.py:188} INFO - [2026-08-06T21:07:58.940+0000] {dag.py:3823} INFO - Setting next_dagrun for example_branch_datetime_operator_3 to 2026-08-05 00:00:00+00:00, run_after=2026-08-06 00:00:00+00:00
[2026-08-06T21:07:59.006+0000] {processor.py:183} INFO - Processing /home/airflow/.local/lib/python3.8/site-packages/airflow/example_dags/example_branch_datetime_operator.py took 0.163 seconds
[2026-08-06T21:08:29.543+0000] {processor.py:161} INFO - Started process (PID=336) to work on /home/airflow/.local/lib/python3.8/site-packages/airflow/example_dags/example_branch_datetime_operator.py
[2026-08-06T21:08:29.545+0000] {processor.py:830} INFO - Processing file /home/airflow/.local/lib/python3.8/site-packages/airflow/example_dags/example_branch_datetime_operator.py for tasks to queue
[2026-08-06T21:08:29.547+0000] {logging_mixin.py:188} INFO - [2026-08-06T21:08:29.547+0000] {dagbag.py:538} INFO - Filling up the DagBag from /home/airflow/.local/lib/python3.8/site-packages/airflow/example_dags/example_branch_datetime_operator.py
[2026-08-06T21:08:29.559+0000] {processor.py:840} INFO - DAG(s) 'example_branch_datetime_operator_2', 'example_branch_datetime_operator', 'example_branch_datetime_operator_3' retrieved from /home/airflow/.local/lib/python3.8/site-packages/airflow/example_dags/example_branch_datetime_operator.py
[2026-08-06T21:08:29.591+0000] {logging_mixin.py:188} INFO - [2026-08-06T21:08:29.591+0000] {dag.py:3036} INFO - Sync 3 DAGs
[2026-08-06T21:08:29.616+0000] {logging_mixin.py:188} INFO - [2026-08-06T21:08:29.616+0000] {dag.py:3823} INFO - Setting next_dagrun for example_branch_datetime_operator to 2026-08-05 00:00:00+00:00, run_after=2026-08-06 00:00:00+00:00
[2026-08-06T21:08:29.623+0000] {logging_mixin.py:188} INFO - [2026-08-06T21:08:29.623+0000] {dag.py:3823} INFO - Setting next_dagrun for example_branch_datetime_operator_2 to 2026-08-05 00:00:00+00:00, run_after=2026-08-06 00:00:00+00:00
[2026-08-06T21:08:29.626+0000] {logging_mixin.py:188} INFO - [2026-08-06T21:08:29.626+0000] {dag.py:3823} INFO - Setting next_dagrun for example_branch_datetime_operator_3 to 2026-08-05 00:00:00+00:00, run_after=2026-08-06 00:00:00+00:00
[2026-08-06T21:08:29.945+0000] {processor.py:183} INFO - Processing /home/airflow/.local/lib/python3.8/site-packages/airflow/example_dags/example_branch_datetime_operator.py took 0.405 seconds
[2026-08-06T21:09:00.052+0000] {processor.py:161} INFO - Started process (PID=392) to work on /home/airflow/.local/lib/python3.8/site-packages/airflow/example_dags/example_branch_datetime_operator.py
[2026-08-06T21:09:00.053+0000] {processor.py:830} INFO - Processing file /home/airflow/.local/lib/python3.8/site-packages/airflow/example_dags/example_branch_datetime_operator.py for tasks to queue
[2026-08-06T21:09:00.055+0000] {logging_mixin.py:188} INFO - [2026-08-06T21:09:00.055+0000] {dagbag.py:538} INFO - Filling up the DagBag from /home/airflow/.local/lib/python3.8/site-packages/airflow/example_dags/example_branch_datetime_operator.py
[2026-08-06T21:09:00.066+0000] {processor.py:840} INFO - DAG(s) 'example_branch_datetime_operator_3', 'example_branch_datetime_operator_2', 'example_branch_datetime_operator' retrieved from /home/airflow/.local/lib/python3.8/site-packages/airflow/example_dags/example_branch_datetime_operator.py
[2026-08-06T21:09:00.101+0000] {logging_mixin.py:188} INFO - [2026-08-06T21:09:00.100+0000] {dag.py:3036} INFO - Sync 3 DAGs
[2026-08-06T21:09:00.126+0000] {logging_mixin.py:188} INFO - [2026-08-06T21:09:00.125+0000] {dag.py:3823} INFO - Setting next_dagrun for example_branch_datetime_operator to 2026-08-05 00:00:00+00:00, run_after=2026-08-06 00:00:00+00:00
[2026-08-06T21:09:00.131+0000] {logging_mixin.py:188} INFO - [2026-08-06T21:09:00.131+0000] {dag.py:3823} INFO - Setting next_dagrun for example_branch_datetime_operator_2 to 2026-08-05 00:00:00+00:00, run_after=2026-08-06 00:00:00+00:00
[2026-08-06T21:09:00.133+0000] {logging_mixin.py:188} INFO - [2026-08-06T21:09:00.133+0000] {dag.py:3823} INFO - Setting next_dagrun for example_branch_datetime_operator_3 to 2026-08-05 00:00:00+00:00, run_after=2026-08-06 00:00:00+00:00
[2026-08-06T21:09:00.182+0000] {processor.py:183} INFO - Processing /home/airflow/.local/lib/python3.8/site-packages/airflow/example_dags/example_branch_datetime_operator.py took 0.133 seconds
[2026-08-06T21:09:30.772+0000] {processor.py:161} INFO - Started process (PID=446) to work on /home/airflow/.local/lib/python3.8/site-packages/airflow/example_dags/example_branch_datetime_operator.py
[2026-08-06T21:09:30.774+0000] {processor.py:830} INFO - Processing file /home/airflow/.local/lib/python3.8/site-packages/airflow/example_dags/example_branch_datetime_operator.py for tasks to queue
[2026-08-06T21:09:30.777+0000] {logging_mixin.py:188} INFO - [2026-08-06T21:09:30.776+0000] {dagbag.py:538} INFO - Filling up the DagBag from /home/airflow/.local/lib/python3.8/site-packages/airflow/example_dags/example_branch_datetime_operator.py
[2026-08-06T21:09:30.793+0000] {processor.py:840} INFO - DAG(s) 'example_branch_datetime_operator_3', 'example_branch_datetime_operator', 'example_branch_datetime_operator_2' retrieved from /home/airflow/.local/lib/python3.8/site-packages/airflow/example_dags/example_branch_datetime_operator.py
[2026-08-06T21:09:30.839+0000] {logging_mixin.py:188} INFO - [2026-08-06T21:09:30.839+0000] {dag.py:3036} INFO - Sync 3 DAGs
[2026-08-06T21:09:30.874+0000] {logging_mixin.py:188} INFO - [2026-08-06T21:09:30.874+0000] {dag.py:3823} INFO - Setting next_dagrun for example_branch_datetime_operator to 2026-08-05 00:00:00+00:00, run_after=2026-08-06 00:00:00+00:00
[2026-08-06T21:09:30.884+0000] {logging_mixin.py:188} INFO - [2026-08-06T21:09:30.884+0000] {dag.py:3823} INFO - Setting next_dagrun for example_branch_datetime_operator_2 to 2026-08-05 00:00:00+00:00, run_after=2026-08-06 00:00:00+00:00
[2026-08-06T21:09:30.888+0000] {logging_mixin.py:188} INFO - [2026-08-06T21:09:30.887+0000] {dag.py:3823} INFO - Setting next_dagrun for example_branch_datetime_operator_3 to 2026-08-05 00:00:00+00:00, run_after=2026-08-06 00:00:00+00:00
[2026-08-06T21:09:30.918+0000] {processor.py:183} INFO - Processing /home/airflow/.local/lib/python3.8/site-packages/airflow/example_dags/example_branch_datetime_operator.py took 0.150 seconds
[2026-08-06T21:10:01.726+0000] {processor.py:161} INFO - Started process (PID=501) to work on /home/airflow/.local/lib/python3.8/site-packages/airflow/example_dags/example_branch_datetime_operator.py
[2026-08-06T21:10:01.727+0000] {processor.py:830} INFO - Processing file /home/airflow/.local/lib/python3.8/site-packages/airflow/example_dags/example_branch_datetime_operator.py for tasks to queue
[2026-08-06T21:10:01.729+0000] {logging_mixin.py:188} INFO - [2026-08-06T21:10:01.729+0000] {dagbag.py:538} INFO - Filling up the DagBag from /home/airflow/.local/lib/python3.8/site-packages/airflow/example_dags/example_branch_datetime_operator.py
[2026-08-06T21:10:01.741+0000] {processor.py:840} INFO - DAG(s) 'example_branch_datetime_operator', 'example_branch_datetime_operator_2', 'example_branch_datetime_operator_3' retrieved from /home/airflow/.local/lib/python3.8/site-packages/airflow/example_dags/example_branch_datetime_operator.py
[2026-08-06T21:10:01.774+0000] {logging_mixin.py:188} INFO - [2026-08-06T21:10:01.774+0000] {dag.py:3036} INFO - Sync 3 DAGs
[2026-08-06T21:10:01.801+0000] {logging_mixin.py:188} INFO - [2026-08-06T21:10:01.801+0000] {dag.py:3823} INFO - Setting next_dagrun for example_branch_datetime_operator to 2026-08-05 00:00:00+00:00, run_after=2026-08-06 00:00:00+00:00
[2026-08-06T21:10:01.808+0000] {logging_mixin.py:188} INFO - [2026-08-06T21:10:01.808+0000] {dag.py:3823} INFO - Setting next_dagrun for example_branch_datetime_operator_2 to 2026-08-05 00:00:00+00:00, run_after=2026-08-06 00:00:00+00:00
[2026-08-06T21:10:01.811+0000] {logging_mixin.py:188} INFO - [2026-08-06T21:10:01.811+0000] {dag.py:3823} INFO - Setting next_dagrun for example_branch_datetime_operator_3 to 2026-08-05 00:00:00+00:00, run_after=2026-08-06 00:00:00+00:00
[2026-08-06T21:10:01.883+0000] {processor.py:183} INFO - Processing /home/airflow/.local/lib/python3.8/site-packages/airflow/example_dags/example_branch_datetime_operator.py took 0.161 seconds
[2026-08-06T21:10:31.991+0000] {processor.py:161} INFO - Started process (PID=556) to work on /home/airflow/.local/lib/python3.8/site-packages/airflow/example_dags/example_branch_datetime_operator.py
[2026-08-06T21:10:31.992+0000] {processor.py:830} INFO - Processing file /home/airflow/.local/lib/python3.8/site-packages/airflow/example_dags/example_branch_datetime_operator.py for tasks to queue
[2026-08-06T21:10:31.996+0000] {logging_mixin.py:188} INFO - [2026-08-06T21:10:31.995+0000] {dagbag.py:538} INFO - Filling up the DagBag from /home/airflow/.local/lib/python3.8/site-packages/airflow/example_dags/example_branch_datetime_operator.py
[2026-08-06T21:10:32.005+0000] {processor.py:840} INFO - DAG(s) 'example_branch_datetime_operator', 'example_branch_datetime_operator_2', 'example_branch_datetime_operator_3' retrieved from /home/airflow/.local/lib/python3.8/site-packages/airflow/example_dags/example_branch_datetime_operator.py
[2026-08-06T21:10:32.038+0000] {logging_mixin.py:188} INFO - [2026-08-06T21:10:32.038+0000] {dag.py:3036} INFO - Sync 3 DAGs
[2026-08-06T21:10:32.066+0000] {logging_mixin.py:188} INFO - [2026-08-06T21:10:32.066+0000] {dag.py:3823} INFO - Setting next_dagrun for example_branch_datetime_operator to 2026-08-05 00:00:00+00:00, run_after=2026-08-06 00:00:00+00:00
[2026-08-06T21:10:32.072+0000] {logging_mixin.py:188} INFO - [2026-08-06T21:10:32.071+0000] {dag.py:3823} INFO - Setting next_dagrun for example_branch_datetime_operator_2 to 2026-08-05 00:00:00+00:00, run_after=2026-08-06 00:00:00+00:00
[2026-08-06T21:10:32.074+0000] {logging_mixin.py:188} INFO - [2026-08-06T21:10:32.074+0000] {dag.py:3823} INFO - Setting next_dagrun for example_branch_datetime_operator_3 to 2026-08-05 00:00:00+00:00, run_after=2026-08-06 00:00:00+00:00
[2026-08-06T21:10:32.140+0000] {processor.py:183} INFO - Processing /home/airflow/.local/lib/python3.8/site-packages/airflow/example_dags/example_branch_datetime_operator.py took 0.153 seconds
[2026-08-06T21:11:02.587+0000] {processor.py:161} INFO - Started process (PID=611) to work on /home/airflow/.local/lib/python3.8/site-packages/airflow/example_dags/example_branch_datetime_operator.py
[2026-08-06T21:11:02.588+0000] {processor.py:830} INFO - Processing file /home/airflow/.local/lib/python3.8/site-packages/airflow/example_dags/example_branch_datetime_operator.py for tasks to queue
[2026-08-06T21:11:02.590+0000] {logging_mixin.py:188} INFO - [2026-08-06T21:11:02.590+0000] {dagbag.py:538} INFO - Filling up the DagBag from /home/airflow/.local/lib/python3.8/site-packages/airflow/example_dags/example_branch_datetime_operator.py
[2026-08-06T21:11:02.600+0000] {processor.py:840} INFO - DAG(s) 'example_branch_datetime_operator', 'example_branch_datetime_operator_2', 'example_branch_datetime_operator_3' retrieved from /home/airflow/.local/lib/python3.8/site-packages/airflow/example_dags/example_branch_datetime_operator.py
[2026-08-06T21:11:02.627+0000] {logging_mixin.py:188} INFO - [2026-08-06T21:11:02.626+0000] {dag.py:3036} INFO - Sync 3 DAGs
[2026-08-06T21:11:02.648+0000] {logging_mixin.py:188} INFO - [2026-08-06T21:11:02.648+0000] {dag.py:3823} INFO - Setting next_dagrun for example_branch_datetime_operator to 2026-08-05 00:00:00+00:00, run_after=2026-08-06 00:00:00+00:00
[2026-08-06T21:11:02.653+0000] {logging_mixin.py:188} INFO - [2026-08-06T21:11:02.653+0000] {dag.py:3823} INFO - Setting next_dagrun for example_branch_datetime_operator_2 to 2026-08-05 00:00:00+00:00, run_after=2026-08-06 00:00:00+00:00
[2026-08-06T21:11:02.656+0000] {logging_mixin.py:188} INFO - [2026-08-06T21:11:02.655+0000] {dag.py:3823} INFO - Setting next_dagrun for example_branch_datetime_operator_3 to 2026-08-05 00:00:00+00:00, run_after=2026-08-06 00:00:00+00:00
[2026-08-06T21:11:02.725+0000] {processor.py:183} INFO - Processing /home/airflow/.local/lib/python3.8/site-packages/airflow/example_dags/example_branch_datetime_operator.py took 0.141 seconds
[2026-08-06T21:11:32.852+0000] {processor.py:161} INFO - Started process (PID=666) to work on /home/airflow/.local/lib/python3.8/site-packages/airflow/example_dags/example_branch_datetime_operator.py
[2026-08-06T21:11:32.853+0000] {processor.py:830} INFO - Processing file /home/airflow/.local/lib/python3.8/site-packages/airflow/example_dags/example_branch_datetime_operator.py for tasks to queue
[2026-08-06T21:11:32.855+0000] {logging_mixin.py:188} INFO - [2026-08-06T21:11:32.855+0000] {dagbag.py:538} INFO - Filling up the DagBag from /home/airflow/.local/lib/python3.8/site-packages/airflow/example_dags/example_branch_datetime_operator.py
[2026-08-06T21:11:32.867+0000] {processor.py:840} INFO - DAG(s) 'example_branch_datetime_operator', 'example_branch_datetime_operator_3', 'example_branch_datetime_operator_2' retrieved from /home/airflow/.local/lib/python3.8/site-packages/airflow/example_dags/example_branch_datetime_operator.py
[2026-08-06T21:11:32.899+0000] {logging_mixin.py:188} INFO - [2026-08-06T21:11:32.899+0000] {dag.py:3036} INFO - Sync 3 DAGs
[2026-08-06T21:11:32.923+0000] {logging_mixin.py:188} INFO - [2026-08-06T21:11:32.922+0000] {dag.py:3823} INFO - Setting next_dagrun for example_branch_datetime_operator to 2026-08-05 00:00:00+00:00, run_after=2026-08-06 00:00:00+00:00
[2026-08-06T21:11:32.928+0000] {logging_mixin.py:188} INFO - [2026-08-06T21:11:32.927+0000] {dag.py:3823} INFO - Setting next_dagrun for example_branch_datetime_operator_2 to 2026-08-05 00:00:00+00:00, run_after=2026-08-06 00:00:00+00:00
[2026-08-06T21:11:32.930+0000] {logging_mixin.py:188} INFO - [2026-08-06T21:11:32.930+0000] {dag.py:3823} INFO - Setting next_dagrun for example_branch_datetime_operator_3 to 2026-08-05 00:00:00+00:00, run_after=2026-08-06 00:00:00+00:00
[2026-08-06T21:11:32.991+0000] {processor.py:183} INFO - Processing /home/airflow/.local/lib/python3.8/site-packages/airflow/example_dags/example_branch_datetime_operator.py took 0.143 seconds
[2026-08-06T21:12:03.192+0000] {processor.py:161} INFO - Started process (PID=721) to work on /home/airflow/.local/lib/python3.8/site-packages/airflow/example_dags/example_branch_datetime_operator.py
[2026-08-06T21:12:03.194+0000] {processor.py:830} INFO - Processing file /home/airflow/.local/lib/python3.8/site-packages/airflow/example_dags/example_branch_datetime_operator.py for tasks to queue
[2026-08-06T21:12:03.197+0000] {logging_mixin.py:188} INFO - [2026-08-06T21:12:03.196+0000] {dagbag.py:538} INFO - Filling up the DagBag from /home/airflow/.local/lib/python3.8/site-packages/airflow/example_dags/example_branch_datetime_operator.py
[2026-08-06T21:12:03.212+0000] {processor.py:840} INFO - DAG(s) 'example_branch_datetime_operator_2', 'example_branch_datetime_operator_3', 'example_branch_datetime_operator' retrieved from /home/airflow/.local/lib/python3.8/site-packages/airflow/example_dags/example_branch_datetime_operator.py
[2026-08-06T21:12:03.251+0000] {logging_mixin.py:188} INFO - [2026-08-06T21:12:03.251+0000] {dag.py:3036} INFO - Sync 3 DAGs
[2026-08-06T21:12:03.277+0000] {logging_mixin.py:188} INFO - [2026-08-06T21:12:03.276+0000] {dag.py:3823} INFO - Setting next_dagrun for example_branch_datetime_operator to 2026-08-05 00:00:00+00:00, run_after=2026-08-06 00:00:00+00:00
[2026-08-06T21:12:03.283+0000] {logging_mixin.py:188} INFO - [2026-08-06T21:12:03.283+0000] {dag.py:3823} INFO - Setting next_dagrun for example_branch_datetime_operator_2 to 2026-08-05 00:00:00+00:00, run_after=2026-08-06 00:00:00+00:00
[2026-08-06T21:12:03.286+0000] {logging_mixin.py:188} INFO - [2026-08-06T21:12:03.285+0000] {dag.py:3823} INFO - Setting next_dagrun for example_branch_datetime_operator_3 to 2026-08-05 00:00:00+00:00, run_after=2026-08-06 00:00:00+00:00
[2026-08-06T21:12:03.352+0000] {processor.py:183} INFO - Processing /home/airflow/.local/lib/python3.8/site-packages/airflow/example_dags/example_branch_datetime_operator.py took 0.168 seconds
[2026-08-06T21:12:33.562+0000] {processor.py:161} INFO - Started process (PID=776) to work on /home/airflow/.local/lib/python3.8/site-packages/airflow/example_dags/example_branch_datetime_operator.py
[2026-08-06T21:12:33.563+0000] {processor.py:830} INFO - Processing file /home/airflow/.local/lib/python3.8/site-packages/airflow/example_dags/example_branch_datetime_operator.py for tasks to queue
[2026-08-06T21:12:33.565+0000] {logging_mixin.py:188} INFO - [2026-08-06T21:12:33.565+0000] {dagbag.py:538} INFO - Filling up the DagBag from /home/airflow/.local/lib/python3.8/site-packages/airflow/example_dags/example_branch_datetime_operator.py
[2026-08-06T21:12:33.575+0000] {processor.py:840} INFO - DAG(s) 'example_branch_datetime_operator_2', 'example_branch_datetime_operator_3', 'example_branch_datetime_operator' retrieved from /home/airflow/.local/lib/python3.8/site-packages/airflow/example_dags/example_branch_datetime_operator.py
[2026-08-06T21:12:33.609+0000] {logging_mixin.py:188} INFO - [2026-08-06T21:12:33.608+0000] {dag.py:3036} INFO - Sync 3 DAGs
[2026-08-06T21:12:33.634+0000] {logging_mixin.py:188} INFO - [2026-08-06T21:12:33.634+0000] {dag.py:3823} INFO - Setting next_dagrun for example_branch_datetime_operator to 2026-08-05 00:00:00+00:00, run_after=2026-08-06 00:00:00+00:00
[2026-08-06T21:12:33.640+0000] {logging_mixin.py:188} INFO - [2026-08-06T21:12:33.640+0000] {dag.py:3823} INFO - Setting next_dagrun for example_branch_datetime_operator_2 to 2026-08-05 00:00:00+00:00, run_after=2026-08-06 00:00:00+00:00
[2026-08-06T21:12:33.643+0000] {logging_mixin.py:188} INFO - [2026-08-06T21:12:33.643+0000] {dag.py:3823} INFO - Setting next_dagrun for example_branch_datetime_operator_3 to 2026-08-05 00:00:00+00:00, run_after=2026-08-06 00:00:00+00:00
[2026-08-06T21:12:33.683+0000] {processor.py:183} INFO - Processing /home/airflow/.local/lib/python3.8/site-packages/airflow/example_dags/example_branch_datetime_operator.py took 0.125 seconds
[2026-08-06T21:13:03.936+0000] {processor.py:161} INFO - Started process (PID=831) to work on /home/airflow/.local/lib/python3.8/site-packages/airflow/example_dags/example_branch_datetime_operator.py
[2026-08-06T21:13:03.938+0000] {processor.py:830} INFO - Processing file /home/airflow/.local/lib/python3.8/site-packages/airflow/example_dags/example_branch_datetime_operator.py for tasks to queue
[2026-08-06T21:13:03.940+0000] {logging_mixin.py:188} INFO - [2026-08-06T21:13:03.940+0000] {dagbag.py:538} INFO - Filling up the DagBag from /home/airflow/.local/lib/python3.8/site-packages/airflow/example_dags/example_branch_datetime_operator.py
[2026-08-06T21:13:03.950+0000] {processor.py:840} INFO - DAG(s) 'example_branch_datetime_operator_3', 'example_branch_datetime_operator', 'example_branch_datetime_operator_2' retrieved from /home/airflow/.local/lib/python3.8/site-packages/airflow/example_dags/example_branch_datetime_operator.py
[2026-08-06T21:13:03.979+0000] {logging_mixin.py:188} INFO - [2026-08-06T21:13:03.979+0000] {dag.py:3036} INFO - Sync 3 DAGs
[2026-08-06T21:13:04.001+0000] {logging_mixin.py:188} INFO - [2026-08-06T21:13:04.001+0000] {dag.py:3823} INFO - Setting next_dagrun for example_branch_datetime_operator to 2026-08-05 00:00:00+00:00, run_after=2026-08-06 00:00:00+00:00
[2026-08-06T21:13:04.006+0000] {logging_mixin.py:188} INFO - [2026-08-06T21:13:04.006+0000] {dag.py:3823} INFO - Setting next_dagrun for example_branch_datetime_operator_2 to 2026-08-05 00:00:00+00:00, run_after=2026-08-06 00:00:00+00:00
[2026-08-06T21:13:04.009+0000] {logging_mixin.py:188} INFO - [2026-08-06T21:13:04.009+0000] {dag.py:3823} INFO - Setting next_dagrun for example_branch_datetime_operator_3 to 2026-08-05 00:00:00+00:00, run_after=2026-08-06 00:00:00+00:00
[2026-08-06T21:13:04.028+0000] {processor.py:183} INFO - Processing /home/airflow/.local/lib/python3.8/site-packages/airflow/example_dags/example_branch_datetime_operator.py took 0.095 seconds
[2026-08-06T21:13:34.511+0000] {processor.py:161} INFO - Started process (PID=886) to work on /home/airflow/.local/lib/python3.8/site-packages/airflow/example_dags/example_branch_datetime_operator.py
[2026-08-06T21:13:34.512+0000] {processor.py:830} INFO - Processing file /home/airflow/.local/lib/python3.8/site-packages/airflow/example_dags/example_branch_datetime_operator.py for tasks to queue
[2026-08-06T21:13:34.514+0000] {logging_mixin.py:188} INFO - [2026-08-06T21:13:34.514+0000] {dagbag.py:538} INFO - Filling up the DagBag from /home/airflow/.local/lib/python3.8/site-packages/airflow/example_dags/example_branch_datetime_operator.py
[2026-08-06T21:13:34.525+0000] {processor.py:840} INFO - DAG(s) 'example_branch_datetime_operator', 'example_branch_datetime_operator_2', 'example_branch_datetime_operator_3' retrieved from /home/airflow/.local/lib/python3.8/site-packages/airflow/example_dags/example_branch_datetime_operator.py
[2026-08-06T21:13:34.556+0000] {logging_mixin.py:188} INFO - [2026-08-06T21:13:34.555+0000] {dag.py:3036} INFO - Sync 3 DAGs
[2026-08-06T21:13:34.579+0000] {logging_mixin.py:188} INFO - [2026-08-06T21:13:34.578+0000] {dag.py:3823} INFO - Setting next_dagrun for example_branch_datetime_operator to 2026-08-05 00:00:00+00:00, run_after=2026-08-06 00:00:00+00:00
[2026-08-06T21:13:34.585+0000] {logging_mixin.py:188} INFO - [2026-08-06T21:13:34.584+0000] {dag.py:3823} INFO - Setting next_dagrun for example_branch_datetime_operator_2 to 2026-08-05 00:00:00+00:00, run_after=2026-08-06 00:00:00+00:00
[2026-08-06T21:13:34.588+0000] {logging_mixin.py:188} INFO - [2026-08-06T21:13:34.587+0000] {dag.py:3823} INFO - Setting next_dagrun for example_branch_datetime_operator_3 to 2026-08-05 00:00:00+00:00, run_after=2026-08-06 00:00:00+00:00
[2026-08-06T21:13:34.606+0000] {processor.py:183} INFO - Processing /home/airflow/.local/lib/python3.8/site-packages/airflow/example_dags/example_branch_datetime_operator.py took 0.099 seconds
[2026-08-06T21:14:04.926+0000] {processor.py:161} INFO - Started process (PID=941) to work on /home/airflow/.local/lib/python3.8/site-packages/airflow/example_dags/example_branch_datetime_operator.py
[2026-08-06T21:14:04.927+0000] {processor.py:830} INFO - Processing file /home/airflow/.local/lib/python3.8/site-packages/airflow/example_dags/example_branch_datetime_operator.py for tasks to queue
[2026-08-06T21:14:04.930+0000] {logging_mixin.py:188} INFO - [2026-08-06T21:14:04.929+0000] {dagbag.py:538} INFO - Filling up the DagBag from /home/airflow/.local/lib/python3.8/site-packages/airflow/example_dags/example_branch_datetime_operator.py
[2026-08-06T21:14:04.943+0000] {processor.py:840} INFO - DAG(s) 'example_branch_datetime_operator_3', 'example_branch_datetime_operator_2', 'example_branch_datetime_operator' retrieved from /home/airflow/.local/lib/python3.8/site-packages/airflow/example_dags/example_branch_datetime_operator.py
[2026-08-06T21:14:04.978+0000] {logging_mixin.py:188} INFO - [2026-08-06T21:14:04.977+0000] {dag.py:3036} INFO - Sync 3 DAGs
[2026-08-06T21:14:05.004+0000] {logging_mixin.py:188} INFO - [2026-08-06T21:14:05.004+0000] {dag.py:3823} INFO - Setting next_dagrun for example_branch_datetime_operator to 2026-08-05 00:00:00+00:00, run_after=2026-08-06 00:00:00+00:00
[2026-08-06T21:14:05.010+0000] {logging_mixin.py:188} INFO - [2026-08-06T21:14:05.010+0000] {dag.py:3823} INFO - Setting next_dagrun for example_branch_datetime_operator_2 to 2026-08-05 00:00:00+00:00, run_after=2026-08-06 00:00:00+00:00
[2026-08-06T21:14:05.013+0000] {logging_mixin.py:188} INFO - [2026-08-06T21:14:05.013+0000] {dag.py:3823} INFO - Setting next_dagrun for example_branch_datetime_operator_3 to 2026-08-05 00:00:00+00:00, run_after=2026-08-06 00:00:00+00:00
[2026-08-06T21:14:05.035+0000] {processor.py:183} INFO - Processing /home/airflow/.local/lib/python3.8/site-packages/airflow/example_dags/example_branch_datetime_operator.py took 0.114 seconds
[2026-08-06T21:14:35.209+0000] {processor.py:161} INFO - Started process (PID=996) to work on /home/airflow/.local/lib/python3.8/site-packages/airflow/example_dags/example_branch_datetime_operator.py
[2026-08-06T21:14:35.211+0000] {processor.py:830} INFO - Processing file /home/airflow/.local/lib/python3.8/site-packages/airflow/example_dags/example_branch_datetime_operator.py for tasks to queue
[2026-08-06T21:14:35.213+0000] {logging_mixin.py:188} INFO - [2026-08-06T21:14:35.213+0000] {dagbag.py:538} INFO - Filling up the DagBag from /home/airflow/.local/lib/python3.8/site-packages/airflow/example_dags/example_branch_datetime_operator.py
[2026-08-06T21:14:35.224+0000] {processor.py:840} INFO - DAG(s) 'example_branch_datetime_operator_2', 'example_branch_datetime_operator_3', 'example_branch_datetime_operator' retrieved from /home/airflow/.local/lib/python3.8/site-packages/airflow/example_dags/example_branch_datetime_operator.py
[2026-08-06T21:14:35.254+0000] {logging_mixin.py:188} INFO - [2026-08-06T21:14:35.253+0000] {dag.py:3036} INFO - Sync 3 DAGs
[2026-08-06T21:14:35.277+0000] {logging_mixin.py:188} INFO - [2026-08-06T21:14:35.276+0000] {dag.py:3823} INFO - Setting next_dagrun for example_branch_datetime_operator to 2026-08-05 00:00:00+00:00, run_after=2026-08-06 00:00:00+00:00
[2026-08-06T21:14:35.282+0000] {logging_mixin.py:188} INFO - [2026-08-06T21:14:35.282+0000] {dag.py:3823} INFO - Setting next_dagrun for example_branch_datetime_operator_2 to 2026-08-05 00:00:00+00:00, run_after=2026-08-06 00:00:00+00:00
[2026-08-06T21:14:35.285+0000] {logging_mixin.py:188} INFO - [2026-08-06T21:14:35.285+0000] {dag.py:3823} INFO - Setting next_dagrun for example_branch_datetime_operator_3 to 2026-08-05 00:00:00+00:00, run_after=2026-08-06 00:00:00+00:00
[2026-08-06T21:14:35.305+0000] {processor.py:183} INFO - Processing /home/airflow/.local/lib/python3.8/site-packages/airflow/example_dags/example_branch_datetime_operator.py took 0.099 seconds
[2026-08-06T21:15:05.414+0000] {processor.py:161} INFO - Started process (PID=1051) to work on /home/airflow/.local/lib/python3.8/site-packages/airflow/example_dags/example_branch_datetime_operator.py
[2026-08-06T21:15:05.415+0000] {processor.py:830} INFO - Processing file /home/airflow/.local/lib/python3.8/site-packages/airflow/example_dags/example_branch_datetime_operator.py for tasks to queue
[2026-08-06T21:15:05.417+0000] {logging_mixin.py:188} INFO - [2026-08-06T21:15:05.417+0000] {dagbag.py:538} INFO - Filling up the DagBag from /home/airflow/.local/lib/python3.8/site-packages/airflow/example_dags/example_branch_datetime_operator.py
[2026-08-06T21:15:05.427+0000] {processor.py:840} INFO - DAG(s) 'example_branch_datetime_operator', 'example_branch_datetime_operator_2', 'example_branch_datetime_operator_3' retrieved from /home/airflow/.local/lib/python3.8/site-packages/airflow/example_dags/example_branch_datetime_operator.py
[2026-08-06T21:15:05.454+0000] {logging_mixin.py:188} INFO - [2026-08-06T21:15:05.454+0000] {dag.py:3036} INFO - Sync 3 DAGs
[2026-08-06T21:15:05.476+0000] {logging_mixin.py:188} INFO - [2026-08-06T21:15:05.476+0000] {dag.py:3823} INFO - Setting next_dagrun for example_branch_datetime_operator to 2026-08-05 00:00:00+00:00, run_after=2026-08-06 00:00:00+00:00
[2026-08-06T21:15:05.481+0000] {logging_mixin.py:188} INFO - [2026-08-06T21:15:05.481+0000] {dag.py:3823} INFO - Setting next_dagrun for example_branch_datetime_operator_2 to 2026-08-05 00:00:00+00:00, run_after=2026-08-06 00:00:00+00:00
[2026-08-06T21:15:05.484+0000] {logging_mixin.py:188} INFO - [2026-08-06T21:15:05.484+0000] {dag.py:3823} INFO - Setting next_dagrun for example_branch_datetime_operator_3 to 2026-08-05 00:00:00+00:00, run_after=2026-08-06 00:00:00+00:00
[2026-08-06T21:15:05.502+0000] {processor.py:183} INFO - Processing /home/airflow/.local/lib/python3.8/site-packages/airflow/example_dags/example_branch_datetime_operator.py took 0.092 seconds
[2026-08-06T21:15:35.801+0000] {processor.py:161} INFO - Started process (PID=1106) to work on /home/airflow/.local/lib/python3.8/site-packages/airflow/example_dags/example_branch_datetime_operator.py
[2026-08-06T21:15:35.803+0000] {processor.py:830} INFO - Processing file /home/airflow/.local/lib/python3.8/site-packages/airflow/example_dags/example_branch_datetime_operator.py for tasks to queue
[2026-08-06T21:15:35.805+0000] {logging_mixin.py:188} INFO - [2026-08-06T21:15:35.804+0000] {dagbag.py:538} INFO - Filling up the DagBag from /home/airflow/.local/lib/python3.8/site-packages/airflow/example_dags/example_branch_datetime_operator.py
[2026-08-06T21:15:35.814+0000] {processor.py:840} INFO - DAG(s) 'example_branch_datetime_operator_3', 'example_branch_datetime_operator', 'example_branch_datetime_operator_2' retrieved from /home/airflow/.local/lib/python3.8/site-packages/airflow/example_dags/example_branch_datetime_operator.py
[2026-08-06T21:15:35.851+0000] {logging_mixin.py:188} INFO - [2026-08-06T21:15:35.850+0000] {dag.py:3036} INFO - Sync 3 DAGs
[2026-08-06T21:15:35.877+0000] {logging_mixin.py:188} INFO - [2026-08-06T21:15:35.877+0000] {dag.py:3823} INFO - Setting next_dagrun for example_branch_datetime_operator to 2026-08-05 00:00:00+00:00, run_after=2026-08-06 00:00:00+00:00
[2026-08-06T21:15:35.885+0000] {logging_mixin.py:188} INFO - [2026-08-06T21:15:35.885+0000] {dag.py:3823} INFO - Setting next_dagrun for example_branch_datetime_operator_2 to 2026-08-05 00:00:00+00:00, run_after=2026-08-06 00:00:00+00:00
[2026-08-06T21:15:35.888+0000] {logging_mixin.py:188} INFO - [2026-08-06T21:15:35.888+0000] {dag.py:3823} INFO - Setting next_dagrun for example_branch_datetime_operator_3 to 2026-08-05 00:00:00+00:00, run_after=2026-08-06 00:00:00+00:00
[2026-08-06T21:15:35.912+0000] {processor.py:183} INFO - Processing /home/airflow/.local/lib/python3.8/site-packages/airflow/example_dags/example_branch_datetime_operator.py took 0.114 seconds
[2026-08-06T21:16:06.332+0000] {processor.py:161} INFO - Started process (PID=1177) to work on /home/airflow/.local/lib/python3.8/site-packages/airflow/example_dags/example_branch_datetime_operator.py
[2026-08-06T21:16:06.334+0000] {processor.py:830} INFO - Processing file /home/airflow/.local/lib/python3.8/site-packages/airflow/example_dags/example_branch_datetime_operator.py for tasks to queue
[2026-08-06T21:16:06.336+0000] {logging_mixin.py:188} INFO - [2026-08-06T21:16:06.336+0000] {dagbag.py:538} INFO - Filling up the DagBag from /home/airflow/.local/lib/python3.8/site-packages/airflow/example_dags/example_branch_datetime_operator.py
[2026-08-06T21:16:06.346+0000] {processor.py:840} INFO - DAG(s) 'example_branch_datetime_operator', 'example_branch_datetime_operator_2', 'example_branch_datetime_operator_3' retrieved from /home/airflow/.local/lib/python3.8/site-packages/airflow/example_dags/example_branch_datetime_operator.py
[2026-08-06T21:16:06.377+0000] {logging_mixin.py:188} INFO - [2026-08-06T21:16:06.377+0000] {dag.py:3036} INFO - Sync 3 DAGs
[2026-08-06T21:16:06.401+0000] {logging_mixin.py:188} INFO - [2026-08-06T21:16:06.401+0000] {dag.py:3823} INFO - Setting next_dagrun for example_branch_datetime_operator to 2026-08-05 00:00:00+00:00, run_after=2026-08-06 00:00:00+00:00
[2026-08-06T21:16:06.407+0000] {logging_mixin.py:188} INFO - [2026-08-06T21:16:06.407+0000] {dag.py:3823} INFO - Setting next_dagrun for example_branch_datetime_operator_2 to 2026-08-05 00:00:00+00:00, run_after=2026-08-06 00:00:00+00:00
[2026-08-06T21:16:06.410+0000] {logging_mixin.py:188} INFO - [2026-08-06T21:16:06.410+0000] {dag.py:3823} INFO - Setting next_dagrun for example_branch_datetime_operator_3 to 2026-08-05 00:00:00+00:00, run_after=2026-08-06 00:00:00+00:00
[2026-08-06T21:16:06.441+0000] {processor.py:183} INFO - Processing /home/airflow/.local/lib/python3.8/site-packages/airflow/example_dags/example_branch_datetime_operator.py took 0.112 seconds
[2026-08-06T21:16:37.193+0000] {processor.py:161} INFO - Started process (PID=1236) to work on /home/airflow/.local/lib/python3.8/site-packages/airflow/example_dags/example_branch_datetime_operator.py
[2026-08-06T21:16:37.194+0000] {processor.py:830} INFO - Processing file /home/airflow/.local/lib/python3.8/site-packages/airflow/example_dags/example_branch_datetime_operator.py for tasks to queue
[2026-08-06T21:16:37.197+0000] {logging_mixin.py:188} INFO - [2026-08-06T21:16:37.196+0000] {dagbag.py:538} INFO - Filling up the DagBag from /home/airflow/.local/lib/python3.8/site-packages/airflow/example_dags/example_branch_datetime_operator.py
[2026-08-06T21:16:37.210+0000] {processor.py:840} INFO - DAG(s) 'example_branch_datetime_operator_3', 'example_branch_datetime_operator_2', 'example_branch_datetime_operator' retrieved from /home/airflow/.local/lib/python3.8/site-packages/airflow/example_dags/example_branch_datetime_operator.py
[2026-08-06T21:16:37.258+0000] {logging_mixin.py:188} INFO - [2026-08-06T21:16:37.257+0000] {dag.py:3036} INFO - Sync 3 DAGs
[2026-08-06T21:16:37.303+0000] {logging_mixin.py:188} INFO - [2026-08-06T21:16:37.302+0000] {dag.py:3823} INFO - Setting next_dagrun for example_branch_datetime_operator to 2026-08-05 00:00:00+00:00, run_after=2026-08-06 00:00:00+00:00
[2026-08-06T21:16:37.313+0000] {logging_mixin.py:188} INFO - [2026-08-06T21:16:37.312+0000] {dag.py:3823} INFO - Setting next_dagrun for example_branch_datetime_operator_2 to 2026-08-05 00:00:00+00:00, run_after=2026-08-06 00:00:00+00:00
[2026-08-06T21:16:37.317+0000] {logging_mixin.py:188} INFO - [2026-08-06T21:16:37.317+0000] {dag.py:3823} INFO - Setting next_dagrun for example_branch_datetime_operator_3 to 2026-08-05 00:00:00+00:00, run_after=2026-08-06 00:00:00+00:00
[2026-08-06T21:16:37.353+0000] {processor.py:183} INFO - Processing /home/airflow/.local/lib/python3.8/site-packages/airflow/example_dags/example_branch_datetime_operator.py took 0.164 seconds
[2026-08-06T21:17:07.546+0000] {processor.py:161} INFO - Started process (PID=1295) to work on /home/airflow/.local/lib/python3.8/site-packages/airflow/example_dags/example_branch_datetime_operator.py
[2026-08-06T21:17:07.548+0000] {processor.py:830} INFO - Processing file /home/airflow/.local/lib/python3.8/site-packages/airflow/example_dags/example_branch_datetime_operator.py for tasks to queue
[2026-08-06T21:17:07.552+0000] {logging_mixin.py:188} INFO - [2026-08-06T21:17:07.551+0000] {dagbag.py:538} INFO - Filling up the DagBag from /home/airflow/.local/lib/python3.8/site-packages/airflow/example_dags/example_branch_datetime_operator.py
[2026-08-06T21:17:07.565+0000] {processor.py:840} INFO - DAG(s) 'example_branch_datetime_operator_2', 'example_branch_datetime_operator', 'example_branch_datetime_operator_3' retrieved from /home/airflow/.local/lib/python3.8/site-packages/airflow/example_dags/example_branch_datetime_operator.py
[2026-08-06T21:17:07.600+0000] {logging_mixin.py:188} INFO - [2026-08-06T21:17:07.599+0000] {dag.py:3036} INFO - Sync 3 DAGs
[2026-08-06T21:17:07.623+0000] {logging_mixin.py:188} INFO - [2026-08-06T21:17:07.623+0000] {dag.py:3823} INFO - Setting next_dagrun for example_branch_datetime_operator to 2026-08-05 00:00:00+00:00, run_after=2026-08-06 00:00:00+00:00
[2026-08-06T21:17:07.629+0000] {logging_mixin.py:188} INFO - [2026-08-06T21:17:07.629+0000] {dag.py:3823} INFO - Setting next_dagrun for example_branch_datetime_operator_2 to 2026-08-05 00:00:00+00:00, run_after=2026-08-06 00:00:00+00:00
[2026-08-06T21:17:07.633+0000] {logging_mixin.py:188} INFO - [2026-08-06T21:17:07.633+0000] {dag.py:3823} INFO - Setting next_dagrun for example_branch_datetime_operator_3 to 2026-08-05 00:00:00+00:00, run_after=2026-08-06 00:00:00+00:00
[2026-08-06T21:17:07.672+0000] {processor.py:183} INFO - Processing /home/airflow/.local/lib/python3.8/site-packages/airflow/example_dags/example_branch_datetime_operator.py took 0.130 seconds
[2026-08-06T21:17:37.832+0000] {processor.py:161} INFO - Started process (PID=1354) to work on /home/airflow/.local/lib/python3.8/site-packages/airflow/example_dags/example_branch_datetime_operator.py
[2026-08-06T21:17:37.834+0000] {processor.py:830} INFO - Processing file /home/airflow/.local/lib/python3.8/site-packages/airflow/example_dags/example_branch_datetime_operator.py for tasks to queue
[2026-08-06T21:17:37.838+0000] {logging_mixin.py:188} INFO - [2026-08-06T21:17:37.837+0000] {dagbag.py:538} INFO - Filling up the DagBag from /home/airflow/.local/lib/python3.8/site-packages/airflow/example_dags/example_branch_datetime_operator.py
[2026-08-06T21:17:37.848+0000] {processor.py:840} INFO - DAG(s) 'example_branch_datetime_operator_3', 'example_branch_datetime_operator_2', 'example_branch_datetime_operator' retrieved from /home/airflow/.local/lib/python3.8/site-packages/airflow/example_dags/example_branch_datetime_operator.py
[2026-08-06T21:17:37.882+0000] {logging_mixin.py:188} INFO - [2026-08-06T21:17:37.881+0000] {dag.py:3036} INFO - Sync 3 DAGs
[2026-08-06T21:17:37.908+0000] {logging_mixin.py:188} INFO - [2026-08-06T21:17:37.908+0000] {dag.py:3823} INFO - Setting next_dagrun for example_branch_datetime_operator to 2026-08-05 00:00:00+00:00, run_after=2026-08-06 00:00:00+00:00
[2026-08-06T21:17:37.914+0000] {logging_mixin.py:188} INFO - [2026-08-06T21:17:37.914+0000] {dag.py:3823} INFO - Setting next_dagrun for example_branch_datetime_operator_2 to 2026-08-05 00:00:00+00:00, run_after=2026-08-06 00:00:00+00:00
[2026-08-06T21:17:37.918+0000] {logging_mixin.py:188} INFO - [2026-08-06T21:17:37.918+0000] {dag.py:3823} INFO - Setting next_dagrun for example_branch_datetime_operator_3 to 2026-08-05 00:00:00+00:00, run_after=2026-08-06 00:00:00+00:00
[2026-08-06T21:17:37.941+0000] {processor.py:183} INFO - Processing /home/airflow/.local/lib/python3.8/site-packages/airflow/example_dags/example_branch_datetime_operator.py took 0.113 seconds
[2026-08-06T21:18:08.283+0000] {processor.py:161} INFO - Started process (PID=1413) to work on /home/airflow/.local/lib/python3.8/site-packages/airflow/example_dags/example_branch_datetime_operator.py
[2026-08-06T21:18:08.284+0000] {processor.py:830} INFO - Processing file /home/airflow/.local/lib/python3.8/site-packages/airflow/example_dags/example_branch_datetime_operator.py for tasks to queue
[2026-08-06T21:18:08.286+0000] {logging_mixin.py:188} INFO - [2026-08-06T21:18:08.286+0000] {dagbag.py:538} INFO - Filling up the DagBag from /home/airflow/.local/lib/python3.8/site-packages/airflow/example_dags/example_branch_datetime_operator.py
[2026-08-06T21:18:08.298+0000] {processor.py:840} INFO - DAG(s) 'example_branch_datetime_operator_3', 'example_branch_datetime_operator', 'example_branch_datetime_operator_2' retrieved from /home/airflow/.local/lib/python3.8/site-packages/airflow/example_dags/example_branch_datetime_operator.py
[2026-08-06T21:18:08.333+0000] {logging_mixin.py:188} INFO - [2026-08-06T21:18:08.332+0000] {dag.py:3036} INFO - Sync 3 DAGs
[2026-08-06T21:18:08.356+0000] {logging_mixin.py:188} INFO - [2026-08-06T21:18:08.355+0000] {dag.py:3823} INFO - Setting next_dagrun for example_branch_datetime_operator to 2026-08-05 00:00:00+00:00, run_after=2026-08-06 00:00:00+00:00
[2026-08-06T21:18:08.363+0000] {logging_mixin.py:188} INFO - [2026-08-06T21:18:08.362+0000] {dag.py:3823} INFO - Setting next_dagrun for example_branch_datetime_operator_2 to 2026-08-05 00:00:00+00:00, run_after=2026-08-06 00:00:00+00:00
[2026-08-06T21:18:08.365+0000] {logging_mixin.py:188} INFO - [2026-08-06T21:18:08.365+0000] {dag.py:3823} INFO - Setting next_dagrun for example_branch_datetime_operator_3 to 2026-08-05 00:00:00+00:00, run_after=2026-08-06 00:00:00+00:00
[2026-08-06T21:18:08.386+0000] {processor.py:183} INFO - Processing /home/airflow/.local/lib/python3.8/site-packages/airflow/example_dags/example_branch_datetime_operator.py took 0.107 seconds
[2026-08-06T21:18:38.453+0000] {processor.py:161} INFO - Started process (PID=1472) to work on /home/airflow/.local/lib/python3.8/site-packages/airflow/example_dags/example_branch_datetime_operator.py
[2026-08-06T21:18:38.455+0000] {processor.py:830} INFO - Processing file /home/airflow/.local/lib/python3.8/site-packages/airflow/example_dags/example_branch_datetime_operator.py for tasks to queue
[2026-08-06T21:18:38.457+0000] {logging_mixin.py:188} INFO - [2026-08-06T21:18:38.456+0000] {dagbag.py:538} INFO - Filling up the DagBag from /home/airflow/.local/lib/python3.8/site-packages/airflow/example_dags/example_branch_datetime_operator.py
[2026-08-06T21:18:38.469+0000] {processor.py:840} INFO - DAG(s) 'example_branch_datetime_operator_2', 'example_branch_datetime_operator_3', 'example_branch_datetime_operator' retrieved from /home/airflow/.local/lib/python3.8/site-packages/airflow/example_dags/example_branch_datetime_operator.py
[2026-08-06T21:18:38.502+0000] {logging_mixin.py:188} INFO - [2026-08-06T21:18:38.501+0000] {dag.py:3036} INFO - Sync 3 DAGs
[2026-08-06T21:18:38.526+0000] {logging_mixin.py:188} INFO - [2026-08-06T21:18:38.526+0000] {dag.py:3823} INFO - Setting next_dagrun for example_branch_datetime_operator to 2026-08-05 00:00:00+00:00, run_after=2026-08-06 00:00:00+00:00
[2026-08-06T21:18:38.534+0000] {logging_mixin.py:188} INFO - [2026-08-06T21:18:38.534+0000] {dag.py:3823} INFO - Setting next_dagrun for example_branch_datetime_operator_2 to 2026-08-05 00:00:00+00:00, run_after=2026-08-06 00:00:00+00:00
[2026-08-06T21:18:38.538+0000] {logging_mixin.py:188} INFO - [2026-08-06T21:18:38.537+0000] {dag.py:3823} INFO - Setting next_dagrun for example_branch_datetime_operator_3 to 2026-08-05 00:00:00+00:00, run_after=2026-08-06 00:00:00+00:00
[2026-08-06T21:18:38.559+0000] {processor.py:183} INFO - Processing /home/airflow/.local/lib/python3.8/site-packages/airflow/example_dags/example_branch_datetime_operator.py took 0.110 seconds
[2026-08-06T21:19:08.826+0000] {processor.py:161} INFO - Started process (PID=1531) to work on /home/airflow/.local/lib/python3.8/site-packages/airflow/example_dags/example_branch_datetime_operator.py
[2026-08-06T21:19:08.827+0000] {processor.py:830} INFO - Processing file /home/airflow/.local/lib/python3.8/site-packages/airflow/example_dags/example_branch_datetime_operator.py for tasks to queue
[2026-08-06T21:19:08.830+0000] {logging_mixin.py:188} INFO - [2026-08-06T21:19:08.829+0000] {dagbag.py:538} INFO - Filling up the DagBag from /home/airflow/.local/lib/python3.8/site-packages/airflow/example_dags/example_branch_datetime_operator.py
[2026-08-06T21:19:08.843+0000] {processor.py:840} INFO - DAG(s) 'example_branch_datetime_operator_3', 'example_branch_datetime_operator', 'example_branch_datetime_operator_2' retrieved from /home/airflow/.local/lib/python3.8/site-packages/airflow/example_dags/example_branch_datetime_operator.py
[2026-08-06T21:19:08.884+0000] {logging_mixin.py:188} INFO - [2026-08-06T21:19:08.883+0000] {dag.py:3036} INFO - Sync 3 DAGs
[2026-08-06T21:19:08.918+0000] {logging_mixin.py:188} INFO - [2026-08-06T21:19:08.918+0000] {dag.py:3823} INFO - Setting next_dagrun for example_branch_datetime_operator to 2026-08-05 00:00:00+00:00, run_after=2026-08-06 00:00:00+00:00
[2026-08-06T21:19:08.925+0000] {logging_mixin.py:188} INFO - [2026-08-06T21:19:08.925+0000] {dag.py:3823} INFO - Setting next_dagrun for example_branch_datetime_operator_2 to 2026-08-05 00:00:00+00:00, run_after=2026-08-06 00:00:00+00:00
[2026-08-06T21:19:08.928+0000] {logging_mixin.py:188} INFO - [2026-08-06T21:19:08.928+0000] {dag.py:3823} INFO - Setting next_dagrun for example_branch_datetime_operator_3 to 2026-08-05 00:00:00+00:00, run_after=2026-08-06 00:00:00+00:00
[2026-08-06T21:19:08.949+0000] {processor.py:183} INFO - Processing /home/airflow/.local/lib/python3.8/site-packages/airflow/example_dags/example_branch_datetime_operator.py took 0.127 seconds
[2026-08-06T21:19:40.055+0000] {processor.py:161} INFO - Started process (PID=1590) to work on /home/airflow/.local/lib/python3.8/site-packages/airflow/example_dags/example_branch_datetime_operator.py
[2026-08-06T21:19:40.056+0000] {processor.py:830} INFO - Processing file /home/airflow/.local/lib/python3.8/site-packages/airflow/example_dags/example_branch_datetime_operator.py for tasks to queue
[2026-08-06T21:19:40.060+0000] {logging_mixin.py:188} INFO - [2026-08-06T21:19:40.059+0000] {dagbag.py:538} INFO - Filling up the DagBag from /home/airflow/.local/lib/python3.8/site-packages/airflow/example_dags/example_branch_datetime_operator.py
[2026-08-06T21:19:40.077+0000] {processor.py:840} INFO - DAG(s) 'example_branch_datetime_operator_3', 'example_branch_datetime_operator', 'example_branch_datetime_operator_2' retrieved from /home/airflow/.local/lib/python3.8/site-packages/airflow/example_dags/example_branch_datetime_operator.py
[2026-08-06T21:19:40.117+0000] {logging_mixin.py:188} INFO - [2026-08-06T21:19:40.117+0000] {dag.py:3036} INFO - Sync 3 DAGs
[2026-08-06T21:19:40.153+0000] {logging_mixin.py:188} INFO - [2026-08-06T21:19:40.152+0000] {dag.py:3823} INFO - Setting next_dagrun for example_branch_datetime_operator to 2026-08-05 00:00:00+00:00, run_after=2026-08-06 00:00:00+00:00
[2026-08-06T21:19:40.161+0000] {logging_mixin.py:188} INFO - [2026-08-06T21:19:40.160+0000] {dag.py:3823} INFO - Setting next_dagrun for example_branch_datetime_operator_2 to 2026-08-05 00:00:00+00:00, run_after=2026-08-06 00:00:00+00:00
[2026-08-06T21:19:40.174+0000] {logging_mixin.py:188} INFO - [2026-08-06T21:19:40.172+0000] {dag.py:3823} INFO - Setting next_dagrun for example_branch_datetime_operator_3 to 2026-08-05 00:00:00+00:00, run_after=2026-08-06 00:00:00+00:00
[2026-08-06T21:19:40.237+0000] {processor.py:183} INFO - Processing /home/airflow/.local/lib/python3.8/site-packages/airflow/example_dags/example_branch_datetime_operator.py took 0.188 seconds
[2026-08-06T21:20:11.143+0000] {processor.py:161} INFO - Started process (PID=1649) to work on /home/airflow/.local/lib/python3.8/site-packages/airflow/example_dags/example_branch_datetime_operator.py
[2026-08-06T21:20:11.145+0000] {processor.py:830} INFO - Processing file /home/airflow/.local/lib/python3.8/site-packages/airflow/example_dags/example_branch_datetime_operator.py for tasks to queue
[2026-08-06T21:20:11.149+0000] {logging_mixin.py:188} INFO - [2026-08-06T21:20:11.148+0000] {dagbag.py:538} INFO - Filling up the DagBag from /home/airflow/.local/lib/python3.8/site-packages/airflow/example_dags/example_branch_datetime_operator.py
[2026-08-06T21:20:11.174+0000] {processor.py:840} INFO - DAG(s) 'example_branch_datetime_operator_3', 'example_branch_datetime_operator', 'example_branch_datetime_operator_2' retrieved from /home/airflow/.local/lib/python3.8/site-packages/airflow/example_dags/example_branch_datetime_operator.py
[2026-08-06T21:20:11.227+0000] {logging_mixin.py:188} INFO - [2026-08-06T21:20:11.227+0000] {dag.py:3036} INFO - Sync 3 DAGs
[2026-08-06T21:20:11.261+0000] {logging_mixin.py:188} INFO - [2026-08-06T21:20:11.261+0000] {dag.py:3823} INFO - Setting next_dagrun for example_branch_datetime_operator to 2026-08-05 00:00:00+00:00, run_after=2026-08-06 00:00:00+00:00
[2026-08-06T21:20:11.269+0000] {logging_mixin.py:188} INFO - [2026-08-06T21:20:11.269+0000] {dag.py:3823} INFO - Setting next_dagrun for example_branch_datetime_operator_2 to 2026-08-05 00:00:00+00:00, run_after=2026-08-06 00:00:00+00:00
[2026-08-06T21:20:11.281+0000] {logging_mixin.py:188} INFO - [2026-08-06T21:20:11.280+0000] {dag.py:3823} INFO - Setting next_dagrun for example_branch_datetime_operator_3 to 2026-08-05 00:00:00+00:00, run_after=2026-08-06 00:00:00+00:00
[2026-08-06T21:20:11.342+0000] {processor.py:183} INFO - Processing /home/airflow/.local/lib/python3.8/site-packages/airflow/example_dags/example_branch_datetime_operator.py took 0.206 seconds
[2026-08-06T21:20:41.460+0000] {processor.py:161} INFO - Started process (PID=1708) to work on /home/airflow/.local/lib/python3.8/site-packages/airflow/example_dags/example_branch_datetime_operator.py
[2026-08-06T21:20:41.461+0000] {processor.py:830} INFO - Processing file /home/airflow/.local/lib/python3.8/site-packages/airflow/example_dags/example_branch_datetime_operator.py for tasks to queue
[2026-08-06T21:20:41.463+0000] {logging_mixin.py:188} INFO - [2026-08-06T21:20:41.463+0000] {dagbag.py:538} INFO - Filling up the DagBag from /home/airflow/.local/lib/python3.8/site-packages/airflow/example_dags/example_branch_datetime_operator.py
[2026-08-06T21:20:41.473+0000] {processor.py:840} INFO - DAG(s) 'example_branch_datetime_operator', 'example_branch_datetime_operator_3', 'example_branch_datetime_operator_2' retrieved from /home/airflow/.local/lib/python3.8/site-packages/airflow/example_dags/example_branch_datetime_operator.py
[2026-08-06T21:20:41.501+0000] {logging_mixin.py:188} INFO - [2026-08-06T21:20:41.500+0000] {dag.py:3036} INFO - Sync 3 DAGs
[2026-08-06T21:20:41.522+0000] {logging_mixin.py:188} INFO - [2026-08-06T21:20:41.522+0000] {dag.py:3823} INFO - Setting next_dagrun for example_branch_datetime_operator to 2026-08-05 00:00:00+00:00, run_after=2026-08-06 00:00:00+00:00
[2026-08-06T21:20:41.528+0000] {logging_mixin.py:188} INFO - [2026-08-06T21:20:41.527+0000] {dag.py:3823} INFO - Setting next_dagrun for example_branch_datetime_operator_2 to 2026-08-05 00:00:00+00:00, run_after=2026-08-06 00:00:00+00:00
[2026-08-06T21:20:41.531+0000] {logging_mixin.py:188} INFO - [2026-08-06T21:20:41.531+0000] {dag.py:3823} INFO - Setting next_dagrun for example_branch_datetime_operator_3 to 2026-08-05 00:00:00+00:00, run_after=2026-08-06 00:00:00+00:00
[2026-08-06T21:20:41.549+0000] {processor.py:183} INFO - Processing /home/airflow/.local/lib/python3.8/site-packages/airflow/example_dags/example_branch_datetime_operator.py took 0.093 seconds
[2026-08-06T21:21:11.919+0000] {processor.py:161} INFO - Started process (PID=1767) to work on /home/airflow/.local/lib/python3.8/site-packages/airflow/example_dags/example_branch_datetime_operator.py
[2026-08-06T21:21:11.920+0000] {processor.py:830} INFO - Processing file /home/airflow/.local/lib/python3.8/site-packages/airflow/example_dags/example_branch_datetime_operator.py for tasks to queue
[2026-08-06T21:21:11.922+0000] {logging_mixin.py:188} INFO - [2026-08-06T21:21:11.922+0000] {dagbag.py:538} INFO - Filling up the DagBag from /home/airflow/.local/lib/python3.8/site-packages/airflow/example_dags/example_branch_datetime_operator.py
[2026-08-06T21:21:11.932+0000] {processor.py:840} INFO - DAG(s) 'example_branch_datetime_operator_2', 'example_branch_datetime_operator_3', 'example_branch_datetime_operator' retrieved from /home/airflow/.local/lib/python3.8/site-packages/airflow/example_dags/example_branch_datetime_operator.py
[2026-08-06T21:21:11.965+0000] {logging_mixin.py:188} INFO - [2026-08-06T21:21:11.964+0000] {dag.py:3036} INFO - Sync 3 DAGs
[2026-08-06T21:21:11.988+0000] {logging_mixin.py:188} INFO - [2026-08-06T21:21:11.988+0000] {dag.py:3823} INFO - Setting next_dagrun for example_branch_datetime_operator to 2026-08-05 00:00:00+00:00, run_after=2026-08-06 00:00:00+00:00
[2026-08-06T21:21:11.993+0000] {logging_mixin.py:188} INFO - [2026-08-06T21:21:11.993+0000] {dag.py:3823} INFO - Setting next_dagrun for example_branch_datetime_operator_2 to 2026-08-05 00:00:00+00:00, run_after=2026-08-06 00:00:00+00:00
[2026-08-06T21:21:11.996+0000] {logging_mixin.py:188} INFO - [2026-08-06T21:21:11.996+0000] {dag.py:3823} INFO - Setting next_dagrun for example_branch_datetime_operator_3 to 2026-08-05 00:00:00+00:00, run_after=2026-08-06 00:00:00+00:00
[2026-08-06T21:21:12.014+0000] {processor.py:183} INFO - Processing /home/airflow/.local/lib/python3.8/site-packages/airflow/example_dags/example_branch_datetime_operator.py took 0.098 seconds
[2026-08-06T21:21:42.410+0000] {processor.py:161} INFO - Started process (PID=1826) to work on /home/airflow/.local/lib/python3.8/site-packages/airflow/example_dags/example_branch_datetime_operator.py
[2026-08-06T21:21:42.411+0000] {processor.py:830} INFO - Processing file /home/airflow/.local/lib/python3.8/site-packages/airflow/example_dags/example_branch_datetime_operator.py for tasks to queue
[2026-08-06T21:21:42.413+0000] {logging_mixin.py:188} INFO - [2026-08-06T21:21:42.413+0000] {dagbag.py:538} INFO - Filling up the DagBag from /home/airflow/.local/lib/python3.8/site-packages/airflow/example_dags/example_branch_datetime_operator.py
[2026-08-06T21:21:42.424+0000] {processor.py:840} INFO - DAG(s) 'example_branch_datetime_operator_3', 'example_branch_datetime_operator', 'example_branch_datetime_operator_2' retrieved from /home/airflow/.local/lib/python3.8/site-packages/airflow/example_dags/example_branch_datetime_operator.py
[2026-08-06T21:21:42.454+0000] {logging_mixin.py:188} INFO - [2026-08-06T21:21:42.454+0000] {dag.py:3036} INFO - Sync 3 DAGs
[2026-08-06T21:21:42.477+0000] {logging_mixin.py:188} INFO - [2026-08-06T21:21:42.477+0000] {dag.py:3823} INFO - Setting next_dagrun for example_branch_datetime_operator to 2026-08-05 00:00:00+00:00, run_after=2026-08-06 00:00:00+00:00
[2026-08-06T21:21:42.482+0000] {logging_mixin.py:188} INFO - [2026-08-06T21:21:42.482+0000] {dag.py:3823} INFO - Setting next_dagrun for example_branch_datetime_operator_2 to 2026-08-05 00:00:00+00:00, run_after=2026-08-06 00:00:00+00:00
[2026-08-06T21:21:42.485+0000] {logging_mixin.py:188} INFO - [2026-08-06T21:21:42.484+0000] {dag.py:3823} INFO - Setting next_dagrun for example_branch_datetime_operator_3 to 2026-08-05 00:00:00+00:00, run_after=2026-08-06 00:00:00+00:00
[2026-08-06T21:21:42.502+0000] {processor.py:183} INFO - Processing /home/airflow/.local/lib/python3.8/site-packages/airflow/example_dags/example_branch_datetime_operator.py took 0.096 seconds
[2026-08-06T21:22:12.824+0000] {processor.py:161} INFO - Started process (PID=1885) to work on /home/airflow/.local/lib/python3.8/site-packages/airflow/example_dags/example_branch_datetime_operator.py
[2026-08-06T21:22:12.826+0000] {processor.py:830} INFO - Processing file /home/airflow/.local/lib/python3.8/site-packages/airflow/example_dags/example_branch_datetime_operator.py for tasks to queue
[2026-08-06T21:22:12.828+0000] {logging_mixin.py:188} INFO - [2026-08-06T21:22:12.828+0000] {dagbag.py:538} INFO - Filling up the DagBag from /home/airflow/.local/lib/python3.8/site-packages/airflow/example_dags/example_branch_datetime_operator.py
[2026-08-06T21:22:12.839+0000] {processor.py:840} INFO - DAG(s) 'example_branch_datetime_operator_3', 'example_branch_datetime_operator_2', 'example_branch_datetime_operator' retrieved from /home/airflow/.local/lib/python3.8/site-packages/airflow/example_dags/example_branch_datetime_operator.py
[2026-08-06T21:22:12.869+0000] {logging_mixin.py:188} INFO - [2026-08-06T21:22:12.869+0000] {dag.py:3036} INFO - Sync 3 DAGs
[2026-08-06T21:22:12.892+0000] {logging_mixin.py:188} INFO - [2026-08-06T21:22:12.891+0000] {dag.py:3823} INFO - Setting next_dagrun for example_branch_datetime_operator to 2026-08-05 00:00:00+00:00, run_after=2026-08-06 00:00:00+00:00
[2026-08-06T21:22:12.897+0000] {logging_mixin.py:188} INFO - [2026-08-06T21:22:12.897+0000] {dag.py:3823} INFO - Setting next_dagrun for example_branch_datetime_operator_2 to 2026-08-05 00:00:00+00:00, run_after=2026-08-06 00:00:00+00:00
[2026-08-06T21:22:12.900+0000] {logging_mixin.py:188} INFO - [2026-08-06T21:22:12.900+0000] {dag.py:3823} INFO - Setting next_dagrun for example_branch_datetime_operator_3 to 2026-08-05 00:00:00+00:00, run_after=2026-08-06 00:00:00+00:00
[2026-08-06T21:22:12.917+0000] {processor.py:183} INFO - Processing /home/airflow/.local/lib/python3.8/site-packages/airflow/example_dags/example_branch_datetime_operator.py took 0.096 seconds
[2026-08-06T21:22:43.508+0000] {processor.py:161} INFO - Started process (PID=1944) to work on /home/airflow/.local/lib/python3.8/site-packages/airflow/example_dags/example_branch_datetime_operator.py
[2026-08-06T21:22:43.509+0000] {processor.py:830} INFO - Processing file /home/airflow/.local/lib/python3.8/site-packages/airflow/example_dags/example_branch_datetime_operator.py for tasks to queue
[2026-08-06T21:22:43.511+0000] {logging_mixin.py:188} INFO - [2026-08-06T21:22:43.511+0000] {dagbag.py:538} INFO - Filling up the DagBag from /home/airflow/.local/lib/python3.8/site-packages/airflow/example_dags/example_branch_datetime_operator.py
[2026-08-06T21:22:43.522+0000] {processor.py:840} INFO - DAG(s) 'example_branch_datetime_operator', 'example_branch_datetime_operator_2', 'example_branch_datetime_operator_3' retrieved from /home/airflow/.local/lib/python3.8/site-packages/airflow/example_dags/example_branch_datetime_operator.py
[2026-08-06T21:22:43.553+0000] {logging_mixin.py:188} INFO - [2026-08-06T21:22:43.553+0000] {dag.py:3036} INFO - Sync 3 DAGs
[2026-08-06T21:22:43.579+0000] {logging_mixin.py:188} INFO - [2026-08-06T21:22:43.579+0000] {dag.py:3823} INFO - Setting next_dagrun for example_branch_datetime_operator to 2026-08-05 00:00:00+00:00, run_after=2026-08-06 00:00:00+00:00
[2026-08-06T21:22:43.586+0000] {logging_mixin.py:188} INFO - [2026-08-06T21:22:43.586+0000] {dag.py:3823} INFO - Setting next_dagrun for example_branch_datetime_operator_2 to 2026-08-05 00:00:00+00:00, run_after=2026-08-06 00:00:00+00:00
[2026-08-06T21:22:43.589+0000] {logging_mixin.py:188} INFO - [2026-08-06T21:22:43.589+0000] {dag.py:3823} INFO - Setting next_dagrun for example_branch_datetime_operator_3 to 2026-08-05 00:00:00+00:00, run_after=2026-08-06 00:00:00+00:00
[2026-08-06T21:22:43.607+0000] {processor.py:183} INFO - Processing /home/airflow/.local/lib/python3.8/site-packages/airflow/example_dags/example_branch_datetime_operator.py took 0.102 seconds
[2026-08-06T21:23:14.236+0000] {processor.py:161} INFO - Started process (PID=2003) to work on /home/airflow/.local/lib/python3.8/site-packages/airflow/example_dags/example_branch_datetime_operator.py
[2026-08-06T21:23:14.237+0000] {processor.py:830} INFO - Processing file /home/airflow/.local/lib/python3.8/site-packages/airflow/example_dags/example_branch_datetime_operator.py for tasks to queue
[2026-08-06T21:23:14.239+0000] {logging_mixin.py:188} INFO - [2026-08-06T21:23:14.239+0000] {dagbag.py:538} INFO - Filling up the DagBag from /home/airflow/.local/lib/python3.8/site-packages/airflow/example_dags/example_branch_datetime_operator.py
[2026-08-06T21:23:14.249+0000] {processor.py:840} INFO - DAG(s) 'example_branch_datetime_operator', 'example_branch_datetime_operator_2', 'example_branch_datetime_operator_3' retrieved from /home/airflow/.local/lib/python3.8/site-packages/airflow/example_dags/example_branch_datetime_operator.py
[2026-08-06T21:23:14.281+0000] {logging_mixin.py:188} INFO - [2026-08-06T21:23:14.281+0000] {dag.py:3036} INFO - Sync 3 DAGs
[2026-08-06T21:23:14.304+0000] {logging_mixin.py:188} INFO - [2026-08-06T21:23:14.304+0000] {dag.py:3823} INFO - Setting next_dagrun for example_branch_datetime_operator to 2026-08-05 00:00:00+00:00, run_after=2026-08-06 00:00:00+00:00
[2026-08-06T21:23:14.309+0000] {logging_mixin.py:188} INFO - [2026-08-06T21:23:14.309+0000] {dag.py:3823} INFO - Setting next_dagrun for example_branch_datetime_operator_2 to 2026-08-05 00:00:00+00:00, run_after=2026-08-06 00:00:00+00:00
[2026-08-06T21:23:14.312+0000] {logging_mixin.py:188} INFO - [2026-08-06T21:23:14.312+0000] {dag.py:3823} INFO - Setting next_dagrun for example_branch_datetime_operator_3 to 2026-08-05 00:00:00+00:00, run_after=2026-08-06 00:00:00+00:00
[2026-08-06T21:23:14.329+0000] {processor.py:183} INFO - Processing /home/airflow/.local/lib/python3.8/site-packages/airflow/example_dags/example_branch_datetime_operator.py took 0.097 seconds
[2026-08-06T21:23:44.738+0000] {processor.py:161} INFO - Started process (PID=2062) to work on /home/airflow/.local/lib/python3.8/site-packages/airflow/example_dags/example_branch_datetime_operator.py
[2026-08-06T21:23:44.740+0000] {processor.py:830} INFO - Processing file /home/airflow/.local/lib/python3.8/site-packages/airflow/example_dags/example_branch_datetime_operator.py for tasks to queue
[2026-08-06T21:23:44.742+0000] {logging_mixin.py:188} INFO - [2026-08-06T21:23:44.741+0000] {dagbag.py:538} INFO - Filling up the DagBag from /home/airflow/.local/lib/python3.8/site-packages/airflow/example_dags/example_branch_datetime_operator.py
[2026-08-06T21:23:44.753+0000] {processor.py:840} INFO - DAG(s) 'example_branch_datetime_operator_2', 'example_branch_datetime_operator', 'example_branch_datetime_operator_3' retrieved from /home/airflow/.local/lib/python3.8/site-packages/airflow/example_dags/example_branch_datetime_operator.py
[2026-08-06T21:23:44.789+0000] {logging_mixin.py:188} INFO - [2026-08-06T21:23:44.789+0000] {dag.py:3036} INFO - Sync 3 DAGs
[2026-08-06T21:23:44.815+0000] {logging_mixin.py:188} INFO - [2026-08-06T21:23:44.814+0000] {dag.py:3823} INFO - Setting next_dagrun for example_branch_datetime_operator to 2026-08-05 00:00:00+00:00, run_after=2026-08-06 00:00:00+00:00
[2026-08-06T21:23:44.820+0000] {logging_mixin.py:188} INFO - [2026-08-06T21:23:44.819+0000] {dag.py:3823} INFO - Setting next_dagrun for example_branch_datetime_operator_2 to 2026-08-05 00:00:00+00:00, run_after=2026-08-06 00:00:00+00:00
[2026-08-06T21:23:44.823+0000] {logging_mixin.py:188} INFO - [2026-08-06T21:23:44.822+0000] {dag.py:3823} INFO - Setting next_dagrun for example_branch_datetime_operator_3 to 2026-08-05 00:00:00+00:00, run_after=2026-08-06 00:00:00+00:00
[2026-08-06T21:23:44.839+0000] {processor.py:183} INFO - Processing /home/airflow/.local/lib/python3.8/site-packages/airflow/example_dags/example_branch_datetime_operator.py took 0.105 seconds
[2026-08-06T21:24:15.482+0000] {processor.py:161} INFO - Started process (PID=2121) to work on /home/airflow/.local/lib/python3.8/site-packages/airflow/example_dags/example_branch_datetime_operator.py
[2026-08-06T21:24:15.483+0000] {processor.py:830} INFO - Processing file /home/airflow/.local/lib/python3.8/site-packages/airflow/example_dags/example_branch_datetime_operator.py for tasks to queue
[2026-08-06T21:24:15.485+0000] {logging_mixin.py:188} INFO - [2026-08-06T21:24:15.485+0000] {dagbag.py:538} INFO - Filling up the DagBag from /home/airflow/.local/lib/python3.8/site-packages/airflow/example_dags/example_branch_datetime_operator.py
[2026-08-06T21:24:15.498+0000] {processor.py:840} INFO - DAG(s) 'example_branch_datetime_operator_3', 'example_branch_datetime_operator', 'example_branch_datetime_operator_2' retrieved from /home/airflow/.local/lib/python3.8/site-packages/airflow/example_dags/example_branch_datetime_operator.py
[2026-08-06T21:24:15.540+0000] {logging_mixin.py:188} INFO - [2026-08-06T21:24:15.540+0000] {dag.py:3036} INFO - Sync 3 DAGs
[2026-08-06T21:24:15.572+0000] {logging_mixin.py:188} INFO - [2026-08-06T21:24:15.572+0000] {dag.py:3823} INFO - Setting next_dagrun for example_branch_datetime_operator to 2026-08-05 00:00:00+00:00, run_after=2026-08-06 00:00:00+00:00
[2026-08-06T21:24:15.579+0000] {logging_mixin.py:188} INFO - [2026-08-06T21:24:15.579+0000] {dag.py:3823} INFO - Setting next_dagrun for example_branch_datetime_operator_2 to 2026-08-05 00:00:00+00:00, run_after=2026-08-06 00:00:00+00:00
[2026-08-06T21:24:15.582+0000] {logging_mixin.py:188} INFO - [2026-08-06T21:24:15.582+0000] {dag.py:3823} INFO - Setting next_dagrun for example_branch_datetime_operator_3 to 2026-08-05 00:00:00+00:00, run_after=2026-08-06 00:00:00+00:00
[2026-08-06T21:24:15.608+0000] {processor.py:183} INFO - Processing /home/airflow/.local/lib/python3.8/site-packages/airflow/example_dags/example_branch_datetime_operator.py took 0.130 seconds
[2026-08-06T21:24:45.740+0000] {processor.py:161} INFO - Started process (PID=2180) to work on /home/airflow/.local/lib/python3.8/site-packages/airflow/example_dags/example_branch_datetime_operator.py
[2026-08-06T21:24:45.742+0000] {processor.py:830} INFO - Processing file /home/airflow/.local/lib/python3.8/site-packages/airflow/example_dags/example_branch_datetime_operator.py for tasks to queue
[2026-08-06T21:24:45.746+0000] {logging_mixin.py:188} INFO - [2026-08-06T21:24:45.745+0000] {dagbag.py:538} INFO - Filling up the DagBag from /home/airflow/.local/lib/python3.8/site-packages/airflow/example_dags/example_branch_datetime_operator.py
[2026-08-06T21:24:45.758+0000] {processor.py:840} INFO - DAG(s) 'example_branch_datetime_operator_2', 'example_branch_datetime_operator_3', 'example_branch_datetime_operator' retrieved from /home/airflow/.local/lib/python3.8/site-packages/airflow/example_dags/example_branch_datetime_operator.py
[2026-08-06T21:24:45.797+0000] {logging_mixin.py:188} INFO - [2026-08-06T21:24:45.797+0000] {dag.py:3036} INFO - Sync 3 DAGs
[2026-08-06T21:24:45.825+0000] {logging_mixin.py:188} INFO - [2026-08-06T21:24:45.824+0000] {dag.py:3823} INFO - Setting next_dagrun for example_branch_datetime_operator to 2026-08-05 00:00:00+00:00, run_after=2026-08-06 00:00:00+00:00
[2026-08-06T21:24:45.832+0000] {logging_mixin.py:188} INFO - [2026-08-06T21:24:45.831+0000] {dag.py:3823} INFO - Setting next_dagrun for example_branch_datetime_operator_2 to 2026-08-05 00:00:00+00:00, run_after=2026-08-06 00:00:00+00:00
[2026-08-06T21:24:45.836+0000] {logging_mixin.py:188} INFO - [2026-08-06T21:24:45.836+0000] {dag.py:3823} INFO - Setting next_dagrun for example_branch_datetime_operator_3 to 2026-08-05 00:00:00+00:00, run_after=2026-08-06 00:00:00+00:00
[2026-08-06T21:24:45.857+0000] {processor.py:183} INFO - Processing /home/airflow/.local/lib/python3.8/site-packages/airflow/example_dags/example_branch_datetime_operator.py took 0.122 seconds
[2026-08-06T21:25:16.129+0000] {processor.py:161} INFO - Started process (PID=2239) to work on /home/airflow/.local/lib/python3.8/site-packages/airflow/example_dags/example_branch_datetime_operator.py
[2026-08-06T21:25:16.132+0000] {processor.py:830} INFO - Processing file /home/airflow/.local/lib/python3.8/site-packages/airflow/example_dags/example_branch_datetime_operator.py for tasks to queue
[2026-08-06T21:25:16.135+0000] {logging_mixin.py:188} INFO - [2026-08-06T21:25:16.134+0000] {dagbag.py:538} INFO - Filling up the DagBag from /home/airflow/.local/lib/python3.8/site-packages/airflow/example_dags/example_branch_datetime_operator.py
[2026-08-06T21:25:16.152+0000] {processor.py:840} INFO - DAG(s) 'example_branch_datetime_operator_2', 'example_branch_datetime_operator', 'example_branch_datetime_operator_3' retrieved from /home/airflow/.local/lib/python3.8/site-packages/airflow/example_dags/example_branch_datetime_operator.py
[2026-08-06T21:25:16.199+0000] {logging_mixin.py:188} INFO - [2026-08-06T21:25:16.199+0000] {dag.py:3036} INFO - Sync 3 DAGs
[2026-08-06T21:25:16.233+0000] {logging_mixin.py:188} INFO - [2026-08-06T21:25:16.232+0000] {dag.py:3823} INFO - Setting next_dagrun for example_branch_datetime_operator to 2026-08-05 00:00:00+00:00, run_after=2026-08-06 00:00:00+00:00
[2026-08-06T21:25:16.241+0000] {logging_mixin.py:188} INFO - [2026-08-06T21:25:16.241+0000] {dag.py:3823} INFO - Setting next_dagrun for example_branch_datetime_operator_2 to 2026-08-05 00:00:00+00:00, run_after=2026-08-06 00:00:00+00:00
[2026-08-06T21:25:16.244+0000] {logging_mixin.py:188} INFO - [2026-08-06T21:25:16.244+0000] {dag.py:3823} INFO - Setting next_dagrun for example_branch_datetime_operator_3 to 2026-08-05 00:00:00+00:00, run_after=2026-08-06 00:00:00+00:00
[2026-08-06T21:25:16.272+0000] {processor.py:183} INFO - Processing /home/airflow/.local/lib/python3.8/site-packages/airflow/example_dags/example_branch_datetime_operator.py took 0.150 seconds
[2026-08-06T21:25:46.769+0000] {processor.py:161} INFO - Started process (PID=2298) to work on /home/airflow/.local/lib/python3.8/site-packages/airflow/example_dags/example_branch_datetime_operator.py
[2026-08-06T21:25:46.770+0000] {processor.py:830} INFO - Processing file /home/airflow/.local/lib/python3.8/site-packages/airflow/example_dags/example_branch_datetime_operator.py for tasks to queue
[2026-08-06T21:25:46.773+0000] {logging_mixin.py:188} INFO - [2026-08-06T21:25:46.772+0000] {dagbag.py:538} INFO - Filling up the DagBag from /home/airflow/.local/lib/python3.8/site-packages/airflow/example_dags/example_branch_datetime_operator.py
[2026-08-06T21:25:46.784+0000] {processor.py:840} INFO - DAG(s) 'example_branch_datetime_operator_3', 'example_branch_datetime_operator', 'example_branch_datetime_operator_2' retrieved from /home/airflow/.local/lib/python3.8/site-packages/airflow/example_dags/example_branch_datetime_operator.py
[2026-08-06T21:25:46.820+0000] {logging_mixin.py:188} INFO - [2026-08-06T21:25:46.820+0000] {dag.py:3036} INFO - Sync 3 DAGs
[2026-08-06T21:25:46.850+0000] {logging_mixin.py:188} INFO - [2026-08-06T21:25:46.849+0000] {dag.py:3823} INFO - Setting next_dagrun for example_branch_datetime_operator to 2026-08-05 00:00:00+00:00, run_after=2026-08-06 00:00:00+00:00
[2026-08-06T21:25:46.859+0000] {logging_mixin.py:188} INFO - [2026-08-06T21:25:46.858+0000] {dag.py:3823} INFO - Setting next_dagrun for example_branch_datetime_operator_2 to 2026-08-05 00:00:00+00:00, run_after=2026-08-06 00:00:00+00:00
[2026-08-06T21:25:46.863+0000] {logging_mixin.py:188} INFO - [2026-08-06T21:25:46.863+0000] {dag.py:3823} INFO - Setting next_dagrun for example_branch_datetime_operator_3 to 2026-08-05 00:00:00+00:00, run_after=2026-08-06 00:00:00+00:00
[2026-08-06T21:25:46.886+0000] {processor.py:183} INFO - Processing /home/airflow/.local/lib/python3.8/site-packages/airflow/example_dags/example_branch_datetime_operator.py took 0.121 seconds
[2026-08-06T21:26:17.522+0000] {processor.py:161} INFO - Started process (PID=2363) to work on /home/airflow/.local/lib/python3.8/site-packages/airflow/example_dags/example_branch_datetime_operator.py
[2026-08-06T21:26:17.524+0000] {processor.py:830} INFO - Processing file /home/airflow/.local/lib/python3.8/site-packages/airflow/example_dags/example_branch_datetime_operator.py for tasks to queue
[2026-08-06T21:26:17.527+0000] {logging_mixin.py:188} INFO - [2026-08-06T21:26:17.526+0000] {dagbag.py:538} INFO - Filling up the DagBag from /home/airflow/.local/lib/python3.8/site-packages/airflow/example_dags/example_branch_datetime_operator.py
[2026-08-06T21:26:17.543+0000] {processor.py:840} INFO - DAG(s) 'example_branch_datetime_operator_2', 'example_branch_datetime_operator', 'example_branch_datetime_operator_3' retrieved from /home/airflow/.local/lib/python3.8/site-packages/airflow/example_dags/example_branch_datetime_operator.py
[2026-08-06T21:26:17.576+0000] {logging_mixin.py:188} INFO - [2026-08-06T21:26:17.575+0000] {dag.py:3036} INFO - Sync 3 DAGs
[2026-08-06T21:26:17.600+0000] {logging_mixin.py:188} INFO - [2026-08-06T21:26:17.600+0000] {dag.py:3823} INFO - Setting next_dagrun for example_branch_datetime_operator to 2026-08-05 00:00:00+00:00, run_after=2026-08-06 00:00:00+00:00
[2026-08-06T21:26:17.607+0000] {logging_mixin.py:188} INFO - [2026-08-06T21:26:17.606+0000] {dag.py:3823} INFO - Setting next_dagrun for example_branch_datetime_operator_2 to 2026-08-05 00:00:00+00:00, run_after=2026-08-06 00:00:00+00:00
[2026-08-06T21:26:17.610+0000] {logging_mixin.py:188} INFO - [2026-08-06T21:26:17.609+0000] {dag.py:3823} INFO - Setting next_dagrun for example_branch_datetime_operator_3 to 2026-08-05 00:00:00+00:00, run_after=2026-08-06 00:00:00+00:00
[2026-08-06T21:26:17.626+0000] {processor.py:183} INFO - Processing /home/airflow/.local/lib/python3.8/site-packages/airflow/example_dags/example_branch_datetime_operator.py took 0.109 seconds
[2026-08-06T21:26:48.269+0000] {processor.py:161} INFO - Started process (PID=2428) to work on /home/airflow/.local/lib/python3.8/site-packages/airflow/example_dags/example_branch_datetime_operator.py
[2026-08-06T21:26:48.270+0000] {processor.py:830} INFO - Processing file /home/airflow/.local/lib/python3.8/site-packages/airflow/example_dags/example_branch_datetime_operator.py for tasks to queue
[2026-08-06T21:26:48.272+0000] {logging_mixin.py:188} INFO - [2026-08-06T21:26:48.272+0000] {dagbag.py:538} INFO - Filling up the DagBag from /home/airflow/.local/lib/python3.8/site-packages/airflow/example_dags/example_branch_datetime_operator.py
[2026-08-06T21:26:48.282+0000] {processor.py:840} INFO - DAG(s) 'example_branch_datetime_operator_2', 'example_branch_datetime_operator', 'example_branch_datetime_operator_3' retrieved from /home/airflow/.local/lib/python3.8/site-packages/airflow/example_dags/example_branch_datetime_operator.py
[2026-08-06T21:26:48.312+0000] {logging_mixin.py:188} INFO - [2026-08-06T21:26:48.312+0000] {dag.py:3036} INFO - Sync 3 DAGs
[2026-08-06T21:26:48.336+0000] {logging_mixin.py:188} INFO - [2026-08-06T21:26:48.336+0000] {dag.py:3823} INFO - Setting next_dagrun for example_branch_datetime_operator to 2026-08-05 00:00:00+00:00, run_after=2026-08-06 00:00:00+00:00
[2026-08-06T21:26:48.342+0000] {logging_mixin.py:188} INFO - [2026-08-06T21:26:48.342+0000] {dag.py:3823} INFO - Setting next_dagrun for example_branch_datetime_operator_2 to 2026-08-05 00:00:00+00:00, run_after=2026-08-06 00:00:00+00:00
[2026-08-06T21:26:48.344+0000] {logging_mixin.py:188} INFO - [2026-08-06T21:26:48.344+0000] {dag.py:3823} INFO - Setting next_dagrun for example_branch_datetime_operator_3 to 2026-08-05 00:00:00+00:00, run_after=2026-08-06 00:00:00+00:00
[2026-08-06T21:26:48.362+0000] {processor.py:183} INFO - Processing /home/airflow/.local/lib/python3.8/site-packages/airflow/example_dags/example_branch_datetime_operator.py took 0.096 seconds
[2026-08-06T21:27:18.854+0000] {processor.py:161} INFO - Started process (PID=2493) to work on /home/airflow/.local/lib/python3.8/site-packages/airflow/example_dags/example_branch_datetime_operator.py
[2026-08-06T21:27:18.855+0000] {processor.py:830} INFO - Processing file /home/airflow/.local/lib/python3.8/site-packages/airflow/example_dags/example_branch_datetime_operator.py for tasks to queue
[2026-08-06T21:27:18.857+0000] {logging_mixin.py:188} INFO - [2026-08-06T21:27:18.857+0000] {dagbag.py:538} INFO - Filling up the DagBag from /home/airflow/.local/lib/python3.8/site-packages/airflow/example_dags/example_branch_datetime_operator.py
[2026-08-06T21:27:18.868+0000] {processor.py:840} INFO - DAG(s) 'example_branch_datetime_operator_3', 'example_branch_datetime_operator', 'example_branch_datetime_operator_2' retrieved from /home/airflow/.local/lib/python3.8/site-packages/airflow/example_dags/example_branch_datetime_operator.py
[2026-08-06T21:27:18.897+0000] {logging_mixin.py:188} INFO - [2026-08-06T21:27:18.896+0000] {dag.py:3036} INFO - Sync 3 DAGs
[2026-08-06T21:27:18.921+0000] {logging_mixin.py:188} INFO - [2026-08-06T21:27:18.920+0000] {dag.py:3823} INFO - Setting next_dagrun for example_branch_datetime_operator to 2026-08-05 00:00:00+00:00, run_after=2026-08-06 00:00:00+00:00
[2026-08-06T21:27:18.926+0000] {logging_mixin.py:188} INFO - [2026-08-06T21:27:18.926+0000] {dag.py:3823} INFO - Setting next_dagrun for example_branch_datetime_operator_2 to 2026-08-05 00:00:00+00:00, run_after=2026-08-06 00:00:00+00:00
[2026-08-06T21:27:18.929+0000] {logging_mixin.py:188} INFO - [2026-08-06T21:27:18.929+0000] {dag.py:3823} INFO - Setting next_dagrun for example_branch_datetime_operator_3 to 2026-08-05 00:00:00+00:00, run_after=2026-08-06 00:00:00+00:00
[2026-08-06T21:27:18.947+0000] {processor.py:183} INFO - Processing /home/airflow/.local/lib/python3.8/site-packages/airflow/example_dags/example_branch_datetime_operator.py took 0.096 seconds
[2026-08-06T21:27:49.385+0000] {processor.py:161} INFO - Started process (PID=2558) to work on /home/airflow/.local/lib/python3.8/site-packages/airflow/example_dags/example_branch_datetime_operator.py
[2026-08-06T21:27:49.386+0000] {processor.py:830} INFO - Processing file /home/airflow/.local/lib/python3.8/site-packages/airflow/example_dags/example_branch_datetime_operator.py for tasks to queue
[2026-08-06T21:27:49.389+0000] {logging_mixin.py:188} INFO - [2026-08-06T21:27:49.389+0000] {dagbag.py:538} INFO - Filling up the DagBag from /home/airflow/.local/lib/python3.8/site-packages/airflow/example_dags/example_branch_datetime_operator.py
[2026-08-06T21:27:49.400+0000] {processor.py:840} INFO - DAG(s) 'example_branch_datetime_operator', 'example_branch_datetime_operator_2', 'example_branch_datetime_operator_3' retrieved from /home/airflow/.local/lib/python3.8/site-packages/airflow/example_dags/example_branch_datetime_operator.py
[2026-08-06T21:27:49.437+0000] {logging_mixin.py:188} INFO - [2026-08-06T21:27:49.436+0000] {dag.py:3036} INFO - Sync 3 DAGs
[2026-08-06T21:27:49.464+0000] {logging_mixin.py:188} INFO - [2026-08-06T21:27:49.463+0000] {dag.py:3823} INFO - Setting next_dagrun for example_branch_datetime_operator to 2026-08-05 00:00:00+00:00, run_after=2026-08-06 00:00:00+00:00
[2026-08-06T21:27:49.471+0000] {logging_mixin.py:188} INFO - [2026-08-06T21:27:49.471+0000] {dag.py:3823} INFO - Setting next_dagrun for example_branch_datetime_operator_2 to 2026-08-05 00:00:00+00:00, run_after=2026-08-06 00:00:00+00:00
[2026-08-06T21:27:49.475+0000] {logging_mixin.py:188} INFO - [2026-08-06T21:27:49.474+0000] {dag.py:3823} INFO - Setting next_dagrun for example_branch_datetime_operator_3 to 2026-08-05 00:00:00+00:00, run_after=2026-08-06 00:00:00+00:00
[2026-08-06T21:27:49.494+0000] {processor.py:183} INFO - Processing /home/airflow/.local/lib/python3.8/site-packages/airflow/example_dags/example_branch_datetime_operator.py took 0.113 seconds
[2026-08-06T21:28:20.351+0000] {processor.py:161} INFO - Started process (PID=2623) to work on /home/airflow/.local/lib/python3.8/site-packages/airflow/example_dags/example_branch_datetime_operator.py
[2026-08-06T21:28:20.352+0000] {processor.py:830} INFO - Processing file /home/airflow/.local/lib/python3.8/site-packages/airflow/example_dags/example_branch_datetime_operator.py for tasks to queue
[2026-08-06T21:28:20.354+0000] {logging_mixin.py:188} INFO - [2026-08-06T21:28:20.353+0000] {dagbag.py:538} INFO - Filling up the DagBag from /home/airflow/.local/lib/python3.8/site-packages/airflow/example_dags/example_branch_datetime_operator.py
[2026-08-06T21:28:20.364+0000] {processor.py:840} INFO - DAG(s) 'example_branch_datetime_operator', 'example_branch_datetime_operator_2', 'example_branch_datetime_operator_3' retrieved from /home/airflow/.local/lib/python3.8/site-packages/airflow/example_dags/example_branch_datetime_operator.py
[2026-08-06T21:28:20.399+0000] {logging_mixin.py:188} INFO - [2026-08-06T21:28:20.399+0000] {dag.py:3036} INFO - Sync 3 DAGs
[2026-08-06T21:28:20.425+0000] {logging_mixin.py:188} INFO - [2026-08-06T21:28:20.425+0000] {dag.py:3823} INFO - Setting next_dagrun for example_branch_datetime_operator to 2026-08-05 00:00:00+00:00, run_after=2026-08-06 00:00:00+00:00
[2026-08-06T21:28:20.430+0000] {logging_mixin.py:188} INFO - [2026-08-06T21:28:20.430+0000] {dag.py:3823} INFO - Setting next_dagrun for example_branch_datetime_operator_2 to 2026-08-05 00:00:00+00:00, run_after=2026-08-06 00:00:00+00:00
[2026-08-06T21:28:20.434+0000] {logging_mixin.py:188} INFO - [2026-08-06T21:28:20.433+0000] {dag.py:3823} INFO - Setting next_dagrun for example_branch_datetime_operator_3 to 2026-08-05 00:00:00+00:00, run_after=2026-08-06 00:00:00+00:00
[2026-08-06T21:28:20.454+0000] {processor.py:183} INFO - Processing /home/airflow/.local/lib/python3.8/site-packages/airflow/example_dags/example_branch_datetime_operator.py took 0.108 seconds
[2026-08-06T21:28:50.768+0000] {processor.py:161} INFO - Started process (PID=2688) to work on /home/airflow/.local/lib/python3.8/site-packages/airflow/example_dags/example_branch_datetime_operator.py
[2026-08-06T21:28:50.769+0000] {processor.py:830} INFO - Processing file /home/airflow/.local/lib/python3.8/site-packages/airflow/example_dags/example_branch_datetime_operator.py for tasks to queue
[2026-08-06T21:28:50.771+0000] {logging_mixin.py:188} INFO - [2026-08-06T21:28:50.771+0000] {dagbag.py:538} INFO - Filling up the DagBag from /home/airflow/.local/lib/python3.8/site-packages/airflow/example_dags/example_branch_datetime_operator.py
[2026-08-06T21:28:50.781+0000] {processor.py:840} INFO - DAG(s) 'example_branch_datetime_operator_3', 'example_branch_datetime_operator_2', 'example_branch_datetime_operator' retrieved from /home/airflow/.local/lib/python3.8/site-packages/airflow/example_dags/example_branch_datetime_operator.py
[2026-08-06T21:28:50.812+0000] {logging_mixin.py:188} INFO - [2026-08-06T21:28:50.812+0000] {dag.py:3036} INFO - Sync 3 DAGs
[2026-08-06T21:28:50.836+0000] {logging_mixin.py:188} INFO - [2026-08-06T21:28:50.835+0000] {dag.py:3823} INFO - Setting next_dagrun for example_branch_datetime_operator to 2026-08-05 00:00:00+00:00, run_after=2026-08-06 00:00:00+00:00
[2026-08-06T21:28:50.841+0000] {logging_mixin.py:188} INFO - [2026-08-06T21:28:50.841+0000] {dag.py:3823} INFO - Setting next_dagrun for example_branch_datetime_operator_2 to 2026-08-05 00:00:00+00:00, run_after=2026-08-06 00:00:00+00:00
[2026-08-06T21:28:50.845+0000] {logging_mixin.py:188} INFO - [2026-08-06T21:28:50.844+0000] {dag.py:3823} INFO - Setting next_dagrun for example_branch_datetime_operator_3 to 2026-08-05 00:00:00+00:00, run_after=2026-08-06 00:00:00+00:00
[2026-08-06T21:28:50.863+0000] {processor.py:183} INFO - Processing /home/airflow/.local/lib/python3.8/site-packages/airflow/example_dags/example_branch_datetime_operator.py took 0.098 seconds
[2026-08-06T21:29:21.627+0000] {processor.py:161} INFO - Started process (PID=2753) to work on /home/airflow/.local/lib/python3.8/site-packages/airflow/example_dags/example_branch_datetime_operator.py
[2026-08-06T21:29:21.628+0000] {processor.py:830} INFO - Processing file /home/airflow/.local/lib/python3.8/site-packages/airflow/example_dags/example_branch_datetime_operator.py for tasks to queue
[2026-08-06T21:29:21.630+0000] {logging_mixin.py:188} INFO - [2026-08-06T21:29:21.630+0000] {dagbag.py:538} INFO - Filling up the DagBag from /home/airflow/.local/lib/python3.8/site-packages/airflow/example_dags/example_branch_datetime_operator.py
[2026-08-06T21:29:21.641+0000] {processor.py:840} INFO - DAG(s) 'example_branch_datetime_operator', 'example_branch_datetime_operator_2', 'example_branch_datetime_operator_3' retrieved from /home/airflow/.local/lib/python3.8/site-packages/airflow/example_dags/example_branch_datetime_operator.py
[2026-08-06T21:29:21.671+0000] {logging_mixin.py:188} INFO - [2026-08-06T21:29:21.671+0000] {dag.py:3036} INFO - Sync 3 DAGs
[2026-08-06T21:29:21.698+0000] {logging_mixin.py:188} INFO - [2026-08-06T21:29:21.697+0000] {dag.py:3823} INFO - Setting next_dagrun for example_branch_datetime_operator to 2026-08-05 00:00:00+00:00, run_after=2026-08-06 00:00:00+00:00
[2026-08-06T21:29:21.704+0000] {logging_mixin.py:188} INFO - [2026-08-06T21:29:21.703+0000] {dag.py:3823} INFO - Setting next_dagrun for example_branch_datetime_operator_2 to 2026-08-05 00:00:00+00:00, run_after=2026-08-06 00:00:00+00:00
[2026-08-06T21:29:21.708+0000] {logging_mixin.py:188} INFO - [2026-08-06T21:29:21.707+0000] {dag.py:3823} INFO - Setting next_dagrun for example_branch_datetime_operator_3 to 2026-08-05 00:00:00+00:00, run_after=2026-08-06 00:00:00+00:00
[2026-08-06T21:29:21.726+0000] {processor.py:183} INFO - Processing /home/airflow/.local/lib/python3.8/site-packages/airflow/example_dags/example_branch_datetime_operator.py took 0.103 seconds
[2026-08-06T21:29:52.373+0000] {processor.py:161} INFO - Started process (PID=2818) to work on /home/airflow/.local/lib/python3.8/site-packages/airflow/example_dags/example_branch_datetime_operator.py
[2026-08-06T21:29:52.375+0000] {processor.py:830} INFO - Processing file /home/airflow/.local/lib/python3.8/site-packages/airflow/example_dags/example_branch_datetime_operator.py for tasks to queue
[2026-08-06T21:29:52.379+0000] {logging_mixin.py:188} INFO - [2026-08-06T21:29:52.378+0000] {dagbag.py:538} INFO - Filling up the DagBag from /home/airflow/.local/lib/python3.8/site-packages/airflow/example_dags/example_branch_datetime_operator.py
[2026-08-06T21:29:52.397+0000] {processor.py:840} INFO - DAG(s) 'example_branch_datetime_operator_2', 'example_branch_datetime_operator', 'example_branch_datetime_operator_3' retrieved from /home/airflow/.local/lib/python3.8/site-packages/airflow/example_dags/example_branch_datetime_operator.py
[2026-08-06T21:29:52.438+0000] {logging_mixin.py:188} INFO - [2026-08-06T21:29:52.438+0000] {dag.py:3036} INFO - Sync 3 DAGs
[2026-08-06T21:29:52.490+0000] {logging_mixin.py:188} INFO - [2026-08-06T21:29:52.490+0000] {dag.py:3823} INFO - Setting next_dagrun for example_branch_datetime_operator to 2026-08-05 00:00:00+00:00, run_after=2026-08-06 00:00:00+00:00
[2026-08-06T21:29:52.499+0000] {logging_mixin.py:188} INFO - [2026-08-06T21:29:52.499+0000] {dag.py:3823} INFO - Setting next_dagrun for example_branch_datetime_operator_2 to 2026-08-05 00:00:00+00:00, run_after=2026-08-06 00:00:00+00:00
[2026-08-06T21:29:52.503+0000] {logging_mixin.py:188} INFO - [2026-08-06T21:29:52.503+0000] {dag.py:3823} INFO - Setting next_dagrun for example_branch_datetime_operator_3 to 2026-08-05 00:00:00+00:00, run_after=2026-08-06 00:00:00+00:00
[2026-08-06T21:29:52.536+0000] {processor.py:183} INFO - Processing /home/airflow/.local/lib/python3.8/site-packages/airflow/example_dags/example_branch_datetime_operator.py took 0.167 seconds
[2026-08-06T21:30:22.897+0000] {processor.py:161} INFO - Started process (PID=2883) to work on /home/airflow/.local/lib/python3.8/site-packages/airflow/example_dags/example_branch_datetime_operator.py
[2026-08-06T21:30:22.899+0000] {processor.py:830} INFO - Processing file /home/airflow/.local/lib/python3.8/site-packages/airflow/example_dags/example_branch_datetime_operator.py for tasks to queue
[2026-08-06T21:30:22.904+0000] {logging_mixin.py:188} INFO - [2026-08-06T21:30:22.903+0000] {dagbag.py:538} INFO - Filling up the DagBag from /home/airflow/.local/lib/python3.8/site-packages/airflow/example_dags/example_branch_datetime_operator.py
[2026-08-06T21:30:22.928+0000] {processor.py:840} INFO - DAG(s) 'example_branch_datetime_operator_2', 'example_branch_datetime_operator', 'example_branch_datetime_operator_3' retrieved from /home/airflow/.local/lib/python3.8/site-packages/airflow/example_dags/example_branch_datetime_operator.py
[2026-08-06T21:30:22.977+0000] {logging_mixin.py:188} INFO - [2026-08-06T21:30:22.976+0000] {dag.py:3036} INFO - Sync 3 DAGs
[2026-08-06T21:30:23.027+0000] {logging_mixin.py:188} INFO - [2026-08-06T21:30:23.026+0000] {dag.py:3823} INFO - Setting next_dagrun for example_branch_datetime_operator to 2026-08-05 00:00:00+00:00, run_after=2026-08-06 00:00:00+00:00
[2026-08-06T21:30:23.034+0000] {logging_mixin.py:188} INFO - [2026-08-06T21:30:23.033+0000] {dag.py:3823} INFO - Setting next_dagrun for example_branch_datetime_operator_2 to 2026-08-05 00:00:00+00:00, run_after=2026-08-06 00:00:00+00:00
[2026-08-06T21:30:23.039+0000] {logging_mixin.py:188} INFO - [2026-08-06T21:30:23.038+0000] {dag.py:3823} INFO - Setting next_dagrun for example_branch_datetime_operator_3 to 2026-08-05 00:00:00+00:00, run_after=2026-08-06 00:00:00+00:00
[2026-08-06T21:30:23.075+0000] {processor.py:183} INFO - Processing /home/airflow/.local/lib/python3.8/site-packages/airflow/example_dags/example_branch_datetime_operator.py took 0.185 seconds
[2026-08-06T21:30:53.200+0000] {processor.py:161} INFO - Started process (PID=2960) to work on /home/airflow/.local/lib/python3.8/site-packages/airflow/example_dags/example_branch_datetime_operator.py
[2026-08-06T21:30:53.201+0000] {processor.py:830} INFO - Processing file /home/airflow/.local/lib/python3.8/site-packages/airflow/example_dags/example_branch_datetime_operator.py for tasks to queue
[2026-08-06T21:30:53.203+0000] {logging_mixin.py:188} INFO - [2026-08-06T21:30:53.203+0000] {dagbag.py:538} INFO - Filling up the DagBag from /home/airflow/.local/lib/python3.8/site-packages/airflow/example_dags/example_branch_datetime_operator.py
[2026-08-06T21:30:53.218+0000] {processor.py:840} INFO - DAG(s) 'example_branch_datetime_operator', 'example_branch_datetime_operator_2', 'example_branch_datetime_operator_3' retrieved from /home/airflow/.local/lib/python3.8/site-packages/airflow/example_dags/example_branch_datetime_operator.py
[2026-08-06T21:30:53.254+0000] {logging_mixin.py:188} INFO - [2026-08-06T21:30:53.254+0000] {dag.py:3036} INFO - Sync 3 DAGs
[2026-08-06T21:30:53.286+0000] {logging_mixin.py:188} INFO - [2026-08-06T21:30:53.285+0000] {dag.py:3823} INFO - Setting next_dagrun for example_branch_datetime_operator to 2026-08-05 00:00:00+00:00, run_after=2026-08-06 00:00:00+00:00
[2026-08-06T21:30:53.292+0000] {logging_mixin.py:188} INFO - [2026-08-06T21:30:53.291+0000] {dag.py:3823} INFO - Setting next_dagrun for example_branch_datetime_operator_2 to 2026-08-05 00:00:00+00:00, run_after=2026-08-06 00:00:00+00:00
[2026-08-06T21:30:53.296+0000] {logging_mixin.py:188} INFO - [2026-08-06T21:30:53.296+0000] {dag.py:3823} INFO - Setting next_dagrun for example_branch_datetime_operator_3 to 2026-08-05 00:00:00+00:00, run_after=2026-08-06 00:00:00+00:00
[2026-08-06T21:30:53.324+0000] {processor.py:183} INFO - Processing /home/airflow/.local/lib/python3.8/site-packages/airflow/example_dags/example_branch_datetime_operator.py took 0.127 seconds
[2026-08-06T21:31:24.134+0000] {processor.py:161} INFO - Started process (PID=3041) to work on /home/airflow/.local/lib/python3.8/site-packages/airflow/example_dags/example_branch_datetime_operator.py
[2026-08-06T21:31:24.136+0000] {processor.py:830} INFO - Processing file /home/airflow/.local/lib/python3.8/site-packages/airflow/example_dags/example_branch_datetime_operator.py for tasks to queue
[2026-08-06T21:31:24.141+0000] {logging_mixin.py:188} INFO - [2026-08-06T21:31:24.140+0000] {dagbag.py:538} INFO - Filling up the DagBag from /home/airflow/.local/lib/python3.8/site-packages/airflow/example_dags/example_branch_datetime_operator.py
[2026-08-06T21:31:24.157+0000] {processor.py:840} INFO - DAG(s) 'example_branch_datetime_operator_2', 'example_branch_datetime_operator_3', 'example_branch_datetime_operator' retrieved from /home/airflow/.local/lib/python3.8/site-packages/airflow/example_dags/example_branch_datetime_operator.py
[2026-08-06T21:31:24.208+0000] {logging_mixin.py:188} INFO - [2026-08-06T21:31:24.208+0000] {dag.py:3036} INFO - Sync 3 DAGs
[2026-08-06T21:31:24.246+0000] {logging_mixin.py:188} INFO - [2026-08-06T21:31:24.245+0000] {dag.py:3823} INFO - Setting next_dagrun for example_branch_datetime_operator to 2026-08-05 00:00:00+00:00, run_after=2026-08-06 00:00:00+00:00
[2026-08-06T21:31:24.252+0000] {logging_mixin.py:188} INFO - [2026-08-06T21:31:24.251+0000] {dag.py:3823} INFO - Setting next_dagrun for example_branch_datetime_operator_2 to 2026-08-05 00:00:00+00:00, run_after=2026-08-06 00:00:00+00:00
[2026-08-06T21:31:24.256+0000] {logging_mixin.py:188} INFO - [2026-08-06T21:31:24.256+0000] {dag.py:3823} INFO - Setting next_dagrun for example_branch_datetime_operator_3 to 2026-08-05 00:00:00+00:00, run_after=2026-08-06 00:00:00+00:00
[2026-08-06T21:31:24.285+0000] {processor.py:183} INFO - Processing /home/airflow/.local/lib/python3.8/site-packages/airflow/example_dags/example_branch_datetime_operator.py took 0.157 seconds
[2026-08-06T21:31:54.639+0000] {processor.py:161} INFO - Started process (PID=3106) to work on /home/airflow/.local/lib/python3.8/site-packages/airflow/example_dags/example_branch_datetime_operator.py
[2026-08-06T21:31:54.641+0000] {processor.py:830} INFO - Processing file /home/airflow/.local/lib/python3.8/site-packages/airflow/example_dags/example_branch_datetime_operator.py for tasks to queue
[2026-08-06T21:31:54.643+0000] {logging_mixin.py:188} INFO - [2026-08-06T21:31:54.643+0000] {dagbag.py:538} INFO - Filling up the DagBag from /home/airflow/.local/lib/python3.8/site-packages/airflow/example_dags/example_branch_datetime_operator.py
[2026-08-06T21:31:54.654+0000] {processor.py:840} INFO - DAG(s) 'example_branch_datetime_operator_2', 'example_branch_datetime_operator', 'example_branch_datetime_operator_3' retrieved from /home/airflow/.local/lib/python3.8/site-packages/airflow/example_dags/example_branch_datetime_operator.py
[2026-08-06T21:31:54.689+0000] {logging_mixin.py:188} INFO - [2026-08-06T21:31:54.689+0000] {dag.py:3036} INFO - Sync 3 DAGs
[2026-08-06T21:31:54.713+0000] {logging_mixin.py:188} INFO - [2026-08-06T21:31:54.713+0000] {dag.py:3823} INFO - Setting next_dagrun for example_branch_datetime_operator to 2026-08-05 00:00:00+00:00, run_after=2026-08-06 00:00:00+00:00
[2026-08-06T21:31:54.718+0000] {logging_mixin.py:188} INFO - [2026-08-06T21:31:54.718+0000] {dag.py:3823} INFO - Setting next_dagrun for example_branch_datetime_operator_2 to 2026-08-05 00:00:00+00:00, run_after=2026-08-06 00:00:00+00:00
[2026-08-06T21:31:54.722+0000] {logging_mixin.py:188} INFO - [2026-08-06T21:31:54.721+0000] {dag.py:3823} INFO - Setting next_dagrun for example_branch_datetime_operator_3 to 2026-08-05 00:00:00+00:00, run_after=2026-08-06 00:00:00+00:00
[2026-08-06T21:31:54.744+0000] {processor.py:183} INFO - Processing /home/airflow/.local/lib/python3.8/site-packages/airflow/example_dags/example_branch_datetime_operator.py took 0.111 seconds
[2026-08-06T21:32:25.280+0000] {processor.py:161} INFO - Started process (PID=3171) to work on /home/airflow/.local/lib/python3.8/site-packages/airflow/example_dags/example_branch_datetime_operator.py
[2026-08-06T21:32:25.282+0000] {processor.py:830} INFO - Processing file /home/airflow/.local/lib/python3.8/site-packages/airflow/example_dags/example_branch_datetime_operator.py for tasks to queue
[2026-08-06T21:32:25.284+0000] {logging_mixin.py:188} INFO - [2026-08-06T21:32:25.284+0000] {dagbag.py:538} INFO - Filling up the DagBag from /home/airflow/.local/lib/python3.8/site-packages/airflow/example_dags/example_branch_datetime_operator.py
[2026-08-06T21:32:25.295+0000] {processor.py:840} INFO - DAG(s) 'example_branch_datetime_operator', 'example_branch_datetime_operator_3', 'example_branch_datetime_operator_2' retrieved from /home/airflow/.local/lib/python3.8/site-packages/airflow/example_dags/example_branch_datetime_operator.py
[2026-08-06T21:32:25.327+0000] {logging_mixin.py:188} INFO - [2026-08-06T21:32:25.327+0000] {dag.py:3036} INFO - Sync 3 DAGs
[2026-08-06T21:32:25.359+0000] {logging_mixin.py:188} INFO - [2026-08-06T21:32:25.359+0000] {dag.py:3823} INFO - Setting next_dagrun for example_branch_datetime_operator to 2026-08-05 00:00:00+00:00, run_after=2026-08-06 00:00:00+00:00
[2026-08-06T21:32:25.365+0000] {logging_mixin.py:188} INFO - [2026-08-06T21:32:25.365+0000] {dag.py:3823} INFO - Setting next_dagrun for example_branch_datetime_operator_2 to 2026-08-05 00:00:00+00:00, run_after=2026-08-06 00:00:00+00:00
[2026-08-06T21:32:25.370+0000] {logging_mixin.py:188} INFO - [2026-08-06T21:32:25.369+0000] {dag.py:3823} INFO - Setting next_dagrun for example_branch_datetime_operator_3 to 2026-08-05 00:00:00+00:00, run_after=2026-08-06 00:00:00+00:00
[2026-08-06T21:32:25.390+0000] {processor.py:183} INFO - Processing /home/airflow/.local/lib/python3.8/site-packages/airflow/example_dags/example_branch_datetime_operator.py took 0.114 seconds
[2026-08-06T21:32:55.824+0000] {processor.py:161} INFO - Started process (PID=3236) to work on /home/airflow/.local/lib/python3.8/site-packages/airflow/example_dags/example_branch_datetime_operator.py
[2026-08-06T21:32:55.826+0000] {processor.py:830} INFO - Processing file /home/airflow/.local/lib/python3.8/site-packages/airflow/example_dags/example_branch_datetime_operator.py for tasks to queue
[2026-08-06T21:32:55.828+0000] {logging_mixin.py:188} INFO - [2026-08-06T21:32:55.827+0000] {dagbag.py:538} INFO - Filling up the DagBag from /home/airflow/.local/lib/python3.8/site-packages/airflow/example_dags/example_branch_datetime_operator.py
[2026-08-06T21:32:55.840+0000] {processor.py:840} INFO - DAG(s) 'example_branch_datetime_operator_3', 'example_branch_datetime_operator', 'example_branch_datetime_operator_2' retrieved from /home/airflow/.local/lib/python3.8/site-packages/airflow/example_dags/example_branch_datetime_operator.py
[2026-08-06T21:32:55.871+0000] {logging_mixin.py:188} INFO - [2026-08-06T21:32:55.871+0000] {dag.py:3036} INFO - Sync 3 DAGs
[2026-08-06T21:32:55.899+0000] {logging_mixin.py:188} INFO - [2026-08-06T21:32:55.898+0000] {dag.py:3823} INFO - Setting next_dagrun for example_branch_datetime_operator to 2026-08-05 00:00:00+00:00, run_after=2026-08-06 00:00:00+00:00
[2026-08-06T21:32:55.905+0000] {logging_mixin.py:188} INFO - [2026-08-06T21:32:55.904+0000] {dag.py:3823} INFO - Setting next_dagrun for example_branch_datetime_operator_2 to 2026-08-05 00:00:00+00:00, run_after=2026-08-06 00:00:00+00:00
[2026-08-06T21:32:55.909+0000] {logging_mixin.py:188} INFO - [2026-08-06T21:32:55.909+0000] {dag.py:3823} INFO - Setting next_dagrun for example_branch_datetime_operator_3 to 2026-08-05 00:00:00+00:00, run_after=2026-08-06 00:00:00+00:00
[2026-08-06T21:32:55.930+0000] {processor.py:183} INFO - Processing /home/airflow/.local/lib/python3.8/site-packages/airflow/example_dags/example_branch_datetime_operator.py took 0.109 seconds
[2026-08-06T21:33:26.427+0000] {processor.py:161} INFO - Started process (PID=3309) to work on /home/airflow/.local/lib/python3.8/site-packages/airflow/example_dags/example_branch_datetime_operator.py
[2026-08-06T21:33:26.428+0000] {processor.py:830} INFO - Processing file /home/airflow/.local/lib/python3.8/site-packages/airflow/example_dags/example_branch_datetime_operator.py for tasks to queue
[2026-08-06T21:33:26.430+0000] {logging_mixin.py:188} INFO - [2026-08-06T21:33:26.430+0000] {dagbag.py:538} INFO - Filling up the DagBag from /home/airflow/.local/lib/python3.8/site-packages/airflow/example_dags/example_branch_datetime_operator.py
[2026-08-06T21:33:26.441+0000] {processor.py:840} INFO - DAG(s) 'example_branch_datetime_operator', 'example_branch_datetime_operator_3', 'example_branch_datetime_operator_2' retrieved from /home/airflow/.local/lib/python3.8/site-packages/airflow/example_dags/example_branch_datetime_operator.py
[2026-08-06T21:33:26.470+0000] {logging_mixin.py:188} INFO - [2026-08-06T21:33:26.469+0000] {dag.py:3036} INFO - Sync 3 DAGs
[2026-08-06T21:33:26.494+0000] {logging_mixin.py:188} INFO - [2026-08-06T21:33:26.494+0000] {dag.py:3823} INFO - Setting next_dagrun for example_branch_datetime_operator to 2026-08-05 00:00:00+00:00, run_after=2026-08-06 00:00:00+00:00
[2026-08-06T21:33:26.499+0000] {logging_mixin.py:188} INFO - [2026-08-06T21:33:26.499+0000] {dag.py:3823} INFO - Setting next_dagrun for example_branch_datetime_operator_2 to 2026-08-05 00:00:00+00:00, run_after=2026-08-06 00:00:00+00:00
[2026-08-06T21:33:26.502+0000] {logging_mixin.py:188} INFO - [2026-08-06T21:33:26.502+0000] {dag.py:3823} INFO - Setting next_dagrun for example_branch_datetime_operator_3 to 2026-08-05 00:00:00+00:00, run_after=2026-08-06 00:00:00+00:00
[2026-08-06T21:33:26.521+0000] {processor.py:183} INFO - Processing /home/airflow/.local/lib/python3.8/site-packages/airflow/example_dags/example_branch_datetime_operator.py took 0.098 seconds
[2026-08-06T21:33:56.989+0000] {processor.py:161} INFO - Started process (PID=3374) to work on /home/airflow/.local/lib/python3.8/site-packages/airflow/example_dags/example_branch_datetime_operator.py
[2026-08-06T21:33:56.991+0000] {processor.py:830} INFO - Processing file /home/airflow/.local/lib/python3.8/site-packages/airflow/example_dags/example_branch_datetime_operator.py for tasks to queue
[2026-08-06T21:33:56.993+0000] {logging_mixin.py:188} INFO - [2026-08-06T21:33:56.993+0000] {dagbag.py:538} INFO - Filling up the DagBag from /home/airflow/.local/lib/python3.8/site-packages/airflow/example_dags/example_branch_datetime_operator.py
[2026-08-06T21:33:57.008+0000] {processor.py:840} INFO - DAG(s) 'example_branch_datetime_operator_2', 'example_branch_datetime_operator_3', 'example_branch_datetime_operator' retrieved from /home/airflow/.local/lib/python3.8/site-packages/airflow/example_dags/example_branch_datetime_operator.py
[2026-08-06T21:33:57.040+0000] {logging_mixin.py:188} INFO - [2026-08-06T21:33:57.039+0000] {dag.py:3036} INFO - Sync 3 DAGs
[2026-08-06T21:33:57.071+0000] {logging_mixin.py:188} INFO - [2026-08-06T21:33:57.070+0000] {dag.py:3823} INFO - Setting next_dagrun for example_branch_datetime_operator to 2026-08-05 00:00:00+00:00, run_after=2026-08-06 00:00:00+00:00
[2026-08-06T21:33:57.077+0000] {logging_mixin.py:188} INFO - [2026-08-06T21:33:57.077+0000] {dag.py:3823} INFO - Setting next_dagrun for example_branch_datetime_operator_2 to 2026-08-05 00:00:00+00:00, run_after=2026-08-06 00:00:00+00:00
[2026-08-06T21:33:57.081+0000] {logging_mixin.py:188} INFO - [2026-08-06T21:33:57.080+0000] {dag.py:3823} INFO - Setting next_dagrun for example_branch_datetime_operator_3 to 2026-08-05 00:00:00+00:00, run_after=2026-08-06 00:00:00+00:00
[2026-08-06T21:33:57.102+0000] {processor.py:183} INFO - Processing /home/airflow/.local/lib/python3.8/site-packages/airflow/example_dags/example_branch_datetime_operator.py took 0.117 seconds
[2026-08-06T21:34:28.016+0000] {processor.py:161} INFO - Started process (PID=3440) to work on /home/airflow/.local/lib/python3.8/site-packages/airflow/example_dags/example_branch_datetime_operator.py
[2026-08-06T21:34:28.018+0000] {processor.py:830} INFO - Processing file /home/airflow/.local/lib/python3.8/site-packages/airflow/example_dags/example_branch_datetime_operator.py for tasks to queue
[2026-08-06T21:34:28.021+0000] {logging_mixin.py:188} INFO - [2026-08-06T21:34:28.020+0000] {dagbag.py:538} INFO - Filling up the DagBag from /home/airflow/.local/lib/python3.8/site-packages/airflow/example_dags/example_branch_datetime_operator.py
[2026-08-06T21:34:28.032+0000] {processor.py:840} INFO - DAG(s) 'example_branch_datetime_operator', 'example_branch_datetime_operator_3', 'example_branch_datetime_operator_2' retrieved from /home/airflow/.local/lib/python3.8/site-packages/airflow/example_dags/example_branch_datetime_operator.py
[2026-08-06T21:34:28.071+0000] {logging_mixin.py:188} INFO - [2026-08-06T21:34:28.071+0000] {dag.py:3036} INFO - Sync 3 DAGs
[2026-08-06T21:34:28.119+0000] {logging_mixin.py:188} INFO - [2026-08-06T21:34:28.119+0000] {dag.py:3823} INFO - Setting next_dagrun for example_branch_datetime_operator to 2026-08-05 00:00:00+00:00, run_after=2026-08-06 00:00:00+00:00
[2026-08-06T21:34:28.137+0000] {logging_mixin.py:188} INFO - [2026-08-06T21:34:28.137+0000] {dag.py:3823} INFO - Setting next_dagrun for example_branch_datetime_operator_2 to 2026-08-05 00:00:00+00:00, run_after=2026-08-06 00:00:00+00:00
[2026-08-06T21:34:28.146+0000] {logging_mixin.py:188} INFO - [2026-08-06T21:34:28.146+0000] {dag.py:3823} INFO - Setting next_dagrun for example_branch_datetime_operator_3 to 2026-08-05 00:00:00+00:00, run_after=2026-08-06 00:00:00+00:00
[2026-08-06T21:34:28.203+0000] {processor.py:183} INFO - Processing /home/airflow/.local/lib/python3.8/site-packages/airflow/example_dags/example_branch_datetime_operator.py took 0.190 seconds
[2026-08-06T21:34:58.605+0000] {processor.py:161} INFO - Started process (PID=3505) to work on /home/airflow/.local/lib/python3.8/site-packages/airflow/example_dags/example_branch_datetime_operator.py
[2026-08-06T21:34:58.606+0000] {processor.py:830} INFO - Processing file /home/airflow/.local/lib/python3.8/site-packages/airflow/example_dags/example_branch_datetime_operator.py for tasks to queue
[2026-08-06T21:34:58.609+0000] {logging_mixin.py:188} INFO - [2026-08-06T21:34:58.608+0000] {dagbag.py:538} INFO - Filling up the DagBag from /home/airflow/.local/lib/python3.8/site-packages/airflow/example_dags/example_branch_datetime_operator.py
[2026-08-06T21:34:58.621+0000] {processor.py:840} INFO - DAG(s) 'example_branch_datetime_operator', 'example_branch_datetime_operator_2', 'example_branch_datetime_operator_3' retrieved from /home/airflow/.local/lib/python3.8/site-packages/airflow/example_dags/example_branch_datetime_operator.py
[2026-08-06T21:34:58.658+0000] {logging_mixin.py:188} INFO - [2026-08-06T21:34:58.658+0000] {dag.py:3036} INFO - Sync 3 DAGs
[2026-08-06T21:34:58.689+0000] {logging_mixin.py:188} INFO - [2026-08-06T21:34:58.689+0000] {dag.py:3823} INFO - Setting next_dagrun for example_branch_datetime_operator to 2026-08-05 00:00:00+00:00, run_after=2026-08-06 00:00:00+00:00
[2026-08-06T21:34:58.697+0000] {logging_mixin.py:188} INFO - [2026-08-06T21:34:58.697+0000] {dag.py:3823} INFO - Setting next_dagrun for example_branch_datetime_operator_2 to 2026-08-05 00:00:00+00:00, run_after=2026-08-06 00:00:00+00:00
[2026-08-06T21:34:58.701+0000] {logging_mixin.py:188} INFO - [2026-08-06T21:34:58.701+0000] {dag.py:3823} INFO - Setting next_dagrun for example_branch_datetime_operator_3 to 2026-08-05 00:00:00+00:00, run_after=2026-08-06 00:00:00+00:00
[2026-08-06T21:34:58.724+0000] {processor.py:183} INFO - Processing /home/airflow/.local/lib/python3.8/site-packages/airflow/example_dags/example_branch_datetime_operator.py took 0.123 seconds
[2026-08-06T21:35:29.003+0000] {processor.py:161} INFO - Started process (PID=3570) to work on /home/airflow/.local/lib/python3.8/site-packages/airflow/example_dags/example_branch_datetime_operator.py
[2026-08-06T21:35:29.004+0000] {processor.py:830} INFO - Processing file /home/airflow/.local/lib/python3.8/site-packages/airflow/example_dags/example_branch_datetime_operator.py for tasks to queue
[2026-08-06T21:35:29.007+0000] {logging_mixin.py:188} INFO - [2026-08-06T21:35:29.006+0000] {dagbag.py:538} INFO - Filling up the DagBag from /home/airflow/.local/lib/python3.8/site-packages/airflow/example_dags/example_branch_datetime_operator.py
[2026-08-06T21:35:29.019+0000] {processor.py:840} INFO - DAG(s) 'example_branch_datetime_operator_3', 'example_branch_datetime_operator', 'example_branch_datetime_operator_2' retrieved from /home/airflow/.local/lib/python3.8/site-packages/airflow/example_dags/example_branch_datetime_operator.py
[2026-08-06T21:35:29.060+0000] {logging_mixin.py:188} INFO - [2026-08-06T21:35:29.059+0000] {dag.py:3036} INFO - Sync 3 DAGs
[2026-08-06T21:35:29.087+0000] {logging_mixin.py:188} INFO - [2026-08-06T21:35:29.087+0000] {dag.py:3823} INFO - Setting next_dagrun for example_branch_datetime_operator to 2026-08-05 00:00:00+00:00, run_after=2026-08-06 00:00:00+00:00
[2026-08-06T21:35:29.095+0000] {logging_mixin.py:188} INFO - [2026-08-06T21:35:29.094+0000] {dag.py:3823} INFO - Setting next_dagrun for example_branch_datetime_operator_2 to 2026-08-05 00:00:00+00:00, run_after=2026-08-06 00:00:00+00:00
[2026-08-06T21:35:29.098+0000] {logging_mixin.py:188} INFO - [2026-08-06T21:35:29.098+0000] {dag.py:3823} INFO - Setting next_dagrun for example_branch_datetime_operator_3 to 2026-08-05 00:00:00+00:00, run_after=2026-08-06 00:00:00+00:00
[2026-08-06T21:35:29.119+0000] {processor.py:183} INFO - Processing /home/airflow/.local/lib/python3.8/site-packages/airflow/example_dags/example_branch_datetime_operator.py took 0.120 seconds
[2026-08-06T21:35:59.965+0000] {processor.py:161} INFO - Started process (PID=3635) to work on /home/airflow/.local/lib/python3.8/site-packages/airflow/example_dags/example_branch_datetime_operator.py
[2026-08-06T21:35:59.966+0000] {processor.py:830} INFO - Processing file /home/airflow/.local/lib/python3.8/site-packages/airflow/example_dags/example_branch_datetime_operator.py for tasks to queue
[2026-08-06T21:35:59.968+0000] {logging_mixin.py:188} INFO - [2026-08-06T21:35:59.968+0000] {dagbag.py:538} INFO - Filling up the DagBag from /home/airflow/.local/lib/python3.8/site-packages/airflow/example_dags/example_branch_datetime_operator.py
[2026-08-06T21:35:59.979+0000] {processor.py:840} INFO - DAG(s) 'example_branch_datetime_operator_2', 'example_branch_datetime_operator', 'example_branch_datetime_operator_3' retrieved from /home/airflow/.local/lib/python3.8/site-packages/airflow/example_dags/example_branch_datetime_operator.py
[2026-08-06T21:36:00.007+0000] {logging_mixin.py:188} INFO - [2026-08-06T21:36:00.007+0000] {dag.py:3036} INFO - Sync 3 DAGs
[2026-08-06T21:36:00.037+0000] {logging_mixin.py:188} INFO - [2026-08-06T21:36:00.036+0000] {dag.py:3823} INFO - Setting next_dagrun for example_branch_datetime_operator to 2026-08-05 00:00:00+00:00, run_after=2026-08-06 00:00:00+00:00
[2026-08-06T21:36:00.042+0000] {logging_mixin.py:188} INFO - [2026-08-06T21:36:00.042+0000] {dag.py:3823} INFO - Setting next_dagrun for example_branch_datetime_operator_2 to 2026-08-05 00:00:00+00:00, run_after=2026-08-06 00:00:00+00:00
[2026-08-06T21:36:00.045+0000] {logging_mixin.py:188} INFO - [2026-08-06T21:36:00.045+0000] {dag.py:3823} INFO - Setting next_dagrun for example_branch_datetime_operator_3 to 2026-08-05 00:00:00+00:00, run_after=2026-08-06 00:00:00+00:00
[2026-08-06T21:36:00.068+0000] {processor.py:183} INFO - Processing /home/airflow/.local/lib/python3.8/site-packages/airflow/example_dags/example_branch_datetime_operator.py took 0.107 seconds
[2026-08-06T21:36:30.920+0000] {processor.py:161} INFO - Started process (PID=3700) to work on /home/airflow/.local/lib/python3.8/site-packages/airflow/example_dags/example_branch_datetime_operator.py
[2026-08-06T21:36:30.922+0000] {processor.py:830} INFO - Processing file /home/airflow/.local/lib/python3.8/site-packages/airflow/example_dags/example_branch_datetime_operator.py for tasks to queue
[2026-08-06T21:36:30.924+0000] {logging_mixin.py:188} INFO - [2026-08-06T21:36:30.923+0000] {dagbag.py:538} INFO - Filling up the DagBag from /home/airflow/.local/lib/python3.8/site-packages/airflow/example_dags/example_branch_datetime_operator.py
[2026-08-06T21:36:30.935+0000] {processor.py:840} INFO - DAG(s) 'example_branch_datetime_operator', 'example_branch_datetime_operator_3', 'example_branch_datetime_operator_2' retrieved from /home/airflow/.local/lib/python3.8/site-packages/airflow/example_dags/example_branch_datetime_operator.py
[2026-08-06T21:36:30.963+0000] {logging_mixin.py:188} INFO - [2026-08-06T21:36:30.963+0000] {dag.py:3036} INFO - Sync 3 DAGs
[2026-08-06T21:36:30.988+0000] {logging_mixin.py:188} INFO - [2026-08-06T21:36:30.988+0000] {dag.py:3823} INFO - Setting next_dagrun for example_branch_datetime_operator to 2026-08-05 00:00:00+00:00, run_after=2026-08-06 00:00:00+00:00
[2026-08-06T21:36:30.994+0000] {logging_mixin.py:188} INFO - [2026-08-06T21:36:30.994+0000] {dag.py:3823} INFO - Setting next_dagrun for example_branch_datetime_operator_2 to 2026-08-05 00:00:00+00:00, run_after=2026-08-06 00:00:00+00:00
[2026-08-06T21:36:30.997+0000] {logging_mixin.py:188} INFO - [2026-08-06T21:36:30.997+0000] {dag.py:3823} INFO - Setting next_dagrun for example_branch_datetime_operator_3 to 2026-08-05 00:00:00+00:00, run_after=2026-08-06 00:00:00+00:00
[2026-08-06T21:36:31.015+0000] {processor.py:183} INFO - Processing /home/airflow/.local/lib/python3.8/site-packages/airflow/example_dags/example_branch_datetime_operator.py took 0.099 seconds
[2026-08-06T21:37:01.355+0000] {processor.py:161} INFO - Started process (PID=3765) to work on /home/airflow/.local/lib/python3.8/site-packages/airflow/example_dags/example_branch_datetime_operator.py
[2026-08-06T21:37:01.357+0000] {processor.py:830} INFO - Processing file /home/airflow/.local/lib/python3.8/site-packages/airflow/example_dags/example_branch_datetime_operator.py for tasks to queue
[2026-08-06T21:37:01.359+0000] {logging_mixin.py:188} INFO - [2026-08-06T21:37:01.359+0000] {dagbag.py:538} INFO - Filling up the DagBag from /home/airflow/.local/lib/python3.8/site-packages/airflow/example_dags/example_branch_datetime_operator.py
[2026-08-06T21:37:01.371+0000] {processor.py:840} INFO - DAG(s) 'example_branch_datetime_operator_2', 'example_branch_datetime_operator', 'example_branch_datetime_operator_3' retrieved from /home/airflow/.local/lib/python3.8/site-packages/airflow/example_dags/example_branch_datetime_operator.py
[2026-08-06T21:37:01.409+0000] {logging_mixin.py:188} INFO - [2026-08-06T21:37:01.409+0000] {dag.py:3036} INFO - Sync 3 DAGs
[2026-08-06T21:37:01.439+0000] {logging_mixin.py:188} INFO - [2026-08-06T21:37:01.439+0000] {dag.py:3823} INFO - Setting next_dagrun for example_branch_datetime_operator to 2026-08-05 00:00:00+00:00, run_after=2026-08-06 00:00:00+00:00
[2026-08-06T21:37:01.446+0000] {logging_mixin.py:188} INFO - [2026-08-06T21:37:01.446+0000] {dag.py:3823} INFO - Setting next_dagrun for example_branch_datetime_operator_2 to 2026-08-05 00:00:00+00:00, run_after=2026-08-06 00:00:00+00:00
[2026-08-06T21:37:01.449+0000] {logging_mixin.py:188} INFO - [2026-08-06T21:37:01.449+0000] {dag.py:3823} INFO - Setting next_dagrun for example_branch_datetime_operator_3 to 2026-08-05 00:00:00+00:00, run_after=2026-08-06 00:00:00+00:00
[2026-08-06T21:37:01.476+0000] {processor.py:183} INFO - Processing /home/airflow/.local/lib/python3.8/site-packages/airflow/example_dags/example_branch_datetime_operator.py took 0.126 seconds
[2026-08-06T21:37:31.718+0000] {processor.py:161} INFO - Started process (PID=3830) to work on /home/airflow/.local/lib/python3.8/site-packages/airflow/example_dags/example_branch_datetime_operator.py
[2026-08-06T21:37:31.721+0000] {processor.py:830} INFO - Processing file /home/airflow/.local/lib/python3.8/site-packages/airflow/example_dags/example_branch_datetime_operator.py for tasks to queue
[2026-08-06T21:37:31.725+0000] {logging_mixin.py:188} INFO - [2026-08-06T21:37:31.724+0000] {dagbag.py:538} INFO - Filling up the DagBag from /home/airflow/.local/lib/python3.8/site-packages/airflow/example_dags/example_branch_datetime_operator.py
[2026-08-06T21:37:31.740+0000] {processor.py:840} INFO - DAG(s) 'example_branch_datetime_operator', 'example_branch_datetime_operator_3', 'example_branch_datetime_operator_2' retrieved from /home/airflow/.local/lib/python3.8/site-packages/airflow/example_dags/example_branch_datetime_operator.py
[2026-08-06T21:37:31.788+0000] {logging_mixin.py:188} INFO - [2026-08-06T21:37:31.787+0000] {dag.py:3036} INFO - Sync 3 DAGs
[2026-08-06T21:37:31.831+0000] {logging_mixin.py:188} INFO - [2026-08-06T21:37:31.830+0000] {dag.py:3823} INFO - Setting next_dagrun for example_branch_datetime_operator to 2026-08-05 00:00:00+00:00, run_after=2026-08-06 00:00:00+00:00
[2026-08-06T21:37:31.838+0000] {logging_mixin.py:188} INFO - [2026-08-06T21:37:31.838+0000] {dag.py:3823} INFO - Setting next_dagrun for example_branch_datetime_operator_2 to 2026-08-05 00:00:00+00:00, run_after=2026-08-06 00:00:00+00:00
[2026-08-06T21:37:31.849+0000] {logging_mixin.py:188} INFO - [2026-08-06T21:37:31.848+0000] {dag.py:3823} INFO - Setting next_dagrun for example_branch_datetime_operator_3 to 2026-08-05 00:00:00+00:00, run_after=2026-08-06 00:00:00+00:00
[2026-08-06T21:37:31.886+0000] {processor.py:183} INFO - Processing /home/airflow/.local/lib/python3.8/site-packages/airflow/example_dags/example_branch_datetime_operator.py took 0.174 seconds
[2026-08-06T21:38:02.185+0000] {processor.py:161} INFO - Started process (PID=3900) to work on /home/airflow/.local/lib/python3.8/site-packages/airflow/example_dags/example_branch_datetime_operator.py
[2026-08-06T21:38:02.186+0000] {processor.py:830} INFO - Processing file /home/airflow/.local/lib/python3.8/site-packages/airflow/example_dags/example_branch_datetime_operator.py for tasks to queue
[2026-08-06T21:38:02.188+0000] {logging_mixin.py:188} INFO - [2026-08-06T21:38:02.188+0000] {dagbag.py:538} INFO - Filling up the DagBag from /home/airflow/.local/lib/python3.8/site-packages/airflow/example_dags/example_branch_datetime_operator.py
[2026-08-06T21:38:02.201+0000] {processor.py:840} INFO - DAG(s) 'example_branch_datetime_operator_3', 'example_branch_datetime_operator', 'example_branch_datetime_operator_2' retrieved from /home/airflow/.local/lib/python3.8/site-packages/airflow/example_dags/example_branch_datetime_operator.py
[2026-08-06T21:38:02.235+0000] {logging_mixin.py:188} INFO - [2026-08-06T21:38:02.234+0000] {dag.py:3036} INFO - Sync 3 DAGs
[2026-08-06T21:38:02.260+0000] {logging_mixin.py:188} INFO - [2026-08-06T21:38:02.260+0000] {dag.py:3823} INFO - Setting next_dagrun for example_branch_datetime_operator to 2026-08-05 00:00:00+00:00, run_after=2026-08-06 00:00:00+00:00
[2026-08-06T21:38:02.266+0000] {logging_mixin.py:188} INFO - [2026-08-06T21:38:02.266+0000] {dag.py:3823} INFO - Setting next_dagrun for example_branch_datetime_operator_2 to 2026-08-05 00:00:00+00:00, run_after=2026-08-06 00:00:00+00:00
[2026-08-06T21:38:02.269+0000] {logging_mixin.py:188} INFO - [2026-08-06T21:38:02.269+0000] {dag.py:3823} INFO - Setting next_dagrun for example_branch_datetime_operator_3 to 2026-08-05 00:00:00+00:00, run_after=2026-08-06 00:00:00+00:00
[2026-08-06T21:38:02.289+0000] {processor.py:183} INFO - Processing /home/airflow/.local/lib/python3.8/site-packages/airflow/example_dags/example_branch_datetime_operator.py took 0.108 seconds
[2026-08-06T21:38:32.596+0000] {processor.py:161} INFO - Started process (PID=3965) to work on /home/airflow/.local/lib/python3.8/site-packages/airflow/example_dags/example_branch_datetime_operator.py
[2026-08-06T21:38:32.597+0000] {processor.py:830} INFO - Processing file /home/airflow/.local/lib/python3.8/site-packages/airflow/example_dags/example_branch_datetime_operator.py for tasks to queue
[2026-08-06T21:38:32.599+0000] {logging_mixin.py:188} INFO - [2026-08-06T21:38:32.599+0000] {dagbag.py:538} INFO - Filling up the DagBag from /home/airflow/.local/lib/python3.8/site-packages/airflow/example_dags/example_branch_datetime_operator.py
[2026-08-06T21:38:32.611+0000] {processor.py:840} INFO - DAG(s) 'example_branch_datetime_operator', 'example_branch_datetime_operator_2', 'example_branch_datetime_operator_3' retrieved from /home/airflow/.local/lib/python3.8/site-packages/airflow/example_dags/example_branch_datetime_operator.py
[2026-08-06T21:38:32.641+0000] {logging_mixin.py:188} INFO - [2026-08-06T21:38:32.640+0000] {dag.py:3036} INFO - Sync 3 DAGs
[2026-08-06T21:38:32.668+0000] {logging_mixin.py:188} INFO - [2026-08-06T21:38:32.667+0000] {dag.py:3823} INFO - Setting next_dagrun for example_branch_datetime_operator to 2026-08-05 00:00:00+00:00, run_after=2026-08-06 00:00:00+00:00
[2026-08-06T21:38:32.673+0000] {logging_mixin.py:188} INFO - [2026-08-06T21:38:32.673+0000] {dag.py:3823} INFO - Setting next_dagrun for example_branch_datetime_operator_2 to 2026-08-05 00:00:00+00:00, run_after=2026-08-06 00:00:00+00:00
[2026-08-06T21:38:32.677+0000] {logging_mixin.py:188} INFO - [2026-08-06T21:38:32.677+0000] {dag.py:3823} INFO - Setting next_dagrun for example_branch_datetime_operator_3 to 2026-08-05 00:00:00+00:00, run_after=2026-08-06 00:00:00+00:00
[2026-08-06T21:38:32.697+0000] {processor.py:183} INFO - Processing /home/airflow/.local/lib/python3.8/site-packages/airflow/example_dags/example_branch_datetime_operator.py took 0.105 seconds
[2026-08-06T21:39:03.376+0000] {processor.py:161} INFO - Started process (PID=4030) to work on /home/airflow/.local/lib/python3.8/site-packages/airflow/example_dags/example_branch_datetime_operator.py
[2026-08-06T21:39:03.378+0000] {processor.py:830} INFO - Processing file /home/airflow/.local/lib/python3.8/site-packages/airflow/example_dags/example_branch_datetime_operator.py for tasks to queue
[2026-08-06T21:39:03.380+0000] {logging_mixin.py:188} INFO - [2026-08-06T21:39:03.380+0000] {dagbag.py:538} INFO - Filling up the DagBag from /home/airflow/.local/lib/python3.8/site-packages/airflow/example_dags/example_branch_datetime_operator.py
[2026-08-06T21:39:03.391+0000] {processor.py:840} INFO - DAG(s) 'example_branch_datetime_operator_2', 'example_branch_datetime_operator', 'example_branch_datetime_operator_3' retrieved from /home/airflow/.local/lib/python3.8/site-packages/airflow/example_dags/example_branch_datetime_operator.py
[2026-08-06T21:39:03.417+0000] {logging_mixin.py:188} INFO - [2026-08-06T21:39:03.416+0000] {dag.py:3036} INFO - Sync 3 DAGs
[2026-08-06T21:39:03.441+0000] {logging_mixin.py:188} INFO - [2026-08-06T21:39:03.440+0000] {dag.py:3823} INFO - Setting next_dagrun for example_branch_datetime_operator to 2026-08-05 00:00:00+00:00, run_after=2026-08-06 00:00:00+00:00
[2026-08-06T21:39:03.446+0000] {logging_mixin.py:188} INFO - [2026-08-06T21:39:03.446+0000] {dag.py:3823} INFO - Setting next_dagrun for example_branch_datetime_operator_2 to 2026-08-05 00:00:00+00:00, run_after=2026-08-06 00:00:00+00:00
[2026-08-06T21:39:03.449+0000] {logging_mixin.py:188} INFO - [2026-08-06T21:39:03.449+0000] {dag.py:3823} INFO - Setting next_dagrun for example_branch_datetime_operator_3 to 2026-08-05 00:00:00+00:00, run_after=2026-08-06 00:00:00+00:00
[2026-08-06T21:39:03.468+0000] {processor.py:183} INFO - Processing /home/airflow/.local/lib/python3.8/site-packages/airflow/example_dags/example_branch_datetime_operator.py took 0.096 seconds
[2026-08-06T21:39:33.545+0000] {processor.py:161} INFO - Started process (PID=4095) to work on /home/airflow/.local/lib/python3.8/site-packages/airflow/example_dags/example_branch_datetime_operator.py
[2026-08-06T21:39:33.546+0000] {processor.py:830} INFO - Processing file /home/airflow/.local/lib/python3.8/site-packages/airflow/example_dags/example_branch_datetime_operator.py for tasks to queue
[2026-08-06T21:39:33.549+0000] {logging_mixin.py:188} INFO - [2026-08-06T21:39:33.548+0000] {dagbag.py:538} INFO - Filling up the DagBag from /home/airflow/.local/lib/python3.8/site-packages/airflow/example_dags/example_branch_datetime_operator.py
[2026-08-06T21:39:33.560+0000] {processor.py:840} INFO - DAG(s) 'example_branch_datetime_operator', 'example_branch_datetime_operator_2', 'example_branch_datetime_operator_3' retrieved from /home/airflow/.local/lib/python3.8/site-packages/airflow/example_dags/example_branch_datetime_operator.py
[2026-08-06T21:39:33.590+0000] {logging_mixin.py:188} INFO - [2026-08-06T21:39:33.590+0000] {dag.py:3036} INFO - Sync 3 DAGs
[2026-08-06T21:39:33.614+0000] {logging_mixin.py:188} INFO - [2026-08-06T21:39:33.614+0000] {dag.py:3823} INFO - Setting next_dagrun for example_branch_datetime_operator to 2026-08-05 00:00:00+00:00, run_after=2026-08-06 00:00:00+00:00
[2026-08-06T21:39:33.621+0000] {logging_mixin.py:188} INFO - [2026-08-06T21:39:33.620+0000] {dag.py:3823} INFO - Setting next_dagrun for example_branch_datetime_operator_2 to 2026-08-05 00:00:00+00:00, run_after=2026-08-06 00:00:00+00:00
[2026-08-06T21:39:33.624+0000] {logging_mixin.py:188} INFO - [2026-08-06T21:39:33.624+0000] {dag.py:3823} INFO - Setting next_dagrun for example_branch_datetime_operator_3 to 2026-08-05 00:00:00+00:00, run_after=2026-08-06 00:00:00+00:00
[2026-08-06T21:39:33.642+0000] {processor.py:183} INFO - Processing /home/airflow/.local/lib/python3.8/site-packages/airflow/example_dags/example_branch_datetime_operator.py took 0.101 seconds
[2026-08-06T21:40:03.738+0000] {processor.py:161} INFO - Started process (PID=4165) to work on /home/airflow/.local/lib/python3.8/site-packages/airflow/example_dags/example_branch_datetime_operator.py
[2026-08-06T21:40:03.739+0000] {processor.py:830} INFO - Processing file /home/airflow/.local/lib/python3.8/site-packages/airflow/example_dags/example_branch_datetime_operator.py for tasks to queue
[2026-08-06T21:40:03.741+0000] {logging_mixin.py:188} INFO - [2026-08-06T21:40:03.741+0000] {dagbag.py:538} INFO - Filling up the DagBag from /home/airflow/.local/lib/python3.8/site-packages/airflow/example_dags/example_branch_datetime_operator.py
[2026-08-06T21:40:03.751+0000] {processor.py:840} INFO - DAG(s) 'example_branch_datetime_operator_2', 'example_branch_datetime_operator_3', 'example_branch_datetime_operator' retrieved from /home/airflow/.local/lib/python3.8/site-packages/airflow/example_dags/example_branch_datetime_operator.py
[2026-08-06T21:40:03.786+0000] {logging_mixin.py:188} INFO - [2026-08-06T21:40:03.786+0000] {dag.py:3036} INFO - Sync 3 DAGs
[2026-08-06T21:40:03.818+0000] {logging_mixin.py:188} INFO - [2026-08-06T21:40:03.818+0000] {dag.py:3823} INFO - Setting next_dagrun for example_branch_datetime_operator to 2026-08-05 00:00:00+00:00, run_after=2026-08-06 00:00:00+00:00
[2026-08-06T21:40:03.823+0000] {logging_mixin.py:188} INFO - [2026-08-06T21:40:03.823+0000] {dag.py:3823} INFO - Setting next_dagrun for example_branch_datetime_operator_2 to 2026-08-05 00:00:00+00:00, run_after=2026-08-06 00:00:00+00:00
[2026-08-06T21:40:03.827+0000] {logging_mixin.py:188} INFO - [2026-08-06T21:40:03.827+0000] {dag.py:3823} INFO - Setting next_dagrun for example_branch_datetime_operator_3 to 2026-08-05 00:00:00+00:00, run_after=2026-08-06 00:00:00+00:00
[2026-08-06T21:40:03.846+0000] {processor.py:183} INFO - Processing /home/airflow/.local/lib/python3.8/site-packages/airflow/example_dags/example_branch_datetime_operator.py took 0.112 seconds
[2026-08-06T21:40:34.520+0000] {processor.py:161} INFO - Started process (PID=4236) to work on /home/airflow/.local/lib/python3.8/site-packages/airflow/example_dags/example_branch_datetime_operator.py
[2026-08-06T21:40:34.521+0000] {processor.py:830} INFO - Processing file /home/airflow/.local/lib/python3.8/site-packages/airflow/example_dags/example_branch_datetime_operator.py for tasks to queue
[2026-08-06T21:40:34.524+0000] {logging_mixin.py:188} INFO - [2026-08-06T21:40:34.524+0000] {dagbag.py:538} INFO - Filling up the DagBag from /home/airflow/.local/lib/python3.8/site-packages/airflow/example_dags/example_branch_datetime_operator.py
[2026-08-06T21:40:34.539+0000] {processor.py:840} INFO - DAG(s) 'example_branch_datetime_operator_3', 'example_branch_datetime_operator', 'example_branch_datetime_operator_2' retrieved from /home/airflow/.local/lib/python3.8/site-packages/airflow/example_dags/example_branch_datetime_operator.py
[2026-08-06T21:40:34.576+0000] {logging_mixin.py:188} INFO - [2026-08-06T21:40:34.576+0000] {dag.py:3036} INFO - Sync 3 DAGs
[2026-08-06T21:40:34.612+0000] {logging_mixin.py:188} INFO - [2026-08-06T21:40:34.611+0000] {dag.py:3823} INFO - Setting next_dagrun for example_branch_datetime_operator to 2026-08-05 00:00:00+00:00, run_after=2026-08-06 00:00:00+00:00
[2026-08-06T21:40:34.619+0000] {logging_mixin.py:188} INFO - [2026-08-06T21:40:34.619+0000] {dag.py:3823} INFO - Setting next_dagrun for example_branch_datetime_operator_2 to 2026-08-05 00:00:00+00:00, run_after=2026-08-06 00:00:00+00:00
[2026-08-06T21:40:34.626+0000] {logging_mixin.py:188} INFO - [2026-08-06T21:40:34.626+0000] {dag.py:3823} INFO - Setting next_dagrun for example_branch_datetime_operator_3 to 2026-08-05 00:00:00+00:00, run_after=2026-08-06 00:00:00+00:00
[2026-08-06T21:40:34.656+0000] {processor.py:183} INFO - Processing /home/airflow/.local/lib/python3.8/site-packages/airflow/example_dags/example_branch_datetime_operator.py took 0.141 seconds
[2026-08-06T21:41:04.760+0000] {processor.py:161} INFO - Started process (PID=4301) to work on /home/airflow/.local/lib/python3.8/site-packages/airflow/example_dags/example_branch_datetime_operator.py
[2026-08-06T21:41:04.762+0000] {processor.py:830} INFO - Processing file /home/airflow/.local/lib/python3.8/site-packages/airflow/example_dags/example_branch_datetime_operator.py for tasks to queue
[2026-08-06T21:41:04.764+0000] {logging_mixin.py:188} INFO - [2026-08-06T21:41:04.763+0000] {dagbag.py:538} INFO - Filling up the DagBag from /home/airflow/.local/lib/python3.8/site-packages/airflow/example_dags/example_branch_datetime_operator.py
[2026-08-06T21:41:04.780+0000] {processor.py:840} INFO - DAG(s) 'example_branch_datetime_operator_3', 'example_branch_datetime_operator_2', 'example_branch_datetime_operator' retrieved from /home/airflow/.local/lib/python3.8/site-packages/airflow/example_dags/example_branch_datetime_operator.py
[2026-08-06T21:41:04.808+0000] {logging_mixin.py:188} INFO - [2026-08-06T21:41:04.807+0000] {dag.py:3036} INFO - Sync 3 DAGs
[2026-08-06T21:41:04.833+0000] {logging_mixin.py:188} INFO - [2026-08-06T21:41:04.833+0000] {dag.py:3823} INFO - Setting next_dagrun for example_branch_datetime_operator to 2026-08-05 00:00:00+00:00, run_after=2026-08-06 00:00:00+00:00
[2026-08-06T21:41:04.838+0000] {logging_mixin.py:188} INFO - [2026-08-06T21:41:04.838+0000] {dag.py:3823} INFO - Setting next_dagrun for example_branch_datetime_operator_2 to 2026-08-05 00:00:00+00:00, run_after=2026-08-06 00:00:00+00:00
[2026-08-06T21:41:04.841+0000] {logging_mixin.py:188} INFO - [2026-08-06T21:41:04.840+0000] {dag.py:3823} INFO - Setting next_dagrun for example_branch_datetime_operator_3 to 2026-08-05 00:00:00+00:00, run_after=2026-08-06 00:00:00+00:00
[2026-08-06T21:41:04.859+0000] {processor.py:183} INFO - Processing /home/airflow/.local/lib/python3.8/site-packages/airflow/example_dags/example_branch_datetime_operator.py took 0.103 seconds
[2026-08-06T21:41:35.722+0000] {processor.py:161} INFO - Started process (PID=4366) to work on /home/airflow/.local/lib/python3.8/site-packages/airflow/example_dags/example_branch_datetime_operator.py
[2026-08-06T21:41:35.723+0000] {processor.py:830} INFO - Processing file /home/airflow/.local/lib/python3.8/site-packages/airflow/example_dags/example_branch_datetime_operator.py for tasks to queue
[2026-08-06T21:41:35.725+0000] {logging_mixin.py:188} INFO - [2026-08-06T21:41:35.725+0000] {dagbag.py:538} INFO - Filling up the DagBag from /home/airflow/.local/lib/python3.8/site-packages/airflow/example_dags/example_branch_datetime_operator.py
[2026-08-06T21:41:35.735+0000] {processor.py:840} INFO - DAG(s) 'example_branch_datetime_operator', 'example_branch_datetime_operator_2', 'example_branch_datetime_operator_3' retrieved from /home/airflow/.local/lib/python3.8/site-packages/airflow/example_dags/example_branch_datetime_operator.py
[2026-08-06T21:41:35.760+0000] {logging_mixin.py:188} INFO - [2026-08-06T21:41:35.760+0000] {dag.py:3036} INFO - Sync 3 DAGs
[2026-08-06T21:41:35.782+0000] {logging_mixin.py:188} INFO - [2026-08-06T21:41:35.782+0000] {dag.py:3823} INFO - Setting next_dagrun for example_branch_datetime_operator to 2026-08-05 00:00:00+00:00, run_after=2026-08-06 00:00:00+00:00
[2026-08-06T21:41:35.787+0000] {logging_mixin.py:188} INFO - [2026-08-06T21:41:35.787+0000] {dag.py:3823} INFO - Setting next_dagrun for example_branch_datetime_operator_2 to 2026-08-05 00:00:00+00:00, run_after=2026-08-06 00:00:00+00:00
[2026-08-06T21:41:35.790+0000] {logging_mixin.py:188} INFO - [2026-08-06T21:41:35.790+0000] {dag.py:3823} INFO - Setting next_dagrun for example_branch_datetime_operator_3 to 2026-08-05 00:00:00+00:00, run_after=2026-08-06 00:00:00+00:00
[2026-08-06T21:41:35.810+0000] {processor.py:183} INFO - Processing /home/airflow/.local/lib/python3.8/site-packages/airflow/example_dags/example_branch_datetime_operator.py took 0.092 seconds
[2026-08-06T21:42:06.353+0000] {processor.py:161} INFO - Started process (PID=4432) to work on /home/airflow/.local/lib/python3.8/site-packages/airflow/example_dags/example_branch_datetime_operator.py
[2026-08-06T21:42:06.354+0000] {processor.py:830} INFO - Processing file /home/airflow/.local/lib/python3.8/site-packages/airflow/example_dags/example_branch_datetime_operator.py for tasks to queue
[2026-08-06T21:42:06.356+0000] {logging_mixin.py:188} INFO - [2026-08-06T21:42:06.356+0000] {dagbag.py:538} INFO - Filling up the DagBag from /home/airflow/.local/lib/python3.8/site-packages/airflow/example_dags/example_branch_datetime_operator.py
[2026-08-06T21:42:06.367+0000] {processor.py:840} INFO - DAG(s) 'example_branch_datetime_operator', 'example_branch_datetime_operator_2', 'example_branch_datetime_operator_3' retrieved from /home/airflow/.local/lib/python3.8/site-packages/airflow/example_dags/example_branch_datetime_operator.py
[2026-08-06T21:42:06.396+0000] {logging_mixin.py:188} INFO - [2026-08-06T21:42:06.395+0000] {dag.py:3036} INFO - Sync 3 DAGs
[2026-08-06T21:42:06.418+0000] {logging_mixin.py:188} INFO - [2026-08-06T21:42:06.417+0000] {dag.py:3823} INFO - Setting next_dagrun for example_branch_datetime_operator to 2026-08-05 00:00:00+00:00, run_after=2026-08-06 00:00:00+00:00
[2026-08-06T21:42:06.422+0000] {logging_mixin.py:188} INFO - [2026-08-06T21:42:06.422+0000] {dag.py:3823} INFO - Setting next_dagrun for example_branch_datetime_operator_2 to 2026-08-05 00:00:00+00:00, run_after=2026-08-06 00:00:00+00:00
[2026-08-06T21:42:06.425+0000] {logging_mixin.py:188} INFO - [2026-08-06T21:42:06.425+0000] {dag.py:3823} INFO - Setting next_dagrun for example_branch_datetime_operator_3 to 2026-08-05 00:00:00+00:00, run_after=2026-08-06 00:00:00+00:00
[2026-08-06T21:42:06.443+0000] {processor.py:183} INFO - Processing /home/airflow/.local/lib/python3.8/site-packages/airflow/example_dags/example_branch_datetime_operator.py took 0.094 seconds
[2026-08-06T21:42:37.836+0000] {processor.py:161} INFO - Started process (PID=4497) to work on /home/airflow/.local/lib/python3.8/site-packages/airflow/example_dags/example_branch_datetime_operator.py
[2026-08-06T21:42:37.841+0000] {processor.py:830} INFO - Processing file /home/airflow/.local/lib/python3.8/site-packages/airflow/example_dags/example_branch_datetime_operator.py for tasks to queue
[2026-08-06T21:42:37.845+0000] {logging_mixin.py:188} INFO - [2026-08-06T21:42:37.844+0000] {dagbag.py:538} INFO - Filling up the DagBag from /home/airflow/.local/lib/python3.8/site-packages/airflow/example_dags/example_branch_datetime_operator.py
[2026-08-06T21:42:37.871+0000] {processor.py:840} INFO - DAG(s) 'example_branch_datetime_operator_2', 'example_branch_datetime_operator_3', 'example_branch_datetime_operator' retrieved from /home/airflow/.local/lib/python3.8/site-packages/airflow/example_dags/example_branch_datetime_operator.py
[2026-08-06T21:42:37.916+0000] {logging_mixin.py:188} INFO - [2026-08-06T21:42:37.916+0000] {dag.py:3036} INFO - Sync 3 DAGs
[2026-08-06T21:42:37.948+0000] {logging_mixin.py:188} INFO - [2026-08-06T21:42:37.948+0000] {dag.py:3823} INFO - Setting next_dagrun for example_branch_datetime_operator to 2026-08-05 00:00:00+00:00, run_after=2026-08-06 00:00:00+00:00
[2026-08-06T21:42:37.953+0000] {logging_mixin.py:188} INFO - [2026-08-06T21:42:37.952+0000] {dag.py:3823} INFO - Setting next_dagrun for example_branch_datetime_operator_2 to 2026-08-05 00:00:00+00:00, run_after=2026-08-06 00:00:00+00:00
[2026-08-06T21:42:37.956+0000] {logging_mixin.py:188} INFO - [2026-08-06T21:42:37.956+0000] {dag.py:3823} INFO - Setting next_dagrun for example_branch_datetime_operator_3 to 2026-08-05 00:00:00+00:00, run_after=2026-08-06 00:00:00+00:00
[2026-08-06T21:42:37.977+0000] {processor.py:183} INFO - Processing /home/airflow/.local/lib/python3.8/site-packages/airflow/example_dags/example_branch_datetime_operator.py took 0.147 seconds
[2026-08-06T21:43:08.218+0000] {processor.py:161} INFO - Started process (PID=4562) to work on /home/airflow/.local/lib/python3.8/site-packages/airflow/example_dags/example_branch_datetime_operator.py
[2026-08-06T21:43:08.220+0000] {processor.py:830} INFO - Processing file /home/airflow/.local/lib/python3.8/site-packages/airflow/example_dags/example_branch_datetime_operator.py for tasks to queue
[2026-08-06T21:43:08.222+0000] {logging_mixin.py:188} INFO - [2026-08-06T21:43:08.222+0000] {dagbag.py:538} INFO - Filling up the DagBag from /home/airflow/.local/lib/python3.8/site-packages/airflow/example_dags/example_branch_datetime_operator.py
[2026-08-06T21:43:08.237+0000] {processor.py:840} INFO - DAG(s) 'example_branch_datetime_operator_3', 'example_branch_datetime_operator', 'example_branch_datetime_operator_2' retrieved from /home/airflow/.local/lib/python3.8/site-packages/airflow/example_dags/example_branch_datetime_operator.py
[2026-08-06T21:43:08.285+0000] {logging_mixin.py:188} INFO - [2026-08-06T21:43:08.284+0000] {dag.py:3036} INFO - Sync 3 DAGs
[2026-08-06T21:43:08.326+0000] {logging_mixin.py:188} INFO - [2026-08-06T21:43:08.325+0000] {dag.py:3823} INFO - Setting next_dagrun for example_branch_datetime_operator to 2026-08-05 00:00:00+00:00, run_after=2026-08-06 00:00:00+00:00
[2026-08-06T21:43:08.335+0000] {logging_mixin.py:188} INFO - [2026-08-06T21:43:08.335+0000] {dag.py:3823} INFO - Setting next_dagrun for example_branch_datetime_operator_2 to 2026-08-05 00:00:00+00:00, run_after=2026-08-06 00:00:00+00:00
[2026-08-06T21:43:08.340+0000] {logging_mixin.py:188} INFO - [2026-08-06T21:43:08.340+0000] {dag.py:3823} INFO - Setting next_dagrun for example_branch_datetime_operator_3 to 2026-08-05 00:00:00+00:00, run_after=2026-08-06 00:00:00+00:00
[2026-08-06T21:43:08.367+0000] {processor.py:183} INFO - Processing /home/airflow/.local/lib/python3.8/site-packages/airflow/example_dags/example_branch_datetime_operator.py took 0.154 seconds
[2026-08-06T21:43:38.686+0000] {processor.py:161} INFO - Started process (PID=4627) to work on /home/airflow/.local/lib/python3.8/site-packages/airflow/example_dags/example_branch_datetime_operator.py
[2026-08-06T21:43:38.688+0000] {processor.py:830} INFO - Processing file /home/airflow/.local/lib/python3.8/site-packages/airflow/example_dags/example_branch_datetime_operator.py for tasks to queue
[2026-08-06T21:43:38.689+0000] {logging_mixin.py:188} INFO - [2026-08-06T21:43:38.689+0000] {dagbag.py:538} INFO - Filling up the DagBag from /home/airflow/.local/lib/python3.8/site-packages/airflow/example_dags/example_branch_datetime_operator.py
[2026-08-06T21:43:38.701+0000] {processor.py:840} INFO - DAG(s) 'example_branch_datetime_operator_3', 'example_branch_datetime_operator_2', 'example_branch_datetime_operator' retrieved from /home/airflow/.local/lib/python3.8/site-packages/airflow/example_dags/example_branch_datetime_operator.py
[2026-08-06T21:43:38.730+0000] {logging_mixin.py:188} INFO - [2026-08-06T21:43:38.730+0000] {dag.py:3036} INFO - Sync 3 DAGs
[2026-08-06T21:43:38.754+0000] {logging_mixin.py:188} INFO - [2026-08-06T21:43:38.754+0000] {dag.py:3823} INFO - Setting next_dagrun for example_branch_datetime_operator to 2026-08-05 00:00:00+00:00, run_after=2026-08-06 00:00:00+00:00
[2026-08-06T21:43:38.760+0000] {logging_mixin.py:188} INFO - [2026-08-06T21:43:38.760+0000] {dag.py:3823} INFO - Setting next_dagrun for example_branch_datetime_operator_2 to 2026-08-05 00:00:00+00:00, run_after=2026-08-06 00:00:00+00:00
[2026-08-06T21:43:38.764+0000] {logging_mixin.py:188} INFO - [2026-08-06T21:43:38.763+0000] {dag.py:3823} INFO - Setting next_dagrun for example_branch_datetime_operator_3 to 2026-08-05 00:00:00+00:00, run_after=2026-08-06 00:00:00+00:00
[2026-08-06T21:43:38.785+0000] {processor.py:183} INFO - Processing /home/airflow/.local/lib/python3.8/site-packages/airflow/example_dags/example_branch_datetime_operator.py took 0.104 seconds
[2026-08-06T21:44:09.849+0000] {processor.py:161} INFO - Started process (PID=4692) to work on /home/airflow/.local/lib/python3.8/site-packages/airflow/example_dags/example_branch_datetime_operator.py
[2026-08-06T21:44:09.851+0000] {processor.py:830} INFO - Processing file /home/airflow/.local/lib/python3.8/site-packages/airflow/example_dags/example_branch_datetime_operator.py for tasks to queue
[2026-08-06T21:44:09.855+0000] {logging_mixin.py:188} INFO - [2026-08-06T21:44:09.854+0000] {dagbag.py:538} INFO - Filling up the DagBag from /home/airflow/.local/lib/python3.8/site-packages/airflow/example_dags/example_branch_datetime_operator.py
[2026-08-06T21:44:09.873+0000] {processor.py:840} INFO - DAG(s) 'example_branch_datetime_operator', 'example_branch_datetime_operator_2', 'example_branch_datetime_operator_3' retrieved from /home/airflow/.local/lib/python3.8/site-packages/airflow/example_dags/example_branch_datetime_operator.py
[2026-08-06T21:44:09.945+0000] {logging_mixin.py:188} INFO - [2026-08-06T21:44:09.945+0000] {dag.py:3036} INFO - Sync 3 DAGs
[2026-08-06T21:44:09.978+0000] {logging_mixin.py:188} INFO - [2026-08-06T21:44:09.977+0000] {dag.py:3823} INFO - Setting next_dagrun for example_branch_datetime_operator to 2026-08-05 00:00:00+00:00, run_after=2026-08-06 00:00:00+00:00
[2026-08-06T21:44:09.983+0000] {logging_mixin.py:188} INFO - [2026-08-06T21:44:09.983+0000] {dag.py:3823} INFO - Setting next_dagrun for example_branch_datetime_operator_2 to 2026-08-05 00:00:00+00:00, run_after=2026-08-06 00:00:00+00:00
[2026-08-06T21:44:09.987+0000] {logging_mixin.py:188} INFO - [2026-08-06T21:44:09.986+0000] {dag.py:3823} INFO - Setting next_dagrun for example_branch_datetime_operator_3 to 2026-08-05 00:00:00+00:00, run_after=2026-08-06 00:00:00+00:00
[2026-08-06T21:44:10.013+0000] {processor.py:183} INFO - Processing /home/airflow/.local/lib/python3.8/site-packages/airflow/example_dags/example_branch_datetime_operator.py took 0.170 seconds
