[2026-08-06T21:05:37.674+0000] {processor.py:161} INFO - Started process (PID=59) to work on /home/airflow/.local/lib/python3.8/site-packages/airflow/example_dags/example_trigger_target_dag.py
[2026-08-06T21:05:37.676+0000] {processor.py:830} INFO - Processing file /home/airflow/.local/lib/python3.8/site-packages/airflow/example_dags/example_trigger_target_dag.py for tasks to queue
[2026-08-06T21:05:37.681+0000] {logging_mixin.py:188} INFO - [2026-08-06T21:05:37.680+0000] {dagbag.py:538} INFO - Filling up the DagBag from /home/airflow/.local/lib/python3.8/site-packages/airflow/example_dags/example_trigger_target_dag.py
[2026-08-06T21:05:37.699+0000] {processor.py:840} INFO - DAG(s) 'example_trigger_target_dag' retrieved from /home/airflow/.local/lib/python3.8/site-packages/airflow/example_dags/example_trigger_target_dag.py
[2026-08-06T21:05:38.003+0000] {logging_mixin.py:188} INFO - [2026-08-06T21:05:38.002+0000] {dag.py:3036} INFO - Sync 1 DAGs
[2026-08-06T21:05:38.024+0000] {logging_mixin.py:188} INFO - [2026-08-06T21:05:38.024+0000] {dag.py:3823} INFO - Setting next_dagrun for example_trigger_target_dag to None, run_after=None
[2026-08-06T21:05:38.069+0000] {processor.py:183} INFO - Processing /home/airflow/.local/lib/python3.8/site-packages/airflow/example_dags/example_trigger_target_dag.py took 0.403 seconds
[2026-08-06T21:05:53.916+0000] {processor.py:161} INFO - Started process (PID=47) to work on /home/airflow/.local/lib/python3.8/site-packages/airflow/example_dags/example_trigger_target_dag.py
[2026-08-06T21:05:53.918+0000] {processor.py:830} INFO - Processing file /home/airflow/.local/lib/python3.8/site-packages/airflow/example_dags/example_trigger_target_dag.py for tasks to queue
[2026-08-06T21:05:53.921+0000] {logging_mixin.py:188} INFO - [2026-08-06T21:05:53.921+0000] {dagbag.py:538} INFO - Filling up the DagBag from /home/airflow/.local/lib/python3.8/site-packages/airflow/example_dags/example_trigger_target_dag.py
[2026-08-06T21:05:53.932+0000] {processor.py:840} INFO - DAG(s) 'example_trigger_target_dag' retrieved from /home/airflow/.local/lib/python3.8/site-packages/airflow/example_dags/example_trigger_target_dag.py
[2026-08-06T21:05:53.975+0000] {logging_mixin.py:188} INFO - [2026-08-06T21:05:53.975+0000] {dag.py:3036} INFO - Sync 1 DAGs
[2026-08-06T21:05:53.990+0000] {logging_mixin.py:188} INFO - [2026-08-06T21:05:53.989+0000] {dag.py:3823} INFO - Setting next_dagrun for example_trigger_target_dag to None, run_after=None
[2026-08-06T21:05:54.036+0000] {processor.py:183} INFO - Processing /home/airflow/.local/lib/python3.8/site-packages/airflow/example_dags/example_trigger_target_dag.py took 0.124 seconds
[2026-08-06T21:06:24.140+0000] {processor.py:161} INFO - Started process (PID=102) to work on /home/airflow/.local/lib/python3.8/site-packages/airflow/example_dags/example_trigger_target_dag.py
[2026-08-06T21:06:24.142+0000] {processor.py:830} INFO - Processing file /home/airflow/.local/lib/python3.8/site-packages/airflow/example_dags/example_trigger_target_dag.py for tasks to queue
[2026-08-06T21:06:24.144+0000] {logging_mixin.py:188} INFO - [2026-08-06T21:06:24.144+0000] {dagbag.py:538} INFO - Filling up the DagBag from /home/airflow/.local/lib/python3.8/site-packages/airflow/example_dags/example_trigger_target_dag.py
[2026-08-06T21:06:24.153+0000] {processor.py:840} INFO - DAG(s) 'example_trigger_target_dag' retrieved from /home/airflow/.local/lib/python3.8/site-packages/airflow/example_dags/example_trigger_target_dag.py
[2026-08-06T21:06:24.170+0000] {logging_mixin.py:188} INFO - [2026-08-06T21:06:24.170+0000] {dag.py:3036} INFO - Sync 1 DAGs
[2026-08-06T21:06:24.186+0000] {logging_mixin.py:188} INFO - [2026-08-06T21:06:24.185+0000] {dag.py:3823} INFO - Setting next_dagrun for example_trigger_target_dag to None, run_after=None
[2026-08-06T21:06:24.241+0000] {processor.py:183} INFO - Processing /home/airflow/.local/lib/python3.8/site-packages/airflow/example_dags/example_trigger_target_dag.py took 0.105 seconds
[2026-08-06T21:06:54.607+0000] {processor.py:161} INFO - Started process (PID=157) to work on /home/airflow/.local/lib/python3.8/site-packages/airflow/example_dags/example_trigger_target_dag.py
[2026-08-06T21:06:54.608+0000] {processor.py:830} INFO - Processing file /home/airflow/.local/lib/python3.8/site-packages/airflow/example_dags/example_trigger_target_dag.py for tasks to queue
[2026-08-06T21:06:54.611+0000] {logging_mixin.py:188} INFO - [2026-08-06T21:06:54.610+0000] {dagbag.py:538} INFO - Filling up the DagBag from /home/airflow/.local/lib/python3.8/site-packages/airflow/example_dags/example_trigger_target_dag.py
[2026-08-06T21:06:54.621+0000] {processor.py:840} INFO - DAG(s) 'example_trigger_target_dag' retrieved from /home/airflow/.local/lib/python3.8/site-packages/airflow/example_dags/example_trigger_target_dag.py
[2026-08-06T21:06:54.743+0000] {logging_mixin.py:188} INFO - [2026-08-06T21:06:54.742+0000] {dag.py:3036} INFO - Sync 1 DAGs
[2026-08-06T21:06:54.754+0000] {logging_mixin.py:188} INFO - [2026-08-06T21:06:54.754+0000] {dag.py:3823} INFO - Setting next_dagrun for example_trigger_target_dag to None, run_after=None
[2026-08-06T21:06:54.811+0000] {processor.py:183} INFO - Processing /home/airflow/.local/lib/python3.8/site-packages/airflow/example_dags/example_trigger_target_dag.py took 0.208 seconds
[2026-08-06T21:07:24.979+0000] {processor.py:161} INFO - Started process (PID=212) to work on /home/airflow/.local/lib/python3.8/site-packages/airflow/example_dags/example_trigger_target_dag.py
[2026-08-06T21:07:24.981+0000] {processor.py:830} INFO - Processing file /home/airflow/.local/lib/python3.8/site-packages/airflow/example_dags/example_trigger_target_dag.py for tasks to queue
[2026-08-06T21:07:24.984+0000] {logging_mixin.py:188} INFO - [2026-08-06T21:07:24.983+0000] {dagbag.py:538} INFO - Filling up the DagBag from /home/airflow/.local/lib/python3.8/site-packages/airflow/example_dags/example_trigger_target_dag.py
[2026-08-06T21:07:24.992+0000] {processor.py:840} INFO - DAG(s) 'example_trigger_target_dag' retrieved from /home/airflow/.local/lib/python3.8/site-packages/airflow/example_dags/example_trigger_target_dag.py
[2026-08-06T21:07:25.016+0000] {logging_mixin.py:188} INFO - [2026-08-06T21:07:25.016+0000] {dag.py:3036} INFO - Sync 1 DAGs
[2026-08-06T21:07:25.031+0000] {logging_mixin.py:188} INFO - [2026-08-06T21:07:25.031+0000] {dag.py:3823} INFO - Setting next_dagrun for example_trigger_target_dag to None, run_after=None
[2026-08-06T21:07:25.097+0000] {processor.py:183} INFO - Processing /home/airflow/.local/lib/python3.8/site-packages/airflow/example_dags/example_trigger_target_dag.py took 0.123 seconds
[2026-08-06T21:07:55.500+0000] {processor.py:161} INFO - Started process (PID=267) to work on /home/airflow/.local/lib/python3.8/site-packages/airflow/example_dags/example_trigger_target_dag.py
[2026-08-06T21:07:55.501+0000] {processor.py:830} INFO - Processing file /home/airflow/.local/lib/python3.8/site-packages/airflow/example_dags/example_trigger_target_dag.py for tasks to queue
[2026-08-06T21:07:55.505+0000] {logging_mixin.py:188} INFO - [2026-08-06T21:07:55.504+0000] {dagbag.py:538} INFO - Filling up the DagBag from /home/airflow/.local/lib/python3.8/site-packages/airflow/example_dags/example_trigger_target_dag.py
[2026-08-06T21:07:55.511+0000] {processor.py:840} INFO - DAG(s) 'example_trigger_target_dag' retrieved from /home/airflow/.local/lib/python3.8/site-packages/airflow/example_dags/example_trigger_target_dag.py
[2026-08-06T21:07:55.539+0000] {logging_mixin.py:188} INFO - [2026-08-06T21:07:55.539+0000] {dag.py:3036} INFO - Sync 1 DAGs
[2026-08-06T21:07:55.555+0000] {logging_mixin.py:188} INFO - [2026-08-06T21:07:55.554+0000] {dag.py:3823} INFO - Setting next_dagrun for example_trigger_target_dag to None, run_after=None
[2026-08-06T21:07:55.616+0000] {processor.py:183} INFO - Processing /home/airflow/.local/lib/python3.8/site-packages/airflow/example_dags/example_trigger_target_dag.py took 0.122 seconds
[2026-08-06T21:08:25.747+0000] {processor.py:161} INFO - Started process (PID=322) to work on /home/airflow/.local/lib/python3.8/site-packages/airflow/example_dags/example_trigger_target_dag.py
[2026-08-06T21:08:25.749+0000] {processor.py:830} INFO - Processing file /home/airflow/.local/lib/python3.8/site-packages/airflow/example_dags/example_trigger_target_dag.py for tasks to queue
[2026-08-06T21:08:25.751+0000] {logging_mixin.py:188} INFO - [2026-08-06T21:08:25.751+0000] {dagbag.py:538} INFO - Filling up the DagBag from /home/airflow/.local/lib/python3.8/site-packages/airflow/example_dags/example_trigger_target_dag.py
[2026-08-06T21:08:25.760+0000] {processor.py:840} INFO - DAG(s) 'example_trigger_target_dag' retrieved from /home/airflow/.local/lib/python3.8/site-packages/airflow/example_dags/example_trigger_target_dag.py
[2026-08-06T21:08:25.784+0000] {logging_mixin.py:188} INFO - [2026-08-06T21:08:25.783+0000] {dag.py:3036} INFO - Sync 1 DAGs
[2026-08-06T21:08:25.798+0000] {logging_mixin.py:188} INFO - [2026-08-06T21:08:25.797+0000] {dag.py:3823} INFO - Setting next_dagrun for example_trigger_target_dag to None, run_after=None
[2026-08-06T21:08:25.907+0000] {processor.py:183} INFO - Processing /home/airflow/.local/lib/python3.8/site-packages/airflow/example_dags/example_trigger_target_dag.py took 0.164 seconds
[2026-08-06T21:08:56.132+0000] {processor.py:161} INFO - Started process (PID=377) to work on /home/airflow/.local/lib/python3.8/site-packages/airflow/example_dags/example_trigger_target_dag.py
[2026-08-06T21:08:56.133+0000] {processor.py:830} INFO - Processing file /home/airflow/.local/lib/python3.8/site-packages/airflow/example_dags/example_trigger_target_dag.py for tasks to queue
[2026-08-06T21:08:56.135+0000] {logging_mixin.py:188} INFO - [2026-08-06T21:08:56.135+0000] {dagbag.py:538} INFO - Filling up the DagBag from /home/airflow/.local/lib/python3.8/site-packages/airflow/example_dags/example_trigger_target_dag.py
[2026-08-06T21:08:56.142+0000] {processor.py:840} INFO - DAG(s) 'example_trigger_target_dag' retrieved from /home/airflow/.local/lib/python3.8/site-packages/airflow/example_dags/example_trigger_target_dag.py
[2026-08-06T21:08:56.169+0000] {logging_mixin.py:188} INFO - [2026-08-06T21:08:56.169+0000] {dag.py:3036} INFO - Sync 1 DAGs
[2026-08-06T21:08:56.189+0000] {logging_mixin.py:188} INFO - [2026-08-06T21:08:56.189+0000] {dag.py:3823} INFO - Setting next_dagrun for example_trigger_target_dag to None, run_after=None
[2026-08-06T21:08:56.258+0000] {processor.py:183} INFO - Processing /home/airflow/.local/lib/python3.8/site-packages/airflow/example_dags/example_trigger_target_dag.py took 0.131 seconds
[2026-08-06T21:09:26.681+0000] {processor.py:161} INFO - Started process (PID=432) to work on /home/airflow/.local/lib/python3.8/site-packages/airflow/example_dags/example_trigger_target_dag.py
[2026-08-06T21:09:26.682+0000] {processor.py:830} INFO - Processing file /home/airflow/.local/lib/python3.8/site-packages/airflow/example_dags/example_trigger_target_dag.py for tasks to queue
[2026-08-06T21:09:26.687+0000] {logging_mixin.py:188} INFO - [2026-08-06T21:09:26.687+0000] {dagbag.py:538} INFO - Filling up the DagBag from /home/airflow/.local/lib/python3.8/site-packages/airflow/example_dags/example_trigger_target_dag.py
[2026-08-06T21:09:26.697+0000] {processor.py:840} INFO - DAG(s) 'example_trigger_target_dag' retrieved from /home/airflow/.local/lib/python3.8/site-packages/airflow/example_dags/example_trigger_target_dag.py
[2026-08-06T21:09:26.724+0000] {logging_mixin.py:188} INFO - [2026-08-06T21:09:26.724+0000] {dag.py:3036} INFO - Sync 1 DAGs
[2026-08-06T21:09:26.739+0000] {logging_mixin.py:188} INFO - [2026-08-06T21:09:26.739+0000] {dag.py:3823} INFO - Setting next_dagrun for example_trigger_target_dag to None, run_after=None
[2026-08-06T21:09:26.812+0000] {processor.py:183} INFO - Processing /home/airflow/.local/lib/python3.8/site-packages/airflow/example_dags/example_trigger_target_dag.py took 0.136 seconds
[2026-08-06T21:09:57.019+0000] {processor.py:161} INFO - Started process (PID=487) to work on /home/airflow/.local/lib/python3.8/site-packages/airflow/example_dags/example_trigger_target_dag.py
[2026-08-06T21:09:57.021+0000] {processor.py:830} INFO - Processing file /home/airflow/.local/lib/python3.8/site-packages/airflow/example_dags/example_trigger_target_dag.py for tasks to queue
[2026-08-06T21:09:57.024+0000] {logging_mixin.py:188} INFO - [2026-08-06T21:09:57.023+0000] {dagbag.py:538} INFO - Filling up the DagBag from /home/airflow/.local/lib/python3.8/site-packages/airflow/example_dags/example_trigger_target_dag.py
[2026-08-06T21:09:57.032+0000] {processor.py:840} INFO - DAG(s) 'example_trigger_target_dag' retrieved from /home/airflow/.local/lib/python3.8/site-packages/airflow/example_dags/example_trigger_target_dag.py
[2026-08-06T21:09:57.055+0000] {logging_mixin.py:188} INFO - [2026-08-06T21:09:57.055+0000] {dag.py:3036} INFO - Sync 1 DAGs
[2026-08-06T21:09:57.071+0000] {logging_mixin.py:188} INFO - [2026-08-06T21:09:57.070+0000] {dag.py:3823} INFO - Setting next_dagrun for example_trigger_target_dag to None, run_after=None
[2026-08-06T21:09:57.127+0000] {processor.py:183} INFO - Processing /home/airflow/.local/lib/python3.8/site-packages/airflow/example_dags/example_trigger_target_dag.py took 0.112 seconds
[2026-08-06T21:10:27.234+0000] {processor.py:161} INFO - Started process (PID=542) to work on /home/airflow/.local/lib/python3.8/site-packages/airflow/example_dags/example_trigger_target_dag.py
[2026-08-06T21:10:27.235+0000] {processor.py:830} INFO - Processing file /home/airflow/.local/lib/python3.8/site-packages/airflow/example_dags/example_trigger_target_dag.py for tasks to queue
[2026-08-06T21:10:27.238+0000] {logging_mixin.py:188} INFO - [2026-08-06T21:10:27.238+0000] {dagbag.py:538} INFO - Filling up the DagBag from /home/airflow/.local/lib/python3.8/site-packages/airflow/example_dags/example_trigger_target_dag.py
[2026-08-06T21:10:27.246+0000] {processor.py:840} INFO - DAG(s) 'example_trigger_target_dag' retrieved from /home/airflow/.local/lib/python3.8/site-packages/airflow/example_dags/example_trigger_target_dag.py
[2026-08-06T21:10:27.271+0000] {logging_mixin.py:188} INFO - [2026-08-06T21:10:27.270+0000] {dag.py:3036} INFO - Sync 1 DAGs
[2026-08-06T21:10:27.285+0000] {logging_mixin.py:188} INFO - [2026-08-06T21:10:27.284+0000] {dag.py:3823} INFO - Setting next_dagrun for example_trigger_target_dag to None, run_after=None
[2026-08-06T21:10:27.344+0000] {processor.py:183} INFO - Processing /home/airflow/.local/lib/python3.8/site-packages/airflow/example_dags/example_trigger_target_dag.py took 0.116 seconds
[2026-08-06T21:10:57.830+0000] {processor.py:161} INFO - Started process (PID=597) to work on /home/airflow/.local/lib/python3.8/site-packages/airflow/example_dags/example_trigger_target_dag.py
[2026-08-06T21:10:57.833+0000] {processor.py:830} INFO - Processing file /home/airflow/.local/lib/python3.8/site-packages/airflow/example_dags/example_trigger_target_dag.py for tasks to queue
[2026-08-06T21:10:57.837+0000] {logging_mixin.py:188} INFO - [2026-08-06T21:10:57.836+0000] {dagbag.py:538} INFO - Filling up the DagBag from /home/airflow/.local/lib/python3.8/site-packages/airflow/example_dags/example_trigger_target_dag.py
[2026-08-06T21:10:57.868+0000] {processor.py:840} INFO - DAG(s) 'example_trigger_target_dag' retrieved from /home/airflow/.local/lib/python3.8/site-packages/airflow/example_dags/example_trigger_target_dag.py
[2026-08-06T21:10:57.967+0000] {logging_mixin.py:188} INFO - [2026-08-06T21:10:57.967+0000] {dag.py:3036} INFO - Sync 1 DAGs
[2026-08-06T21:10:57.988+0000] {logging_mixin.py:188} INFO - [2026-08-06T21:10:57.987+0000] {dag.py:3823} INFO - Setting next_dagrun for example_trigger_target_dag to None, run_after=None
[2026-08-06T21:10:58.022+0000] {processor.py:183} INFO - Processing /home/airflow/.local/lib/python3.8/site-packages/airflow/example_dags/example_trigger_target_dag.py took 0.198 seconds
[2026-08-06T21:11:28.086+0000] {processor.py:161} INFO - Started process (PID=652) to work on /home/airflow/.local/lib/python3.8/site-packages/airflow/example_dags/example_trigger_target_dag.py
[2026-08-06T21:11:28.087+0000] {processor.py:830} INFO - Processing file /home/airflow/.local/lib/python3.8/site-packages/airflow/example_dags/example_trigger_target_dag.py for tasks to queue
[2026-08-06T21:11:28.090+0000] {logging_mixin.py:188} INFO - [2026-08-06T21:11:28.089+0000] {dagbag.py:538} INFO - Filling up the DagBag from /home/airflow/.local/lib/python3.8/site-packages/airflow/example_dags/example_trigger_target_dag.py
[2026-08-06T21:11:28.096+0000] {processor.py:840} INFO - DAG(s) 'example_trigger_target_dag' retrieved from /home/airflow/.local/lib/python3.8/site-packages/airflow/example_dags/example_trigger_target_dag.py
[2026-08-06T21:11:28.116+0000] {logging_mixin.py:188} INFO - [2026-08-06T21:11:28.116+0000] {dag.py:3036} INFO - Sync 1 DAGs
[2026-08-06T21:11:28.128+0000] {logging_mixin.py:188} INFO - [2026-08-06T21:11:28.127+0000] {dag.py:3823} INFO - Setting next_dagrun for example_trigger_target_dag to None, run_after=None
[2026-08-06T21:11:28.220+0000] {processor.py:183} INFO - Processing /home/airflow/.local/lib/python3.8/site-packages/airflow/example_dags/example_trigger_target_dag.py took 0.138 seconds
[2026-08-06T21:11:58.514+0000] {processor.py:161} INFO - Started process (PID=707) to work on /home/airflow/.local/lib/python3.8/site-packages/airflow/example_dags/example_trigger_target_dag.py
[2026-08-06T21:11:58.515+0000] {processor.py:830} INFO - Processing file /home/airflow/.local/lib/python3.8/site-packages/airflow/example_dags/example_trigger_target_dag.py for tasks to queue
[2026-08-06T21:11:58.517+0000] {logging_mixin.py:188} INFO - [2026-08-06T21:11:58.517+0000] {dagbag.py:538} INFO - Filling up the DagBag from /home/airflow/.local/lib/python3.8/site-packages/airflow/example_dags/example_trigger_target_dag.py
[2026-08-06T21:11:58.523+0000] {processor.py:840} INFO - DAG(s) 'example_trigger_target_dag' retrieved from /home/airflow/.local/lib/python3.8/site-packages/airflow/example_dags/example_trigger_target_dag.py
[2026-08-06T21:11:58.549+0000] {logging_mixin.py:188} INFO - [2026-08-06T21:11:58.549+0000] {dag.py:3036} INFO - Sync 1 DAGs
[2026-08-06T21:11:58.565+0000] {logging_mixin.py:188} INFO - [2026-08-06T21:11:58.564+0000] {dag.py:3823} INFO - Setting next_dagrun for example_trigger_target_dag to None, run_after=None
[2026-08-06T21:11:58.651+0000] {processor.py:183} INFO - Processing /home/airflow/.local/lib/python3.8/site-packages/airflow/example_dags/example_trigger_target_dag.py took 0.141 seconds
[2026-08-06T21:12:28.785+0000] {processor.py:161} INFO - Started process (PID=762) to work on /home/airflow/.local/lib/python3.8/site-packages/airflow/example_dags/example_trigger_target_dag.py
[2026-08-06T21:12:28.812+0000] {processor.py:830} INFO - Processing file /home/airflow/.local/lib/python3.8/site-packages/airflow/example_dags/example_trigger_target_dag.py for tasks to queue
[2026-08-06T21:12:28.814+0000] {logging_mixin.py:188} INFO - [2026-08-06T21:12:28.814+0000] {dagbag.py:538} INFO - Filling up the DagBag from /home/airflow/.local/lib/python3.8/site-packages/airflow/example_dags/example_trigger_target_dag.py
[2026-08-06T21:12:28.821+0000] {processor.py:840} INFO - DAG(s) 'example_trigger_target_dag' retrieved from /home/airflow/.local/lib/python3.8/site-packages/airflow/example_dags/example_trigger_target_dag.py
[2026-08-06T21:12:28.843+0000] {logging_mixin.py:188} INFO - [2026-08-06T21:12:28.843+0000] {dag.py:3036} INFO - Sync 1 DAGs
[2026-08-06T21:12:28.856+0000] {logging_mixin.py:188} INFO - [2026-08-06T21:12:28.856+0000] {dag.py:3823} INFO - Setting next_dagrun for example_trigger_target_dag to None, run_after=None
[2026-08-06T21:12:29.096+0000] {processor.py:183} INFO - Processing /home/airflow/.local/lib/python3.8/site-packages/airflow/example_dags/example_trigger_target_dag.py took 0.315 seconds
[2026-08-06T21:12:59.557+0000] {processor.py:161} INFO - Started process (PID=817) to work on /home/airflow/.local/lib/python3.8/site-packages/airflow/example_dags/example_trigger_target_dag.py
[2026-08-06T21:12:59.558+0000] {processor.py:830} INFO - Processing file /home/airflow/.local/lib/python3.8/site-packages/airflow/example_dags/example_trigger_target_dag.py for tasks to queue
[2026-08-06T21:12:59.560+0000] {logging_mixin.py:188} INFO - [2026-08-06T21:12:59.560+0000] {dagbag.py:538} INFO - Filling up the DagBag from /home/airflow/.local/lib/python3.8/site-packages/airflow/example_dags/example_trigger_target_dag.py
[2026-08-06T21:12:59.567+0000] {processor.py:840} INFO - DAG(s) 'example_trigger_target_dag' retrieved from /home/airflow/.local/lib/python3.8/site-packages/airflow/example_dags/example_trigger_target_dag.py
[2026-08-06T21:12:59.589+0000] {logging_mixin.py:188} INFO - [2026-08-06T21:12:59.588+0000] {dag.py:3036} INFO - Sync 1 DAGs
[2026-08-06T21:12:59.602+0000] {logging_mixin.py:188} INFO - [2026-08-06T21:12:59.602+0000] {dag.py:3823} INFO - Setting next_dagrun for example_trigger_target_dag to None, run_after=None
[2026-08-06T21:12:59.622+0000] {processor.py:183} INFO - Processing /home/airflow/.local/lib/python3.8/site-packages/airflow/example_dags/example_trigger_target_dag.py took 0.069 seconds
[2026-08-06T21:13:30.105+0000] {processor.py:161} INFO - Started process (PID=878) to work on /home/airflow/.local/lib/python3.8/site-packages/airflow/example_dags/example_trigger_target_dag.py
[2026-08-06T21:13:30.106+0000] {processor.py:830} INFO - Processing file /home/airflow/.local/lib/python3.8/site-packages/airflow/example_dags/example_trigger_target_dag.py for tasks to queue
[2026-08-06T21:13:30.108+0000] {logging_mixin.py:188} INFO - [2026-08-06T21:13:30.108+0000] {dagbag.py:538} INFO - Filling up the DagBag from /home/airflow/.local/lib/python3.8/site-packages/airflow/example_dags/example_trigger_target_dag.py
[2026-08-06T21:13:30.115+0000] {processor.py:840} INFO - DAG(s) 'example_trigger_target_dag' retrieved from /home/airflow/.local/lib/python3.8/site-packages/airflow/example_dags/example_trigger_target_dag.py
[2026-08-06T21:13:30.136+0000] {logging_mixin.py:188} INFO - [2026-08-06T21:13:30.135+0000] {dag.py:3036} INFO - Sync 1 DAGs
[2026-08-06T21:13:30.147+0000] {logging_mixin.py:188} INFO - [2026-08-06T21:13:30.147+0000] {dag.py:3823} INFO - Setting next_dagrun for example_trigger_target_dag to None, run_after=None
[2026-08-06T21:13:30.168+0000] {processor.py:183} INFO - Processing /home/airflow/.local/lib/python3.8/site-packages/airflow/example_dags/example_trigger_target_dag.py took 0.068 seconds
[2026-08-06T21:14:00.510+0000] {processor.py:161} INFO - Started process (PID=933) to work on /home/airflow/.local/lib/python3.8/site-packages/airflow/example_dags/example_trigger_target_dag.py
[2026-08-06T21:14:00.511+0000] {processor.py:830} INFO - Processing file /home/airflow/.local/lib/python3.8/site-packages/airflow/example_dags/example_trigger_target_dag.py for tasks to queue
[2026-08-06T21:14:00.513+0000] {logging_mixin.py:188} INFO - [2026-08-06T21:14:00.513+0000] {dagbag.py:538} INFO - Filling up the DagBag from /home/airflow/.local/lib/python3.8/site-packages/airflow/example_dags/example_trigger_target_dag.py
[2026-08-06T21:14:00.519+0000] {processor.py:840} INFO - DAG(s) 'example_trigger_target_dag' retrieved from /home/airflow/.local/lib/python3.8/site-packages/airflow/example_dags/example_trigger_target_dag.py
[2026-08-06T21:14:00.540+0000] {logging_mixin.py:188} INFO - [2026-08-06T21:14:00.540+0000] {dag.py:3036} INFO - Sync 1 DAGs
[2026-08-06T21:14:00.553+0000] {logging_mixin.py:188} INFO - [2026-08-06T21:14:00.552+0000] {dag.py:3823} INFO - Setting next_dagrun for example_trigger_target_dag to None, run_after=None
[2026-08-06T21:14:00.574+0000] {processor.py:183} INFO - Processing /home/airflow/.local/lib/python3.8/site-packages/airflow/example_dags/example_trigger_target_dag.py took 0.068 seconds
[2026-08-06T21:14:30.750+0000] {processor.py:161} INFO - Started process (PID=988) to work on /home/airflow/.local/lib/python3.8/site-packages/airflow/example_dags/example_trigger_target_dag.py
[2026-08-06T21:14:30.751+0000] {processor.py:830} INFO - Processing file /home/airflow/.local/lib/python3.8/site-packages/airflow/example_dags/example_trigger_target_dag.py for tasks to queue
[2026-08-06T21:14:30.754+0000] {logging_mixin.py:188} INFO - [2026-08-06T21:14:30.753+0000] {dagbag.py:538} INFO - Filling up the DagBag from /home/airflow/.local/lib/python3.8/site-packages/airflow/example_dags/example_trigger_target_dag.py
[2026-08-06T21:14:30.761+0000] {processor.py:840} INFO - DAG(s) 'example_trigger_target_dag' retrieved from /home/airflow/.local/lib/python3.8/site-packages/airflow/example_dags/example_trigger_target_dag.py
[2026-08-06T21:14:30.787+0000] {logging_mixin.py:188} INFO - [2026-08-06T21:14:30.787+0000] {dag.py:3036} INFO - Sync 1 DAGs
[2026-08-06T21:14:30.803+0000] {logging_mixin.py:188} INFO - [2026-08-06T21:14:30.803+0000] {dag.py:3823} INFO - Setting next_dagrun for example_trigger_target_dag to None, run_after=None
[2026-08-06T21:14:30.832+0000] {processor.py:183} INFO - Processing /home/airflow/.local/lib/python3.8/site-packages/airflow/example_dags/example_trigger_target_dag.py took 0.087 seconds
[2026-08-06T21:15:00.917+0000] {processor.py:161} INFO - Started process (PID=1043) to work on /home/airflow/.local/lib/python3.8/site-packages/airflow/example_dags/example_trigger_target_dag.py
[2026-08-06T21:15:00.918+0000] {processor.py:830} INFO - Processing file /home/airflow/.local/lib/python3.8/site-packages/airflow/example_dags/example_trigger_target_dag.py for tasks to queue
[2026-08-06T21:15:00.920+0000] {logging_mixin.py:188} INFO - [2026-08-06T21:15:00.920+0000] {dagbag.py:538} INFO - Filling up the DagBag from /home/airflow/.local/lib/python3.8/site-packages/airflow/example_dags/example_trigger_target_dag.py
[2026-08-06T21:15:00.927+0000] {processor.py:840} INFO - DAG(s) 'example_trigger_target_dag' retrieved from /home/airflow/.local/lib/python3.8/site-packages/airflow/example_dags/example_trigger_target_dag.py
[2026-08-06T21:15:00.948+0000] {logging_mixin.py:188} INFO - [2026-08-06T21:15:00.948+0000] {dag.py:3036} INFO - Sync 1 DAGs
[2026-08-06T21:15:00.960+0000] {logging_mixin.py:188} INFO - [2026-08-06T21:15:00.960+0000] {dag.py:3823} INFO - Setting next_dagrun for example_trigger_target_dag to None, run_after=None
[2026-08-06T21:15:00.980+0000] {processor.py:183} INFO - Processing /home/airflow/.local/lib/python3.8/site-packages/airflow/example_dags/example_trigger_target_dag.py took 0.067 seconds
[2026-08-06T21:15:31.401+0000] {processor.py:161} INFO - Started process (PID=1098) to work on /home/airflow/.local/lib/python3.8/site-packages/airflow/example_dags/example_trigger_target_dag.py
[2026-08-06T21:15:31.402+0000] {processor.py:830} INFO - Processing file /home/airflow/.local/lib/python3.8/site-packages/airflow/example_dags/example_trigger_target_dag.py for tasks to queue
[2026-08-06T21:15:31.404+0000] {logging_mixin.py:188} INFO - [2026-08-06T21:15:31.404+0000] {dagbag.py:538} INFO - Filling up the DagBag from /home/airflow/.local/lib/python3.8/site-packages/airflow/example_dags/example_trigger_target_dag.py
[2026-08-06T21:15:31.410+0000] {processor.py:840} INFO - DAG(s) 'example_trigger_target_dag' retrieved from /home/airflow/.local/lib/python3.8/site-packages/airflow/example_dags/example_trigger_target_dag.py
[2026-08-06T21:15:31.430+0000] {logging_mixin.py:188} INFO - [2026-08-06T21:15:31.430+0000] {dag.py:3036} INFO - Sync 1 DAGs
[2026-08-06T21:15:31.442+0000] {logging_mixin.py:188} INFO - [2026-08-06T21:15:31.442+0000] {dag.py:3823} INFO - Setting next_dagrun for example_trigger_target_dag to None, run_after=None
[2026-08-06T21:15:31.462+0000] {processor.py:183} INFO - Processing /home/airflow/.local/lib/python3.8/site-packages/airflow/example_dags/example_trigger_target_dag.py took 0.064 seconds
[2026-08-06T21:16:01.769+0000] {processor.py:161} INFO - Started process (PID=1165) to work on /home/airflow/.local/lib/python3.8/site-packages/airflow/example_dags/example_trigger_target_dag.py
[2026-08-06T21:16:01.770+0000] {processor.py:830} INFO - Processing file /home/airflow/.local/lib/python3.8/site-packages/airflow/example_dags/example_trigger_target_dag.py for tasks to queue
[2026-08-06T21:16:01.773+0000] {logging_mixin.py:188} INFO - [2026-08-06T21:16:01.773+0000] {dagbag.py:538} INFO - Filling up the DagBag from /home/airflow/.local/lib/python3.8/site-packages/airflow/example_dags/example_trigger_target_dag.py
[2026-08-06T21:16:01.781+0000] {processor.py:840} INFO - DAG(s) 'example_trigger_target_dag' retrieved from /home/airflow/.local/lib/python3.8/site-packages/airflow/example_dags/example_trigger_target_dag.py
[2026-08-06T21:16:01.856+0000] {logging_mixin.py:188} INFO - [2026-08-06T21:16:01.856+0000] {dag.py:3036} INFO - Sync 1 DAGs
[2026-08-06T21:16:01.888+0000] {logging_mixin.py:188} INFO - [2026-08-06T21:16:01.888+0000] {dag.py:3823} INFO - Setting next_dagrun for example_trigger_target_dag to None, run_after=None
[2026-08-06T21:16:01.919+0000] {processor.py:183} INFO - Processing /home/airflow/.local/lib/python3.8/site-packages/airflow/example_dags/example_trigger_target_dag.py took 0.155 seconds
[2026-08-06T21:16:32.717+0000] {processor.py:161} INFO - Started process (PID=1228) to work on /home/airflow/.local/lib/python3.8/site-packages/airflow/example_dags/example_trigger_target_dag.py
[2026-08-06T21:16:32.718+0000] {processor.py:830} INFO - Processing file /home/airflow/.local/lib/python3.8/site-packages/airflow/example_dags/example_trigger_target_dag.py for tasks to queue
[2026-08-06T21:16:32.720+0000] {logging_mixin.py:188} INFO - [2026-08-06T21:16:32.720+0000] {dagbag.py:538} INFO - Filling up the DagBag from /home/airflow/.local/lib/python3.8/site-packages/airflow/example_dags/example_trigger_target_dag.py
[2026-08-06T21:16:32.727+0000] {processor.py:840} INFO - DAG(s) 'example_trigger_target_dag' retrieved from /home/airflow/.local/lib/python3.8/site-packages/airflow/example_dags/example_trigger_target_dag.py
[2026-08-06T21:16:32.747+0000] {logging_mixin.py:188} INFO - [2026-08-06T21:16:32.747+0000] {dag.py:3036} INFO - Sync 1 DAGs
[2026-08-06T21:16:32.759+0000] {logging_mixin.py:188} INFO - [2026-08-06T21:16:32.759+0000] {dag.py:3823} INFO - Setting next_dagrun for example_trigger_target_dag to None, run_after=None
[2026-08-06T21:16:32.778+0000] {processor.py:183} INFO - Processing /home/airflow/.local/lib/python3.8/site-packages/airflow/example_dags/example_trigger_target_dag.py took 0.064 seconds
[2026-08-06T21:17:03.086+0000] {processor.py:161} INFO - Started process (PID=1287) to work on /home/airflow/.local/lib/python3.8/site-packages/airflow/example_dags/example_trigger_target_dag.py
[2026-08-06T21:17:03.088+0000] {processor.py:830} INFO - Processing file /home/airflow/.local/lib/python3.8/site-packages/airflow/example_dags/example_trigger_target_dag.py for tasks to queue
[2026-08-06T21:17:03.090+0000] {logging_mixin.py:188} INFO - [2026-08-06T21:17:03.090+0000] {dagbag.py:538} INFO - Filling up the DagBag from /home/airflow/.local/lib/python3.8/site-packages/airflow/example_dags/example_trigger_target_dag.py
[2026-08-06T21:17:03.096+0000] {processor.py:840} INFO - DAG(s) 'example_trigger_target_dag' retrieved from /home/airflow/.local/lib/python3.8/site-packages/airflow/example_dags/example_trigger_target_dag.py
[2026-08-06T21:17:03.117+0000] {logging_mixin.py:188} INFO - [2026-08-06T21:17:03.116+0000] {dag.py:3036} INFO - Sync 1 DAGs
[2026-08-06T21:17:03.129+0000] {logging_mixin.py:188} INFO - [2026-08-06T21:17:03.128+0000] {dag.py:3823} INFO - Setting next_dagrun for example_trigger_target_dag to None, run_after=None
[2026-08-06T21:17:03.150+0000] {processor.py:183} INFO - Processing /home/airflow/.local/lib/python3.8/site-packages/airflow/example_dags/example_trigger_target_dag.py took 0.067 seconds
[2026-08-06T21:17:33.287+0000] {processor.py:161} INFO - Started process (PID=1346) to work on /home/airflow/.local/lib/python3.8/site-packages/airflow/example_dags/example_trigger_target_dag.py
[2026-08-06T21:17:33.288+0000] {processor.py:830} INFO - Processing file /home/airflow/.local/lib/python3.8/site-packages/airflow/example_dags/example_trigger_target_dag.py for tasks to queue
[2026-08-06T21:17:33.292+0000] {logging_mixin.py:188} INFO - [2026-08-06T21:17:33.292+0000] {dagbag.py:538} INFO - Filling up the DagBag from /home/airflow/.local/lib/python3.8/site-packages/airflow/example_dags/example_trigger_target_dag.py
[2026-08-06T21:17:33.299+0000] {processor.py:840} INFO - DAG(s) 'example_trigger_target_dag' retrieved from /home/airflow/.local/lib/python3.8/site-packages/airflow/example_dags/example_trigger_target_dag.py
[2026-08-06T21:17:33.326+0000] {logging_mixin.py:188} INFO - [2026-08-06T21:17:33.325+0000] {dag.py:3036} INFO - Sync 1 DAGs
[2026-08-06T21:17:33.339+0000] {logging_mixin.py:188} INFO - [2026-08-06T21:17:33.339+0000] {dag.py:3823} INFO - Setting next_dagrun for example_trigger_target_dag to None, run_after=None
[2026-08-06T21:17:33.365+0000] {processor.py:183} INFO - Processing /home/airflow/.local/lib/python3.8/site-packages/airflow/example_dags/example_trigger_target_dag.py took 0.081 seconds
[2026-08-06T21:18:03.707+0000] {processor.py:161} INFO - Started process (PID=1405) to work on /home/airflow/.local/lib/python3.8/site-packages/airflow/example_dags/example_trigger_target_dag.py
[2026-08-06T21:18:03.708+0000] {processor.py:830} INFO - Processing file /home/airflow/.local/lib/python3.8/site-packages/airflow/example_dags/example_trigger_target_dag.py for tasks to queue
[2026-08-06T21:18:03.711+0000] {logging_mixin.py:188} INFO - [2026-08-06T21:18:03.710+0000] {dagbag.py:538} INFO - Filling up the DagBag from /home/airflow/.local/lib/python3.8/site-packages/airflow/example_dags/example_trigger_target_dag.py
[2026-08-06T21:18:03.724+0000] {processor.py:840} INFO - DAG(s) 'example_trigger_target_dag' retrieved from /home/airflow/.local/lib/python3.8/site-packages/airflow/example_dags/example_trigger_target_dag.py
[2026-08-06T21:18:03.755+0000] {logging_mixin.py:188} INFO - [2026-08-06T21:18:03.755+0000] {dag.py:3036} INFO - Sync 1 DAGs
[2026-08-06T21:18:03.773+0000] {logging_mixin.py:188} INFO - [2026-08-06T21:18:03.772+0000] {dag.py:3823} INFO - Setting next_dagrun for example_trigger_target_dag to None, run_after=None
[2026-08-06T21:18:03.803+0000] {processor.py:183} INFO - Processing /home/airflow/.local/lib/python3.8/site-packages/airflow/example_dags/example_trigger_target_dag.py took 0.100 seconds
[2026-08-06T21:18:34.716+0000] {processor.py:161} INFO - Started process (PID=1464) to work on /home/airflow/.local/lib/python3.8/site-packages/airflow/example_dags/example_trigger_target_dag.py
[2026-08-06T21:18:34.717+0000] {processor.py:830} INFO - Processing file /home/airflow/.local/lib/python3.8/site-packages/airflow/example_dags/example_trigger_target_dag.py for tasks to queue
[2026-08-06T21:18:34.722+0000] {logging_mixin.py:188} INFO - [2026-08-06T21:18:34.721+0000] {dagbag.py:538} INFO - Filling up the DagBag from /home/airflow/.local/lib/python3.8/site-packages/airflow/example_dags/example_trigger_target_dag.py
[2026-08-06T21:18:34.729+0000] {processor.py:840} INFO - DAG(s) 'example_trigger_target_dag' retrieved from /home/airflow/.local/lib/python3.8/site-packages/airflow/example_dags/example_trigger_target_dag.py
[2026-08-06T21:18:34.758+0000] {logging_mixin.py:188} INFO - [2026-08-06T21:18:34.757+0000] {dag.py:3036} INFO - Sync 1 DAGs
[2026-08-06T21:18:34.773+0000] {logging_mixin.py:188} INFO - [2026-08-06T21:18:34.772+0000] {dag.py:3823} INFO - Setting next_dagrun for example_trigger_target_dag to None, run_after=None
[2026-08-06T21:18:34.797+0000] {processor.py:183} INFO - Processing /home/airflow/.local/lib/python3.8/site-packages/airflow/example_dags/example_trigger_target_dag.py took 0.085 seconds
[2026-08-06T21:19:05.390+0000] {processor.py:161} INFO - Started process (PID=1523) to work on /home/airflow/.local/lib/python3.8/site-packages/airflow/example_dags/example_trigger_target_dag.py
[2026-08-06T21:19:05.391+0000] {processor.py:830} INFO - Processing file /home/airflow/.local/lib/python3.8/site-packages/airflow/example_dags/example_trigger_target_dag.py for tasks to queue
[2026-08-06T21:19:05.393+0000] {logging_mixin.py:188} INFO - [2026-08-06T21:19:05.393+0000] {dagbag.py:538} INFO - Filling up the DagBag from /home/airflow/.local/lib/python3.8/site-packages/airflow/example_dags/example_trigger_target_dag.py
[2026-08-06T21:19:05.400+0000] {processor.py:840} INFO - DAG(s) 'example_trigger_target_dag' retrieved from /home/airflow/.local/lib/python3.8/site-packages/airflow/example_dags/example_trigger_target_dag.py
[2026-08-06T21:19:05.425+0000] {logging_mixin.py:188} INFO - [2026-08-06T21:19:05.425+0000] {dag.py:3036} INFO - Sync 1 DAGs
[2026-08-06T21:19:05.440+0000] {logging_mixin.py:188} INFO - [2026-08-06T21:19:05.440+0000] {dag.py:3823} INFO - Setting next_dagrun for example_trigger_target_dag to None, run_after=None
[2026-08-06T21:19:05.462+0000] {processor.py:183} INFO - Processing /home/airflow/.local/lib/python3.8/site-packages/airflow/example_dags/example_trigger_target_dag.py took 0.076 seconds
[2026-08-06T21:19:36.392+0000] {processor.py:161} INFO - Started process (PID=1582) to work on /home/airflow/.local/lib/python3.8/site-packages/airflow/example_dags/example_trigger_target_dag.py
[2026-08-06T21:19:36.394+0000] {processor.py:830} INFO - Processing file /home/airflow/.local/lib/python3.8/site-packages/airflow/example_dags/example_trigger_target_dag.py for tasks to queue
[2026-08-06T21:19:36.396+0000] {logging_mixin.py:188} INFO - [2026-08-06T21:19:36.395+0000] {dagbag.py:538} INFO - Filling up the DagBag from /home/airflow/.local/lib/python3.8/site-packages/airflow/example_dags/example_trigger_target_dag.py
[2026-08-06T21:19:36.402+0000] {processor.py:840} INFO - DAG(s) 'example_trigger_target_dag' retrieved from /home/airflow/.local/lib/python3.8/site-packages/airflow/example_dags/example_trigger_target_dag.py
[2026-08-06T21:19:36.429+0000] {logging_mixin.py:188} INFO - [2026-08-06T21:19:36.429+0000] {dag.py:3036} INFO - Sync 1 DAGs
[2026-08-06T21:19:36.444+0000] {logging_mixin.py:188} INFO - [2026-08-06T21:19:36.443+0000] {dag.py:3823} INFO - Setting next_dagrun for example_trigger_target_dag to None, run_after=None
[2026-08-06T21:19:36.480+0000] {processor.py:183} INFO - Processing /home/airflow/.local/lib/python3.8/site-packages/airflow/example_dags/example_trigger_target_dag.py took 0.091 seconds
[2026-08-06T21:20:07.262+0000] {processor.py:161} INFO - Started process (PID=1641) to work on /home/airflow/.local/lib/python3.8/site-packages/airflow/example_dags/example_trigger_target_dag.py
[2026-08-06T21:20:07.263+0000] {processor.py:830} INFO - Processing file /home/airflow/.local/lib/python3.8/site-packages/airflow/example_dags/example_trigger_target_dag.py for tasks to queue
[2026-08-06T21:20:07.266+0000] {logging_mixin.py:188} INFO - [2026-08-06T21:20:07.265+0000] {dagbag.py:538} INFO - Filling up the DagBag from /home/airflow/.local/lib/python3.8/site-packages/airflow/example_dags/example_trigger_target_dag.py
[2026-08-06T21:20:07.274+0000] {processor.py:840} INFO - DAG(s) 'example_trigger_target_dag' retrieved from /home/airflow/.local/lib/python3.8/site-packages/airflow/example_dags/example_trigger_target_dag.py
[2026-08-06T21:20:07.301+0000] {logging_mixin.py:188} INFO - [2026-08-06T21:20:07.301+0000] {dag.py:3036} INFO - Sync 1 DAGs
[2026-08-06T21:20:07.330+0000] {logging_mixin.py:188} INFO - [2026-08-06T21:20:07.329+0000] {dag.py:3823} INFO - Setting next_dagrun for example_trigger_target_dag to None, run_after=None
[2026-08-06T21:20:07.372+0000] {processor.py:183} INFO - Processing /home/airflow/.local/lib/python3.8/site-packages/airflow/example_dags/example_trigger_target_dag.py took 0.115 seconds
[2026-08-06T21:20:37.956+0000] {processor.py:161} INFO - Started process (PID=1700) to work on /home/airflow/.local/lib/python3.8/site-packages/airflow/example_dags/example_trigger_target_dag.py
[2026-08-06T21:20:37.958+0000] {processor.py:830} INFO - Processing file /home/airflow/.local/lib/python3.8/site-packages/airflow/example_dags/example_trigger_target_dag.py for tasks to queue
[2026-08-06T21:20:37.960+0000] {logging_mixin.py:188} INFO - [2026-08-06T21:20:37.960+0000] {dagbag.py:538} INFO - Filling up the DagBag from /home/airflow/.local/lib/python3.8/site-packages/airflow/example_dags/example_trigger_target_dag.py
[2026-08-06T21:20:37.969+0000] {processor.py:840} INFO - DAG(s) 'example_trigger_target_dag' retrieved from /home/airflow/.local/lib/python3.8/site-packages/airflow/example_dags/example_trigger_target_dag.py
[2026-08-06T21:20:37.994+0000] {logging_mixin.py:188} INFO - [2026-08-06T21:20:37.994+0000] {dag.py:3036} INFO - Sync 1 DAGs
[2026-08-06T21:20:38.011+0000] {logging_mixin.py:188} INFO - [2026-08-06T21:20:38.010+0000] {dag.py:3823} INFO - Setting next_dagrun for example_trigger_target_dag to None, run_after=None
[2026-08-06T21:20:38.039+0000] {processor.py:183} INFO - Processing /home/airflow/.local/lib/python3.8/site-packages/airflow/example_dags/example_trigger_target_dag.py took 0.087 seconds
[2026-08-06T21:21:08.441+0000] {processor.py:161} INFO - Started process (PID=1759) to work on /home/airflow/.local/lib/python3.8/site-packages/airflow/example_dags/example_trigger_target_dag.py
[2026-08-06T21:21:08.442+0000] {processor.py:830} INFO - Processing file /home/airflow/.local/lib/python3.8/site-packages/airflow/example_dags/example_trigger_target_dag.py for tasks to queue
[2026-08-06T21:21:08.444+0000] {logging_mixin.py:188} INFO - [2026-08-06T21:21:08.444+0000] {dagbag.py:538} INFO - Filling up the DagBag from /home/airflow/.local/lib/python3.8/site-packages/airflow/example_dags/example_trigger_target_dag.py
[2026-08-06T21:21:08.450+0000] {processor.py:840} INFO - DAG(s) 'example_trigger_target_dag' retrieved from /home/airflow/.local/lib/python3.8/site-packages/airflow/example_dags/example_trigger_target_dag.py
[2026-08-06T21:21:08.470+0000] {logging_mixin.py:188} INFO - [2026-08-06T21:21:08.470+0000] {dag.py:3036} INFO - Sync 1 DAGs
[2026-08-06T21:21:08.481+0000] {logging_mixin.py:188} INFO - [2026-08-06T21:21:08.481+0000] {dag.py:3823} INFO - Setting next_dagrun for example_trigger_target_dag to None, run_after=None
[2026-08-06T21:21:08.500+0000] {processor.py:183} INFO - Processing /home/airflow/.local/lib/python3.8/site-packages/airflow/example_dags/example_trigger_target_dag.py took 0.062 seconds
[2026-08-06T21:21:38.985+0000] {processor.py:161} INFO - Started process (PID=1818) to work on /home/airflow/.local/lib/python3.8/site-packages/airflow/example_dags/example_trigger_target_dag.py
[2026-08-06T21:21:38.986+0000] {processor.py:830} INFO - Processing file /home/airflow/.local/lib/python3.8/site-packages/airflow/example_dags/example_trigger_target_dag.py for tasks to queue
[2026-08-06T21:21:38.989+0000] {logging_mixin.py:188} INFO - [2026-08-06T21:21:38.988+0000] {dagbag.py:538} INFO - Filling up the DagBag from /home/airflow/.local/lib/python3.8/site-packages/airflow/example_dags/example_trigger_target_dag.py
[2026-08-06T21:21:38.996+0000] {processor.py:840} INFO - DAG(s) 'example_trigger_target_dag' retrieved from /home/airflow/.local/lib/python3.8/site-packages/airflow/example_dags/example_trigger_target_dag.py
[2026-08-06T21:21:39.022+0000] {logging_mixin.py:188} INFO - [2026-08-06T21:21:39.021+0000] {dag.py:3036} INFO - Sync 1 DAGs
[2026-08-06T21:21:39.036+0000] {logging_mixin.py:188} INFO - [2026-08-06T21:21:39.036+0000] {dag.py:3823} INFO - Setting next_dagrun for example_trigger_target_dag to None, run_after=None
[2026-08-06T21:21:39.061+0000] {processor.py:183} INFO - Processing /home/airflow/.local/lib/python3.8/site-packages/airflow/example_dags/example_trigger_target_dag.py took 0.079 seconds
[2026-08-06T21:22:09.296+0000] {processor.py:161} INFO - Started process (PID=1877) to work on /home/airflow/.local/lib/python3.8/site-packages/airflow/example_dags/example_trigger_target_dag.py
[2026-08-06T21:22:09.298+0000] {processor.py:830} INFO - Processing file /home/airflow/.local/lib/python3.8/site-packages/airflow/example_dags/example_trigger_target_dag.py for tasks to queue
[2026-08-06T21:22:09.302+0000] {logging_mixin.py:188} INFO - [2026-08-06T21:22:09.301+0000] {dagbag.py:538} INFO - Filling up the DagBag from /home/airflow/.local/lib/python3.8/site-packages/airflow/example_dags/example_trigger_target_dag.py
[2026-08-06T21:22:09.312+0000] {processor.py:840} INFO - DAG(s) 'example_trigger_target_dag' retrieved from /home/airflow/.local/lib/python3.8/site-packages/airflow/example_dags/example_trigger_target_dag.py
[2026-08-06T21:22:09.358+0000] {logging_mixin.py:188} INFO - [2026-08-06T21:22:09.357+0000] {dag.py:3036} INFO - Sync 1 DAGs
[2026-08-06T21:22:09.387+0000] {logging_mixin.py:188} INFO - [2026-08-06T21:22:09.387+0000] {dag.py:3823} INFO - Setting next_dagrun for example_trigger_target_dag to None, run_after=None
[2026-08-06T21:22:09.422+0000] {processor.py:183} INFO - Processing /home/airflow/.local/lib/python3.8/site-packages/airflow/example_dags/example_trigger_target_dag.py took 0.130 seconds
[2026-08-06T21:22:40.108+0000] {processor.py:161} INFO - Started process (PID=1936) to work on /home/airflow/.local/lib/python3.8/site-packages/airflow/example_dags/example_trigger_target_dag.py
[2026-08-06T21:22:40.109+0000] {processor.py:830} INFO - Processing file /home/airflow/.local/lib/python3.8/site-packages/airflow/example_dags/example_trigger_target_dag.py for tasks to queue
[2026-08-06T21:22:40.111+0000] {logging_mixin.py:188} INFO - [2026-08-06T21:22:40.111+0000] {dagbag.py:538} INFO - Filling up the DagBag from /home/airflow/.local/lib/python3.8/site-packages/airflow/example_dags/example_trigger_target_dag.py
[2026-08-06T21:22:40.117+0000] {processor.py:840} INFO - DAG(s) 'example_trigger_target_dag' retrieved from /home/airflow/.local/lib/python3.8/site-packages/airflow/example_dags/example_trigger_target_dag.py
[2026-08-06T21:22:40.141+0000] {logging_mixin.py:188} INFO - [2026-08-06T21:22:40.141+0000] {dag.py:3036} INFO - Sync 1 DAGs
[2026-08-06T21:22:40.153+0000] {logging_mixin.py:188} INFO - [2026-08-06T21:22:40.153+0000] {dag.py:3823} INFO - Setting next_dagrun for example_trigger_target_dag to None, run_after=None
[2026-08-06T21:22:40.173+0000] {processor.py:183} INFO - Processing /home/airflow/.local/lib/python3.8/site-packages/airflow/example_dags/example_trigger_target_dag.py took 0.069 seconds
[2026-08-06T21:23:10.747+0000] {processor.py:161} INFO - Started process (PID=1995) to work on /home/airflow/.local/lib/python3.8/site-packages/airflow/example_dags/example_trigger_target_dag.py
[2026-08-06T21:23:10.748+0000] {processor.py:830} INFO - Processing file /home/airflow/.local/lib/python3.8/site-packages/airflow/example_dags/example_trigger_target_dag.py for tasks to queue
[2026-08-06T21:23:10.750+0000] {logging_mixin.py:188} INFO - [2026-08-06T21:23:10.750+0000] {dagbag.py:538} INFO - Filling up the DagBag from /home/airflow/.local/lib/python3.8/site-packages/airflow/example_dags/example_trigger_target_dag.py
[2026-08-06T21:23:10.756+0000] {processor.py:840} INFO - DAG(s) 'example_trigger_target_dag' retrieved from /home/airflow/.local/lib/python3.8/site-packages/airflow/example_dags/example_trigger_target_dag.py
[2026-08-06T21:23:10.776+0000] {logging_mixin.py:188} INFO - [2026-08-06T21:23:10.776+0000] {dag.py:3036} INFO - Sync 1 DAGs
[2026-08-06T21:23:10.789+0000] {logging_mixin.py:188} INFO - [2026-08-06T21:23:10.789+0000] {dag.py:3823} INFO - Setting next_dagrun for example_trigger_target_dag to None, run_after=None
[2026-08-06T21:23:10.808+0000] {processor.py:183} INFO - Processing /home/airflow/.local/lib/python3.8/site-packages/airflow/example_dags/example_trigger_target_dag.py took 0.064 seconds
[2026-08-06T21:23:41.323+0000] {processor.py:161} INFO - Started process (PID=2054) to work on /home/airflow/.local/lib/python3.8/site-packages/airflow/example_dags/example_trigger_target_dag.py
[2026-08-06T21:23:41.325+0000] {processor.py:830} INFO - Processing file /home/airflow/.local/lib/python3.8/site-packages/airflow/example_dags/example_trigger_target_dag.py for tasks to queue
[2026-08-06T21:23:41.327+0000] {logging_mixin.py:188} INFO - [2026-08-06T21:23:41.327+0000] {dagbag.py:538} INFO - Filling up the DagBag from /home/airflow/.local/lib/python3.8/site-packages/airflow/example_dags/example_trigger_target_dag.py
[2026-08-06T21:23:41.333+0000] {processor.py:840} INFO - DAG(s) 'example_trigger_target_dag' retrieved from /home/airflow/.local/lib/python3.8/site-packages/airflow/example_dags/example_trigger_target_dag.py
[2026-08-06T21:23:41.354+0000] {logging_mixin.py:188} INFO - [2026-08-06T21:23:41.354+0000] {dag.py:3036} INFO - Sync 1 DAGs
[2026-08-06T21:23:41.367+0000] {logging_mixin.py:188} INFO - [2026-08-06T21:23:41.366+0000] {dag.py:3823} INFO - Setting next_dagrun for example_trigger_target_dag to None, run_after=None
[2026-08-06T21:23:41.388+0000] {processor.py:183} INFO - Processing /home/airflow/.local/lib/python3.8/site-packages/airflow/example_dags/example_trigger_target_dag.py took 0.068 seconds
[2026-08-06T21:24:12.005+0000] {processor.py:161} INFO - Started process (PID=2113) to work on /home/airflow/.local/lib/python3.8/site-packages/airflow/example_dags/example_trigger_target_dag.py
[2026-08-06T21:24:12.007+0000] {processor.py:830} INFO - Processing file /home/airflow/.local/lib/python3.8/site-packages/airflow/example_dags/example_trigger_target_dag.py for tasks to queue
[2026-08-06T21:24:12.009+0000] {logging_mixin.py:188} INFO - [2026-08-06T21:24:12.009+0000] {dagbag.py:538} INFO - Filling up the DagBag from /home/airflow/.local/lib/python3.8/site-packages/airflow/example_dags/example_trigger_target_dag.py
[2026-08-06T21:24:12.015+0000] {processor.py:840} INFO - DAG(s) 'example_trigger_target_dag' retrieved from /home/airflow/.local/lib/python3.8/site-packages/airflow/example_dags/example_trigger_target_dag.py
[2026-08-06T21:24:12.036+0000] {logging_mixin.py:188} INFO - [2026-08-06T21:24:12.035+0000] {dag.py:3036} INFO - Sync 1 DAGs
[2026-08-06T21:24:12.048+0000] {logging_mixin.py:188} INFO - [2026-08-06T21:24:12.047+0000] {dag.py:3823} INFO - Setting next_dagrun for example_trigger_target_dag to None, run_after=None
[2026-08-06T21:24:12.068+0000] {processor.py:183} INFO - Processing /home/airflow/.local/lib/python3.8/site-packages/airflow/example_dags/example_trigger_target_dag.py took 0.066 seconds
[2026-08-06T21:24:42.246+0000] {processor.py:161} INFO - Started process (PID=2172) to work on /home/airflow/.local/lib/python3.8/site-packages/airflow/example_dags/example_trigger_target_dag.py
[2026-08-06T21:24:42.247+0000] {processor.py:830} INFO - Processing file /home/airflow/.local/lib/python3.8/site-packages/airflow/example_dags/example_trigger_target_dag.py for tasks to queue
[2026-08-06T21:24:42.250+0000] {logging_mixin.py:188} INFO - [2026-08-06T21:24:42.249+0000] {dagbag.py:538} INFO - Filling up the DagBag from /home/airflow/.local/lib/python3.8/site-packages/airflow/example_dags/example_trigger_target_dag.py
[2026-08-06T21:24:42.258+0000] {processor.py:840} INFO - DAG(s) 'example_trigger_target_dag' retrieved from /home/airflow/.local/lib/python3.8/site-packages/airflow/example_dags/example_trigger_target_dag.py
[2026-08-06T21:24:42.280+0000] {logging_mixin.py:188} INFO - [2026-08-06T21:24:42.279+0000] {dag.py:3036} INFO - Sync 1 DAGs
[2026-08-06T21:24:42.291+0000] {logging_mixin.py:188} INFO - [2026-08-06T21:24:42.291+0000] {dag.py:3823} INFO - Setting next_dagrun for example_trigger_target_dag to None, run_after=None
[2026-08-06T21:24:42.315+0000] {processor.py:183} INFO - Processing /home/airflow/.local/lib/python3.8/site-packages/airflow/example_dags/example_trigger_target_dag.py took 0.073 seconds
[2026-08-06T21:25:12.484+0000] {processor.py:161} INFO - Started process (PID=2231) to work on /home/airflow/.local/lib/python3.8/site-packages/airflow/example_dags/example_trigger_target_dag.py
[2026-08-06T21:25:12.485+0000] {processor.py:830} INFO - Processing file /home/airflow/.local/lib/python3.8/site-packages/airflow/example_dags/example_trigger_target_dag.py for tasks to queue
[2026-08-06T21:25:12.488+0000] {logging_mixin.py:188} INFO - [2026-08-06T21:25:12.488+0000] {dagbag.py:538} INFO - Filling up the DagBag from /home/airflow/.local/lib/python3.8/site-packages/airflow/example_dags/example_trigger_target_dag.py
[2026-08-06T21:25:12.498+0000] {processor.py:840} INFO - DAG(s) 'example_trigger_target_dag' retrieved from /home/airflow/.local/lib/python3.8/site-packages/airflow/example_dags/example_trigger_target_dag.py
[2026-08-06T21:25:12.522+0000] {logging_mixin.py:188} INFO - [2026-08-06T21:25:12.522+0000] {dag.py:3036} INFO - Sync 1 DAGs
[2026-08-06T21:25:12.541+0000] {logging_mixin.py:188} INFO - [2026-08-06T21:25:12.541+0000] {dag.py:3823} INFO - Setting next_dagrun for example_trigger_target_dag to None, run_after=None
[2026-08-06T21:25:12.568+0000] {processor.py:183} INFO - Processing /home/airflow/.local/lib/python3.8/site-packages/airflow/example_dags/example_trigger_target_dag.py took 0.087 seconds
[2026-08-06T21:25:43.134+0000] {processor.py:161} INFO - Started process (PID=2290) to work on /home/airflow/.local/lib/python3.8/site-packages/airflow/example_dags/example_trigger_target_dag.py
[2026-08-06T21:25:43.135+0000] {processor.py:830} INFO - Processing file /home/airflow/.local/lib/python3.8/site-packages/airflow/example_dags/example_trigger_target_dag.py for tasks to queue
[2026-08-06T21:25:43.138+0000] {logging_mixin.py:188} INFO - [2026-08-06T21:25:43.138+0000] {dagbag.py:538} INFO - Filling up the DagBag from /home/airflow/.local/lib/python3.8/site-packages/airflow/example_dags/example_trigger_target_dag.py
[2026-08-06T21:25:43.148+0000] {processor.py:840} INFO - DAG(s) 'example_trigger_target_dag' retrieved from /home/airflow/.local/lib/python3.8/site-packages/airflow/example_dags/example_trigger_target_dag.py
[2026-08-06T21:25:43.181+0000] {logging_mixin.py:188} INFO - [2026-08-06T21:25:43.180+0000] {dag.py:3036} INFO - Sync 1 DAGs
[2026-08-06T21:25:43.202+0000] {logging_mixin.py:188} INFO - [2026-08-06T21:25:43.202+0000] {dag.py:3823} INFO - Setting next_dagrun for example_trigger_target_dag to None, run_after=None
[2026-08-06T21:25:43.234+0000] {processor.py:183} INFO - Processing /home/airflow/.local/lib/python3.8/site-packages/airflow/example_dags/example_trigger_target_dag.py took 0.108 seconds
[2026-08-06T21:26:13.997+0000] {processor.py:161} INFO - Started process (PID=2355) to work on /home/airflow/.local/lib/python3.8/site-packages/airflow/example_dags/example_trigger_target_dag.py
[2026-08-06T21:26:13.998+0000] {processor.py:830} INFO - Processing file /home/airflow/.local/lib/python3.8/site-packages/airflow/example_dags/example_trigger_target_dag.py for tasks to queue
[2026-08-06T21:26:14.001+0000] {logging_mixin.py:188} INFO - [2026-08-06T21:26:14.001+0000] {dagbag.py:538} INFO - Filling up the DagBag from /home/airflow/.local/lib/python3.8/site-packages/airflow/example_dags/example_trigger_target_dag.py
[2026-08-06T21:26:14.011+0000] {processor.py:840} INFO - DAG(s) 'example_trigger_target_dag' retrieved from /home/airflow/.local/lib/python3.8/site-packages/airflow/example_dags/example_trigger_target_dag.py
[2026-08-06T21:26:14.038+0000] {logging_mixin.py:188} INFO - [2026-08-06T21:26:14.037+0000] {dag.py:3036} INFO - Sync 1 DAGs
[2026-08-06T21:26:14.050+0000] {logging_mixin.py:188} INFO - [2026-08-06T21:26:14.049+0000] {dag.py:3823} INFO - Setting next_dagrun for example_trigger_target_dag to None, run_after=None
[2026-08-06T21:26:14.070+0000] {processor.py:183} INFO - Processing /home/airflow/.local/lib/python3.8/site-packages/airflow/example_dags/example_trigger_target_dag.py took 0.078 seconds
[2026-08-06T21:26:44.766+0000] {processor.py:161} INFO - Started process (PID=2420) to work on /home/airflow/.local/lib/python3.8/site-packages/airflow/example_dags/example_trigger_target_dag.py
[2026-08-06T21:26:44.767+0000] {processor.py:830} INFO - Processing file /home/airflow/.local/lib/python3.8/site-packages/airflow/example_dags/example_trigger_target_dag.py for tasks to queue
[2026-08-06T21:26:44.769+0000] {logging_mixin.py:188} INFO - [2026-08-06T21:26:44.769+0000] {dagbag.py:538} INFO - Filling up the DagBag from /home/airflow/.local/lib/python3.8/site-packages/airflow/example_dags/example_trigger_target_dag.py
[2026-08-06T21:26:44.775+0000] {processor.py:840} INFO - DAG(s) 'example_trigger_target_dag' retrieved from /home/airflow/.local/lib/python3.8/site-packages/airflow/example_dags/example_trigger_target_dag.py
[2026-08-06T21:26:44.796+0000] {logging_mixin.py:188} INFO - [2026-08-06T21:26:44.795+0000] {dag.py:3036} INFO - Sync 1 DAGs
[2026-08-06T21:26:44.808+0000] {logging_mixin.py:188} INFO - [2026-08-06T21:26:44.807+0000] {dag.py:3823} INFO - Setting next_dagrun for example_trigger_target_dag to None, run_after=None
[2026-08-06T21:26:44.827+0000] {processor.py:183} INFO - Processing /home/airflow/.local/lib/python3.8/site-packages/airflow/example_dags/example_trigger_target_dag.py took 0.064 seconds
[2026-08-06T21:27:15.334+0000] {processor.py:161} INFO - Started process (PID=2485) to work on /home/airflow/.local/lib/python3.8/site-packages/airflow/example_dags/example_trigger_target_dag.py
[2026-08-06T21:27:15.335+0000] {processor.py:830} INFO - Processing file /home/airflow/.local/lib/python3.8/site-packages/airflow/example_dags/example_trigger_target_dag.py for tasks to queue
[2026-08-06T21:27:15.337+0000] {logging_mixin.py:188} INFO - [2026-08-06T21:27:15.337+0000] {dagbag.py:538} INFO - Filling up the DagBag from /home/airflow/.local/lib/python3.8/site-packages/airflow/example_dags/example_trigger_target_dag.py
[2026-08-06T21:27:15.343+0000] {processor.py:840} INFO - DAG(s) 'example_trigger_target_dag' retrieved from /home/airflow/.local/lib/python3.8/site-packages/airflow/example_dags/example_trigger_target_dag.py
[2026-08-06T21:27:15.365+0000] {logging_mixin.py:188} INFO - [2026-08-06T21:27:15.365+0000] {dag.py:3036} INFO - Sync 1 DAGs
[2026-08-06T21:27:15.378+0000] {logging_mixin.py:188} INFO - [2026-08-06T21:27:15.378+0000] {dag.py:3823} INFO - Setting next_dagrun for example_trigger_target_dag to None, run_after=None
[2026-08-06T21:27:15.401+0000] {processor.py:183} INFO - Processing /home/airflow/.local/lib/python3.8/site-packages/airflow/example_dags/example_trigger_target_dag.py took 0.072 seconds
[2026-08-06T21:27:45.537+0000] {processor.py:161} INFO - Started process (PID=2550) to work on /home/airflow/.local/lib/python3.8/site-packages/airflow/example_dags/example_trigger_target_dag.py
[2026-08-06T21:27:45.538+0000] {processor.py:830} INFO - Processing file /home/airflow/.local/lib/python3.8/site-packages/airflow/example_dags/example_trigger_target_dag.py for tasks to queue
[2026-08-06T21:27:45.541+0000] {logging_mixin.py:188} INFO - [2026-08-06T21:27:45.541+0000] {dagbag.py:538} INFO - Filling up the DagBag from /home/airflow/.local/lib/python3.8/site-packages/airflow/example_dags/example_trigger_target_dag.py
[2026-08-06T21:27:45.575+0000] {processor.py:840} INFO - DAG(s) 'example_trigger_target_dag' retrieved from /home/airflow/.local/lib/python3.8/site-packages/airflow/example_dags/example_trigger_target_dag.py
[2026-08-06T21:27:45.609+0000] {logging_mixin.py:188} INFO - [2026-08-06T21:27:45.608+0000] {dag.py:3036} INFO - Sync 1 DAGs
[2026-08-06T21:27:45.643+0000] {logging_mixin.py:188} INFO - [2026-08-06T21:27:45.643+0000] {dag.py:3823} INFO - Setting next_dagrun for example_trigger_target_dag to None, run_after=None
[2026-08-06T21:27:45.674+0000] {processor.py:183} INFO - Processing /home/airflow/.local/lib/python3.8/site-packages/airflow/example_dags/example_trigger_target_dag.py took 0.143 seconds
[2026-08-06T21:28:15.953+0000] {processor.py:161} INFO - Started process (PID=2615) to work on /home/airflow/.local/lib/python3.8/site-packages/airflow/example_dags/example_trigger_target_dag.py
[2026-08-06T21:28:15.955+0000] {processor.py:830} INFO - Processing file /home/airflow/.local/lib/python3.8/site-packages/airflow/example_dags/example_trigger_target_dag.py for tasks to queue
[2026-08-06T21:28:15.957+0000] {logging_mixin.py:188} INFO - [2026-08-06T21:28:15.957+0000] {dagbag.py:538} INFO - Filling up the DagBag from /home/airflow/.local/lib/python3.8/site-packages/airflow/example_dags/example_trigger_target_dag.py
[2026-08-06T21:28:15.965+0000] {processor.py:840} INFO - DAG(s) 'example_trigger_target_dag' retrieved from /home/airflow/.local/lib/python3.8/site-packages/airflow/example_dags/example_trigger_target_dag.py
[2026-08-06T21:28:15.986+0000] {logging_mixin.py:188} INFO - [2026-08-06T21:28:15.986+0000] {dag.py:3036} INFO - Sync 1 DAGs
[2026-08-06T21:28:15.998+0000] {logging_mixin.py:188} INFO - [2026-08-06T21:28:15.998+0000] {dag.py:3823} INFO - Setting next_dagrun for example_trigger_target_dag to None, run_after=None
[2026-08-06T21:28:16.021+0000] {processor.py:183} INFO - Processing /home/airflow/.local/lib/python3.8/site-packages/airflow/example_dags/example_trigger_target_dag.py took 0.072 seconds
[2026-08-06T21:28:46.474+0000] {processor.py:161} INFO - Started process (PID=2680) to work on /home/airflow/.local/lib/python3.8/site-packages/airflow/example_dags/example_trigger_target_dag.py
[2026-08-06T21:28:46.475+0000] {processor.py:830} INFO - Processing file /home/airflow/.local/lib/python3.8/site-packages/airflow/example_dags/example_trigger_target_dag.py for tasks to queue
[2026-08-06T21:28:46.477+0000] {logging_mixin.py:188} INFO - [2026-08-06T21:28:46.477+0000] {dagbag.py:538} INFO - Filling up the DagBag from /home/airflow/.local/lib/python3.8/site-packages/airflow/example_dags/example_trigger_target_dag.py
[2026-08-06T21:28:46.484+0000] {processor.py:840} INFO - DAG(s) 'example_trigger_target_dag' retrieved from /home/airflow/.local/lib/python3.8/site-packages/airflow/example_dags/example_trigger_target_dag.py
[2026-08-06T21:28:46.505+0000] {logging_mixin.py:188} INFO - [2026-08-06T21:28:46.505+0000] {dag.py:3036} INFO - Sync 1 DAGs
[2026-08-06T21:28:46.517+0000] {logging_mixin.py:188} INFO - [2026-08-06T21:28:46.517+0000] {dag.py:3823} INFO - Setting next_dagrun for example_trigger_target_dag to None, run_after=None
[2026-08-06T21:28:46.538+0000] {processor.py:183} INFO - Processing /home/airflow/.local/lib/python3.8/site-packages/airflow/example_dags/example_trigger_target_dag.py took 0.068 seconds
[2026-08-06T21:29:17.337+0000] {processor.py:161} INFO - Started process (PID=2745) to work on /home/airflow/.local/lib/python3.8/site-packages/airflow/example_dags/example_trigger_target_dag.py
[2026-08-06T21:29:17.338+0000] {processor.py:830} INFO - Processing file /home/airflow/.local/lib/python3.8/site-packages/airflow/example_dags/example_trigger_target_dag.py for tasks to queue
[2026-08-06T21:29:17.341+0000] {logging_mixin.py:188} INFO - [2026-08-06T21:29:17.340+0000] {dagbag.py:538} INFO - Filling up the DagBag from /home/airflow/.local/lib/python3.8/site-packages/airflow/example_dags/example_trigger_target_dag.py
[2026-08-06T21:29:17.347+0000] {processor.py:840} INFO - DAG(s) 'example_trigger_target_dag' retrieved from /home/airflow/.local/lib/python3.8/site-packages/airflow/example_dags/example_trigger_target_dag.py
[2026-08-06T21:29:17.373+0000] {logging_mixin.py:188} INFO - [2026-08-06T21:29:17.372+0000] {dag.py:3036} INFO - Sync 1 DAGs
[2026-08-06T21:29:17.389+0000] {logging_mixin.py:188} INFO - [2026-08-06T21:29:17.389+0000] {dag.py:3823} INFO - Setting next_dagrun for example_trigger_target_dag to None, run_after=None
[2026-08-06T21:29:17.413+0000] {processor.py:183} INFO - Processing /home/airflow/.local/lib/python3.8/site-packages/airflow/example_dags/example_trigger_target_dag.py took 0.080 seconds
[2026-08-06T21:29:47.932+0000] {processor.py:161} INFO - Started process (PID=2810) to work on /home/airflow/.local/lib/python3.8/site-packages/airflow/example_dags/example_trigger_target_dag.py
[2026-08-06T21:29:47.933+0000] {processor.py:830} INFO - Processing file /home/airflow/.local/lib/python3.8/site-packages/airflow/example_dags/example_trigger_target_dag.py for tasks to queue
[2026-08-06T21:29:47.936+0000] {logging_mixin.py:188} INFO - [2026-08-06T21:29:47.936+0000] {dagbag.py:538} INFO - Filling up the DagBag from /home/airflow/.local/lib/python3.8/site-packages/airflow/example_dags/example_trigger_target_dag.py
[2026-08-06T21:29:47.944+0000] {processor.py:840} INFO - DAG(s) 'example_trigger_target_dag' retrieved from /home/airflow/.local/lib/python3.8/site-packages/airflow/example_dags/example_trigger_target_dag.py
[2026-08-06T21:29:47.969+0000] {logging_mixin.py:188} INFO - [2026-08-06T21:29:47.969+0000] {dag.py:3036} INFO - Sync 1 DAGs
[2026-08-06T21:29:47.983+0000] {logging_mixin.py:188} INFO - [2026-08-06T21:29:47.983+0000] {dag.py:3823} INFO - Setting next_dagrun for example_trigger_target_dag to None, run_after=None
[2026-08-06T21:29:48.005+0000] {processor.py:183} INFO - Processing /home/airflow/.local/lib/python3.8/site-packages/airflow/example_dags/example_trigger_target_dag.py took 0.078 seconds
[2026-08-06T21:30:18.558+0000] {processor.py:161} INFO - Started process (PID=2875) to work on /home/airflow/.local/lib/python3.8/site-packages/airflow/example_dags/example_trigger_target_dag.py
[2026-08-06T21:30:18.560+0000] {processor.py:830} INFO - Processing file /home/airflow/.local/lib/python3.8/site-packages/airflow/example_dags/example_trigger_target_dag.py for tasks to queue
[2026-08-06T21:30:18.563+0000] {logging_mixin.py:188} INFO - [2026-08-06T21:30:18.563+0000] {dagbag.py:538} INFO - Filling up the DagBag from /home/airflow/.local/lib/python3.8/site-packages/airflow/example_dags/example_trigger_target_dag.py
[2026-08-06T21:30:18.570+0000] {processor.py:840} INFO - DAG(s) 'example_trigger_target_dag' retrieved from /home/airflow/.local/lib/python3.8/site-packages/airflow/example_dags/example_trigger_target_dag.py
[2026-08-06T21:30:18.597+0000] {logging_mixin.py:188} INFO - [2026-08-06T21:30:18.596+0000] {dag.py:3036} INFO - Sync 1 DAGs
[2026-08-06T21:30:18.609+0000] {logging_mixin.py:188} INFO - [2026-08-06T21:30:18.608+0000] {dag.py:3823} INFO - Setting next_dagrun for example_trigger_target_dag to None, run_after=None
[2026-08-06T21:30:18.630+0000] {processor.py:183} INFO - Processing /home/airflow/.local/lib/python3.8/site-packages/airflow/example_dags/example_trigger_target_dag.py took 0.077 seconds
[2026-08-06T21:30:48.850+0000] {processor.py:161} INFO - Started process (PID=2952) to work on /home/airflow/.local/lib/python3.8/site-packages/airflow/example_dags/example_trigger_target_dag.py
[2026-08-06T21:30:48.851+0000] {processor.py:830} INFO - Processing file /home/airflow/.local/lib/python3.8/site-packages/airflow/example_dags/example_trigger_target_dag.py for tasks to queue
[2026-08-06T21:30:48.854+0000] {logging_mixin.py:188} INFO - [2026-08-06T21:30:48.854+0000] {dagbag.py:538} INFO - Filling up the DagBag from /home/airflow/.local/lib/python3.8/site-packages/airflow/example_dags/example_trigger_target_dag.py
[2026-08-06T21:30:48.866+0000] {processor.py:840} INFO - DAG(s) 'example_trigger_target_dag' retrieved from /home/airflow/.local/lib/python3.8/site-packages/airflow/example_dags/example_trigger_target_dag.py
[2026-08-06T21:30:48.890+0000] {logging_mixin.py:188} INFO - [2026-08-06T21:30:48.889+0000] {dag.py:3036} INFO - Sync 1 DAGs
[2026-08-06T21:30:48.907+0000] {logging_mixin.py:188} INFO - [2026-08-06T21:30:48.907+0000] {dag.py:3823} INFO - Setting next_dagrun for example_trigger_target_dag to None, run_after=None
[2026-08-06T21:30:48.936+0000] {processor.py:183} INFO - Processing /home/airflow/.local/lib/python3.8/site-packages/airflow/example_dags/example_trigger_target_dag.py took 0.092 seconds
[2026-08-06T21:31:19.570+0000] {processor.py:161} INFO - Started process (PID=3029) to work on /home/airflow/.local/lib/python3.8/site-packages/airflow/example_dags/example_trigger_target_dag.py
[2026-08-06T21:31:19.572+0000] {processor.py:830} INFO - Processing file /home/airflow/.local/lib/python3.8/site-packages/airflow/example_dags/example_trigger_target_dag.py for tasks to queue
[2026-08-06T21:31:19.575+0000] {logging_mixin.py:188} INFO - [2026-08-06T21:31:19.575+0000] {dagbag.py:538} INFO - Filling up the DagBag from /home/airflow/.local/lib/python3.8/site-packages/airflow/example_dags/example_trigger_target_dag.py
[2026-08-06T21:31:19.593+0000] {processor.py:840} INFO - DAG(s) 'example_trigger_target_dag' retrieved from /home/airflow/.local/lib/python3.8/site-packages/airflow/example_dags/example_trigger_target_dag.py
[2026-08-06T21:31:19.653+0000] {logging_mixin.py:188} INFO - [2026-08-06T21:31:19.652+0000] {dag.py:3036} INFO - Sync 1 DAGs
[2026-08-06T21:31:19.687+0000] {logging_mixin.py:188} INFO - [2026-08-06T21:31:19.687+0000] {dag.py:3823} INFO - Setting next_dagrun for example_trigger_target_dag to None, run_after=None
[2026-08-06T21:31:19.752+0000] {processor.py:183} INFO - Processing /home/airflow/.local/lib/python3.8/site-packages/airflow/example_dags/example_trigger_target_dag.py took 0.190 seconds
[2026-08-06T21:31:50.207+0000] {processor.py:161} INFO - Started process (PID=3098) to work on /home/airflow/.local/lib/python3.8/site-packages/airflow/example_dags/example_trigger_target_dag.py
[2026-08-06T21:31:50.208+0000] {processor.py:830} INFO - Processing file /home/airflow/.local/lib/python3.8/site-packages/airflow/example_dags/example_trigger_target_dag.py for tasks to queue
[2026-08-06T21:31:50.210+0000] {logging_mixin.py:188} INFO - [2026-08-06T21:31:50.210+0000] {dagbag.py:538} INFO - Filling up the DagBag from /home/airflow/.local/lib/python3.8/site-packages/airflow/example_dags/example_trigger_target_dag.py
[2026-08-06T21:31:50.217+0000] {processor.py:840} INFO - DAG(s) 'example_trigger_target_dag' retrieved from /home/airflow/.local/lib/python3.8/site-packages/airflow/example_dags/example_trigger_target_dag.py
[2026-08-06T21:31:50.244+0000] {logging_mixin.py:188} INFO - [2026-08-06T21:31:50.244+0000] {dag.py:3036} INFO - Sync 1 DAGs
[2026-08-06T21:31:50.290+0000] {logging_mixin.py:188} INFO - [2026-08-06T21:31:50.290+0000] {dag.py:3823} INFO - Setting next_dagrun for example_trigger_target_dag to None, run_after=None
[2026-08-06T21:31:50.337+0000] {processor.py:183} INFO - Processing /home/airflow/.local/lib/python3.8/site-packages/airflow/example_dags/example_trigger_target_dag.py took 0.135 seconds
[2026-08-06T21:32:20.930+0000] {processor.py:161} INFO - Started process (PID=3163) to work on /home/airflow/.local/lib/python3.8/site-packages/airflow/example_dags/example_trigger_target_dag.py
[2026-08-06T21:32:20.931+0000] {processor.py:830} INFO - Processing file /home/airflow/.local/lib/python3.8/site-packages/airflow/example_dags/example_trigger_target_dag.py for tasks to queue
[2026-08-06T21:32:20.934+0000] {logging_mixin.py:188} INFO - [2026-08-06T21:32:20.933+0000] {dagbag.py:538} INFO - Filling up the DagBag from /home/airflow/.local/lib/python3.8/site-packages/airflow/example_dags/example_trigger_target_dag.py
[2026-08-06T21:32:20.941+0000] {processor.py:840} INFO - DAG(s) 'example_trigger_target_dag' retrieved from /home/airflow/.local/lib/python3.8/site-packages/airflow/example_dags/example_trigger_target_dag.py
[2026-08-06T21:32:20.964+0000] {logging_mixin.py:188} INFO - [2026-08-06T21:32:20.963+0000] {dag.py:3036} INFO - Sync 1 DAGs
[2026-08-06T21:32:20.975+0000] {logging_mixin.py:188} INFO - [2026-08-06T21:32:20.975+0000] {dag.py:3823} INFO - Setting next_dagrun for example_trigger_target_dag to None, run_after=None
[2026-08-06T21:32:20.993+0000] {processor.py:183} INFO - Processing /home/airflow/.local/lib/python3.8/site-packages/airflow/example_dags/example_trigger_target_dag.py took 0.068 seconds
[2026-08-06T21:32:51.471+0000] {processor.py:161} INFO - Started process (PID=3228) to work on /home/airflow/.local/lib/python3.8/site-packages/airflow/example_dags/example_trigger_target_dag.py
[2026-08-06T21:32:51.473+0000] {processor.py:830} INFO - Processing file /home/airflow/.local/lib/python3.8/site-packages/airflow/example_dags/example_trigger_target_dag.py for tasks to queue
[2026-08-06T21:32:51.475+0000] {logging_mixin.py:188} INFO - [2026-08-06T21:32:51.474+0000] {dagbag.py:538} INFO - Filling up the DagBag from /home/airflow/.local/lib/python3.8/site-packages/airflow/example_dags/example_trigger_target_dag.py
[2026-08-06T21:32:51.481+0000] {processor.py:840} INFO - DAG(s) 'example_trigger_target_dag' retrieved from /home/airflow/.local/lib/python3.8/site-packages/airflow/example_dags/example_trigger_target_dag.py
[2026-08-06T21:32:51.503+0000] {logging_mixin.py:188} INFO - [2026-08-06T21:32:51.503+0000] {dag.py:3036} INFO - Sync 1 DAGs
[2026-08-06T21:32:51.515+0000] {logging_mixin.py:188} INFO - [2026-08-06T21:32:51.515+0000] {dag.py:3823} INFO - Setting next_dagrun for example_trigger_target_dag to None, run_after=None
[2026-08-06T21:32:51.537+0000] {processor.py:183} INFO - Processing /home/airflow/.local/lib/python3.8/site-packages/airflow/example_dags/example_trigger_target_dag.py took 0.069 seconds
[2026-08-06T21:33:22.084+0000] {processor.py:161} INFO - Started process (PID=3297) to work on /home/airflow/.local/lib/python3.8/site-packages/airflow/example_dags/example_trigger_target_dag.py
[2026-08-06T21:33:22.086+0000] {processor.py:830} INFO - Processing file /home/airflow/.local/lib/python3.8/site-packages/airflow/example_dags/example_trigger_target_dag.py for tasks to queue
[2026-08-06T21:33:22.088+0000] {logging_mixin.py:188} INFO - [2026-08-06T21:33:22.088+0000] {dagbag.py:538} INFO - Filling up the DagBag from /home/airflow/.local/lib/python3.8/site-packages/airflow/example_dags/example_trigger_target_dag.py
[2026-08-06T21:33:22.096+0000] {processor.py:840} INFO - DAG(s) 'example_trigger_target_dag' retrieved from /home/airflow/.local/lib/python3.8/site-packages/airflow/example_dags/example_trigger_target_dag.py
[2026-08-06T21:33:22.119+0000] {logging_mixin.py:188} INFO - [2026-08-06T21:33:22.119+0000] {dag.py:3036} INFO - Sync 1 DAGs
[2026-08-06T21:33:22.134+0000] {logging_mixin.py:188} INFO - [2026-08-06T21:33:22.134+0000] {dag.py:3823} INFO - Setting next_dagrun for example_trigger_target_dag to None, run_after=None
[2026-08-06T21:33:22.158+0000] {processor.py:183} INFO - Processing /home/airflow/.local/lib/python3.8/site-packages/airflow/example_dags/example_trigger_target_dag.py took 0.078 seconds
[2026-08-06T21:33:52.606+0000] {processor.py:161} INFO - Started process (PID=3366) to work on /home/airflow/.local/lib/python3.8/site-packages/airflow/example_dags/example_trigger_target_dag.py
[2026-08-06T21:33:52.608+0000] {processor.py:830} INFO - Processing file /home/airflow/.local/lib/python3.8/site-packages/airflow/example_dags/example_trigger_target_dag.py for tasks to queue
[2026-08-06T21:33:52.610+0000] {logging_mixin.py:188} INFO - [2026-08-06T21:33:52.610+0000] {dagbag.py:538} INFO - Filling up the DagBag from /home/airflow/.local/lib/python3.8/site-packages/airflow/example_dags/example_trigger_target_dag.py
[2026-08-06T21:33:52.624+0000] {processor.py:840} INFO - DAG(s) 'example_trigger_target_dag' retrieved from /home/airflow/.local/lib/python3.8/site-packages/airflow/example_dags/example_trigger_target_dag.py
[2026-08-06T21:33:52.661+0000] {logging_mixin.py:188} INFO - [2026-08-06T21:33:52.660+0000] {dag.py:3036} INFO - Sync 1 DAGs
[2026-08-06T21:33:52.679+0000] {logging_mixin.py:188} INFO - [2026-08-06T21:33:52.678+0000] {dag.py:3823} INFO - Setting next_dagrun for example_trigger_target_dag to None, run_after=None
[2026-08-06T21:33:52.708+0000] {processor.py:183} INFO - Processing /home/airflow/.local/lib/python3.8/site-packages/airflow/example_dags/example_trigger_target_dag.py took 0.106 seconds
[2026-08-06T21:34:23.518+0000] {processor.py:161} INFO - Started process (PID=3432) to work on /home/airflow/.local/lib/python3.8/site-packages/airflow/example_dags/example_trigger_target_dag.py
[2026-08-06T21:34:23.520+0000] {processor.py:830} INFO - Processing file /home/airflow/.local/lib/python3.8/site-packages/airflow/example_dags/example_trigger_target_dag.py for tasks to queue
[2026-08-06T21:34:23.523+0000] {logging_mixin.py:188} INFO - [2026-08-06T21:34:23.523+0000] {dagbag.py:538} INFO - Filling up the DagBag from /home/airflow/.local/lib/python3.8/site-packages/airflow/example_dags/example_trigger_target_dag.py
[2026-08-06T21:34:23.533+0000] {processor.py:840} INFO - DAG(s) 'example_trigger_target_dag' retrieved from /home/airflow/.local/lib/python3.8/site-packages/airflow/example_dags/example_trigger_target_dag.py
[2026-08-06T21:34:23.560+0000] {logging_mixin.py:188} INFO - [2026-08-06T21:34:23.559+0000] {dag.py:3036} INFO - Sync 1 DAGs
[2026-08-06T21:34:23.573+0000] {logging_mixin.py:188} INFO - [2026-08-06T21:34:23.573+0000] {dag.py:3823} INFO - Setting next_dagrun for example_trigger_target_dag to None, run_after=None
[2026-08-06T21:34:23.597+0000] {processor.py:183} INFO - Processing /home/airflow/.local/lib/python3.8/site-packages/airflow/example_dags/example_trigger_target_dag.py took 0.084 seconds
[2026-08-06T21:34:54.247+0000] {processor.py:161} INFO - Started process (PID=3497) to work on /home/airflow/.local/lib/python3.8/site-packages/airflow/example_dags/example_trigger_target_dag.py
[2026-08-06T21:34:54.250+0000] {processor.py:830} INFO - Processing file /home/airflow/.local/lib/python3.8/site-packages/airflow/example_dags/example_trigger_target_dag.py for tasks to queue
[2026-08-06T21:34:54.254+0000] {logging_mixin.py:188} INFO - [2026-08-06T21:34:54.253+0000] {dagbag.py:538} INFO - Filling up the DagBag from /home/airflow/.local/lib/python3.8/site-packages/airflow/example_dags/example_trigger_target_dag.py
[2026-08-06T21:34:54.268+0000] {processor.py:840} INFO - DAG(s) 'example_trigger_target_dag' retrieved from /home/airflow/.local/lib/python3.8/site-packages/airflow/example_dags/example_trigger_target_dag.py
[2026-08-06T21:34:54.302+0000] {logging_mixin.py:188} INFO - [2026-08-06T21:34:54.302+0000] {dag.py:3036} INFO - Sync 1 DAGs
[2026-08-06T21:34:54.326+0000] {logging_mixin.py:188} INFO - [2026-08-06T21:34:54.325+0000] {dag.py:3823} INFO - Setting next_dagrun for example_trigger_target_dag to None, run_after=None
[2026-08-06T21:34:54.386+0000] {processor.py:183} INFO - Processing /home/airflow/.local/lib/python3.8/site-packages/airflow/example_dags/example_trigger_target_dag.py took 0.145 seconds
[2026-08-06T21:35:24.709+0000] {processor.py:161} INFO - Started process (PID=3562) to work on /home/airflow/.local/lib/python3.8/site-packages/airflow/example_dags/example_trigger_target_dag.py
[2026-08-06T21:35:24.710+0000] {processor.py:830} INFO - Processing file /home/airflow/.local/lib/python3.8/site-packages/airflow/example_dags/example_trigger_target_dag.py for tasks to queue
[2026-08-06T21:35:24.712+0000] {logging_mixin.py:188} INFO - [2026-08-06T21:35:24.712+0000] {dagbag.py:538} INFO - Filling up the DagBag from /home/airflow/.local/lib/python3.8/site-packages/airflow/example_dags/example_trigger_target_dag.py
[2026-08-06T21:35:24.719+0000] {processor.py:840} INFO - DAG(s) 'example_trigger_target_dag' retrieved from /home/airflow/.local/lib/python3.8/site-packages/airflow/example_dags/example_trigger_target_dag.py
[2026-08-06T21:35:24.740+0000] {logging_mixin.py:188} INFO - [2026-08-06T21:35:24.740+0000] {dag.py:3036} INFO - Sync 1 DAGs
[2026-08-06T21:35:24.753+0000] {logging_mixin.py:188} INFO - [2026-08-06T21:35:24.753+0000] {dag.py:3823} INFO - Setting next_dagrun for example_trigger_target_dag to None, run_after=None
[2026-08-06T21:35:24.772+0000] {processor.py:183} INFO - Processing /home/airflow/.local/lib/python3.8/site-packages/airflow/example_dags/example_trigger_target_dag.py took 0.067 seconds
[2026-08-06T21:35:55.537+0000] {processor.py:161} INFO - Started process (PID=3627) to work on /home/airflow/.local/lib/python3.8/site-packages/airflow/example_dags/example_trigger_target_dag.py
[2026-08-06T21:35:55.539+0000] {processor.py:830} INFO - Processing file /home/airflow/.local/lib/python3.8/site-packages/airflow/example_dags/example_trigger_target_dag.py for tasks to queue
[2026-08-06T21:35:55.542+0000] {logging_mixin.py:188} INFO - [2026-08-06T21:35:55.542+0000] {dagbag.py:538} INFO - Filling up the DagBag from /home/airflow/.local/lib/python3.8/site-packages/airflow/example_dags/example_trigger_target_dag.py
[2026-08-06T21:35:55.552+0000] {processor.py:840} INFO - DAG(s) 'example_trigger_target_dag' retrieved from /home/airflow/.local/lib/python3.8/site-packages/airflow/example_dags/example_trigger_target_dag.py
[2026-08-06T21:35:55.578+0000] {logging_mixin.py:188} INFO - [2026-08-06T21:35:55.578+0000] {dag.py:3036} INFO - Sync 1 DAGs
[2026-08-06T21:35:55.595+0000] {logging_mixin.py:188} INFO - [2026-08-06T21:35:55.594+0000] {dag.py:3823} INFO - Setting next_dagrun for example_trigger_target_dag to None, run_after=None
[2026-08-06T21:35:55.625+0000] {processor.py:183} INFO - Processing /home/airflow/.local/lib/python3.8/site-packages/airflow/example_dags/example_trigger_target_dag.py took 0.093 seconds
[2026-08-06T21:36:26.481+0000] {processor.py:161} INFO - Started process (PID=3692) to work on /home/airflow/.local/lib/python3.8/site-packages/airflow/example_dags/example_trigger_target_dag.py
[2026-08-06T21:36:26.483+0000] {processor.py:830} INFO - Processing file /home/airflow/.local/lib/python3.8/site-packages/airflow/example_dags/example_trigger_target_dag.py for tasks to queue
[2026-08-06T21:36:26.486+0000] {logging_mixin.py:188} INFO - [2026-08-06T21:36:26.486+0000] {dagbag.py:538} INFO - Filling up the DagBag from /home/airflow/.local/lib/python3.8/site-packages/airflow/example_dags/example_trigger_target_dag.py
[2026-08-06T21:36:26.494+0000] {processor.py:840} INFO - DAG(s) 'example_trigger_target_dag' retrieved from /home/airflow/.local/lib/python3.8/site-packages/airflow/example_dags/example_trigger_target_dag.py
[2026-08-06T21:36:26.521+0000] {logging_mixin.py:188} INFO - [2026-08-06T21:36:26.520+0000] {dag.py:3036} INFO - Sync 1 DAGs
[2026-08-06T21:36:26.536+0000] {logging_mixin.py:188} INFO - [2026-08-06T21:36:26.536+0000] {dag.py:3823} INFO - Setting next_dagrun for example_trigger_target_dag to None, run_after=None
[2026-08-06T21:36:26.561+0000] {processor.py:183} INFO - Processing /home/airflow/.local/lib/python3.8/site-packages/airflow/example_dags/example_trigger_target_dag.py took 0.085 seconds
[2026-08-06T21:36:57.058+0000] {processor.py:161} INFO - Started process (PID=3757) to work on /home/airflow/.local/lib/python3.8/site-packages/airflow/example_dags/example_trigger_target_dag.py
[2026-08-06T21:36:57.060+0000] {processor.py:830} INFO - Processing file /home/airflow/.local/lib/python3.8/site-packages/airflow/example_dags/example_trigger_target_dag.py for tasks to queue
[2026-08-06T21:36:57.062+0000] {logging_mixin.py:188} INFO - [2026-08-06T21:36:57.061+0000] {dagbag.py:538} INFO - Filling up the DagBag from /home/airflow/.local/lib/python3.8/site-packages/airflow/example_dags/example_trigger_target_dag.py
[2026-08-06T21:36:57.068+0000] {processor.py:840} INFO - DAG(s) 'example_trigger_target_dag' retrieved from /home/airflow/.local/lib/python3.8/site-packages/airflow/example_dags/example_trigger_target_dag.py
[2026-08-06T21:36:57.092+0000] {logging_mixin.py:188} INFO - [2026-08-06T21:36:57.092+0000] {dag.py:3036} INFO - Sync 1 DAGs
[2026-08-06T21:36:57.104+0000] {logging_mixin.py:188} INFO - [2026-08-06T21:36:57.104+0000] {dag.py:3823} INFO - Setting next_dagrun for example_trigger_target_dag to None, run_after=None
[2026-08-06T21:36:57.122+0000] {processor.py:183} INFO - Processing /home/airflow/.local/lib/python3.8/site-packages/airflow/example_dags/example_trigger_target_dag.py took 0.068 seconds
[2026-08-06T21:37:28.504+0000] {processor.py:161} INFO - Started process (PID=3822) to work on /home/airflow/.local/lib/python3.8/site-packages/airflow/example_dags/example_trigger_target_dag.py
[2026-08-06T21:37:28.506+0000] {processor.py:830} INFO - Processing file /home/airflow/.local/lib/python3.8/site-packages/airflow/example_dags/example_trigger_target_dag.py for tasks to queue
[2026-08-06T21:37:28.511+0000] {logging_mixin.py:188} INFO - [2026-08-06T21:37:28.510+0000] {dagbag.py:538} INFO - Filling up the DagBag from /home/airflow/.local/lib/python3.8/site-packages/airflow/example_dags/example_trigger_target_dag.py
[2026-08-06T21:37:28.534+0000] {processor.py:840} INFO - DAG(s) 'example_trigger_target_dag' retrieved from /home/airflow/.local/lib/python3.8/site-packages/airflow/example_dags/example_trigger_target_dag.py
[2026-08-06T21:37:28.591+0000] {logging_mixin.py:188} INFO - [2026-08-06T21:37:28.591+0000] {dag.py:3036} INFO - Sync 1 DAGs
[2026-08-06T21:37:28.664+0000] {logging_mixin.py:188} INFO - [2026-08-06T21:37:28.664+0000] {dag.py:3823} INFO - Setting next_dagrun for example_trigger_target_dag to None, run_after=None
[2026-08-06T21:37:28.737+0000] {processor.py:183} INFO - Processing /home/airflow/.local/lib/python3.8/site-packages/airflow/example_dags/example_trigger_target_dag.py took 0.239 seconds
[2026-08-06T21:37:59.545+0000] {processor.py:161} INFO - Started process (PID=3892) to work on /home/airflow/.local/lib/python3.8/site-packages/airflow/example_dags/example_trigger_target_dag.py
[2026-08-06T21:37:59.546+0000] {processor.py:830} INFO - Processing file /home/airflow/.local/lib/python3.8/site-packages/airflow/example_dags/example_trigger_target_dag.py for tasks to queue
[2026-08-06T21:37:59.549+0000] {logging_mixin.py:188} INFO - [2026-08-06T21:37:59.548+0000] {dagbag.py:538} INFO - Filling up the DagBag from /home/airflow/.local/lib/python3.8/site-packages/airflow/example_dags/example_trigger_target_dag.py
[2026-08-06T21:37:59.555+0000] {processor.py:840} INFO - DAG(s) 'example_trigger_target_dag' retrieved from /home/airflow/.local/lib/python3.8/site-packages/airflow/example_dags/example_trigger_target_dag.py
[2026-08-06T21:37:59.581+0000] {logging_mixin.py:188} INFO - [2026-08-06T21:37:59.581+0000] {dag.py:3036} INFO - Sync 1 DAGs
[2026-08-06T21:37:59.595+0000] {logging_mixin.py:188} INFO - [2026-08-06T21:37:59.595+0000] {dag.py:3823} INFO - Setting next_dagrun for example_trigger_target_dag to None, run_after=None
[2026-08-06T21:37:59.626+0000] {processor.py:183} INFO - Processing /home/airflow/.local/lib/python3.8/site-packages/airflow/example_dags/example_trigger_target_dag.py took 0.085 seconds
[2026-08-06T21:38:30.197+0000] {processor.py:161} INFO - Started process (PID=3957) to work on /home/airflow/.local/lib/python3.8/site-packages/airflow/example_dags/example_trigger_target_dag.py
[2026-08-06T21:38:30.199+0000] {processor.py:830} INFO - Processing file /home/airflow/.local/lib/python3.8/site-packages/airflow/example_dags/example_trigger_target_dag.py for tasks to queue
[2026-08-06T21:38:30.201+0000] {logging_mixin.py:188} INFO - [2026-08-06T21:38:30.201+0000] {dagbag.py:538} INFO - Filling up the DagBag from /home/airflow/.local/lib/python3.8/site-packages/airflow/example_dags/example_trigger_target_dag.py
[2026-08-06T21:38:30.209+0000] {processor.py:840} INFO - DAG(s) 'example_trigger_target_dag' retrieved from /home/airflow/.local/lib/python3.8/site-packages/airflow/example_dags/example_trigger_target_dag.py
[2026-08-06T21:38:30.237+0000] {logging_mixin.py:188} INFO - [2026-08-06T21:38:30.237+0000] {dag.py:3036} INFO - Sync 1 DAGs
[2026-08-06T21:38:30.251+0000] {logging_mixin.py:188} INFO - [2026-08-06T21:38:30.251+0000] {dag.py:3823} INFO - Setting next_dagrun for example_trigger_target_dag to None, run_after=None
[2026-08-06T21:38:30.272+0000] {processor.py:183} INFO - Processing /home/airflow/.local/lib/python3.8/site-packages/airflow/example_dags/example_trigger_target_dag.py took 0.078 seconds
[2026-08-06T21:39:00.949+0000] {processor.py:161} INFO - Started process (PID=4022) to work on /home/airflow/.local/lib/python3.8/site-packages/airflow/example_dags/example_trigger_target_dag.py
[2026-08-06T21:39:00.951+0000] {processor.py:830} INFO - Processing file /home/airflow/.local/lib/python3.8/site-packages/airflow/example_dags/example_trigger_target_dag.py for tasks to queue
[2026-08-06T21:39:00.952+0000] {logging_mixin.py:188} INFO - [2026-08-06T21:39:00.952+0000] {dagbag.py:538} INFO - Filling up the DagBag from /home/airflow/.local/lib/python3.8/site-packages/airflow/example_dags/example_trigger_target_dag.py
[2026-08-06T21:39:00.959+0000] {processor.py:840} INFO - DAG(s) 'example_trigger_target_dag' retrieved from /home/airflow/.local/lib/python3.8/site-packages/airflow/example_dags/example_trigger_target_dag.py
[2026-08-06T21:39:00.979+0000] {logging_mixin.py:188} INFO - [2026-08-06T21:39:00.979+0000] {dag.py:3036} INFO - Sync 1 DAGs
[2026-08-06T21:39:00.992+0000] {logging_mixin.py:188} INFO - [2026-08-06T21:39:00.992+0000] {dag.py:3823} INFO - Setting next_dagrun for example_trigger_target_dag to None, run_after=None
[2026-08-06T21:39:01.011+0000] {processor.py:183} INFO - Processing /home/airflow/.local/lib/python3.8/site-packages/airflow/example_dags/example_trigger_target_dag.py took 0.065 seconds
[2026-08-06T21:39:32.056+0000] {processor.py:161} INFO - Started process (PID=4087) to work on /home/airflow/.local/lib/python3.8/site-packages/airflow/example_dags/example_trigger_target_dag.py
[2026-08-06T21:39:32.057+0000] {processor.py:830} INFO - Processing file /home/airflow/.local/lib/python3.8/site-packages/airflow/example_dags/example_trigger_target_dag.py for tasks to queue
[2026-08-06T21:39:32.059+0000] {logging_mixin.py:188} INFO - [2026-08-06T21:39:32.059+0000] {dagbag.py:538} INFO - Filling up the DagBag from /home/airflow/.local/lib/python3.8/site-packages/airflow/example_dags/example_trigger_target_dag.py
[2026-08-06T21:39:32.066+0000] {processor.py:840} INFO - DAG(s) 'example_trigger_target_dag' retrieved from /home/airflow/.local/lib/python3.8/site-packages/airflow/example_dags/example_trigger_target_dag.py
[2026-08-06T21:39:32.090+0000] {logging_mixin.py:188} INFO - [2026-08-06T21:39:32.089+0000] {dag.py:3036} INFO - Sync 1 DAGs
[2026-08-06T21:39:32.101+0000] {logging_mixin.py:188} INFO - [2026-08-06T21:39:32.101+0000] {dag.py:3823} INFO - Setting next_dagrun for example_trigger_target_dag to None, run_after=None
[2026-08-06T21:39:32.125+0000] {processor.py:183} INFO - Processing /home/airflow/.local/lib/python3.8/site-packages/airflow/example_dags/example_trigger_target_dag.py took 0.074 seconds
[2026-08-06T21:40:03.152+0000] {processor.py:161} INFO - Started process (PID=4157) to work on /home/airflow/.local/lib/python3.8/site-packages/airflow/example_dags/example_trigger_target_dag.py
[2026-08-06T21:40:03.154+0000] {processor.py:830} INFO - Processing file /home/airflow/.local/lib/python3.8/site-packages/airflow/example_dags/example_trigger_target_dag.py for tasks to queue
[2026-08-06T21:40:03.159+0000] {logging_mixin.py:188} INFO - [2026-08-06T21:40:03.159+0000] {dagbag.py:538} INFO - Filling up the DagBag from /home/airflow/.local/lib/python3.8/site-packages/airflow/example_dags/example_trigger_target_dag.py
[2026-08-06T21:40:03.175+0000] {processor.py:840} INFO - DAG(s) 'example_trigger_target_dag' retrieved from /home/airflow/.local/lib/python3.8/site-packages/airflow/example_dags/example_trigger_target_dag.py
[2026-08-06T21:40:03.205+0000] {logging_mixin.py:188} INFO - [2026-08-06T21:40:03.205+0000] {dag.py:3036} INFO - Sync 1 DAGs
[2026-08-06T21:40:03.221+0000] {logging_mixin.py:188} INFO - [2026-08-06T21:40:03.221+0000] {dag.py:3823} INFO - Setting next_dagrun for example_trigger_target_dag to None, run_after=None
[2026-08-06T21:40:03.248+0000] {processor.py:183} INFO - Processing /home/airflow/.local/lib/python3.8/site-packages/airflow/example_dags/example_trigger_target_dag.py took 0.110 seconds
[2026-08-06T21:40:33.875+0000] {processor.py:161} INFO - Started process (PID=4222) to work on /home/airflow/.local/lib/python3.8/site-packages/airflow/example_dags/example_trigger_target_dag.py
[2026-08-06T21:40:33.877+0000] {processor.py:830} INFO - Processing file /home/airflow/.local/lib/python3.8/site-packages/airflow/example_dags/example_trigger_target_dag.py for tasks to queue
[2026-08-06T21:40:33.881+0000] {logging_mixin.py:188} INFO - [2026-08-06T21:40:33.880+0000] {dagbag.py:538} INFO - Filling up the DagBag from /home/airflow/.local/lib/python3.8/site-packages/airflow/example_dags/example_trigger_target_dag.py
[2026-08-06T21:40:33.891+0000] {processor.py:840} INFO - DAG(s) 'example_trigger_target_dag' retrieved from /home/airflow/.local/lib/python3.8/site-packages/airflow/example_dags/example_trigger_target_dag.py
[2026-08-06T21:40:33.917+0000] {logging_mixin.py:188} INFO - [2026-08-06T21:40:33.916+0000] {dag.py:3036} INFO - Sync 1 DAGs
[2026-08-06T21:40:33.935+0000] {logging_mixin.py:188} INFO - [2026-08-06T21:40:33.935+0000] {dag.py:3823} INFO - Setting next_dagrun for example_trigger_target_dag to None, run_after=None
[2026-08-06T21:40:33.973+0000] {processor.py:183} INFO - Processing /home/airflow/.local/lib/python3.8/site-packages/airflow/example_dags/example_trigger_target_dag.py took 0.104 seconds
[2026-08-06T21:41:04.336+0000] {processor.py:161} INFO - Started process (PID=4287) to work on /home/airflow/.local/lib/python3.8/site-packages/airflow/example_dags/example_trigger_target_dag.py
[2026-08-06T21:41:04.337+0000] {processor.py:830} INFO - Processing file /home/airflow/.local/lib/python3.8/site-packages/airflow/example_dags/example_trigger_target_dag.py for tasks to queue
[2026-08-06T21:41:04.339+0000] {logging_mixin.py:188} INFO - [2026-08-06T21:41:04.339+0000] {dagbag.py:538} INFO - Filling up the DagBag from /home/airflow/.local/lib/python3.8/site-packages/airflow/example_dags/example_trigger_target_dag.py
[2026-08-06T21:41:04.345+0000] {processor.py:840} INFO - DAG(s) 'example_trigger_target_dag' retrieved from /home/airflow/.local/lib/python3.8/site-packages/airflow/example_dags/example_trigger_target_dag.py
[2026-08-06T21:41:04.367+0000] {logging_mixin.py:188} INFO - [2026-08-06T21:41:04.367+0000] {dag.py:3036} INFO - Sync 1 DAGs
[2026-08-06T21:41:04.378+0000] {logging_mixin.py:188} INFO - [2026-08-06T21:41:04.378+0000] {dag.py:3823} INFO - Setting next_dagrun for example_trigger_target_dag to None, run_after=None
[2026-08-06T21:41:04.398+0000] {processor.py:183} INFO - Processing /home/airflow/.local/lib/python3.8/site-packages/airflow/example_dags/example_trigger_target_dag.py took 0.066 seconds
[2026-08-06T21:41:35.158+0000] {processor.py:161} INFO - Started process (PID=4358) to work on /home/airflow/.local/lib/python3.8/site-packages/airflow/example_dags/example_trigger_target_dag.py
[2026-08-06T21:41:35.159+0000] {processor.py:830} INFO - Processing file /home/airflow/.local/lib/python3.8/site-packages/airflow/example_dags/example_trigger_target_dag.py for tasks to queue
[2026-08-06T21:41:35.162+0000] {logging_mixin.py:188} INFO - [2026-08-06T21:41:35.161+0000] {dagbag.py:538} INFO - Filling up the DagBag from /home/airflow/.local/lib/python3.8/site-packages/airflow/example_dags/example_trigger_target_dag.py
[2026-08-06T21:41:35.168+0000] {processor.py:840} INFO - DAG(s) 'example_trigger_target_dag' retrieved from /home/airflow/.local/lib/python3.8/site-packages/airflow/example_dags/example_trigger_target_dag.py
[2026-08-06T21:41:35.189+0000] {logging_mixin.py:188} INFO - [2026-08-06T21:41:35.189+0000] {dag.py:3036} INFO - Sync 1 DAGs
[2026-08-06T21:41:35.201+0000] {logging_mixin.py:188} INFO - [2026-08-06T21:41:35.201+0000] {dag.py:3823} INFO - Setting next_dagrun for example_trigger_target_dag to None, run_after=None
[2026-08-06T21:41:35.219+0000] {processor.py:183} INFO - Processing /home/airflow/.local/lib/python3.8/site-packages/airflow/example_dags/example_trigger_target_dag.py took 0.065 seconds
[2026-08-06T21:42:05.729+0000] {processor.py:161} INFO - Started process (PID=4423) to work on /home/airflow/.local/lib/python3.8/site-packages/airflow/example_dags/example_trigger_target_dag.py
[2026-08-06T21:42:05.731+0000] {processor.py:830} INFO - Processing file /home/airflow/.local/lib/python3.8/site-packages/airflow/example_dags/example_trigger_target_dag.py for tasks to queue
[2026-08-06T21:42:05.733+0000] {logging_mixin.py:188} INFO - [2026-08-06T21:42:05.732+0000] {dagbag.py:538} INFO - Filling up the DagBag from /home/airflow/.local/lib/python3.8/site-packages/airflow/example_dags/example_trigger_target_dag.py
[2026-08-06T21:42:05.739+0000] {processor.py:840} INFO - DAG(s) 'example_trigger_target_dag' retrieved from /home/airflow/.local/lib/python3.8/site-packages/airflow/example_dags/example_trigger_target_dag.py
[2026-08-06T21:42:05.762+0000] {logging_mixin.py:188} INFO - [2026-08-06T21:42:05.762+0000] {dag.py:3036} INFO - Sync 1 DAGs
[2026-08-06T21:42:05.775+0000] {logging_mixin.py:188} INFO - [2026-08-06T21:42:05.775+0000] {dag.py:3823} INFO - Setting next_dagrun for example_trigger_target_dag to None, run_after=None
[2026-08-06T21:42:05.794+0000] {processor.py:183} INFO - Processing /home/airflow/.local/lib/python3.8/site-packages/airflow/example_dags/example_trigger_target_dag.py took 0.069 seconds
[2026-08-06T21:42:37.046+0000] {processor.py:161} INFO - Started process (PID=4489) to work on /home/airflow/.local/lib/python3.8/site-packages/airflow/example_dags/example_trigger_target_dag.py
[2026-08-06T21:42:37.049+0000] {processor.py:830} INFO - Processing file /home/airflow/.local/lib/python3.8/site-packages/airflow/example_dags/example_trigger_target_dag.py for tasks to queue
[2026-08-06T21:42:37.053+0000] {logging_mixin.py:188} INFO - [2026-08-06T21:42:37.052+0000] {dagbag.py:538} INFO - Filling up the DagBag from /home/airflow/.local/lib/python3.8/site-packages/airflow/example_dags/example_trigger_target_dag.py
[2026-08-06T21:42:37.068+0000] {processor.py:840} INFO - DAG(s) 'example_trigger_target_dag' retrieved from /home/airflow/.local/lib/python3.8/site-packages/airflow/example_dags/example_trigger_target_dag.py
[2026-08-06T21:42:37.104+0000] {logging_mixin.py:188} INFO - [2026-08-06T21:42:37.103+0000] {dag.py:3036} INFO - Sync 1 DAGs
[2026-08-06T21:42:37.125+0000] {logging_mixin.py:188} INFO - [2026-08-06T21:42:37.124+0000] {dag.py:3823} INFO - Setting next_dagrun for example_trigger_target_dag to None, run_after=None
[2026-08-06T21:42:37.157+0000] {processor.py:183} INFO - Processing /home/airflow/.local/lib/python3.8/site-packages/airflow/example_dags/example_trigger_target_dag.py took 0.118 seconds
[2026-08-06T21:43:07.468+0000] {processor.py:161} INFO - Started process (PID=4554) to work on /home/airflow/.local/lib/python3.8/site-packages/airflow/example_dags/example_trigger_target_dag.py
[2026-08-06T21:43:07.469+0000] {processor.py:830} INFO - Processing file /home/airflow/.local/lib/python3.8/site-packages/airflow/example_dags/example_trigger_target_dag.py for tasks to queue
[2026-08-06T21:43:07.471+0000] {logging_mixin.py:188} INFO - [2026-08-06T21:43:07.471+0000] {dagbag.py:538} INFO - Filling up the DagBag from /home/airflow/.local/lib/python3.8/site-packages/airflow/example_dags/example_trigger_target_dag.py
[2026-08-06T21:43:07.477+0000] {processor.py:840} INFO - DAG(s) 'example_trigger_target_dag' retrieved from /home/airflow/.local/lib/python3.8/site-packages/airflow/example_dags/example_trigger_target_dag.py
[2026-08-06T21:43:07.498+0000] {logging_mixin.py:188} INFO - [2026-08-06T21:43:07.498+0000] {dag.py:3036} INFO - Sync 1 DAGs
[2026-08-06T21:43:07.509+0000] {logging_mixin.py:188} INFO - [2026-08-06T21:43:07.509+0000] {dag.py:3823} INFO - Setting next_dagrun for example_trigger_target_dag to None, run_after=None
[2026-08-06T21:43:07.530+0000] {processor.py:183} INFO - Processing /home/airflow/.local/lib/python3.8/site-packages/airflow/example_dags/example_trigger_target_dag.py took 0.066 seconds
[2026-08-06T21:43:37.994+0000] {processor.py:161} INFO - Started process (PID=4619) to work on /home/airflow/.local/lib/python3.8/site-packages/airflow/example_dags/example_trigger_target_dag.py
[2026-08-06T21:43:37.996+0000] {processor.py:830} INFO - Processing file /home/airflow/.local/lib/python3.8/site-packages/airflow/example_dags/example_trigger_target_dag.py for tasks to queue
[2026-08-06T21:43:37.999+0000] {logging_mixin.py:188} INFO - [2026-08-06T21:43:37.998+0000] {dagbag.py:538} INFO - Filling up the DagBag from /home/airflow/.local/lib/python3.8/site-packages/airflow/example_dags/example_trigger_target_dag.py
[2026-08-06T21:43:38.007+0000] {processor.py:840} INFO - DAG(s) 'example_trigger_target_dag' retrieved from /home/airflow/.local/lib/python3.8/site-packages/airflow/example_dags/example_trigger_target_dag.py
[2026-08-06T21:43:38.029+0000] {logging_mixin.py:188} INFO - [2026-08-06T21:43:38.028+0000] {dag.py:3036} INFO - Sync 1 DAGs
[2026-08-06T21:43:38.041+0000] {logging_mixin.py:188} INFO - [2026-08-06T21:43:38.041+0000] {dag.py:3823} INFO - Setting next_dagrun for example_trigger_target_dag to None, run_after=None
[2026-08-06T21:43:38.063+0000] {processor.py:183} INFO - Processing /home/airflow/.local/lib/python3.8/site-packages/airflow/example_dags/example_trigger_target_dag.py took 0.073 seconds
[2026-08-06T21:44:09.262+0000] {processor.py:161} INFO - Started process (PID=4684) to work on /home/airflow/.local/lib/python3.8/site-packages/airflow/example_dags/example_trigger_target_dag.py
[2026-08-06T21:44:09.263+0000] {processor.py:830} INFO - Processing file /home/airflow/.local/lib/python3.8/site-packages/airflow/example_dags/example_trigger_target_dag.py for tasks to queue
[2026-08-06T21:44:09.265+0000] {logging_mixin.py:188} INFO - [2026-08-06T21:44:09.265+0000] {dagbag.py:538} INFO - Filling up the DagBag from /home/airflow/.local/lib/python3.8/site-packages/airflow/example_dags/example_trigger_target_dag.py
[2026-08-06T21:44:09.272+0000] {processor.py:840} INFO - DAG(s) 'example_trigger_target_dag' retrieved from /home/airflow/.local/lib/python3.8/site-packages/airflow/example_dags/example_trigger_target_dag.py
[2026-08-06T21:44:09.295+0000] {logging_mixin.py:188} INFO - [2026-08-06T21:44:09.295+0000] {dag.py:3036} INFO - Sync 1 DAGs
[2026-08-06T21:44:09.308+0000] {logging_mixin.py:188} INFO - [2026-08-06T21:44:09.308+0000] {dag.py:3823} INFO - Setting next_dagrun for example_trigger_target_dag to None, run_after=None
[2026-08-06T21:44:09.330+0000] {processor.py:183} INFO - Processing /home/airflow/.local/lib/python3.8/site-packages/airflow/example_dags/example_trigger_target_dag.py took 0.073 seconds
