[2026-08-06T21:05:40.069+0000] {processor.py:161} INFO - Started process (PID=69) to work on /home/airflow/.local/lib/python3.8/site-packages/airflow/example_dags/example_setup_teardown.py
[2026-08-06T21:05:40.071+0000] {processor.py:830} INFO - Processing file /home/airflow/.local/lib/python3.8/site-packages/airflow/example_dags/example_setup_teardown.py for tasks to queue
[2026-08-06T21:05:40.075+0000] {logging_mixin.py:188} INFO - [2026-08-06T21:05:40.074+0000] {dagbag.py:538} INFO - Filling up the DagBag from /home/airflow/.local/lib/python3.8/site-packages/airflow/example_dags/example_setup_teardown.py
[2026-08-06T21:05:40.094+0000] {processor.py:840} INFO - DAG(s) 'example_setup_teardown' retrieved from /home/airflow/.local/lib/python3.8/site-packages/airflow/example_dags/example_setup_teardown.py
[2026-08-06T21:05:40.465+0000] {logging_mixin.py:188} INFO - [2026-08-06T21:05:40.464+0000] {dag.py:3036} INFO - Sync 1 DAGs
[2026-08-06T21:05:40.543+0000] {logging_mixin.py:188} INFO - [2026-08-06T21:05:40.542+0000] {dag.py:3823} INFO - Setting next_dagrun for example_setup_teardown to 2026-08-05 00:00:00+00:00, run_after=2026-08-06 00:00:00+00:00
[2026-08-06T21:05:40.604+0000] {processor.py:183} INFO - Processing /home/airflow/.local/lib/python3.8/site-packages/airflow/example_dags/example_setup_teardown.py took 0.542 seconds
[2026-08-06T21:05:54.667+0000] {processor.py:161} INFO - Started process (PID=57) to work on /home/airflow/.local/lib/python3.8/site-packages/airflow/example_dags/example_setup_teardown.py
[2026-08-06T21:05:54.668+0000] {processor.py:830} INFO - Processing file /home/airflow/.local/lib/python3.8/site-packages/airflow/example_dags/example_setup_teardown.py for tasks to queue
[2026-08-06T21:05:54.671+0000] {logging_mixin.py:188} INFO - [2026-08-06T21:05:54.671+0000] {dagbag.py:538} INFO - Filling up the DagBag from /home/airflow/.local/lib/python3.8/site-packages/airflow/example_dags/example_setup_teardown.py
[2026-08-06T21:05:54.681+0000] {processor.py:840} INFO - DAG(s) 'example_setup_teardown' retrieved from /home/airflow/.local/lib/python3.8/site-packages/airflow/example_dags/example_setup_teardown.py
[2026-08-06T21:05:54.694+0000] {logging_mixin.py:188} INFO - [2026-08-06T21:05:54.694+0000] {dag.py:3036} INFO - Sync 1 DAGs
[2026-08-06T21:05:54.716+0000] {logging_mixin.py:188} INFO - [2026-08-06T21:05:54.716+0000] {dag.py:3823} INFO - Setting next_dagrun for example_setup_teardown to 2026-08-05 00:00:00+00:00, run_after=2026-08-06 00:00:00+00:00
[2026-08-06T21:05:54.776+0000] {processor.py:183} INFO - Processing /home/airflow/.local/lib/python3.8/site-packages/airflow/example_dags/example_setup_teardown.py took 0.112 seconds
[2026-08-06T21:06:24.926+0000] {processor.py:161} INFO - Started process (PID=112) to work on /home/airflow/.local/lib/python3.8/site-packages/airflow/example_dags/example_setup_teardown.py
[2026-08-06T21:06:24.927+0000] {processor.py:830} INFO - Processing file /home/airflow/.local/lib/python3.8/site-packages/airflow/example_dags/example_setup_teardown.py for tasks to queue
[2026-08-06T21:06:24.929+0000] {logging_mixin.py:188} INFO - [2026-08-06T21:06:24.929+0000] {dagbag.py:538} INFO - Filling up the DagBag from /home/airflow/.local/lib/python3.8/site-packages/airflow/example_dags/example_setup_teardown.py
[2026-08-06T21:06:24.938+0000] {processor.py:840} INFO - DAG(s) 'example_setup_teardown' retrieved from /home/airflow/.local/lib/python3.8/site-packages/airflow/example_dags/example_setup_teardown.py
[2026-08-06T21:06:24.951+0000] {logging_mixin.py:188} INFO - [2026-08-06T21:06:24.951+0000] {dag.py:3036} INFO - Sync 1 DAGs
[2026-08-06T21:06:24.972+0000] {logging_mixin.py:188} INFO - [2026-08-06T21:06:24.972+0000] {dag.py:3823} INFO - Setting next_dagrun for example_setup_teardown to 2026-08-05 00:00:00+00:00, run_after=2026-08-06 00:00:00+00:00
[2026-08-06T21:06:25.033+0000] {processor.py:183} INFO - Processing /home/airflow/.local/lib/python3.8/site-packages/airflow/example_dags/example_setup_teardown.py took 0.111 seconds
[2026-08-06T21:06:57.151+0000] {processor.py:161} INFO - Started process (PID=167) to work on /home/airflow/.local/lib/python3.8/site-packages/airflow/example_dags/example_setup_teardown.py
[2026-08-06T21:06:57.153+0000] {processor.py:830} INFO - Processing file /home/airflow/.local/lib/python3.8/site-packages/airflow/example_dags/example_setup_teardown.py for tasks to queue
[2026-08-06T21:06:57.157+0000] {logging_mixin.py:188} INFO - [2026-08-06T21:06:57.156+0000] {dagbag.py:538} INFO - Filling up the DagBag from /home/airflow/.local/lib/python3.8/site-packages/airflow/example_dags/example_setup_teardown.py
[2026-08-06T21:06:57.171+0000] {processor.py:840} INFO - DAG(s) 'example_setup_teardown' retrieved from /home/airflow/.local/lib/python3.8/site-packages/airflow/example_dags/example_setup_teardown.py
[2026-08-06T21:06:57.280+0000] {logging_mixin.py:188} INFO - [2026-08-06T21:06:57.280+0000] {dag.py:3036} INFO - Sync 1 DAGs
[2026-08-06T21:06:57.306+0000] {logging_mixin.py:188} INFO - [2026-08-06T21:06:57.305+0000] {dag.py:3823} INFO - Setting next_dagrun for example_setup_teardown to 2026-08-05 00:00:00+00:00, run_after=2026-08-06 00:00:00+00:00
[2026-08-06T21:06:57.472+0000] {processor.py:183} INFO - Processing /home/airflow/.local/lib/python3.8/site-packages/airflow/example_dags/example_setup_teardown.py took 0.327 seconds
[2026-08-06T21:07:28.061+0000] {processor.py:161} INFO - Started process (PID=222) to work on /home/airflow/.local/lib/python3.8/site-packages/airflow/example_dags/example_setup_teardown.py
[2026-08-06T21:07:28.063+0000] {processor.py:830} INFO - Processing file /home/airflow/.local/lib/python3.8/site-packages/airflow/example_dags/example_setup_teardown.py for tasks to queue
[2026-08-06T21:07:28.065+0000] {logging_mixin.py:188} INFO - [2026-08-06T21:07:28.065+0000] {dagbag.py:538} INFO - Filling up the DagBag from /home/airflow/.local/lib/python3.8/site-packages/airflow/example_dags/example_setup_teardown.py
[2026-08-06T21:07:28.075+0000] {processor.py:840} INFO - DAG(s) 'example_setup_teardown' retrieved from /home/airflow/.local/lib/python3.8/site-packages/airflow/example_dags/example_setup_teardown.py
[2026-08-06T21:07:28.100+0000] {logging_mixin.py:188} INFO - [2026-08-06T21:07:28.100+0000] {dag.py:3036} INFO - Sync 1 DAGs
[2026-08-06T21:07:28.127+0000] {logging_mixin.py:188} INFO - [2026-08-06T21:07:28.126+0000] {dag.py:3823} INFO - Setting next_dagrun for example_setup_teardown to 2026-08-05 00:00:00+00:00, run_after=2026-08-06 00:00:00+00:00
[2026-08-06T21:07:28.181+0000] {processor.py:183} INFO - Processing /home/airflow/.local/lib/python3.8/site-packages/airflow/example_dags/example_setup_teardown.py took 0.124 seconds
[2026-08-06T21:07:59.001+0000] {processor.py:161} INFO - Started process (PID=277) to work on /home/airflow/.local/lib/python3.8/site-packages/airflow/example_dags/example_setup_teardown.py
[2026-08-06T21:07:59.002+0000] {processor.py:830} INFO - Processing file /home/airflow/.local/lib/python3.8/site-packages/airflow/example_dags/example_setup_teardown.py for tasks to queue
[2026-08-06T21:07:59.005+0000] {logging_mixin.py:188} INFO - [2026-08-06T21:07:59.004+0000] {dagbag.py:538} INFO - Filling up the DagBag from /home/airflow/.local/lib/python3.8/site-packages/airflow/example_dags/example_setup_teardown.py
[2026-08-06T21:07:59.014+0000] {processor.py:840} INFO - DAG(s) 'example_setup_teardown' retrieved from /home/airflow/.local/lib/python3.8/site-packages/airflow/example_dags/example_setup_teardown.py
[2026-08-06T21:07:59.041+0000] {logging_mixin.py:188} INFO - [2026-08-06T21:07:59.041+0000] {dag.py:3036} INFO - Sync 1 DAGs
[2026-08-06T21:07:59.079+0000] {logging_mixin.py:188} INFO - [2026-08-06T21:07:59.078+0000] {dag.py:3823} INFO - Setting next_dagrun for example_setup_teardown to 2026-08-05 00:00:00+00:00, run_after=2026-08-06 00:00:00+00:00
[2026-08-06T21:07:59.173+0000] {processor.py:183} INFO - Processing /home/airflow/.local/lib/python3.8/site-packages/airflow/example_dags/example_setup_teardown.py took 0.177 seconds
[2026-08-06T21:08:29.876+0000] {processor.py:161} INFO - Started process (PID=338) to work on /home/airflow/.local/lib/python3.8/site-packages/airflow/example_dags/example_setup_teardown.py
[2026-08-06T21:08:29.878+0000] {processor.py:830} INFO - Processing file /home/airflow/.local/lib/python3.8/site-packages/airflow/example_dags/example_setup_teardown.py for tasks to queue
[2026-08-06T21:08:29.880+0000] {logging_mixin.py:188} INFO - [2026-08-06T21:08:29.879+0000] {dagbag.py:538} INFO - Filling up the DagBag from /home/airflow/.local/lib/python3.8/site-packages/airflow/example_dags/example_setup_teardown.py
[2026-08-06T21:08:29.889+0000] {processor.py:840} INFO - DAG(s) 'example_setup_teardown' retrieved from /home/airflow/.local/lib/python3.8/site-packages/airflow/example_dags/example_setup_teardown.py
[2026-08-06T21:08:29.914+0000] {logging_mixin.py:188} INFO - [2026-08-06T21:08:29.914+0000] {dag.py:3036} INFO - Sync 1 DAGs
[2026-08-06T21:08:29.938+0000] {logging_mixin.py:188} INFO - [2026-08-06T21:08:29.937+0000] {dag.py:3823} INFO - Setting next_dagrun for example_setup_teardown to 2026-08-05 00:00:00+00:00, run_after=2026-08-06 00:00:00+00:00
[2026-08-06T21:08:30.253+0000] {processor.py:183} INFO - Processing /home/airflow/.local/lib/python3.8/site-packages/airflow/example_dags/example_setup_teardown.py took 0.381 seconds
[2026-08-06T21:09:01.117+0000] {processor.py:161} INFO - Started process (PID=393) to work on /home/airflow/.local/lib/python3.8/site-packages/airflow/example_dags/example_setup_teardown.py
[2026-08-06T21:09:01.118+0000] {processor.py:830} INFO - Processing file /home/airflow/.local/lib/python3.8/site-packages/airflow/example_dags/example_setup_teardown.py for tasks to queue
[2026-08-06T21:09:01.120+0000] {logging_mixin.py:188} INFO - [2026-08-06T21:09:01.120+0000] {dagbag.py:538} INFO - Filling up the DagBag from /home/airflow/.local/lib/python3.8/site-packages/airflow/example_dags/example_setup_teardown.py
[2026-08-06T21:09:01.129+0000] {processor.py:840} INFO - DAG(s) 'example_setup_teardown' retrieved from /home/airflow/.local/lib/python3.8/site-packages/airflow/example_dags/example_setup_teardown.py
[2026-08-06T21:09:01.154+0000] {logging_mixin.py:188} INFO - [2026-08-06T21:09:01.154+0000] {dag.py:3036} INFO - Sync 1 DAGs
[2026-08-06T21:09:01.179+0000] {logging_mixin.py:188} INFO - [2026-08-06T21:09:01.179+0000] {dag.py:3823} INFO - Setting next_dagrun for example_setup_teardown to 2026-08-05 00:00:00+00:00, run_after=2026-08-06 00:00:00+00:00
[2026-08-06T21:09:01.238+0000] {processor.py:183} INFO - Processing /home/airflow/.local/lib/python3.8/site-packages/airflow/example_dags/example_setup_teardown.py took 0.125 seconds
[2026-08-06T21:09:31.944+0000] {processor.py:161} INFO - Started process (PID=448) to work on /home/airflow/.local/lib/python3.8/site-packages/airflow/example_dags/example_setup_teardown.py
[2026-08-06T21:09:31.946+0000] {processor.py:830} INFO - Processing file /home/airflow/.local/lib/python3.8/site-packages/airflow/example_dags/example_setup_teardown.py for tasks to queue
[2026-08-06T21:09:31.950+0000] {logging_mixin.py:188} INFO - [2026-08-06T21:09:31.949+0000] {dagbag.py:538} INFO - Filling up the DagBag from /home/airflow/.local/lib/python3.8/site-packages/airflow/example_dags/example_setup_teardown.py
[2026-08-06T21:09:31.961+0000] {processor.py:840} INFO - DAG(s) 'example_setup_teardown' retrieved from /home/airflow/.local/lib/python3.8/site-packages/airflow/example_dags/example_setup_teardown.py
[2026-08-06T21:09:31.991+0000] {logging_mixin.py:188} INFO - [2026-08-06T21:09:31.991+0000] {dag.py:3036} INFO - Sync 1 DAGs
[2026-08-06T21:09:32.026+0000] {logging_mixin.py:188} INFO - [2026-08-06T21:09:32.026+0000] {dag.py:3823} INFO - Setting next_dagrun for example_setup_teardown to 2026-08-05 00:00:00+00:00, run_after=2026-08-06 00:00:00+00:00
[2026-08-06T21:09:32.091+0000] {processor.py:183} INFO - Processing /home/airflow/.local/lib/python3.8/site-packages/airflow/example_dags/example_setup_teardown.py took 0.151 seconds
[2026-08-06T21:10:02.893+0000] {processor.py:161} INFO - Started process (PID=503) to work on /home/airflow/.local/lib/python3.8/site-packages/airflow/example_dags/example_setup_teardown.py
[2026-08-06T21:10:02.895+0000] {processor.py:830} INFO - Processing file /home/airflow/.local/lib/python3.8/site-packages/airflow/example_dags/example_setup_teardown.py for tasks to queue
[2026-08-06T21:10:02.897+0000] {logging_mixin.py:188} INFO - [2026-08-06T21:10:02.896+0000] {dagbag.py:538} INFO - Filling up the DagBag from /home/airflow/.local/lib/python3.8/site-packages/airflow/example_dags/example_setup_teardown.py
[2026-08-06T21:10:02.905+0000] {processor.py:840} INFO - DAG(s) 'example_setup_teardown' retrieved from /home/airflow/.local/lib/python3.8/site-packages/airflow/example_dags/example_setup_teardown.py
[2026-08-06T21:10:02.930+0000] {logging_mixin.py:188} INFO - [2026-08-06T21:10:02.930+0000] {dag.py:3036} INFO - Sync 1 DAGs
[2026-08-06T21:10:02.954+0000] {logging_mixin.py:188} INFO - [2026-08-06T21:10:02.954+0000] {dag.py:3823} INFO - Setting next_dagrun for example_setup_teardown to 2026-08-05 00:00:00+00:00, run_after=2026-08-06 00:00:00+00:00
[2026-08-06T21:10:03.010+0000] {processor.py:183} INFO - Processing /home/airflow/.local/lib/python3.8/site-packages/airflow/example_dags/example_setup_teardown.py took 0.121 seconds
[2026-08-06T21:10:33.151+0000] {processor.py:161} INFO - Started process (PID=558) to work on /home/airflow/.local/lib/python3.8/site-packages/airflow/example_dags/example_setup_teardown.py
[2026-08-06T21:10:33.153+0000] {processor.py:830} INFO - Processing file /home/airflow/.local/lib/python3.8/site-packages/airflow/example_dags/example_setup_teardown.py for tasks to queue
[2026-08-06T21:10:33.156+0000] {logging_mixin.py:188} INFO - [2026-08-06T21:10:33.156+0000] {dagbag.py:538} INFO - Filling up the DagBag from /home/airflow/.local/lib/python3.8/site-packages/airflow/example_dags/example_setup_teardown.py
[2026-08-06T21:10:33.166+0000] {processor.py:840} INFO - DAG(s) 'example_setup_teardown' retrieved from /home/airflow/.local/lib/python3.8/site-packages/airflow/example_dags/example_setup_teardown.py
[2026-08-06T21:10:33.194+0000] {logging_mixin.py:188} INFO - [2026-08-06T21:10:33.192+0000] {dag.py:3036} INFO - Sync 1 DAGs
[2026-08-06T21:10:33.218+0000] {logging_mixin.py:188} INFO - [2026-08-06T21:10:33.217+0000] {dag.py:3823} INFO - Setting next_dagrun for example_setup_teardown to 2026-08-05 00:00:00+00:00, run_after=2026-08-06 00:00:00+00:00
[2026-08-06T21:10:33.284+0000] {processor.py:183} INFO - Processing /home/airflow/.local/lib/python3.8/site-packages/airflow/example_dags/example_setup_teardown.py took 0.138 seconds
[2026-08-06T21:11:03.733+0000] {processor.py:161} INFO - Started process (PID=613) to work on /home/airflow/.local/lib/python3.8/site-packages/airflow/example_dags/example_setup_teardown.py
[2026-08-06T21:11:03.734+0000] {processor.py:830} INFO - Processing file /home/airflow/.local/lib/python3.8/site-packages/airflow/example_dags/example_setup_teardown.py for tasks to queue
[2026-08-06T21:11:03.736+0000] {logging_mixin.py:188} INFO - [2026-08-06T21:11:03.736+0000] {dagbag.py:538} INFO - Filling up the DagBag from /home/airflow/.local/lib/python3.8/site-packages/airflow/example_dags/example_setup_teardown.py
[2026-08-06T21:11:03.743+0000] {processor.py:840} INFO - DAG(s) 'example_setup_teardown' retrieved from /home/airflow/.local/lib/python3.8/site-packages/airflow/example_dags/example_setup_teardown.py
[2026-08-06T21:11:03.765+0000] {logging_mixin.py:188} INFO - [2026-08-06T21:11:03.765+0000] {dag.py:3036} INFO - Sync 1 DAGs
[2026-08-06T21:11:03.786+0000] {logging_mixin.py:188} INFO - [2026-08-06T21:11:03.786+0000] {dag.py:3823} INFO - Setting next_dagrun for example_setup_teardown to 2026-08-05 00:00:00+00:00, run_after=2026-08-06 00:00:00+00:00
[2026-08-06T21:11:03.840+0000] {processor.py:183} INFO - Processing /home/airflow/.local/lib/python3.8/site-packages/airflow/example_dags/example_setup_teardown.py took 0.111 seconds
[2026-08-06T21:11:34.009+0000] {processor.py:161} INFO - Started process (PID=668) to work on /home/airflow/.local/lib/python3.8/site-packages/airflow/example_dags/example_setup_teardown.py
[2026-08-06T21:11:34.012+0000] {processor.py:830} INFO - Processing file /home/airflow/.local/lib/python3.8/site-packages/airflow/example_dags/example_setup_teardown.py for tasks to queue
[2026-08-06T21:11:34.015+0000] {logging_mixin.py:188} INFO - [2026-08-06T21:11:34.014+0000] {dagbag.py:538} INFO - Filling up the DagBag from /home/airflow/.local/lib/python3.8/site-packages/airflow/example_dags/example_setup_teardown.py
[2026-08-06T21:11:34.026+0000] {processor.py:840} INFO - DAG(s) 'example_setup_teardown' retrieved from /home/airflow/.local/lib/python3.8/site-packages/airflow/example_dags/example_setup_teardown.py
[2026-08-06T21:11:34.054+0000] {logging_mixin.py:188} INFO - [2026-08-06T21:11:34.054+0000] {dag.py:3036} INFO - Sync 1 DAGs
[2026-08-06T21:11:34.077+0000] {logging_mixin.py:188} INFO - [2026-08-06T21:11:34.077+0000] {dag.py:3823} INFO - Setting next_dagrun for example_setup_teardown to 2026-08-05 00:00:00+00:00, run_after=2026-08-06 00:00:00+00:00
[2026-08-06T21:11:34.189+0000] {processor.py:183} INFO - Processing /home/airflow/.local/lib/python3.8/site-packages/airflow/example_dags/example_setup_teardown.py took 0.186 seconds
[2026-08-06T21:12:04.361+0000] {processor.py:161} INFO - Started process (PID=723) to work on /home/airflow/.local/lib/python3.8/site-packages/airflow/example_dags/example_setup_teardown.py
[2026-08-06T21:12:04.363+0000] {processor.py:830} INFO - Processing file /home/airflow/.local/lib/python3.8/site-packages/airflow/example_dags/example_setup_teardown.py for tasks to queue
[2026-08-06T21:12:04.365+0000] {logging_mixin.py:188} INFO - [2026-08-06T21:12:04.364+0000] {dagbag.py:538} INFO - Filling up the DagBag from /home/airflow/.local/lib/python3.8/site-packages/airflow/example_dags/example_setup_teardown.py
[2026-08-06T21:12:04.378+0000] {processor.py:840} INFO - DAG(s) 'example_setup_teardown' retrieved from /home/airflow/.local/lib/python3.8/site-packages/airflow/example_dags/example_setup_teardown.py
[2026-08-06T21:12:04.401+0000] {logging_mixin.py:188} INFO - [2026-08-06T21:12:04.401+0000] {dag.py:3036} INFO - Sync 1 DAGs
[2026-08-06T21:12:04.423+0000] {logging_mixin.py:188} INFO - [2026-08-06T21:12:04.423+0000] {dag.py:3823} INFO - Setting next_dagrun for example_setup_teardown to 2026-08-05 00:00:00+00:00, run_after=2026-08-06 00:00:00+00:00
[2026-08-06T21:12:04.484+0000] {processor.py:183} INFO - Processing /home/airflow/.local/lib/python3.8/site-packages/airflow/example_dags/example_setup_teardown.py took 0.127 seconds
[2026-08-06T21:12:34.699+0000] {processor.py:161} INFO - Started process (PID=778) to work on /home/airflow/.local/lib/python3.8/site-packages/airflow/example_dags/example_setup_teardown.py
[2026-08-06T21:12:34.700+0000] {processor.py:830} INFO - Processing file /home/airflow/.local/lib/python3.8/site-packages/airflow/example_dags/example_setup_teardown.py for tasks to queue
[2026-08-06T21:12:34.703+0000] {logging_mixin.py:188} INFO - [2026-08-06T21:12:34.703+0000] {dagbag.py:538} INFO - Filling up the DagBag from /home/airflow/.local/lib/python3.8/site-packages/airflow/example_dags/example_setup_teardown.py
[2026-08-06T21:12:34.712+0000] {processor.py:840} INFO - DAG(s) 'example_setup_teardown' retrieved from /home/airflow/.local/lib/python3.8/site-packages/airflow/example_dags/example_setup_teardown.py
[2026-08-06T21:12:34.735+0000] {logging_mixin.py:188} INFO - [2026-08-06T21:12:34.734+0000] {dag.py:3036} INFO - Sync 1 DAGs
[2026-08-06T21:12:34.757+0000] {logging_mixin.py:188} INFO - [2026-08-06T21:12:34.757+0000] {dag.py:3823} INFO - Setting next_dagrun for example_setup_teardown to 2026-08-05 00:00:00+00:00, run_after=2026-08-06 00:00:00+00:00
[2026-08-06T21:12:34.815+0000] {processor.py:183} INFO - Processing /home/airflow/.local/lib/python3.8/site-packages/airflow/example_dags/example_setup_teardown.py took 0.119 seconds
[2026-08-06T21:13:05.057+0000] {processor.py:161} INFO - Started process (PID=833) to work on /home/airflow/.local/lib/python3.8/site-packages/airflow/example_dags/example_setup_teardown.py
[2026-08-06T21:13:05.059+0000] {processor.py:830} INFO - Processing file /home/airflow/.local/lib/python3.8/site-packages/airflow/example_dags/example_setup_teardown.py for tasks to queue
[2026-08-06T21:13:05.062+0000] {logging_mixin.py:188} INFO - [2026-08-06T21:13:05.061+0000] {dagbag.py:538} INFO - Filling up the DagBag from /home/airflow/.local/lib/python3.8/site-packages/airflow/example_dags/example_setup_teardown.py
[2026-08-06T21:13:05.069+0000] {processor.py:840} INFO - DAG(s) 'example_setup_teardown' retrieved from /home/airflow/.local/lib/python3.8/site-packages/airflow/example_dags/example_setup_teardown.py
[2026-08-06T21:13:05.091+0000] {logging_mixin.py:188} INFO - [2026-08-06T21:13:05.091+0000] {dag.py:3036} INFO - Sync 1 DAGs
[2026-08-06T21:13:05.113+0000] {logging_mixin.py:188} INFO - [2026-08-06T21:13:05.112+0000] {dag.py:3823} INFO - Setting next_dagrun for example_setup_teardown to 2026-08-05 00:00:00+00:00, run_after=2026-08-06 00:00:00+00:00
[2026-08-06T21:13:05.133+0000] {processor.py:183} INFO - Processing /home/airflow/.local/lib/python3.8/site-packages/airflow/example_dags/example_setup_teardown.py took 0.080 seconds
[2026-08-06T21:13:35.638+0000] {processor.py:161} INFO - Started process (PID=888) to work on /home/airflow/.local/lib/python3.8/site-packages/airflow/example_dags/example_setup_teardown.py
[2026-08-06T21:13:35.639+0000] {processor.py:830} INFO - Processing file /home/airflow/.local/lib/python3.8/site-packages/airflow/example_dags/example_setup_teardown.py for tasks to queue
[2026-08-06T21:13:35.641+0000] {logging_mixin.py:188} INFO - [2026-08-06T21:13:35.641+0000] {dagbag.py:538} INFO - Filling up the DagBag from /home/airflow/.local/lib/python3.8/site-packages/airflow/example_dags/example_setup_teardown.py
[2026-08-06T21:13:35.649+0000] {processor.py:840} INFO - DAG(s) 'example_setup_teardown' retrieved from /home/airflow/.local/lib/python3.8/site-packages/airflow/example_dags/example_setup_teardown.py
[2026-08-06T21:13:35.670+0000] {logging_mixin.py:188} INFO - [2026-08-06T21:13:35.670+0000] {dag.py:3036} INFO - Sync 1 DAGs
[2026-08-06T21:13:35.691+0000] {logging_mixin.py:188} INFO - [2026-08-06T21:13:35.690+0000] {dag.py:3823} INFO - Setting next_dagrun for example_setup_teardown to 2026-08-05 00:00:00+00:00, run_after=2026-08-06 00:00:00+00:00
[2026-08-06T21:13:35.710+0000] {processor.py:183} INFO - Processing /home/airflow/.local/lib/python3.8/site-packages/airflow/example_dags/example_setup_teardown.py took 0.075 seconds
[2026-08-06T21:14:06.056+0000] {processor.py:161} INFO - Started process (PID=943) to work on /home/airflow/.local/lib/python3.8/site-packages/airflow/example_dags/example_setup_teardown.py
[2026-08-06T21:14:06.057+0000] {processor.py:830} INFO - Processing file /home/airflow/.local/lib/python3.8/site-packages/airflow/example_dags/example_setup_teardown.py for tasks to queue
[2026-08-06T21:14:06.059+0000] {logging_mixin.py:188} INFO - [2026-08-06T21:14:06.059+0000] {dagbag.py:538} INFO - Filling up the DagBag from /home/airflow/.local/lib/python3.8/site-packages/airflow/example_dags/example_setup_teardown.py
[2026-08-06T21:14:06.066+0000] {processor.py:840} INFO - DAG(s) 'example_setup_teardown' retrieved from /home/airflow/.local/lib/python3.8/site-packages/airflow/example_dags/example_setup_teardown.py
[2026-08-06T21:14:06.092+0000] {logging_mixin.py:188} INFO - [2026-08-06T21:14:06.092+0000] {dag.py:3036} INFO - Sync 1 DAGs
[2026-08-06T21:14:06.114+0000] {logging_mixin.py:188} INFO - [2026-08-06T21:14:06.114+0000] {dag.py:3823} INFO - Setting next_dagrun for example_setup_teardown to 2026-08-05 00:00:00+00:00, run_after=2026-08-06 00:00:00+00:00
[2026-08-06T21:14:06.137+0000] {processor.py:183} INFO - Processing /home/airflow/.local/lib/python3.8/site-packages/airflow/example_dags/example_setup_teardown.py took 0.085 seconds
[2026-08-06T21:14:36.336+0000] {processor.py:161} INFO - Started process (PID=998) to work on /home/airflow/.local/lib/python3.8/site-packages/airflow/example_dags/example_setup_teardown.py
[2026-08-06T21:14:36.337+0000] {processor.py:830} INFO - Processing file /home/airflow/.local/lib/python3.8/site-packages/airflow/example_dags/example_setup_teardown.py for tasks to queue
[2026-08-06T21:14:36.340+0000] {logging_mixin.py:188} INFO - [2026-08-06T21:14:36.339+0000] {dagbag.py:538} INFO - Filling up the DagBag from /home/airflow/.local/lib/python3.8/site-packages/airflow/example_dags/example_setup_teardown.py
[2026-08-06T21:14:36.347+0000] {processor.py:840} INFO - DAG(s) 'example_setup_teardown' retrieved from /home/airflow/.local/lib/python3.8/site-packages/airflow/example_dags/example_setup_teardown.py
[2026-08-06T21:14:36.369+0000] {logging_mixin.py:188} INFO - [2026-08-06T21:14:36.369+0000] {dag.py:3036} INFO - Sync 1 DAGs
[2026-08-06T21:14:36.399+0000] {logging_mixin.py:188} INFO - [2026-08-06T21:14:36.399+0000] {dag.py:3823} INFO - Setting next_dagrun for example_setup_teardown to 2026-08-05 00:00:00+00:00, run_after=2026-08-06 00:00:00+00:00
[2026-08-06T21:14:36.423+0000] {processor.py:183} INFO - Processing /home/airflow/.local/lib/python3.8/site-packages/airflow/example_dags/example_setup_teardown.py took 0.090 seconds
[2026-08-06T21:15:06.543+0000] {processor.py:161} INFO - Started process (PID=1053) to work on /home/airflow/.local/lib/python3.8/site-packages/airflow/example_dags/example_setup_teardown.py
[2026-08-06T21:15:06.545+0000] {processor.py:830} INFO - Processing file /home/airflow/.local/lib/python3.8/site-packages/airflow/example_dags/example_setup_teardown.py for tasks to queue
[2026-08-06T21:15:06.547+0000] {logging_mixin.py:188} INFO - [2026-08-06T21:15:06.547+0000] {dagbag.py:538} INFO - Filling up the DagBag from /home/airflow/.local/lib/python3.8/site-packages/airflow/example_dags/example_setup_teardown.py
[2026-08-06T21:15:06.556+0000] {processor.py:840} INFO - DAG(s) 'example_setup_teardown' retrieved from /home/airflow/.local/lib/python3.8/site-packages/airflow/example_dags/example_setup_teardown.py
[2026-08-06T21:15:06.582+0000] {logging_mixin.py:188} INFO - [2026-08-06T21:15:06.582+0000] {dag.py:3036} INFO - Sync 1 DAGs
[2026-08-06T21:15:06.607+0000] {logging_mixin.py:188} INFO - [2026-08-06T21:15:06.606+0000] {dag.py:3823} INFO - Setting next_dagrun for example_setup_teardown to 2026-08-05 00:00:00+00:00, run_after=2026-08-06 00:00:00+00:00
[2026-08-06T21:15:06.630+0000] {processor.py:183} INFO - Processing /home/airflow/.local/lib/python3.8/site-packages/airflow/example_dags/example_setup_teardown.py took 0.092 seconds
[2026-08-06T21:15:36.947+0000] {processor.py:161} INFO - Started process (PID=1108) to work on /home/airflow/.local/lib/python3.8/site-packages/airflow/example_dags/example_setup_teardown.py
[2026-08-06T21:15:36.949+0000] {processor.py:830} INFO - Processing file /home/airflow/.local/lib/python3.8/site-packages/airflow/example_dags/example_setup_teardown.py for tasks to queue
[2026-08-06T21:15:36.953+0000] {logging_mixin.py:188} INFO - [2026-08-06T21:15:36.953+0000] {dagbag.py:538} INFO - Filling up the DagBag from /home/airflow/.local/lib/python3.8/site-packages/airflow/example_dags/example_setup_teardown.py
[2026-08-06T21:15:36.966+0000] {processor.py:840} INFO - DAG(s) 'example_setup_teardown' retrieved from /home/airflow/.local/lib/python3.8/site-packages/airflow/example_dags/example_setup_teardown.py
[2026-08-06T21:15:36.996+0000] {logging_mixin.py:188} INFO - [2026-08-06T21:15:36.996+0000] {dag.py:3036} INFO - Sync 1 DAGs
[2026-08-06T21:15:37.031+0000] {logging_mixin.py:188} INFO - [2026-08-06T21:15:37.031+0000] {dag.py:3823} INFO - Setting next_dagrun for example_setup_teardown to 2026-08-05 00:00:00+00:00, run_after=2026-08-06 00:00:00+00:00
[2026-08-06T21:15:37.056+0000] {processor.py:183} INFO - Processing /home/airflow/.local/lib/python3.8/site-packages/airflow/example_dags/example_setup_teardown.py took 0.115 seconds
[2026-08-06T21:16:07.465+0000] {processor.py:161} INFO - Started process (PID=1179) to work on /home/airflow/.local/lib/python3.8/site-packages/airflow/example_dags/example_setup_teardown.py
[2026-08-06T21:16:07.466+0000] {processor.py:830} INFO - Processing file /home/airflow/.local/lib/python3.8/site-packages/airflow/example_dags/example_setup_teardown.py for tasks to queue
[2026-08-06T21:16:07.468+0000] {logging_mixin.py:188} INFO - [2026-08-06T21:16:07.468+0000] {dagbag.py:538} INFO - Filling up the DagBag from /home/airflow/.local/lib/python3.8/site-packages/airflow/example_dags/example_setup_teardown.py
[2026-08-06T21:16:07.475+0000] {processor.py:840} INFO - DAG(s) 'example_setup_teardown' retrieved from /home/airflow/.local/lib/python3.8/site-packages/airflow/example_dags/example_setup_teardown.py
[2026-08-06T21:16:07.497+0000] {logging_mixin.py:188} INFO - [2026-08-06T21:16:07.497+0000] {dag.py:3036} INFO - Sync 1 DAGs
[2026-08-06T21:16:07.520+0000] {logging_mixin.py:188} INFO - [2026-08-06T21:16:07.520+0000] {dag.py:3823} INFO - Setting next_dagrun for example_setup_teardown to 2026-08-05 00:00:00+00:00, run_after=2026-08-06 00:00:00+00:00
[2026-08-06T21:16:07.544+0000] {processor.py:183} INFO - Processing /home/airflow/.local/lib/python3.8/site-packages/airflow/example_dags/example_setup_teardown.py took 0.083 seconds
[2026-08-06T21:16:38.367+0000] {processor.py:161} INFO - Started process (PID=1238) to work on /home/airflow/.local/lib/python3.8/site-packages/airflow/example_dags/example_setup_teardown.py
[2026-08-06T21:16:38.369+0000] {processor.py:830} INFO - Processing file /home/airflow/.local/lib/python3.8/site-packages/airflow/example_dags/example_setup_teardown.py for tasks to queue
[2026-08-06T21:16:38.372+0000] {logging_mixin.py:188} INFO - [2026-08-06T21:16:38.371+0000] {dagbag.py:538} INFO - Filling up the DagBag from /home/airflow/.local/lib/python3.8/site-packages/airflow/example_dags/example_setup_teardown.py
[2026-08-06T21:16:38.380+0000] {processor.py:840} INFO - DAG(s) 'example_setup_teardown' retrieved from /home/airflow/.local/lib/python3.8/site-packages/airflow/example_dags/example_setup_teardown.py
[2026-08-06T21:16:38.403+0000] {logging_mixin.py:188} INFO - [2026-08-06T21:16:38.403+0000] {dag.py:3036} INFO - Sync 1 DAGs
[2026-08-06T21:16:38.425+0000] {logging_mixin.py:188} INFO - [2026-08-06T21:16:38.425+0000] {dag.py:3823} INFO - Setting next_dagrun for example_setup_teardown to 2026-08-05 00:00:00+00:00, run_after=2026-08-06 00:00:00+00:00
[2026-08-06T21:16:38.446+0000] {processor.py:183} INFO - Processing /home/airflow/.local/lib/python3.8/site-packages/airflow/example_dags/example_setup_teardown.py took 0.082 seconds
[2026-08-06T21:17:08.685+0000] {processor.py:161} INFO - Started process (PID=1297) to work on /home/airflow/.local/lib/python3.8/site-packages/airflow/example_dags/example_setup_teardown.py
[2026-08-06T21:17:08.687+0000] {processor.py:830} INFO - Processing file /home/airflow/.local/lib/python3.8/site-packages/airflow/example_dags/example_setup_teardown.py for tasks to queue
[2026-08-06T21:17:08.691+0000] {logging_mixin.py:188} INFO - [2026-08-06T21:17:08.691+0000] {dagbag.py:538} INFO - Filling up the DagBag from /home/airflow/.local/lib/python3.8/site-packages/airflow/example_dags/example_setup_teardown.py
[2026-08-06T21:17:08.708+0000] {processor.py:840} INFO - DAG(s) 'example_setup_teardown' retrieved from /home/airflow/.local/lib/python3.8/site-packages/airflow/example_dags/example_setup_teardown.py
[2026-08-06T21:17:08.753+0000] {logging_mixin.py:188} INFO - [2026-08-06T21:17:08.752+0000] {dag.py:3036} INFO - Sync 1 DAGs
[2026-08-06T21:17:08.786+0000] {logging_mixin.py:188} INFO - [2026-08-06T21:17:08.785+0000] {dag.py:3823} INFO - Setting next_dagrun for example_setup_teardown to 2026-08-05 00:00:00+00:00, run_after=2026-08-06 00:00:00+00:00
[2026-08-06T21:17:08.811+0000] {processor.py:183} INFO - Processing /home/airflow/.local/lib/python3.8/site-packages/airflow/example_dags/example_setup_teardown.py took 0.131 seconds
[2026-08-06T21:17:38.975+0000] {processor.py:161} INFO - Started process (PID=1356) to work on /home/airflow/.local/lib/python3.8/site-packages/airflow/example_dags/example_setup_teardown.py
[2026-08-06T21:17:38.977+0000] {processor.py:830} INFO - Processing file /home/airflow/.local/lib/python3.8/site-packages/airflow/example_dags/example_setup_teardown.py for tasks to queue
[2026-08-06T21:17:38.980+0000] {logging_mixin.py:188} INFO - [2026-08-06T21:17:38.979+0000] {dagbag.py:538} INFO - Filling up the DagBag from /home/airflow/.local/lib/python3.8/site-packages/airflow/example_dags/example_setup_teardown.py
[2026-08-06T21:17:38.989+0000] {processor.py:840} INFO - DAG(s) 'example_setup_teardown' retrieved from /home/airflow/.local/lib/python3.8/site-packages/airflow/example_dags/example_setup_teardown.py
[2026-08-06T21:17:39.021+0000] {logging_mixin.py:188} INFO - [2026-08-06T21:17:39.020+0000] {dag.py:3036} INFO - Sync 1 DAGs
[2026-08-06T21:17:39.046+0000] {logging_mixin.py:188} INFO - [2026-08-06T21:17:39.045+0000] {dag.py:3823} INFO - Setting next_dagrun for example_setup_teardown to 2026-08-05 00:00:00+00:00, run_after=2026-08-06 00:00:00+00:00
[2026-08-06T21:17:39.070+0000] {processor.py:183} INFO - Processing /home/airflow/.local/lib/python3.8/site-packages/airflow/example_dags/example_setup_teardown.py took 0.099 seconds
[2026-08-06T21:18:09.425+0000] {processor.py:161} INFO - Started process (PID=1415) to work on /home/airflow/.local/lib/python3.8/site-packages/airflow/example_dags/example_setup_teardown.py
[2026-08-06T21:18:09.427+0000] {processor.py:830} INFO - Processing file /home/airflow/.local/lib/python3.8/site-packages/airflow/example_dags/example_setup_teardown.py for tasks to queue
[2026-08-06T21:18:09.430+0000] {logging_mixin.py:188} INFO - [2026-08-06T21:18:09.430+0000] {dagbag.py:538} INFO - Filling up the DagBag from /home/airflow/.local/lib/python3.8/site-packages/airflow/example_dags/example_setup_teardown.py
[2026-08-06T21:18:09.437+0000] {processor.py:840} INFO - DAG(s) 'example_setup_teardown' retrieved from /home/airflow/.local/lib/python3.8/site-packages/airflow/example_dags/example_setup_teardown.py
[2026-08-06T21:18:09.464+0000] {logging_mixin.py:188} INFO - [2026-08-06T21:18:09.463+0000] {dag.py:3036} INFO - Sync 1 DAGs
[2026-08-06T21:18:09.487+0000] {logging_mixin.py:188} INFO - [2026-08-06T21:18:09.487+0000] {dag.py:3823} INFO - Setting next_dagrun for example_setup_teardown to 2026-08-05 00:00:00+00:00, run_after=2026-08-06 00:00:00+00:00
[2026-08-06T21:18:09.509+0000] {processor.py:183} INFO - Processing /home/airflow/.local/lib/python3.8/site-packages/airflow/example_dags/example_setup_teardown.py took 0.088 seconds
[2026-08-06T21:18:39.588+0000] {processor.py:161} INFO - Started process (PID=1474) to work on /home/airflow/.local/lib/python3.8/site-packages/airflow/example_dags/example_setup_teardown.py
[2026-08-06T21:18:39.590+0000] {processor.py:830} INFO - Processing file /home/airflow/.local/lib/python3.8/site-packages/airflow/example_dags/example_setup_teardown.py for tasks to queue
[2026-08-06T21:18:39.592+0000] {logging_mixin.py:188} INFO - [2026-08-06T21:18:39.591+0000] {dagbag.py:538} INFO - Filling up the DagBag from /home/airflow/.local/lib/python3.8/site-packages/airflow/example_dags/example_setup_teardown.py
[2026-08-06T21:18:39.599+0000] {processor.py:840} INFO - DAG(s) 'example_setup_teardown' retrieved from /home/airflow/.local/lib/python3.8/site-packages/airflow/example_dags/example_setup_teardown.py
[2026-08-06T21:18:39.624+0000] {logging_mixin.py:188} INFO - [2026-08-06T21:18:39.623+0000] {dag.py:3036} INFO - Sync 1 DAGs
[2026-08-06T21:18:39.647+0000] {logging_mixin.py:188} INFO - [2026-08-06T21:18:39.647+0000] {dag.py:3823} INFO - Setting next_dagrun for example_setup_teardown to 2026-08-05 00:00:00+00:00, run_after=2026-08-06 00:00:00+00:00
[2026-08-06T21:18:39.671+0000] {processor.py:183} INFO - Processing /home/airflow/.local/lib/python3.8/site-packages/airflow/example_dags/example_setup_teardown.py took 0.087 seconds
[2026-08-06T21:19:09.998+0000] {processor.py:161} INFO - Started process (PID=1533) to work on /home/airflow/.local/lib/python3.8/site-packages/airflow/example_dags/example_setup_teardown.py
[2026-08-06T21:19:09.999+0000] {processor.py:830} INFO - Processing file /home/airflow/.local/lib/python3.8/site-packages/airflow/example_dags/example_setup_teardown.py for tasks to queue
[2026-08-06T21:19:10.002+0000] {logging_mixin.py:188} INFO - [2026-08-06T21:19:10.002+0000] {dagbag.py:538} INFO - Filling up the DagBag from /home/airflow/.local/lib/python3.8/site-packages/airflow/example_dags/example_setup_teardown.py
[2026-08-06T21:19:10.009+0000] {processor.py:840} INFO - DAG(s) 'example_setup_teardown' retrieved from /home/airflow/.local/lib/python3.8/site-packages/airflow/example_dags/example_setup_teardown.py
[2026-08-06T21:19:10.034+0000] {logging_mixin.py:188} INFO - [2026-08-06T21:19:10.034+0000] {dag.py:3036} INFO - Sync 1 DAGs
[2026-08-06T21:19:10.057+0000] {logging_mixin.py:188} INFO - [2026-08-06T21:19:10.056+0000] {dag.py:3823} INFO - Setting next_dagrun for example_setup_teardown to 2026-08-05 00:00:00+00:00, run_after=2026-08-06 00:00:00+00:00
[2026-08-06T21:19:10.077+0000] {processor.py:183} INFO - Processing /home/airflow/.local/lib/python3.8/site-packages/airflow/example_dags/example_setup_teardown.py took 0.086 seconds
[2026-08-06T21:19:40.326+0000] {processor.py:161} INFO - Started process (PID=1592) to work on /home/airflow/.local/lib/python3.8/site-packages/airflow/example_dags/example_setup_teardown.py
[2026-08-06T21:19:40.328+0000] {processor.py:830} INFO - Processing file /home/airflow/.local/lib/python3.8/site-packages/airflow/example_dags/example_setup_teardown.py for tasks to queue
[2026-08-06T21:19:40.331+0000] {logging_mixin.py:188} INFO - [2026-08-06T21:19:40.331+0000] {dagbag.py:538} INFO - Filling up the DagBag from /home/airflow/.local/lib/python3.8/site-packages/airflow/example_dags/example_setup_teardown.py
[2026-08-06T21:19:40.348+0000] {processor.py:840} INFO - DAG(s) 'example_setup_teardown' retrieved from /home/airflow/.local/lib/python3.8/site-packages/airflow/example_dags/example_setup_teardown.py
[2026-08-06T21:19:40.402+0000] {logging_mixin.py:188} INFO - [2026-08-06T21:19:40.402+0000] {dag.py:3036} INFO - Sync 1 DAGs
[2026-08-06T21:19:40.473+0000] {logging_mixin.py:188} INFO - [2026-08-06T21:19:40.472+0000] {dag.py:3823} INFO - Setting next_dagrun for example_setup_teardown to 2026-08-05 00:00:00+00:00, run_after=2026-08-06 00:00:00+00:00
[2026-08-06T21:19:40.516+0000] {processor.py:183} INFO - Processing /home/airflow/.local/lib/python3.8/site-packages/airflow/example_dags/example_setup_teardown.py took 0.198 seconds
[2026-08-06T21:20:11.473+0000] {processor.py:161} INFO - Started process (PID=1651) to work on /home/airflow/.local/lib/python3.8/site-packages/airflow/example_dags/example_setup_teardown.py
[2026-08-06T21:20:11.475+0000] {processor.py:830} INFO - Processing file /home/airflow/.local/lib/python3.8/site-packages/airflow/example_dags/example_setup_teardown.py for tasks to queue
[2026-08-06T21:20:11.480+0000] {logging_mixin.py:188} INFO - [2026-08-06T21:20:11.479+0000] {dagbag.py:538} INFO - Filling up the DagBag from /home/airflow/.local/lib/python3.8/site-packages/airflow/example_dags/example_setup_teardown.py
[2026-08-06T21:20:11.494+0000] {processor.py:840} INFO - DAG(s) 'example_setup_teardown' retrieved from /home/airflow/.local/lib/python3.8/site-packages/airflow/example_dags/example_setup_teardown.py
[2026-08-06T21:20:11.525+0000] {logging_mixin.py:188} INFO - [2026-08-06T21:20:11.524+0000] {dag.py:3036} INFO - Sync 1 DAGs
[2026-08-06T21:20:11.565+0000] {logging_mixin.py:188} INFO - [2026-08-06T21:20:11.565+0000] {dag.py:3823} INFO - Setting next_dagrun for example_setup_teardown to 2026-08-05 00:00:00+00:00, run_after=2026-08-06 00:00:00+00:00
[2026-08-06T21:20:11.602+0000] {processor.py:183} INFO - Processing /home/airflow/.local/lib/python3.8/site-packages/airflow/example_dags/example_setup_teardown.py took 0.136 seconds
[2026-08-06T21:20:41.726+0000] {processor.py:161} INFO - Started process (PID=1710) to work on /home/airflow/.local/lib/python3.8/site-packages/airflow/example_dags/example_setup_teardown.py
[2026-08-06T21:20:41.729+0000] {processor.py:830} INFO - Processing file /home/airflow/.local/lib/python3.8/site-packages/airflow/example_dags/example_setup_teardown.py for tasks to queue
[2026-08-06T21:20:41.733+0000] {logging_mixin.py:188} INFO - [2026-08-06T21:20:41.732+0000] {dagbag.py:538} INFO - Filling up the DagBag from /home/airflow/.local/lib/python3.8/site-packages/airflow/example_dags/example_setup_teardown.py
[2026-08-06T21:20:41.742+0000] {processor.py:840} INFO - DAG(s) 'example_setup_teardown' retrieved from /home/airflow/.local/lib/python3.8/site-packages/airflow/example_dags/example_setup_teardown.py
[2026-08-06T21:20:41.776+0000] {logging_mixin.py:188} INFO - [2026-08-06T21:20:41.776+0000] {dag.py:3036} INFO - Sync 1 DAGs
[2026-08-06T21:20:41.806+0000] {logging_mixin.py:188} INFO - [2026-08-06T21:20:41.805+0000] {dag.py:3823} INFO - Setting next_dagrun for example_setup_teardown to 2026-08-05 00:00:00+00:00, run_after=2026-08-06 00:00:00+00:00
[2026-08-06T21:20:41.838+0000] {processor.py:183} INFO - Processing /home/airflow/.local/lib/python3.8/site-packages/airflow/example_dags/example_setup_teardown.py took 0.119 seconds
[2026-08-06T21:21:12.045+0000] {processor.py:161} INFO - Started process (PID=1769) to work on /home/airflow/.local/lib/python3.8/site-packages/airflow/example_dags/example_setup_teardown.py
[2026-08-06T21:21:12.046+0000] {processor.py:830} INFO - Processing file /home/airflow/.local/lib/python3.8/site-packages/airflow/example_dags/example_setup_teardown.py for tasks to queue
[2026-08-06T21:21:12.048+0000] {logging_mixin.py:188} INFO - [2026-08-06T21:21:12.048+0000] {dagbag.py:538} INFO - Filling up the DagBag from /home/airflow/.local/lib/python3.8/site-packages/airflow/example_dags/example_setup_teardown.py
[2026-08-06T21:21:12.055+0000] {processor.py:840} INFO - DAG(s) 'example_setup_teardown' retrieved from /home/airflow/.local/lib/python3.8/site-packages/airflow/example_dags/example_setup_teardown.py
[2026-08-06T21:21:12.078+0000] {logging_mixin.py:188} INFO - [2026-08-06T21:21:12.078+0000] {dag.py:3036} INFO - Sync 1 DAGs
[2026-08-06T21:21:12.097+0000] {logging_mixin.py:188} INFO - [2026-08-06T21:21:12.097+0000] {dag.py:3823} INFO - Setting next_dagrun for example_setup_teardown to 2026-08-05 00:00:00+00:00, run_after=2026-08-06 00:00:00+00:00
[2026-08-06T21:21:12.113+0000] {processor.py:183} INFO - Processing /home/airflow/.local/lib/python3.8/site-packages/airflow/example_dags/example_setup_teardown.py took 0.072 seconds
[2026-08-06T21:21:42.534+0000] {processor.py:161} INFO - Started process (PID=1828) to work on /home/airflow/.local/lib/python3.8/site-packages/airflow/example_dags/example_setup_teardown.py
[2026-08-06T21:21:42.535+0000] {processor.py:830} INFO - Processing file /home/airflow/.local/lib/python3.8/site-packages/airflow/example_dags/example_setup_teardown.py for tasks to queue
[2026-08-06T21:21:42.537+0000] {logging_mixin.py:188} INFO - [2026-08-06T21:21:42.537+0000] {dagbag.py:538} INFO - Filling up the DagBag from /home/airflow/.local/lib/python3.8/site-packages/airflow/example_dags/example_setup_teardown.py
[2026-08-06T21:21:42.545+0000] {processor.py:840} INFO - DAG(s) 'example_setup_teardown' retrieved from /home/airflow/.local/lib/python3.8/site-packages/airflow/example_dags/example_setup_teardown.py
[2026-08-06T21:21:42.568+0000] {logging_mixin.py:188} INFO - [2026-08-06T21:21:42.568+0000] {dag.py:3036} INFO - Sync 1 DAGs
[2026-08-06T21:21:42.590+0000] {logging_mixin.py:188} INFO - [2026-08-06T21:21:42.590+0000] {dag.py:3823} INFO - Setting next_dagrun for example_setup_teardown to 2026-08-05 00:00:00+00:00, run_after=2026-08-06 00:00:00+00:00
[2026-08-06T21:21:42.609+0000] {processor.py:183} INFO - Processing /home/airflow/.local/lib/python3.8/site-packages/airflow/example_dags/example_setup_teardown.py took 0.079 seconds
[2026-08-06T21:22:12.950+0000] {processor.py:161} INFO - Started process (PID=1887) to work on /home/airflow/.local/lib/python3.8/site-packages/airflow/example_dags/example_setup_teardown.py
[2026-08-06T21:22:12.951+0000] {processor.py:830} INFO - Processing file /home/airflow/.local/lib/python3.8/site-packages/airflow/example_dags/example_setup_teardown.py for tasks to queue
[2026-08-06T21:22:12.954+0000] {logging_mixin.py:188} INFO - [2026-08-06T21:22:12.953+0000] {dagbag.py:538} INFO - Filling up the DagBag from /home/airflow/.local/lib/python3.8/site-packages/airflow/example_dags/example_setup_teardown.py
[2026-08-06T21:22:12.962+0000] {processor.py:840} INFO - DAG(s) 'example_setup_teardown' retrieved from /home/airflow/.local/lib/python3.8/site-packages/airflow/example_dags/example_setup_teardown.py
[2026-08-06T21:22:12.985+0000] {logging_mixin.py:188} INFO - [2026-08-06T21:22:12.985+0000] {dag.py:3036} INFO - Sync 1 DAGs
[2026-08-06T21:22:13.007+0000] {logging_mixin.py:188} INFO - [2026-08-06T21:22:13.007+0000] {dag.py:3823} INFO - Setting next_dagrun for example_setup_teardown to 2026-08-05 00:00:00+00:00, run_after=2026-08-06 00:00:00+00:00
[2026-08-06T21:22:13.028+0000] {processor.py:183} INFO - Processing /home/airflow/.local/lib/python3.8/site-packages/airflow/example_dags/example_setup_teardown.py took 0.081 seconds
[2026-08-06T21:22:43.643+0000] {processor.py:161} INFO - Started process (PID=1946) to work on /home/airflow/.local/lib/python3.8/site-packages/airflow/example_dags/example_setup_teardown.py
[2026-08-06T21:22:43.644+0000] {processor.py:830} INFO - Processing file /home/airflow/.local/lib/python3.8/site-packages/airflow/example_dags/example_setup_teardown.py for tasks to queue
[2026-08-06T21:22:43.647+0000] {logging_mixin.py:188} INFO - [2026-08-06T21:22:43.646+0000] {dagbag.py:538} INFO - Filling up the DagBag from /home/airflow/.local/lib/python3.8/site-packages/airflow/example_dags/example_setup_teardown.py
[2026-08-06T21:22:43.656+0000] {processor.py:840} INFO - DAG(s) 'example_setup_teardown' retrieved from /home/airflow/.local/lib/python3.8/site-packages/airflow/example_dags/example_setup_teardown.py
[2026-08-06T21:22:43.680+0000] {logging_mixin.py:188} INFO - [2026-08-06T21:22:43.680+0000] {dag.py:3036} INFO - Sync 1 DAGs
[2026-08-06T21:22:43.702+0000] {logging_mixin.py:188} INFO - [2026-08-06T21:22:43.701+0000] {dag.py:3823} INFO - Setting next_dagrun for example_setup_teardown to 2026-08-05 00:00:00+00:00, run_after=2026-08-06 00:00:00+00:00
[2026-08-06T21:22:43.722+0000] {processor.py:183} INFO - Processing /home/airflow/.local/lib/python3.8/site-packages/airflow/example_dags/example_setup_teardown.py took 0.083 seconds
[2026-08-06T21:23:14.357+0000] {processor.py:161} INFO - Started process (PID=2005) to work on /home/airflow/.local/lib/python3.8/site-packages/airflow/example_dags/example_setup_teardown.py
[2026-08-06T21:23:14.359+0000] {processor.py:830} INFO - Processing file /home/airflow/.local/lib/python3.8/site-packages/airflow/example_dags/example_setup_teardown.py for tasks to queue
[2026-08-06T21:23:14.361+0000] {logging_mixin.py:188} INFO - [2026-08-06T21:23:14.361+0000] {dagbag.py:538} INFO - Filling up the DagBag from /home/airflow/.local/lib/python3.8/site-packages/airflow/example_dags/example_setup_teardown.py
[2026-08-06T21:23:14.368+0000] {processor.py:840} INFO - DAG(s) 'example_setup_teardown' retrieved from /home/airflow/.local/lib/python3.8/site-packages/airflow/example_dags/example_setup_teardown.py
[2026-08-06T21:23:14.392+0000] {logging_mixin.py:188} INFO - [2026-08-06T21:23:14.391+0000] {dag.py:3036} INFO - Sync 1 DAGs
[2026-08-06T21:23:14.412+0000] {logging_mixin.py:188} INFO - [2026-08-06T21:23:14.412+0000] {dag.py:3823} INFO - Setting next_dagrun for example_setup_teardown to 2026-08-05 00:00:00+00:00, run_after=2026-08-06 00:00:00+00:00
[2026-08-06T21:23:14.431+0000] {processor.py:183} INFO - Processing /home/airflow/.local/lib/python3.8/site-packages/airflow/example_dags/example_setup_teardown.py took 0.077 seconds
[2026-08-06T21:23:44.870+0000] {processor.py:161} INFO - Started process (PID=2064) to work on /home/airflow/.local/lib/python3.8/site-packages/airflow/example_dags/example_setup_teardown.py
[2026-08-06T21:23:44.871+0000] {processor.py:830} INFO - Processing file /home/airflow/.local/lib/python3.8/site-packages/airflow/example_dags/example_setup_teardown.py for tasks to queue
[2026-08-06T21:23:44.873+0000] {logging_mixin.py:188} INFO - [2026-08-06T21:23:44.873+0000] {dagbag.py:538} INFO - Filling up the DagBag from /home/airflow/.local/lib/python3.8/site-packages/airflow/example_dags/example_setup_teardown.py
[2026-08-06T21:23:44.881+0000] {processor.py:840} INFO - DAG(s) 'example_setup_teardown' retrieved from /home/airflow/.local/lib/python3.8/site-packages/airflow/example_dags/example_setup_teardown.py
[2026-08-06T21:23:44.907+0000] {logging_mixin.py:188} INFO - [2026-08-06T21:23:44.907+0000] {dag.py:3036} INFO - Sync 1 DAGs
[2026-08-06T21:23:44.932+0000] {logging_mixin.py:188} INFO - [2026-08-06T21:23:44.931+0000] {dag.py:3823} INFO - Setting next_dagrun for example_setup_teardown to 2026-08-05 00:00:00+00:00, run_after=2026-08-06 00:00:00+00:00
[2026-08-06T21:23:44.952+0000] {processor.py:183} INFO - Processing /home/airflow/.local/lib/python3.8/site-packages/airflow/example_dags/example_setup_teardown.py took 0.086 seconds
[2026-08-06T21:24:15.646+0000] {processor.py:161} INFO - Started process (PID=2123) to work on /home/airflow/.local/lib/python3.8/site-packages/airflow/example_dags/example_setup_teardown.py
[2026-08-06T21:24:15.647+0000] {processor.py:830} INFO - Processing file /home/airflow/.local/lib/python3.8/site-packages/airflow/example_dags/example_setup_teardown.py for tasks to queue
[2026-08-06T21:24:15.650+0000] {logging_mixin.py:188} INFO - [2026-08-06T21:24:15.650+0000] {dagbag.py:538} INFO - Filling up the DagBag from /home/airflow/.local/lib/python3.8/site-packages/airflow/example_dags/example_setup_teardown.py
[2026-08-06T21:24:15.662+0000] {processor.py:840} INFO - DAG(s) 'example_setup_teardown' retrieved from /home/airflow/.local/lib/python3.8/site-packages/airflow/example_dags/example_setup_teardown.py
[2026-08-06T21:24:15.697+0000] {logging_mixin.py:188} INFO - [2026-08-06T21:24:15.696+0000] {dag.py:3036} INFO - Sync 1 DAGs
[2026-08-06T21:24:15.728+0000] {logging_mixin.py:188} INFO - [2026-08-06T21:24:15.727+0000] {dag.py:3823} INFO - Setting next_dagrun for example_setup_teardown to 2026-08-05 00:00:00+00:00, run_after=2026-08-06 00:00:00+00:00
[2026-08-06T21:24:15.751+0000] {processor.py:183} INFO - Processing /home/airflow/.local/lib/python3.8/site-packages/airflow/example_dags/example_setup_teardown.py took 0.109 seconds
[2026-08-06T21:24:45.900+0000] {processor.py:161} INFO - Started process (PID=2182) to work on /home/airflow/.local/lib/python3.8/site-packages/airflow/example_dags/example_setup_teardown.py
[2026-08-06T21:24:45.902+0000] {processor.py:830} INFO - Processing file /home/airflow/.local/lib/python3.8/site-packages/airflow/example_dags/example_setup_teardown.py for tasks to queue
[2026-08-06T21:24:45.904+0000] {logging_mixin.py:188} INFO - [2026-08-06T21:24:45.903+0000] {dagbag.py:538} INFO - Filling up the DagBag from /home/airflow/.local/lib/python3.8/site-packages/airflow/example_dags/example_setup_teardown.py
[2026-08-06T21:24:45.915+0000] {processor.py:840} INFO - DAG(s) 'example_setup_teardown' retrieved from /home/airflow/.local/lib/python3.8/site-packages/airflow/example_dags/example_setup_teardown.py
[2026-08-06T21:24:45.942+0000] {logging_mixin.py:188} INFO - [2026-08-06T21:24:45.941+0000] {dag.py:3036} INFO - Sync 1 DAGs
[2026-08-06T21:24:45.970+0000] {logging_mixin.py:188} INFO - [2026-08-06T21:24:45.970+0000] {dag.py:3823} INFO - Setting next_dagrun for example_setup_teardown to 2026-08-05 00:00:00+00:00, run_after=2026-08-06 00:00:00+00:00
[2026-08-06T21:24:45.993+0000] {processor.py:183} INFO - Processing /home/airflow/.local/lib/python3.8/site-packages/airflow/example_dags/example_setup_teardown.py took 0.098 seconds
[2026-08-06T21:25:16.325+0000] {processor.py:161} INFO - Started process (PID=2241) to work on /home/airflow/.local/lib/python3.8/site-packages/airflow/example_dags/example_setup_teardown.py
[2026-08-06T21:25:16.326+0000] {processor.py:830} INFO - Processing file /home/airflow/.local/lib/python3.8/site-packages/airflow/example_dags/example_setup_teardown.py for tasks to queue
[2026-08-06T21:25:16.329+0000] {logging_mixin.py:188} INFO - [2026-08-06T21:25:16.328+0000] {dagbag.py:538} INFO - Filling up the DagBag from /home/airflow/.local/lib/python3.8/site-packages/airflow/example_dags/example_setup_teardown.py
[2026-08-06T21:25:16.340+0000] {processor.py:840} INFO - DAG(s) 'example_setup_teardown' retrieved from /home/airflow/.local/lib/python3.8/site-packages/airflow/example_dags/example_setup_teardown.py
[2026-08-06T21:25:16.374+0000] {logging_mixin.py:188} INFO - [2026-08-06T21:25:16.373+0000] {dag.py:3036} INFO - Sync 1 DAGs
[2026-08-06T21:25:16.403+0000] {logging_mixin.py:188} INFO - [2026-08-06T21:25:16.402+0000] {dag.py:3823} INFO - Setting next_dagrun for example_setup_teardown to 2026-08-05 00:00:00+00:00, run_after=2026-08-06 00:00:00+00:00
[2026-08-06T21:25:16.443+0000] {processor.py:183} INFO - Processing /home/airflow/.local/lib/python3.8/site-packages/airflow/example_dags/example_setup_teardown.py took 0.125 seconds
[2026-08-06T21:25:46.923+0000] {processor.py:161} INFO - Started process (PID=2300) to work on /home/airflow/.local/lib/python3.8/site-packages/airflow/example_dags/example_setup_teardown.py
[2026-08-06T21:25:46.925+0000] {processor.py:830} INFO - Processing file /home/airflow/.local/lib/python3.8/site-packages/airflow/example_dags/example_setup_teardown.py for tasks to queue
[2026-08-06T21:25:46.930+0000] {logging_mixin.py:188} INFO - [2026-08-06T21:25:46.930+0000] {dagbag.py:538} INFO - Filling up the DagBag from /home/airflow/.local/lib/python3.8/site-packages/airflow/example_dags/example_setup_teardown.py
[2026-08-06T21:25:46.940+0000] {processor.py:840} INFO - DAG(s) 'example_setup_teardown' retrieved from /home/airflow/.local/lib/python3.8/site-packages/airflow/example_dags/example_setup_teardown.py
[2026-08-06T21:25:46.979+0000] {logging_mixin.py:188} INFO - [2026-08-06T21:25:46.979+0000] {dag.py:3036} INFO - Sync 1 DAGs
[2026-08-06T21:25:47.030+0000] {logging_mixin.py:188} INFO - [2026-08-06T21:25:47.029+0000] {dag.py:3823} INFO - Setting next_dagrun for example_setup_teardown to 2026-08-05 00:00:00+00:00, run_after=2026-08-06 00:00:00+00:00
[2026-08-06T21:25:47.081+0000] {processor.py:183} INFO - Processing /home/airflow/.local/lib/python3.8/site-packages/airflow/example_dags/example_setup_teardown.py took 0.162 seconds
[2026-08-06T21:26:17.663+0000] {processor.py:161} INFO - Started process (PID=2365) to work on /home/airflow/.local/lib/python3.8/site-packages/airflow/example_dags/example_setup_teardown.py
[2026-08-06T21:26:17.664+0000] {processor.py:830} INFO - Processing file /home/airflow/.local/lib/python3.8/site-packages/airflow/example_dags/example_setup_teardown.py for tasks to queue
[2026-08-06T21:26:17.667+0000] {logging_mixin.py:188} INFO - [2026-08-06T21:26:17.667+0000] {dagbag.py:538} INFO - Filling up the DagBag from /home/airflow/.local/lib/python3.8/site-packages/airflow/example_dags/example_setup_teardown.py
[2026-08-06T21:26:17.681+0000] {processor.py:840} INFO - DAG(s) 'example_setup_teardown' retrieved from /home/airflow/.local/lib/python3.8/site-packages/airflow/example_dags/example_setup_teardown.py
[2026-08-06T21:26:17.710+0000] {logging_mixin.py:188} INFO - [2026-08-06T21:26:17.710+0000] {dag.py:3036} INFO - Sync 1 DAGs
[2026-08-06T21:26:17.747+0000] {logging_mixin.py:188} INFO - [2026-08-06T21:26:17.747+0000] {dag.py:3823} INFO - Setting next_dagrun for example_setup_teardown to 2026-08-05 00:00:00+00:00, run_after=2026-08-06 00:00:00+00:00
[2026-08-06T21:26:17.948+0000] {processor.py:183} INFO - Processing /home/airflow/.local/lib/python3.8/site-packages/airflow/example_dags/example_setup_teardown.py took 0.290 seconds
[2026-08-06T21:26:48.391+0000] {processor.py:161} INFO - Started process (PID=2430) to work on /home/airflow/.local/lib/python3.8/site-packages/airflow/example_dags/example_setup_teardown.py
[2026-08-06T21:26:48.392+0000] {processor.py:830} INFO - Processing file /home/airflow/.local/lib/python3.8/site-packages/airflow/example_dags/example_setup_teardown.py for tasks to queue
[2026-08-06T21:26:48.394+0000] {logging_mixin.py:188} INFO - [2026-08-06T21:26:48.394+0000] {dagbag.py:538} INFO - Filling up the DagBag from /home/airflow/.local/lib/python3.8/site-packages/airflow/example_dags/example_setup_teardown.py
[2026-08-06T21:26:48.401+0000] {processor.py:840} INFO - DAG(s) 'example_setup_teardown' retrieved from /home/airflow/.local/lib/python3.8/site-packages/airflow/example_dags/example_setup_teardown.py
[2026-08-06T21:26:48.423+0000] {logging_mixin.py:188} INFO - [2026-08-06T21:26:48.423+0000] {dag.py:3036} INFO - Sync 1 DAGs
[2026-08-06T21:26:48.445+0000] {logging_mixin.py:188} INFO - [2026-08-06T21:26:48.445+0000] {dag.py:3823} INFO - Setting next_dagrun for example_setup_teardown to 2026-08-05 00:00:00+00:00, run_after=2026-08-06 00:00:00+00:00
[2026-08-06T21:26:48.607+0000] {processor.py:183} INFO - Processing /home/airflow/.local/lib/python3.8/site-packages/airflow/example_dags/example_setup_teardown.py took 0.220 seconds
[2026-08-06T21:27:18.978+0000] {processor.py:161} INFO - Started process (PID=2495) to work on /home/airflow/.local/lib/python3.8/site-packages/airflow/example_dags/example_setup_teardown.py
[2026-08-06T21:27:18.980+0000] {processor.py:830} INFO - Processing file /home/airflow/.local/lib/python3.8/site-packages/airflow/example_dags/example_setup_teardown.py for tasks to queue
[2026-08-06T21:27:18.982+0000] {logging_mixin.py:188} INFO - [2026-08-06T21:27:18.981+0000] {dagbag.py:538} INFO - Filling up the DagBag from /home/airflow/.local/lib/python3.8/site-packages/airflow/example_dags/example_setup_teardown.py
[2026-08-06T21:27:18.989+0000] {processor.py:840} INFO - DAG(s) 'example_setup_teardown' retrieved from /home/airflow/.local/lib/python3.8/site-packages/airflow/example_dags/example_setup_teardown.py
[2026-08-06T21:27:19.011+0000] {logging_mixin.py:188} INFO - [2026-08-06T21:27:19.011+0000] {dag.py:3036} INFO - Sync 1 DAGs
[2026-08-06T21:27:19.032+0000] {logging_mixin.py:188} INFO - [2026-08-06T21:27:19.032+0000] {dag.py:3823} INFO - Setting next_dagrun for example_setup_teardown to 2026-08-05 00:00:00+00:00, run_after=2026-08-06 00:00:00+00:00
[2026-08-06T21:27:19.237+0000] {processor.py:183} INFO - Processing /home/airflow/.local/lib/python3.8/site-packages/airflow/example_dags/example_setup_teardown.py took 0.262 seconds
[2026-08-06T21:27:49.540+0000] {processor.py:161} INFO - Started process (PID=2560) to work on /home/airflow/.local/lib/python3.8/site-packages/airflow/example_dags/example_setup_teardown.py
[2026-08-06T21:27:49.542+0000] {processor.py:830} INFO - Processing file /home/airflow/.local/lib/python3.8/site-packages/airflow/example_dags/example_setup_teardown.py for tasks to queue
[2026-08-06T21:27:49.544+0000] {logging_mixin.py:188} INFO - [2026-08-06T21:27:49.543+0000] {dagbag.py:538} INFO - Filling up the DagBag from /home/airflow/.local/lib/python3.8/site-packages/airflow/example_dags/example_setup_teardown.py
[2026-08-06T21:27:49.552+0000] {processor.py:840} INFO - DAG(s) 'example_setup_teardown' retrieved from /home/airflow/.local/lib/python3.8/site-packages/airflow/example_dags/example_setup_teardown.py
[2026-08-06T21:27:49.588+0000] {logging_mixin.py:188} INFO - [2026-08-06T21:27:49.587+0000] {dag.py:3036} INFO - Sync 1 DAGs
[2026-08-06T21:27:49.611+0000] {logging_mixin.py:188} INFO - [2026-08-06T21:27:49.611+0000] {dag.py:3823} INFO - Setting next_dagrun for example_setup_teardown to 2026-08-05 00:00:00+00:00, run_after=2026-08-06 00:00:00+00:00
[2026-08-06T21:27:49.828+0000] {processor.py:183} INFO - Processing /home/airflow/.local/lib/python3.8/site-packages/airflow/example_dags/example_setup_teardown.py took 0.292 seconds
[2026-08-06T21:28:20.624+0000] {processor.py:161} INFO - Started process (PID=2625) to work on /home/airflow/.local/lib/python3.8/site-packages/airflow/example_dags/example_setup_teardown.py
[2026-08-06T21:28:20.626+0000] {processor.py:830} INFO - Processing file /home/airflow/.local/lib/python3.8/site-packages/airflow/example_dags/example_setup_teardown.py for tasks to queue
[2026-08-06T21:28:20.629+0000] {logging_mixin.py:188} INFO - [2026-08-06T21:28:20.628+0000] {dagbag.py:538} INFO - Filling up the DagBag from /home/airflow/.local/lib/python3.8/site-packages/airflow/example_dags/example_setup_teardown.py
[2026-08-06T21:28:20.638+0000] {processor.py:840} INFO - DAG(s) 'example_setup_teardown' retrieved from /home/airflow/.local/lib/python3.8/site-packages/airflow/example_dags/example_setup_teardown.py
[2026-08-06T21:28:20.665+0000] {logging_mixin.py:188} INFO - [2026-08-06T21:28:20.665+0000] {dag.py:3036} INFO - Sync 1 DAGs
[2026-08-06T21:28:20.689+0000] {logging_mixin.py:188} INFO - [2026-08-06T21:28:20.689+0000] {dag.py:3823} INFO - Setting next_dagrun for example_setup_teardown to 2026-08-05 00:00:00+00:00, run_after=2026-08-06 00:00:00+00:00
[2026-08-06T21:28:20.708+0000] {processor.py:183} INFO - Processing /home/airflow/.local/lib/python3.8/site-packages/airflow/example_dags/example_setup_teardown.py took 0.089 seconds
[2026-08-06T21:28:50.933+0000] {processor.py:161} INFO - Started process (PID=2690) to work on /home/airflow/.local/lib/python3.8/site-packages/airflow/example_dags/example_setup_teardown.py
[2026-08-06T21:28:50.935+0000] {processor.py:830} INFO - Processing file /home/airflow/.local/lib/python3.8/site-packages/airflow/example_dags/example_setup_teardown.py for tasks to queue
[2026-08-06T21:28:50.937+0000] {logging_mixin.py:188} INFO - [2026-08-06T21:28:50.937+0000] {dagbag.py:538} INFO - Filling up the DagBag from /home/airflow/.local/lib/python3.8/site-packages/airflow/example_dags/example_setup_teardown.py
[2026-08-06T21:28:50.945+0000] {processor.py:840} INFO - DAG(s) 'example_setup_teardown' retrieved from /home/airflow/.local/lib/python3.8/site-packages/airflow/example_dags/example_setup_teardown.py
[2026-08-06T21:28:50.969+0000] {logging_mixin.py:188} INFO - [2026-08-06T21:28:50.969+0000] {dag.py:3036} INFO - Sync 1 DAGs
[2026-08-06T21:28:50.994+0000] {logging_mixin.py:188} INFO - [2026-08-06T21:28:50.994+0000] {dag.py:3823} INFO - Setting next_dagrun for example_setup_teardown to 2026-08-05 00:00:00+00:00, run_after=2026-08-06 00:00:00+00:00
[2026-08-06T21:28:51.017+0000] {processor.py:183} INFO - Processing /home/airflow/.local/lib/python3.8/site-packages/airflow/example_dags/example_setup_teardown.py took 0.088 seconds
[2026-08-06T21:29:21.781+0000] {processor.py:161} INFO - Started process (PID=2755) to work on /home/airflow/.local/lib/python3.8/site-packages/airflow/example_dags/example_setup_teardown.py
[2026-08-06T21:29:21.782+0000] {processor.py:830} INFO - Processing file /home/airflow/.local/lib/python3.8/site-packages/airflow/example_dags/example_setup_teardown.py for tasks to queue
[2026-08-06T21:29:21.785+0000] {logging_mixin.py:188} INFO - [2026-08-06T21:29:21.784+0000] {dagbag.py:538} INFO - Filling up the DagBag from /home/airflow/.local/lib/python3.8/site-packages/airflow/example_dags/example_setup_teardown.py
[2026-08-06T21:29:21.793+0000] {processor.py:840} INFO - DAG(s) 'example_setup_teardown' retrieved from /home/airflow/.local/lib/python3.8/site-packages/airflow/example_dags/example_setup_teardown.py
[2026-08-06T21:29:21.815+0000] {logging_mixin.py:188} INFO - [2026-08-06T21:29:21.815+0000] {dag.py:3036} INFO - Sync 1 DAGs
[2026-08-06T21:29:21.837+0000] {logging_mixin.py:188} INFO - [2026-08-06T21:29:21.837+0000] {dag.py:3823} INFO - Setting next_dagrun for example_setup_teardown to 2026-08-05 00:00:00+00:00, run_after=2026-08-06 00:00:00+00:00
[2026-08-06T21:29:21.860+0000] {processor.py:183} INFO - Processing /home/airflow/.local/lib/python3.8/site-packages/airflow/example_dags/example_setup_teardown.py took 0.083 seconds
[2026-08-06T21:29:52.641+0000] {processor.py:161} INFO - Started process (PID=2820) to work on /home/airflow/.local/lib/python3.8/site-packages/airflow/example_dags/example_setup_teardown.py
[2026-08-06T21:29:52.642+0000] {processor.py:830} INFO - Processing file /home/airflow/.local/lib/python3.8/site-packages/airflow/example_dags/example_setup_teardown.py for tasks to queue
[2026-08-06T21:29:52.645+0000] {logging_mixin.py:188} INFO - [2026-08-06T21:29:52.644+0000] {dagbag.py:538} INFO - Filling up the DagBag from /home/airflow/.local/lib/python3.8/site-packages/airflow/example_dags/example_setup_teardown.py
[2026-08-06T21:29:52.660+0000] {processor.py:840} INFO - DAG(s) 'example_setup_teardown' retrieved from /home/airflow/.local/lib/python3.8/site-packages/airflow/example_dags/example_setup_teardown.py
[2026-08-06T21:29:52.694+0000] {logging_mixin.py:188} INFO - [2026-08-06T21:29:52.694+0000] {dag.py:3036} INFO - Sync 1 DAGs
[2026-08-06T21:29:52.735+0000] {logging_mixin.py:188} INFO - [2026-08-06T21:29:52.735+0000] {dag.py:3823} INFO - Setting next_dagrun for example_setup_teardown to 2026-08-05 00:00:00+00:00, run_after=2026-08-06 00:00:00+00:00
[2026-08-06T21:29:52.767+0000] {processor.py:183} INFO - Processing /home/airflow/.local/lib/python3.8/site-packages/airflow/example_dags/example_setup_teardown.py took 0.131 seconds
[2026-08-06T21:30:23.173+0000] {processor.py:161} INFO - Started process (PID=2885) to work on /home/airflow/.local/lib/python3.8/site-packages/airflow/example_dags/example_setup_teardown.py
[2026-08-06T21:30:23.175+0000] {processor.py:830} INFO - Processing file /home/airflow/.local/lib/python3.8/site-packages/airflow/example_dags/example_setup_teardown.py for tasks to queue
[2026-08-06T21:30:23.178+0000] {logging_mixin.py:188} INFO - [2026-08-06T21:30:23.177+0000] {dagbag.py:538} INFO - Filling up the DagBag from /home/airflow/.local/lib/python3.8/site-packages/airflow/example_dags/example_setup_teardown.py
[2026-08-06T21:30:23.187+0000] {processor.py:840} INFO - DAG(s) 'example_setup_teardown' retrieved from /home/airflow/.local/lib/python3.8/site-packages/airflow/example_dags/example_setup_teardown.py
[2026-08-06T21:30:23.215+0000] {logging_mixin.py:188} INFO - [2026-08-06T21:30:23.214+0000] {dag.py:3036} INFO - Sync 1 DAGs
[2026-08-06T21:30:23.244+0000] {logging_mixin.py:188} INFO - [2026-08-06T21:30:23.243+0000] {dag.py:3823} INFO - Setting next_dagrun for example_setup_teardown to 2026-08-05 00:00:00+00:00, run_after=2026-08-06 00:00:00+00:00
[2026-08-06T21:30:23.270+0000] {processor.py:183} INFO - Processing /home/airflow/.local/lib/python3.8/site-packages/airflow/example_dags/example_setup_teardown.py took 0.101 seconds
[2026-08-06T21:30:53.418+0000] {processor.py:161} INFO - Started process (PID=2962) to work on /home/airflow/.local/lib/python3.8/site-packages/airflow/example_dags/example_setup_teardown.py
[2026-08-06T21:30:53.420+0000] {processor.py:830} INFO - Processing file /home/airflow/.local/lib/python3.8/site-packages/airflow/example_dags/example_setup_teardown.py for tasks to queue
[2026-08-06T21:30:53.422+0000] {logging_mixin.py:188} INFO - [2026-08-06T21:30:53.421+0000] {dagbag.py:538} INFO - Filling up the DagBag from /home/airflow/.local/lib/python3.8/site-packages/airflow/example_dags/example_setup_teardown.py
[2026-08-06T21:30:53.432+0000] {processor.py:840} INFO - DAG(s) 'example_setup_teardown' retrieved from /home/airflow/.local/lib/python3.8/site-packages/airflow/example_dags/example_setup_teardown.py
[2026-08-06T21:30:53.458+0000] {logging_mixin.py:188} INFO - [2026-08-06T21:30:53.457+0000] {dag.py:3036} INFO - Sync 1 DAGs
[2026-08-06T21:30:53.485+0000] {logging_mixin.py:188} INFO - [2026-08-06T21:30:53.485+0000] {dag.py:3823} INFO - Setting next_dagrun for example_setup_teardown to 2026-08-05 00:00:00+00:00, run_after=2026-08-06 00:00:00+00:00
[2026-08-06T21:30:53.512+0000] {processor.py:183} INFO - Processing /home/airflow/.local/lib/python3.8/site-packages/airflow/example_dags/example_setup_teardown.py took 0.097 seconds
[2026-08-06T21:31:24.382+0000] {processor.py:161} INFO - Started process (PID=3043) to work on /home/airflow/.local/lib/python3.8/site-packages/airflow/example_dags/example_setup_teardown.py
[2026-08-06T21:31:24.384+0000] {processor.py:830} INFO - Processing file /home/airflow/.local/lib/python3.8/site-packages/airflow/example_dags/example_setup_teardown.py for tasks to queue
[2026-08-06T21:31:24.389+0000] {logging_mixin.py:188} INFO - [2026-08-06T21:31:24.388+0000] {dagbag.py:538} INFO - Filling up the DagBag from /home/airflow/.local/lib/python3.8/site-packages/airflow/example_dags/example_setup_teardown.py
[2026-08-06T21:31:24.401+0000] {processor.py:840} INFO - DAG(s) 'example_setup_teardown' retrieved from /home/airflow/.local/lib/python3.8/site-packages/airflow/example_dags/example_setup_teardown.py
[2026-08-06T21:31:24.433+0000] {logging_mixin.py:188} INFO - [2026-08-06T21:31:24.433+0000] {dag.py:3036} INFO - Sync 1 DAGs
[2026-08-06T21:31:24.466+0000] {logging_mixin.py:188} INFO - [2026-08-06T21:31:24.466+0000] {dag.py:3823} INFO - Setting next_dagrun for example_setup_teardown to 2026-08-05 00:00:00+00:00, run_after=2026-08-06 00:00:00+00:00
[2026-08-06T21:31:24.502+0000] {processor.py:183} INFO - Processing /home/airflow/.local/lib/python3.8/site-packages/airflow/example_dags/example_setup_teardown.py took 0.124 seconds
[2026-08-06T21:31:54.812+0000] {processor.py:161} INFO - Started process (PID=3108) to work on /home/airflow/.local/lib/python3.8/site-packages/airflow/example_dags/example_setup_teardown.py
[2026-08-06T21:31:54.813+0000] {processor.py:830} INFO - Processing file /home/airflow/.local/lib/python3.8/site-packages/airflow/example_dags/example_setup_teardown.py for tasks to queue
[2026-08-06T21:31:54.816+0000] {logging_mixin.py:188} INFO - [2026-08-06T21:31:54.815+0000] {dagbag.py:538} INFO - Filling up the DagBag from /home/airflow/.local/lib/python3.8/site-packages/airflow/example_dags/example_setup_teardown.py
[2026-08-06T21:31:54.825+0000] {processor.py:840} INFO - DAG(s) 'example_setup_teardown' retrieved from /home/airflow/.local/lib/python3.8/site-packages/airflow/example_dags/example_setup_teardown.py
[2026-08-06T21:31:54.848+0000] {logging_mixin.py:188} INFO - [2026-08-06T21:31:54.848+0000] {dag.py:3036} INFO - Sync 1 DAGs
[2026-08-06T21:31:54.871+0000] {logging_mixin.py:188} INFO - [2026-08-06T21:31:54.870+0000] {dag.py:3823} INFO - Setting next_dagrun for example_setup_teardown to 2026-08-05 00:00:00+00:00, run_after=2026-08-06 00:00:00+00:00
[2026-08-06T21:31:54.893+0000] {processor.py:183} INFO - Processing /home/airflow/.local/lib/python3.8/site-packages/airflow/example_dags/example_setup_teardown.py took 0.085 seconds
[2026-08-06T21:32:25.454+0000] {processor.py:161} INFO - Started process (PID=3173) to work on /home/airflow/.local/lib/python3.8/site-packages/airflow/example_dags/example_setup_teardown.py
[2026-08-06T21:32:25.456+0000] {processor.py:830} INFO - Processing file /home/airflow/.local/lib/python3.8/site-packages/airflow/example_dags/example_setup_teardown.py for tasks to queue
[2026-08-06T21:32:25.458+0000] {logging_mixin.py:188} INFO - [2026-08-06T21:32:25.457+0000] {dagbag.py:538} INFO - Filling up the DagBag from /home/airflow/.local/lib/python3.8/site-packages/airflow/example_dags/example_setup_teardown.py
[2026-08-06T21:32:25.467+0000] {processor.py:840} INFO - DAG(s) 'example_setup_teardown' retrieved from /home/airflow/.local/lib/python3.8/site-packages/airflow/example_dags/example_setup_teardown.py
[2026-08-06T21:32:25.489+0000] {logging_mixin.py:188} INFO - [2026-08-06T21:32:25.489+0000] {dag.py:3036} INFO - Sync 1 DAGs
[2026-08-06T21:32:25.513+0000] {logging_mixin.py:188} INFO - [2026-08-06T21:32:25.513+0000] {dag.py:3823} INFO - Setting next_dagrun for example_setup_teardown to 2026-08-05 00:00:00+00:00, run_after=2026-08-06 00:00:00+00:00
[2026-08-06T21:32:25.535+0000] {processor.py:183} INFO - Processing /home/airflow/.local/lib/python3.8/site-packages/airflow/example_dags/example_setup_teardown.py took 0.084 seconds
[2026-08-06T21:32:56.002+0000] {processor.py:161} INFO - Started process (PID=3238) to work on /home/airflow/.local/lib/python3.8/site-packages/airflow/example_dags/example_setup_teardown.py
[2026-08-06T21:32:56.004+0000] {processor.py:830} INFO - Processing file /home/airflow/.local/lib/python3.8/site-packages/airflow/example_dags/example_setup_teardown.py for tasks to queue
[2026-08-06T21:32:56.006+0000] {logging_mixin.py:188} INFO - [2026-08-06T21:32:56.006+0000] {dagbag.py:538} INFO - Filling up the DagBag from /home/airflow/.local/lib/python3.8/site-packages/airflow/example_dags/example_setup_teardown.py
[2026-08-06T21:32:56.014+0000] {processor.py:840} INFO - DAG(s) 'example_setup_teardown' retrieved from /home/airflow/.local/lib/python3.8/site-packages/airflow/example_dags/example_setup_teardown.py
[2026-08-06T21:32:56.037+0000] {logging_mixin.py:188} INFO - [2026-08-06T21:32:56.036+0000] {dag.py:3036} INFO - Sync 1 DAGs
[2026-08-06T21:32:56.060+0000] {logging_mixin.py:188} INFO - [2026-08-06T21:32:56.060+0000] {dag.py:3823} INFO - Setting next_dagrun for example_setup_teardown to 2026-08-05 00:00:00+00:00, run_after=2026-08-06 00:00:00+00:00
[2026-08-06T21:32:56.081+0000] {processor.py:183} INFO - Processing /home/airflow/.local/lib/python3.8/site-packages/airflow/example_dags/example_setup_teardown.py took 0.083 seconds
[2026-08-06T21:33:26.577+0000] {processor.py:161} INFO - Started process (PID=3311) to work on /home/airflow/.local/lib/python3.8/site-packages/airflow/example_dags/example_setup_teardown.py
[2026-08-06T21:33:26.579+0000] {processor.py:830} INFO - Processing file /home/airflow/.local/lib/python3.8/site-packages/airflow/example_dags/example_setup_teardown.py for tasks to queue
[2026-08-06T21:33:26.581+0000] {logging_mixin.py:188} INFO - [2026-08-06T21:33:26.580+0000] {dagbag.py:538} INFO - Filling up the DagBag from /home/airflow/.local/lib/python3.8/site-packages/airflow/example_dags/example_setup_teardown.py
[2026-08-06T21:33:26.589+0000] {processor.py:840} INFO - DAG(s) 'example_setup_teardown' retrieved from /home/airflow/.local/lib/python3.8/site-packages/airflow/example_dags/example_setup_teardown.py
[2026-08-06T21:33:26.612+0000] {logging_mixin.py:188} INFO - [2026-08-06T21:33:26.612+0000] {dag.py:3036} INFO - Sync 1 DAGs
[2026-08-06T21:33:26.635+0000] {logging_mixin.py:188} INFO - [2026-08-06T21:33:26.635+0000] {dag.py:3823} INFO - Setting next_dagrun for example_setup_teardown to 2026-08-05 00:00:00+00:00, run_after=2026-08-06 00:00:00+00:00
[2026-08-06T21:33:26.659+0000] {processor.py:183} INFO - Processing /home/airflow/.local/lib/python3.8/site-packages/airflow/example_dags/example_setup_teardown.py took 0.085 seconds
[2026-08-06T21:33:57.163+0000] {processor.py:161} INFO - Started process (PID=3376) to work on /home/airflow/.local/lib/python3.8/site-packages/airflow/example_dags/example_setup_teardown.py
[2026-08-06T21:33:57.165+0000] {processor.py:830} INFO - Processing file /home/airflow/.local/lib/python3.8/site-packages/airflow/example_dags/example_setup_teardown.py for tasks to queue
[2026-08-06T21:33:57.168+0000] {logging_mixin.py:188} INFO - [2026-08-06T21:33:57.168+0000] {dagbag.py:538} INFO - Filling up the DagBag from /home/airflow/.local/lib/python3.8/site-packages/airflow/example_dags/example_setup_teardown.py
[2026-08-06T21:33:57.176+0000] {processor.py:840} INFO - DAG(s) 'example_setup_teardown' retrieved from /home/airflow/.local/lib/python3.8/site-packages/airflow/example_dags/example_setup_teardown.py
[2026-08-06T21:33:57.201+0000] {logging_mixin.py:188} INFO - [2026-08-06T21:33:57.201+0000] {dag.py:3036} INFO - Sync 1 DAGs
[2026-08-06T21:33:57.225+0000] {logging_mixin.py:188} INFO - [2026-08-06T21:33:57.225+0000] {dag.py:3823} INFO - Setting next_dagrun for example_setup_teardown to 2026-08-05 00:00:00+00:00, run_after=2026-08-06 00:00:00+00:00
[2026-08-06T21:33:57.252+0000] {processor.py:183} INFO - Processing /home/airflow/.local/lib/python3.8/site-packages/airflow/example_dags/example_setup_teardown.py took 0.092 seconds
[2026-08-06T21:34:28.318+0000] {processor.py:161} INFO - Started process (PID=3442) to work on /home/airflow/.local/lib/python3.8/site-packages/airflow/example_dags/example_setup_teardown.py
[2026-08-06T21:34:28.320+0000] {processor.py:830} INFO - Processing file /home/airflow/.local/lib/python3.8/site-packages/airflow/example_dags/example_setup_teardown.py for tasks to queue
[2026-08-06T21:34:28.325+0000] {logging_mixin.py:188} INFO - [2026-08-06T21:34:28.324+0000] {dagbag.py:538} INFO - Filling up the DagBag from /home/airflow/.local/lib/python3.8/site-packages/airflow/example_dags/example_setup_teardown.py
[2026-08-06T21:34:28.335+0000] {processor.py:840} INFO - DAG(s) 'example_setup_teardown' retrieved from /home/airflow/.local/lib/python3.8/site-packages/airflow/example_dags/example_setup_teardown.py
[2026-08-06T21:34:28.367+0000] {logging_mixin.py:188} INFO - [2026-08-06T21:34:28.367+0000] {dag.py:3036} INFO - Sync 1 DAGs
[2026-08-06T21:34:28.408+0000] {logging_mixin.py:188} INFO - [2026-08-06T21:34:28.403+0000] {dag.py:3823} INFO - Setting next_dagrun for example_setup_teardown to 2026-08-05 00:00:00+00:00, run_after=2026-08-06 00:00:00+00:00
[2026-08-06T21:34:28.465+0000] {processor.py:183} INFO - Processing /home/airflow/.local/lib/python3.8/site-packages/airflow/example_dags/example_setup_teardown.py took 0.152 seconds
[2026-08-06T21:34:58.799+0000] {processor.py:161} INFO - Started process (PID=3507) to work on /home/airflow/.local/lib/python3.8/site-packages/airflow/example_dags/example_setup_teardown.py
[2026-08-06T21:34:58.801+0000] {processor.py:830} INFO - Processing file /home/airflow/.local/lib/python3.8/site-packages/airflow/example_dags/example_setup_teardown.py for tasks to queue
[2026-08-06T21:34:58.804+0000] {logging_mixin.py:188} INFO - [2026-08-06T21:34:58.803+0000] {dagbag.py:538} INFO - Filling up the DagBag from /home/airflow/.local/lib/python3.8/site-packages/airflow/example_dags/example_setup_teardown.py
[2026-08-06T21:34:58.815+0000] {processor.py:840} INFO - DAG(s) 'example_setup_teardown' retrieved from /home/airflow/.local/lib/python3.8/site-packages/airflow/example_dags/example_setup_teardown.py
[2026-08-06T21:34:58.843+0000] {logging_mixin.py:188} INFO - [2026-08-06T21:34:58.843+0000] {dag.py:3036} INFO - Sync 1 DAGs
[2026-08-06T21:34:58.871+0000] {logging_mixin.py:188} INFO - [2026-08-06T21:34:58.871+0000] {dag.py:3823} INFO - Setting next_dagrun for example_setup_teardown to 2026-08-05 00:00:00+00:00, run_after=2026-08-06 00:00:00+00:00
[2026-08-06T21:34:58.892+0000] {processor.py:183} INFO - Processing /home/airflow/.local/lib/python3.8/site-packages/airflow/example_dags/example_setup_teardown.py took 0.098 seconds
[2026-08-06T21:35:29.201+0000] {processor.py:161} INFO - Started process (PID=3572) to work on /home/airflow/.local/lib/python3.8/site-packages/airflow/example_dags/example_setup_teardown.py
[2026-08-06T21:35:29.202+0000] {processor.py:830} INFO - Processing file /home/airflow/.local/lib/python3.8/site-packages/airflow/example_dags/example_setup_teardown.py for tasks to queue
[2026-08-06T21:35:29.207+0000] {logging_mixin.py:188} INFO - [2026-08-06T21:35:29.206+0000] {dagbag.py:538} INFO - Filling up the DagBag from /home/airflow/.local/lib/python3.8/site-packages/airflow/example_dags/example_setup_teardown.py
[2026-08-06T21:35:29.217+0000] {processor.py:840} INFO - DAG(s) 'example_setup_teardown' retrieved from /home/airflow/.local/lib/python3.8/site-packages/airflow/example_dags/example_setup_teardown.py
[2026-08-06T21:35:29.249+0000] {logging_mixin.py:188} INFO - [2026-08-06T21:35:29.249+0000] {dag.py:3036} INFO - Sync 1 DAGs
[2026-08-06T21:35:29.279+0000] {logging_mixin.py:188} INFO - [2026-08-06T21:35:29.279+0000] {dag.py:3823} INFO - Setting next_dagrun for example_setup_teardown to 2026-08-05 00:00:00+00:00, run_after=2026-08-06 00:00:00+00:00
[2026-08-06T21:35:29.311+0000] {processor.py:183} INFO - Processing /home/airflow/.local/lib/python3.8/site-packages/airflow/example_dags/example_setup_teardown.py took 0.114 seconds
[2026-08-06T21:36:00.132+0000] {processor.py:161} INFO - Started process (PID=3637) to work on /home/airflow/.local/lib/python3.8/site-packages/airflow/example_dags/example_setup_teardown.py
[2026-08-06T21:36:00.133+0000] {processor.py:830} INFO - Processing file /home/airflow/.local/lib/python3.8/site-packages/airflow/example_dags/example_setup_teardown.py for tasks to queue
[2026-08-06T21:36:00.135+0000] {logging_mixin.py:188} INFO - [2026-08-06T21:36:00.135+0000] {dagbag.py:538} INFO - Filling up the DagBag from /home/airflow/.local/lib/python3.8/site-packages/airflow/example_dags/example_setup_teardown.py
[2026-08-06T21:36:00.143+0000] {processor.py:840} INFO - DAG(s) 'example_setup_teardown' retrieved from /home/airflow/.local/lib/python3.8/site-packages/airflow/example_dags/example_setup_teardown.py
[2026-08-06T21:36:00.167+0000] {logging_mixin.py:188} INFO - [2026-08-06T21:36:00.167+0000] {dag.py:3036} INFO - Sync 1 DAGs
[2026-08-06T21:36:00.192+0000] {logging_mixin.py:188} INFO - [2026-08-06T21:36:00.191+0000] {dag.py:3823} INFO - Setting next_dagrun for example_setup_teardown to 2026-08-05 00:00:00+00:00, run_after=2026-08-06 00:00:00+00:00
[2026-08-06T21:36:00.215+0000] {processor.py:183} INFO - Processing /home/airflow/.local/lib/python3.8/site-packages/airflow/example_dags/example_setup_teardown.py took 0.087 seconds
[2026-08-06T21:36:31.084+0000] {processor.py:161} INFO - Started process (PID=3702) to work on /home/airflow/.local/lib/python3.8/site-packages/airflow/example_dags/example_setup_teardown.py
[2026-08-06T21:36:31.086+0000] {processor.py:830} INFO - Processing file /home/airflow/.local/lib/python3.8/site-packages/airflow/example_dags/example_setup_teardown.py for tasks to queue
[2026-08-06T21:36:31.088+0000] {logging_mixin.py:188} INFO - [2026-08-06T21:36:31.088+0000] {dagbag.py:538} INFO - Filling up the DagBag from /home/airflow/.local/lib/python3.8/site-packages/airflow/example_dags/example_setup_teardown.py
[2026-08-06T21:36:31.098+0000] {processor.py:840} INFO - DAG(s) 'example_setup_teardown' retrieved from /home/airflow/.local/lib/python3.8/site-packages/airflow/example_dags/example_setup_teardown.py
[2026-08-06T21:36:31.121+0000] {logging_mixin.py:188} INFO - [2026-08-06T21:36:31.121+0000] {dag.py:3036} INFO - Sync 1 DAGs
[2026-08-06T21:36:31.145+0000] {logging_mixin.py:188} INFO - [2026-08-06T21:36:31.144+0000] {dag.py:3823} INFO - Setting next_dagrun for example_setup_teardown to 2026-08-05 00:00:00+00:00, run_after=2026-08-06 00:00:00+00:00
[2026-08-06T21:36:31.169+0000] {processor.py:183} INFO - Processing /home/airflow/.local/lib/python3.8/site-packages/airflow/example_dags/example_setup_teardown.py took 0.088 seconds
[2026-08-06T21:37:01.555+0000] {processor.py:161} INFO - Started process (PID=3767) to work on /home/airflow/.local/lib/python3.8/site-packages/airflow/example_dags/example_setup_teardown.py
[2026-08-06T21:37:01.556+0000] {processor.py:830} INFO - Processing file /home/airflow/.local/lib/python3.8/site-packages/airflow/example_dags/example_setup_teardown.py for tasks to queue
[2026-08-06T21:37:01.560+0000] {logging_mixin.py:188} INFO - [2026-08-06T21:37:01.559+0000] {dagbag.py:538} INFO - Filling up the DagBag from /home/airflow/.local/lib/python3.8/site-packages/airflow/example_dags/example_setup_teardown.py
[2026-08-06T21:37:01.570+0000] {processor.py:840} INFO - DAG(s) 'example_setup_teardown' retrieved from /home/airflow/.local/lib/python3.8/site-packages/airflow/example_dags/example_setup_teardown.py
[2026-08-06T21:37:01.597+0000] {logging_mixin.py:188} INFO - [2026-08-06T21:37:01.597+0000] {dag.py:3036} INFO - Sync 1 DAGs
[2026-08-06T21:37:01.622+0000] {logging_mixin.py:188} INFO - [2026-08-06T21:37:01.621+0000] {dag.py:3823} INFO - Setting next_dagrun for example_setup_teardown to 2026-08-05 00:00:00+00:00, run_after=2026-08-06 00:00:00+00:00
[2026-08-06T21:37:01.649+0000] {processor.py:183} INFO - Processing /home/airflow/.local/lib/python3.8/site-packages/airflow/example_dags/example_setup_teardown.py took 0.099 seconds
[2026-08-06T21:37:32.030+0000] {processor.py:161} INFO - Started process (PID=3832) to work on /home/airflow/.local/lib/python3.8/site-packages/airflow/example_dags/example_setup_teardown.py
[2026-08-06T21:37:32.032+0000] {processor.py:830} INFO - Processing file /home/airflow/.local/lib/python3.8/site-packages/airflow/example_dags/example_setup_teardown.py for tasks to queue
[2026-08-06T21:37:32.036+0000] {logging_mixin.py:188} INFO - [2026-08-06T21:37:32.035+0000] {dagbag.py:538} INFO - Filling up the DagBag from /home/airflow/.local/lib/python3.8/site-packages/airflow/example_dags/example_setup_teardown.py
[2026-08-06T21:37:32.055+0000] {processor.py:840} INFO - DAG(s) 'example_setup_teardown' retrieved from /home/airflow/.local/lib/python3.8/site-packages/airflow/example_dags/example_setup_teardown.py
[2026-08-06T21:37:32.115+0000] {logging_mixin.py:188} INFO - [2026-08-06T21:37:32.114+0000] {dag.py:3036} INFO - Sync 1 DAGs
[2026-08-06T21:37:32.161+0000] {logging_mixin.py:188} INFO - [2026-08-06T21:37:32.161+0000] {dag.py:3823} INFO - Setting next_dagrun for example_setup_teardown to 2026-08-05 00:00:00+00:00, run_after=2026-08-06 00:00:00+00:00
[2026-08-06T21:37:32.208+0000] {processor.py:183} INFO - Processing /home/airflow/.local/lib/python3.8/site-packages/airflow/example_dags/example_setup_teardown.py took 0.188 seconds
[2026-08-06T21:38:02.353+0000] {processor.py:161} INFO - Started process (PID=3902) to work on /home/airflow/.local/lib/python3.8/site-packages/airflow/example_dags/example_setup_teardown.py
[2026-08-06T21:38:02.354+0000] {processor.py:830} INFO - Processing file /home/airflow/.local/lib/python3.8/site-packages/airflow/example_dags/example_setup_teardown.py for tasks to queue
[2026-08-06T21:38:02.357+0000] {logging_mixin.py:188} INFO - [2026-08-06T21:38:02.356+0000] {dagbag.py:538} INFO - Filling up the DagBag from /home/airflow/.local/lib/python3.8/site-packages/airflow/example_dags/example_setup_teardown.py
[2026-08-06T21:38:02.366+0000] {processor.py:840} INFO - DAG(s) 'example_setup_teardown' retrieved from /home/airflow/.local/lib/python3.8/site-packages/airflow/example_dags/example_setup_teardown.py
[2026-08-06T21:38:02.389+0000] {logging_mixin.py:188} INFO - [2026-08-06T21:38:02.389+0000] {dag.py:3036} INFO - Sync 1 DAGs
[2026-08-06T21:38:02.411+0000] {logging_mixin.py:188} INFO - [2026-08-06T21:38:02.411+0000] {dag.py:3823} INFO - Setting next_dagrun for example_setup_teardown to 2026-08-05 00:00:00+00:00, run_after=2026-08-06 00:00:00+00:00
[2026-08-06T21:38:02.434+0000] {processor.py:183} INFO - Processing /home/airflow/.local/lib/python3.8/site-packages/airflow/example_dags/example_setup_teardown.py took 0.085 seconds
[2026-08-06T21:38:32.761+0000] {processor.py:161} INFO - Started process (PID=3967) to work on /home/airflow/.local/lib/python3.8/site-packages/airflow/example_dags/example_setup_teardown.py
[2026-08-06T21:38:32.762+0000] {processor.py:830} INFO - Processing file /home/airflow/.local/lib/python3.8/site-packages/airflow/example_dags/example_setup_teardown.py for tasks to queue
[2026-08-06T21:38:32.764+0000] {logging_mixin.py:188} INFO - [2026-08-06T21:38:32.764+0000] {dagbag.py:538} INFO - Filling up the DagBag from /home/airflow/.local/lib/python3.8/site-packages/airflow/example_dags/example_setup_teardown.py
[2026-08-06T21:38:32.771+0000] {processor.py:840} INFO - DAG(s) 'example_setup_teardown' retrieved from /home/airflow/.local/lib/python3.8/site-packages/airflow/example_dags/example_setup_teardown.py
[2026-08-06T21:38:32.792+0000] {logging_mixin.py:188} INFO - [2026-08-06T21:38:32.792+0000] {dag.py:3036} INFO - Sync 1 DAGs
[2026-08-06T21:38:32.813+0000] {logging_mixin.py:188} INFO - [2026-08-06T21:38:32.813+0000] {dag.py:3823} INFO - Setting next_dagrun for example_setup_teardown to 2026-08-05 00:00:00+00:00, run_after=2026-08-06 00:00:00+00:00
[2026-08-06T21:38:32.835+0000] {processor.py:183} INFO - Processing /home/airflow/.local/lib/python3.8/site-packages/airflow/example_dags/example_setup_teardown.py took 0.078 seconds
[2026-08-06T21:39:03.529+0000] {processor.py:161} INFO - Started process (PID=4032) to work on /home/airflow/.local/lib/python3.8/site-packages/airflow/example_dags/example_setup_teardown.py
[2026-08-06T21:39:03.530+0000] {processor.py:830} INFO - Processing file /home/airflow/.local/lib/python3.8/site-packages/airflow/example_dags/example_setup_teardown.py for tasks to queue
[2026-08-06T21:39:03.532+0000] {logging_mixin.py:188} INFO - [2026-08-06T21:39:03.532+0000] {dagbag.py:538} INFO - Filling up the DagBag from /home/airflow/.local/lib/python3.8/site-packages/airflow/example_dags/example_setup_teardown.py
[2026-08-06T21:39:03.539+0000] {processor.py:840} INFO - DAG(s) 'example_setup_teardown' retrieved from /home/airflow/.local/lib/python3.8/site-packages/airflow/example_dags/example_setup_teardown.py
[2026-08-06T21:39:03.567+0000] {logging_mixin.py:188} INFO - [2026-08-06T21:39:03.567+0000] {dag.py:3036} INFO - Sync 1 DAGs
[2026-08-06T21:39:03.591+0000] {logging_mixin.py:188} INFO - [2026-08-06T21:39:03.591+0000] {dag.py:3823} INFO - Setting next_dagrun for example_setup_teardown to 2026-08-05 00:00:00+00:00, run_after=2026-08-06 00:00:00+00:00
[2026-08-06T21:39:03.616+0000] {processor.py:183} INFO - Processing /home/airflow/.local/lib/python3.8/site-packages/airflow/example_dags/example_setup_teardown.py took 0.091 seconds
[2026-08-06T21:39:33.704+0000] {processor.py:161} INFO - Started process (PID=4097) to work on /home/airflow/.local/lib/python3.8/site-packages/airflow/example_dags/example_setup_teardown.py
[2026-08-06T21:39:33.706+0000] {processor.py:830} INFO - Processing file /home/airflow/.local/lib/python3.8/site-packages/airflow/example_dags/example_setup_teardown.py for tasks to queue
[2026-08-06T21:39:33.708+0000] {logging_mixin.py:188} INFO - [2026-08-06T21:39:33.707+0000] {dagbag.py:538} INFO - Filling up the DagBag from /home/airflow/.local/lib/python3.8/site-packages/airflow/example_dags/example_setup_teardown.py
[2026-08-06T21:39:33.715+0000] {processor.py:840} INFO - DAG(s) 'example_setup_teardown' retrieved from /home/airflow/.local/lib/python3.8/site-packages/airflow/example_dags/example_setup_teardown.py
[2026-08-06T21:39:33.739+0000] {logging_mixin.py:188} INFO - [2026-08-06T21:39:33.739+0000] {dag.py:3036} INFO - Sync 1 DAGs
[2026-08-06T21:39:33.763+0000] {logging_mixin.py:188} INFO - [2026-08-06T21:39:33.762+0000] {dag.py:3823} INFO - Setting next_dagrun for example_setup_teardown to 2026-08-05 00:00:00+00:00, run_after=2026-08-06 00:00:00+00:00
[2026-08-06T21:39:33.789+0000] {processor.py:183} INFO - Processing /home/airflow/.local/lib/python3.8/site-packages/airflow/example_dags/example_setup_teardown.py took 0.088 seconds
[2026-08-06T21:40:03.910+0000] {processor.py:161} INFO - Started process (PID=4167) to work on /home/airflow/.local/lib/python3.8/site-packages/airflow/example_dags/example_setup_teardown.py
[2026-08-06T21:40:03.911+0000] {processor.py:830} INFO - Processing file /home/airflow/.local/lib/python3.8/site-packages/airflow/example_dags/example_setup_teardown.py for tasks to queue
[2026-08-06T21:40:03.913+0000] {logging_mixin.py:188} INFO - [2026-08-06T21:40:03.913+0000] {dagbag.py:538} INFO - Filling up the DagBag from /home/airflow/.local/lib/python3.8/site-packages/airflow/example_dags/example_setup_teardown.py
[2026-08-06T21:40:03.921+0000] {processor.py:840} INFO - DAG(s) 'example_setup_teardown' retrieved from /home/airflow/.local/lib/python3.8/site-packages/airflow/example_dags/example_setup_teardown.py
[2026-08-06T21:40:03.946+0000] {logging_mixin.py:188} INFO - [2026-08-06T21:40:03.946+0000] {dag.py:3036} INFO - Sync 1 DAGs
[2026-08-06T21:40:03.971+0000] {logging_mixin.py:188} INFO - [2026-08-06T21:40:03.971+0000] {dag.py:3823} INFO - Setting next_dagrun for example_setup_teardown to 2026-08-05 00:00:00+00:00, run_after=2026-08-06 00:00:00+00:00
[2026-08-06T21:40:03.997+0000] {processor.py:183} INFO - Processing /home/airflow/.local/lib/python3.8/site-packages/airflow/example_dags/example_setup_teardown.py took 0.092 seconds
[2026-08-06T21:40:34.707+0000] {processor.py:161} INFO - Started process (PID=4238) to work on /home/airflow/.local/lib/python3.8/site-packages/airflow/example_dags/example_setup_teardown.py
[2026-08-06T21:40:34.709+0000] {processor.py:830} INFO - Processing file /home/airflow/.local/lib/python3.8/site-packages/airflow/example_dags/example_setup_teardown.py for tasks to queue
[2026-08-06T21:40:34.713+0000] {logging_mixin.py:188} INFO - [2026-08-06T21:40:34.713+0000] {dagbag.py:538} INFO - Filling up the DagBag from /home/airflow/.local/lib/python3.8/site-packages/airflow/example_dags/example_setup_teardown.py
[2026-08-06T21:40:34.725+0000] {processor.py:840} INFO - DAG(s) 'example_setup_teardown' retrieved from /home/airflow/.local/lib/python3.8/site-packages/airflow/example_dags/example_setup_teardown.py
[2026-08-06T21:40:34.756+0000] {logging_mixin.py:188} INFO - [2026-08-06T21:40:34.755+0000] {dag.py:3036} INFO - Sync 1 DAGs
[2026-08-06T21:40:34.789+0000] {logging_mixin.py:188} INFO - [2026-08-06T21:40:34.789+0000] {dag.py:3823} INFO - Setting next_dagrun for example_setup_teardown to 2026-08-05 00:00:00+00:00, run_after=2026-08-06 00:00:00+00:00
[2026-08-06T21:40:34.821+0000] {processor.py:183} INFO - Processing /home/airflow/.local/lib/python3.8/site-packages/airflow/example_dags/example_setup_teardown.py took 0.120 seconds
[2026-08-06T21:41:04.895+0000] {processor.py:161} INFO - Started process (PID=4303) to work on /home/airflow/.local/lib/python3.8/site-packages/airflow/example_dags/example_setup_teardown.py
[2026-08-06T21:41:04.897+0000] {processor.py:830} INFO - Processing file /home/airflow/.local/lib/python3.8/site-packages/airflow/example_dags/example_setup_teardown.py for tasks to queue
[2026-08-06T21:41:04.899+0000] {logging_mixin.py:188} INFO - [2026-08-06T21:41:04.898+0000] {dagbag.py:538} INFO - Filling up the DagBag from /home/airflow/.local/lib/python3.8/site-packages/airflow/example_dags/example_setup_teardown.py
[2026-08-06T21:41:04.906+0000] {processor.py:840} INFO - DAG(s) 'example_setup_teardown' retrieved from /home/airflow/.local/lib/python3.8/site-packages/airflow/example_dags/example_setup_teardown.py
[2026-08-06T21:41:04.935+0000] {logging_mixin.py:188} INFO - [2026-08-06T21:41:04.934+0000] {dag.py:3036} INFO - Sync 1 DAGs
[2026-08-06T21:41:04.963+0000] {logging_mixin.py:188} INFO - [2026-08-06T21:41:04.963+0000] {dag.py:3823} INFO - Setting next_dagrun for example_setup_teardown to 2026-08-05 00:00:00+00:00, run_after=2026-08-06 00:00:00+00:00
[2026-08-06T21:41:04.982+0000] {processor.py:183} INFO - Processing /home/airflow/.local/lib/python3.8/site-packages/airflow/example_dags/example_setup_teardown.py took 0.091 seconds
[2026-08-06T21:41:35.820+0000] {processor.py:161} INFO - Started process (PID=4368) to work on /home/airflow/.local/lib/python3.8/site-packages/airflow/example_dags/example_setup_teardown.py
[2026-08-06T21:41:35.822+0000] {processor.py:830} INFO - Processing file /home/airflow/.local/lib/python3.8/site-packages/airflow/example_dags/example_setup_teardown.py for tasks to queue
[2026-08-06T21:41:35.829+0000] {logging_mixin.py:188} INFO - [2026-08-06T21:41:35.829+0000] {dagbag.py:538} INFO - Filling up the DagBag from /home/airflow/.local/lib/python3.8/site-packages/airflow/example_dags/example_setup_teardown.py
[2026-08-06T21:41:35.836+0000] {processor.py:840} INFO - DAG(s) 'example_setup_teardown' retrieved from /home/airflow/.local/lib/python3.8/site-packages/airflow/example_dags/example_setup_teardown.py
[2026-08-06T21:41:35.856+0000] {logging_mixin.py:188} INFO - [2026-08-06T21:41:35.856+0000] {dag.py:3036} INFO - Sync 1 DAGs
[2026-08-06T21:41:35.877+0000] {logging_mixin.py:188} INFO - [2026-08-06T21:41:35.877+0000] {dag.py:3823} INFO - Setting next_dagrun for example_setup_teardown to 2026-08-05 00:00:00+00:00, run_after=2026-08-06 00:00:00+00:00
[2026-08-06T21:41:35.895+0000] {processor.py:183} INFO - Processing /home/airflow/.local/lib/python3.8/site-packages/airflow/example_dags/example_setup_teardown.py took 0.079 seconds
[2026-08-06T21:42:06.393+0000] {processor.py:161} INFO - Started process (PID=4433) to work on /home/airflow/.local/lib/python3.8/site-packages/airflow/example_dags/example_setup_teardown.py
[2026-08-06T21:42:06.395+0000] {processor.py:830} INFO - Processing file /home/airflow/.local/lib/python3.8/site-packages/airflow/example_dags/example_setup_teardown.py for tasks to queue
[2026-08-06T21:42:06.397+0000] {logging_mixin.py:188} INFO - [2026-08-06T21:42:06.396+0000] {dagbag.py:538} INFO - Filling up the DagBag from /home/airflow/.local/lib/python3.8/site-packages/airflow/example_dags/example_setup_teardown.py
[2026-08-06T21:42:06.403+0000] {processor.py:840} INFO - DAG(s) 'example_setup_teardown' retrieved from /home/airflow/.local/lib/python3.8/site-packages/airflow/example_dags/example_setup_teardown.py
[2026-08-06T21:42:06.425+0000] {logging_mixin.py:188} INFO - [2026-08-06T21:42:06.424+0000] {dag.py:3036} INFO - Sync 1 DAGs
[2026-08-06T21:42:06.445+0000] {logging_mixin.py:188} INFO - [2026-08-06T21:42:06.445+0000] {dag.py:3823} INFO - Setting next_dagrun for example_setup_teardown to 2026-08-05 00:00:00+00:00, run_after=2026-08-06 00:00:00+00:00
[2026-08-06T21:42:06.466+0000] {processor.py:183} INFO - Processing /home/airflow/.local/lib/python3.8/site-packages/airflow/example_dags/example_setup_teardown.py took 0.076 seconds
[2026-08-06T21:42:38.010+0000] {processor.py:161} INFO - Started process (PID=4499) to work on /home/airflow/.local/lib/python3.8/site-packages/airflow/example_dags/example_setup_teardown.py
[2026-08-06T21:42:38.012+0000] {processor.py:830} INFO - Processing file /home/airflow/.local/lib/python3.8/site-packages/airflow/example_dags/example_setup_teardown.py for tasks to queue
[2026-08-06T21:42:38.014+0000] {logging_mixin.py:188} INFO - [2026-08-06T21:42:38.014+0000] {dagbag.py:538} INFO - Filling up the DagBag from /home/airflow/.local/lib/python3.8/site-packages/airflow/example_dags/example_setup_teardown.py
[2026-08-06T21:42:38.022+0000] {processor.py:840} INFO - DAG(s) 'example_setup_teardown' retrieved from /home/airflow/.local/lib/python3.8/site-packages/airflow/example_dags/example_setup_teardown.py
[2026-08-06T21:42:38.052+0000] {logging_mixin.py:188} INFO - [2026-08-06T21:42:38.051+0000] {dag.py:3036} INFO - Sync 1 DAGs
[2026-08-06T21:42:38.077+0000] {logging_mixin.py:188} INFO - [2026-08-06T21:42:38.077+0000] {dag.py:3823} INFO - Setting next_dagrun for example_setup_teardown to 2026-08-05 00:00:00+00:00, run_after=2026-08-06 00:00:00+00:00
[2026-08-06T21:42:38.098+0000] {processor.py:183} INFO - Processing /home/airflow/.local/lib/python3.8/site-packages/airflow/example_dags/example_setup_teardown.py took 0.091 seconds
[2026-08-06T21:43:08.400+0000] {processor.py:161} INFO - Started process (PID=4564) to work on /home/airflow/.local/lib/python3.8/site-packages/airflow/example_dags/example_setup_teardown.py
[2026-08-06T21:43:08.401+0000] {processor.py:830} INFO - Processing file /home/airflow/.local/lib/python3.8/site-packages/airflow/example_dags/example_setup_teardown.py for tasks to queue
[2026-08-06T21:43:08.404+0000] {logging_mixin.py:188} INFO - [2026-08-06T21:43:08.403+0000] {dagbag.py:538} INFO - Filling up the DagBag from /home/airflow/.local/lib/python3.8/site-packages/airflow/example_dags/example_setup_teardown.py
[2026-08-06T21:43:08.412+0000] {processor.py:840} INFO - DAG(s) 'example_setup_teardown' retrieved from /home/airflow/.local/lib/python3.8/site-packages/airflow/example_dags/example_setup_teardown.py
[2026-08-06T21:43:08.436+0000] {logging_mixin.py:188} INFO - [2026-08-06T21:43:08.436+0000] {dag.py:3036} INFO - Sync 1 DAGs
[2026-08-06T21:43:08.458+0000] {logging_mixin.py:188} INFO - [2026-08-06T21:43:08.458+0000] {dag.py:3823} INFO - Setting next_dagrun for example_setup_teardown to 2026-08-05 00:00:00+00:00, run_after=2026-08-06 00:00:00+00:00
[2026-08-06T21:43:08.486+0000] {processor.py:183} INFO - Processing /home/airflow/.local/lib/python3.8/site-packages/airflow/example_dags/example_setup_teardown.py took 0.091 seconds
[2026-08-06T21:43:38.818+0000] {processor.py:161} INFO - Started process (PID=4629) to work on /home/airflow/.local/lib/python3.8/site-packages/airflow/example_dags/example_setup_teardown.py
[2026-08-06T21:43:38.819+0000] {processor.py:830} INFO - Processing file /home/airflow/.local/lib/python3.8/site-packages/airflow/example_dags/example_setup_teardown.py for tasks to queue
[2026-08-06T21:43:38.821+0000] {logging_mixin.py:188} INFO - [2026-08-06T21:43:38.821+0000] {dagbag.py:538} INFO - Filling up the DagBag from /home/airflow/.local/lib/python3.8/site-packages/airflow/example_dags/example_setup_teardown.py
[2026-08-06T21:43:38.828+0000] {processor.py:840} INFO - DAG(s) 'example_setup_teardown' retrieved from /home/airflow/.local/lib/python3.8/site-packages/airflow/example_dags/example_setup_teardown.py
[2026-08-06T21:43:38.851+0000] {logging_mixin.py:188} INFO - [2026-08-06T21:43:38.851+0000] {dag.py:3036} INFO - Sync 1 DAGs
[2026-08-06T21:43:38.877+0000] {logging_mixin.py:188} INFO - [2026-08-06T21:43:38.877+0000] {dag.py:3823} INFO - Setting next_dagrun for example_setup_teardown to 2026-08-05 00:00:00+00:00, run_after=2026-08-06 00:00:00+00:00
[2026-08-06T21:43:38.902+0000] {processor.py:183} INFO - Processing /home/airflow/.local/lib/python3.8/site-packages/airflow/example_dags/example_setup_teardown.py took 0.088 seconds
[2026-08-06T21:44:10.082+0000] {processor.py:161} INFO - Started process (PID=4694) to work on /home/airflow/.local/lib/python3.8/site-packages/airflow/example_dags/example_setup_teardown.py
[2026-08-06T21:44:10.084+0000] {processor.py:830} INFO - Processing file /home/airflow/.local/lib/python3.8/site-packages/airflow/example_dags/example_setup_teardown.py for tasks to queue
[2026-08-06T21:44:10.102+0000] {logging_mixin.py:188} INFO - [2026-08-06T21:44:10.102+0000] {dagbag.py:538} INFO - Filling up the DagBag from /home/airflow/.local/lib/python3.8/site-packages/airflow/example_dags/example_setup_teardown.py
[2026-08-06T21:44:10.120+0000] {processor.py:840} INFO - DAG(s) 'example_setup_teardown' retrieved from /home/airflow/.local/lib/python3.8/site-packages/airflow/example_dags/example_setup_teardown.py
[2026-08-06T21:44:10.181+0000] {logging_mixin.py:188} INFO - [2026-08-06T21:44:10.179+0000] {dag.py:3036} INFO - Sync 1 DAGs
[2026-08-06T21:44:10.245+0000] {logging_mixin.py:188} INFO - [2026-08-06T21:44:10.244+0000] {dag.py:3823} INFO - Setting next_dagrun for example_setup_teardown to 2026-08-05 00:00:00+00:00, run_after=2026-08-06 00:00:00+00:00
[2026-08-06T21:44:10.336+0000] {processor.py:183} INFO - Processing /home/airflow/.local/lib/python3.8/site-packages/airflow/example_dags/example_setup_teardown.py took 0.261 seconds
