[2026-08-06T21:05:55.766+0000] {processor.py:161} INFO - Started process (PID=66) to work on /home/airflow/.local/lib/python3.8/site-packages/airflow/example_dags/example_python_decorator.py
[2026-08-06T21:05:55.768+0000] {processor.py:830} INFO - Processing file /home/airflow/.local/lib/python3.8/site-packages/airflow/example_dags/example_python_decorator.py for tasks to queue
[2026-08-06T21:05:55.771+0000] {logging_mixin.py:188} INFO - [2026-08-06T21:05:55.771+0000] {dagbag.py:538} INFO - Filling up the DagBag from /home/airflow/.local/lib/python3.8/site-packages/airflow/example_dags/example_python_decorator.py
[2026-08-06T21:05:55.788+0000] {processor.py:840} INFO - DAG(s) 'example_python_decorator' retrieved from /home/airflow/.local/lib/python3.8/site-packages/airflow/example_dags/example_python_decorator.py
[2026-08-06T21:05:55.890+0000] {logging_mixin.py:188} INFO - [2026-08-06T21:05:55.889+0000] {dag.py:3036} INFO - Sync 1 DAGs
[2026-08-06T21:05:55.901+0000] {logging_mixin.py:188} INFO - [2026-08-06T21:05:55.901+0000] {dag.py:3823} INFO - Setting next_dagrun for example_python_decorator to None, run_after=None
[2026-08-06T21:05:55.953+0000] {processor.py:183} INFO - Processing /home/airflow/.local/lib/python3.8/site-packages/airflow/example_dags/example_python_decorator.py took 0.192 seconds
[2026-08-06T21:06:26.824+0000] {processor.py:161} INFO - Started process (PID=121) to work on /home/airflow/.local/lib/python3.8/site-packages/airflow/example_dags/example_python_decorator.py
[2026-08-06T21:06:26.825+0000] {processor.py:830} INFO - Processing file /home/airflow/.local/lib/python3.8/site-packages/airflow/example_dags/example_python_decorator.py for tasks to queue
[2026-08-06T21:06:26.827+0000] {logging_mixin.py:188} INFO - [2026-08-06T21:06:26.827+0000] {dagbag.py:538} INFO - Filling up the DagBag from /home/airflow/.local/lib/python3.8/site-packages/airflow/example_dags/example_python_decorator.py
[2026-08-06T21:06:26.840+0000] {processor.py:840} INFO - DAG(s) 'example_python_decorator' retrieved from /home/airflow/.local/lib/python3.8/site-packages/airflow/example_dags/example_python_decorator.py
[2026-08-06T21:06:26.854+0000] {logging_mixin.py:188} INFO - [2026-08-06T21:06:26.853+0000] {dag.py:3036} INFO - Sync 1 DAGs
[2026-08-06T21:06:26.866+0000] {logging_mixin.py:188} INFO - [2026-08-06T21:06:26.866+0000] {dag.py:3823} INFO - Setting next_dagrun for example_python_decorator to None, run_after=None
[2026-08-06T21:06:26.885+0000] {processor.py:183} INFO - Processing /home/airflow/.local/lib/python3.8/site-packages/airflow/example_dags/example_python_decorator.py took 0.065 seconds
[2026-08-06T21:06:58.622+0000] {processor.py:161} INFO - Started process (PID=176) to work on /home/airflow/.local/lib/python3.8/site-packages/airflow/example_dags/example_python_decorator.py
[2026-08-06T21:06:58.624+0000] {processor.py:830} INFO - Processing file /home/airflow/.local/lib/python3.8/site-packages/airflow/example_dags/example_python_decorator.py for tasks to queue
[2026-08-06T21:06:58.627+0000] {logging_mixin.py:188} INFO - [2026-08-06T21:06:58.626+0000] {dagbag.py:538} INFO - Filling up the DagBag from /home/airflow/.local/lib/python3.8/site-packages/airflow/example_dags/example_python_decorator.py
[2026-08-06T21:06:58.650+0000] {processor.py:840} INFO - DAG(s) 'example_python_decorator' retrieved from /home/airflow/.local/lib/python3.8/site-packages/airflow/example_dags/example_python_decorator.py
[2026-08-06T21:06:58.784+0000] {logging_mixin.py:188} INFO - [2026-08-06T21:06:58.783+0000] {dag.py:3036} INFO - Sync 1 DAGs
[2026-08-06T21:06:58.795+0000] {logging_mixin.py:188} INFO - [2026-08-06T21:06:58.795+0000] {dag.py:3823} INFO - Setting next_dagrun for example_python_decorator to None, run_after=None
[2026-08-06T21:06:58.823+0000] {processor.py:183} INFO - Processing /home/airflow/.local/lib/python3.8/site-packages/airflow/example_dags/example_python_decorator.py took 0.205 seconds
[2026-08-06T21:07:29.019+0000] {processor.py:161} INFO - Started process (PID=237) to work on /home/airflow/.local/lib/python3.8/site-packages/airflow/example_dags/example_python_decorator.py
[2026-08-06T21:07:29.022+0000] {processor.py:830} INFO - Processing file /home/airflow/.local/lib/python3.8/site-packages/airflow/example_dags/example_python_decorator.py for tasks to queue
[2026-08-06T21:07:29.025+0000] {logging_mixin.py:188} INFO - [2026-08-06T21:07:29.024+0000] {dagbag.py:538} INFO - Filling up the DagBag from /home/airflow/.local/lib/python3.8/site-packages/airflow/example_dags/example_python_decorator.py
[2026-08-06T21:07:29.042+0000] {processor.py:840} INFO - DAG(s) 'example_python_decorator' retrieved from /home/airflow/.local/lib/python3.8/site-packages/airflow/example_dags/example_python_decorator.py
[2026-08-06T21:07:29.074+0000] {logging_mixin.py:188} INFO - [2026-08-06T21:07:29.074+0000] {dag.py:3036} INFO - Sync 1 DAGs
[2026-08-06T21:07:29.089+0000] {logging_mixin.py:188} INFO - [2026-08-06T21:07:29.089+0000] {dag.py:3823} INFO - Setting next_dagrun for example_python_decorator to None, run_after=None
[2026-08-06T21:07:29.146+0000] {processor.py:183} INFO - Processing /home/airflow/.local/lib/python3.8/site-packages/airflow/example_dags/example_python_decorator.py took 0.131 seconds
[2026-08-06T21:08:00.068+0000] {processor.py:161} INFO - Started process (PID=292) to work on /home/airflow/.local/lib/python3.8/site-packages/airflow/example_dags/example_python_decorator.py
[2026-08-06T21:08:00.069+0000] {processor.py:830} INFO - Processing file /home/airflow/.local/lib/python3.8/site-packages/airflow/example_dags/example_python_decorator.py for tasks to queue
[2026-08-06T21:08:00.071+0000] {logging_mixin.py:188} INFO - [2026-08-06T21:08:00.071+0000] {dagbag.py:538} INFO - Filling up the DagBag from /home/airflow/.local/lib/python3.8/site-packages/airflow/example_dags/example_python_decorator.py
[2026-08-06T21:08:00.085+0000] {processor.py:840} INFO - DAG(s) 'example_python_decorator' retrieved from /home/airflow/.local/lib/python3.8/site-packages/airflow/example_dags/example_python_decorator.py
[2026-08-06T21:08:00.111+0000] {logging_mixin.py:188} INFO - [2026-08-06T21:08:00.111+0000] {dag.py:3036} INFO - Sync 1 DAGs
[2026-08-06T21:08:00.123+0000] {logging_mixin.py:188} INFO - [2026-08-06T21:08:00.123+0000] {dag.py:3823} INFO - Setting next_dagrun for example_python_decorator to None, run_after=None
[2026-08-06T21:08:00.258+0000] {processor.py:183} INFO - Processing /home/airflow/.local/lib/python3.8/site-packages/airflow/example_dags/example_python_decorator.py took 0.193 seconds
[2026-08-06T21:08:30.875+0000] {processor.py:161} INFO - Started process (PID=347) to work on /home/airflow/.local/lib/python3.8/site-packages/airflow/example_dags/example_python_decorator.py
[2026-08-06T21:08:30.877+0000] {processor.py:830} INFO - Processing file /home/airflow/.local/lib/python3.8/site-packages/airflow/example_dags/example_python_decorator.py for tasks to queue
[2026-08-06T21:08:30.879+0000] {logging_mixin.py:188} INFO - [2026-08-06T21:08:30.879+0000] {dagbag.py:538} INFO - Filling up the DagBag from /home/airflow/.local/lib/python3.8/site-packages/airflow/example_dags/example_python_decorator.py
[2026-08-06T21:08:30.896+0000] {processor.py:840} INFO - DAG(s) 'example_python_decorator' retrieved from /home/airflow/.local/lib/python3.8/site-packages/airflow/example_dags/example_python_decorator.py
[2026-08-06T21:08:30.922+0000] {logging_mixin.py:188} INFO - [2026-08-06T21:08:30.921+0000] {dag.py:3036} INFO - Sync 1 DAGs
[2026-08-06T21:08:30.934+0000] {logging_mixin.py:188} INFO - [2026-08-06T21:08:30.933+0000] {dag.py:3823} INFO - Setting next_dagrun for example_python_decorator to None, run_after=None
[2026-08-06T21:08:31.056+0000] {processor.py:183} INFO - Processing /home/airflow/.local/lib/python3.8/site-packages/airflow/example_dags/example_python_decorator.py took 0.185 seconds
[2026-08-06T21:09:01.804+0000] {processor.py:161} INFO - Started process (PID=402) to work on /home/airflow/.local/lib/python3.8/site-packages/airflow/example_dags/example_python_decorator.py
[2026-08-06T21:09:01.807+0000] {processor.py:830} INFO - Processing file /home/airflow/.local/lib/python3.8/site-packages/airflow/example_dags/example_python_decorator.py for tasks to queue
[2026-08-06T21:09:01.809+0000] {logging_mixin.py:188} INFO - [2026-08-06T21:09:01.809+0000] {dagbag.py:538} INFO - Filling up the DagBag from /home/airflow/.local/lib/python3.8/site-packages/airflow/example_dags/example_python_decorator.py
[2026-08-06T21:09:01.823+0000] {processor.py:840} INFO - DAG(s) 'example_python_decorator' retrieved from /home/airflow/.local/lib/python3.8/site-packages/airflow/example_dags/example_python_decorator.py
[2026-08-06T21:09:01.847+0000] {logging_mixin.py:188} INFO - [2026-08-06T21:09:01.847+0000] {dag.py:3036} INFO - Sync 1 DAGs
[2026-08-06T21:09:01.860+0000] {logging_mixin.py:188} INFO - [2026-08-06T21:09:01.860+0000] {dag.py:3823} INFO - Setting next_dagrun for example_python_decorator to None, run_after=None
[2026-08-06T21:09:01.933+0000] {processor.py:183} INFO - Processing /home/airflow/.local/lib/python3.8/site-packages/airflow/example_dags/example_python_decorator.py took 0.133 seconds
[2026-08-06T21:09:32.854+0000] {processor.py:161} INFO - Started process (PID=457) to work on /home/airflow/.local/lib/python3.8/site-packages/airflow/example_dags/example_python_decorator.py
[2026-08-06T21:09:32.855+0000] {processor.py:830} INFO - Processing file /home/airflow/.local/lib/python3.8/site-packages/airflow/example_dags/example_python_decorator.py for tasks to queue
[2026-08-06T21:09:32.857+0000] {logging_mixin.py:188} INFO - [2026-08-06T21:09:32.857+0000] {dagbag.py:538} INFO - Filling up the DagBag from /home/airflow/.local/lib/python3.8/site-packages/airflow/example_dags/example_python_decorator.py
[2026-08-06T21:09:32.873+0000] {processor.py:840} INFO - DAG(s) 'example_python_decorator' retrieved from /home/airflow/.local/lib/python3.8/site-packages/airflow/example_dags/example_python_decorator.py
[2026-08-06T21:09:32.902+0000] {logging_mixin.py:188} INFO - [2026-08-06T21:09:32.901+0000] {dag.py:3036} INFO - Sync 1 DAGs
[2026-08-06T21:09:32.919+0000] {logging_mixin.py:188} INFO - [2026-08-06T21:09:32.918+0000] {dag.py:3823} INFO - Setting next_dagrun for example_python_decorator to None, run_after=None
[2026-08-06T21:09:32.985+0000] {processor.py:183} INFO - Processing /home/airflow/.local/lib/python3.8/site-packages/airflow/example_dags/example_python_decorator.py took 0.135 seconds
[2026-08-06T21:10:03.535+0000] {processor.py:161} INFO - Started process (PID=512) to work on /home/airflow/.local/lib/python3.8/site-packages/airflow/example_dags/example_python_decorator.py
[2026-08-06T21:10:03.537+0000] {processor.py:830} INFO - Processing file /home/airflow/.local/lib/python3.8/site-packages/airflow/example_dags/example_python_decorator.py for tasks to queue
[2026-08-06T21:10:03.539+0000] {logging_mixin.py:188} INFO - [2026-08-06T21:10:03.538+0000] {dagbag.py:538} INFO - Filling up the DagBag from /home/airflow/.local/lib/python3.8/site-packages/airflow/example_dags/example_python_decorator.py
[2026-08-06T21:10:03.553+0000] {processor.py:840} INFO - DAG(s) 'example_python_decorator' retrieved from /home/airflow/.local/lib/python3.8/site-packages/airflow/example_dags/example_python_decorator.py
[2026-08-06T21:10:03.578+0000] {logging_mixin.py:188} INFO - [2026-08-06T21:10:03.578+0000] {dag.py:3036} INFO - Sync 1 DAGs
[2026-08-06T21:10:03.591+0000] {logging_mixin.py:188} INFO - [2026-08-06T21:10:03.591+0000] {dag.py:3823} INFO - Setting next_dagrun for example_python_decorator to None, run_after=None
[2026-08-06T21:10:03.638+0000] {processor.py:183} INFO - Processing /home/airflow/.local/lib/python3.8/site-packages/airflow/example_dags/example_python_decorator.py took 0.108 seconds
[2026-08-06T21:10:33.872+0000] {processor.py:161} INFO - Started process (PID=567) to work on /home/airflow/.local/lib/python3.8/site-packages/airflow/example_dags/example_python_decorator.py
[2026-08-06T21:10:33.874+0000] {processor.py:830} INFO - Processing file /home/airflow/.local/lib/python3.8/site-packages/airflow/example_dags/example_python_decorator.py for tasks to queue
[2026-08-06T21:10:33.877+0000] {logging_mixin.py:188} INFO - [2026-08-06T21:10:33.877+0000] {dagbag.py:538} INFO - Filling up the DagBag from /home/airflow/.local/lib/python3.8/site-packages/airflow/example_dags/example_python_decorator.py
[2026-08-06T21:10:33.891+0000] {processor.py:840} INFO - DAG(s) 'example_python_decorator' retrieved from /home/airflow/.local/lib/python3.8/site-packages/airflow/example_dags/example_python_decorator.py
[2026-08-06T21:10:33.920+0000] {logging_mixin.py:188} INFO - [2026-08-06T21:10:33.920+0000] {dag.py:3036} INFO - Sync 1 DAGs
[2026-08-06T21:10:33.937+0000] {logging_mixin.py:188} INFO - [2026-08-06T21:10:33.937+0000] {dag.py:3823} INFO - Setting next_dagrun for example_python_decorator to None, run_after=None
[2026-08-06T21:10:33.993+0000] {processor.py:183} INFO - Processing /home/airflow/.local/lib/python3.8/site-packages/airflow/example_dags/example_python_decorator.py took 0.125 seconds
[2026-08-06T21:11:04.382+0000] {processor.py:161} INFO - Started process (PID=622) to work on /home/airflow/.local/lib/python3.8/site-packages/airflow/example_dags/example_python_decorator.py
[2026-08-06T21:11:04.384+0000] {processor.py:830} INFO - Processing file /home/airflow/.local/lib/python3.8/site-packages/airflow/example_dags/example_python_decorator.py for tasks to queue
[2026-08-06T21:11:04.388+0000] {logging_mixin.py:188} INFO - [2026-08-06T21:11:04.387+0000] {dagbag.py:538} INFO - Filling up the DagBag from /home/airflow/.local/lib/python3.8/site-packages/airflow/example_dags/example_python_decorator.py
[2026-08-06T21:11:04.404+0000] {processor.py:840} INFO - DAG(s) 'example_python_decorator' retrieved from /home/airflow/.local/lib/python3.8/site-packages/airflow/example_dags/example_python_decorator.py
[2026-08-06T21:11:04.437+0000] {logging_mixin.py:188} INFO - [2026-08-06T21:11:04.436+0000] {dag.py:3036} INFO - Sync 1 DAGs
[2026-08-06T21:11:04.449+0000] {logging_mixin.py:188} INFO - [2026-08-06T21:11:04.449+0000] {dag.py:3823} INFO - Setting next_dagrun for example_python_decorator to None, run_after=None
[2026-08-06T21:11:04.523+0000] {processor.py:183} INFO - Processing /home/airflow/.local/lib/python3.8/site-packages/airflow/example_dags/example_python_decorator.py took 0.149 seconds
[2026-08-06T21:11:35.227+0000] {processor.py:161} INFO - Started process (PID=677) to work on /home/airflow/.local/lib/python3.8/site-packages/airflow/example_dags/example_python_decorator.py
[2026-08-06T21:11:35.228+0000] {processor.py:830} INFO - Processing file /home/airflow/.local/lib/python3.8/site-packages/airflow/example_dags/example_python_decorator.py for tasks to queue
[2026-08-06T21:11:35.231+0000] {logging_mixin.py:188} INFO - [2026-08-06T21:11:35.230+0000] {dagbag.py:538} INFO - Filling up the DagBag from /home/airflow/.local/lib/python3.8/site-packages/airflow/example_dags/example_python_decorator.py
[2026-08-06T21:11:35.245+0000] {processor.py:840} INFO - DAG(s) 'example_python_decorator' retrieved from /home/airflow/.local/lib/python3.8/site-packages/airflow/example_dags/example_python_decorator.py
[2026-08-06T21:11:35.271+0000] {logging_mixin.py:188} INFO - [2026-08-06T21:11:35.270+0000] {dag.py:3036} INFO - Sync 1 DAGs
[2026-08-06T21:11:35.284+0000] {logging_mixin.py:188} INFO - [2026-08-06T21:11:35.284+0000] {dag.py:3823} INFO - Setting next_dagrun for example_python_decorator to None, run_after=None
[2026-08-06T21:11:35.335+0000] {processor.py:183} INFO - Processing /home/airflow/.local/lib/python3.8/site-packages/airflow/example_dags/example_python_decorator.py took 0.112 seconds
[2026-08-06T21:12:05.840+0000] {processor.py:161} INFO - Started process (PID=732) to work on /home/airflow/.local/lib/python3.8/site-packages/airflow/example_dags/example_python_decorator.py
[2026-08-06T21:12:05.841+0000] {processor.py:830} INFO - Processing file /home/airflow/.local/lib/python3.8/site-packages/airflow/example_dags/example_python_decorator.py for tasks to queue
[2026-08-06T21:12:05.843+0000] {logging_mixin.py:188} INFO - [2026-08-06T21:12:05.843+0000] {dagbag.py:538} INFO - Filling up the DagBag from /home/airflow/.local/lib/python3.8/site-packages/airflow/example_dags/example_python_decorator.py
[2026-08-06T21:12:05.856+0000] {processor.py:840} INFO - DAG(s) 'example_python_decorator' retrieved from /home/airflow/.local/lib/python3.8/site-packages/airflow/example_dags/example_python_decorator.py
[2026-08-06T21:12:05.879+0000] {logging_mixin.py:188} INFO - [2026-08-06T21:12:05.878+0000] {dag.py:3036} INFO - Sync 1 DAGs
[2026-08-06T21:12:05.890+0000] {logging_mixin.py:188} INFO - [2026-08-06T21:12:05.890+0000] {dag.py:3823} INFO - Setting next_dagrun for example_python_decorator to None, run_after=None
[2026-08-06T21:12:05.911+0000] {processor.py:183} INFO - Processing /home/airflow/.local/lib/python3.8/site-packages/airflow/example_dags/example_python_decorator.py took 0.074 seconds
[2026-08-06T21:12:36.436+0000] {processor.py:161} INFO - Started process (PID=787) to work on /home/airflow/.local/lib/python3.8/site-packages/airflow/example_dags/example_python_decorator.py
[2026-08-06T21:12:36.438+0000] {processor.py:830} INFO - Processing file /home/airflow/.local/lib/python3.8/site-packages/airflow/example_dags/example_python_decorator.py for tasks to queue
[2026-08-06T21:12:36.442+0000] {logging_mixin.py:188} INFO - [2026-08-06T21:12:36.442+0000] {dagbag.py:538} INFO - Filling up the DagBag from /home/airflow/.local/lib/python3.8/site-packages/airflow/example_dags/example_python_decorator.py
[2026-08-06T21:12:36.464+0000] {processor.py:840} INFO - DAG(s) 'example_python_decorator' retrieved from /home/airflow/.local/lib/python3.8/site-packages/airflow/example_dags/example_python_decorator.py
[2026-08-06T21:12:36.497+0000] {logging_mixin.py:188} INFO - [2026-08-06T21:12:36.497+0000] {dag.py:3036} INFO - Sync 1 DAGs
[2026-08-06T21:12:36.510+0000] {logging_mixin.py:188} INFO - [2026-08-06T21:12:36.509+0000] {dag.py:3823} INFO - Setting next_dagrun for example_python_decorator to None, run_after=None
[2026-08-06T21:12:36.597+0000] {processor.py:183} INFO - Processing /home/airflow/.local/lib/python3.8/site-packages/airflow/example_dags/example_python_decorator.py took 0.167 seconds
[2026-08-06T21:13:06.756+0000] {processor.py:161} INFO - Started process (PID=842) to work on /home/airflow/.local/lib/python3.8/site-packages/airflow/example_dags/example_python_decorator.py
[2026-08-06T21:13:06.758+0000] {processor.py:830} INFO - Processing file /home/airflow/.local/lib/python3.8/site-packages/airflow/example_dags/example_python_decorator.py for tasks to queue
[2026-08-06T21:13:06.761+0000] {logging_mixin.py:188} INFO - [2026-08-06T21:13:06.761+0000] {dagbag.py:538} INFO - Filling up the DagBag from /home/airflow/.local/lib/python3.8/site-packages/airflow/example_dags/example_python_decorator.py
[2026-08-06T21:13:06.781+0000] {processor.py:840} INFO - DAG(s) 'example_python_decorator' retrieved from /home/airflow/.local/lib/python3.8/site-packages/airflow/example_dags/example_python_decorator.py
[2026-08-06T21:13:06.814+0000] {logging_mixin.py:188} INFO - [2026-08-06T21:13:06.814+0000] {dag.py:3036} INFO - Sync 1 DAGs
[2026-08-06T21:13:06.829+0000] {logging_mixin.py:188} INFO - [2026-08-06T21:13:06.829+0000] {dag.py:3823} INFO - Setting next_dagrun for example_python_decorator to None, run_after=None
[2026-08-06T21:13:06.856+0000] {processor.py:183} INFO - Processing /home/airflow/.local/lib/python3.8/site-packages/airflow/example_dags/example_python_decorator.py took 0.106 seconds
[2026-08-06T21:13:37.291+0000] {processor.py:161} INFO - Started process (PID=897) to work on /home/airflow/.local/lib/python3.8/site-packages/airflow/example_dags/example_python_decorator.py
[2026-08-06T21:13:37.292+0000] {processor.py:830} INFO - Processing file /home/airflow/.local/lib/python3.8/site-packages/airflow/example_dags/example_python_decorator.py for tasks to queue
[2026-08-06T21:13:37.295+0000] {logging_mixin.py:188} INFO - [2026-08-06T21:13:37.295+0000] {dagbag.py:538} INFO - Filling up the DagBag from /home/airflow/.local/lib/python3.8/site-packages/airflow/example_dags/example_python_decorator.py
[2026-08-06T21:13:37.307+0000] {processor.py:840} INFO - DAG(s) 'example_python_decorator' retrieved from /home/airflow/.local/lib/python3.8/site-packages/airflow/example_dags/example_python_decorator.py
[2026-08-06T21:13:37.332+0000] {logging_mixin.py:188} INFO - [2026-08-06T21:13:37.332+0000] {dag.py:3036} INFO - Sync 1 DAGs
[2026-08-06T21:13:37.344+0000] {logging_mixin.py:188} INFO - [2026-08-06T21:13:37.344+0000] {dag.py:3823} INFO - Setting next_dagrun for example_python_decorator to None, run_after=None
[2026-08-06T21:13:37.366+0000] {processor.py:183} INFO - Processing /home/airflow/.local/lib/python3.8/site-packages/airflow/example_dags/example_python_decorator.py took 0.078 seconds
[2026-08-06T21:14:07.651+0000] {processor.py:161} INFO - Started process (PID=952) to work on /home/airflow/.local/lib/python3.8/site-packages/airflow/example_dags/example_python_decorator.py
[2026-08-06T21:14:07.652+0000] {processor.py:830} INFO - Processing file /home/airflow/.local/lib/python3.8/site-packages/airflow/example_dags/example_python_decorator.py for tasks to queue
[2026-08-06T21:14:07.655+0000] {logging_mixin.py:188} INFO - [2026-08-06T21:14:07.654+0000] {dagbag.py:538} INFO - Filling up the DagBag from /home/airflow/.local/lib/python3.8/site-packages/airflow/example_dags/example_python_decorator.py
[2026-08-06T21:14:07.667+0000] {processor.py:840} INFO - DAG(s) 'example_python_decorator' retrieved from /home/airflow/.local/lib/python3.8/site-packages/airflow/example_dags/example_python_decorator.py
[2026-08-06T21:14:07.690+0000] {logging_mixin.py:188} INFO - [2026-08-06T21:14:07.689+0000] {dag.py:3036} INFO - Sync 1 DAGs
[2026-08-06T21:14:07.701+0000] {logging_mixin.py:188} INFO - [2026-08-06T21:14:07.701+0000] {dag.py:3823} INFO - Setting next_dagrun for example_python_decorator to None, run_after=None
[2026-08-06T21:14:07.722+0000] {processor.py:183} INFO - Processing /home/airflow/.local/lib/python3.8/site-packages/airflow/example_dags/example_python_decorator.py took 0.074 seconds
[2026-08-06T21:14:37.934+0000] {processor.py:161} INFO - Started process (PID=1007) to work on /home/airflow/.local/lib/python3.8/site-packages/airflow/example_dags/example_python_decorator.py
[2026-08-06T21:14:37.935+0000] {processor.py:830} INFO - Processing file /home/airflow/.local/lib/python3.8/site-packages/airflow/example_dags/example_python_decorator.py for tasks to queue
[2026-08-06T21:14:37.937+0000] {logging_mixin.py:188} INFO - [2026-08-06T21:14:37.937+0000] {dagbag.py:538} INFO - Filling up the DagBag from /home/airflow/.local/lib/python3.8/site-packages/airflow/example_dags/example_python_decorator.py
[2026-08-06T21:14:37.950+0000] {processor.py:840} INFO - DAG(s) 'example_python_decorator' retrieved from /home/airflow/.local/lib/python3.8/site-packages/airflow/example_dags/example_python_decorator.py
[2026-08-06T21:14:37.973+0000] {logging_mixin.py:188} INFO - [2026-08-06T21:14:37.973+0000] {dag.py:3036} INFO - Sync 1 DAGs
[2026-08-06T21:14:37.985+0000] {logging_mixin.py:188} INFO - [2026-08-06T21:14:37.985+0000] {dag.py:3823} INFO - Setting next_dagrun for example_python_decorator to None, run_after=None
[2026-08-06T21:14:38.005+0000] {processor.py:183} INFO - Processing /home/airflow/.local/lib/python3.8/site-packages/airflow/example_dags/example_python_decorator.py took 0.075 seconds
[2026-08-06T21:15:08.155+0000] {processor.py:161} INFO - Started process (PID=1062) to work on /home/airflow/.local/lib/python3.8/site-packages/airflow/example_dags/example_python_decorator.py
[2026-08-06T21:15:08.157+0000] {processor.py:830} INFO - Processing file /home/airflow/.local/lib/python3.8/site-packages/airflow/example_dags/example_python_decorator.py for tasks to queue
[2026-08-06T21:15:08.159+0000] {logging_mixin.py:188} INFO - [2026-08-06T21:15:08.158+0000] {dagbag.py:538} INFO - Filling up the DagBag from /home/airflow/.local/lib/python3.8/site-packages/airflow/example_dags/example_python_decorator.py
[2026-08-06T21:15:08.174+0000] {processor.py:840} INFO - DAG(s) 'example_python_decorator' retrieved from /home/airflow/.local/lib/python3.8/site-packages/airflow/example_dags/example_python_decorator.py
[2026-08-06T21:15:08.197+0000] {logging_mixin.py:188} INFO - [2026-08-06T21:15:08.197+0000] {dag.py:3036} INFO - Sync 1 DAGs
[2026-08-06T21:15:08.209+0000] {logging_mixin.py:188} INFO - [2026-08-06T21:15:08.208+0000] {dag.py:3823} INFO - Setting next_dagrun for example_python_decorator to None, run_after=None
[2026-08-06T21:15:08.229+0000] {processor.py:183} INFO - Processing /home/airflow/.local/lib/python3.8/site-packages/airflow/example_dags/example_python_decorator.py took 0.077 seconds
[2026-08-06T21:15:38.605+0000] {processor.py:161} INFO - Started process (PID=1117) to work on /home/airflow/.local/lib/python3.8/site-packages/airflow/example_dags/example_python_decorator.py
[2026-08-06T21:15:38.607+0000] {processor.py:830} INFO - Processing file /home/airflow/.local/lib/python3.8/site-packages/airflow/example_dags/example_python_decorator.py for tasks to queue
[2026-08-06T21:15:38.608+0000] {logging_mixin.py:188} INFO - [2026-08-06T21:15:38.608+0000] {dagbag.py:538} INFO - Filling up the DagBag from /home/airflow/.local/lib/python3.8/site-packages/airflow/example_dags/example_python_decorator.py
[2026-08-06T21:15:38.622+0000] {processor.py:840} INFO - DAG(s) 'example_python_decorator' retrieved from /home/airflow/.local/lib/python3.8/site-packages/airflow/example_dags/example_python_decorator.py
[2026-08-06T21:15:38.646+0000] {logging_mixin.py:188} INFO - [2026-08-06T21:15:38.646+0000] {dag.py:3036} INFO - Sync 1 DAGs
[2026-08-06T21:15:38.668+0000] {logging_mixin.py:188} INFO - [2026-08-06T21:15:38.668+0000] {dag.py:3823} INFO - Setting next_dagrun for example_python_decorator to None, run_after=None
[2026-08-06T21:15:38.705+0000] {processor.py:183} INFO - Processing /home/airflow/.local/lib/python3.8/site-packages/airflow/example_dags/example_python_decorator.py took 0.103 seconds
[2026-08-06T21:16:09.097+0000] {processor.py:161} INFO - Started process (PID=1188) to work on /home/airflow/.local/lib/python3.8/site-packages/airflow/example_dags/example_python_decorator.py
[2026-08-06T21:16:09.098+0000] {processor.py:830} INFO - Processing file /home/airflow/.local/lib/python3.8/site-packages/airflow/example_dags/example_python_decorator.py for tasks to queue
[2026-08-06T21:16:09.100+0000] {logging_mixin.py:188} INFO - [2026-08-06T21:16:09.100+0000] {dagbag.py:538} INFO - Filling up the DagBag from /home/airflow/.local/lib/python3.8/site-packages/airflow/example_dags/example_python_decorator.py
[2026-08-06T21:16:09.114+0000] {processor.py:840} INFO - DAG(s) 'example_python_decorator' retrieved from /home/airflow/.local/lib/python3.8/site-packages/airflow/example_dags/example_python_decorator.py
[2026-08-06T21:16:09.137+0000] {logging_mixin.py:188} INFO - [2026-08-06T21:16:09.136+0000] {dag.py:3036} INFO - Sync 1 DAGs
[2026-08-06T21:16:09.149+0000] {logging_mixin.py:188} INFO - [2026-08-06T21:16:09.149+0000] {dag.py:3823} INFO - Setting next_dagrun for example_python_decorator to None, run_after=None
[2026-08-06T21:16:09.169+0000] {processor.py:183} INFO - Processing /home/airflow/.local/lib/python3.8/site-packages/airflow/example_dags/example_python_decorator.py took 0.076 seconds
[2026-08-06T21:16:40.025+0000] {processor.py:161} INFO - Started process (PID=1247) to work on /home/airflow/.local/lib/python3.8/site-packages/airflow/example_dags/example_python_decorator.py
[2026-08-06T21:16:40.027+0000] {processor.py:830} INFO - Processing file /home/airflow/.local/lib/python3.8/site-packages/airflow/example_dags/example_python_decorator.py for tasks to queue
[2026-08-06T21:16:40.030+0000] {logging_mixin.py:188} INFO - [2026-08-06T21:16:40.029+0000] {dagbag.py:538} INFO - Filling up the DagBag from /home/airflow/.local/lib/python3.8/site-packages/airflow/example_dags/example_python_decorator.py
[2026-08-06T21:16:40.047+0000] {processor.py:840} INFO - DAG(s) 'example_python_decorator' retrieved from /home/airflow/.local/lib/python3.8/site-packages/airflow/example_dags/example_python_decorator.py
[2026-08-06T21:16:40.071+0000] {logging_mixin.py:188} INFO - [2026-08-06T21:16:40.071+0000] {dag.py:3036} INFO - Sync 1 DAGs
[2026-08-06T21:16:40.087+0000] {logging_mixin.py:188} INFO - [2026-08-06T21:16:40.087+0000] {dag.py:3823} INFO - Setting next_dagrun for example_python_decorator to None, run_after=None
[2026-08-06T21:16:40.111+0000] {processor.py:183} INFO - Processing /home/airflow/.local/lib/python3.8/site-packages/airflow/example_dags/example_python_decorator.py took 0.090 seconds
[2026-08-06T21:17:10.442+0000] {processor.py:161} INFO - Started process (PID=1306) to work on /home/airflow/.local/lib/python3.8/site-packages/airflow/example_dags/example_python_decorator.py
[2026-08-06T21:17:10.443+0000] {processor.py:830} INFO - Processing file /home/airflow/.local/lib/python3.8/site-packages/airflow/example_dags/example_python_decorator.py for tasks to queue
[2026-08-06T21:17:10.445+0000] {logging_mixin.py:188} INFO - [2026-08-06T21:17:10.445+0000] {dagbag.py:538} INFO - Filling up the DagBag from /home/airflow/.local/lib/python3.8/site-packages/airflow/example_dags/example_python_decorator.py
[2026-08-06T21:17:10.457+0000] {processor.py:840} INFO - DAG(s) 'example_python_decorator' retrieved from /home/airflow/.local/lib/python3.8/site-packages/airflow/example_dags/example_python_decorator.py
[2026-08-06T21:17:10.480+0000] {logging_mixin.py:188} INFO - [2026-08-06T21:17:10.480+0000] {dag.py:3036} INFO - Sync 1 DAGs
[2026-08-06T21:17:10.497+0000] {logging_mixin.py:188} INFO - [2026-08-06T21:17:10.497+0000] {dag.py:3823} INFO - Setting next_dagrun for example_python_decorator to None, run_after=None
[2026-08-06T21:17:10.516+0000] {processor.py:183} INFO - Processing /home/airflow/.local/lib/python3.8/site-packages/airflow/example_dags/example_python_decorator.py took 0.078 seconds
[2026-08-06T21:17:40.615+0000] {processor.py:161} INFO - Started process (PID=1365) to work on /home/airflow/.local/lib/python3.8/site-packages/airflow/example_dags/example_python_decorator.py
[2026-08-06T21:17:40.616+0000] {processor.py:830} INFO - Processing file /home/airflow/.local/lib/python3.8/site-packages/airflow/example_dags/example_python_decorator.py for tasks to queue
[2026-08-06T21:17:40.620+0000] {logging_mixin.py:188} INFO - [2026-08-06T21:17:40.619+0000] {dagbag.py:538} INFO - Filling up the DagBag from /home/airflow/.local/lib/python3.8/site-packages/airflow/example_dags/example_python_decorator.py
[2026-08-06T21:17:40.634+0000] {processor.py:840} INFO - DAG(s) 'example_python_decorator' retrieved from /home/airflow/.local/lib/python3.8/site-packages/airflow/example_dags/example_python_decorator.py
[2026-08-06T21:17:40.659+0000] {logging_mixin.py:188} INFO - [2026-08-06T21:17:40.659+0000] {dag.py:3036} INFO - Sync 1 DAGs
[2026-08-06T21:17:40.673+0000] {logging_mixin.py:188} INFO - [2026-08-06T21:17:40.672+0000] {dag.py:3823} INFO - Setting next_dagrun for example_python_decorator to None, run_after=None
[2026-08-06T21:17:40.694+0000] {processor.py:183} INFO - Processing /home/airflow/.local/lib/python3.8/site-packages/airflow/example_dags/example_python_decorator.py took 0.082 seconds
[2026-08-06T21:18:11.051+0000] {processor.py:161} INFO - Started process (PID=1424) to work on /home/airflow/.local/lib/python3.8/site-packages/airflow/example_dags/example_python_decorator.py
[2026-08-06T21:18:11.052+0000] {processor.py:830} INFO - Processing file /home/airflow/.local/lib/python3.8/site-packages/airflow/example_dags/example_python_decorator.py for tasks to queue
[2026-08-06T21:18:11.054+0000] {logging_mixin.py:188} INFO - [2026-08-06T21:18:11.053+0000] {dagbag.py:538} INFO - Filling up the DagBag from /home/airflow/.local/lib/python3.8/site-packages/airflow/example_dags/example_python_decorator.py
[2026-08-06T21:18:11.069+0000] {processor.py:840} INFO - DAG(s) 'example_python_decorator' retrieved from /home/airflow/.local/lib/python3.8/site-packages/airflow/example_dags/example_python_decorator.py
[2026-08-06T21:18:11.100+0000] {logging_mixin.py:188} INFO - [2026-08-06T21:18:11.100+0000] {dag.py:3036} INFO - Sync 1 DAGs
[2026-08-06T21:18:11.117+0000] {logging_mixin.py:188} INFO - [2026-08-06T21:18:11.117+0000] {dag.py:3823} INFO - Setting next_dagrun for example_python_decorator to None, run_after=None
[2026-08-06T21:18:11.146+0000] {processor.py:183} INFO - Processing /home/airflow/.local/lib/python3.8/site-packages/airflow/example_dags/example_python_decorator.py took 0.099 seconds
[2026-08-06T21:18:41.238+0000] {processor.py:161} INFO - Started process (PID=1483) to work on /home/airflow/.local/lib/python3.8/site-packages/airflow/example_dags/example_python_decorator.py
[2026-08-06T21:18:41.240+0000] {processor.py:830} INFO - Processing file /home/airflow/.local/lib/python3.8/site-packages/airflow/example_dags/example_python_decorator.py for tasks to queue
[2026-08-06T21:18:41.242+0000] {logging_mixin.py:188} INFO - [2026-08-06T21:18:41.241+0000] {dagbag.py:538} INFO - Filling up the DagBag from /home/airflow/.local/lib/python3.8/site-packages/airflow/example_dags/example_python_decorator.py
[2026-08-06T21:18:41.256+0000] {processor.py:840} INFO - DAG(s) 'example_python_decorator' retrieved from /home/airflow/.local/lib/python3.8/site-packages/airflow/example_dags/example_python_decorator.py
[2026-08-06T21:18:41.280+0000] {logging_mixin.py:188} INFO - [2026-08-06T21:18:41.280+0000] {dag.py:3036} INFO - Sync 1 DAGs
[2026-08-06T21:18:41.293+0000] {logging_mixin.py:188} INFO - [2026-08-06T21:18:41.293+0000] {dag.py:3823} INFO - Setting next_dagrun for example_python_decorator to None, run_after=None
[2026-08-06T21:18:41.321+0000] {processor.py:183} INFO - Processing /home/airflow/.local/lib/python3.8/site-packages/airflow/example_dags/example_python_decorator.py took 0.086 seconds
[2026-08-06T21:19:11.597+0000] {processor.py:161} INFO - Started process (PID=1542) to work on /home/airflow/.local/lib/python3.8/site-packages/airflow/example_dags/example_python_decorator.py
[2026-08-06T21:19:11.599+0000] {processor.py:830} INFO - Processing file /home/airflow/.local/lib/python3.8/site-packages/airflow/example_dags/example_python_decorator.py for tasks to queue
[2026-08-06T21:19:11.601+0000] {logging_mixin.py:188} INFO - [2026-08-06T21:19:11.600+0000] {dagbag.py:538} INFO - Filling up the DagBag from /home/airflow/.local/lib/python3.8/site-packages/airflow/example_dags/example_python_decorator.py
[2026-08-06T21:19:11.617+0000] {processor.py:840} INFO - DAG(s) 'example_python_decorator' retrieved from /home/airflow/.local/lib/python3.8/site-packages/airflow/example_dags/example_python_decorator.py
[2026-08-06T21:19:11.646+0000] {logging_mixin.py:188} INFO - [2026-08-06T21:19:11.645+0000] {dag.py:3036} INFO - Sync 1 DAGs
[2026-08-06T21:19:11.666+0000] {logging_mixin.py:188} INFO - [2026-08-06T21:19:11.665+0000] {dag.py:3823} INFO - Setting next_dagrun for example_python_decorator to None, run_after=None
[2026-08-06T21:19:11.687+0000] {processor.py:183} INFO - Processing /home/airflow/.local/lib/python3.8/site-packages/airflow/example_dags/example_python_decorator.py took 0.094 seconds
[2026-08-06T21:19:42.084+0000] {processor.py:161} INFO - Started process (PID=1601) to work on /home/airflow/.local/lib/python3.8/site-packages/airflow/example_dags/example_python_decorator.py
[2026-08-06T21:19:42.086+0000] {processor.py:830} INFO - Processing file /home/airflow/.local/lib/python3.8/site-packages/airflow/example_dags/example_python_decorator.py for tasks to queue
[2026-08-06T21:19:42.088+0000] {logging_mixin.py:188} INFO - [2026-08-06T21:19:42.088+0000] {dagbag.py:538} INFO - Filling up the DagBag from /home/airflow/.local/lib/python3.8/site-packages/airflow/example_dags/example_python_decorator.py
[2026-08-06T21:19:42.108+0000] {processor.py:840} INFO - DAG(s) 'example_python_decorator' retrieved from /home/airflow/.local/lib/python3.8/site-packages/airflow/example_dags/example_python_decorator.py
[2026-08-06T21:19:42.145+0000] {logging_mixin.py:188} INFO - [2026-08-06T21:19:42.144+0000] {dag.py:3036} INFO - Sync 1 DAGs
[2026-08-06T21:19:42.163+0000] {logging_mixin.py:188} INFO - [2026-08-06T21:19:42.162+0000] {dag.py:3823} INFO - Setting next_dagrun for example_python_decorator to None, run_after=None
[2026-08-06T21:19:42.195+0000] {processor.py:183} INFO - Processing /home/airflow/.local/lib/python3.8/site-packages/airflow/example_dags/example_python_decorator.py took 0.115 seconds
[2026-08-06T21:20:12.748+0000] {processor.py:161} INFO - Started process (PID=1660) to work on /home/airflow/.local/lib/python3.8/site-packages/airflow/example_dags/example_python_decorator.py
[2026-08-06T21:20:12.750+0000] {processor.py:830} INFO - Processing file /home/airflow/.local/lib/python3.8/site-packages/airflow/example_dags/example_python_decorator.py for tasks to queue
[2026-08-06T21:20:12.753+0000] {logging_mixin.py:188} INFO - [2026-08-06T21:20:12.753+0000] {dagbag.py:538} INFO - Filling up the DagBag from /home/airflow/.local/lib/python3.8/site-packages/airflow/example_dags/example_python_decorator.py
[2026-08-06T21:20:12.768+0000] {processor.py:840} INFO - DAG(s) 'example_python_decorator' retrieved from /home/airflow/.local/lib/python3.8/site-packages/airflow/example_dags/example_python_decorator.py
[2026-08-06T21:20:12.806+0000] {logging_mixin.py:188} INFO - [2026-08-06T21:20:12.806+0000] {dag.py:3036} INFO - Sync 1 DAGs
[2026-08-06T21:20:12.822+0000] {logging_mixin.py:188} INFO - [2026-08-06T21:20:12.821+0000] {dag.py:3823} INFO - Setting next_dagrun for example_python_decorator to None, run_after=None
[2026-08-06T21:20:12.844+0000] {processor.py:183} INFO - Processing /home/airflow/.local/lib/python3.8/site-packages/airflow/example_dags/example_python_decorator.py took 0.100 seconds
[2026-08-06T21:20:43.615+0000] {processor.py:161} INFO - Started process (PID=1719) to work on /home/airflow/.local/lib/python3.8/site-packages/airflow/example_dags/example_python_decorator.py
[2026-08-06T21:20:43.616+0000] {processor.py:830} INFO - Processing file /home/airflow/.local/lib/python3.8/site-packages/airflow/example_dags/example_python_decorator.py for tasks to queue
[2026-08-06T21:20:43.619+0000] {logging_mixin.py:188} INFO - [2026-08-06T21:20:43.618+0000] {dagbag.py:538} INFO - Filling up the DagBag from /home/airflow/.local/lib/python3.8/site-packages/airflow/example_dags/example_python_decorator.py
[2026-08-06T21:20:43.637+0000] {processor.py:840} INFO - DAG(s) 'example_python_decorator' retrieved from /home/airflow/.local/lib/python3.8/site-packages/airflow/example_dags/example_python_decorator.py
[2026-08-06T21:20:43.661+0000] {logging_mixin.py:188} INFO - [2026-08-06T21:20:43.661+0000] {dag.py:3036} INFO - Sync 1 DAGs
[2026-08-06T21:20:43.673+0000] {logging_mixin.py:188} INFO - [2026-08-06T21:20:43.672+0000] {dag.py:3823} INFO - Setting next_dagrun for example_python_decorator to None, run_after=None
[2026-08-06T21:20:43.693+0000] {processor.py:183} INFO - Processing /home/airflow/.local/lib/python3.8/site-packages/airflow/example_dags/example_python_decorator.py took 0.082 seconds
[2026-08-06T21:21:14.628+0000] {processor.py:161} INFO - Started process (PID=1778) to work on /home/airflow/.local/lib/python3.8/site-packages/airflow/example_dags/example_python_decorator.py
[2026-08-06T21:21:14.629+0000] {processor.py:830} INFO - Processing file /home/airflow/.local/lib/python3.8/site-packages/airflow/example_dags/example_python_decorator.py for tasks to queue
[2026-08-06T21:21:14.632+0000] {logging_mixin.py:188} INFO - [2026-08-06T21:21:14.631+0000] {dagbag.py:538} INFO - Filling up the DagBag from /home/airflow/.local/lib/python3.8/site-packages/airflow/example_dags/example_python_decorator.py
[2026-08-06T21:21:14.644+0000] {processor.py:840} INFO - DAG(s) 'example_python_decorator' retrieved from /home/airflow/.local/lib/python3.8/site-packages/airflow/example_dags/example_python_decorator.py
[2026-08-06T21:21:14.670+0000] {logging_mixin.py:188} INFO - [2026-08-06T21:21:14.669+0000] {dag.py:3036} INFO - Sync 1 DAGs
[2026-08-06T21:21:14.682+0000] {logging_mixin.py:188} INFO - [2026-08-06T21:21:14.682+0000] {dag.py:3823} INFO - Setting next_dagrun for example_python_decorator to None, run_after=None
[2026-08-06T21:21:14.706+0000] {processor.py:183} INFO - Processing /home/airflow/.local/lib/python3.8/site-packages/airflow/example_dags/example_python_decorator.py took 0.082 seconds
[2026-08-06T21:21:45.011+0000] {processor.py:161} INFO - Started process (PID=1837) to work on /home/airflow/.local/lib/python3.8/site-packages/airflow/example_dags/example_python_decorator.py
[2026-08-06T21:21:45.012+0000] {processor.py:830} INFO - Processing file /home/airflow/.local/lib/python3.8/site-packages/airflow/example_dags/example_python_decorator.py for tasks to queue
[2026-08-06T21:21:45.014+0000] {logging_mixin.py:188} INFO - [2026-08-06T21:21:45.014+0000] {dagbag.py:538} INFO - Filling up the DagBag from /home/airflow/.local/lib/python3.8/site-packages/airflow/example_dags/example_python_decorator.py
[2026-08-06T21:21:45.027+0000] {processor.py:840} INFO - DAG(s) 'example_python_decorator' retrieved from /home/airflow/.local/lib/python3.8/site-packages/airflow/example_dags/example_python_decorator.py
[2026-08-06T21:21:45.051+0000] {logging_mixin.py:188} INFO - [2026-08-06T21:21:45.050+0000] {dag.py:3036} INFO - Sync 1 DAGs
[2026-08-06T21:21:45.063+0000] {logging_mixin.py:188} INFO - [2026-08-06T21:21:45.062+0000] {dag.py:3823} INFO - Setting next_dagrun for example_python_decorator to None, run_after=None
[2026-08-06T21:21:45.082+0000] {processor.py:183} INFO - Processing /home/airflow/.local/lib/python3.8/site-packages/airflow/example_dags/example_python_decorator.py took 0.075 seconds
[2026-08-06T21:22:15.542+0000] {processor.py:161} INFO - Started process (PID=1896) to work on /home/airflow/.local/lib/python3.8/site-packages/airflow/example_dags/example_python_decorator.py
[2026-08-06T21:22:15.543+0000] {processor.py:830} INFO - Processing file /home/airflow/.local/lib/python3.8/site-packages/airflow/example_dags/example_python_decorator.py for tasks to queue
[2026-08-06T21:22:15.545+0000] {logging_mixin.py:188} INFO - [2026-08-06T21:22:15.545+0000] {dagbag.py:538} INFO - Filling up the DagBag from /home/airflow/.local/lib/python3.8/site-packages/airflow/example_dags/example_python_decorator.py
[2026-08-06T21:22:15.557+0000] {processor.py:840} INFO - DAG(s) 'example_python_decorator' retrieved from /home/airflow/.local/lib/python3.8/site-packages/airflow/example_dags/example_python_decorator.py
[2026-08-06T21:22:15.580+0000] {logging_mixin.py:188} INFO - [2026-08-06T21:22:15.579+0000] {dag.py:3036} INFO - Sync 1 DAGs
[2026-08-06T21:22:15.592+0000] {logging_mixin.py:188} INFO - [2026-08-06T21:22:15.592+0000] {dag.py:3823} INFO - Setting next_dagrun for example_python_decorator to None, run_after=None
[2026-08-06T21:22:15.611+0000] {processor.py:183} INFO - Processing /home/airflow/.local/lib/python3.8/site-packages/airflow/example_dags/example_python_decorator.py took 0.073 seconds
[2026-08-06T21:22:46.130+0000] {processor.py:161} INFO - Started process (PID=1955) to work on /home/airflow/.local/lib/python3.8/site-packages/airflow/example_dags/example_python_decorator.py
[2026-08-06T21:22:46.131+0000] {processor.py:830} INFO - Processing file /home/airflow/.local/lib/python3.8/site-packages/airflow/example_dags/example_python_decorator.py for tasks to queue
[2026-08-06T21:22:46.133+0000] {logging_mixin.py:188} INFO - [2026-08-06T21:22:46.133+0000] {dagbag.py:538} INFO - Filling up the DagBag from /home/airflow/.local/lib/python3.8/site-packages/airflow/example_dags/example_python_decorator.py
[2026-08-06T21:22:46.146+0000] {processor.py:840} INFO - DAG(s) 'example_python_decorator' retrieved from /home/airflow/.local/lib/python3.8/site-packages/airflow/example_dags/example_python_decorator.py
[2026-08-06T21:22:46.169+0000] {logging_mixin.py:188} INFO - [2026-08-06T21:22:46.169+0000] {dag.py:3036} INFO - Sync 1 DAGs
[2026-08-06T21:22:46.181+0000] {logging_mixin.py:188} INFO - [2026-08-06T21:22:46.181+0000] {dag.py:3823} INFO - Setting next_dagrun for example_python_decorator to None, run_after=None
[2026-08-06T21:22:46.201+0000] {processor.py:183} INFO - Processing /home/airflow/.local/lib/python3.8/site-packages/airflow/example_dags/example_python_decorator.py took 0.074 seconds
[2026-08-06T21:23:16.982+0000] {processor.py:161} INFO - Started process (PID=2014) to work on /home/airflow/.local/lib/python3.8/site-packages/airflow/example_dags/example_python_decorator.py
[2026-08-06T21:23:16.984+0000] {processor.py:830} INFO - Processing file /home/airflow/.local/lib/python3.8/site-packages/airflow/example_dags/example_python_decorator.py for tasks to queue
[2026-08-06T21:23:16.987+0000] {logging_mixin.py:188} INFO - [2026-08-06T21:23:16.987+0000] {dagbag.py:538} INFO - Filling up the DagBag from /home/airflow/.local/lib/python3.8/site-packages/airflow/example_dags/example_python_decorator.py
[2026-08-06T21:23:17.002+0000] {processor.py:840} INFO - DAG(s) 'example_python_decorator' retrieved from /home/airflow/.local/lib/python3.8/site-packages/airflow/example_dags/example_python_decorator.py
[2026-08-06T21:23:17.029+0000] {logging_mixin.py:188} INFO - [2026-08-06T21:23:17.028+0000] {dag.py:3036} INFO - Sync 1 DAGs
[2026-08-06T21:23:17.041+0000] {logging_mixin.py:188} INFO - [2026-08-06T21:23:17.041+0000] {dag.py:3823} INFO - Setting next_dagrun for example_python_decorator to None, run_after=None
[2026-08-06T21:23:17.061+0000] {processor.py:183} INFO - Processing /home/airflow/.local/lib/python3.8/site-packages/airflow/example_dags/example_python_decorator.py took 0.082 seconds
[2026-08-06T21:23:47.564+0000] {processor.py:161} INFO - Started process (PID=2073) to work on /home/airflow/.local/lib/python3.8/site-packages/airflow/example_dags/example_python_decorator.py
[2026-08-06T21:23:47.565+0000] {processor.py:830} INFO - Processing file /home/airflow/.local/lib/python3.8/site-packages/airflow/example_dags/example_python_decorator.py for tasks to queue
[2026-08-06T21:23:47.568+0000] {logging_mixin.py:188} INFO - [2026-08-06T21:23:47.568+0000] {dagbag.py:538} INFO - Filling up the DagBag from /home/airflow/.local/lib/python3.8/site-packages/airflow/example_dags/example_python_decorator.py
[2026-08-06T21:23:47.583+0000] {processor.py:840} INFO - DAG(s) 'example_python_decorator' retrieved from /home/airflow/.local/lib/python3.8/site-packages/airflow/example_dags/example_python_decorator.py
[2026-08-06T21:23:47.616+0000] {logging_mixin.py:188} INFO - [2026-08-06T21:23:47.615+0000] {dag.py:3036} INFO - Sync 1 DAGs
[2026-08-06T21:23:47.635+0000] {logging_mixin.py:188} INFO - [2026-08-06T21:23:47.635+0000] {dag.py:3823} INFO - Setting next_dagrun for example_python_decorator to None, run_after=None
[2026-08-06T21:23:47.664+0000] {processor.py:183} INFO - Processing /home/airflow/.local/lib/python3.8/site-packages/airflow/example_dags/example_python_decorator.py took 0.104 seconds
[2026-08-06T21:24:18.329+0000] {processor.py:161} INFO - Started process (PID=2132) to work on /home/airflow/.local/lib/python3.8/site-packages/airflow/example_dags/example_python_decorator.py
[2026-08-06T21:24:18.330+0000] {processor.py:830} INFO - Processing file /home/airflow/.local/lib/python3.8/site-packages/airflow/example_dags/example_python_decorator.py for tasks to queue
[2026-08-06T21:24:18.333+0000] {logging_mixin.py:188} INFO - [2026-08-06T21:24:18.332+0000] {dagbag.py:538} INFO - Filling up the DagBag from /home/airflow/.local/lib/python3.8/site-packages/airflow/example_dags/example_python_decorator.py
[2026-08-06T21:24:18.346+0000] {processor.py:840} INFO - DAG(s) 'example_python_decorator' retrieved from /home/airflow/.local/lib/python3.8/site-packages/airflow/example_dags/example_python_decorator.py
[2026-08-06T21:24:18.369+0000] {logging_mixin.py:188} INFO - [2026-08-06T21:24:18.369+0000] {dag.py:3036} INFO - Sync 1 DAGs
[2026-08-06T21:24:18.381+0000] {logging_mixin.py:188} INFO - [2026-08-06T21:24:18.381+0000] {dag.py:3823} INFO - Setting next_dagrun for example_python_decorator to None, run_after=None
[2026-08-06T21:24:18.402+0000] {processor.py:183} INFO - Processing /home/airflow/.local/lib/python3.8/site-packages/airflow/example_dags/example_python_decorator.py took 0.077 seconds
[2026-08-06T21:24:48.709+0000] {processor.py:161} INFO - Started process (PID=2191) to work on /home/airflow/.local/lib/python3.8/site-packages/airflow/example_dags/example_python_decorator.py
[2026-08-06T21:24:48.711+0000] {processor.py:830} INFO - Processing file /home/airflow/.local/lib/python3.8/site-packages/airflow/example_dags/example_python_decorator.py for tasks to queue
[2026-08-06T21:24:48.714+0000] {logging_mixin.py:188} INFO - [2026-08-06T21:24:48.714+0000] {dagbag.py:538} INFO - Filling up the DagBag from /home/airflow/.local/lib/python3.8/site-packages/airflow/example_dags/example_python_decorator.py
[2026-08-06T21:24:48.727+0000] {processor.py:840} INFO - DAG(s) 'example_python_decorator' retrieved from /home/airflow/.local/lib/python3.8/site-packages/airflow/example_dags/example_python_decorator.py
[2026-08-06T21:24:48.773+0000] {logging_mixin.py:188} INFO - [2026-08-06T21:24:48.773+0000] {dag.py:3036} INFO - Sync 1 DAGs
[2026-08-06T21:24:48.802+0000] {logging_mixin.py:188} INFO - [2026-08-06T21:24:48.801+0000] {dag.py:3823} INFO - Setting next_dagrun for example_python_decorator to None, run_after=None
[2026-08-06T21:24:48.832+0000] {processor.py:183} INFO - Processing /home/airflow/.local/lib/python3.8/site-packages/airflow/example_dags/example_python_decorator.py took 0.128 seconds
[2026-08-06T21:25:19.254+0000] {processor.py:161} INFO - Started process (PID=2250) to work on /home/airflow/.local/lib/python3.8/site-packages/airflow/example_dags/example_python_decorator.py
[2026-08-06T21:25:19.255+0000] {processor.py:830} INFO - Processing file /home/airflow/.local/lib/python3.8/site-packages/airflow/example_dags/example_python_decorator.py for tasks to queue
[2026-08-06T21:25:19.258+0000] {logging_mixin.py:188} INFO - [2026-08-06T21:25:19.257+0000] {dagbag.py:538} INFO - Filling up the DagBag from /home/airflow/.local/lib/python3.8/site-packages/airflow/example_dags/example_python_decorator.py
[2026-08-06T21:25:19.272+0000] {processor.py:840} INFO - DAG(s) 'example_python_decorator' retrieved from /home/airflow/.local/lib/python3.8/site-packages/airflow/example_dags/example_python_decorator.py
[2026-08-06T21:25:19.300+0000] {logging_mixin.py:188} INFO - [2026-08-06T21:25:19.299+0000] {dag.py:3036} INFO - Sync 1 DAGs
[2026-08-06T21:25:19.314+0000] {logging_mixin.py:188} INFO - [2026-08-06T21:25:19.314+0000] {dag.py:3823} INFO - Setting next_dagrun for example_python_decorator to None, run_after=None
[2026-08-06T21:25:19.343+0000] {processor.py:183} INFO - Processing /home/airflow/.local/lib/python3.8/site-packages/airflow/example_dags/example_python_decorator.py took 0.093 seconds
[2026-08-06T21:25:49.893+0000] {processor.py:161} INFO - Started process (PID=2309) to work on /home/airflow/.local/lib/python3.8/site-packages/airflow/example_dags/example_python_decorator.py
[2026-08-06T21:25:49.894+0000] {processor.py:830} INFO - Processing file /home/airflow/.local/lib/python3.8/site-packages/airflow/example_dags/example_python_decorator.py for tasks to queue
[2026-08-06T21:25:49.896+0000] {logging_mixin.py:188} INFO - [2026-08-06T21:25:49.896+0000] {dagbag.py:538} INFO - Filling up the DagBag from /home/airflow/.local/lib/python3.8/site-packages/airflow/example_dags/example_python_decorator.py
[2026-08-06T21:25:49.908+0000] {processor.py:840} INFO - DAG(s) 'example_python_decorator' retrieved from /home/airflow/.local/lib/python3.8/site-packages/airflow/example_dags/example_python_decorator.py
[2026-08-06T21:25:49.929+0000] {logging_mixin.py:188} INFO - [2026-08-06T21:25:49.929+0000] {dag.py:3036} INFO - Sync 1 DAGs
[2026-08-06T21:25:49.941+0000] {logging_mixin.py:188} INFO - [2026-08-06T21:25:49.941+0000] {dag.py:3823} INFO - Setting next_dagrun for example_python_decorator to None, run_after=None
[2026-08-06T21:25:49.959+0000] {processor.py:183} INFO - Processing /home/airflow/.local/lib/python3.8/site-packages/airflow/example_dags/example_python_decorator.py took 0.070 seconds
[2026-08-06T21:26:20.180+0000] {processor.py:161} INFO - Started process (PID=2374) to work on /home/airflow/.local/lib/python3.8/site-packages/airflow/example_dags/example_python_decorator.py
[2026-08-06T21:26:20.181+0000] {processor.py:830} INFO - Processing file /home/airflow/.local/lib/python3.8/site-packages/airflow/example_dags/example_python_decorator.py for tasks to queue
[2026-08-06T21:26:20.184+0000] {logging_mixin.py:188} INFO - [2026-08-06T21:26:20.183+0000] {dagbag.py:538} INFO - Filling up the DagBag from /home/airflow/.local/lib/python3.8/site-packages/airflow/example_dags/example_python_decorator.py
[2026-08-06T21:26:20.197+0000] {processor.py:840} INFO - DAG(s) 'example_python_decorator' retrieved from /home/airflow/.local/lib/python3.8/site-packages/airflow/example_dags/example_python_decorator.py
[2026-08-06T21:26:20.220+0000] {logging_mixin.py:188} INFO - [2026-08-06T21:26:20.220+0000] {dag.py:3036} INFO - Sync 1 DAGs
[2026-08-06T21:26:20.235+0000] {logging_mixin.py:188} INFO - [2026-08-06T21:26:20.234+0000] {dag.py:3823} INFO - Setting next_dagrun for example_python_decorator to None, run_after=None
[2026-08-06T21:26:20.256+0000] {processor.py:183} INFO - Processing /home/airflow/.local/lib/python3.8/site-packages/airflow/example_dags/example_python_decorator.py took 0.080 seconds
[2026-08-06T21:26:50.752+0000] {processor.py:161} INFO - Started process (PID=2439) to work on /home/airflow/.local/lib/python3.8/site-packages/airflow/example_dags/example_python_decorator.py
[2026-08-06T21:26:50.754+0000] {processor.py:830} INFO - Processing file /home/airflow/.local/lib/python3.8/site-packages/airflow/example_dags/example_python_decorator.py for tasks to queue
[2026-08-06T21:26:50.756+0000] {logging_mixin.py:188} INFO - [2026-08-06T21:26:50.756+0000] {dagbag.py:538} INFO - Filling up the DagBag from /home/airflow/.local/lib/python3.8/site-packages/airflow/example_dags/example_python_decorator.py
[2026-08-06T21:26:50.768+0000] {processor.py:840} INFO - DAG(s) 'example_python_decorator' retrieved from /home/airflow/.local/lib/python3.8/site-packages/airflow/example_dags/example_python_decorator.py
[2026-08-06T21:26:50.791+0000] {logging_mixin.py:188} INFO - [2026-08-06T21:26:50.790+0000] {dag.py:3036} INFO - Sync 1 DAGs
[2026-08-06T21:26:50.936+0000] {logging_mixin.py:188} INFO - [2026-08-06T21:26:50.936+0000] {dag.py:3823} INFO - Setting next_dagrun for example_python_decorator to None, run_after=None
[2026-08-06T21:26:50.955+0000] {processor.py:183} INFO - Processing /home/airflow/.local/lib/python3.8/site-packages/airflow/example_dags/example_python_decorator.py took 0.207 seconds
[2026-08-06T21:27:21.153+0000] {processor.py:161} INFO - Started process (PID=2504) to work on /home/airflow/.local/lib/python3.8/site-packages/airflow/example_dags/example_python_decorator.py
[2026-08-06T21:27:21.155+0000] {processor.py:830} INFO - Processing file /home/airflow/.local/lib/python3.8/site-packages/airflow/example_dags/example_python_decorator.py for tasks to queue
[2026-08-06T21:27:21.157+0000] {logging_mixin.py:188} INFO - [2026-08-06T21:27:21.156+0000] {dagbag.py:538} INFO - Filling up the DagBag from /home/airflow/.local/lib/python3.8/site-packages/airflow/example_dags/example_python_decorator.py
[2026-08-06T21:27:21.169+0000] {processor.py:840} INFO - DAG(s) 'example_python_decorator' retrieved from /home/airflow/.local/lib/python3.8/site-packages/airflow/example_dags/example_python_decorator.py
[2026-08-06T21:27:21.193+0000] {logging_mixin.py:188} INFO - [2026-08-06T21:27:21.193+0000] {dag.py:3036} INFO - Sync 1 DAGs
[2026-08-06T21:27:21.340+0000] {logging_mixin.py:188} INFO - [2026-08-06T21:27:21.339+0000] {dag.py:3823} INFO - Setting next_dagrun for example_python_decorator to None, run_after=None
[2026-08-06T21:27:21.359+0000] {processor.py:183} INFO - Processing /home/airflow/.local/lib/python3.8/site-packages/airflow/example_dags/example_python_decorator.py took 0.209 seconds
[2026-08-06T21:27:52.195+0000] {processor.py:161} INFO - Started process (PID=2569) to work on /home/airflow/.local/lib/python3.8/site-packages/airflow/example_dags/example_python_decorator.py
[2026-08-06T21:27:52.196+0000] {processor.py:830} INFO - Processing file /home/airflow/.local/lib/python3.8/site-packages/airflow/example_dags/example_python_decorator.py for tasks to queue
[2026-08-06T21:27:52.199+0000] {logging_mixin.py:188} INFO - [2026-08-06T21:27:52.198+0000] {dagbag.py:538} INFO - Filling up the DagBag from /home/airflow/.local/lib/python3.8/site-packages/airflow/example_dags/example_python_decorator.py
[2026-08-06T21:27:52.213+0000] {processor.py:840} INFO - DAG(s) 'example_python_decorator' retrieved from /home/airflow/.local/lib/python3.8/site-packages/airflow/example_dags/example_python_decorator.py
[2026-08-06T21:27:52.240+0000] {logging_mixin.py:188} INFO - [2026-08-06T21:27:52.239+0000] {dag.py:3036} INFO - Sync 1 DAGs
[2026-08-06T21:27:52.385+0000] {logging_mixin.py:188} INFO - [2026-08-06T21:27:52.385+0000] {dag.py:3823} INFO - Setting next_dagrun for example_python_decorator to None, run_after=None
[2026-08-06T21:27:52.402+0000] {processor.py:183} INFO - Processing /home/airflow/.local/lib/python3.8/site-packages/airflow/example_dags/example_python_decorator.py took 0.211 seconds
[2026-08-06T21:28:22.727+0000] {processor.py:161} INFO - Started process (PID=2634) to work on /home/airflow/.local/lib/python3.8/site-packages/airflow/example_dags/example_python_decorator.py
[2026-08-06T21:28:22.728+0000] {processor.py:830} INFO - Processing file /home/airflow/.local/lib/python3.8/site-packages/airflow/example_dags/example_python_decorator.py for tasks to queue
[2026-08-06T21:28:22.730+0000] {logging_mixin.py:188} INFO - [2026-08-06T21:28:22.729+0000] {dagbag.py:538} INFO - Filling up the DagBag from /home/airflow/.local/lib/python3.8/site-packages/airflow/example_dags/example_python_decorator.py
[2026-08-06T21:28:22.742+0000] {processor.py:840} INFO - DAG(s) 'example_python_decorator' retrieved from /home/airflow/.local/lib/python3.8/site-packages/airflow/example_dags/example_python_decorator.py
[2026-08-06T21:28:22.765+0000] {logging_mixin.py:188} INFO - [2026-08-06T21:28:22.765+0000] {dag.py:3036} INFO - Sync 1 DAGs
[2026-08-06T21:28:22.777+0000] {logging_mixin.py:188} INFO - [2026-08-06T21:28:22.777+0000] {dag.py:3823} INFO - Setting next_dagrun for example_python_decorator to None, run_after=None
[2026-08-06T21:28:22.929+0000] {processor.py:183} INFO - Processing /home/airflow/.local/lib/python3.8/site-packages/airflow/example_dags/example_python_decorator.py took 0.206 seconds
[2026-08-06T21:28:53.447+0000] {processor.py:161} INFO - Started process (PID=2699) to work on /home/airflow/.local/lib/python3.8/site-packages/airflow/example_dags/example_python_decorator.py
[2026-08-06T21:28:53.448+0000] {processor.py:830} INFO - Processing file /home/airflow/.local/lib/python3.8/site-packages/airflow/example_dags/example_python_decorator.py for tasks to queue
[2026-08-06T21:28:53.450+0000] {logging_mixin.py:188} INFO - [2026-08-06T21:28:53.450+0000] {dagbag.py:538} INFO - Filling up the DagBag from /home/airflow/.local/lib/python3.8/site-packages/airflow/example_dags/example_python_decorator.py
[2026-08-06T21:28:53.463+0000] {processor.py:840} INFO - DAG(s) 'example_python_decorator' retrieved from /home/airflow/.local/lib/python3.8/site-packages/airflow/example_dags/example_python_decorator.py
[2026-08-06T21:28:53.488+0000] {logging_mixin.py:188} INFO - [2026-08-06T21:28:53.487+0000] {dag.py:3036} INFO - Sync 1 DAGs
[2026-08-06T21:28:53.500+0000] {logging_mixin.py:188} INFO - [2026-08-06T21:28:53.500+0000] {dag.py:3823} INFO - Setting next_dagrun for example_python_decorator to None, run_after=None
[2026-08-06T21:28:53.520+0000] {processor.py:183} INFO - Processing /home/airflow/.local/lib/python3.8/site-packages/airflow/example_dags/example_python_decorator.py took 0.076 seconds
[2026-08-06T21:29:24.432+0000] {processor.py:161} INFO - Started process (PID=2764) to work on /home/airflow/.local/lib/python3.8/site-packages/airflow/example_dags/example_python_decorator.py
[2026-08-06T21:29:24.433+0000] {processor.py:830} INFO - Processing file /home/airflow/.local/lib/python3.8/site-packages/airflow/example_dags/example_python_decorator.py for tasks to queue
[2026-08-06T21:29:24.435+0000] {logging_mixin.py:188} INFO - [2026-08-06T21:29:24.435+0000] {dagbag.py:538} INFO - Filling up the DagBag from /home/airflow/.local/lib/python3.8/site-packages/airflow/example_dags/example_python_decorator.py
[2026-08-06T21:29:24.449+0000] {processor.py:840} INFO - DAG(s) 'example_python_decorator' retrieved from /home/airflow/.local/lib/python3.8/site-packages/airflow/example_dags/example_python_decorator.py
[2026-08-06T21:29:24.473+0000] {logging_mixin.py:188} INFO - [2026-08-06T21:29:24.473+0000] {dag.py:3036} INFO - Sync 1 DAGs
[2026-08-06T21:29:24.491+0000] {logging_mixin.py:188} INFO - [2026-08-06T21:29:24.490+0000] {dag.py:3823} INFO - Setting next_dagrun for example_python_decorator to None, run_after=None
[2026-08-06T21:29:24.514+0000] {processor.py:183} INFO - Processing /home/airflow/.local/lib/python3.8/site-packages/airflow/example_dags/example_python_decorator.py took 0.086 seconds
[2026-08-06T21:29:55.319+0000] {processor.py:161} INFO - Started process (PID=2829) to work on /home/airflow/.local/lib/python3.8/site-packages/airflow/example_dags/example_python_decorator.py
[2026-08-06T21:29:55.320+0000] {processor.py:830} INFO - Processing file /home/airflow/.local/lib/python3.8/site-packages/airflow/example_dags/example_python_decorator.py for tasks to queue
[2026-08-06T21:29:55.322+0000] {logging_mixin.py:188} INFO - [2026-08-06T21:29:55.322+0000] {dagbag.py:538} INFO - Filling up the DagBag from /home/airflow/.local/lib/python3.8/site-packages/airflow/example_dags/example_python_decorator.py
[2026-08-06T21:29:55.341+0000] {processor.py:840} INFO - DAG(s) 'example_python_decorator' retrieved from /home/airflow/.local/lib/python3.8/site-packages/airflow/example_dags/example_python_decorator.py
[2026-08-06T21:29:55.368+0000] {logging_mixin.py:188} INFO - [2026-08-06T21:29:55.368+0000] {dag.py:3036} INFO - Sync 1 DAGs
[2026-08-06T21:29:55.382+0000] {logging_mixin.py:188} INFO - [2026-08-06T21:29:55.381+0000] {dag.py:3823} INFO - Setting next_dagrun for example_python_decorator to None, run_after=None
[2026-08-06T21:29:55.405+0000] {processor.py:183} INFO - Processing /home/airflow/.local/lib/python3.8/site-packages/airflow/example_dags/example_python_decorator.py took 0.091 seconds
[2026-08-06T21:30:26.042+0000] {processor.py:161} INFO - Started process (PID=2894) to work on /home/airflow/.local/lib/python3.8/site-packages/airflow/example_dags/example_python_decorator.py
[2026-08-06T21:30:26.043+0000] {processor.py:830} INFO - Processing file /home/airflow/.local/lib/python3.8/site-packages/airflow/example_dags/example_python_decorator.py for tasks to queue
[2026-08-06T21:30:26.046+0000] {logging_mixin.py:188} INFO - [2026-08-06T21:30:26.046+0000] {dagbag.py:538} INFO - Filling up the DagBag from /home/airflow/.local/lib/python3.8/site-packages/airflow/example_dags/example_python_decorator.py
[2026-08-06T21:30:26.069+0000] {processor.py:840} INFO - DAG(s) 'example_python_decorator' retrieved from /home/airflow/.local/lib/python3.8/site-packages/airflow/example_dags/example_python_decorator.py
[2026-08-06T21:30:26.104+0000] {logging_mixin.py:188} INFO - [2026-08-06T21:30:26.104+0000] {dag.py:3036} INFO - Sync 1 DAGs
[2026-08-06T21:30:26.124+0000] {logging_mixin.py:188} INFO - [2026-08-06T21:30:26.124+0000] {dag.py:3823} INFO - Setting next_dagrun for example_python_decorator to None, run_after=None
[2026-08-06T21:30:26.153+0000] {processor.py:183} INFO - Processing /home/airflow/.local/lib/python3.8/site-packages/airflow/example_dags/example_python_decorator.py took 0.114 seconds
[2026-08-06T21:30:56.352+0000] {processor.py:161} INFO - Started process (PID=2971) to work on /home/airflow/.local/lib/python3.8/site-packages/airflow/example_dags/example_python_decorator.py
[2026-08-06T21:30:56.354+0000] {processor.py:830} INFO - Processing file /home/airflow/.local/lib/python3.8/site-packages/airflow/example_dags/example_python_decorator.py for tasks to queue
[2026-08-06T21:30:56.358+0000] {logging_mixin.py:188} INFO - [2026-08-06T21:30:56.358+0000] {dagbag.py:538} INFO - Filling up the DagBag from /home/airflow/.local/lib/python3.8/site-packages/airflow/example_dags/example_python_decorator.py
[2026-08-06T21:30:56.377+0000] {processor.py:840} INFO - DAG(s) 'example_python_decorator' retrieved from /home/airflow/.local/lib/python3.8/site-packages/airflow/example_dags/example_python_decorator.py
[2026-08-06T21:30:56.408+0000] {logging_mixin.py:188} INFO - [2026-08-06T21:30:56.407+0000] {dag.py:3036} INFO - Sync 1 DAGs
[2026-08-06T21:30:56.424+0000] {logging_mixin.py:188} INFO - [2026-08-06T21:30:56.424+0000] {dag.py:3823} INFO - Setting next_dagrun for example_python_decorator to None, run_after=None
[2026-08-06T21:30:56.447+0000] {processor.py:183} INFO - Processing /home/airflow/.local/lib/python3.8/site-packages/airflow/example_dags/example_python_decorator.py took 0.099 seconds
[2026-08-06T21:31:27.153+0000] {processor.py:161} INFO - Started process (PID=3052) to work on /home/airflow/.local/lib/python3.8/site-packages/airflow/example_dags/example_python_decorator.py
[2026-08-06T21:31:27.155+0000] {processor.py:830} INFO - Processing file /home/airflow/.local/lib/python3.8/site-packages/airflow/example_dags/example_python_decorator.py for tasks to queue
[2026-08-06T21:31:27.160+0000] {logging_mixin.py:188} INFO - [2026-08-06T21:31:27.158+0000] {dagbag.py:538} INFO - Filling up the DagBag from /home/airflow/.local/lib/python3.8/site-packages/airflow/example_dags/example_python_decorator.py
[2026-08-06T21:31:27.187+0000] {processor.py:840} INFO - DAG(s) 'example_python_decorator' retrieved from /home/airflow/.local/lib/python3.8/site-packages/airflow/example_dags/example_python_decorator.py
[2026-08-06T21:31:27.240+0000] {logging_mixin.py:188} INFO - [2026-08-06T21:31:27.239+0000] {dag.py:3036} INFO - Sync 1 DAGs
[2026-08-06T21:31:27.283+0000] {logging_mixin.py:188} INFO - [2026-08-06T21:31:27.282+0000] {dag.py:3823} INFO - Setting next_dagrun for example_python_decorator to None, run_after=None
[2026-08-06T21:31:27.334+0000] {processor.py:183} INFO - Processing /home/airflow/.local/lib/python3.8/site-packages/airflow/example_dags/example_python_decorator.py took 0.195 seconds
[2026-08-06T21:31:57.387+0000] {processor.py:161} INFO - Started process (PID=3116) to work on /home/airflow/.local/lib/python3.8/site-packages/airflow/example_dags/example_python_decorator.py
[2026-08-06T21:31:57.388+0000] {processor.py:830} INFO - Processing file /home/airflow/.local/lib/python3.8/site-packages/airflow/example_dags/example_python_decorator.py for tasks to queue
[2026-08-06T21:31:57.390+0000] {logging_mixin.py:188} INFO - [2026-08-06T21:31:57.390+0000] {dagbag.py:538} INFO - Filling up the DagBag from /home/airflow/.local/lib/python3.8/site-packages/airflow/example_dags/example_python_decorator.py
[2026-08-06T21:31:57.403+0000] {processor.py:840} INFO - DAG(s) 'example_python_decorator' retrieved from /home/airflow/.local/lib/python3.8/site-packages/airflow/example_dags/example_python_decorator.py
[2026-08-06T21:31:57.427+0000] {logging_mixin.py:188} INFO - [2026-08-06T21:31:57.427+0000] {dag.py:3036} INFO - Sync 1 DAGs
[2026-08-06T21:31:57.439+0000] {logging_mixin.py:188} INFO - [2026-08-06T21:31:57.439+0000] {dag.py:3823} INFO - Setting next_dagrun for example_python_decorator to None, run_after=None
[2026-08-06T21:31:57.457+0000] {processor.py:183} INFO - Processing /home/airflow/.local/lib/python3.8/site-packages/airflow/example_dags/example_python_decorator.py took 0.074 seconds
[2026-08-06T21:32:28.254+0000] {processor.py:161} INFO - Started process (PID=3182) to work on /home/airflow/.local/lib/python3.8/site-packages/airflow/example_dags/example_python_decorator.py
[2026-08-06T21:32:28.256+0000] {processor.py:830} INFO - Processing file /home/airflow/.local/lib/python3.8/site-packages/airflow/example_dags/example_python_decorator.py for tasks to queue
[2026-08-06T21:32:28.259+0000] {logging_mixin.py:188} INFO - [2026-08-06T21:32:28.258+0000] {dagbag.py:538} INFO - Filling up the DagBag from /home/airflow/.local/lib/python3.8/site-packages/airflow/example_dags/example_python_decorator.py
[2026-08-06T21:32:28.274+0000] {processor.py:840} INFO - DAG(s) 'example_python_decorator' retrieved from /home/airflow/.local/lib/python3.8/site-packages/airflow/example_dags/example_python_decorator.py
[2026-08-06T21:32:28.305+0000] {logging_mixin.py:188} INFO - [2026-08-06T21:32:28.305+0000] {dag.py:3036} INFO - Sync 1 DAGs
[2026-08-06T21:32:28.321+0000] {logging_mixin.py:188} INFO - [2026-08-06T21:32:28.321+0000] {dag.py:3823} INFO - Setting next_dagrun for example_python_decorator to None, run_after=None
[2026-08-06T21:32:28.357+0000] {processor.py:183} INFO - Processing /home/airflow/.local/lib/python3.8/site-packages/airflow/example_dags/example_python_decorator.py took 0.107 seconds
[2026-08-06T21:32:58.766+0000] {processor.py:161} INFO - Started process (PID=3247) to work on /home/airflow/.local/lib/python3.8/site-packages/airflow/example_dags/example_python_decorator.py
[2026-08-06T21:32:58.768+0000] {processor.py:830} INFO - Processing file /home/airflow/.local/lib/python3.8/site-packages/airflow/example_dags/example_python_decorator.py for tasks to queue
[2026-08-06T21:32:58.772+0000] {logging_mixin.py:188} INFO - [2026-08-06T21:32:58.771+0000] {dagbag.py:538} INFO - Filling up the DagBag from /home/airflow/.local/lib/python3.8/site-packages/airflow/example_dags/example_python_decorator.py
[2026-08-06T21:32:58.791+0000] {processor.py:840} INFO - DAG(s) 'example_python_decorator' retrieved from /home/airflow/.local/lib/python3.8/site-packages/airflow/example_dags/example_python_decorator.py
[2026-08-06T21:32:58.826+0000] {logging_mixin.py:188} INFO - [2026-08-06T21:32:58.825+0000] {dag.py:3036} INFO - Sync 1 DAGs
[2026-08-06T21:32:58.840+0000] {logging_mixin.py:188} INFO - [2026-08-06T21:32:58.839+0000] {dag.py:3823} INFO - Setting next_dagrun for example_python_decorator to None, run_after=None
[2026-08-06T21:32:58.869+0000] {processor.py:183} INFO - Processing /home/airflow/.local/lib/python3.8/site-packages/airflow/example_dags/example_python_decorator.py took 0.110 seconds
[2026-08-06T21:33:29.417+0000] {processor.py:161} INFO - Started process (PID=3320) to work on /home/airflow/.local/lib/python3.8/site-packages/airflow/example_dags/example_python_decorator.py
[2026-08-06T21:33:29.419+0000] {processor.py:830} INFO - Processing file /home/airflow/.local/lib/python3.8/site-packages/airflow/example_dags/example_python_decorator.py for tasks to queue
[2026-08-06T21:33:29.422+0000] {logging_mixin.py:188} INFO - [2026-08-06T21:33:29.422+0000] {dagbag.py:538} INFO - Filling up the DagBag from /home/airflow/.local/lib/python3.8/site-packages/airflow/example_dags/example_python_decorator.py
[2026-08-06T21:33:29.440+0000] {processor.py:840} INFO - DAG(s) 'example_python_decorator' retrieved from /home/airflow/.local/lib/python3.8/site-packages/airflow/example_dags/example_python_decorator.py
[2026-08-06T21:33:29.469+0000] {logging_mixin.py:188} INFO - [2026-08-06T21:33:29.469+0000] {dag.py:3036} INFO - Sync 1 DAGs
[2026-08-06T21:33:29.484+0000] {logging_mixin.py:188} INFO - [2026-08-06T21:33:29.484+0000] {dag.py:3823} INFO - Setting next_dagrun for example_python_decorator to None, run_after=None
[2026-08-06T21:33:29.508+0000] {processor.py:183} INFO - Processing /home/airflow/.local/lib/python3.8/site-packages/airflow/example_dags/example_python_decorator.py took 0.097 seconds
[2026-08-06T21:33:59.975+0000] {processor.py:161} INFO - Started process (PID=3385) to work on /home/airflow/.local/lib/python3.8/site-packages/airflow/example_dags/example_python_decorator.py
[2026-08-06T21:33:59.976+0000] {processor.py:830} INFO - Processing file /home/airflow/.local/lib/python3.8/site-packages/airflow/example_dags/example_python_decorator.py for tasks to queue
[2026-08-06T21:33:59.979+0000] {logging_mixin.py:188} INFO - [2026-08-06T21:33:59.979+0000] {dagbag.py:538} INFO - Filling up the DagBag from /home/airflow/.local/lib/python3.8/site-packages/airflow/example_dags/example_python_decorator.py
[2026-08-06T21:33:59.996+0000] {processor.py:840} INFO - DAG(s) 'example_python_decorator' retrieved from /home/airflow/.local/lib/python3.8/site-packages/airflow/example_dags/example_python_decorator.py
[2026-08-06T21:34:00.023+0000] {logging_mixin.py:188} INFO - [2026-08-06T21:34:00.023+0000] {dag.py:3036} INFO - Sync 1 DAGs
[2026-08-06T21:34:00.037+0000] {logging_mixin.py:188} INFO - [2026-08-06T21:34:00.036+0000] {dag.py:3823} INFO - Setting next_dagrun for example_python_decorator to None, run_after=None
[2026-08-06T21:34:00.057+0000] {processor.py:183} INFO - Processing /home/airflow/.local/lib/python3.8/site-packages/airflow/example_dags/example_python_decorator.py took 0.086 seconds
[2026-08-06T21:34:30.308+0000] {processor.py:161} INFO - Started process (PID=3451) to work on /home/airflow/.local/lib/python3.8/site-packages/airflow/example_dags/example_python_decorator.py
[2026-08-06T21:34:30.311+0000] {processor.py:830} INFO - Processing file /home/airflow/.local/lib/python3.8/site-packages/airflow/example_dags/example_python_decorator.py for tasks to queue
[2026-08-06T21:34:30.314+0000] {logging_mixin.py:188} INFO - [2026-08-06T21:34:30.314+0000] {dagbag.py:538} INFO - Filling up the DagBag from /home/airflow/.local/lib/python3.8/site-packages/airflow/example_dags/example_python_decorator.py
[2026-08-06T21:34:30.340+0000] {processor.py:840} INFO - DAG(s) 'example_python_decorator' retrieved from /home/airflow/.local/lib/python3.8/site-packages/airflow/example_dags/example_python_decorator.py
[2026-08-06T21:34:30.379+0000] {logging_mixin.py:188} INFO - [2026-08-06T21:34:30.378+0000] {dag.py:3036} INFO - Sync 1 DAGs
[2026-08-06T21:34:30.409+0000] {logging_mixin.py:188} INFO - [2026-08-06T21:34:30.408+0000] {dag.py:3823} INFO - Setting next_dagrun for example_python_decorator to None, run_after=None
[2026-08-06T21:34:30.460+0000] {processor.py:183} INFO - Processing /home/airflow/.local/lib/python3.8/site-packages/airflow/example_dags/example_python_decorator.py took 0.162 seconds
[2026-08-06T21:35:00.777+0000] {processor.py:161} INFO - Started process (PID=3516) to work on /home/airflow/.local/lib/python3.8/site-packages/airflow/example_dags/example_python_decorator.py
[2026-08-06T21:35:00.778+0000] {processor.py:830} INFO - Processing file /home/airflow/.local/lib/python3.8/site-packages/airflow/example_dags/example_python_decorator.py for tasks to queue
[2026-08-06T21:35:00.781+0000] {logging_mixin.py:188} INFO - [2026-08-06T21:35:00.780+0000] {dagbag.py:538} INFO - Filling up the DagBag from /home/airflow/.local/lib/python3.8/site-packages/airflow/example_dags/example_python_decorator.py
[2026-08-06T21:35:00.794+0000] {processor.py:840} INFO - DAG(s) 'example_python_decorator' retrieved from /home/airflow/.local/lib/python3.8/site-packages/airflow/example_dags/example_python_decorator.py
[2026-08-06T21:35:00.820+0000] {logging_mixin.py:188} INFO - [2026-08-06T21:35:00.820+0000] {dag.py:3036} INFO - Sync 1 DAGs
[2026-08-06T21:35:00.834+0000] {logging_mixin.py:188} INFO - [2026-08-06T21:35:00.834+0000] {dag.py:3823} INFO - Setting next_dagrun for example_python_decorator to None, run_after=None
[2026-08-06T21:35:00.862+0000] {processor.py:183} INFO - Processing /home/airflow/.local/lib/python3.8/site-packages/airflow/example_dags/example_python_decorator.py took 0.090 seconds
[2026-08-06T21:35:31.000+0000] {processor.py:161} INFO - Started process (PID=3581) to work on /home/airflow/.local/lib/python3.8/site-packages/airflow/example_dags/example_python_decorator.py
[2026-08-06T21:35:31.001+0000] {processor.py:830} INFO - Processing file /home/airflow/.local/lib/python3.8/site-packages/airflow/example_dags/example_python_decorator.py for tasks to queue
[2026-08-06T21:35:31.004+0000] {logging_mixin.py:188} INFO - [2026-08-06T21:35:31.003+0000] {dagbag.py:538} INFO - Filling up the DagBag from /home/airflow/.local/lib/python3.8/site-packages/airflow/example_dags/example_python_decorator.py
[2026-08-06T21:35:31.018+0000] {processor.py:840} INFO - DAG(s) 'example_python_decorator' retrieved from /home/airflow/.local/lib/python3.8/site-packages/airflow/example_dags/example_python_decorator.py
[2026-08-06T21:35:31.043+0000] {logging_mixin.py:188} INFO - [2026-08-06T21:35:31.043+0000] {dag.py:3036} INFO - Sync 1 DAGs
[2026-08-06T21:35:31.057+0000] {logging_mixin.py:188} INFO - [2026-08-06T21:35:31.057+0000] {dag.py:3823} INFO - Setting next_dagrun for example_python_decorator to None, run_after=None
[2026-08-06T21:35:31.077+0000] {processor.py:183} INFO - Processing /home/airflow/.local/lib/python3.8/site-packages/airflow/example_dags/example_python_decorator.py took 0.082 seconds
[2026-08-06T21:36:01.777+0000] {processor.py:161} INFO - Started process (PID=3646) to work on /home/airflow/.local/lib/python3.8/site-packages/airflow/example_dags/example_python_decorator.py
[2026-08-06T21:36:01.778+0000] {processor.py:830} INFO - Processing file /home/airflow/.local/lib/python3.8/site-packages/airflow/example_dags/example_python_decorator.py for tasks to queue
[2026-08-06T21:36:01.780+0000] {logging_mixin.py:188} INFO - [2026-08-06T21:36:01.780+0000] {dagbag.py:538} INFO - Filling up the DagBag from /home/airflow/.local/lib/python3.8/site-packages/airflow/example_dags/example_python_decorator.py
[2026-08-06T21:36:01.798+0000] {processor.py:840} INFO - DAG(s) 'example_python_decorator' retrieved from /home/airflow/.local/lib/python3.8/site-packages/airflow/example_dags/example_python_decorator.py
[2026-08-06T21:36:01.829+0000] {logging_mixin.py:188} INFO - [2026-08-06T21:36:01.829+0000] {dag.py:3036} INFO - Sync 1 DAGs
[2026-08-06T21:36:01.851+0000] {logging_mixin.py:188} INFO - [2026-08-06T21:36:01.851+0000] {dag.py:3823} INFO - Setting next_dagrun for example_python_decorator to None, run_after=None
[2026-08-06T21:36:01.883+0000] {processor.py:183} INFO - Processing /home/airflow/.local/lib/python3.8/site-packages/airflow/example_dags/example_python_decorator.py took 0.110 seconds
[2026-08-06T21:36:32.695+0000] {processor.py:161} INFO - Started process (PID=3711) to work on /home/airflow/.local/lib/python3.8/site-packages/airflow/example_dags/example_python_decorator.py
[2026-08-06T21:36:32.696+0000] {processor.py:830} INFO - Processing file /home/airflow/.local/lib/python3.8/site-packages/airflow/example_dags/example_python_decorator.py for tasks to queue
[2026-08-06T21:36:32.698+0000] {logging_mixin.py:188} INFO - [2026-08-06T21:36:32.698+0000] {dagbag.py:538} INFO - Filling up the DagBag from /home/airflow/.local/lib/python3.8/site-packages/airflow/example_dags/example_python_decorator.py
[2026-08-06T21:36:32.711+0000] {processor.py:840} INFO - DAG(s) 'example_python_decorator' retrieved from /home/airflow/.local/lib/python3.8/site-packages/airflow/example_dags/example_python_decorator.py
[2026-08-06T21:36:32.735+0000] {logging_mixin.py:188} INFO - [2026-08-06T21:36:32.735+0000] {dag.py:3036} INFO - Sync 1 DAGs
[2026-08-06T21:36:32.747+0000] {logging_mixin.py:188} INFO - [2026-08-06T21:36:32.746+0000] {dag.py:3823} INFO - Setting next_dagrun for example_python_decorator to None, run_after=None
[2026-08-06T21:36:32.772+0000] {processor.py:183} INFO - Processing /home/airflow/.local/lib/python3.8/site-packages/airflow/example_dags/example_python_decorator.py took 0.080 seconds
[2026-08-06T21:37:03.363+0000] {processor.py:161} INFO - Started process (PID=3776) to work on /home/airflow/.local/lib/python3.8/site-packages/airflow/example_dags/example_python_decorator.py
[2026-08-06T21:37:03.364+0000] {processor.py:830} INFO - Processing file /home/airflow/.local/lib/python3.8/site-packages/airflow/example_dags/example_python_decorator.py for tasks to queue
[2026-08-06T21:37:03.366+0000] {logging_mixin.py:188} INFO - [2026-08-06T21:37:03.366+0000] {dagbag.py:538} INFO - Filling up the DagBag from /home/airflow/.local/lib/python3.8/site-packages/airflow/example_dags/example_python_decorator.py
[2026-08-06T21:37:03.379+0000] {processor.py:840} INFO - DAG(s) 'example_python_decorator' retrieved from /home/airflow/.local/lib/python3.8/site-packages/airflow/example_dags/example_python_decorator.py
[2026-08-06T21:37:03.402+0000] {logging_mixin.py:188} INFO - [2026-08-06T21:37:03.402+0000] {dag.py:3036} INFO - Sync 1 DAGs
[2026-08-06T21:37:03.414+0000] {logging_mixin.py:188} INFO - [2026-08-06T21:37:03.414+0000] {dag.py:3823} INFO - Setting next_dagrun for example_python_decorator to None, run_after=None
[2026-08-06T21:37:03.436+0000] {processor.py:183} INFO - Processing /home/airflow/.local/lib/python3.8/site-packages/airflow/example_dags/example_python_decorator.py took 0.076 seconds
[2026-08-06T21:37:34.168+0000] {processor.py:161} INFO - Started process (PID=3847) to work on /home/airflow/.local/lib/python3.8/site-packages/airflow/example_dags/example_python_decorator.py
[2026-08-06T21:37:34.170+0000] {processor.py:830} INFO - Processing file /home/airflow/.local/lib/python3.8/site-packages/airflow/example_dags/example_python_decorator.py for tasks to queue
[2026-08-06T21:37:34.177+0000] {logging_mixin.py:188} INFO - [2026-08-06T21:37:34.176+0000] {dagbag.py:538} INFO - Filling up the DagBag from /home/airflow/.local/lib/python3.8/site-packages/airflow/example_dags/example_python_decorator.py
[2026-08-06T21:37:34.223+0000] {processor.py:840} INFO - DAG(s) 'example_python_decorator' retrieved from /home/airflow/.local/lib/python3.8/site-packages/airflow/example_dags/example_python_decorator.py
[2026-08-06T21:37:34.279+0000] {logging_mixin.py:188} INFO - [2026-08-06T21:37:34.279+0000] {dag.py:3036} INFO - Sync 1 DAGs
[2026-08-06T21:37:34.305+0000] {logging_mixin.py:188} INFO - [2026-08-06T21:37:34.304+0000] {dag.py:3823} INFO - Setting next_dagrun for example_python_decorator to None, run_after=None
[2026-08-06T21:37:34.367+0000] {processor.py:183} INFO - Processing /home/airflow/.local/lib/python3.8/site-packages/airflow/example_dags/example_python_decorator.py took 0.213 seconds
[2026-08-06T21:38:04.826+0000] {processor.py:161} INFO - Started process (PID=3917) to work on /home/airflow/.local/lib/python3.8/site-packages/airflow/example_dags/example_python_decorator.py
[2026-08-06T21:38:04.827+0000] {processor.py:830} INFO - Processing file /home/airflow/.local/lib/python3.8/site-packages/airflow/example_dags/example_python_decorator.py for tasks to queue
[2026-08-06T21:38:04.829+0000] {logging_mixin.py:188} INFO - [2026-08-06T21:38:04.829+0000] {dagbag.py:538} INFO - Filling up the DagBag from /home/airflow/.local/lib/python3.8/site-packages/airflow/example_dags/example_python_decorator.py
[2026-08-06T21:38:04.842+0000] {processor.py:840} INFO - DAG(s) 'example_python_decorator' retrieved from /home/airflow/.local/lib/python3.8/site-packages/airflow/example_dags/example_python_decorator.py
[2026-08-06T21:38:04.865+0000] {logging_mixin.py:188} INFO - [2026-08-06T21:38:04.865+0000] {dag.py:3036} INFO - Sync 1 DAGs
[2026-08-06T21:38:04.876+0000] {logging_mixin.py:188} INFO - [2026-08-06T21:38:04.876+0000] {dag.py:3823} INFO - Setting next_dagrun for example_python_decorator to None, run_after=None
[2026-08-06T21:38:04.897+0000] {processor.py:183} INFO - Processing /home/airflow/.local/lib/python3.8/site-packages/airflow/example_dags/example_python_decorator.py took 0.075 seconds
[2026-08-06T21:38:35.232+0000] {processor.py:161} INFO - Started process (PID=3982) to work on /home/airflow/.local/lib/python3.8/site-packages/airflow/example_dags/example_python_decorator.py
[2026-08-06T21:38:35.233+0000] {processor.py:830} INFO - Processing file /home/airflow/.local/lib/python3.8/site-packages/airflow/example_dags/example_python_decorator.py for tasks to queue
[2026-08-06T21:38:35.235+0000] {logging_mixin.py:188} INFO - [2026-08-06T21:38:35.235+0000] {dagbag.py:538} INFO - Filling up the DagBag from /home/airflow/.local/lib/python3.8/site-packages/airflow/example_dags/example_python_decorator.py
[2026-08-06T21:38:35.248+0000] {processor.py:840} INFO - DAG(s) 'example_python_decorator' retrieved from /home/airflow/.local/lib/python3.8/site-packages/airflow/example_dags/example_python_decorator.py
[2026-08-06T21:38:35.270+0000] {logging_mixin.py:188} INFO - [2026-08-06T21:38:35.270+0000] {dag.py:3036} INFO - Sync 1 DAGs
[2026-08-06T21:38:35.282+0000] {logging_mixin.py:188} INFO - [2026-08-06T21:38:35.282+0000] {dag.py:3823} INFO - Setting next_dagrun for example_python_decorator to None, run_after=None
[2026-08-06T21:38:35.305+0000] {processor.py:183} INFO - Processing /home/airflow/.local/lib/python3.8/site-packages/airflow/example_dags/example_python_decorator.py took 0.077 seconds
[2026-08-06T21:39:06.012+0000] {processor.py:161} INFO - Started process (PID=4047) to work on /home/airflow/.local/lib/python3.8/site-packages/airflow/example_dags/example_python_decorator.py
[2026-08-06T21:39:06.013+0000] {processor.py:830} INFO - Processing file /home/airflow/.local/lib/python3.8/site-packages/airflow/example_dags/example_python_decorator.py for tasks to queue
[2026-08-06T21:39:06.016+0000] {logging_mixin.py:188} INFO - [2026-08-06T21:39:06.015+0000] {dagbag.py:538} INFO - Filling up the DagBag from /home/airflow/.local/lib/python3.8/site-packages/airflow/example_dags/example_python_decorator.py
[2026-08-06T21:39:06.028+0000] {processor.py:840} INFO - DAG(s) 'example_python_decorator' retrieved from /home/airflow/.local/lib/python3.8/site-packages/airflow/example_dags/example_python_decorator.py
[2026-08-06T21:39:06.051+0000] {logging_mixin.py:188} INFO - [2026-08-06T21:39:06.051+0000] {dag.py:3036} INFO - Sync 1 DAGs
[2026-08-06T21:39:06.062+0000] {logging_mixin.py:188} INFO - [2026-08-06T21:39:06.062+0000] {dag.py:3823} INFO - Setting next_dagrun for example_python_decorator to None, run_after=None
[2026-08-06T21:39:06.083+0000] {processor.py:183} INFO - Processing /home/airflow/.local/lib/python3.8/site-packages/airflow/example_dags/example_python_decorator.py took 0.075 seconds
[2026-08-06T21:39:36.360+0000] {processor.py:161} INFO - Started process (PID=4112) to work on /home/airflow/.local/lib/python3.8/site-packages/airflow/example_dags/example_python_decorator.py
[2026-08-06T21:39:36.362+0000] {processor.py:830} INFO - Processing file /home/airflow/.local/lib/python3.8/site-packages/airflow/example_dags/example_python_decorator.py for tasks to queue
[2026-08-06T21:39:36.364+0000] {logging_mixin.py:188} INFO - [2026-08-06T21:39:36.364+0000] {dagbag.py:538} INFO - Filling up the DagBag from /home/airflow/.local/lib/python3.8/site-packages/airflow/example_dags/example_python_decorator.py
[2026-08-06T21:39:36.381+0000] {processor.py:840} INFO - DAG(s) 'example_python_decorator' retrieved from /home/airflow/.local/lib/python3.8/site-packages/airflow/example_dags/example_python_decorator.py
[2026-08-06T21:39:36.412+0000] {logging_mixin.py:188} INFO - [2026-08-06T21:39:36.412+0000] {dag.py:3036} INFO - Sync 1 DAGs
[2026-08-06T21:39:36.428+0000] {logging_mixin.py:188} INFO - [2026-08-06T21:39:36.428+0000] {dag.py:3823} INFO - Setting next_dagrun for example_python_decorator to None, run_after=None
[2026-08-06T21:39:36.457+0000] {processor.py:183} INFO - Processing /home/airflow/.local/lib/python3.8/site-packages/airflow/example_dags/example_python_decorator.py took 0.102 seconds
[2026-08-06T21:40:06.543+0000] {processor.py:161} INFO - Started process (PID=4182) to work on /home/airflow/.local/lib/python3.8/site-packages/airflow/example_dags/example_python_decorator.py
[2026-08-06T21:40:06.545+0000] {processor.py:830} INFO - Processing file /home/airflow/.local/lib/python3.8/site-packages/airflow/example_dags/example_python_decorator.py for tasks to queue
[2026-08-06T21:40:06.547+0000] {logging_mixin.py:188} INFO - [2026-08-06T21:40:06.547+0000] {dagbag.py:538} INFO - Filling up the DagBag from /home/airflow/.local/lib/python3.8/site-packages/airflow/example_dags/example_python_decorator.py
[2026-08-06T21:40:06.566+0000] {processor.py:840} INFO - DAG(s) 'example_python_decorator' retrieved from /home/airflow/.local/lib/python3.8/site-packages/airflow/example_dags/example_python_decorator.py
[2026-08-06T21:40:06.592+0000] {logging_mixin.py:188} INFO - [2026-08-06T21:40:06.592+0000] {dag.py:3036} INFO - Sync 1 DAGs
[2026-08-06T21:40:06.608+0000] {logging_mixin.py:188} INFO - [2026-08-06T21:40:06.608+0000] {dag.py:3823} INFO - Setting next_dagrun for example_python_decorator to None, run_after=None
[2026-08-06T21:40:06.633+0000] {processor.py:183} INFO - Processing /home/airflow/.local/lib/python3.8/site-packages/airflow/example_dags/example_python_decorator.py took 0.097 seconds
[2026-08-06T21:40:37.419+0000] {processor.py:161} INFO - Started process (PID=4247) to work on /home/airflow/.local/lib/python3.8/site-packages/airflow/example_dags/example_python_decorator.py
[2026-08-06T21:40:37.421+0000] {processor.py:830} INFO - Processing file /home/airflow/.local/lib/python3.8/site-packages/airflow/example_dags/example_python_decorator.py for tasks to queue
[2026-08-06T21:40:37.424+0000] {logging_mixin.py:188} INFO - [2026-08-06T21:40:37.423+0000] {dagbag.py:538} INFO - Filling up the DagBag from /home/airflow/.local/lib/python3.8/site-packages/airflow/example_dags/example_python_decorator.py
[2026-08-06T21:40:37.443+0000] {processor.py:840} INFO - DAG(s) 'example_python_decorator' retrieved from /home/airflow/.local/lib/python3.8/site-packages/airflow/example_dags/example_python_decorator.py
[2026-08-06T21:40:37.497+0000] {logging_mixin.py:188} INFO - [2026-08-06T21:40:37.497+0000] {dag.py:3036} INFO - Sync 1 DAGs
[2026-08-06T21:40:37.534+0000] {logging_mixin.py:188} INFO - [2026-08-06T21:40:37.534+0000] {dag.py:3823} INFO - Setting next_dagrun for example_python_decorator to None, run_after=None
[2026-08-06T21:40:37.651+0000] {processor.py:183} INFO - Processing /home/airflow/.local/lib/python3.8/site-packages/airflow/example_dags/example_python_decorator.py took 0.238 seconds
[2026-08-06T21:41:08.580+0000] {processor.py:161} INFO - Started process (PID=4312) to work on /home/airflow/.local/lib/python3.8/site-packages/airflow/example_dags/example_python_decorator.py
[2026-08-06T21:41:08.581+0000] {processor.py:830} INFO - Processing file /home/airflow/.local/lib/python3.8/site-packages/airflow/example_dags/example_python_decorator.py for tasks to queue
[2026-08-06T21:41:08.584+0000] {logging_mixin.py:188} INFO - [2026-08-06T21:41:08.583+0000] {dagbag.py:538} INFO - Filling up the DagBag from /home/airflow/.local/lib/python3.8/site-packages/airflow/example_dags/example_python_decorator.py
[2026-08-06T21:41:08.596+0000] {processor.py:840} INFO - DAG(s) 'example_python_decorator' retrieved from /home/airflow/.local/lib/python3.8/site-packages/airflow/example_dags/example_python_decorator.py
[2026-08-06T21:41:08.618+0000] {logging_mixin.py:188} INFO - [2026-08-06T21:41:08.618+0000] {dag.py:3036} INFO - Sync 1 DAGs
[2026-08-06T21:41:08.629+0000] {logging_mixin.py:188} INFO - [2026-08-06T21:41:08.629+0000] {dag.py:3823} INFO - Setting next_dagrun for example_python_decorator to None, run_after=None
[2026-08-06T21:41:08.649+0000] {processor.py:183} INFO - Processing /home/airflow/.local/lib/python3.8/site-packages/airflow/example_dags/example_python_decorator.py took 0.071 seconds
[2026-08-06T21:41:39.224+0000] {processor.py:161} INFO - Started process (PID=4377) to work on /home/airflow/.local/lib/python3.8/site-packages/airflow/example_dags/example_python_decorator.py
[2026-08-06T21:41:39.225+0000] {processor.py:830} INFO - Processing file /home/airflow/.local/lib/python3.8/site-packages/airflow/example_dags/example_python_decorator.py for tasks to queue
[2026-08-06T21:41:39.226+0000] {logging_mixin.py:188} INFO - [2026-08-06T21:41:39.226+0000] {dagbag.py:538} INFO - Filling up the DagBag from /home/airflow/.local/lib/python3.8/site-packages/airflow/example_dags/example_python_decorator.py
[2026-08-06T21:41:39.239+0000] {processor.py:840} INFO - DAG(s) 'example_python_decorator' retrieved from /home/airflow/.local/lib/python3.8/site-packages/airflow/example_dags/example_python_decorator.py
[2026-08-06T21:41:39.260+0000] {logging_mixin.py:188} INFO - [2026-08-06T21:41:39.260+0000] {dag.py:3036} INFO - Sync 1 DAGs
[2026-08-06T21:41:39.273+0000] {logging_mixin.py:188} INFO - [2026-08-06T21:41:39.273+0000] {dag.py:3823} INFO - Setting next_dagrun for example_python_decorator to None, run_after=None
[2026-08-06T21:41:39.294+0000] {processor.py:183} INFO - Processing /home/airflow/.local/lib/python3.8/site-packages/airflow/example_dags/example_python_decorator.py took 0.074 seconds
[2026-08-06T21:42:09.892+0000] {processor.py:161} INFO - Started process (PID=4442) to work on /home/airflow/.local/lib/python3.8/site-packages/airflow/example_dags/example_python_decorator.py
[2026-08-06T21:42:09.894+0000] {processor.py:830} INFO - Processing file /home/airflow/.local/lib/python3.8/site-packages/airflow/example_dags/example_python_decorator.py for tasks to queue
[2026-08-06T21:42:09.896+0000] {logging_mixin.py:188} INFO - [2026-08-06T21:42:09.896+0000] {dagbag.py:538} INFO - Filling up the DagBag from /home/airflow/.local/lib/python3.8/site-packages/airflow/example_dags/example_python_decorator.py
[2026-08-06T21:42:09.914+0000] {processor.py:840} INFO - DAG(s) 'example_python_decorator' retrieved from /home/airflow/.local/lib/python3.8/site-packages/airflow/example_dags/example_python_decorator.py
[2026-08-06T21:42:09.938+0000] {logging_mixin.py:188} INFO - [2026-08-06T21:42:09.938+0000] {dag.py:3036} INFO - Sync 1 DAGs
[2026-08-06T21:42:09.952+0000] {logging_mixin.py:188} INFO - [2026-08-06T21:42:09.951+0000] {dag.py:3823} INFO - Setting next_dagrun for example_python_decorator to None, run_after=None
[2026-08-06T21:42:09.976+0000] {processor.py:183} INFO - Processing /home/airflow/.local/lib/python3.8/site-packages/airflow/example_dags/example_python_decorator.py took 0.087 seconds
[2026-08-06T21:42:40.564+0000] {processor.py:161} INFO - Started process (PID=4508) to work on /home/airflow/.local/lib/python3.8/site-packages/airflow/example_dags/example_python_decorator.py
[2026-08-06T21:42:40.566+0000] {processor.py:830} INFO - Processing file /home/airflow/.local/lib/python3.8/site-packages/airflow/example_dags/example_python_decorator.py for tasks to queue
[2026-08-06T21:42:40.568+0000] {logging_mixin.py:188} INFO - [2026-08-06T21:42:40.567+0000] {dagbag.py:538} INFO - Filling up the DagBag from /home/airflow/.local/lib/python3.8/site-packages/airflow/example_dags/example_python_decorator.py
[2026-08-06T21:42:40.582+0000] {processor.py:840} INFO - DAG(s) 'example_python_decorator' retrieved from /home/airflow/.local/lib/python3.8/site-packages/airflow/example_dags/example_python_decorator.py
[2026-08-06T21:42:40.605+0000] {logging_mixin.py:188} INFO - [2026-08-06T21:42:40.605+0000] {dag.py:3036} INFO - Sync 1 DAGs
[2026-08-06T21:42:40.617+0000] {logging_mixin.py:188} INFO - [2026-08-06T21:42:40.616+0000] {dag.py:3823} INFO - Setting next_dagrun for example_python_decorator to None, run_after=None
[2026-08-06T21:42:40.639+0000] {processor.py:183} INFO - Processing /home/airflow/.local/lib/python3.8/site-packages/airflow/example_dags/example_python_decorator.py took 0.078 seconds
[2026-08-06T21:43:10.955+0000] {processor.py:161} INFO - Started process (PID=4573) to work on /home/airflow/.local/lib/python3.8/site-packages/airflow/example_dags/example_python_decorator.py
[2026-08-06T21:43:10.956+0000] {processor.py:830} INFO - Processing file /home/airflow/.local/lib/python3.8/site-packages/airflow/example_dags/example_python_decorator.py for tasks to queue
[2026-08-06T21:43:10.959+0000] {logging_mixin.py:188} INFO - [2026-08-06T21:43:10.958+0000] {dagbag.py:538} INFO - Filling up the DagBag from /home/airflow/.local/lib/python3.8/site-packages/airflow/example_dags/example_python_decorator.py
[2026-08-06T21:43:10.973+0000] {processor.py:840} INFO - DAG(s) 'example_python_decorator' retrieved from /home/airflow/.local/lib/python3.8/site-packages/airflow/example_dags/example_python_decorator.py
[2026-08-06T21:43:10.995+0000] {logging_mixin.py:188} INFO - [2026-08-06T21:43:10.994+0000] {dag.py:3036} INFO - Sync 1 DAGs
[2026-08-06T21:43:11.007+0000] {logging_mixin.py:188} INFO - [2026-08-06T21:43:11.007+0000] {dag.py:3823} INFO - Setting next_dagrun for example_python_decorator to None, run_after=None
[2026-08-06T21:43:11.027+0000] {processor.py:183} INFO - Processing /home/airflow/.local/lib/python3.8/site-packages/airflow/example_dags/example_python_decorator.py took 0.075 seconds
[2026-08-06T21:43:41.335+0000] {processor.py:161} INFO - Started process (PID=4638) to work on /home/airflow/.local/lib/python3.8/site-packages/airflow/example_dags/example_python_decorator.py
[2026-08-06T21:43:41.337+0000] {processor.py:830} INFO - Processing file /home/airflow/.local/lib/python3.8/site-packages/airflow/example_dags/example_python_decorator.py for tasks to queue
[2026-08-06T21:43:41.339+0000] {logging_mixin.py:188} INFO - [2026-08-06T21:43:41.338+0000] {dagbag.py:538} INFO - Filling up the DagBag from /home/airflow/.local/lib/python3.8/site-packages/airflow/example_dags/example_python_decorator.py
[2026-08-06T21:43:41.352+0000] {processor.py:840} INFO - DAG(s) 'example_python_decorator' retrieved from /home/airflow/.local/lib/python3.8/site-packages/airflow/example_dags/example_python_decorator.py
[2026-08-06T21:43:41.374+0000] {logging_mixin.py:188} INFO - [2026-08-06T21:43:41.373+0000] {dag.py:3036} INFO - Sync 1 DAGs
[2026-08-06T21:43:41.385+0000] {logging_mixin.py:188} INFO - [2026-08-06T21:43:41.384+0000] {dag.py:3823} INFO - Setting next_dagrun for example_python_decorator to None, run_after=None
[2026-08-06T21:43:41.405+0000] {processor.py:183} INFO - Processing /home/airflow/.local/lib/python3.8/site-packages/airflow/example_dags/example_python_decorator.py took 0.073 seconds
[2026-08-06T21:44:11.985+0000] {processor.py:161} INFO - Started process (PID=4703) to work on /home/airflow/.local/lib/python3.8/site-packages/airflow/example_dags/example_python_decorator.py
[2026-08-06T21:44:11.986+0000] {processor.py:830} INFO - Processing file /home/airflow/.local/lib/python3.8/site-packages/airflow/example_dags/example_python_decorator.py for tasks to queue
[2026-08-06T21:44:11.988+0000] {logging_mixin.py:188} INFO - [2026-08-06T21:44:11.987+0000] {dagbag.py:538} INFO - Filling up the DagBag from /home/airflow/.local/lib/python3.8/site-packages/airflow/example_dags/example_python_decorator.py
[2026-08-06T21:44:12.007+0000] {processor.py:840} INFO - DAG(s) 'example_python_decorator' retrieved from /home/airflow/.local/lib/python3.8/site-packages/airflow/example_dags/example_python_decorator.py
[2026-08-06T21:44:12.053+0000] {logging_mixin.py:188} INFO - [2026-08-06T21:44:12.052+0000] {dag.py:3036} INFO - Sync 1 DAGs
[2026-08-06T21:44:12.076+0000] {logging_mixin.py:188} INFO - [2026-08-06T21:44:12.074+0000] {dag.py:3823} INFO - Setting next_dagrun for example_python_decorator to None, run_after=None
[2026-08-06T21:44:12.112+0000] {processor.py:183} INFO - Processing /home/airflow/.local/lib/python3.8/site-packages/airflow/example_dags/example_python_decorator.py took 0.131 seconds
