[2026-08-21T11:42:45.331+0000] {processor.py:161} INFO - Started process (PID=166) to work on /home/airflow/.local/lib/python3.8/site-packages/airflow/example_dags/example_xcom.py
[2026-08-21T11:42:45.335+0000] {processor.py:830} INFO - Processing file /home/airflow/.local/lib/python3.8/site-packages/airflow/example_dags/example_xcom.py for tasks to queue
[2026-08-21T11:42:45.342+0000] {logging_mixin.py:188} INFO - [2026-08-21T11:42:45.341+0000] {dagbag.py:538} INFO - Filling up the DagBag from /home/airflow/.local/lib/python3.8/site-packages/airflow/example_dags/example_xcom.py
[2026-08-21T11:42:45.386+0000] {processor.py:840} INFO - DAG(s) 'example_xcom' retrieved from /home/airflow/.local/lib/python3.8/site-packages/airflow/example_dags/example_xcom.py
[2026-08-21T11:42:45.858+0000] {logging_mixin.py:188} INFO - [2026-08-21T11:42:45.857+0000] {dag.py:3036} INFO - Sync 1 DAGs
[2026-08-21T11:42:45.922+0000] {logging_mixin.py:188} INFO - [2026-08-21T11:42:45.921+0000] {dag.py:3823} INFO - Setting next_dagrun for example_xcom to 2021-01-01 00:00:00+00:00, run_after=2021-01-01 00:00:00+00:00
[2026-08-21T11:42:46.018+0000] {processor.py:183} INFO - Processing /home/airflow/.local/lib/python3.8/site-packages/airflow/example_dags/example_xcom.py took 0.709 seconds
[2026-08-21T11:43:23.328+0000] {processor.py:161} INFO - Started process (PID=115) to work on /home/airflow/.local/lib/python3.8/site-packages/airflow/example_dags/example_xcom.py
[2026-08-21T11:43:23.332+0000] {processor.py:830} INFO - Processing file /home/airflow/.local/lib/python3.8/site-packages/airflow/example_dags/example_xcom.py for tasks to queue
[2026-08-21T11:43:23.336+0000] {logging_mixin.py:188} INFO - [2026-08-21T11:43:23.336+0000] {dagbag.py:538} INFO - Filling up the DagBag from /home/airflow/.local/lib/python3.8/site-packages/airflow/example_dags/example_xcom.py
[2026-08-21T11:43:23.358+0000] {processor.py:840} INFO - DAG(s) 'example_xcom' retrieved from /home/airflow/.local/lib/python3.8/site-packages/airflow/example_dags/example_xcom.py
[2026-08-21T11:43:23.398+0000] {logging_mixin.py:188} INFO - [2026-08-21T11:43:23.397+0000] {dag.py:3036} INFO - Sync 1 DAGs
[2026-08-21T11:43:23.439+0000] {logging_mixin.py:188} INFO - [2026-08-21T11:43:23.439+0000] {dag.py:3823} INFO - Setting next_dagrun for example_xcom to 2021-01-01 00:00:00+00:00, run_after=2021-01-01 00:00:00+00:00
[2026-08-21T11:43:23.478+0000] {processor.py:183} INFO - Processing /home/airflow/.local/lib/python3.8/site-packages/airflow/example_dags/example_xcom.py took 0.157 seconds
[2026-08-21T11:43:53.920+0000] {processor.py:161} INFO - Started process (PID=206) to work on /home/airflow/.local/lib/python3.8/site-packages/airflow/example_dags/example_xcom.py
[2026-08-21T11:43:53.927+0000] {processor.py:830} INFO - Processing file /home/airflow/.local/lib/python3.8/site-packages/airflow/example_dags/example_xcom.py for tasks to queue
[2026-08-21T11:43:53.931+0000] {logging_mixin.py:188} INFO - [2026-08-21T11:43:53.930+0000] {dagbag.py:538} INFO - Filling up the DagBag from /home/airflow/.local/lib/python3.8/site-packages/airflow/example_dags/example_xcom.py
[2026-08-21T11:43:53.948+0000] {processor.py:840} INFO - DAG(s) 'example_xcom' retrieved from /home/airflow/.local/lib/python3.8/site-packages/airflow/example_dags/example_xcom.py
[2026-08-21T11:43:53.996+0000] {logging_mixin.py:188} INFO - [2026-08-21T11:43:53.995+0000] {dag.py:3036} INFO - Sync 1 DAGs
[2026-08-21T11:43:54.047+0000] {logging_mixin.py:188} INFO - [2026-08-21T11:43:54.047+0000] {dag.py:3823} INFO - Setting next_dagrun for example_xcom to 2021-01-01 00:00:00+00:00, run_after=2021-01-01 00:00:00+00:00
[2026-08-21T11:43:54.081+0000] {processor.py:183} INFO - Processing /home/airflow/.local/lib/python3.8/site-packages/airflow/example_dags/example_xcom.py took 0.170 seconds
[2026-08-21T11:44:25.253+0000] {processor.py:161} INFO - Started process (PID=292) to work on /home/airflow/.local/lib/python3.8/site-packages/airflow/example_dags/example_xcom.py
[2026-08-21T11:44:25.255+0000] {processor.py:830} INFO - Processing file /home/airflow/.local/lib/python3.8/site-packages/airflow/example_dags/example_xcom.py for tasks to queue
[2026-08-21T11:44:25.257+0000] {logging_mixin.py:188} INFO - [2026-08-21T11:44:25.257+0000] {dagbag.py:538} INFO - Filling up the DagBag from /home/airflow/.local/lib/python3.8/site-packages/airflow/example_dags/example_xcom.py
[2026-08-21T11:44:25.265+0000] {processor.py:840} INFO - DAG(s) 'example_xcom' retrieved from /home/airflow/.local/lib/python3.8/site-packages/airflow/example_dags/example_xcom.py
[2026-08-21T11:44:25.280+0000] {logging_mixin.py:188} INFO - [2026-08-21T11:44:25.280+0000] {dag.py:3036} INFO - Sync 1 DAGs
[2026-08-21T11:44:25.304+0000] {logging_mixin.py:188} INFO - [2026-08-21T11:44:25.304+0000] {dag.py:3823} INFO - Setting next_dagrun for example_xcom to 2021-01-01 00:00:00+00:00, run_after=2021-01-01 00:00:00+00:00
[2026-08-21T11:44:25.328+0000] {processor.py:183} INFO - Processing /home/airflow/.local/lib/python3.8/site-packages/airflow/example_dags/example_xcom.py took 0.078 seconds
[2026-08-21T11:44:58.674+0000] {processor.py:161} INFO - Started process (PID=387) to work on /home/airflow/.local/lib/python3.8/site-packages/airflow/example_dags/example_xcom.py
[2026-08-21T11:44:58.676+0000] {processor.py:830} INFO - Processing file /home/airflow/.local/lib/python3.8/site-packages/airflow/example_dags/example_xcom.py for tasks to queue
[2026-08-21T11:44:58.685+0000] {logging_mixin.py:188} INFO - [2026-08-21T11:44:58.684+0000] {dagbag.py:538} INFO - Filling up the DagBag from /home/airflow/.local/lib/python3.8/site-packages/airflow/example_dags/example_xcom.py
[2026-08-21T11:44:58.708+0000] {processor.py:840} INFO - DAG(s) 'example_xcom' retrieved from /home/airflow/.local/lib/python3.8/site-packages/airflow/example_dags/example_xcom.py
[2026-08-21T11:44:58.743+0000] {logging_mixin.py:188} INFO - [2026-08-21T11:44:58.741+0000] {dag.py:3036} INFO - Sync 1 DAGs
[2026-08-21T11:44:58.802+0000] {logging_mixin.py:188} INFO - [2026-08-21T11:44:58.801+0000] {dag.py:3823} INFO - Setting next_dagrun for example_xcom to 2021-01-01 00:00:00+00:00, run_after=2021-01-01 00:00:00+00:00
[2026-08-21T11:44:58.863+0000] {processor.py:183} INFO - Processing /home/airflow/.local/lib/python3.8/site-packages/airflow/example_dags/example_xcom.py took 0.195 seconds
[2026-08-21T11:45:30.481+0000] {processor.py:161} INFO - Started process (PID=477) to work on /home/airflow/.local/lib/python3.8/site-packages/airflow/example_dags/example_xcom.py
[2026-08-21T11:45:30.483+0000] {processor.py:830} INFO - Processing file /home/airflow/.local/lib/python3.8/site-packages/airflow/example_dags/example_xcom.py for tasks to queue
[2026-08-21T11:45:30.487+0000] {logging_mixin.py:188} INFO - [2026-08-21T11:45:30.486+0000] {dagbag.py:538} INFO - Filling up the DagBag from /home/airflow/.local/lib/python3.8/site-packages/airflow/example_dags/example_xcom.py
[2026-08-21T11:45:30.496+0000] {processor.py:840} INFO - DAG(s) 'example_xcom' retrieved from /home/airflow/.local/lib/python3.8/site-packages/airflow/example_dags/example_xcom.py
[2026-08-21T11:45:30.606+0000] {logging_mixin.py:188} INFO - [2026-08-21T11:45:30.606+0000] {dag.py:3036} INFO - Sync 1 DAGs
[2026-08-21T11:45:30.625+0000] {logging_mixin.py:188} INFO - [2026-08-21T11:45:30.625+0000] {dag.py:3823} INFO - Setting next_dagrun for example_xcom to 2021-01-01 00:00:00+00:00, run_after=2021-01-01 00:00:00+00:00
[2026-08-21T11:45:30.734+0000] {processor.py:183} INFO - Processing /home/airflow/.local/lib/python3.8/site-packages/airflow/example_dags/example_xcom.py took 0.258 seconds
[2026-08-21T11:46:01.135+0000] {processor.py:161} INFO - Started process (PID=563) to work on /home/airflow/.local/lib/python3.8/site-packages/airflow/example_dags/example_xcom.py
[2026-08-21T11:46:01.136+0000] {processor.py:830} INFO - Processing file /home/airflow/.local/lib/python3.8/site-packages/airflow/example_dags/example_xcom.py for tasks to queue
[2026-08-21T11:46:01.138+0000] {logging_mixin.py:188} INFO - [2026-08-21T11:46:01.138+0000] {dagbag.py:538} INFO - Filling up the DagBag from /home/airflow/.local/lib/python3.8/site-packages/airflow/example_dags/example_xcom.py
[2026-08-21T11:46:01.146+0000] {processor.py:840} INFO - DAG(s) 'example_xcom' retrieved from /home/airflow/.local/lib/python3.8/site-packages/airflow/example_dags/example_xcom.py
[2026-08-21T11:46:01.159+0000] {logging_mixin.py:188} INFO - [2026-08-21T11:46:01.158+0000] {dag.py:3036} INFO - Sync 1 DAGs
[2026-08-21T11:46:01.178+0000] {logging_mixin.py:188} INFO - [2026-08-21T11:46:01.178+0000] {dag.py:3823} INFO - Setting next_dagrun for example_xcom to 2021-01-01 00:00:00+00:00, run_after=2021-01-01 00:00:00+00:00
[2026-08-21T11:46:01.263+0000] {processor.py:183} INFO - Processing /home/airflow/.local/lib/python3.8/site-packages/airflow/example_dags/example_xcom.py took 0.131 seconds
[2026-08-21T11:46:32.606+0000] {processor.py:161} INFO - Started process (PID=654) to work on /home/airflow/.local/lib/python3.8/site-packages/airflow/example_dags/example_xcom.py
[2026-08-21T11:46:32.607+0000] {processor.py:830} INFO - Processing file /home/airflow/.local/lib/python3.8/site-packages/airflow/example_dags/example_xcom.py for tasks to queue
[2026-08-21T11:46:32.609+0000] {logging_mixin.py:188} INFO - [2026-08-21T11:46:32.609+0000] {dagbag.py:538} INFO - Filling up the DagBag from /home/airflow/.local/lib/python3.8/site-packages/airflow/example_dags/example_xcom.py
[2026-08-21T11:46:32.619+0000] {processor.py:840} INFO - DAG(s) 'example_xcom' retrieved from /home/airflow/.local/lib/python3.8/site-packages/airflow/example_dags/example_xcom.py
[2026-08-21T11:46:32.638+0000] {logging_mixin.py:188} INFO - [2026-08-21T11:46:32.638+0000] {dag.py:3036} INFO - Sync 1 DAGs
[2026-08-21T11:46:32.663+0000] {logging_mixin.py:188} INFO - [2026-08-21T11:46:32.662+0000] {dag.py:3823} INFO - Setting next_dagrun for example_xcom to 2021-01-01 00:00:00+00:00, run_after=2021-01-01 00:00:00+00:00
[2026-08-21T11:46:32.689+0000] {processor.py:183} INFO - Processing /home/airflow/.local/lib/python3.8/site-packages/airflow/example_dags/example_xcom.py took 0.087 seconds
[2026-08-21T11:47:04.386+0000] {processor.py:161} INFO - Started process (PID=739) to work on /home/airflow/.local/lib/python3.8/site-packages/airflow/example_dags/example_xcom.py
[2026-08-21T11:47:04.387+0000] {processor.py:830} INFO - Processing file /home/airflow/.local/lib/python3.8/site-packages/airflow/example_dags/example_xcom.py for tasks to queue
[2026-08-21T11:47:04.389+0000] {logging_mixin.py:188} INFO - [2026-08-21T11:47:04.389+0000] {dagbag.py:538} INFO - Filling up the DagBag from /home/airflow/.local/lib/python3.8/site-packages/airflow/example_dags/example_xcom.py
[2026-08-21T11:47:04.397+0000] {processor.py:840} INFO - DAG(s) 'example_xcom' retrieved from /home/airflow/.local/lib/python3.8/site-packages/airflow/example_dags/example_xcom.py
[2026-08-21T11:47:04.507+0000] {logging_mixin.py:188} INFO - [2026-08-21T11:47:04.506+0000] {dag.py:3036} INFO - Sync 1 DAGs
[2026-08-21T11:47:04.661+0000] {logging_mixin.py:188} INFO - [2026-08-21T11:47:04.661+0000] {dag.py:3823} INFO - Setting next_dagrun for example_xcom to 2021-01-01 00:00:00+00:00, run_after=2021-01-01 00:00:00+00:00
[2026-08-21T11:47:04.681+0000] {processor.py:183} INFO - Processing /home/airflow/.local/lib/python3.8/site-packages/airflow/example_dags/example_xcom.py took 0.300 seconds
[2026-08-21T11:47:34.926+0000] {processor.py:161} INFO - Started process (PID=825) to work on /home/airflow/.local/lib/python3.8/site-packages/airflow/example_dags/example_xcom.py
[2026-08-21T11:47:34.927+0000] {processor.py:830} INFO - Processing file /home/airflow/.local/lib/python3.8/site-packages/airflow/example_dags/example_xcom.py for tasks to queue
[2026-08-21T11:47:34.930+0000] {logging_mixin.py:188} INFO - [2026-08-21T11:47:34.929+0000] {dagbag.py:538} INFO - Filling up the DagBag from /home/airflow/.local/lib/python3.8/site-packages/airflow/example_dags/example_xcom.py
[2026-08-21T11:47:34.938+0000] {processor.py:840} INFO - DAG(s) 'example_xcom' retrieved from /home/airflow/.local/lib/python3.8/site-packages/airflow/example_dags/example_xcom.py
[2026-08-21T11:47:34.959+0000] {logging_mixin.py:188} INFO - [2026-08-21T11:47:34.958+0000] {dag.py:3036} INFO - Sync 1 DAGs
[2026-08-21T11:47:34.982+0000] {logging_mixin.py:188} INFO - [2026-08-21T11:47:34.982+0000] {dag.py:3823} INFO - Setting next_dagrun for example_xcom to 2021-01-01 00:00:00+00:00, run_after=2021-01-01 00:00:00+00:00
[2026-08-21T11:47:35.030+0000] {processor.py:183} INFO - Processing /home/airflow/.local/lib/python3.8/site-packages/airflow/example_dags/example_xcom.py took 0.108 seconds
[2026-08-21T11:48:05.561+0000] {processor.py:161} INFO - Started process (PID=912) to work on /home/airflow/.local/lib/python3.8/site-packages/airflow/example_dags/example_xcom.py
[2026-08-21T11:48:05.563+0000] {processor.py:830} INFO - Processing file /home/airflow/.local/lib/python3.8/site-packages/airflow/example_dags/example_xcom.py for tasks to queue
[2026-08-21T11:48:05.566+0000] {logging_mixin.py:188} INFO - [2026-08-21T11:48:05.566+0000] {dagbag.py:538} INFO - Filling up the DagBag from /home/airflow/.local/lib/python3.8/site-packages/airflow/example_dags/example_xcom.py
[2026-08-21T11:48:05.578+0000] {processor.py:840} INFO - DAG(s) 'example_xcom' retrieved from /home/airflow/.local/lib/python3.8/site-packages/airflow/example_dags/example_xcom.py
[2026-08-21T11:48:05.605+0000] {logging_mixin.py:188} INFO - [2026-08-21T11:48:05.605+0000] {dag.py:3036} INFO - Sync 1 DAGs
[2026-08-21T11:48:05.628+0000] {logging_mixin.py:188} INFO - [2026-08-21T11:48:05.628+0000] {dag.py:3823} INFO - Setting next_dagrun for example_xcom to 2021-01-01 00:00:00+00:00, run_after=2021-01-01 00:00:00+00:00
[2026-08-21T11:48:05.684+0000] {processor.py:183} INFO - Processing /home/airflow/.local/lib/python3.8/site-packages/airflow/example_dags/example_xcom.py took 0.128 seconds
[2026-08-21T11:48:45.379+0000] {processor.py:161} INFO - Started process (PID=89) to work on /home/airflow/.local/lib/python3.8/site-packages/airflow/example_dags/example_xcom.py
[2026-08-21T11:48:45.380+0000] {processor.py:830} INFO - Processing file /home/airflow/.local/lib/python3.8/site-packages/airflow/example_dags/example_xcom.py for tasks to queue
[2026-08-21T11:48:45.382+0000] {logging_mixin.py:188} INFO - [2026-08-21T11:48:45.382+0000] {dagbag.py:538} INFO - Filling up the DagBag from /home/airflow/.local/lib/python3.8/site-packages/airflow/example_dags/example_xcom.py
[2026-08-21T11:48:45.391+0000] {processor.py:840} INFO - DAG(s) 'example_xcom' retrieved from /home/airflow/.local/lib/python3.8/site-packages/airflow/example_dags/example_xcom.py
[2026-08-21T11:48:45.411+0000] {logging_mixin.py:188} INFO - [2026-08-21T11:48:45.411+0000] {dag.py:3036} INFO - Sync 1 DAGs
[2026-08-21T11:48:45.433+0000] {logging_mixin.py:188} INFO - [2026-08-21T11:48:45.433+0000] {dag.py:3823} INFO - Setting next_dagrun for example_xcom to 2021-01-01 00:00:00+00:00, run_after=2021-01-01 00:00:00+00:00
[2026-08-21T11:48:45.486+0000] {processor.py:183} INFO - Processing /home/airflow/.local/lib/python3.8/site-packages/airflow/example_dags/example_xcom.py took 0.110 seconds
[2026-08-21T11:49:16.778+0000] {processor.py:161} INFO - Started process (PID=177) to work on /home/airflow/.local/lib/python3.8/site-packages/airflow/example_dags/example_xcom.py
[2026-08-21T11:49:16.780+0000] {processor.py:830} INFO - Processing file /home/airflow/.local/lib/python3.8/site-packages/airflow/example_dags/example_xcom.py for tasks to queue
[2026-08-21T11:49:16.782+0000] {logging_mixin.py:188} INFO - [2026-08-21T11:49:16.782+0000] {dagbag.py:538} INFO - Filling up the DagBag from /home/airflow/.local/lib/python3.8/site-packages/airflow/example_dags/example_xcom.py
[2026-08-21T11:49:16.790+0000] {processor.py:840} INFO - DAG(s) 'example_xcom' retrieved from /home/airflow/.local/lib/python3.8/site-packages/airflow/example_dags/example_xcom.py
[2026-08-21T11:49:16.811+0000] {logging_mixin.py:188} INFO - [2026-08-21T11:49:16.811+0000] {dag.py:3036} INFO - Sync 1 DAGs
[2026-08-21T11:49:16.835+0000] {logging_mixin.py:188} INFO - [2026-08-21T11:49:16.834+0000] {dag.py:3823} INFO - Setting next_dagrun for example_xcom to 2021-01-01 00:00:00+00:00, run_after=2021-01-01 00:00:00+00:00
[2026-08-21T11:49:16.883+0000] {processor.py:183} INFO - Processing /home/airflow/.local/lib/python3.8/site-packages/airflow/example_dags/example_xcom.py took 0.108 seconds
[2026-08-21T11:49:47.591+0000] {processor.py:161} INFO - Started process (PID=266) to work on /home/airflow/.local/lib/python3.8/site-packages/airflow/example_dags/example_xcom.py
[2026-08-21T11:49:47.592+0000] {processor.py:830} INFO - Processing file /home/airflow/.local/lib/python3.8/site-packages/airflow/example_dags/example_xcom.py for tasks to queue
[2026-08-21T11:49:47.595+0000] {logging_mixin.py:188} INFO - [2026-08-21T11:49:47.595+0000] {dagbag.py:538} INFO - Filling up the DagBag from /home/airflow/.local/lib/python3.8/site-packages/airflow/example_dags/example_xcom.py
[2026-08-21T11:49:47.602+0000] {processor.py:840} INFO - DAG(s) 'example_xcom' retrieved from /home/airflow/.local/lib/python3.8/site-packages/airflow/example_dags/example_xcom.py
[2026-08-21T11:49:47.625+0000] {logging_mixin.py:188} INFO - [2026-08-21T11:49:47.625+0000] {dag.py:3036} INFO - Sync 1 DAGs
[2026-08-21T11:49:47.646+0000] {logging_mixin.py:188} INFO - [2026-08-21T11:49:47.645+0000] {dag.py:3823} INFO - Setting next_dagrun for example_xcom to 2021-01-01 00:00:00+00:00, run_after=2021-01-01 00:00:00+00:00
[2026-08-21T11:49:47.664+0000] {processor.py:183} INFO - Processing /home/airflow/.local/lib/python3.8/site-packages/airflow/example_dags/example_xcom.py took 0.077 seconds
[2026-08-21T11:50:18.452+0000] {processor.py:161} INFO - Started process (PID=354) to work on /home/airflow/.local/lib/python3.8/site-packages/airflow/example_dags/example_xcom.py
[2026-08-21T11:50:18.453+0000] {processor.py:830} INFO - Processing file /home/airflow/.local/lib/python3.8/site-packages/airflow/example_dags/example_xcom.py for tasks to queue
[2026-08-21T11:50:18.455+0000] {logging_mixin.py:188} INFO - [2026-08-21T11:50:18.455+0000] {dagbag.py:538} INFO - Filling up the DagBag from /home/airflow/.local/lib/python3.8/site-packages/airflow/example_dags/example_xcom.py
[2026-08-21T11:50:18.463+0000] {processor.py:840} INFO - DAG(s) 'example_xcom' retrieved from /home/airflow/.local/lib/python3.8/site-packages/airflow/example_dags/example_xcom.py
[2026-08-21T11:50:18.483+0000] {logging_mixin.py:188} INFO - [2026-08-21T11:50:18.483+0000] {dag.py:3036} INFO - Sync 1 DAGs
[2026-08-21T11:50:18.503+0000] {logging_mixin.py:188} INFO - [2026-08-21T11:50:18.502+0000] {dag.py:3823} INFO - Setting next_dagrun for example_xcom to 2021-01-01 00:00:00+00:00, run_after=2021-01-01 00:00:00+00:00
[2026-08-21T11:50:18.521+0000] {processor.py:183} INFO - Processing /home/airflow/.local/lib/python3.8/site-packages/airflow/example_dags/example_xcom.py took 0.073 seconds
[2026-08-21T11:50:49.853+0000] {processor.py:161} INFO - Started process (PID=442) to work on /home/airflow/.local/lib/python3.8/site-packages/airflow/example_dags/example_xcom.py
[2026-08-21T11:50:49.854+0000] {processor.py:830} INFO - Processing file /home/airflow/.local/lib/python3.8/site-packages/airflow/example_dags/example_xcom.py for tasks to queue
[2026-08-21T11:50:49.856+0000] {logging_mixin.py:188} INFO - [2026-08-21T11:50:49.856+0000] {dagbag.py:538} INFO - Filling up the DagBag from /home/airflow/.local/lib/python3.8/site-packages/airflow/example_dags/example_xcom.py
[2026-08-21T11:50:49.864+0000] {processor.py:840} INFO - DAG(s) 'example_xcom' retrieved from /home/airflow/.local/lib/python3.8/site-packages/airflow/example_dags/example_xcom.py
[2026-08-21T11:50:49.885+0000] {logging_mixin.py:188} INFO - [2026-08-21T11:50:49.885+0000] {dag.py:3036} INFO - Sync 1 DAGs
[2026-08-21T11:50:49.906+0000] {logging_mixin.py:188} INFO - [2026-08-21T11:50:49.906+0000] {dag.py:3823} INFO - Setting next_dagrun for example_xcom to 2021-01-01 00:00:00+00:00, run_after=2021-01-01 00:00:00+00:00
[2026-08-21T11:50:49.927+0000] {processor.py:183} INFO - Processing /home/airflow/.local/lib/python3.8/site-packages/airflow/example_dags/example_xcom.py took 0.078 seconds
[2026-08-21T11:51:20.102+0000] {processor.py:161} INFO - Started process (PID=530) to work on /home/airflow/.local/lib/python3.8/site-packages/airflow/example_dags/example_xcom.py
[2026-08-21T11:51:20.103+0000] {processor.py:830} INFO - Processing file /home/airflow/.local/lib/python3.8/site-packages/airflow/example_dags/example_xcom.py for tasks to queue
[2026-08-21T11:51:20.105+0000] {logging_mixin.py:188} INFO - [2026-08-21T11:51:20.105+0000] {dagbag.py:538} INFO - Filling up the DagBag from /home/airflow/.local/lib/python3.8/site-packages/airflow/example_dags/example_xcom.py
[2026-08-21T11:51:20.113+0000] {processor.py:840} INFO - DAG(s) 'example_xcom' retrieved from /home/airflow/.local/lib/python3.8/site-packages/airflow/example_dags/example_xcom.py
[2026-08-21T11:51:20.134+0000] {logging_mixin.py:188} INFO - [2026-08-21T11:51:20.134+0000] {dag.py:3036} INFO - Sync 1 DAGs
[2026-08-21T11:51:20.153+0000] {logging_mixin.py:188} INFO - [2026-08-21T11:51:20.153+0000] {dag.py:3823} INFO - Setting next_dagrun for example_xcom to 2021-01-01 00:00:00+00:00, run_after=2021-01-01 00:00:00+00:00
[2026-08-21T11:51:20.171+0000] {processor.py:183} INFO - Processing /home/airflow/.local/lib/python3.8/site-packages/airflow/example_dags/example_xcom.py took 0.072 seconds
[2026-08-21T11:51:50.879+0000] {processor.py:161} INFO - Started process (PID=618) to work on /home/airflow/.local/lib/python3.8/site-packages/airflow/example_dags/example_xcom.py
[2026-08-21T11:51:50.881+0000] {processor.py:830} INFO - Processing file /home/airflow/.local/lib/python3.8/site-packages/airflow/example_dags/example_xcom.py for tasks to queue
[2026-08-21T11:51:50.883+0000] {logging_mixin.py:188} INFO - [2026-08-21T11:51:50.883+0000] {dagbag.py:538} INFO - Filling up the DagBag from /home/airflow/.local/lib/python3.8/site-packages/airflow/example_dags/example_xcom.py
[2026-08-21T11:51:50.891+0000] {processor.py:840} INFO - DAG(s) 'example_xcom' retrieved from /home/airflow/.local/lib/python3.8/site-packages/airflow/example_dags/example_xcom.py
[2026-08-21T11:51:50.916+0000] {logging_mixin.py:188} INFO - [2026-08-21T11:51:50.915+0000] {dag.py:3036} INFO - Sync 1 DAGs
[2026-08-21T11:51:50.941+0000] {logging_mixin.py:188} INFO - [2026-08-21T11:51:50.941+0000] {dag.py:3823} INFO - Setting next_dagrun for example_xcom to 2021-01-01 00:00:00+00:00, run_after=2021-01-01 00:00:00+00:00
[2026-08-21T11:51:50.966+0000] {processor.py:183} INFO - Processing /home/airflow/.local/lib/python3.8/site-packages/airflow/example_dags/example_xcom.py took 0.090 seconds
[2026-08-21T11:52:21.794+0000] {processor.py:161} INFO - Started process (PID=706) to work on /home/airflow/.local/lib/python3.8/site-packages/airflow/example_dags/example_xcom.py
[2026-08-21T11:52:21.795+0000] {processor.py:830} INFO - Processing file /home/airflow/.local/lib/python3.8/site-packages/airflow/example_dags/example_xcom.py for tasks to queue
[2026-08-21T11:52:21.797+0000] {logging_mixin.py:188} INFO - [2026-08-21T11:52:21.797+0000] {dagbag.py:538} INFO - Filling up the DagBag from /home/airflow/.local/lib/python3.8/site-packages/airflow/example_dags/example_xcom.py
[2026-08-21T11:52:21.804+0000] {processor.py:840} INFO - DAG(s) 'example_xcom' retrieved from /home/airflow/.local/lib/python3.8/site-packages/airflow/example_dags/example_xcom.py
[2026-08-21T11:52:21.824+0000] {logging_mixin.py:188} INFO - [2026-08-21T11:52:21.824+0000] {dag.py:3036} INFO - Sync 1 DAGs
[2026-08-21T11:52:21.844+0000] {logging_mixin.py:188} INFO - [2026-08-21T11:52:21.844+0000] {dag.py:3823} INFO - Setting next_dagrun for example_xcom to 2021-01-01 00:00:00+00:00, run_after=2021-01-01 00:00:00+00:00
[2026-08-21T11:52:21.863+0000] {processor.py:183} INFO - Processing /home/airflow/.local/lib/python3.8/site-packages/airflow/example_dags/example_xcom.py took 0.072 seconds
[2026-08-21T11:52:52.293+0000] {processor.py:161} INFO - Started process (PID=794) to work on /home/airflow/.local/lib/python3.8/site-packages/airflow/example_dags/example_xcom.py
[2026-08-21T11:52:52.295+0000] {processor.py:830} INFO - Processing file /home/airflow/.local/lib/python3.8/site-packages/airflow/example_dags/example_xcom.py for tasks to queue
[2026-08-21T11:52:52.297+0000] {logging_mixin.py:188} INFO - [2026-08-21T11:52:52.296+0000] {dagbag.py:538} INFO - Filling up the DagBag from /home/airflow/.local/lib/python3.8/site-packages/airflow/example_dags/example_xcom.py
[2026-08-21T11:52:52.305+0000] {processor.py:840} INFO - DAG(s) 'example_xcom' retrieved from /home/airflow/.local/lib/python3.8/site-packages/airflow/example_dags/example_xcom.py
[2026-08-21T11:52:52.326+0000] {logging_mixin.py:188} INFO - [2026-08-21T11:52:52.325+0000] {dag.py:3036} INFO - Sync 1 DAGs
[2026-08-21T11:52:52.348+0000] {logging_mixin.py:188} INFO - [2026-08-21T11:52:52.348+0000] {dag.py:3823} INFO - Setting next_dagrun for example_xcom to 2021-01-01 00:00:00+00:00, run_after=2021-01-01 00:00:00+00:00
[2026-08-21T11:52:52.370+0000] {processor.py:183} INFO - Processing /home/airflow/.local/lib/python3.8/site-packages/airflow/example_dags/example_xcom.py took 0.080 seconds
[2026-08-21T11:53:22.971+0000] {processor.py:161} INFO - Started process (PID=882) to work on /home/airflow/.local/lib/python3.8/site-packages/airflow/example_dags/example_xcom.py
[2026-08-21T11:53:22.972+0000] {processor.py:830} INFO - Processing file /home/airflow/.local/lib/python3.8/site-packages/airflow/example_dags/example_xcom.py for tasks to queue
[2026-08-21T11:53:22.974+0000] {logging_mixin.py:188} INFO - [2026-08-21T11:53:22.974+0000] {dagbag.py:538} INFO - Filling up the DagBag from /home/airflow/.local/lib/python3.8/site-packages/airflow/example_dags/example_xcom.py
[2026-08-21T11:53:22.983+0000] {processor.py:840} INFO - DAG(s) 'example_xcom' retrieved from /home/airflow/.local/lib/python3.8/site-packages/airflow/example_dags/example_xcom.py
[2026-08-21T11:53:23.004+0000] {logging_mixin.py:188} INFO - [2026-08-21T11:53:23.004+0000] {dag.py:3036} INFO - Sync 1 DAGs
[2026-08-21T11:53:23.028+0000] {logging_mixin.py:188} INFO - [2026-08-21T11:53:23.028+0000] {dag.py:3823} INFO - Setting next_dagrun for example_xcom to 2021-01-01 00:00:00+00:00, run_after=2021-01-01 00:00:00+00:00
[2026-08-21T11:53:23.047+0000] {processor.py:183} INFO - Processing /home/airflow/.local/lib/python3.8/site-packages/airflow/example_dags/example_xcom.py took 0.080 seconds
[2026-08-21T11:53:54.597+0000] {processor.py:161} INFO - Started process (PID=969) to work on /home/airflow/.local/lib/python3.8/site-packages/airflow/example_dags/example_xcom.py
[2026-08-21T11:53:54.598+0000] {processor.py:830} INFO - Processing file /home/airflow/.local/lib/python3.8/site-packages/airflow/example_dags/example_xcom.py for tasks to queue
[2026-08-21T11:53:54.600+0000] {logging_mixin.py:188} INFO - [2026-08-21T11:53:54.600+0000] {dagbag.py:538} INFO - Filling up the DagBag from /home/airflow/.local/lib/python3.8/site-packages/airflow/example_dags/example_xcom.py
[2026-08-21T11:53:54.607+0000] {processor.py:840} INFO - DAG(s) 'example_xcom' retrieved from /home/airflow/.local/lib/python3.8/site-packages/airflow/example_dags/example_xcom.py
[2026-08-21T11:53:54.627+0000] {logging_mixin.py:188} INFO - [2026-08-21T11:53:54.627+0000] {dag.py:3036} INFO - Sync 1 DAGs
[2026-08-21T11:53:54.646+0000] {logging_mixin.py:188} INFO - [2026-08-21T11:53:54.646+0000] {dag.py:3823} INFO - Setting next_dagrun for example_xcom to 2021-01-01 00:00:00+00:00, run_after=2021-01-01 00:00:00+00:00
[2026-08-21T11:53:54.666+0000] {processor.py:183} INFO - Processing /home/airflow/.local/lib/python3.8/site-packages/airflow/example_dags/example_xcom.py took 0.073 seconds
[2026-08-21T11:54:25.773+0000] {processor.py:161} INFO - Started process (PID=1055) to work on /home/airflow/.local/lib/python3.8/site-packages/airflow/example_dags/example_xcom.py
[2026-08-21T11:54:25.775+0000] {processor.py:830} INFO - Processing file /home/airflow/.local/lib/python3.8/site-packages/airflow/example_dags/example_xcom.py for tasks to queue
[2026-08-21T11:54:25.777+0000] {logging_mixin.py:188} INFO - [2026-08-21T11:54:25.777+0000] {dagbag.py:538} INFO - Filling up the DagBag from /home/airflow/.local/lib/python3.8/site-packages/airflow/example_dags/example_xcom.py
[2026-08-21T11:54:25.786+0000] {processor.py:840} INFO - DAG(s) 'example_xcom' retrieved from /home/airflow/.local/lib/python3.8/site-packages/airflow/example_dags/example_xcom.py
[2026-08-21T11:54:25.815+0000] {logging_mixin.py:188} INFO - [2026-08-21T11:54:25.814+0000] {dag.py:3036} INFO - Sync 1 DAGs
[2026-08-21T11:54:25.842+0000] {logging_mixin.py:188} INFO - [2026-08-21T11:54:25.842+0000] {dag.py:3823} INFO - Setting next_dagrun for example_xcom to 2021-01-01 00:00:00+00:00, run_after=2021-01-01 00:00:00+00:00
[2026-08-21T11:54:25.872+0000] {processor.py:183} INFO - Processing /home/airflow/.local/lib/python3.8/site-packages/airflow/example_dags/example_xcom.py took 0.103 seconds
[2026-08-21T11:54:56.836+0000] {processor.py:161} INFO - Started process (PID=1143) to work on /home/airflow/.local/lib/python3.8/site-packages/airflow/example_dags/example_xcom.py
[2026-08-21T11:54:56.838+0000] {processor.py:830} INFO - Processing file /home/airflow/.local/lib/python3.8/site-packages/airflow/example_dags/example_xcom.py for tasks to queue
[2026-08-21T11:54:56.840+0000] {logging_mixin.py:188} INFO - [2026-08-21T11:54:56.839+0000] {dagbag.py:538} INFO - Filling up the DagBag from /home/airflow/.local/lib/python3.8/site-packages/airflow/example_dags/example_xcom.py
[2026-08-21T11:54:56.849+0000] {processor.py:840} INFO - DAG(s) 'example_xcom' retrieved from /home/airflow/.local/lib/python3.8/site-packages/airflow/example_dags/example_xcom.py
[2026-08-21T11:54:56.879+0000] {logging_mixin.py:188} INFO - [2026-08-21T11:54:56.879+0000] {dag.py:3036} INFO - Sync 1 DAGs
[2026-08-21T11:54:56.926+0000] {logging_mixin.py:188} INFO - [2026-08-21T11:54:56.925+0000] {dag.py:3823} INFO - Setting next_dagrun for example_xcom to 2021-01-01 00:00:00+00:00, run_after=2021-01-01 00:00:00+00:00
[2026-08-21T11:54:56.963+0000] {processor.py:183} INFO - Processing /home/airflow/.local/lib/python3.8/site-packages/airflow/example_dags/example_xcom.py took 0.131 seconds
[2026-08-21T11:55:27.703+0000] {processor.py:161} INFO - Started process (PID=1231) to work on /home/airflow/.local/lib/python3.8/site-packages/airflow/example_dags/example_xcom.py
[2026-08-21T11:55:27.704+0000] {processor.py:830} INFO - Processing file /home/airflow/.local/lib/python3.8/site-packages/airflow/example_dags/example_xcom.py for tasks to queue
[2026-08-21T11:55:27.706+0000] {logging_mixin.py:188} INFO - [2026-08-21T11:55:27.706+0000] {dagbag.py:538} INFO - Filling up the DagBag from /home/airflow/.local/lib/python3.8/site-packages/airflow/example_dags/example_xcom.py
[2026-08-21T11:55:27.715+0000] {processor.py:840} INFO - DAG(s) 'example_xcom' retrieved from /home/airflow/.local/lib/python3.8/site-packages/airflow/example_dags/example_xcom.py
[2026-08-21T11:55:27.737+0000] {logging_mixin.py:188} INFO - [2026-08-21T11:55:27.736+0000] {dag.py:3036} INFO - Sync 1 DAGs
[2026-08-21T11:55:27.756+0000] {logging_mixin.py:188} INFO - [2026-08-21T11:55:27.756+0000] {dag.py:3823} INFO - Setting next_dagrun for example_xcom to 2021-01-01 00:00:00+00:00, run_after=2021-01-01 00:00:00+00:00
[2026-08-21T11:55:27.775+0000] {processor.py:183} INFO - Processing /home/airflow/.local/lib/python3.8/site-packages/airflow/example_dags/example_xcom.py took 0.075 seconds
[2026-08-21T11:55:58.867+0000] {processor.py:161} INFO - Started process (PID=1318) to work on /home/airflow/.local/lib/python3.8/site-packages/airflow/example_dags/example_xcom.py
[2026-08-21T11:55:58.868+0000] {processor.py:830} INFO - Processing file /home/airflow/.local/lib/python3.8/site-packages/airflow/example_dags/example_xcom.py for tasks to queue
[2026-08-21T11:55:58.870+0000] {logging_mixin.py:188} INFO - [2026-08-21T11:55:58.870+0000] {dagbag.py:538} INFO - Filling up the DagBag from /home/airflow/.local/lib/python3.8/site-packages/airflow/example_dags/example_xcom.py
[2026-08-21T11:55:58.879+0000] {processor.py:840} INFO - DAG(s) 'example_xcom' retrieved from /home/airflow/.local/lib/python3.8/site-packages/airflow/example_dags/example_xcom.py
[2026-08-21T11:55:58.901+0000] {logging_mixin.py:188} INFO - [2026-08-21T11:55:58.900+0000] {dag.py:3036} INFO - Sync 1 DAGs
[2026-08-21T11:55:58.923+0000] {logging_mixin.py:188} INFO - [2026-08-21T11:55:58.923+0000] {dag.py:3823} INFO - Setting next_dagrun for example_xcom to 2021-01-01 00:00:00+00:00, run_after=2021-01-01 00:00:00+00:00
[2026-08-21T11:55:58.943+0000] {processor.py:183} INFO - Processing /home/airflow/.local/lib/python3.8/site-packages/airflow/example_dags/example_xcom.py took 0.080 seconds
[2026-08-21T11:56:29.250+0000] {processor.py:161} INFO - Started process (PID=1405) to work on /home/airflow/.local/lib/python3.8/site-packages/airflow/example_dags/example_xcom.py
[2026-08-21T11:56:29.253+0000] {processor.py:830} INFO - Processing file /home/airflow/.local/lib/python3.8/site-packages/airflow/example_dags/example_xcom.py for tasks to queue
[2026-08-21T11:56:29.256+0000] {logging_mixin.py:188} INFO - [2026-08-21T11:56:29.255+0000] {dagbag.py:538} INFO - Filling up the DagBag from /home/airflow/.local/lib/python3.8/site-packages/airflow/example_dags/example_xcom.py
[2026-08-21T11:56:29.265+0000] {processor.py:840} INFO - DAG(s) 'example_xcom' retrieved from /home/airflow/.local/lib/python3.8/site-packages/airflow/example_dags/example_xcom.py
[2026-08-21T11:56:29.293+0000] {logging_mixin.py:188} INFO - [2026-08-21T11:56:29.293+0000] {dag.py:3036} INFO - Sync 1 DAGs
[2026-08-21T11:56:29.318+0000] {logging_mixin.py:188} INFO - [2026-08-21T11:56:29.318+0000] {dag.py:3823} INFO - Setting next_dagrun for example_xcom to 2021-01-01 00:00:00+00:00, run_after=2021-01-01 00:00:00+00:00
[2026-08-21T11:56:29.347+0000] {processor.py:183} INFO - Processing /home/airflow/.local/lib/python3.8/site-packages/airflow/example_dags/example_xcom.py took 0.102 seconds
[2026-08-21T11:57:02.103+0000] {processor.py:161} INFO - Started process (PID=1492) to work on /home/airflow/.local/lib/python3.8/site-packages/airflow/example_dags/example_xcom.py
[2026-08-21T11:57:02.105+0000] {processor.py:830} INFO - Processing file /home/airflow/.local/lib/python3.8/site-packages/airflow/example_dags/example_xcom.py for tasks to queue
[2026-08-21T11:57:02.109+0000] {logging_mixin.py:188} INFO - [2026-08-21T11:57:02.108+0000] {dagbag.py:538} INFO - Filling up the DagBag from /home/airflow/.local/lib/python3.8/site-packages/airflow/example_dags/example_xcom.py
[2026-08-21T11:57:02.121+0000] {processor.py:840} INFO - DAG(s) 'example_xcom' retrieved from /home/airflow/.local/lib/python3.8/site-packages/airflow/example_dags/example_xcom.py
[2026-08-21T11:57:02.152+0000] {logging_mixin.py:188} INFO - [2026-08-21T11:57:02.152+0000] {dag.py:3036} INFO - Sync 1 DAGs
[2026-08-21T11:57:02.187+0000] {logging_mixin.py:188} INFO - [2026-08-21T11:57:02.186+0000] {dag.py:3823} INFO - Setting next_dagrun for example_xcom to 2021-01-01 00:00:00+00:00, run_after=2021-01-01 00:00:00+00:00
[2026-08-21T11:57:02.216+0000] {processor.py:183} INFO - Processing /home/airflow/.local/lib/python3.8/site-packages/airflow/example_dags/example_xcom.py took 0.119 seconds
[2026-08-21T11:57:33.409+0000] {processor.py:161} INFO - Started process (PID=1580) to work on /home/airflow/.local/lib/python3.8/site-packages/airflow/example_dags/example_xcom.py
[2026-08-21T11:57:33.410+0000] {processor.py:830} INFO - Processing file /home/airflow/.local/lib/python3.8/site-packages/airflow/example_dags/example_xcom.py for tasks to queue
[2026-08-21T11:57:33.414+0000] {logging_mixin.py:188} INFO - [2026-08-21T11:57:33.413+0000] {dagbag.py:538} INFO - Filling up the DagBag from /home/airflow/.local/lib/python3.8/site-packages/airflow/example_dags/example_xcom.py
[2026-08-21T11:57:33.426+0000] {processor.py:840} INFO - DAG(s) 'example_xcom' retrieved from /home/airflow/.local/lib/python3.8/site-packages/airflow/example_dags/example_xcom.py
[2026-08-21T11:57:33.445+0000] {logging_mixin.py:188} INFO - [2026-08-21T11:57:33.445+0000] {dag.py:3036} INFO - Sync 1 DAGs
[2026-08-21T11:57:33.479+0000] {logging_mixin.py:188} INFO - [2026-08-21T11:57:33.479+0000] {dag.py:3823} INFO - Setting next_dagrun for example_xcom to 2021-01-01 00:00:00+00:00, run_after=2021-01-01 00:00:00+00:00
[2026-08-21T11:57:33.512+0000] {processor.py:183} INFO - Processing /home/airflow/.local/lib/python3.8/site-packages/airflow/example_dags/example_xcom.py took 0.108 seconds
[2026-08-21T11:58:04.165+0000] {processor.py:161} INFO - Started process (PID=1667) to work on /home/airflow/.local/lib/python3.8/site-packages/airflow/example_dags/example_xcom.py
[2026-08-21T11:58:04.166+0000] {processor.py:830} INFO - Processing file /home/airflow/.local/lib/python3.8/site-packages/airflow/example_dags/example_xcom.py for tasks to queue
[2026-08-21T11:58:04.169+0000] {logging_mixin.py:188} INFO - [2026-08-21T11:58:04.169+0000] {dagbag.py:538} INFO - Filling up the DagBag from /home/airflow/.local/lib/python3.8/site-packages/airflow/example_dags/example_xcom.py
[2026-08-21T11:58:04.183+0000] {processor.py:840} INFO - DAG(s) 'example_xcom' retrieved from /home/airflow/.local/lib/python3.8/site-packages/airflow/example_dags/example_xcom.py
[2026-08-21T11:58:04.203+0000] {logging_mixin.py:188} INFO - [2026-08-21T11:58:04.202+0000] {dag.py:3036} INFO - Sync 1 DAGs
[2026-08-21T11:58:04.237+0000] {logging_mixin.py:188} INFO - [2026-08-21T11:58:04.237+0000] {dag.py:3823} INFO - Setting next_dagrun for example_xcom to 2021-01-01 00:00:00+00:00, run_after=2021-01-01 00:00:00+00:00
[2026-08-21T11:58:04.274+0000] {processor.py:183} INFO - Processing /home/airflow/.local/lib/python3.8/site-packages/airflow/example_dags/example_xcom.py took 0.115 seconds
[2026-08-21T11:58:36.823+0000] {processor.py:161} INFO - Started process (PID=1754) to work on /home/airflow/.local/lib/python3.8/site-packages/airflow/example_dags/example_xcom.py
[2026-08-21T11:58:36.825+0000] {processor.py:830} INFO - Processing file /home/airflow/.local/lib/python3.8/site-packages/airflow/example_dags/example_xcom.py for tasks to queue
[2026-08-21T11:58:36.829+0000] {logging_mixin.py:188} INFO - [2026-08-21T11:58:36.828+0000] {dagbag.py:538} INFO - Filling up the DagBag from /home/airflow/.local/lib/python3.8/site-packages/airflow/example_dags/example_xcom.py
[2026-08-21T11:58:36.843+0000] {processor.py:840} INFO - DAG(s) 'example_xcom' retrieved from /home/airflow/.local/lib/python3.8/site-packages/airflow/example_dags/example_xcom.py
[2026-08-21T11:58:36.862+0000] {logging_mixin.py:188} INFO - [2026-08-21T11:58:36.862+0000] {dag.py:3036} INFO - Sync 1 DAGs
[2026-08-21T11:58:36.893+0000] {logging_mixin.py:188} INFO - [2026-08-21T11:58:36.893+0000] {dag.py:3823} INFO - Setting next_dagrun for example_xcom to 2021-01-01 00:00:00+00:00, run_after=2021-01-01 00:00:00+00:00
[2026-08-21T11:58:36.925+0000] {processor.py:183} INFO - Processing /home/airflow/.local/lib/python3.8/site-packages/airflow/example_dags/example_xcom.py took 0.109 seconds
[2026-08-21T11:59:07.910+0000] {processor.py:161} INFO - Started process (PID=1841) to work on /home/airflow/.local/lib/python3.8/site-packages/airflow/example_dags/example_xcom.py
[2026-08-21T11:59:07.912+0000] {processor.py:830} INFO - Processing file /home/airflow/.local/lib/python3.8/site-packages/airflow/example_dags/example_xcom.py for tasks to queue
[2026-08-21T11:59:07.914+0000] {logging_mixin.py:188} INFO - [2026-08-21T11:59:07.914+0000] {dagbag.py:538} INFO - Filling up the DagBag from /home/airflow/.local/lib/python3.8/site-packages/airflow/example_dags/example_xcom.py
[2026-08-21T11:59:07.922+0000] {processor.py:840} INFO - DAG(s) 'example_xcom' retrieved from /home/airflow/.local/lib/python3.8/site-packages/airflow/example_dags/example_xcom.py
[2026-08-21T11:59:08.014+0000] {logging_mixin.py:188} INFO - [2026-08-21T11:59:08.014+0000] {dag.py:3036} INFO - Sync 1 DAGs
[2026-08-21T11:59:08.034+0000] {logging_mixin.py:188} INFO - [2026-08-21T11:59:08.034+0000] {dag.py:3823} INFO - Setting next_dagrun for example_xcom to 2021-01-01 00:00:00+00:00, run_after=2021-01-01 00:00:00+00:00
[2026-08-21T11:59:08.056+0000] {processor.py:183} INFO - Processing /home/airflow/.local/lib/python3.8/site-packages/airflow/example_dags/example_xcom.py took 0.151 seconds
[2026-08-21T11:59:38.653+0000] {processor.py:161} INFO - Started process (PID=1928) to work on /home/airflow/.local/lib/python3.8/site-packages/airflow/example_dags/example_xcom.py
[2026-08-21T11:59:38.654+0000] {processor.py:830} INFO - Processing file /home/airflow/.local/lib/python3.8/site-packages/airflow/example_dags/example_xcom.py for tasks to queue
[2026-08-21T11:59:38.656+0000] {logging_mixin.py:188} INFO - [2026-08-21T11:59:38.656+0000] {dagbag.py:538} INFO - Filling up the DagBag from /home/airflow/.local/lib/python3.8/site-packages/airflow/example_dags/example_xcom.py
[2026-08-21T11:59:38.664+0000] {processor.py:840} INFO - DAG(s) 'example_xcom' retrieved from /home/airflow/.local/lib/python3.8/site-packages/airflow/example_dags/example_xcom.py
[2026-08-21T11:59:38.685+0000] {logging_mixin.py:188} INFO - [2026-08-21T11:59:38.685+0000] {dag.py:3036} INFO - Sync 1 DAGs
[2026-08-21T11:59:38.707+0000] {logging_mixin.py:188} INFO - [2026-08-21T11:59:38.707+0000] {dag.py:3823} INFO - Setting next_dagrun for example_xcom to 2021-01-01 00:00:00+00:00, run_after=2021-01-01 00:00:00+00:00
[2026-08-21T11:59:38.727+0000] {processor.py:183} INFO - Processing /home/airflow/.local/lib/python3.8/site-packages/airflow/example_dags/example_xcom.py took 0.078 seconds
[2026-08-21T12:00:08.955+0000] {processor.py:161} INFO - Started process (PID=2016) to work on /home/airflow/.local/lib/python3.8/site-packages/airflow/example_dags/example_xcom.py
[2026-08-21T12:00:08.957+0000] {processor.py:830} INFO - Processing file /home/airflow/.local/lib/python3.8/site-packages/airflow/example_dags/example_xcom.py for tasks to queue
[2026-08-21T12:00:08.959+0000] {logging_mixin.py:188} INFO - [2026-08-21T12:00:08.958+0000] {dagbag.py:538} INFO - Filling up the DagBag from /home/airflow/.local/lib/python3.8/site-packages/airflow/example_dags/example_xcom.py
[2026-08-21T12:00:08.967+0000] {processor.py:840} INFO - DAG(s) 'example_xcom' retrieved from /home/airflow/.local/lib/python3.8/site-packages/airflow/example_dags/example_xcom.py
[2026-08-21T12:00:08.991+0000] {logging_mixin.py:188} INFO - [2026-08-21T12:00:08.991+0000] {dag.py:3036} INFO - Sync 1 DAGs
[2026-08-21T12:00:09.016+0000] {logging_mixin.py:188} INFO - [2026-08-21T12:00:09.015+0000] {dag.py:3823} INFO - Setting next_dagrun for example_xcom to 2021-01-01 00:00:00+00:00, run_after=2021-01-01 00:00:00+00:00
[2026-08-21T12:00:09.040+0000] {processor.py:183} INFO - Processing /home/airflow/.local/lib/python3.8/site-packages/airflow/example_dags/example_xcom.py took 0.089 seconds
[2026-08-21T12:00:39.507+0000] {processor.py:161} INFO - Started process (PID=2101) to work on /home/airflow/.local/lib/python3.8/site-packages/airflow/example_dags/example_xcom.py
[2026-08-21T12:00:39.508+0000] {processor.py:830} INFO - Processing file /home/airflow/.local/lib/python3.8/site-packages/airflow/example_dags/example_xcom.py for tasks to queue
[2026-08-21T12:00:39.511+0000] {logging_mixin.py:188} INFO - [2026-08-21T12:00:39.510+0000] {dagbag.py:538} INFO - Filling up the DagBag from /home/airflow/.local/lib/python3.8/site-packages/airflow/example_dags/example_xcom.py
[2026-08-21T12:00:39.518+0000] {processor.py:840} INFO - DAG(s) 'example_xcom' retrieved from /home/airflow/.local/lib/python3.8/site-packages/airflow/example_dags/example_xcom.py
[2026-08-21T12:00:39.540+0000] {logging_mixin.py:188} INFO - [2026-08-21T12:00:39.540+0000] {dag.py:3036} INFO - Sync 1 DAGs
[2026-08-21T12:00:39.560+0000] {logging_mixin.py:188} INFO - [2026-08-21T12:00:39.560+0000] {dag.py:3823} INFO - Setting next_dagrun for example_xcom to 2021-01-01 00:00:00+00:00, run_after=2021-01-01 00:00:00+00:00
[2026-08-21T12:00:39.578+0000] {processor.py:183} INFO - Processing /home/airflow/.local/lib/python3.8/site-packages/airflow/example_dags/example_xcom.py took 0.076 seconds
[2026-08-21T12:01:10.424+0000] {processor.py:161} INFO - Started process (PID=2188) to work on /home/airflow/.local/lib/python3.8/site-packages/airflow/example_dags/example_xcom.py
[2026-08-21T12:01:10.425+0000] {processor.py:830} INFO - Processing file /home/airflow/.local/lib/python3.8/site-packages/airflow/example_dags/example_xcom.py for tasks to queue
[2026-08-21T12:01:10.428+0000] {logging_mixin.py:188} INFO - [2026-08-21T12:01:10.427+0000] {dagbag.py:538} INFO - Filling up the DagBag from /home/airflow/.local/lib/python3.8/site-packages/airflow/example_dags/example_xcom.py
[2026-08-21T12:01:10.435+0000] {processor.py:840} INFO - DAG(s) 'example_xcom' retrieved from /home/airflow/.local/lib/python3.8/site-packages/airflow/example_dags/example_xcom.py
[2026-08-21T12:01:10.457+0000] {logging_mixin.py:188} INFO - [2026-08-21T12:01:10.457+0000] {dag.py:3036} INFO - Sync 1 DAGs
[2026-08-21T12:01:10.481+0000] {logging_mixin.py:188} INFO - [2026-08-21T12:01:10.480+0000] {dag.py:3823} INFO - Setting next_dagrun for example_xcom to 2021-01-01 00:00:00+00:00, run_after=2021-01-01 00:00:00+00:00
[2026-08-21T12:01:10.500+0000] {processor.py:183} INFO - Processing /home/airflow/.local/lib/python3.8/site-packages/airflow/example_dags/example_xcom.py took 0.079 seconds
[2026-08-21T12:01:41.172+0000] {processor.py:161} INFO - Started process (PID=2275) to work on /home/airflow/.local/lib/python3.8/site-packages/airflow/example_dags/example_xcom.py
[2026-08-21T12:01:41.174+0000] {processor.py:830} INFO - Processing file /home/airflow/.local/lib/python3.8/site-packages/airflow/example_dags/example_xcom.py for tasks to queue
[2026-08-21T12:01:41.176+0000] {logging_mixin.py:188} INFO - [2026-08-21T12:01:41.175+0000] {dagbag.py:538} INFO - Filling up the DagBag from /home/airflow/.local/lib/python3.8/site-packages/airflow/example_dags/example_xcom.py
[2026-08-21T12:01:41.184+0000] {processor.py:840} INFO - DAG(s) 'example_xcom' retrieved from /home/airflow/.local/lib/python3.8/site-packages/airflow/example_dags/example_xcom.py
[2026-08-21T12:01:41.206+0000] {logging_mixin.py:188} INFO - [2026-08-21T12:01:41.206+0000] {dag.py:3036} INFO - Sync 1 DAGs
[2026-08-21T12:01:41.227+0000] {logging_mixin.py:188} INFO - [2026-08-21T12:01:41.227+0000] {dag.py:3823} INFO - Setting next_dagrun for example_xcom to 2021-01-01 00:00:00+00:00, run_after=2021-01-01 00:00:00+00:00
[2026-08-21T12:01:41.249+0000] {processor.py:183} INFO - Processing /home/airflow/.local/lib/python3.8/site-packages/airflow/example_dags/example_xcom.py took 0.080 seconds
[2026-08-21T12:02:11.564+0000] {processor.py:161} INFO - Started process (PID=2362) to work on /home/airflow/.local/lib/python3.8/site-packages/airflow/example_dags/example_xcom.py
[2026-08-21T12:02:11.565+0000] {processor.py:830} INFO - Processing file /home/airflow/.local/lib/python3.8/site-packages/airflow/example_dags/example_xcom.py for tasks to queue
[2026-08-21T12:02:11.567+0000] {logging_mixin.py:188} INFO - [2026-08-21T12:02:11.567+0000] {dagbag.py:538} INFO - Filling up the DagBag from /home/airflow/.local/lib/python3.8/site-packages/airflow/example_dags/example_xcom.py
[2026-08-21T12:02:11.576+0000] {processor.py:840} INFO - DAG(s) 'example_xcom' retrieved from /home/airflow/.local/lib/python3.8/site-packages/airflow/example_dags/example_xcom.py
[2026-08-21T12:02:11.598+0000] {logging_mixin.py:188} INFO - [2026-08-21T12:02:11.598+0000] {dag.py:3036} INFO - Sync 1 DAGs
[2026-08-21T12:02:11.622+0000] {logging_mixin.py:188} INFO - [2026-08-21T12:02:11.622+0000] {dag.py:3823} INFO - Setting next_dagrun for example_xcom to 2021-01-01 00:00:00+00:00, run_after=2021-01-01 00:00:00+00:00
[2026-08-21T12:02:11.644+0000] {processor.py:183} INFO - Processing /home/airflow/.local/lib/python3.8/site-packages/airflow/example_dags/example_xcom.py took 0.084 seconds
[2026-08-21T12:02:42.865+0000] {processor.py:161} INFO - Started process (PID=2449) to work on /home/airflow/.local/lib/python3.8/site-packages/airflow/example_dags/example_xcom.py
[2026-08-21T12:02:42.866+0000] {processor.py:830} INFO - Processing file /home/airflow/.local/lib/python3.8/site-packages/airflow/example_dags/example_xcom.py for tasks to queue
[2026-08-21T12:02:42.869+0000] {logging_mixin.py:188} INFO - [2026-08-21T12:02:42.868+0000] {dagbag.py:538} INFO - Filling up the DagBag from /home/airflow/.local/lib/python3.8/site-packages/airflow/example_dags/example_xcom.py
[2026-08-21T12:02:42.877+0000] {processor.py:840} INFO - DAG(s) 'example_xcom' retrieved from /home/airflow/.local/lib/python3.8/site-packages/airflow/example_dags/example_xcom.py
[2026-08-21T12:02:42.898+0000] {logging_mixin.py:188} INFO - [2026-08-21T12:02:42.898+0000] {dag.py:3036} INFO - Sync 1 DAGs
[2026-08-21T12:02:42.920+0000] {logging_mixin.py:188} INFO - [2026-08-21T12:02:42.920+0000] {dag.py:3823} INFO - Setting next_dagrun for example_xcom to 2021-01-01 00:00:00+00:00, run_after=2021-01-01 00:00:00+00:00
[2026-08-21T12:02:42.940+0000] {processor.py:183} INFO - Processing /home/airflow/.local/lib/python3.8/site-packages/airflow/example_dags/example_xcom.py took 0.079 seconds
[2026-08-21T12:03:13.752+0000] {processor.py:161} INFO - Started process (PID=2542) to work on /home/airflow/.local/lib/python3.8/site-packages/airflow/example_dags/example_xcom.py
[2026-08-21T12:03:13.753+0000] {processor.py:830} INFO - Processing file /home/airflow/.local/lib/python3.8/site-packages/airflow/example_dags/example_xcom.py for tasks to queue
[2026-08-21T12:03:13.756+0000] {logging_mixin.py:188} INFO - [2026-08-21T12:03:13.755+0000] {dagbag.py:538} INFO - Filling up the DagBag from /home/airflow/.local/lib/python3.8/site-packages/airflow/example_dags/example_xcom.py
[2026-08-21T12:03:13.764+0000] {processor.py:840} INFO - DAG(s) 'example_xcom' retrieved from /home/airflow/.local/lib/python3.8/site-packages/airflow/example_dags/example_xcom.py
[2026-08-21T12:03:13.787+0000] {logging_mixin.py:188} INFO - [2026-08-21T12:03:13.787+0000] {dag.py:3036} INFO - Sync 1 DAGs
[2026-08-21T12:03:13.808+0000] {logging_mixin.py:188} INFO - [2026-08-21T12:03:13.808+0000] {dag.py:3823} INFO - Setting next_dagrun for example_xcom to 2021-01-01 00:00:00+00:00, run_after=2021-01-01 00:00:00+00:00
[2026-08-21T12:03:13.826+0000] {processor.py:183} INFO - Processing /home/airflow/.local/lib/python3.8/site-packages/airflow/example_dags/example_xcom.py took 0.078 seconds
[2026-08-21T12:03:44.714+0000] {processor.py:161} INFO - Started process (PID=2629) to work on /home/airflow/.local/lib/python3.8/site-packages/airflow/example_dags/example_xcom.py
[2026-08-21T12:03:44.715+0000] {processor.py:830} INFO - Processing file /home/airflow/.local/lib/python3.8/site-packages/airflow/example_dags/example_xcom.py for tasks to queue
[2026-08-21T12:03:44.717+0000] {logging_mixin.py:188} INFO - [2026-08-21T12:03:44.717+0000] {dagbag.py:538} INFO - Filling up the DagBag from /home/airflow/.local/lib/python3.8/site-packages/airflow/example_dags/example_xcom.py
[2026-08-21T12:03:44.725+0000] {processor.py:840} INFO - DAG(s) 'example_xcom' retrieved from /home/airflow/.local/lib/python3.8/site-packages/airflow/example_dags/example_xcom.py
[2026-08-21T12:03:44.747+0000] {logging_mixin.py:188} INFO - [2026-08-21T12:03:44.747+0000] {dag.py:3036} INFO - Sync 1 DAGs
[2026-08-21T12:03:44.772+0000] {logging_mixin.py:188} INFO - [2026-08-21T12:03:44.771+0000] {dag.py:3823} INFO - Setting next_dagrun for example_xcom to 2021-01-01 00:00:00+00:00, run_after=2021-01-01 00:00:00+00:00
[2026-08-21T12:03:44.791+0000] {processor.py:183} INFO - Processing /home/airflow/.local/lib/python3.8/site-packages/airflow/example_dags/example_xcom.py took 0.081 seconds
[2026-08-21T12:04:15.987+0000] {processor.py:161} INFO - Started process (PID=2716) to work on /home/airflow/.local/lib/python3.8/site-packages/airflow/example_dags/example_xcom.py
[2026-08-21T12:04:15.988+0000] {processor.py:830} INFO - Processing file /home/airflow/.local/lib/python3.8/site-packages/airflow/example_dags/example_xcom.py for tasks to queue
[2026-08-21T12:04:15.990+0000] {logging_mixin.py:188} INFO - [2026-08-21T12:04:15.990+0000] {dagbag.py:538} INFO - Filling up the DagBag from /home/airflow/.local/lib/python3.8/site-packages/airflow/example_dags/example_xcom.py
[2026-08-21T12:04:15.998+0000] {processor.py:840} INFO - DAG(s) 'example_xcom' retrieved from /home/airflow/.local/lib/python3.8/site-packages/airflow/example_dags/example_xcom.py
[2026-08-21T12:04:16.020+0000] {logging_mixin.py:188} INFO - [2026-08-21T12:04:16.020+0000] {dag.py:3036} INFO - Sync 1 DAGs
[2026-08-21T12:04:16.040+0000] {logging_mixin.py:188} INFO - [2026-08-21T12:04:16.040+0000] {dag.py:3823} INFO - Setting next_dagrun for example_xcom to 2021-01-01 00:00:00+00:00, run_after=2021-01-01 00:00:00+00:00
[2026-08-21T12:04:16.061+0000] {processor.py:183} INFO - Processing /home/airflow/.local/lib/python3.8/site-packages/airflow/example_dags/example_xcom.py took 0.078 seconds
[2026-08-21T12:04:46.704+0000] {processor.py:161} INFO - Started process (PID=2803) to work on /home/airflow/.local/lib/python3.8/site-packages/airflow/example_dags/example_xcom.py
[2026-08-21T12:04:46.705+0000] {processor.py:830} INFO - Processing file /home/airflow/.local/lib/python3.8/site-packages/airflow/example_dags/example_xcom.py for tasks to queue
[2026-08-21T12:04:46.707+0000] {logging_mixin.py:188} INFO - [2026-08-21T12:04:46.707+0000] {dagbag.py:538} INFO - Filling up the DagBag from /home/airflow/.local/lib/python3.8/site-packages/airflow/example_dags/example_xcom.py
[2026-08-21T12:04:46.715+0000] {processor.py:840} INFO - DAG(s) 'example_xcom' retrieved from /home/airflow/.local/lib/python3.8/site-packages/airflow/example_dags/example_xcom.py
[2026-08-21T12:04:46.737+0000] {logging_mixin.py:188} INFO - [2026-08-21T12:04:46.737+0000] {dag.py:3036} INFO - Sync 1 DAGs
[2026-08-21T12:04:46.757+0000] {logging_mixin.py:188} INFO - [2026-08-21T12:04:46.757+0000] {dag.py:3823} INFO - Setting next_dagrun for example_xcom to 2021-01-01 00:00:00+00:00, run_after=2021-01-01 00:00:00+00:00
[2026-08-21T12:04:46.777+0000] {processor.py:183} INFO - Processing /home/airflow/.local/lib/python3.8/site-packages/airflow/example_dags/example_xcom.py took 0.077 seconds
[2026-08-21T12:05:21.056+0000] {processor.py:161} INFO - Started process (PID=2910) to work on /home/airflow/.local/lib/python3.8/site-packages/airflow/example_dags/example_xcom.py
[2026-08-21T12:05:21.058+0000] {processor.py:830} INFO - Processing file /home/airflow/.local/lib/python3.8/site-packages/airflow/example_dags/example_xcom.py for tasks to queue
[2026-08-21T12:05:21.062+0000] {logging_mixin.py:188} INFO - [2026-08-21T12:05:21.061+0000] {dagbag.py:538} INFO - Filling up the DagBag from /home/airflow/.local/lib/python3.8/site-packages/airflow/example_dags/example_xcom.py
[2026-08-21T12:05:21.075+0000] {processor.py:840} INFO - DAG(s) 'example_xcom' retrieved from /home/airflow/.local/lib/python3.8/site-packages/airflow/example_dags/example_xcom.py
[2026-08-21T12:05:21.104+0000] {logging_mixin.py:188} INFO - [2026-08-21T12:05:21.103+0000] {dag.py:3036} INFO - Sync 1 DAGs
[2026-08-21T12:05:21.368+0000] {logging_mixin.py:188} INFO - [2026-08-21T12:05:21.368+0000] {dag.py:3823} INFO - Setting next_dagrun for example_xcom to 2021-01-01 00:00:00+00:00, run_after=2021-01-01 00:00:00+00:00
[2026-08-21T12:05:21.397+0000] {processor.py:183} INFO - Processing /home/airflow/.local/lib/python3.8/site-packages/airflow/example_dags/example_xcom.py took 0.346 seconds
[2026-08-21T12:05:51.805+0000] {processor.py:161} INFO - Started process (PID=3006) to work on /home/airflow/.local/lib/python3.8/site-packages/airflow/example_dags/example_xcom.py
[2026-08-21T12:05:51.807+0000] {processor.py:830} INFO - Processing file /home/airflow/.local/lib/python3.8/site-packages/airflow/example_dags/example_xcom.py for tasks to queue
[2026-08-21T12:05:51.811+0000] {logging_mixin.py:188} INFO - [2026-08-21T12:05:51.810+0000] {dagbag.py:538} INFO - Filling up the DagBag from /home/airflow/.local/lib/python3.8/site-packages/airflow/example_dags/example_xcom.py
[2026-08-21T12:05:51.824+0000] {processor.py:840} INFO - DAG(s) 'example_xcom' retrieved from /home/airflow/.local/lib/python3.8/site-packages/airflow/example_dags/example_xcom.py
[2026-08-21T12:05:51.870+0000] {logging_mixin.py:188} INFO - [2026-08-21T12:05:51.870+0000] {dag.py:3036} INFO - Sync 1 DAGs
[2026-08-21T12:05:51.907+0000] {logging_mixin.py:188} INFO - [2026-08-21T12:05:51.906+0000] {dag.py:3823} INFO - Setting next_dagrun for example_xcom to 2021-01-01 00:00:00+00:00, run_after=2021-01-01 00:00:00+00:00
[2026-08-21T12:05:51.939+0000] {processor.py:183} INFO - Processing /home/airflow/.local/lib/python3.8/site-packages/airflow/example_dags/example_xcom.py took 0.143 seconds
[2026-08-21T12:06:22.325+0000] {processor.py:161} INFO - Started process (PID=3093) to work on /home/airflow/.local/lib/python3.8/site-packages/airflow/example_dags/example_xcom.py
[2026-08-21T12:06:22.327+0000] {processor.py:830} INFO - Processing file /home/airflow/.local/lib/python3.8/site-packages/airflow/example_dags/example_xcom.py for tasks to queue
[2026-08-21T12:06:22.329+0000] {logging_mixin.py:188} INFO - [2026-08-21T12:06:22.328+0000] {dagbag.py:538} INFO - Filling up the DagBag from /home/airflow/.local/lib/python3.8/site-packages/airflow/example_dags/example_xcom.py
[2026-08-21T12:06:22.336+0000] {processor.py:840} INFO - DAG(s) 'example_xcom' retrieved from /home/airflow/.local/lib/python3.8/site-packages/airflow/example_dags/example_xcom.py
[2026-08-21T12:06:22.360+0000] {logging_mixin.py:188} INFO - [2026-08-21T12:06:22.360+0000] {dag.py:3036} INFO - Sync 1 DAGs
[2026-08-21T12:06:22.381+0000] {logging_mixin.py:188} INFO - [2026-08-21T12:06:22.381+0000] {dag.py:3823} INFO - Setting next_dagrun for example_xcom to 2021-01-01 00:00:00+00:00, run_after=2021-01-01 00:00:00+00:00
[2026-08-21T12:06:22.402+0000] {processor.py:183} INFO - Processing /home/airflow/.local/lib/python3.8/site-packages/airflow/example_dags/example_xcom.py took 0.080 seconds
[2026-08-21T12:06:52.847+0000] {processor.py:161} INFO - Started process (PID=3180) to work on /home/airflow/.local/lib/python3.8/site-packages/airflow/example_dags/example_xcom.py
[2026-08-21T12:06:52.849+0000] {processor.py:830} INFO - Processing file /home/airflow/.local/lib/python3.8/site-packages/airflow/example_dags/example_xcom.py for tasks to queue
[2026-08-21T12:06:52.851+0000] {logging_mixin.py:188} INFO - [2026-08-21T12:06:52.850+0000] {dagbag.py:538} INFO - Filling up the DagBag from /home/airflow/.local/lib/python3.8/site-packages/airflow/example_dags/example_xcom.py
[2026-08-21T12:06:52.859+0000] {processor.py:840} INFO - DAG(s) 'example_xcom' retrieved from /home/airflow/.local/lib/python3.8/site-packages/airflow/example_dags/example_xcom.py
[2026-08-21T12:06:52.881+0000] {logging_mixin.py:188} INFO - [2026-08-21T12:06:52.881+0000] {dag.py:3036} INFO - Sync 1 DAGs
[2026-08-21T12:06:52.905+0000] {logging_mixin.py:188} INFO - [2026-08-21T12:06:52.905+0000] {dag.py:3823} INFO - Setting next_dagrun for example_xcom to 2021-01-01 00:00:00+00:00, run_after=2021-01-01 00:00:00+00:00
[2026-08-21T12:06:52.926+0000] {processor.py:183} INFO - Processing /home/airflow/.local/lib/python3.8/site-packages/airflow/example_dags/example_xcom.py took 0.082 seconds
[2026-08-21T12:07:23.418+0000] {processor.py:161} INFO - Started process (PID=3267) to work on /home/airflow/.local/lib/python3.8/site-packages/airflow/example_dags/example_xcom.py
[2026-08-21T12:07:23.419+0000] {processor.py:830} INFO - Processing file /home/airflow/.local/lib/python3.8/site-packages/airflow/example_dags/example_xcom.py for tasks to queue
[2026-08-21T12:07:23.421+0000] {logging_mixin.py:188} INFO - [2026-08-21T12:07:23.421+0000] {dagbag.py:538} INFO - Filling up the DagBag from /home/airflow/.local/lib/python3.8/site-packages/airflow/example_dags/example_xcom.py
[2026-08-21T12:07:23.430+0000] {processor.py:840} INFO - DAG(s) 'example_xcom' retrieved from /home/airflow/.local/lib/python3.8/site-packages/airflow/example_dags/example_xcom.py
[2026-08-21T12:07:23.451+0000] {logging_mixin.py:188} INFO - [2026-08-21T12:07:23.451+0000] {dag.py:3036} INFO - Sync 1 DAGs
[2026-08-21T12:07:23.472+0000] {logging_mixin.py:188} INFO - [2026-08-21T12:07:23.472+0000] {dag.py:3823} INFO - Setting next_dagrun for example_xcom to 2021-01-01 00:00:00+00:00, run_after=2021-01-01 00:00:00+00:00
[2026-08-21T12:07:23.492+0000] {processor.py:183} INFO - Processing /home/airflow/.local/lib/python3.8/site-packages/airflow/example_dags/example_xcom.py took 0.078 seconds
[2026-08-21T12:07:54.739+0000] {processor.py:161} INFO - Started process (PID=3354) to work on /home/airflow/.local/lib/python3.8/site-packages/airflow/example_dags/example_xcom.py
[2026-08-21T12:07:54.741+0000] {processor.py:830} INFO - Processing file /home/airflow/.local/lib/python3.8/site-packages/airflow/example_dags/example_xcom.py for tasks to queue
[2026-08-21T12:07:54.743+0000] {logging_mixin.py:188} INFO - [2026-08-21T12:07:54.742+0000] {dagbag.py:538} INFO - Filling up the DagBag from /home/airflow/.local/lib/python3.8/site-packages/airflow/example_dags/example_xcom.py
[2026-08-21T12:07:54.751+0000] {processor.py:840} INFO - DAG(s) 'example_xcom' retrieved from /home/airflow/.local/lib/python3.8/site-packages/airflow/example_dags/example_xcom.py
[2026-08-21T12:07:54.772+0000] {logging_mixin.py:188} INFO - [2026-08-21T12:07:54.772+0000] {dag.py:3036} INFO - Sync 1 DAGs
[2026-08-21T12:07:54.792+0000] {logging_mixin.py:188} INFO - [2026-08-21T12:07:54.791+0000] {dag.py:3823} INFO - Setting next_dagrun for example_xcom to 2021-01-01 00:00:00+00:00, run_after=2021-01-01 00:00:00+00:00
[2026-08-21T12:07:54.814+0000] {processor.py:183} INFO - Processing /home/airflow/.local/lib/python3.8/site-packages/airflow/example_dags/example_xcom.py took 0.078 seconds
[2026-08-21T12:08:26.256+0000] {processor.py:161} INFO - Started process (PID=3443) to work on /home/airflow/.local/lib/python3.8/site-packages/airflow/example_dags/example_xcom.py
[2026-08-21T12:08:26.258+0000] {processor.py:830} INFO - Processing file /home/airflow/.local/lib/python3.8/site-packages/airflow/example_dags/example_xcom.py for tasks to queue
[2026-08-21T12:08:26.261+0000] {logging_mixin.py:188} INFO - [2026-08-21T12:08:26.261+0000] {dagbag.py:538} INFO - Filling up the DagBag from /home/airflow/.local/lib/python3.8/site-packages/airflow/example_dags/example_xcom.py
[2026-08-21T12:08:26.273+0000] {processor.py:840} INFO - DAG(s) 'example_xcom' retrieved from /home/airflow/.local/lib/python3.8/site-packages/airflow/example_dags/example_xcom.py
[2026-08-21T12:08:26.306+0000] {logging_mixin.py:188} INFO - [2026-08-21T12:08:26.305+0000] {dag.py:3036} INFO - Sync 1 DAGs
[2026-08-21T12:08:26.337+0000] {logging_mixin.py:188} INFO - [2026-08-21T12:08:26.337+0000] {dag.py:3823} INFO - Setting next_dagrun for example_xcom to 2021-01-01 00:00:00+00:00, run_after=2021-01-01 00:00:00+00:00
[2026-08-21T12:08:26.367+0000] {processor.py:183} INFO - Processing /home/airflow/.local/lib/python3.8/site-packages/airflow/example_dags/example_xcom.py took 0.116 seconds
[2026-08-21T12:08:57.747+0000] {processor.py:161} INFO - Started process (PID=3534) to work on /home/airflow/.local/lib/python3.8/site-packages/airflow/example_dags/example_xcom.py
[2026-08-21T12:08:57.749+0000] {processor.py:830} INFO - Processing file /home/airflow/.local/lib/python3.8/site-packages/airflow/example_dags/example_xcom.py for tasks to queue
[2026-08-21T12:08:57.752+0000] {logging_mixin.py:188} INFO - [2026-08-21T12:08:57.752+0000] {dagbag.py:538} INFO - Filling up the DagBag from /home/airflow/.local/lib/python3.8/site-packages/airflow/example_dags/example_xcom.py
[2026-08-21T12:08:57.765+0000] {processor.py:840} INFO - DAG(s) 'example_xcom' retrieved from /home/airflow/.local/lib/python3.8/site-packages/airflow/example_dags/example_xcom.py
[2026-08-21T12:08:57.799+0000] {logging_mixin.py:188} INFO - [2026-08-21T12:08:57.799+0000] {dag.py:3036} INFO - Sync 1 DAGs
[2026-08-21T12:08:57.849+0000] {logging_mixin.py:188} INFO - [2026-08-21T12:08:57.849+0000] {dag.py:3823} INFO - Setting next_dagrun for example_xcom to 2021-01-01 00:00:00+00:00, run_after=2021-01-01 00:00:00+00:00
[2026-08-21T12:08:57.878+0000] {processor.py:183} INFO - Processing /home/airflow/.local/lib/python3.8/site-packages/airflow/example_dags/example_xcom.py took 0.137 seconds
[2026-08-21T12:09:28.129+0000] {processor.py:161} INFO - Started process (PID=3621) to work on /home/airflow/.local/lib/python3.8/site-packages/airflow/example_dags/example_xcom.py
[2026-08-21T12:09:28.131+0000] {processor.py:830} INFO - Processing file /home/airflow/.local/lib/python3.8/site-packages/airflow/example_dags/example_xcom.py for tasks to queue
[2026-08-21T12:09:28.133+0000] {logging_mixin.py:188} INFO - [2026-08-21T12:09:28.133+0000] {dagbag.py:538} INFO - Filling up the DagBag from /home/airflow/.local/lib/python3.8/site-packages/airflow/example_dags/example_xcom.py
[2026-08-21T12:09:28.141+0000] {processor.py:840} INFO - DAG(s) 'example_xcom' retrieved from /home/airflow/.local/lib/python3.8/site-packages/airflow/example_dags/example_xcom.py
[2026-08-21T12:09:28.163+0000] {logging_mixin.py:188} INFO - [2026-08-21T12:09:28.163+0000] {dag.py:3036} INFO - Sync 1 DAGs
[2026-08-21T12:09:28.184+0000] {logging_mixin.py:188} INFO - [2026-08-21T12:09:28.184+0000] {dag.py:3823} INFO - Setting next_dagrun for example_xcom to 2021-01-01 00:00:00+00:00, run_after=2021-01-01 00:00:00+00:00
[2026-08-21T12:09:28.204+0000] {processor.py:183} INFO - Processing /home/airflow/.local/lib/python3.8/site-packages/airflow/example_dags/example_xcom.py took 0.081 seconds
[2026-08-21T12:09:58.560+0000] {processor.py:161} INFO - Started process (PID=3708) to work on /home/airflow/.local/lib/python3.8/site-packages/airflow/example_dags/example_xcom.py
[2026-08-21T12:09:58.562+0000] {processor.py:830} INFO - Processing file /home/airflow/.local/lib/python3.8/site-packages/airflow/example_dags/example_xcom.py for tasks to queue
[2026-08-21T12:09:58.565+0000] {logging_mixin.py:188} INFO - [2026-08-21T12:09:58.564+0000] {dagbag.py:538} INFO - Filling up the DagBag from /home/airflow/.local/lib/python3.8/site-packages/airflow/example_dags/example_xcom.py
[2026-08-21T12:09:58.572+0000] {processor.py:840} INFO - DAG(s) 'example_xcom' retrieved from /home/airflow/.local/lib/python3.8/site-packages/airflow/example_dags/example_xcom.py
[2026-08-21T12:09:58.595+0000] {logging_mixin.py:188} INFO - [2026-08-21T12:09:58.594+0000] {dag.py:3036} INFO - Sync 1 DAGs
[2026-08-21T12:09:58.618+0000] {logging_mixin.py:188} INFO - [2026-08-21T12:09:58.618+0000] {dag.py:3823} INFO - Setting next_dagrun for example_xcom to 2021-01-01 00:00:00+00:00, run_after=2021-01-01 00:00:00+00:00
[2026-08-21T12:09:58.637+0000] {processor.py:183} INFO - Processing /home/airflow/.local/lib/python3.8/site-packages/airflow/example_dags/example_xcom.py took 0.081 seconds
[2026-08-21T12:10:30.141+0000] {processor.py:161} INFO - Started process (PID=3799) to work on /home/airflow/.local/lib/python3.8/site-packages/airflow/example_dags/example_xcom.py
[2026-08-21T12:10:30.143+0000] {processor.py:830} INFO - Processing file /home/airflow/.local/lib/python3.8/site-packages/airflow/example_dags/example_xcom.py for tasks to queue
[2026-08-21T12:10:30.146+0000] {logging_mixin.py:188} INFO - [2026-08-21T12:10:30.145+0000] {dagbag.py:538} INFO - Filling up the DagBag from /home/airflow/.local/lib/python3.8/site-packages/airflow/example_dags/example_xcom.py
[2026-08-21T12:10:30.157+0000] {processor.py:840} INFO - DAG(s) 'example_xcom' retrieved from /home/airflow/.local/lib/python3.8/site-packages/airflow/example_dags/example_xcom.py
[2026-08-21T12:10:30.183+0000] {logging_mixin.py:188} INFO - [2026-08-21T12:10:30.183+0000] {dag.py:3036} INFO - Sync 1 DAGs
[2026-08-21T12:10:30.207+0000] {logging_mixin.py:188} INFO - [2026-08-21T12:10:30.207+0000] {dag.py:3823} INFO - Setting next_dagrun for example_xcom to 2021-01-01 00:00:00+00:00, run_after=2021-01-01 00:00:00+00:00
[2026-08-21T12:10:30.231+0000] {processor.py:183} INFO - Processing /home/airflow/.local/lib/python3.8/site-packages/airflow/example_dags/example_xcom.py took 0.095 seconds
[2026-08-21T12:11:00.666+0000] {processor.py:161} INFO - Started process (PID=3887) to work on /home/airflow/.local/lib/python3.8/site-packages/airflow/example_dags/example_xcom.py
[2026-08-21T12:11:00.667+0000] {processor.py:830} INFO - Processing file /home/airflow/.local/lib/python3.8/site-packages/airflow/example_dags/example_xcom.py for tasks to queue
[2026-08-21T12:11:00.670+0000] {logging_mixin.py:188} INFO - [2026-08-21T12:11:00.669+0000] {dagbag.py:538} INFO - Filling up the DagBag from /home/airflow/.local/lib/python3.8/site-packages/airflow/example_dags/example_xcom.py
[2026-08-21T12:11:00.679+0000] {processor.py:840} INFO - DAG(s) 'example_xcom' retrieved from /home/airflow/.local/lib/python3.8/site-packages/airflow/example_dags/example_xcom.py
[2026-08-21T12:11:00.706+0000] {logging_mixin.py:188} INFO - [2026-08-21T12:11:00.706+0000] {dag.py:3036} INFO - Sync 1 DAGs
[2026-08-21T12:11:00.729+0000] {logging_mixin.py:188} INFO - [2026-08-21T12:11:00.729+0000] {dag.py:3823} INFO - Setting next_dagrun for example_xcom to 2021-01-01 00:00:00+00:00, run_after=2021-01-01 00:00:00+00:00
[2026-08-21T12:11:00.749+0000] {processor.py:183} INFO - Processing /home/airflow/.local/lib/python3.8/site-packages/airflow/example_dags/example_xcom.py took 0.087 seconds
[2026-08-21T12:11:31.894+0000] {processor.py:161} INFO - Started process (PID=3974) to work on /home/airflow/.local/lib/python3.8/site-packages/airflow/example_dags/example_xcom.py
[2026-08-21T12:11:31.896+0000] {processor.py:830} INFO - Processing file /home/airflow/.local/lib/python3.8/site-packages/airflow/example_dags/example_xcom.py for tasks to queue
[2026-08-21T12:11:31.898+0000] {logging_mixin.py:188} INFO - [2026-08-21T12:11:31.898+0000] {dagbag.py:538} INFO - Filling up the DagBag from /home/airflow/.local/lib/python3.8/site-packages/airflow/example_dags/example_xcom.py
[2026-08-21T12:11:31.906+0000] {processor.py:840} INFO - DAG(s) 'example_xcom' retrieved from /home/airflow/.local/lib/python3.8/site-packages/airflow/example_dags/example_xcom.py
[2026-08-21T12:11:31.928+0000] {logging_mixin.py:188} INFO - [2026-08-21T12:11:31.927+0000] {dag.py:3036} INFO - Sync 1 DAGs
[2026-08-21T12:11:31.947+0000] {logging_mixin.py:188} INFO - [2026-08-21T12:11:31.947+0000] {dag.py:3823} INFO - Setting next_dagrun for example_xcom to 2021-01-01 00:00:00+00:00, run_after=2021-01-01 00:00:00+00:00
[2026-08-21T12:11:31.966+0000] {processor.py:183} INFO - Processing /home/airflow/.local/lib/python3.8/site-packages/airflow/example_dags/example_xcom.py took 0.075 seconds
[2026-08-21T12:12:02.577+0000] {processor.py:161} INFO - Started process (PID=4061) to work on /home/airflow/.local/lib/python3.8/site-packages/airflow/example_dags/example_xcom.py
[2026-08-21T12:12:02.578+0000] {processor.py:830} INFO - Processing file /home/airflow/.local/lib/python3.8/site-packages/airflow/example_dags/example_xcom.py for tasks to queue
[2026-08-21T12:12:02.580+0000] {logging_mixin.py:188} INFO - [2026-08-21T12:12:02.580+0000] {dagbag.py:538} INFO - Filling up the DagBag from /home/airflow/.local/lib/python3.8/site-packages/airflow/example_dags/example_xcom.py
[2026-08-21T12:12:02.588+0000] {processor.py:840} INFO - DAG(s) 'example_xcom' retrieved from /home/airflow/.local/lib/python3.8/site-packages/airflow/example_dags/example_xcom.py
[2026-08-21T12:12:02.611+0000] {logging_mixin.py:188} INFO - [2026-08-21T12:12:02.611+0000] {dag.py:3036} INFO - Sync 1 DAGs
[2026-08-21T12:12:02.636+0000] {logging_mixin.py:188} INFO - [2026-08-21T12:12:02.635+0000] {dag.py:3823} INFO - Setting next_dagrun for example_xcom to 2021-01-01 00:00:00+00:00, run_after=2021-01-01 00:00:00+00:00
[2026-08-21T12:12:02.658+0000] {processor.py:183} INFO - Processing /home/airflow/.local/lib/python3.8/site-packages/airflow/example_dags/example_xcom.py took 0.085 seconds
[2026-08-21T12:12:33.495+0000] {processor.py:161} INFO - Started process (PID=4148) to work on /home/airflow/.local/lib/python3.8/site-packages/airflow/example_dags/example_xcom.py
[2026-08-21T12:12:33.496+0000] {processor.py:830} INFO - Processing file /home/airflow/.local/lib/python3.8/site-packages/airflow/example_dags/example_xcom.py for tasks to queue
[2026-08-21T12:12:33.499+0000] {logging_mixin.py:188} INFO - [2026-08-21T12:12:33.498+0000] {dagbag.py:538} INFO - Filling up the DagBag from /home/airflow/.local/lib/python3.8/site-packages/airflow/example_dags/example_xcom.py
[2026-08-21T12:12:33.507+0000] {processor.py:840} INFO - DAG(s) 'example_xcom' retrieved from /home/airflow/.local/lib/python3.8/site-packages/airflow/example_dags/example_xcom.py
[2026-08-21T12:12:33.528+0000] {logging_mixin.py:188} INFO - [2026-08-21T12:12:33.527+0000] {dag.py:3036} INFO - Sync 1 DAGs
[2026-08-21T12:12:33.547+0000] {logging_mixin.py:188} INFO - [2026-08-21T12:12:33.547+0000] {dag.py:3823} INFO - Setting next_dagrun for example_xcom to 2021-01-01 00:00:00+00:00, run_after=2021-01-01 00:00:00+00:00
[2026-08-21T12:12:33.566+0000] {processor.py:183} INFO - Processing /home/airflow/.local/lib/python3.8/site-packages/airflow/example_dags/example_xcom.py took 0.075 seconds
[2026-08-21T12:13:04.064+0000] {processor.py:161} INFO - Started process (PID=4235) to work on /home/airflow/.local/lib/python3.8/site-packages/airflow/example_dags/example_xcom.py
[2026-08-21T12:13:04.065+0000] {processor.py:830} INFO - Processing file /home/airflow/.local/lib/python3.8/site-packages/airflow/example_dags/example_xcom.py for tasks to queue
[2026-08-21T12:13:04.068+0000] {logging_mixin.py:188} INFO - [2026-08-21T12:13:04.067+0000] {dagbag.py:538} INFO - Filling up the DagBag from /home/airflow/.local/lib/python3.8/site-packages/airflow/example_dags/example_xcom.py
[2026-08-21T12:13:04.075+0000] {processor.py:840} INFO - DAG(s) 'example_xcom' retrieved from /home/airflow/.local/lib/python3.8/site-packages/airflow/example_dags/example_xcom.py
[2026-08-21T12:13:04.096+0000] {logging_mixin.py:188} INFO - [2026-08-21T12:13:04.096+0000] {dag.py:3036} INFO - Sync 1 DAGs
[2026-08-21T12:13:04.115+0000] {logging_mixin.py:188} INFO - [2026-08-21T12:13:04.115+0000] {dag.py:3823} INFO - Setting next_dagrun for example_xcom to 2021-01-01 00:00:00+00:00, run_after=2021-01-01 00:00:00+00:00
[2026-08-21T12:13:04.133+0000] {processor.py:183} INFO - Processing /home/airflow/.local/lib/python3.8/site-packages/airflow/example_dags/example_xcom.py took 0.073 seconds
[2026-08-21T12:13:34.518+0000] {processor.py:161} INFO - Started process (PID=4322) to work on /home/airflow/.local/lib/python3.8/site-packages/airflow/example_dags/example_xcom.py
[2026-08-21T12:13:34.520+0000] {processor.py:830} INFO - Processing file /home/airflow/.local/lib/python3.8/site-packages/airflow/example_dags/example_xcom.py for tasks to queue
[2026-08-21T12:13:34.522+0000] {logging_mixin.py:188} INFO - [2026-08-21T12:13:34.522+0000] {dagbag.py:538} INFO - Filling up the DagBag from /home/airflow/.local/lib/python3.8/site-packages/airflow/example_dags/example_xcom.py
[2026-08-21T12:13:34.530+0000] {processor.py:840} INFO - DAG(s) 'example_xcom' retrieved from /home/airflow/.local/lib/python3.8/site-packages/airflow/example_dags/example_xcom.py
[2026-08-21T12:13:34.551+0000] {logging_mixin.py:188} INFO - [2026-08-21T12:13:34.551+0000] {dag.py:3036} INFO - Sync 1 DAGs
[2026-08-21T12:13:34.573+0000] {logging_mixin.py:188} INFO - [2026-08-21T12:13:34.572+0000] {dag.py:3823} INFO - Setting next_dagrun for example_xcom to 2021-01-01 00:00:00+00:00, run_after=2021-01-01 00:00:00+00:00
[2026-08-21T12:13:34.597+0000] {processor.py:183} INFO - Processing /home/airflow/.local/lib/python3.8/site-packages/airflow/example_dags/example_xcom.py took 0.082 seconds
[2026-08-21T12:14:06.207+0000] {processor.py:161} INFO - Started process (PID=4410) to work on /home/airflow/.local/lib/python3.8/site-packages/airflow/example_dags/example_xcom.py
[2026-08-21T12:14:06.209+0000] {processor.py:830} INFO - Processing file /home/airflow/.local/lib/python3.8/site-packages/airflow/example_dags/example_xcom.py for tasks to queue
[2026-08-21T12:14:06.212+0000] {logging_mixin.py:188} INFO - [2026-08-21T12:14:06.212+0000] {dagbag.py:538} INFO - Filling up the DagBag from /home/airflow/.local/lib/python3.8/site-packages/airflow/example_dags/example_xcom.py
[2026-08-21T12:14:06.222+0000] {processor.py:840} INFO - DAG(s) 'example_xcom' retrieved from /home/airflow/.local/lib/python3.8/site-packages/airflow/example_dags/example_xcom.py
[2026-08-21T12:14:06.251+0000] {logging_mixin.py:188} INFO - [2026-08-21T12:14:06.251+0000] {dag.py:3036} INFO - Sync 1 DAGs
[2026-08-21T12:14:06.280+0000] {logging_mixin.py:188} INFO - [2026-08-21T12:14:06.280+0000] {dag.py:3823} INFO - Setting next_dagrun for example_xcom to 2021-01-01 00:00:00+00:00, run_after=2021-01-01 00:00:00+00:00
[2026-08-21T12:14:06.307+0000] {processor.py:183} INFO - Processing /home/airflow/.local/lib/python3.8/site-packages/airflow/example_dags/example_xcom.py took 0.103 seconds
[2026-08-21T12:14:36.926+0000] {processor.py:161} INFO - Started process (PID=4497) to work on /home/airflow/.local/lib/python3.8/site-packages/airflow/example_dags/example_xcom.py
[2026-08-21T12:14:36.927+0000] {processor.py:830} INFO - Processing file /home/airflow/.local/lib/python3.8/site-packages/airflow/example_dags/example_xcom.py for tasks to queue
[2026-08-21T12:14:36.930+0000] {logging_mixin.py:188} INFO - [2026-08-21T12:14:36.929+0000] {dagbag.py:538} INFO - Filling up the DagBag from /home/airflow/.local/lib/python3.8/site-packages/airflow/example_dags/example_xcom.py
[2026-08-21T12:14:36.942+0000] {processor.py:840} INFO - DAG(s) 'example_xcom' retrieved from /home/airflow/.local/lib/python3.8/site-packages/airflow/example_dags/example_xcom.py
[2026-08-21T12:14:36.974+0000] {logging_mixin.py:188} INFO - [2026-08-21T12:14:36.974+0000] {dag.py:3036} INFO - Sync 1 DAGs
[2026-08-21T12:14:37.006+0000] {logging_mixin.py:188} INFO - [2026-08-21T12:14:37.004+0000] {dag.py:3823} INFO - Setting next_dagrun for example_xcom to 2021-01-01 00:00:00+00:00, run_after=2021-01-01 00:00:00+00:00
[2026-08-21T12:14:37.032+0000] {processor.py:183} INFO - Processing /home/airflow/.local/lib/python3.8/site-packages/airflow/example_dags/example_xcom.py took 0.111 seconds
[2026-08-21T12:15:07.819+0000] {processor.py:161} INFO - Started process (PID=4584) to work on /home/airflow/.local/lib/python3.8/site-packages/airflow/example_dags/example_xcom.py
[2026-08-21T12:15:07.820+0000] {processor.py:830} INFO - Processing file /home/airflow/.local/lib/python3.8/site-packages/airflow/example_dags/example_xcom.py for tasks to queue
[2026-08-21T12:15:07.822+0000] {logging_mixin.py:188} INFO - [2026-08-21T12:15:07.822+0000] {dagbag.py:538} INFO - Filling up the DagBag from /home/airflow/.local/lib/python3.8/site-packages/airflow/example_dags/example_xcom.py
[2026-08-21T12:15:07.830+0000] {processor.py:840} INFO - DAG(s) 'example_xcom' retrieved from /home/airflow/.local/lib/python3.8/site-packages/airflow/example_dags/example_xcom.py
[2026-08-21T12:15:07.853+0000] {logging_mixin.py:188} INFO - [2026-08-21T12:15:07.853+0000] {dag.py:3036} INFO - Sync 1 DAGs
[2026-08-21T12:15:07.876+0000] {logging_mixin.py:188} INFO - [2026-08-21T12:15:07.876+0000] {dag.py:3823} INFO - Setting next_dagrun for example_xcom to 2021-01-01 00:00:00+00:00, run_after=2021-01-01 00:00:00+00:00
[2026-08-21T12:15:07.897+0000] {processor.py:183} INFO - Processing /home/airflow/.local/lib/python3.8/site-packages/airflow/example_dags/example_xcom.py took 0.082 seconds
[2026-08-21T12:15:38.096+0000] {processor.py:161} INFO - Started process (PID=4671) to work on /home/airflow/.local/lib/python3.8/site-packages/airflow/example_dags/example_xcom.py
[2026-08-21T12:15:38.098+0000] {processor.py:830} INFO - Processing file /home/airflow/.local/lib/python3.8/site-packages/airflow/example_dags/example_xcom.py for tasks to queue
[2026-08-21T12:15:38.100+0000] {logging_mixin.py:188} INFO - [2026-08-21T12:15:38.100+0000] {dagbag.py:538} INFO - Filling up the DagBag from /home/airflow/.local/lib/python3.8/site-packages/airflow/example_dags/example_xcom.py
[2026-08-21T12:15:38.108+0000] {processor.py:840} INFO - DAG(s) 'example_xcom' retrieved from /home/airflow/.local/lib/python3.8/site-packages/airflow/example_dags/example_xcom.py
[2026-08-21T12:15:38.131+0000] {logging_mixin.py:188} INFO - [2026-08-21T12:15:38.131+0000] {dag.py:3036} INFO - Sync 1 DAGs
[2026-08-21T12:15:38.153+0000] {logging_mixin.py:188} INFO - [2026-08-21T12:15:38.152+0000] {dag.py:3823} INFO - Setting next_dagrun for example_xcom to 2021-01-01 00:00:00+00:00, run_after=2021-01-01 00:00:00+00:00
[2026-08-21T12:15:38.172+0000] {processor.py:183} INFO - Processing /home/airflow/.local/lib/python3.8/site-packages/airflow/example_dags/example_xcom.py took 0.080 seconds
[2026-08-21T12:16:08.556+0000] {processor.py:161} INFO - Started process (PID=4756) to work on /home/airflow/.local/lib/python3.8/site-packages/airflow/example_dags/example_xcom.py
[2026-08-21T12:16:08.557+0000] {processor.py:830} INFO - Processing file /home/airflow/.local/lib/python3.8/site-packages/airflow/example_dags/example_xcom.py for tasks to queue
[2026-08-21T12:16:08.559+0000] {logging_mixin.py:188} INFO - [2026-08-21T12:16:08.559+0000] {dagbag.py:538} INFO - Filling up the DagBag from /home/airflow/.local/lib/python3.8/site-packages/airflow/example_dags/example_xcom.py
[2026-08-21T12:16:08.568+0000] {processor.py:840} INFO - DAG(s) 'example_xcom' retrieved from /home/airflow/.local/lib/python3.8/site-packages/airflow/example_dags/example_xcom.py
[2026-08-21T12:16:08.589+0000] {logging_mixin.py:188} INFO - [2026-08-21T12:16:08.588+0000] {dag.py:3036} INFO - Sync 1 DAGs
[2026-08-21T12:16:08.610+0000] {logging_mixin.py:188} INFO - [2026-08-21T12:16:08.610+0000] {dag.py:3823} INFO - Setting next_dagrun for example_xcom to 2021-01-01 00:00:00+00:00, run_after=2021-01-01 00:00:00+00:00
[2026-08-21T12:16:08.630+0000] {processor.py:183} INFO - Processing /home/airflow/.local/lib/python3.8/site-packages/airflow/example_dags/example_xcom.py took 0.079 seconds
[2026-08-21T12:16:40.189+0000] {processor.py:161} INFO - Started process (PID=4844) to work on /home/airflow/.local/lib/python3.8/site-packages/airflow/example_dags/example_xcom.py
[2026-08-21T12:16:40.190+0000] {processor.py:830} INFO - Processing file /home/airflow/.local/lib/python3.8/site-packages/airflow/example_dags/example_xcom.py for tasks to queue
[2026-08-21T12:16:40.193+0000] {logging_mixin.py:188} INFO - [2026-08-21T12:16:40.192+0000] {dagbag.py:538} INFO - Filling up the DagBag from /home/airflow/.local/lib/python3.8/site-packages/airflow/example_dags/example_xcom.py
[2026-08-21T12:16:40.201+0000] {processor.py:840} INFO - DAG(s) 'example_xcom' retrieved from /home/airflow/.local/lib/python3.8/site-packages/airflow/example_dags/example_xcom.py
[2026-08-21T12:16:40.222+0000] {logging_mixin.py:188} INFO - [2026-08-21T12:16:40.222+0000] {dag.py:3036} INFO - Sync 1 DAGs
[2026-08-21T12:16:40.245+0000] {logging_mixin.py:188} INFO - [2026-08-21T12:16:40.245+0000] {dag.py:3823} INFO - Setting next_dagrun for example_xcom to 2021-01-01 00:00:00+00:00, run_after=2021-01-01 00:00:00+00:00
[2026-08-21T12:16:40.265+0000] {processor.py:183} INFO - Processing /home/airflow/.local/lib/python3.8/site-packages/airflow/example_dags/example_xcom.py took 0.079 seconds
[2026-08-21T12:17:10.542+0000] {processor.py:161} INFO - Started process (PID=4931) to work on /home/airflow/.local/lib/python3.8/site-packages/airflow/example_dags/example_xcom.py
[2026-08-21T12:17:10.543+0000] {processor.py:830} INFO - Processing file /home/airflow/.local/lib/python3.8/site-packages/airflow/example_dags/example_xcom.py for tasks to queue
[2026-08-21T12:17:10.545+0000] {logging_mixin.py:188} INFO - [2026-08-21T12:17:10.545+0000] {dagbag.py:538} INFO - Filling up the DagBag from /home/airflow/.local/lib/python3.8/site-packages/airflow/example_dags/example_xcom.py
[2026-08-21T12:17:10.553+0000] {processor.py:840} INFO - DAG(s) 'example_xcom' retrieved from /home/airflow/.local/lib/python3.8/site-packages/airflow/example_dags/example_xcom.py
[2026-08-21T12:17:10.578+0000] {logging_mixin.py:188} INFO - [2026-08-21T12:17:10.578+0000] {dag.py:3036} INFO - Sync 1 DAGs
[2026-08-21T12:17:10.605+0000] {logging_mixin.py:188} INFO - [2026-08-21T12:17:10.604+0000] {dag.py:3823} INFO - Setting next_dagrun for example_xcom to 2021-01-01 00:00:00+00:00, run_after=2021-01-01 00:00:00+00:00
[2026-08-21T12:17:10.630+0000] {processor.py:183} INFO - Processing /home/airflow/.local/lib/python3.8/site-packages/airflow/example_dags/example_xcom.py took 0.091 seconds
[2026-08-21T12:17:40.711+0000] {processor.py:161} INFO - Started process (PID=5018) to work on /home/airflow/.local/lib/python3.8/site-packages/airflow/example_dags/example_xcom.py
[2026-08-21T12:17:40.717+0000] {processor.py:830} INFO - Processing file /home/airflow/.local/lib/python3.8/site-packages/airflow/example_dags/example_xcom.py for tasks to queue
[2026-08-21T12:17:40.720+0000] {logging_mixin.py:188} INFO - [2026-08-21T12:17:40.720+0000] {dagbag.py:538} INFO - Filling up the DagBag from /home/airflow/.local/lib/python3.8/site-packages/airflow/example_dags/example_xcom.py
[2026-08-21T12:17:40.728+0000] {processor.py:840} INFO - DAG(s) 'example_xcom' retrieved from /home/airflow/.local/lib/python3.8/site-packages/airflow/example_dags/example_xcom.py
[2026-08-21T12:17:40.749+0000] {logging_mixin.py:188} INFO - [2026-08-21T12:17:40.749+0000] {dag.py:3036} INFO - Sync 1 DAGs
[2026-08-21T12:17:40.770+0000] {logging_mixin.py:188} INFO - [2026-08-21T12:17:40.770+0000] {dag.py:3823} INFO - Setting next_dagrun for example_xcom to 2021-01-01 00:00:00+00:00, run_after=2021-01-01 00:00:00+00:00
[2026-08-21T12:17:40.789+0000] {processor.py:183} INFO - Processing /home/airflow/.local/lib/python3.8/site-packages/airflow/example_dags/example_xcom.py took 0.082 seconds
[2026-08-21T12:18:12.308+0000] {processor.py:161} INFO - Started process (PID=5105) to work on /home/airflow/.local/lib/python3.8/site-packages/airflow/example_dags/example_xcom.py
[2026-08-21T12:18:12.309+0000] {processor.py:830} INFO - Processing file /home/airflow/.local/lib/python3.8/site-packages/airflow/example_dags/example_xcom.py for tasks to queue
[2026-08-21T12:18:12.312+0000] {logging_mixin.py:188} INFO - [2026-08-21T12:18:12.311+0000] {dagbag.py:538} INFO - Filling up the DagBag from /home/airflow/.local/lib/python3.8/site-packages/airflow/example_dags/example_xcom.py
[2026-08-21T12:18:12.319+0000] {processor.py:840} INFO - DAG(s) 'example_xcom' retrieved from /home/airflow/.local/lib/python3.8/site-packages/airflow/example_dags/example_xcom.py
[2026-08-21T12:18:12.340+0000] {logging_mixin.py:188} INFO - [2026-08-21T12:18:12.340+0000] {dag.py:3036} INFO - Sync 1 DAGs
[2026-08-21T12:18:12.360+0000] {logging_mixin.py:188} INFO - [2026-08-21T12:18:12.360+0000] {dag.py:3823} INFO - Setting next_dagrun for example_xcom to 2021-01-01 00:00:00+00:00, run_after=2021-01-01 00:00:00+00:00
[2026-08-21T12:18:12.381+0000] {processor.py:183} INFO - Processing /home/airflow/.local/lib/python3.8/site-packages/airflow/example_dags/example_xcom.py took 0.077 seconds
[2026-08-21T12:18:42.865+0000] {processor.py:161} INFO - Started process (PID=5192) to work on /home/airflow/.local/lib/python3.8/site-packages/airflow/example_dags/example_xcom.py
[2026-08-21T12:18:42.867+0000] {processor.py:830} INFO - Processing file /home/airflow/.local/lib/python3.8/site-packages/airflow/example_dags/example_xcom.py for tasks to queue
[2026-08-21T12:18:42.869+0000] {logging_mixin.py:188} INFO - [2026-08-21T12:18:42.869+0000] {dagbag.py:538} INFO - Filling up the DagBag from /home/airflow/.local/lib/python3.8/site-packages/airflow/example_dags/example_xcom.py
[2026-08-21T12:18:42.879+0000] {processor.py:840} INFO - DAG(s) 'example_xcom' retrieved from /home/airflow/.local/lib/python3.8/site-packages/airflow/example_dags/example_xcom.py
[2026-08-21T12:18:42.903+0000] {logging_mixin.py:188} INFO - [2026-08-21T12:18:42.903+0000] {dag.py:3036} INFO - Sync 1 DAGs
[2026-08-21T12:18:42.927+0000] {logging_mixin.py:188} INFO - [2026-08-21T12:18:42.927+0000] {dag.py:3823} INFO - Setting next_dagrun for example_xcom to 2021-01-01 00:00:00+00:00, run_after=2021-01-01 00:00:00+00:00
[2026-08-21T12:18:42.955+0000] {processor.py:183} INFO - Processing /home/airflow/.local/lib/python3.8/site-packages/airflow/example_dags/example_xcom.py took 0.094 seconds
[2026-08-21T12:19:13.438+0000] {processor.py:161} INFO - Started process (PID=5279) to work on /home/airflow/.local/lib/python3.8/site-packages/airflow/example_dags/example_xcom.py
[2026-08-21T12:19:13.440+0000] {processor.py:830} INFO - Processing file /home/airflow/.local/lib/python3.8/site-packages/airflow/example_dags/example_xcom.py for tasks to queue
[2026-08-21T12:19:13.443+0000] {logging_mixin.py:188} INFO - [2026-08-21T12:19:13.442+0000] {dagbag.py:538} INFO - Filling up the DagBag from /home/airflow/.local/lib/python3.8/site-packages/airflow/example_dags/example_xcom.py
[2026-08-21T12:19:13.457+0000] {processor.py:840} INFO - DAG(s) 'example_xcom' retrieved from /home/airflow/.local/lib/python3.8/site-packages/airflow/example_dags/example_xcom.py
[2026-08-21T12:19:13.490+0000] {logging_mixin.py:188} INFO - [2026-08-21T12:19:13.490+0000] {dag.py:3036} INFO - Sync 1 DAGs
[2026-08-21T12:19:13.514+0000] {logging_mixin.py:188} INFO - [2026-08-21T12:19:13.513+0000] {dag.py:3823} INFO - Setting next_dagrun for example_xcom to 2021-01-01 00:00:00+00:00, run_after=2021-01-01 00:00:00+00:00
[2026-08-21T12:19:13.537+0000] {processor.py:183} INFO - Processing /home/airflow/.local/lib/python3.8/site-packages/airflow/example_dags/example_xcom.py took 0.103 seconds
[2026-08-21T12:19:43.755+0000] {processor.py:161} INFO - Started process (PID=5366) to work on /home/airflow/.local/lib/python3.8/site-packages/airflow/example_dags/example_xcom.py
[2026-08-21T12:19:43.756+0000] {processor.py:830} INFO - Processing file /home/airflow/.local/lib/python3.8/site-packages/airflow/example_dags/example_xcom.py for tasks to queue
[2026-08-21T12:19:43.759+0000] {logging_mixin.py:188} INFO - [2026-08-21T12:19:43.759+0000] {dagbag.py:538} INFO - Filling up the DagBag from /home/airflow/.local/lib/python3.8/site-packages/airflow/example_dags/example_xcom.py
[2026-08-21T12:19:43.768+0000] {processor.py:840} INFO - DAG(s) 'example_xcom' retrieved from /home/airflow/.local/lib/python3.8/site-packages/airflow/example_dags/example_xcom.py
[2026-08-21T12:19:43.794+0000] {logging_mixin.py:188} INFO - [2026-08-21T12:19:43.794+0000] {dag.py:3036} INFO - Sync 1 DAGs
[2026-08-21T12:19:43.826+0000] {logging_mixin.py:188} INFO - [2026-08-21T12:19:43.825+0000] {dag.py:3823} INFO - Setting next_dagrun for example_xcom to 2021-01-01 00:00:00+00:00, run_after=2021-01-01 00:00:00+00:00
[2026-08-21T12:19:43.861+0000] {processor.py:183} INFO - Processing /home/airflow/.local/lib/python3.8/site-packages/airflow/example_dags/example_xcom.py took 0.111 seconds
[2026-08-21T12:20:19.238+0000] {processor.py:161} INFO - Started process (PID=5459) to work on /home/airflow/.local/lib/python3.8/site-packages/airflow/example_dags/example_xcom.py
[2026-08-21T12:20:19.271+0000] {processor.py:830} INFO - Processing file /home/airflow/.local/lib/python3.8/site-packages/airflow/example_dags/example_xcom.py for tasks to queue
[2026-08-21T12:20:19.275+0000] {logging_mixin.py:188} INFO - [2026-08-21T12:20:19.274+0000] {dagbag.py:538} INFO - Filling up the DagBag from /home/airflow/.local/lib/python3.8/site-packages/airflow/example_dags/example_xcom.py
[2026-08-21T12:20:19.322+0000] {processor.py:840} INFO - DAG(s) 'example_xcom' retrieved from /home/airflow/.local/lib/python3.8/site-packages/airflow/example_dags/example_xcom.py
[2026-08-21T12:20:19.410+0000] {logging_mixin.py:188} INFO - [2026-08-21T12:20:19.405+0000] {dag.py:3036} INFO - Sync 1 DAGs
[2026-08-21T12:20:19.493+0000] {logging_mixin.py:188} INFO - [2026-08-21T12:20:19.493+0000] {dag.py:3823} INFO - Setting next_dagrun for example_xcom to 2021-01-01 00:00:00+00:00, run_after=2021-01-01 00:00:00+00:00
[2026-08-21T12:20:19.573+0000] {processor.py:183} INFO - Processing /home/airflow/.local/lib/python3.8/site-packages/airflow/example_dags/example_xcom.py took 0.353 seconds
[2026-08-21T12:20:52.912+0000] {processor.py:161} INFO - Started process (PID=5546) to work on /home/airflow/.local/lib/python3.8/site-packages/airflow/example_dags/example_xcom.py
[2026-08-21T12:20:52.918+0000] {processor.py:830} INFO - Processing file /home/airflow/.local/lib/python3.8/site-packages/airflow/example_dags/example_xcom.py for tasks to queue
[2026-08-21T12:20:52.937+0000] {logging_mixin.py:188} INFO - [2026-08-21T12:20:52.934+0000] {dagbag.py:538} INFO - Filling up the DagBag from /home/airflow/.local/lib/python3.8/site-packages/airflow/example_dags/example_xcom.py
[2026-08-21T12:20:53.000+0000] {processor.py:840} INFO - DAG(s) 'example_xcom' retrieved from /home/airflow/.local/lib/python3.8/site-packages/airflow/example_dags/example_xcom.py
[2026-08-21T12:20:53.081+0000] {logging_mixin.py:188} INFO - [2026-08-21T12:20:53.081+0000] {dag.py:3036} INFO - Sync 1 DAGs
[2026-08-21T12:20:53.191+0000] {logging_mixin.py:188} INFO - [2026-08-21T12:20:53.190+0000] {dag.py:3823} INFO - Setting next_dagrun for example_xcom to 2021-01-01 00:00:00+00:00, run_after=2021-01-01 00:00:00+00:00
[2026-08-21T12:20:53.286+0000] {processor.py:183} INFO - Processing /home/airflow/.local/lib/python3.8/site-packages/airflow/example_dags/example_xcom.py took 0.387 seconds
[2026-08-21T12:21:23.434+0000] {processor.py:161} INFO - Started process (PID=5633) to work on /home/airflow/.local/lib/python3.8/site-packages/airflow/example_dags/example_xcom.py
[2026-08-21T12:21:23.436+0000] {processor.py:830} INFO - Processing file /home/airflow/.local/lib/python3.8/site-packages/airflow/example_dags/example_xcom.py for tasks to queue
[2026-08-21T12:21:23.440+0000] {logging_mixin.py:188} INFO - [2026-08-21T12:21:23.439+0000] {dagbag.py:538} INFO - Filling up the DagBag from /home/airflow/.local/lib/python3.8/site-packages/airflow/example_dags/example_xcom.py
[2026-08-21T12:21:23.450+0000] {processor.py:840} INFO - DAG(s) 'example_xcom' retrieved from /home/airflow/.local/lib/python3.8/site-packages/airflow/example_dags/example_xcom.py
[2026-08-21T12:21:23.485+0000] {logging_mixin.py:188} INFO - [2026-08-21T12:21:23.484+0000] {dag.py:3036} INFO - Sync 1 DAGs
[2026-08-21T12:21:23.519+0000] {logging_mixin.py:188} INFO - [2026-08-21T12:21:23.518+0000] {dag.py:3823} INFO - Setting next_dagrun for example_xcom to 2021-01-01 00:00:00+00:00, run_after=2021-01-01 00:00:00+00:00
[2026-08-21T12:21:23.775+0000] {processor.py:183} INFO - Processing /home/airflow/.local/lib/python3.8/site-packages/airflow/example_dags/example_xcom.py took 0.347 seconds
[2026-08-21T12:21:53.999+0000] {processor.py:161} INFO - Started process (PID=5720) to work on /home/airflow/.local/lib/python3.8/site-packages/airflow/example_dags/example_xcom.py
[2026-08-21T12:21:54.001+0000] {processor.py:830} INFO - Processing file /home/airflow/.local/lib/python3.8/site-packages/airflow/example_dags/example_xcom.py for tasks to queue
[2026-08-21T12:21:54.004+0000] {logging_mixin.py:188} INFO - [2026-08-21T12:21:54.003+0000] {dagbag.py:538} INFO - Filling up the DagBag from /home/airflow/.local/lib/python3.8/site-packages/airflow/example_dags/example_xcom.py
[2026-08-21T12:21:54.012+0000] {processor.py:840} INFO - DAG(s) 'example_xcom' retrieved from /home/airflow/.local/lib/python3.8/site-packages/airflow/example_dags/example_xcom.py
[2026-08-21T12:21:54.035+0000] {logging_mixin.py:188} INFO - [2026-08-21T12:21:54.035+0000] {dag.py:3036} INFO - Sync 1 DAGs
[2026-08-21T12:21:54.079+0000] {logging_mixin.py:188} INFO - [2026-08-21T12:21:54.079+0000] {dag.py:3823} INFO - Setting next_dagrun for example_xcom to 2021-01-01 00:00:00+00:00, run_after=2021-01-01 00:00:00+00:00
[2026-08-21T12:21:54.156+0000] {processor.py:183} INFO - Processing /home/airflow/.local/lib/python3.8/site-packages/airflow/example_dags/example_xcom.py took 0.161 seconds
[2026-08-21T12:22:24.592+0000] {processor.py:161} INFO - Started process (PID=5808) to work on /home/airflow/.local/lib/python3.8/site-packages/airflow/example_dags/example_xcom.py
[2026-08-21T12:22:24.593+0000] {processor.py:830} INFO - Processing file /home/airflow/.local/lib/python3.8/site-packages/airflow/example_dags/example_xcom.py for tasks to queue
[2026-08-21T12:22:24.596+0000] {logging_mixin.py:188} INFO - [2026-08-21T12:22:24.596+0000] {dagbag.py:538} INFO - Filling up the DagBag from /home/airflow/.local/lib/python3.8/site-packages/airflow/example_dags/example_xcom.py
[2026-08-21T12:22:24.605+0000] {processor.py:840} INFO - DAG(s) 'example_xcom' retrieved from /home/airflow/.local/lib/python3.8/site-packages/airflow/example_dags/example_xcom.py
[2026-08-21T12:22:24.626+0000] {logging_mixin.py:188} INFO - [2026-08-21T12:22:24.626+0000] {dag.py:3036} INFO - Sync 1 DAGs
[2026-08-21T12:22:24.653+0000] {logging_mixin.py:188} INFO - [2026-08-21T12:22:24.653+0000] {dag.py:3823} INFO - Setting next_dagrun for example_xcom to 2021-01-01 00:00:00+00:00, run_after=2021-01-01 00:00:00+00:00
[2026-08-21T12:22:24.724+0000] {processor.py:183} INFO - Processing /home/airflow/.local/lib/python3.8/site-packages/airflow/example_dags/example_xcom.py took 0.137 seconds
[2026-08-21T12:22:55.734+0000] {processor.py:161} INFO - Started process (PID=5895) to work on /home/airflow/.local/lib/python3.8/site-packages/airflow/example_dags/example_xcom.py
[2026-08-21T12:22:55.736+0000] {processor.py:830} INFO - Processing file /home/airflow/.local/lib/python3.8/site-packages/airflow/example_dags/example_xcom.py for tasks to queue
[2026-08-21T12:22:55.740+0000] {logging_mixin.py:188} INFO - [2026-08-21T12:22:55.740+0000] {dagbag.py:538} INFO - Filling up the DagBag from /home/airflow/.local/lib/python3.8/site-packages/airflow/example_dags/example_xcom.py
[2026-08-21T12:22:55.754+0000] {processor.py:840} INFO - DAG(s) 'example_xcom' retrieved from /home/airflow/.local/lib/python3.8/site-packages/airflow/example_dags/example_xcom.py
[2026-08-21T12:22:55.786+0000] {logging_mixin.py:188} INFO - [2026-08-21T12:22:55.785+0000] {dag.py:3036} INFO - Sync 1 DAGs
[2026-08-21T12:22:55.814+0000] {logging_mixin.py:188} INFO - [2026-08-21T12:22:55.814+0000] {dag.py:3823} INFO - Setting next_dagrun for example_xcom to 2021-01-01 00:00:00+00:00, run_after=2021-01-01 00:00:00+00:00
[2026-08-21T12:22:55.879+0000] {processor.py:183} INFO - Processing /home/airflow/.local/lib/python3.8/site-packages/airflow/example_dags/example_xcom.py took 0.152 seconds
[2026-08-21T12:23:25.926+0000] {processor.py:161} INFO - Started process (PID=5980) to work on /home/airflow/.local/lib/python3.8/site-packages/airflow/example_dags/example_xcom.py
[2026-08-21T12:23:25.927+0000] {processor.py:830} INFO - Processing file /home/airflow/.local/lib/python3.8/site-packages/airflow/example_dags/example_xcom.py for tasks to queue
[2026-08-21T12:23:25.930+0000] {logging_mixin.py:188} INFO - [2026-08-21T12:23:25.929+0000] {dagbag.py:538} INFO - Filling up the DagBag from /home/airflow/.local/lib/python3.8/site-packages/airflow/example_dags/example_xcom.py
[2026-08-21T12:23:25.937+0000] {processor.py:840} INFO - DAG(s) 'example_xcom' retrieved from /home/airflow/.local/lib/python3.8/site-packages/airflow/example_dags/example_xcom.py
[2026-08-21T12:23:25.962+0000] {logging_mixin.py:188} INFO - [2026-08-21T12:23:25.961+0000] {dag.py:3036} INFO - Sync 1 DAGs
[2026-08-21T12:23:25.982+0000] {logging_mixin.py:188} INFO - [2026-08-21T12:23:25.982+0000] {dag.py:3823} INFO - Setting next_dagrun for example_xcom to 2021-01-01 00:00:00+00:00, run_after=2021-01-01 00:00:00+00:00
[2026-08-21T12:23:26.039+0000] {processor.py:183} INFO - Processing /home/airflow/.local/lib/python3.8/site-packages/airflow/example_dags/example_xcom.py took 0.116 seconds
[2026-08-21T12:23:57.008+0000] {processor.py:161} INFO - Started process (PID=6067) to work on /home/airflow/.local/lib/python3.8/site-packages/airflow/example_dags/example_xcom.py
[2026-08-21T12:23:57.012+0000] {processor.py:830} INFO - Processing file /home/airflow/.local/lib/python3.8/site-packages/airflow/example_dags/example_xcom.py for tasks to queue
[2026-08-21T12:23:57.025+0000] {logging_mixin.py:188} INFO - [2026-08-21T12:23:57.024+0000] {dagbag.py:538} INFO - Filling up the DagBag from /home/airflow/.local/lib/python3.8/site-packages/airflow/example_dags/example_xcom.py
[2026-08-21T12:23:57.037+0000] {processor.py:840} INFO - DAG(s) 'example_xcom' retrieved from /home/airflow/.local/lib/python3.8/site-packages/airflow/example_dags/example_xcom.py
[2026-08-21T12:23:57.070+0000] {logging_mixin.py:188} INFO - [2026-08-21T12:23:57.070+0000] {dag.py:3036} INFO - Sync 1 DAGs
[2026-08-21T12:23:57.105+0000] {logging_mixin.py:188} INFO - [2026-08-21T12:23:57.105+0000] {dag.py:3823} INFO - Setting next_dagrun for example_xcom to 2021-01-01 00:00:00+00:00, run_after=2021-01-01 00:00:00+00:00
[2026-08-21T12:23:57.210+0000] {processor.py:183} INFO - Processing /home/airflow/.local/lib/python3.8/site-packages/airflow/example_dags/example_xcom.py took 0.210 seconds
[2026-08-21T12:24:28.785+0000] {processor.py:161} INFO - Started process (PID=6156) to work on /home/airflow/.local/lib/python3.8/site-packages/airflow/example_dags/example_xcom.py
[2026-08-21T12:24:28.786+0000] {processor.py:830} INFO - Processing file /home/airflow/.local/lib/python3.8/site-packages/airflow/example_dags/example_xcom.py for tasks to queue
[2026-08-21T12:24:28.788+0000] {logging_mixin.py:188} INFO - [2026-08-21T12:24:28.788+0000] {dagbag.py:538} INFO - Filling up the DagBag from /home/airflow/.local/lib/python3.8/site-packages/airflow/example_dags/example_xcom.py
[2026-08-21T12:24:28.795+0000] {processor.py:840} INFO - DAG(s) 'example_xcom' retrieved from /home/airflow/.local/lib/python3.8/site-packages/airflow/example_dags/example_xcom.py
[2026-08-21T12:24:28.817+0000] {logging_mixin.py:188} INFO - [2026-08-21T12:24:28.817+0000] {dag.py:3036} INFO - Sync 1 DAGs
[2026-08-21T12:24:28.838+0000] {logging_mixin.py:188} INFO - [2026-08-21T12:24:28.838+0000] {dag.py:3823} INFO - Setting next_dagrun for example_xcom to 2021-01-01 00:00:00+00:00, run_after=2021-01-01 00:00:00+00:00
[2026-08-21T12:24:28.893+0000] {processor.py:183} INFO - Processing /home/airflow/.local/lib/python3.8/site-packages/airflow/example_dags/example_xcom.py took 0.113 seconds
[2026-08-21T12:24:59.517+0000] {processor.py:161} INFO - Started process (PID=6243) to work on /home/airflow/.local/lib/python3.8/site-packages/airflow/example_dags/example_xcom.py
[2026-08-21T12:24:59.518+0000] {processor.py:830} INFO - Processing file /home/airflow/.local/lib/python3.8/site-packages/airflow/example_dags/example_xcom.py for tasks to queue
[2026-08-21T12:24:59.520+0000] {logging_mixin.py:188} INFO - [2026-08-21T12:24:59.520+0000] {dagbag.py:538} INFO - Filling up the DagBag from /home/airflow/.local/lib/python3.8/site-packages/airflow/example_dags/example_xcom.py
[2026-08-21T12:24:59.529+0000] {processor.py:840} INFO - DAG(s) 'example_xcom' retrieved from /home/airflow/.local/lib/python3.8/site-packages/airflow/example_dags/example_xcom.py
[2026-08-21T12:24:59.550+0000] {logging_mixin.py:188} INFO - [2026-08-21T12:24:59.549+0000] {dag.py:3036} INFO - Sync 1 DAGs
[2026-08-21T12:24:59.569+0000] {logging_mixin.py:188} INFO - [2026-08-21T12:24:59.569+0000] {dag.py:3823} INFO - Setting next_dagrun for example_xcom to 2021-01-01 00:00:00+00:00, run_after=2021-01-01 00:00:00+00:00
[2026-08-21T12:24:59.609+0000] {processor.py:183} INFO - Processing /home/airflow/.local/lib/python3.8/site-packages/airflow/example_dags/example_xcom.py took 0.096 seconds
[2026-08-21T12:25:29.799+0000] {processor.py:161} INFO - Started process (PID=6328) to work on /home/airflow/.local/lib/python3.8/site-packages/airflow/example_dags/example_xcom.py
[2026-08-21T12:25:29.801+0000] {processor.py:830} INFO - Processing file /home/airflow/.local/lib/python3.8/site-packages/airflow/example_dags/example_xcom.py for tasks to queue
[2026-08-21T12:25:29.804+0000] {logging_mixin.py:188} INFO - [2026-08-21T12:25:29.804+0000] {dagbag.py:538} INFO - Filling up the DagBag from /home/airflow/.local/lib/python3.8/site-packages/airflow/example_dags/example_xcom.py
[2026-08-21T12:25:29.814+0000] {processor.py:840} INFO - DAG(s) 'example_xcom' retrieved from /home/airflow/.local/lib/python3.8/site-packages/airflow/example_dags/example_xcom.py
[2026-08-21T12:25:29.840+0000] {logging_mixin.py:188} INFO - [2026-08-21T12:25:29.839+0000] {dag.py:3036} INFO - Sync 1 DAGs
[2026-08-21T12:25:29.865+0000] {logging_mixin.py:188} INFO - [2026-08-21T12:25:29.864+0000] {dag.py:3823} INFO - Setting next_dagrun for example_xcom to 2021-01-01 00:00:00+00:00, run_after=2021-01-01 00:00:00+00:00
[2026-08-21T12:25:29.886+0000] {processor.py:183} INFO - Processing /home/airflow/.local/lib/python3.8/site-packages/airflow/example_dags/example_xcom.py took 0.091 seconds
[2026-08-21T12:26:02.569+0000] {processor.py:161} INFO - Started process (PID=6417) to work on /home/airflow/.local/lib/python3.8/site-packages/airflow/example_dags/example_xcom.py
[2026-08-21T12:26:02.571+0000] {processor.py:830} INFO - Processing file /home/airflow/.local/lib/python3.8/site-packages/airflow/example_dags/example_xcom.py for tasks to queue
[2026-08-21T12:26:02.573+0000] {logging_mixin.py:188} INFO - [2026-08-21T12:26:02.573+0000] {dagbag.py:538} INFO - Filling up the DagBag from /home/airflow/.local/lib/python3.8/site-packages/airflow/example_dags/example_xcom.py
[2026-08-21T12:26:02.581+0000] {processor.py:840} INFO - DAG(s) 'example_xcom' retrieved from /home/airflow/.local/lib/python3.8/site-packages/airflow/example_dags/example_xcom.py
[2026-08-21T12:26:02.606+0000] {logging_mixin.py:188} INFO - [2026-08-21T12:26:02.605+0000] {dag.py:3036} INFO - Sync 1 DAGs
[2026-08-21T12:26:02.772+0000] {logging_mixin.py:188} INFO - [2026-08-21T12:26:02.772+0000] {dag.py:3823} INFO - Setting next_dagrun for example_xcom to 2021-01-01 00:00:00+00:00, run_after=2021-01-01 00:00:00+00:00
[2026-08-21T12:26:02.792+0000] {processor.py:183} INFO - Processing /home/airflow/.local/lib/python3.8/site-packages/airflow/example_dags/example_xcom.py took 0.227 seconds
[2026-08-21T12:26:33.693+0000] {processor.py:161} INFO - Started process (PID=6504) to work on /home/airflow/.local/lib/python3.8/site-packages/airflow/example_dags/example_xcom.py
[2026-08-21T12:26:33.695+0000] {processor.py:830} INFO - Processing file /home/airflow/.local/lib/python3.8/site-packages/airflow/example_dags/example_xcom.py for tasks to queue
[2026-08-21T12:26:33.697+0000] {logging_mixin.py:188} INFO - [2026-08-21T12:26:33.697+0000] {dagbag.py:538} INFO - Filling up the DagBag from /home/airflow/.local/lib/python3.8/site-packages/airflow/example_dags/example_xcom.py
[2026-08-21T12:26:33.705+0000] {processor.py:840} INFO - DAG(s) 'example_xcom' retrieved from /home/airflow/.local/lib/python3.8/site-packages/airflow/example_dags/example_xcom.py
[2026-08-21T12:26:33.732+0000] {logging_mixin.py:188} INFO - [2026-08-21T12:26:33.731+0000] {dag.py:3036} INFO - Sync 1 DAGs
[2026-08-21T12:26:33.760+0000] {logging_mixin.py:188} INFO - [2026-08-21T12:26:33.759+0000] {dag.py:3823} INFO - Setting next_dagrun for example_xcom to 2021-01-01 00:00:00+00:00, run_after=2021-01-01 00:00:00+00:00
[2026-08-21T12:26:33.939+0000] {processor.py:183} INFO - Processing /home/airflow/.local/lib/python3.8/site-packages/airflow/example_dags/example_xcom.py took 0.251 seconds
[2026-08-21T12:27:04.828+0000] {processor.py:161} INFO - Started process (PID=6595) to work on /home/airflow/.local/lib/python3.8/site-packages/airflow/example_dags/example_xcom.py
[2026-08-21T12:27:04.830+0000] {processor.py:830} INFO - Processing file /home/airflow/.local/lib/python3.8/site-packages/airflow/example_dags/example_xcom.py for tasks to queue
[2026-08-21T12:27:04.833+0000] {logging_mixin.py:188} INFO - [2026-08-21T12:27:04.832+0000] {dagbag.py:538} INFO - Filling up the DagBag from /home/airflow/.local/lib/python3.8/site-packages/airflow/example_dags/example_xcom.py
[2026-08-21T12:27:04.842+0000] {processor.py:840} INFO - DAG(s) 'example_xcom' retrieved from /home/airflow/.local/lib/python3.8/site-packages/airflow/example_dags/example_xcom.py
[2026-08-21T12:27:04.869+0000] {logging_mixin.py:188} INFO - [2026-08-21T12:27:04.868+0000] {dag.py:3036} INFO - Sync 1 DAGs
[2026-08-21T12:27:04.894+0000] {logging_mixin.py:188} INFO - [2026-08-21T12:27:04.894+0000] {dag.py:3823} INFO - Setting next_dagrun for example_xcom to 2021-01-01 00:00:00+00:00, run_after=2021-01-01 00:00:00+00:00
[2026-08-21T12:27:04.919+0000] {processor.py:183} INFO - Processing /home/airflow/.local/lib/python3.8/site-packages/airflow/example_dags/example_xcom.py took 0.096 seconds
[2026-08-21T12:27:35.102+0000] {processor.py:161} INFO - Started process (PID=6682) to work on /home/airflow/.local/lib/python3.8/site-packages/airflow/example_dags/example_xcom.py
[2026-08-21T12:27:35.104+0000] {processor.py:830} INFO - Processing file /home/airflow/.local/lib/python3.8/site-packages/airflow/example_dags/example_xcom.py for tasks to queue
[2026-08-21T12:27:35.108+0000] {logging_mixin.py:188} INFO - [2026-08-21T12:27:35.108+0000] {dagbag.py:538} INFO - Filling up the DagBag from /home/airflow/.local/lib/python3.8/site-packages/airflow/example_dags/example_xcom.py
[2026-08-21T12:27:35.118+0000] {processor.py:840} INFO - DAG(s) 'example_xcom' retrieved from /home/airflow/.local/lib/python3.8/site-packages/airflow/example_dags/example_xcom.py
[2026-08-21T12:27:35.142+0000] {logging_mixin.py:188} INFO - [2026-08-21T12:27:35.142+0000] {dag.py:3036} INFO - Sync 1 DAGs
[2026-08-21T12:27:35.163+0000] {logging_mixin.py:188} INFO - [2026-08-21T12:27:35.163+0000] {dag.py:3823} INFO - Setting next_dagrun for example_xcom to 2021-01-01 00:00:00+00:00, run_after=2021-01-01 00:00:00+00:00
[2026-08-21T12:27:35.187+0000] {processor.py:183} INFO - Processing /home/airflow/.local/lib/python3.8/site-packages/airflow/example_dags/example_xcom.py took 0.089 seconds
[2026-08-21T12:28:05.263+0000] {processor.py:161} INFO - Started process (PID=6769) to work on /home/airflow/.local/lib/python3.8/site-packages/airflow/example_dags/example_xcom.py
[2026-08-21T12:28:05.265+0000] {processor.py:830} INFO - Processing file /home/airflow/.local/lib/python3.8/site-packages/airflow/example_dags/example_xcom.py for tasks to queue
[2026-08-21T12:28:05.267+0000] {logging_mixin.py:188} INFO - [2026-08-21T12:28:05.267+0000] {dagbag.py:538} INFO - Filling up the DagBag from /home/airflow/.local/lib/python3.8/site-packages/airflow/example_dags/example_xcom.py
[2026-08-21T12:28:05.274+0000] {processor.py:840} INFO - DAG(s) 'example_xcom' retrieved from /home/airflow/.local/lib/python3.8/site-packages/airflow/example_dags/example_xcom.py
[2026-08-21T12:28:05.296+0000] {logging_mixin.py:188} INFO - [2026-08-21T12:28:05.296+0000] {dag.py:3036} INFO - Sync 1 DAGs
[2026-08-21T12:28:05.320+0000] {logging_mixin.py:188} INFO - [2026-08-21T12:28:05.319+0000] {dag.py:3823} INFO - Setting next_dagrun for example_xcom to 2021-01-01 00:00:00+00:00, run_after=2021-01-01 00:00:00+00:00
[2026-08-21T12:28:05.344+0000] {processor.py:183} INFO - Processing /home/airflow/.local/lib/python3.8/site-packages/airflow/example_dags/example_xcom.py took 0.084 seconds
[2026-08-21T12:28:35.573+0000] {processor.py:161} INFO - Started process (PID=6856) to work on /home/airflow/.local/lib/python3.8/site-packages/airflow/example_dags/example_xcom.py
[2026-08-21T12:28:35.574+0000] {processor.py:830} INFO - Processing file /home/airflow/.local/lib/python3.8/site-packages/airflow/example_dags/example_xcom.py for tasks to queue
[2026-08-21T12:28:35.577+0000] {logging_mixin.py:188} INFO - [2026-08-21T12:28:35.576+0000] {dagbag.py:538} INFO - Filling up the DagBag from /home/airflow/.local/lib/python3.8/site-packages/airflow/example_dags/example_xcom.py
[2026-08-21T12:28:35.587+0000] {processor.py:840} INFO - DAG(s) 'example_xcom' retrieved from /home/airflow/.local/lib/python3.8/site-packages/airflow/example_dags/example_xcom.py
[2026-08-21T12:28:35.612+0000] {logging_mixin.py:188} INFO - [2026-08-21T12:28:35.611+0000] {dag.py:3036} INFO - Sync 1 DAGs
[2026-08-21T12:28:35.635+0000] {logging_mixin.py:188} INFO - [2026-08-21T12:28:35.635+0000] {dag.py:3823} INFO - Setting next_dagrun for example_xcom to 2021-01-01 00:00:00+00:00, run_after=2021-01-01 00:00:00+00:00
[2026-08-21T12:28:35.657+0000] {processor.py:183} INFO - Processing /home/airflow/.local/lib/python3.8/site-packages/airflow/example_dags/example_xcom.py took 0.088 seconds
[2026-08-21T12:29:06.917+0000] {processor.py:161} INFO - Started process (PID=6943) to work on /home/airflow/.local/lib/python3.8/site-packages/airflow/example_dags/example_xcom.py
[2026-08-21T12:29:06.918+0000] {processor.py:830} INFO - Processing file /home/airflow/.local/lib/python3.8/site-packages/airflow/example_dags/example_xcom.py for tasks to queue
[2026-08-21T12:29:06.925+0000] {logging_mixin.py:188} INFO - [2026-08-21T12:29:06.924+0000] {dagbag.py:538} INFO - Filling up the DagBag from /home/airflow/.local/lib/python3.8/site-packages/airflow/example_dags/example_xcom.py
[2026-08-21T12:29:06.933+0000] {processor.py:840} INFO - DAG(s) 'example_xcom' retrieved from /home/airflow/.local/lib/python3.8/site-packages/airflow/example_dags/example_xcom.py
[2026-08-21T12:29:06.963+0000] {logging_mixin.py:188} INFO - [2026-08-21T12:29:06.962+0000] {dag.py:3036} INFO - Sync 1 DAGs
[2026-08-21T12:29:06.990+0000] {logging_mixin.py:188} INFO - [2026-08-21T12:29:06.989+0000] {dag.py:3823} INFO - Setting next_dagrun for example_xcom to 2021-01-01 00:00:00+00:00, run_after=2021-01-01 00:00:00+00:00
[2026-08-21T12:29:07.021+0000] {processor.py:183} INFO - Processing /home/airflow/.local/lib/python3.8/site-packages/airflow/example_dags/example_xcom.py took 0.107 seconds
[2026-08-21T12:29:38.206+0000] {processor.py:161} INFO - Started process (PID=7030) to work on /home/airflow/.local/lib/python3.8/site-packages/airflow/example_dags/example_xcom.py
[2026-08-21T12:29:38.207+0000] {processor.py:830} INFO - Processing file /home/airflow/.local/lib/python3.8/site-packages/airflow/example_dags/example_xcom.py for tasks to queue
[2026-08-21T12:29:38.210+0000] {logging_mixin.py:188} INFO - [2026-08-21T12:29:38.210+0000] {dagbag.py:538} INFO - Filling up the DagBag from /home/airflow/.local/lib/python3.8/site-packages/airflow/example_dags/example_xcom.py
[2026-08-21T12:29:38.218+0000] {processor.py:840} INFO - DAG(s) 'example_xcom' retrieved from /home/airflow/.local/lib/python3.8/site-packages/airflow/example_dags/example_xcom.py
[2026-08-21T12:29:38.244+0000] {logging_mixin.py:188} INFO - [2026-08-21T12:29:38.244+0000] {dag.py:3036} INFO - Sync 1 DAGs
[2026-08-21T12:29:38.270+0000] {logging_mixin.py:188} INFO - [2026-08-21T12:29:38.269+0000] {dag.py:3823} INFO - Setting next_dagrun for example_xcom to 2021-01-01 00:00:00+00:00, run_after=2021-01-01 00:00:00+00:00
[2026-08-21T12:29:38.290+0000] {processor.py:183} INFO - Processing /home/airflow/.local/lib/python3.8/site-packages/airflow/example_dags/example_xcom.py took 0.087 seconds
[2026-08-21T12:30:09.245+0000] {processor.py:161} INFO - Started process (PID=7117) to work on /home/airflow/.local/lib/python3.8/site-packages/airflow/example_dags/example_xcom.py
[2026-08-21T12:30:09.246+0000] {processor.py:830} INFO - Processing file /home/airflow/.local/lib/python3.8/site-packages/airflow/example_dags/example_xcom.py for tasks to queue
[2026-08-21T12:30:09.248+0000] {logging_mixin.py:188} INFO - [2026-08-21T12:30:09.248+0000] {dagbag.py:538} INFO - Filling up the DagBag from /home/airflow/.local/lib/python3.8/site-packages/airflow/example_dags/example_xcom.py
[2026-08-21T12:30:09.257+0000] {processor.py:840} INFO - DAG(s) 'example_xcom' retrieved from /home/airflow/.local/lib/python3.8/site-packages/airflow/example_dags/example_xcom.py
[2026-08-21T12:30:09.280+0000] {logging_mixin.py:188} INFO - [2026-08-21T12:30:09.280+0000] {dag.py:3036} INFO - Sync 1 DAGs
[2026-08-21T12:30:09.308+0000] {logging_mixin.py:188} INFO - [2026-08-21T12:30:09.308+0000] {dag.py:3823} INFO - Setting next_dagrun for example_xcom to 2021-01-01 00:00:00+00:00, run_after=2021-01-01 00:00:00+00:00
[2026-08-21T12:30:09.330+0000] {processor.py:183} INFO - Processing /home/airflow/.local/lib/python3.8/site-packages/airflow/example_dags/example_xcom.py took 0.089 seconds
[2026-08-21T12:30:39.919+0000] {processor.py:161} INFO - Started process (PID=7204) to work on /home/airflow/.local/lib/python3.8/site-packages/airflow/example_dags/example_xcom.py
[2026-08-21T12:30:39.920+0000] {processor.py:830} INFO - Processing file /home/airflow/.local/lib/python3.8/site-packages/airflow/example_dags/example_xcom.py for tasks to queue
[2026-08-21T12:30:39.924+0000] {logging_mixin.py:188} INFO - [2026-08-21T12:30:39.923+0000] {dagbag.py:538} INFO - Filling up the DagBag from /home/airflow/.local/lib/python3.8/site-packages/airflow/example_dags/example_xcom.py
[2026-08-21T12:30:39.934+0000] {processor.py:840} INFO - DAG(s) 'example_xcom' retrieved from /home/airflow/.local/lib/python3.8/site-packages/airflow/example_dags/example_xcom.py
[2026-08-21T12:30:39.960+0000] {logging_mixin.py:188} INFO - [2026-08-21T12:30:39.960+0000] {dag.py:3036} INFO - Sync 1 DAGs
[2026-08-21T12:30:39.982+0000] {logging_mixin.py:188} INFO - [2026-08-21T12:30:39.982+0000] {dag.py:3823} INFO - Setting next_dagrun for example_xcom to 2021-01-01 00:00:00+00:00, run_after=2021-01-01 00:00:00+00:00
[2026-08-21T12:30:40.003+0000] {processor.py:183} INFO - Processing /home/airflow/.local/lib/python3.8/site-packages/airflow/example_dags/example_xcom.py took 0.088 seconds
[2026-08-21T12:31:10.379+0000] {processor.py:161} INFO - Started process (PID=7292) to work on /home/airflow/.local/lib/python3.8/site-packages/airflow/example_dags/example_xcom.py
[2026-08-21T12:31:10.380+0000] {processor.py:830} INFO - Processing file /home/airflow/.local/lib/python3.8/site-packages/airflow/example_dags/example_xcom.py for tasks to queue
[2026-08-21T12:31:10.382+0000] {logging_mixin.py:188} INFO - [2026-08-21T12:31:10.382+0000] {dagbag.py:538} INFO - Filling up the DagBag from /home/airflow/.local/lib/python3.8/site-packages/airflow/example_dags/example_xcom.py
[2026-08-21T12:31:10.389+0000] {processor.py:840} INFO - DAG(s) 'example_xcom' retrieved from /home/airflow/.local/lib/python3.8/site-packages/airflow/example_dags/example_xcom.py
[2026-08-21T12:31:10.420+0000] {logging_mixin.py:188} INFO - [2026-08-21T12:31:10.420+0000] {dag.py:3036} INFO - Sync 1 DAGs
[2026-08-21T12:31:10.445+0000] {logging_mixin.py:188} INFO - [2026-08-21T12:31:10.444+0000] {dag.py:3823} INFO - Setting next_dagrun for example_xcom to 2021-01-01 00:00:00+00:00, run_after=2021-01-01 00:00:00+00:00
[2026-08-21T12:31:10.470+0000] {processor.py:183} INFO - Processing /home/airflow/.local/lib/python3.8/site-packages/airflow/example_dags/example_xcom.py took 0.095 seconds
[2026-08-21T12:31:41.262+0000] {processor.py:161} INFO - Started process (PID=7379) to work on /home/airflow/.local/lib/python3.8/site-packages/airflow/example_dags/example_xcom.py
[2026-08-21T12:31:41.263+0000] {processor.py:830} INFO - Processing file /home/airflow/.local/lib/python3.8/site-packages/airflow/example_dags/example_xcom.py for tasks to queue
[2026-08-21T12:31:41.265+0000] {logging_mixin.py:188} INFO - [2026-08-21T12:31:41.265+0000] {dagbag.py:538} INFO - Filling up the DagBag from /home/airflow/.local/lib/python3.8/site-packages/airflow/example_dags/example_xcom.py
[2026-08-21T12:31:41.273+0000] {processor.py:840} INFO - DAG(s) 'example_xcom' retrieved from /home/airflow/.local/lib/python3.8/site-packages/airflow/example_dags/example_xcom.py
[2026-08-21T12:31:41.294+0000] {logging_mixin.py:188} INFO - [2026-08-21T12:31:41.294+0000] {dag.py:3036} INFO - Sync 1 DAGs
[2026-08-21T12:31:41.315+0000] {logging_mixin.py:188} INFO - [2026-08-21T12:31:41.314+0000] {dag.py:3823} INFO - Setting next_dagrun for example_xcom to 2021-01-01 00:00:00+00:00, run_after=2021-01-01 00:00:00+00:00
[2026-08-21T12:31:41.336+0000] {processor.py:183} INFO - Processing /home/airflow/.local/lib/python3.8/site-packages/airflow/example_dags/example_xcom.py took 0.077 seconds
