[2026-08-21T11:42:47.350+0000] {processor.py:161} INFO - Started process (PID=171) to work on /home/airflow/.local/lib/python3.8/site-packages/airflow/example_dags/example_params_ui_tutorial.py
[2026-08-21T11:42:47.356+0000] {processor.py:830} INFO - Processing file /home/airflow/.local/lib/python3.8/site-packages/airflow/example_dags/example_params_ui_tutorial.py for tasks to queue
[2026-08-21T11:42:47.363+0000] {logging_mixin.py:188} INFO - [2026-08-21T11:42:47.360+0000] {dagbag.py:538} INFO - Filling up the DagBag from /home/airflow/.local/lib/python3.8/site-packages/airflow/example_dags/example_params_ui_tutorial.py
[2026-08-21T11:42:47.434+0000] {processor.py:840} INFO - DAG(s) 'example_params_ui_tutorial' retrieved from /home/airflow/.local/lib/python3.8/site-packages/airflow/example_dags/example_params_ui_tutorial.py
[2026-08-21T11:42:48.437+0000] {logging_mixin.py:188} INFO - [2026-08-21T11:42:48.436+0000] {dag.py:3036} INFO - Sync 1 DAGs
[2026-08-21T11:42:48.499+0000] {logging_mixin.py:188} INFO - [2026-08-21T11:42:48.498+0000] {dag.py:3823} INFO - Setting next_dagrun for example_params_ui_tutorial to None, run_after=None
[2026-08-21T11:42:48.596+0000] {processor.py:183} INFO - Processing /home/airflow/.local/lib/python3.8/site-packages/airflow/example_dags/example_params_ui_tutorial.py took 1.256 seconds
[2026-08-21T11:43:24.001+0000] {processor.py:161} INFO - Started process (PID=120) to work on /home/airflow/.local/lib/python3.8/site-packages/airflow/example_dags/example_params_ui_tutorial.py
[2026-08-21T11:43:24.003+0000] {processor.py:830} INFO - Processing file /home/airflow/.local/lib/python3.8/site-packages/airflow/example_dags/example_params_ui_tutorial.py for tasks to queue
[2026-08-21T11:43:24.007+0000] {logging_mixin.py:188} INFO - [2026-08-21T11:43:24.007+0000] {dagbag.py:538} INFO - Filling up the DagBag from /home/airflow/.local/lib/python3.8/site-packages/airflow/example_dags/example_params_ui_tutorial.py
[2026-08-21T11:43:24.040+0000] {processor.py:840} INFO - DAG(s) 'example_params_ui_tutorial' retrieved from /home/airflow/.local/lib/python3.8/site-packages/airflow/example_dags/example_params_ui_tutorial.py
[2026-08-21T11:43:24.152+0000] {logging_mixin.py:188} INFO - [2026-08-21T11:43:24.152+0000] {dag.py:3036} INFO - Sync 1 DAGs
[2026-08-21T11:43:24.197+0000] {logging_mixin.py:188} INFO - [2026-08-21T11:43:24.196+0000] {dag.py:3823} INFO - Setting next_dagrun for example_params_ui_tutorial to None, run_after=None
[2026-08-21T11:43:24.237+0000] {processor.py:183} INFO - Processing /home/airflow/.local/lib/python3.8/site-packages/airflow/example_dags/example_params_ui_tutorial.py took 0.243 seconds
[2026-08-21T11:43:54.464+0000] {processor.py:161} INFO - Started process (PID=211) to work on /home/airflow/.local/lib/python3.8/site-packages/airflow/example_dags/example_params_ui_tutorial.py
[2026-08-21T11:43:54.467+0000] {processor.py:830} INFO - Processing file /home/airflow/.local/lib/python3.8/site-packages/airflow/example_dags/example_params_ui_tutorial.py for tasks to queue
[2026-08-21T11:43:54.471+0000] {logging_mixin.py:188} INFO - [2026-08-21T11:43:54.470+0000] {dagbag.py:538} INFO - Filling up the DagBag from /home/airflow/.local/lib/python3.8/site-packages/airflow/example_dags/example_params_ui_tutorial.py
[2026-08-21T11:43:54.493+0000] {processor.py:840} INFO - DAG(s) 'example_params_ui_tutorial' retrieved from /home/airflow/.local/lib/python3.8/site-packages/airflow/example_dags/example_params_ui_tutorial.py
[2026-08-21T11:43:54.586+0000] {logging_mixin.py:188} INFO - [2026-08-21T11:43:54.585+0000] {dag.py:3036} INFO - Sync 1 DAGs
[2026-08-21T11:43:54.603+0000] {logging_mixin.py:188} INFO - [2026-08-21T11:43:54.603+0000] {dag.py:3823} INFO - Setting next_dagrun for example_params_ui_tutorial to None, run_after=None
[2026-08-21T11:43:54.633+0000] {processor.py:183} INFO - Processing /home/airflow/.local/lib/python3.8/site-packages/airflow/example_dags/example_params_ui_tutorial.py took 0.176 seconds
[2026-08-21T11:44:25.825+0000] {processor.py:161} INFO - Started process (PID=297) to work on /home/airflow/.local/lib/python3.8/site-packages/airflow/example_dags/example_params_ui_tutorial.py
[2026-08-21T11:44:25.827+0000] {processor.py:830} INFO - Processing file /home/airflow/.local/lib/python3.8/site-packages/airflow/example_dags/example_params_ui_tutorial.py for tasks to queue
[2026-08-21T11:44:25.830+0000] {logging_mixin.py:188} INFO - [2026-08-21T11:44:25.829+0000] {dagbag.py:538} INFO - Filling up the DagBag from /home/airflow/.local/lib/python3.8/site-packages/airflow/example_dags/example_params_ui_tutorial.py
[2026-08-21T11:44:25.846+0000] {processor.py:840} INFO - DAG(s) 'example_params_ui_tutorial' retrieved from /home/airflow/.local/lib/python3.8/site-packages/airflow/example_dags/example_params_ui_tutorial.py
[2026-08-21T11:44:25.861+0000] {logging_mixin.py:188} INFO - [2026-08-21T11:44:25.861+0000] {dag.py:3036} INFO - Sync 1 DAGs
[2026-08-21T11:44:25.878+0000] {logging_mixin.py:188} INFO - [2026-08-21T11:44:25.877+0000] {dag.py:3823} INFO - Setting next_dagrun for example_params_ui_tutorial to None, run_after=None
[2026-08-21T11:44:25.900+0000] {processor.py:183} INFO - Processing /home/airflow/.local/lib/python3.8/site-packages/airflow/example_dags/example_params_ui_tutorial.py took 0.080 seconds
[2026-08-21T11:44:59.880+0000] {processor.py:161} INFO - Started process (PID=392) to work on /home/airflow/.local/lib/python3.8/site-packages/airflow/example_dags/example_params_ui_tutorial.py
[2026-08-21T11:44:59.883+0000] {processor.py:830} INFO - Processing file /home/airflow/.local/lib/python3.8/site-packages/airflow/example_dags/example_params_ui_tutorial.py for tasks to queue
[2026-08-21T11:44:59.896+0000] {logging_mixin.py:188} INFO - [2026-08-21T11:44:59.895+0000] {dagbag.py:538} INFO - Filling up the DagBag from /home/airflow/.local/lib/python3.8/site-packages/airflow/example_dags/example_params_ui_tutorial.py
[2026-08-21T11:44:59.949+0000] {processor.py:840} INFO - DAG(s) 'example_params_ui_tutorial' retrieved from /home/airflow/.local/lib/python3.8/site-packages/airflow/example_dags/example_params_ui_tutorial.py
[2026-08-21T11:44:59.984+0000] {logging_mixin.py:188} INFO - [2026-08-21T11:44:59.983+0000] {dag.py:3036} INFO - Sync 1 DAGs
[2026-08-21T11:45:00.025+0000] {logging_mixin.py:188} INFO - [2026-08-21T11:45:00.024+0000] {dag.py:3823} INFO - Setting next_dagrun for example_params_ui_tutorial to None, run_after=None
[2026-08-21T11:45:00.093+0000] {processor.py:183} INFO - Processing /home/airflow/.local/lib/python3.8/site-packages/airflow/example_dags/example_params_ui_tutorial.py took 0.219 seconds
[2026-08-21T11:45:31.427+0000] {processor.py:161} INFO - Started process (PID=482) to work on /home/airflow/.local/lib/python3.8/site-packages/airflow/example_dags/example_params_ui_tutorial.py
[2026-08-21T11:45:31.428+0000] {processor.py:830} INFO - Processing file /home/airflow/.local/lib/python3.8/site-packages/airflow/example_dags/example_params_ui_tutorial.py for tasks to queue
[2026-08-21T11:45:31.430+0000] {logging_mixin.py:188} INFO - [2026-08-21T11:45:31.430+0000] {dagbag.py:538} INFO - Filling up the DagBag from /home/airflow/.local/lib/python3.8/site-packages/airflow/example_dags/example_params_ui_tutorial.py
[2026-08-21T11:45:31.443+0000] {processor.py:840} INFO - DAG(s) 'example_params_ui_tutorial' retrieved from /home/airflow/.local/lib/python3.8/site-packages/airflow/example_dags/example_params_ui_tutorial.py
[2026-08-21T11:45:31.559+0000] {logging_mixin.py:188} INFO - [2026-08-21T11:45:31.559+0000] {dag.py:3036} INFO - Sync 1 DAGs
[2026-08-21T11:45:31.570+0000] {logging_mixin.py:188} INFO - [2026-08-21T11:45:31.570+0000] {dag.py:3823} INFO - Setting next_dagrun for example_params_ui_tutorial to None, run_after=None
[2026-08-21T11:45:31.698+0000] {processor.py:183} INFO - Processing /home/airflow/.local/lib/python3.8/site-packages/airflow/example_dags/example_params_ui_tutorial.py took 0.274 seconds
[2026-08-21T11:46:02.629+0000] {processor.py:161} INFO - Started process (PID=568) to work on /home/airflow/.local/lib/python3.8/site-packages/airflow/example_dags/example_params_ui_tutorial.py
[2026-08-21T11:46:02.630+0000] {processor.py:830} INFO - Processing file /home/airflow/.local/lib/python3.8/site-packages/airflow/example_dags/example_params_ui_tutorial.py for tasks to queue
[2026-08-21T11:46:02.632+0000] {logging_mixin.py:188} INFO - [2026-08-21T11:46:02.632+0000] {dagbag.py:538} INFO - Filling up the DagBag from /home/airflow/.local/lib/python3.8/site-packages/airflow/example_dags/example_params_ui_tutorial.py
[2026-08-21T11:46:02.643+0000] {processor.py:840} INFO - DAG(s) 'example_params_ui_tutorial' retrieved from /home/airflow/.local/lib/python3.8/site-packages/airflow/example_dags/example_params_ui_tutorial.py
[2026-08-21T11:46:02.655+0000] {logging_mixin.py:188} INFO - [2026-08-21T11:46:02.655+0000] {dag.py:3036} INFO - Sync 1 DAGs
[2026-08-21T11:46:02.669+0000] {logging_mixin.py:188} INFO - [2026-08-21T11:46:02.669+0000] {dag.py:3823} INFO - Setting next_dagrun for example_params_ui_tutorial to None, run_after=None
[2026-08-21T11:46:02.751+0000] {processor.py:183} INFO - Processing /home/airflow/.local/lib/python3.8/site-packages/airflow/example_dags/example_params_ui_tutorial.py took 0.125 seconds
[2026-08-21T11:46:32.960+0000] {processor.py:161} INFO - Started process (PID=659) to work on /home/airflow/.local/lib/python3.8/site-packages/airflow/example_dags/example_params_ui_tutorial.py
[2026-08-21T11:46:32.961+0000] {processor.py:830} INFO - Processing file /home/airflow/.local/lib/python3.8/site-packages/airflow/example_dags/example_params_ui_tutorial.py for tasks to queue
[2026-08-21T11:46:32.963+0000] {logging_mixin.py:188} INFO - [2026-08-21T11:46:32.963+0000] {dagbag.py:538} INFO - Filling up the DagBag from /home/airflow/.local/lib/python3.8/site-packages/airflow/example_dags/example_params_ui_tutorial.py
[2026-08-21T11:46:32.976+0000] {processor.py:840} INFO - DAG(s) 'example_params_ui_tutorial' retrieved from /home/airflow/.local/lib/python3.8/site-packages/airflow/example_dags/example_params_ui_tutorial.py
[2026-08-21T11:46:32.990+0000] {logging_mixin.py:188} INFO - [2026-08-21T11:46:32.990+0000] {dag.py:3036} INFO - Sync 1 DAGs
[2026-08-21T11:46:33.004+0000] {logging_mixin.py:188} INFO - [2026-08-21T11:46:33.004+0000] {dag.py:3823} INFO - Setting next_dagrun for example_params_ui_tutorial to None, run_after=None
[2026-08-21T11:46:33.027+0000] {processor.py:183} INFO - Processing /home/airflow/.local/lib/python3.8/site-packages/airflow/example_dags/example_params_ui_tutorial.py took 0.071 seconds
[2026-08-21T11:47:05.157+0000] {processor.py:161} INFO - Started process (PID=744) to work on /home/airflow/.local/lib/python3.8/site-packages/airflow/example_dags/example_params_ui_tutorial.py
[2026-08-21T11:47:05.158+0000] {processor.py:830} INFO - Processing file /home/airflow/.local/lib/python3.8/site-packages/airflow/example_dags/example_params_ui_tutorial.py for tasks to queue
[2026-08-21T11:47:05.160+0000] {logging_mixin.py:188} INFO - [2026-08-21T11:47:05.160+0000] {dagbag.py:538} INFO - Filling up the DagBag from /home/airflow/.local/lib/python3.8/site-packages/airflow/example_dags/example_params_ui_tutorial.py
[2026-08-21T11:47:05.173+0000] {processor.py:840} INFO - DAG(s) 'example_params_ui_tutorial' retrieved from /home/airflow/.local/lib/python3.8/site-packages/airflow/example_dags/example_params_ui_tutorial.py
[2026-08-21T11:47:05.488+0000] {logging_mixin.py:188} INFO - [2026-08-21T11:47:05.487+0000] {dag.py:3036} INFO - Sync 1 DAGs
[2026-08-21T11:47:05.502+0000] {logging_mixin.py:188} INFO - [2026-08-21T11:47:05.502+0000] {dag.py:3823} INFO - Setting next_dagrun for example_params_ui_tutorial to None, run_after=None
[2026-08-21T11:47:05.540+0000] {processor.py:183} INFO - Processing /home/airflow/.local/lib/python3.8/site-packages/airflow/example_dags/example_params_ui_tutorial.py took 0.388 seconds
[2026-08-21T11:47:35.698+0000] {processor.py:161} INFO - Started process (PID=830) to work on /home/airflow/.local/lib/python3.8/site-packages/airflow/example_dags/example_params_ui_tutorial.py
[2026-08-21T11:47:35.699+0000] {processor.py:830} INFO - Processing file /home/airflow/.local/lib/python3.8/site-packages/airflow/example_dags/example_params_ui_tutorial.py for tasks to queue
[2026-08-21T11:47:35.701+0000] {logging_mixin.py:188} INFO - [2026-08-21T11:47:35.701+0000] {dagbag.py:538} INFO - Filling up the DagBag from /home/airflow/.local/lib/python3.8/site-packages/airflow/example_dags/example_params_ui_tutorial.py
[2026-08-21T11:47:35.716+0000] {processor.py:840} INFO - DAG(s) 'example_params_ui_tutorial' retrieved from /home/airflow/.local/lib/python3.8/site-packages/airflow/example_dags/example_params_ui_tutorial.py
[2026-08-21T11:47:35.766+0000] {logging_mixin.py:188} INFO - [2026-08-21T11:47:35.766+0000] {dag.py:3036} INFO - Sync 1 DAGs
[2026-08-21T11:47:35.776+0000] {logging_mixin.py:188} INFO - [2026-08-21T11:47:35.776+0000] {dag.py:3823} INFO - Setting next_dagrun for example_params_ui_tutorial to None, run_after=None
[2026-08-21T11:47:35.933+0000] {processor.py:183} INFO - Processing /home/airflow/.local/lib/python3.8/site-packages/airflow/example_dags/example_params_ui_tutorial.py took 0.238 seconds
[2026-08-21T11:48:06.050+0000] {processor.py:161} INFO - Started process (PID=917) to work on /home/airflow/.local/lib/python3.8/site-packages/airflow/example_dags/example_params_ui_tutorial.py
[2026-08-21T11:48:06.051+0000] {processor.py:830} INFO - Processing file /home/airflow/.local/lib/python3.8/site-packages/airflow/example_dags/example_params_ui_tutorial.py for tasks to queue
[2026-08-21T11:48:06.053+0000] {logging_mixin.py:188} INFO - [2026-08-21T11:48:06.053+0000] {dagbag.py:538} INFO - Filling up the DagBag from /home/airflow/.local/lib/python3.8/site-packages/airflow/example_dags/example_params_ui_tutorial.py
[2026-08-21T11:48:06.065+0000] {processor.py:840} INFO - DAG(s) 'example_params_ui_tutorial' retrieved from /home/airflow/.local/lib/python3.8/site-packages/airflow/example_dags/example_params_ui_tutorial.py
[2026-08-21T11:48:06.117+0000] {logging_mixin.py:188} INFO - [2026-08-21T11:48:06.117+0000] {dag.py:3036} INFO - Sync 1 DAGs
[2026-08-21T11:48:06.129+0000] {logging_mixin.py:188} INFO - [2026-08-21T11:48:06.129+0000] {dag.py:3823} INFO - Setting next_dagrun for example_params_ui_tutorial to None, run_after=None
[2026-08-21T11:48:06.175+0000] {processor.py:183} INFO - Processing /home/airflow/.local/lib/python3.8/site-packages/airflow/example_dags/example_params_ui_tutorial.py took 0.129 seconds
[2026-08-21T11:48:45.904+0000] {processor.py:161} INFO - Started process (PID=94) to work on /home/airflow/.local/lib/python3.8/site-packages/airflow/example_dags/example_params_ui_tutorial.py
[2026-08-21T11:48:45.906+0000] {processor.py:830} INFO - Processing file /home/airflow/.local/lib/python3.8/site-packages/airflow/example_dags/example_params_ui_tutorial.py for tasks to queue
[2026-08-21T11:48:45.908+0000] {logging_mixin.py:188} INFO - [2026-08-21T11:48:45.907+0000] {dagbag.py:538} INFO - Filling up the DagBag from /home/airflow/.local/lib/python3.8/site-packages/airflow/example_dags/example_params_ui_tutorial.py
[2026-08-21T11:48:45.924+0000] {processor.py:840} INFO - DAG(s) 'example_params_ui_tutorial' retrieved from /home/airflow/.local/lib/python3.8/site-packages/airflow/example_dags/example_params_ui_tutorial.py
[2026-08-21T11:48:45.976+0000] {logging_mixin.py:188} INFO - [2026-08-21T11:48:45.976+0000] {dag.py:3036} INFO - Sync 1 DAGs
[2026-08-21T11:48:45.992+0000] {logging_mixin.py:188} INFO - [2026-08-21T11:48:45.992+0000] {dag.py:3823} INFO - Setting next_dagrun for example_params_ui_tutorial to None, run_after=None
[2026-08-21T11:48:46.053+0000] {processor.py:183} INFO - Processing /home/airflow/.local/lib/python3.8/site-packages/airflow/example_dags/example_params_ui_tutorial.py took 0.153 seconds
[2026-08-21T11:49:17.227+0000] {processor.py:161} INFO - Started process (PID=182) to work on /home/airflow/.local/lib/python3.8/site-packages/airflow/example_dags/example_params_ui_tutorial.py
[2026-08-21T11:49:17.228+0000] {processor.py:830} INFO - Processing file /home/airflow/.local/lib/python3.8/site-packages/airflow/example_dags/example_params_ui_tutorial.py for tasks to queue
[2026-08-21T11:49:17.231+0000] {logging_mixin.py:188} INFO - [2026-08-21T11:49:17.230+0000] {dagbag.py:538} INFO - Filling up the DagBag from /home/airflow/.local/lib/python3.8/site-packages/airflow/example_dags/example_params_ui_tutorial.py
[2026-08-21T11:49:17.242+0000] {processor.py:840} INFO - DAG(s) 'example_params_ui_tutorial' retrieved from /home/airflow/.local/lib/python3.8/site-packages/airflow/example_dags/example_params_ui_tutorial.py
[2026-08-21T11:49:17.295+0000] {logging_mixin.py:188} INFO - [2026-08-21T11:49:17.295+0000] {dag.py:3036} INFO - Sync 1 DAGs
[2026-08-21T11:49:17.307+0000] {logging_mixin.py:188} INFO - [2026-08-21T11:49:17.306+0000] {dag.py:3823} INFO - Setting next_dagrun for example_params_ui_tutorial to None, run_after=None
[2026-08-21T11:49:17.425+0000] {processor.py:183} INFO - Processing /home/airflow/.local/lib/python3.8/site-packages/airflow/example_dags/example_params_ui_tutorial.py took 0.201 seconds
[2026-08-21T11:49:47.846+0000] {processor.py:161} INFO - Started process (PID=271) to work on /home/airflow/.local/lib/python3.8/site-packages/airflow/example_dags/example_params_ui_tutorial.py
[2026-08-21T11:49:47.847+0000] {processor.py:830} INFO - Processing file /home/airflow/.local/lib/python3.8/site-packages/airflow/example_dags/example_params_ui_tutorial.py for tasks to queue
[2026-08-21T11:49:47.849+0000] {logging_mixin.py:188} INFO - [2026-08-21T11:49:47.849+0000] {dagbag.py:538} INFO - Filling up the DagBag from /home/airflow/.local/lib/python3.8/site-packages/airflow/example_dags/example_params_ui_tutorial.py
[2026-08-21T11:49:47.861+0000] {processor.py:840} INFO - DAG(s) 'example_params_ui_tutorial' retrieved from /home/airflow/.local/lib/python3.8/site-packages/airflow/example_dags/example_params_ui_tutorial.py
[2026-08-21T11:49:47.915+0000] {logging_mixin.py:188} INFO - [2026-08-21T11:49:47.915+0000] {dag.py:3036} INFO - Sync 1 DAGs
[2026-08-21T11:49:47.926+0000] {logging_mixin.py:188} INFO - [2026-08-21T11:49:47.926+0000] {dag.py:3823} INFO - Setting next_dagrun for example_params_ui_tutorial to None, run_after=None
[2026-08-21T11:49:47.944+0000] {processor.py:183} INFO - Processing /home/airflow/.local/lib/python3.8/site-packages/airflow/example_dags/example_params_ui_tutorial.py took 0.102 seconds
[2026-08-21T11:50:18.745+0000] {processor.py:161} INFO - Started process (PID=359) to work on /home/airflow/.local/lib/python3.8/site-packages/airflow/example_dags/example_params_ui_tutorial.py
[2026-08-21T11:50:18.747+0000] {processor.py:830} INFO - Processing file /home/airflow/.local/lib/python3.8/site-packages/airflow/example_dags/example_params_ui_tutorial.py for tasks to queue
[2026-08-21T11:50:18.749+0000] {logging_mixin.py:188} INFO - [2026-08-21T11:50:18.749+0000] {dagbag.py:538} INFO - Filling up the DagBag from /home/airflow/.local/lib/python3.8/site-packages/airflow/example_dags/example_params_ui_tutorial.py
[2026-08-21T11:50:18.761+0000] {processor.py:840} INFO - DAG(s) 'example_params_ui_tutorial' retrieved from /home/airflow/.local/lib/python3.8/site-packages/airflow/example_dags/example_params_ui_tutorial.py
[2026-08-21T11:50:18.812+0000] {logging_mixin.py:188} INFO - [2026-08-21T11:50:18.812+0000] {dag.py:3036} INFO - Sync 1 DAGs
[2026-08-21T11:50:18.823+0000] {logging_mixin.py:188} INFO - [2026-08-21T11:50:18.823+0000] {dag.py:3823} INFO - Setting next_dagrun for example_params_ui_tutorial to None, run_after=None
[2026-08-21T11:50:18.842+0000] {processor.py:183} INFO - Processing /home/airflow/.local/lib/python3.8/site-packages/airflow/example_dags/example_params_ui_tutorial.py took 0.100 seconds
[2026-08-21T11:50:50.259+0000] {processor.py:161} INFO - Started process (PID=447) to work on /home/airflow/.local/lib/python3.8/site-packages/airflow/example_dags/example_params_ui_tutorial.py
[2026-08-21T11:50:50.261+0000] {processor.py:830} INFO - Processing file /home/airflow/.local/lib/python3.8/site-packages/airflow/example_dags/example_params_ui_tutorial.py for tasks to queue
[2026-08-21T11:50:50.277+0000] {logging_mixin.py:188} INFO - [2026-08-21T11:50:50.276+0000] {dagbag.py:538} INFO - Filling up the DagBag from /home/airflow/.local/lib/python3.8/site-packages/airflow/example_dags/example_params_ui_tutorial.py
[2026-08-21T11:50:50.305+0000] {processor.py:840} INFO - DAG(s) 'example_params_ui_tutorial' retrieved from /home/airflow/.local/lib/python3.8/site-packages/airflow/example_dags/example_params_ui_tutorial.py
[2026-08-21T11:50:50.417+0000] {logging_mixin.py:188} INFO - [2026-08-21T11:50:50.416+0000] {dag.py:3036} INFO - Sync 1 DAGs
[2026-08-21T11:50:50.437+0000] {logging_mixin.py:188} INFO - [2026-08-21T11:50:50.436+0000] {dag.py:3823} INFO - Setting next_dagrun for example_params_ui_tutorial to None, run_after=None
[2026-08-21T11:50:50.483+0000] {processor.py:183} INFO - Processing /home/airflow/.local/lib/python3.8/site-packages/airflow/example_dags/example_params_ui_tutorial.py took 0.232 seconds
[2026-08-21T11:51:20.548+0000] {processor.py:161} INFO - Started process (PID=535) to work on /home/airflow/.local/lib/python3.8/site-packages/airflow/example_dags/example_params_ui_tutorial.py
[2026-08-21T11:51:20.550+0000] {processor.py:830} INFO - Processing file /home/airflow/.local/lib/python3.8/site-packages/airflow/example_dags/example_params_ui_tutorial.py for tasks to queue
[2026-08-21T11:51:20.552+0000] {logging_mixin.py:188} INFO - [2026-08-21T11:51:20.551+0000] {dagbag.py:538} INFO - Filling up the DagBag from /home/airflow/.local/lib/python3.8/site-packages/airflow/example_dags/example_params_ui_tutorial.py
[2026-08-21T11:51:20.563+0000] {processor.py:840} INFO - DAG(s) 'example_params_ui_tutorial' retrieved from /home/airflow/.local/lib/python3.8/site-packages/airflow/example_dags/example_params_ui_tutorial.py
[2026-08-21T11:51:20.611+0000] {logging_mixin.py:188} INFO - [2026-08-21T11:51:20.611+0000] {dag.py:3036} INFO - Sync 1 DAGs
[2026-08-21T11:51:20.621+0000] {logging_mixin.py:188} INFO - [2026-08-21T11:51:20.621+0000] {dag.py:3823} INFO - Setting next_dagrun for example_params_ui_tutorial to None, run_after=None
[2026-08-21T11:51:20.638+0000] {processor.py:183} INFO - Processing /home/airflow/.local/lib/python3.8/site-packages/airflow/example_dags/example_params_ui_tutorial.py took 0.093 seconds
[2026-08-21T11:51:51.254+0000] {processor.py:161} INFO - Started process (PID=623) to work on /home/airflow/.local/lib/python3.8/site-packages/airflow/example_dags/example_params_ui_tutorial.py
[2026-08-21T11:51:51.256+0000] {processor.py:830} INFO - Processing file /home/airflow/.local/lib/python3.8/site-packages/airflow/example_dags/example_params_ui_tutorial.py for tasks to queue
[2026-08-21T11:51:51.258+0000] {logging_mixin.py:188} INFO - [2026-08-21T11:51:51.257+0000] {dagbag.py:538} INFO - Filling up the DagBag from /home/airflow/.local/lib/python3.8/site-packages/airflow/example_dags/example_params_ui_tutorial.py
[2026-08-21T11:51:51.270+0000] {processor.py:840} INFO - DAG(s) 'example_params_ui_tutorial' retrieved from /home/airflow/.local/lib/python3.8/site-packages/airflow/example_dags/example_params_ui_tutorial.py
[2026-08-21T11:51:51.324+0000] {logging_mixin.py:188} INFO - [2026-08-21T11:51:51.323+0000] {dag.py:3036} INFO - Sync 1 DAGs
[2026-08-21T11:51:51.335+0000] {logging_mixin.py:188} INFO - [2026-08-21T11:51:51.335+0000] {dag.py:3823} INFO - Setting next_dagrun for example_params_ui_tutorial to None, run_after=None
[2026-08-21T11:51:51.353+0000] {processor.py:183} INFO - Processing /home/airflow/.local/lib/python3.8/site-packages/airflow/example_dags/example_params_ui_tutorial.py took 0.102 seconds
[2026-08-21T11:52:22.099+0000] {processor.py:161} INFO - Started process (PID=711) to work on /home/airflow/.local/lib/python3.8/site-packages/airflow/example_dags/example_params_ui_tutorial.py
[2026-08-21T11:52:22.100+0000] {processor.py:830} INFO - Processing file /home/airflow/.local/lib/python3.8/site-packages/airflow/example_dags/example_params_ui_tutorial.py for tasks to queue
[2026-08-21T11:52:22.102+0000] {logging_mixin.py:188} INFO - [2026-08-21T11:52:22.102+0000] {dagbag.py:538} INFO - Filling up the DagBag from /home/airflow/.local/lib/python3.8/site-packages/airflow/example_dags/example_params_ui_tutorial.py
[2026-08-21T11:52:22.114+0000] {processor.py:840} INFO - DAG(s) 'example_params_ui_tutorial' retrieved from /home/airflow/.local/lib/python3.8/site-packages/airflow/example_dags/example_params_ui_tutorial.py
[2026-08-21T11:52:22.165+0000] {logging_mixin.py:188} INFO - [2026-08-21T11:52:22.165+0000] {dag.py:3036} INFO - Sync 1 DAGs
[2026-08-21T11:52:22.177+0000] {logging_mixin.py:188} INFO - [2026-08-21T11:52:22.176+0000] {dag.py:3823} INFO - Setting next_dagrun for example_params_ui_tutorial to None, run_after=None
[2026-08-21T11:52:22.196+0000] {processor.py:183} INFO - Processing /home/airflow/.local/lib/python3.8/site-packages/airflow/example_dags/example_params_ui_tutorial.py took 0.101 seconds
[2026-08-21T11:52:52.607+0000] {processor.py:161} INFO - Started process (PID=799) to work on /home/airflow/.local/lib/python3.8/site-packages/airflow/example_dags/example_params_ui_tutorial.py
[2026-08-21T11:52:52.608+0000] {processor.py:830} INFO - Processing file /home/airflow/.local/lib/python3.8/site-packages/airflow/example_dags/example_params_ui_tutorial.py for tasks to queue
[2026-08-21T11:52:52.611+0000] {logging_mixin.py:188} INFO - [2026-08-21T11:52:52.611+0000] {dagbag.py:538} INFO - Filling up the DagBag from /home/airflow/.local/lib/python3.8/site-packages/airflow/example_dags/example_params_ui_tutorial.py
[2026-08-21T11:52:52.624+0000] {processor.py:840} INFO - DAG(s) 'example_params_ui_tutorial' retrieved from /home/airflow/.local/lib/python3.8/site-packages/airflow/example_dags/example_params_ui_tutorial.py
[2026-08-21T11:52:52.677+0000] {logging_mixin.py:188} INFO - [2026-08-21T11:52:52.676+0000] {dag.py:3036} INFO - Sync 1 DAGs
[2026-08-21T11:52:52.688+0000] {logging_mixin.py:188} INFO - [2026-08-21T11:52:52.688+0000] {dag.py:3823} INFO - Setting next_dagrun for example_params_ui_tutorial to None, run_after=None
[2026-08-21T11:52:52.707+0000] {processor.py:183} INFO - Processing /home/airflow/.local/lib/python3.8/site-packages/airflow/example_dags/example_params_ui_tutorial.py took 0.104 seconds
[2026-08-21T11:53:23.252+0000] {processor.py:161} INFO - Started process (PID=887) to work on /home/airflow/.local/lib/python3.8/site-packages/airflow/example_dags/example_params_ui_tutorial.py
[2026-08-21T11:53:23.253+0000] {processor.py:830} INFO - Processing file /home/airflow/.local/lib/python3.8/site-packages/airflow/example_dags/example_params_ui_tutorial.py for tasks to queue
[2026-08-21T11:53:23.255+0000] {logging_mixin.py:188} INFO - [2026-08-21T11:53:23.255+0000] {dagbag.py:538} INFO - Filling up the DagBag from /home/airflow/.local/lib/python3.8/site-packages/airflow/example_dags/example_params_ui_tutorial.py
[2026-08-21T11:53:23.268+0000] {processor.py:840} INFO - DAG(s) 'example_params_ui_tutorial' retrieved from /home/airflow/.local/lib/python3.8/site-packages/airflow/example_dags/example_params_ui_tutorial.py
[2026-08-21T11:53:23.317+0000] {logging_mixin.py:188} INFO - [2026-08-21T11:53:23.317+0000] {dag.py:3036} INFO - Sync 1 DAGs
[2026-08-21T11:53:23.327+0000] {logging_mixin.py:188} INFO - [2026-08-21T11:53:23.327+0000] {dag.py:3823} INFO - Setting next_dagrun for example_params_ui_tutorial to None, run_after=None
[2026-08-21T11:53:23.345+0000] {processor.py:183} INFO - Processing /home/airflow/.local/lib/python3.8/site-packages/airflow/example_dags/example_params_ui_tutorial.py took 0.097 seconds
[2026-08-21T11:53:54.894+0000] {processor.py:161} INFO - Started process (PID=974) to work on /home/airflow/.local/lib/python3.8/site-packages/airflow/example_dags/example_params_ui_tutorial.py
[2026-08-21T11:53:54.895+0000] {processor.py:830} INFO - Processing file /home/airflow/.local/lib/python3.8/site-packages/airflow/example_dags/example_params_ui_tutorial.py for tasks to queue
[2026-08-21T11:53:54.898+0000] {logging_mixin.py:188} INFO - [2026-08-21T11:53:54.897+0000] {dagbag.py:538} INFO - Filling up the DagBag from /home/airflow/.local/lib/python3.8/site-packages/airflow/example_dags/example_params_ui_tutorial.py
[2026-08-21T11:53:54.910+0000] {processor.py:840} INFO - DAG(s) 'example_params_ui_tutorial' retrieved from /home/airflow/.local/lib/python3.8/site-packages/airflow/example_dags/example_params_ui_tutorial.py
[2026-08-21T11:53:54.960+0000] {logging_mixin.py:188} INFO - [2026-08-21T11:53:54.959+0000] {dag.py:3036} INFO - Sync 1 DAGs
[2026-08-21T11:53:54.970+0000] {logging_mixin.py:188} INFO - [2026-08-21T11:53:54.970+0000] {dag.py:3823} INFO - Setting next_dagrun for example_params_ui_tutorial to None, run_after=None
[2026-08-21T11:53:54.992+0000] {processor.py:183} INFO - Processing /home/airflow/.local/lib/python3.8/site-packages/airflow/example_dags/example_params_ui_tutorial.py took 0.102 seconds
[2026-08-21T11:54:26.166+0000] {processor.py:161} INFO - Started process (PID=1061) to work on /home/airflow/.local/lib/python3.8/site-packages/airflow/example_dags/example_params_ui_tutorial.py
[2026-08-21T11:54:26.167+0000] {processor.py:830} INFO - Processing file /home/airflow/.local/lib/python3.8/site-packages/airflow/example_dags/example_params_ui_tutorial.py for tasks to queue
[2026-08-21T11:54:26.169+0000] {logging_mixin.py:188} INFO - [2026-08-21T11:54:26.169+0000] {dagbag.py:538} INFO - Filling up the DagBag from /home/airflow/.local/lib/python3.8/site-packages/airflow/example_dags/example_params_ui_tutorial.py
[2026-08-21T11:54:26.181+0000] {processor.py:840} INFO - DAG(s) 'example_params_ui_tutorial' retrieved from /home/airflow/.local/lib/python3.8/site-packages/airflow/example_dags/example_params_ui_tutorial.py
[2026-08-21T11:54:26.233+0000] {logging_mixin.py:188} INFO - [2026-08-21T11:54:26.233+0000] {dag.py:3036} INFO - Sync 1 DAGs
[2026-08-21T11:54:26.245+0000] {logging_mixin.py:188} INFO - [2026-08-21T11:54:26.245+0000] {dag.py:3823} INFO - Setting next_dagrun for example_params_ui_tutorial to None, run_after=None
[2026-08-21T11:54:26.266+0000] {processor.py:183} INFO - Processing /home/airflow/.local/lib/python3.8/site-packages/airflow/example_dags/example_params_ui_tutorial.py took 0.105 seconds
[2026-08-21T11:54:57.332+0000] {processor.py:161} INFO - Started process (PID=1148) to work on /home/airflow/.local/lib/python3.8/site-packages/airflow/example_dags/example_params_ui_tutorial.py
[2026-08-21T11:54:57.334+0000] {processor.py:830} INFO - Processing file /home/airflow/.local/lib/python3.8/site-packages/airflow/example_dags/example_params_ui_tutorial.py for tasks to queue
[2026-08-21T11:54:57.340+0000] {logging_mixin.py:188} INFO - [2026-08-21T11:54:57.338+0000] {dagbag.py:538} INFO - Filling up the DagBag from /home/airflow/.local/lib/python3.8/site-packages/airflow/example_dags/example_params_ui_tutorial.py
[2026-08-21T11:54:57.353+0000] {processor.py:840} INFO - DAG(s) 'example_params_ui_tutorial' retrieved from /home/airflow/.local/lib/python3.8/site-packages/airflow/example_dags/example_params_ui_tutorial.py
[2026-08-21T11:54:57.417+0000] {logging_mixin.py:188} INFO - [2026-08-21T11:54:57.416+0000] {dag.py:3036} INFO - Sync 1 DAGs
[2026-08-21T11:54:57.433+0000] {logging_mixin.py:188} INFO - [2026-08-21T11:54:57.433+0000] {dag.py:3823} INFO - Setting next_dagrun for example_params_ui_tutorial to None, run_after=None
[2026-08-21T11:54:57.461+0000] {processor.py:183} INFO - Processing /home/airflow/.local/lib/python3.8/site-packages/airflow/example_dags/example_params_ui_tutorial.py took 0.134 seconds
[2026-08-21T11:55:27.952+0000] {processor.py:161} INFO - Started process (PID=1236) to work on /home/airflow/.local/lib/python3.8/site-packages/airflow/example_dags/example_params_ui_tutorial.py
[2026-08-21T11:55:27.954+0000] {processor.py:830} INFO - Processing file /home/airflow/.local/lib/python3.8/site-packages/airflow/example_dags/example_params_ui_tutorial.py for tasks to queue
[2026-08-21T11:55:27.957+0000] {logging_mixin.py:188} INFO - [2026-08-21T11:55:27.956+0000] {dagbag.py:538} INFO - Filling up the DagBag from /home/airflow/.local/lib/python3.8/site-packages/airflow/example_dags/example_params_ui_tutorial.py
[2026-08-21T11:55:27.969+0000] {processor.py:840} INFO - DAG(s) 'example_params_ui_tutorial' retrieved from /home/airflow/.local/lib/python3.8/site-packages/airflow/example_dags/example_params_ui_tutorial.py
[2026-08-21T11:55:28.035+0000] {logging_mixin.py:188} INFO - [2026-08-21T11:55:28.035+0000] {dag.py:3036} INFO - Sync 1 DAGs
[2026-08-21T11:55:28.054+0000] {logging_mixin.py:188} INFO - [2026-08-21T11:55:28.054+0000] {dag.py:3823} INFO - Setting next_dagrun for example_params_ui_tutorial to None, run_after=None
[2026-08-21T11:55:28.079+0000] {processor.py:183} INFO - Processing /home/airflow/.local/lib/python3.8/site-packages/airflow/example_dags/example_params_ui_tutorial.py took 0.131 seconds
[2026-08-21T11:55:59.146+0000] {processor.py:161} INFO - Started process (PID=1323) to work on /home/airflow/.local/lib/python3.8/site-packages/airflow/example_dags/example_params_ui_tutorial.py
[2026-08-21T11:55:59.147+0000] {processor.py:830} INFO - Processing file /home/airflow/.local/lib/python3.8/site-packages/airflow/example_dags/example_params_ui_tutorial.py for tasks to queue
[2026-08-21T11:55:59.150+0000] {logging_mixin.py:188} INFO - [2026-08-21T11:55:59.149+0000] {dagbag.py:538} INFO - Filling up the DagBag from /home/airflow/.local/lib/python3.8/site-packages/airflow/example_dags/example_params_ui_tutorial.py
[2026-08-21T11:55:59.162+0000] {processor.py:840} INFO - DAG(s) 'example_params_ui_tutorial' retrieved from /home/airflow/.local/lib/python3.8/site-packages/airflow/example_dags/example_params_ui_tutorial.py
[2026-08-21T11:55:59.220+0000] {logging_mixin.py:188} INFO - [2026-08-21T11:55:59.220+0000] {dag.py:3036} INFO - Sync 1 DAGs
[2026-08-21T11:55:59.233+0000] {logging_mixin.py:188} INFO - [2026-08-21T11:55:59.232+0000] {dag.py:3823} INFO - Setting next_dagrun for example_params_ui_tutorial to None, run_after=None
[2026-08-21T11:55:59.251+0000] {processor.py:183} INFO - Processing /home/airflow/.local/lib/python3.8/site-packages/airflow/example_dags/example_params_ui_tutorial.py took 0.109 seconds
[2026-08-21T11:56:29.615+0000] {processor.py:161} INFO - Started process (PID=1410) to work on /home/airflow/.local/lib/python3.8/site-packages/airflow/example_dags/example_params_ui_tutorial.py
[2026-08-21T11:56:29.616+0000] {processor.py:830} INFO - Processing file /home/airflow/.local/lib/python3.8/site-packages/airflow/example_dags/example_params_ui_tutorial.py for tasks to queue
[2026-08-21T11:56:29.619+0000] {logging_mixin.py:188} INFO - [2026-08-21T11:56:29.618+0000] {dagbag.py:538} INFO - Filling up the DagBag from /home/airflow/.local/lib/python3.8/site-packages/airflow/example_dags/example_params_ui_tutorial.py
[2026-08-21T11:56:29.632+0000] {processor.py:840} INFO - DAG(s) 'example_params_ui_tutorial' retrieved from /home/airflow/.local/lib/python3.8/site-packages/airflow/example_dags/example_params_ui_tutorial.py
[2026-08-21T11:56:29.714+0000] {logging_mixin.py:188} INFO - [2026-08-21T11:56:29.714+0000] {dag.py:3036} INFO - Sync 1 DAGs
[2026-08-21T11:56:29.729+0000] {logging_mixin.py:188} INFO - [2026-08-21T11:56:29.728+0000] {dag.py:3823} INFO - Setting next_dagrun for example_params_ui_tutorial to None, run_after=None
[2026-08-21T11:56:29.751+0000] {processor.py:183} INFO - Processing /home/airflow/.local/lib/python3.8/site-packages/airflow/example_dags/example_params_ui_tutorial.py took 0.140 seconds
[2026-08-21T11:57:02.553+0000] {processor.py:161} INFO - Started process (PID=1497) to work on /home/airflow/.local/lib/python3.8/site-packages/airflow/example_dags/example_params_ui_tutorial.py
[2026-08-21T11:57:02.555+0000] {processor.py:830} INFO - Processing file /home/airflow/.local/lib/python3.8/site-packages/airflow/example_dags/example_params_ui_tutorial.py for tasks to queue
[2026-08-21T11:57:02.557+0000] {logging_mixin.py:188} INFO - [2026-08-21T11:57:02.556+0000] {dagbag.py:538} INFO - Filling up the DagBag from /home/airflow/.local/lib/python3.8/site-packages/airflow/example_dags/example_params_ui_tutorial.py
[2026-08-21T11:57:02.569+0000] {processor.py:840} INFO - DAG(s) 'example_params_ui_tutorial' retrieved from /home/airflow/.local/lib/python3.8/site-packages/airflow/example_dags/example_params_ui_tutorial.py
[2026-08-21T11:57:02.624+0000] {logging_mixin.py:188} INFO - [2026-08-21T11:57:02.624+0000] {dag.py:3036} INFO - Sync 1 DAGs
[2026-08-21T11:57:02.645+0000] {logging_mixin.py:188} INFO - [2026-08-21T11:57:02.644+0000] {dag.py:3823} INFO - Setting next_dagrun for example_params_ui_tutorial to None, run_after=None
[2026-08-21T11:57:02.690+0000] {processor.py:183} INFO - Processing /home/airflow/.local/lib/python3.8/site-packages/airflow/example_dags/example_params_ui_tutorial.py took 0.141 seconds
[2026-08-21T11:57:33.913+0000] {processor.py:161} INFO - Started process (PID=1585) to work on /home/airflow/.local/lib/python3.8/site-packages/airflow/example_dags/example_params_ui_tutorial.py
[2026-08-21T11:57:33.914+0000] {processor.py:830} INFO - Processing file /home/airflow/.local/lib/python3.8/site-packages/airflow/example_dags/example_params_ui_tutorial.py for tasks to queue
[2026-08-21T11:57:33.917+0000] {logging_mixin.py:188} INFO - [2026-08-21T11:57:33.917+0000] {dagbag.py:538} INFO - Filling up the DagBag from /home/airflow/.local/lib/python3.8/site-packages/airflow/example_dags/example_params_ui_tutorial.py
[2026-08-21T11:57:33.935+0000] {processor.py:840} INFO - DAG(s) 'example_params_ui_tutorial' retrieved from /home/airflow/.local/lib/python3.8/site-packages/airflow/example_dags/example_params_ui_tutorial.py
[2026-08-21T11:57:33.951+0000] {logging_mixin.py:188} INFO - [2026-08-21T11:57:33.951+0000] {dag.py:3036} INFO - Sync 1 DAGs
[2026-08-21T11:57:33.973+0000] {logging_mixin.py:188} INFO - [2026-08-21T11:57:33.972+0000] {dag.py:3823} INFO - Setting next_dagrun for example_params_ui_tutorial to None, run_after=None
[2026-08-21T11:57:34.006+0000] {processor.py:183} INFO - Processing /home/airflow/.local/lib/python3.8/site-packages/airflow/example_dags/example_params_ui_tutorial.py took 0.098 seconds
[2026-08-21T11:58:04.586+0000] {processor.py:161} INFO - Started process (PID=1672) to work on /home/airflow/.local/lib/python3.8/site-packages/airflow/example_dags/example_params_ui_tutorial.py
[2026-08-21T11:58:04.588+0000] {processor.py:830} INFO - Processing file /home/airflow/.local/lib/python3.8/site-packages/airflow/example_dags/example_params_ui_tutorial.py for tasks to queue
[2026-08-21T11:58:04.592+0000] {logging_mixin.py:188} INFO - [2026-08-21T11:58:04.591+0000] {dagbag.py:538} INFO - Filling up the DagBag from /home/airflow/.local/lib/python3.8/site-packages/airflow/example_dags/example_params_ui_tutorial.py
[2026-08-21T11:58:04.613+0000] {processor.py:840} INFO - DAG(s) 'example_params_ui_tutorial' retrieved from /home/airflow/.local/lib/python3.8/site-packages/airflow/example_dags/example_params_ui_tutorial.py
[2026-08-21T11:58:04.631+0000] {logging_mixin.py:188} INFO - [2026-08-21T11:58:04.631+0000] {dag.py:3036} INFO - Sync 1 DAGs
[2026-08-21T11:58:04.651+0000] {logging_mixin.py:188} INFO - [2026-08-21T11:58:04.651+0000] {dag.py:3823} INFO - Setting next_dagrun for example_params_ui_tutorial to None, run_after=None
[2026-08-21T11:58:04.685+0000] {processor.py:183} INFO - Processing /home/airflow/.local/lib/python3.8/site-packages/airflow/example_dags/example_params_ui_tutorial.py took 0.104 seconds
[2026-08-21T11:58:37.445+0000] {processor.py:161} INFO - Started process (PID=1759) to work on /home/airflow/.local/lib/python3.8/site-packages/airflow/example_dags/example_params_ui_tutorial.py
[2026-08-21T11:58:37.447+0000] {processor.py:830} INFO - Processing file /home/airflow/.local/lib/python3.8/site-packages/airflow/example_dags/example_params_ui_tutorial.py for tasks to queue
[2026-08-21T11:58:37.450+0000] {logging_mixin.py:188} INFO - [2026-08-21T11:58:37.450+0000] {dagbag.py:538} INFO - Filling up the DagBag from /home/airflow/.local/lib/python3.8/site-packages/airflow/example_dags/example_params_ui_tutorial.py
[2026-08-21T11:58:37.473+0000] {processor.py:840} INFO - DAG(s) 'example_params_ui_tutorial' retrieved from /home/airflow/.local/lib/python3.8/site-packages/airflow/example_dags/example_params_ui_tutorial.py
[2026-08-21T11:58:37.500+0000] {logging_mixin.py:188} INFO - [2026-08-21T11:58:37.500+0000] {dag.py:3036} INFO - Sync 1 DAGs
[2026-08-21T11:58:37.520+0000] {logging_mixin.py:188} INFO - [2026-08-21T11:58:37.519+0000] {dag.py:3823} INFO - Setting next_dagrun for example_params_ui_tutorial to None, run_after=None
[2026-08-21T11:58:37.558+0000] {processor.py:183} INFO - Processing /home/airflow/.local/lib/python3.8/site-packages/airflow/example_dags/example_params_ui_tutorial.py took 0.120 seconds
[2026-08-21T11:59:08.419+0000] {processor.py:161} INFO - Started process (PID=1846) to work on /home/airflow/.local/lib/python3.8/site-packages/airflow/example_dags/example_params_ui_tutorial.py
[2026-08-21T11:59:08.420+0000] {processor.py:830} INFO - Processing file /home/airflow/.local/lib/python3.8/site-packages/airflow/example_dags/example_params_ui_tutorial.py for tasks to queue
[2026-08-21T11:59:08.422+0000] {logging_mixin.py:188} INFO - [2026-08-21T11:59:08.422+0000] {dagbag.py:538} INFO - Filling up the DagBag from /home/airflow/.local/lib/python3.8/site-packages/airflow/example_dags/example_params_ui_tutorial.py
[2026-08-21T11:59:08.434+0000] {processor.py:840} INFO - DAG(s) 'example_params_ui_tutorial' retrieved from /home/airflow/.local/lib/python3.8/site-packages/airflow/example_dags/example_params_ui_tutorial.py
[2026-08-21T11:59:08.555+0000] {logging_mixin.py:188} INFO - [2026-08-21T11:59:08.555+0000] {dag.py:3036} INFO - Sync 1 DAGs
[2026-08-21T11:59:08.569+0000] {logging_mixin.py:188} INFO - [2026-08-21T11:59:08.569+0000] {dag.py:3823} INFO - Setting next_dagrun for example_params_ui_tutorial to None, run_after=None
[2026-08-21T11:59:08.591+0000] {processor.py:183} INFO - Processing /home/airflow/.local/lib/python3.8/site-packages/airflow/example_dags/example_params_ui_tutorial.py took 0.176 seconds
[2026-08-21T11:59:38.998+0000] {processor.py:161} INFO - Started process (PID=1933) to work on /home/airflow/.local/lib/python3.8/site-packages/airflow/example_dags/example_params_ui_tutorial.py
[2026-08-21T11:59:39.000+0000] {processor.py:830} INFO - Processing file /home/airflow/.local/lib/python3.8/site-packages/airflow/example_dags/example_params_ui_tutorial.py for tasks to queue
[2026-08-21T11:59:39.002+0000] {logging_mixin.py:188} INFO - [2026-08-21T11:59:39.002+0000] {dagbag.py:538} INFO - Filling up the DagBag from /home/airflow/.local/lib/python3.8/site-packages/airflow/example_dags/example_params_ui_tutorial.py
[2026-08-21T11:59:39.015+0000] {processor.py:840} INFO - DAG(s) 'example_params_ui_tutorial' retrieved from /home/airflow/.local/lib/python3.8/site-packages/airflow/example_dags/example_params_ui_tutorial.py
[2026-08-21T11:59:39.067+0000] {logging_mixin.py:188} INFO - [2026-08-21T11:59:39.067+0000] {dag.py:3036} INFO - Sync 1 DAGs
[2026-08-21T11:59:39.082+0000] {logging_mixin.py:188} INFO - [2026-08-21T11:59:39.081+0000] {dag.py:3823} INFO - Setting next_dagrun for example_params_ui_tutorial to None, run_after=None
[2026-08-21T11:59:39.104+0000] {processor.py:183} INFO - Processing /home/airflow/.local/lib/python3.8/site-packages/airflow/example_dags/example_params_ui_tutorial.py took 0.109 seconds
[2026-08-21T12:00:09.435+0000] {processor.py:161} INFO - Started process (PID=2021) to work on /home/airflow/.local/lib/python3.8/site-packages/airflow/example_dags/example_params_ui_tutorial.py
[2026-08-21T12:00:09.436+0000] {processor.py:830} INFO - Processing file /home/airflow/.local/lib/python3.8/site-packages/airflow/example_dags/example_params_ui_tutorial.py for tasks to queue
[2026-08-21T12:00:09.438+0000] {logging_mixin.py:188} INFO - [2026-08-21T12:00:09.437+0000] {dagbag.py:538} INFO - Filling up the DagBag from /home/airflow/.local/lib/python3.8/site-packages/airflow/example_dags/example_params_ui_tutorial.py
[2026-08-21T12:00:09.450+0000] {processor.py:840} INFO - DAG(s) 'example_params_ui_tutorial' retrieved from /home/airflow/.local/lib/python3.8/site-packages/airflow/example_dags/example_params_ui_tutorial.py
[2026-08-21T12:00:09.501+0000] {logging_mixin.py:188} INFO - [2026-08-21T12:00:09.500+0000] {dag.py:3036} INFO - Sync 1 DAGs
[2026-08-21T12:00:09.516+0000] {logging_mixin.py:188} INFO - [2026-08-21T12:00:09.516+0000] {dag.py:3823} INFO - Setting next_dagrun for example_params_ui_tutorial to None, run_after=None
[2026-08-21T12:00:09.535+0000] {processor.py:183} INFO - Processing /home/airflow/.local/lib/python3.8/site-packages/airflow/example_dags/example_params_ui_tutorial.py took 0.104 seconds
[2026-08-21T12:00:40.158+0000] {processor.py:161} INFO - Started process (PID=2108) to work on /home/airflow/.local/lib/python3.8/site-packages/airflow/example_dags/example_params_ui_tutorial.py
[2026-08-21T12:00:40.160+0000] {processor.py:830} INFO - Processing file /home/airflow/.local/lib/python3.8/site-packages/airflow/example_dags/example_params_ui_tutorial.py for tasks to queue
[2026-08-21T12:00:40.162+0000] {logging_mixin.py:188} INFO - [2026-08-21T12:00:40.162+0000] {dagbag.py:538} INFO - Filling up the DagBag from /home/airflow/.local/lib/python3.8/site-packages/airflow/example_dags/example_params_ui_tutorial.py
[2026-08-21T12:00:40.176+0000] {processor.py:840} INFO - DAG(s) 'example_params_ui_tutorial' retrieved from /home/airflow/.local/lib/python3.8/site-packages/airflow/example_dags/example_params_ui_tutorial.py
[2026-08-21T12:00:40.245+0000] {logging_mixin.py:188} INFO - [2026-08-21T12:00:40.244+0000] {dag.py:3036} INFO - Sync 1 DAGs
[2026-08-21T12:00:40.261+0000] {logging_mixin.py:188} INFO - [2026-08-21T12:00:40.261+0000] {dag.py:3823} INFO - Setting next_dagrun for example_params_ui_tutorial to None, run_after=None
[2026-08-21T12:00:40.284+0000] {processor.py:183} INFO - Processing /home/airflow/.local/lib/python3.8/site-packages/airflow/example_dags/example_params_ui_tutorial.py took 0.129 seconds
[2026-08-21T12:01:11.029+0000] {processor.py:161} INFO - Started process (PID=2195) to work on /home/airflow/.local/lib/python3.8/site-packages/airflow/example_dags/example_params_ui_tutorial.py
[2026-08-21T12:01:11.030+0000] {processor.py:830} INFO - Processing file /home/airflow/.local/lib/python3.8/site-packages/airflow/example_dags/example_params_ui_tutorial.py for tasks to queue
[2026-08-21T12:01:11.032+0000] {logging_mixin.py:188} INFO - [2026-08-21T12:01:11.032+0000] {dagbag.py:538} INFO - Filling up the DagBag from /home/airflow/.local/lib/python3.8/site-packages/airflow/example_dags/example_params_ui_tutorial.py
[2026-08-21T12:01:11.046+0000] {processor.py:840} INFO - DAG(s) 'example_params_ui_tutorial' retrieved from /home/airflow/.local/lib/python3.8/site-packages/airflow/example_dags/example_params_ui_tutorial.py
[2026-08-21T12:01:11.112+0000] {logging_mixin.py:188} INFO - [2026-08-21T12:01:11.112+0000] {dag.py:3036} INFO - Sync 1 DAGs
[2026-08-21T12:01:11.130+0000] {logging_mixin.py:188} INFO - [2026-08-21T12:01:11.129+0000] {dag.py:3823} INFO - Setting next_dagrun for example_params_ui_tutorial to None, run_after=None
[2026-08-21T12:01:11.152+0000] {processor.py:183} INFO - Processing /home/airflow/.local/lib/python3.8/site-packages/airflow/example_dags/example_params_ui_tutorial.py took 0.129 seconds
[2026-08-21T12:01:41.756+0000] {processor.py:161} INFO - Started process (PID=2282) to work on /home/airflow/.local/lib/python3.8/site-packages/airflow/example_dags/example_params_ui_tutorial.py
[2026-08-21T12:01:41.758+0000] {processor.py:830} INFO - Processing file /home/airflow/.local/lib/python3.8/site-packages/airflow/example_dags/example_params_ui_tutorial.py for tasks to queue
[2026-08-21T12:01:41.761+0000] {logging_mixin.py:188} INFO - [2026-08-21T12:01:41.760+0000] {dagbag.py:538} INFO - Filling up the DagBag from /home/airflow/.local/lib/python3.8/site-packages/airflow/example_dags/example_params_ui_tutorial.py
[2026-08-21T12:01:41.774+0000] {processor.py:840} INFO - DAG(s) 'example_params_ui_tutorial' retrieved from /home/airflow/.local/lib/python3.8/site-packages/airflow/example_dags/example_params_ui_tutorial.py
[2026-08-21T12:01:41.829+0000] {logging_mixin.py:188} INFO - [2026-08-21T12:01:41.829+0000] {dag.py:3036} INFO - Sync 1 DAGs
[2026-08-21T12:01:41.845+0000] {logging_mixin.py:188} INFO - [2026-08-21T12:01:41.845+0000] {dag.py:3823} INFO - Setting next_dagrun for example_params_ui_tutorial to None, run_after=None
[2026-08-21T12:01:41.867+0000] {processor.py:183} INFO - Processing /home/airflow/.local/lib/python3.8/site-packages/airflow/example_dags/example_params_ui_tutorial.py took 0.115 seconds
[2026-08-21T12:02:11.931+0000] {processor.py:161} INFO - Started process (PID=2367) to work on /home/airflow/.local/lib/python3.8/site-packages/airflow/example_dags/example_params_ui_tutorial.py
[2026-08-21T12:02:11.932+0000] {processor.py:830} INFO - Processing file /home/airflow/.local/lib/python3.8/site-packages/airflow/example_dags/example_params_ui_tutorial.py for tasks to queue
[2026-08-21T12:02:11.935+0000] {logging_mixin.py:188} INFO - [2026-08-21T12:02:11.934+0000] {dagbag.py:538} INFO - Filling up the DagBag from /home/airflow/.local/lib/python3.8/site-packages/airflow/example_dags/example_params_ui_tutorial.py
[2026-08-21T12:02:11.948+0000] {processor.py:840} INFO - DAG(s) 'example_params_ui_tutorial' retrieved from /home/airflow/.local/lib/python3.8/site-packages/airflow/example_dags/example_params_ui_tutorial.py
[2026-08-21T12:02:12.004+0000] {logging_mixin.py:188} INFO - [2026-08-21T12:02:12.004+0000] {dag.py:3036} INFO - Sync 1 DAGs
[2026-08-21T12:02:12.020+0000] {logging_mixin.py:188} INFO - [2026-08-21T12:02:12.019+0000] {dag.py:3823} INFO - Setting next_dagrun for example_params_ui_tutorial to None, run_after=None
[2026-08-21T12:02:12.051+0000] {processor.py:183} INFO - Processing /home/airflow/.local/lib/python3.8/site-packages/airflow/example_dags/example_params_ui_tutorial.py took 0.124 seconds
[2026-08-21T12:02:43.138+0000] {processor.py:161} INFO - Started process (PID=2454) to work on /home/airflow/.local/lib/python3.8/site-packages/airflow/example_dags/example_params_ui_tutorial.py
[2026-08-21T12:02:43.140+0000] {processor.py:830} INFO - Processing file /home/airflow/.local/lib/python3.8/site-packages/airflow/example_dags/example_params_ui_tutorial.py for tasks to queue
[2026-08-21T12:02:43.142+0000] {logging_mixin.py:188} INFO - [2026-08-21T12:02:43.142+0000] {dagbag.py:538} INFO - Filling up the DagBag from /home/airflow/.local/lib/python3.8/site-packages/airflow/example_dags/example_params_ui_tutorial.py
[2026-08-21T12:02:43.155+0000] {processor.py:840} INFO - DAG(s) 'example_params_ui_tutorial' retrieved from /home/airflow/.local/lib/python3.8/site-packages/airflow/example_dags/example_params_ui_tutorial.py
[2026-08-21T12:02:43.206+0000] {logging_mixin.py:188} INFO - [2026-08-21T12:02:43.205+0000] {dag.py:3036} INFO - Sync 1 DAGs
[2026-08-21T12:02:43.217+0000] {logging_mixin.py:188} INFO - [2026-08-21T12:02:43.217+0000] {dag.py:3823} INFO - Setting next_dagrun for example_params_ui_tutorial to None, run_after=None
[2026-08-21T12:02:43.236+0000] {processor.py:183} INFO - Processing /home/airflow/.local/lib/python3.8/site-packages/airflow/example_dags/example_params_ui_tutorial.py took 0.101 seconds
[2026-08-21T12:03:14.078+0000] {processor.py:161} INFO - Started process (PID=2548) to work on /home/airflow/.local/lib/python3.8/site-packages/airflow/example_dags/example_params_ui_tutorial.py
[2026-08-21T12:03:14.079+0000] {processor.py:830} INFO - Processing file /home/airflow/.local/lib/python3.8/site-packages/airflow/example_dags/example_params_ui_tutorial.py for tasks to queue
[2026-08-21T12:03:14.081+0000] {logging_mixin.py:188} INFO - [2026-08-21T12:03:14.081+0000] {dagbag.py:538} INFO - Filling up the DagBag from /home/airflow/.local/lib/python3.8/site-packages/airflow/example_dags/example_params_ui_tutorial.py
[2026-08-21T12:03:14.093+0000] {processor.py:840} INFO - DAG(s) 'example_params_ui_tutorial' retrieved from /home/airflow/.local/lib/python3.8/site-packages/airflow/example_dags/example_params_ui_tutorial.py
[2026-08-21T12:03:14.142+0000] {logging_mixin.py:188} INFO - [2026-08-21T12:03:14.142+0000] {dag.py:3036} INFO - Sync 1 DAGs
[2026-08-21T12:03:14.153+0000] {logging_mixin.py:188} INFO - [2026-08-21T12:03:14.153+0000] {dag.py:3823} INFO - Setting next_dagrun for example_params_ui_tutorial to None, run_after=None
[2026-08-21T12:03:14.175+0000] {processor.py:183} INFO - Processing /home/airflow/.local/lib/python3.8/site-packages/airflow/example_dags/example_params_ui_tutorial.py took 0.100 seconds
[2026-08-21T12:03:45.186+0000] {processor.py:161} INFO - Started process (PID=2636) to work on /home/airflow/.local/lib/python3.8/site-packages/airflow/example_dags/example_params_ui_tutorial.py
[2026-08-21T12:03:45.187+0000] {processor.py:830} INFO - Processing file /home/airflow/.local/lib/python3.8/site-packages/airflow/example_dags/example_params_ui_tutorial.py for tasks to queue
[2026-08-21T12:03:45.189+0000] {logging_mixin.py:188} INFO - [2026-08-21T12:03:45.189+0000] {dagbag.py:538} INFO - Filling up the DagBag from /home/airflow/.local/lib/python3.8/site-packages/airflow/example_dags/example_params_ui_tutorial.py
[2026-08-21T12:03:45.200+0000] {processor.py:840} INFO - DAG(s) 'example_params_ui_tutorial' retrieved from /home/airflow/.local/lib/python3.8/site-packages/airflow/example_dags/example_params_ui_tutorial.py
[2026-08-21T12:03:45.250+0000] {logging_mixin.py:188} INFO - [2026-08-21T12:03:45.249+0000] {dag.py:3036} INFO - Sync 1 DAGs
[2026-08-21T12:03:45.261+0000] {logging_mixin.py:188} INFO - [2026-08-21T12:03:45.261+0000] {dag.py:3823} INFO - Setting next_dagrun for example_params_ui_tutorial to None, run_after=None
[2026-08-21T12:03:45.279+0000] {processor.py:183} INFO - Processing /home/airflow/.local/lib/python3.8/site-packages/airflow/example_dags/example_params_ui_tutorial.py took 0.097 seconds
[2026-08-21T12:04:16.550+0000] {processor.py:161} INFO - Started process (PID=2723) to work on /home/airflow/.local/lib/python3.8/site-packages/airflow/example_dags/example_params_ui_tutorial.py
[2026-08-21T12:04:16.556+0000] {processor.py:830} INFO - Processing file /home/airflow/.local/lib/python3.8/site-packages/airflow/example_dags/example_params_ui_tutorial.py for tasks to queue
[2026-08-21T12:04:16.559+0000] {logging_mixin.py:188} INFO - [2026-08-21T12:04:16.558+0000] {dagbag.py:538} INFO - Filling up the DagBag from /home/airflow/.local/lib/python3.8/site-packages/airflow/example_dags/example_params_ui_tutorial.py
[2026-08-21T12:04:16.572+0000] {processor.py:840} INFO - DAG(s) 'example_params_ui_tutorial' retrieved from /home/airflow/.local/lib/python3.8/site-packages/airflow/example_dags/example_params_ui_tutorial.py
[2026-08-21T12:04:16.621+0000] {logging_mixin.py:188} INFO - [2026-08-21T12:04:16.621+0000] {dag.py:3036} INFO - Sync 1 DAGs
[2026-08-21T12:04:16.632+0000] {logging_mixin.py:188} INFO - [2026-08-21T12:04:16.632+0000] {dag.py:3823} INFO - Setting next_dagrun for example_params_ui_tutorial to None, run_after=None
[2026-08-21T12:04:16.652+0000] {processor.py:183} INFO - Processing /home/airflow/.local/lib/python3.8/site-packages/airflow/example_dags/example_params_ui_tutorial.py took 0.106 seconds
[2026-08-21T12:04:47.207+0000] {processor.py:161} INFO - Started process (PID=2810) to work on /home/airflow/.local/lib/python3.8/site-packages/airflow/example_dags/example_params_ui_tutorial.py
[2026-08-21T12:04:47.208+0000] {processor.py:830} INFO - Processing file /home/airflow/.local/lib/python3.8/site-packages/airflow/example_dags/example_params_ui_tutorial.py for tasks to queue
[2026-08-21T12:04:47.211+0000] {logging_mixin.py:188} INFO - [2026-08-21T12:04:47.210+0000] {dagbag.py:538} INFO - Filling up the DagBag from /home/airflow/.local/lib/python3.8/site-packages/airflow/example_dags/example_params_ui_tutorial.py
[2026-08-21T12:04:47.223+0000] {processor.py:840} INFO - DAG(s) 'example_params_ui_tutorial' retrieved from /home/airflow/.local/lib/python3.8/site-packages/airflow/example_dags/example_params_ui_tutorial.py
[2026-08-21T12:04:47.276+0000] {logging_mixin.py:188} INFO - [2026-08-21T12:04:47.276+0000] {dag.py:3036} INFO - Sync 1 DAGs
[2026-08-21T12:04:47.288+0000] {logging_mixin.py:188} INFO - [2026-08-21T12:04:47.288+0000] {dag.py:3823} INFO - Setting next_dagrun for example_params_ui_tutorial to None, run_after=None
[2026-08-21T12:04:47.312+0000] {processor.py:183} INFO - Processing /home/airflow/.local/lib/python3.8/site-packages/airflow/example_dags/example_params_ui_tutorial.py took 0.109 seconds
[2026-08-21T12:05:21.948+0000] {processor.py:161} INFO - Started process (PID=2915) to work on /home/airflow/.local/lib/python3.8/site-packages/airflow/example_dags/example_params_ui_tutorial.py
[2026-08-21T12:05:21.949+0000] {processor.py:830} INFO - Processing file /home/airflow/.local/lib/python3.8/site-packages/airflow/example_dags/example_params_ui_tutorial.py for tasks to queue
[2026-08-21T12:05:21.953+0000] {logging_mixin.py:188} INFO - [2026-08-21T12:05:21.952+0000] {dagbag.py:538} INFO - Filling up the DagBag from /home/airflow/.local/lib/python3.8/site-packages/airflow/example_dags/example_params_ui_tutorial.py
[2026-08-21T12:05:21.971+0000] {processor.py:840} INFO - DAG(s) 'example_params_ui_tutorial' retrieved from /home/airflow/.local/lib/python3.8/site-packages/airflow/example_dags/example_params_ui_tutorial.py
[2026-08-21T12:05:22.298+0000] {logging_mixin.py:188} INFO - [2026-08-21T12:05:22.298+0000] {dag.py:3036} INFO - Sync 1 DAGs
[2026-08-21T12:05:22.315+0000] {logging_mixin.py:188} INFO - [2026-08-21T12:05:22.315+0000] {dag.py:3823} INFO - Setting next_dagrun for example_params_ui_tutorial to None, run_after=None
[2026-08-21T12:05:22.350+0000] {processor.py:183} INFO - Processing /home/airflow/.local/lib/python3.8/site-packages/airflow/example_dags/example_params_ui_tutorial.py took 0.407 seconds
[2026-08-21T12:05:52.458+0000] {processor.py:161} INFO - Started process (PID=3011) to work on /home/airflow/.local/lib/python3.8/site-packages/airflow/example_dags/example_params_ui_tutorial.py
[2026-08-21T12:05:52.460+0000] {processor.py:830} INFO - Processing file /home/airflow/.local/lib/python3.8/site-packages/airflow/example_dags/example_params_ui_tutorial.py for tasks to queue
[2026-08-21T12:05:52.463+0000] {logging_mixin.py:188} INFO - [2026-08-21T12:05:52.463+0000] {dagbag.py:538} INFO - Filling up the DagBag from /home/airflow/.local/lib/python3.8/site-packages/airflow/example_dags/example_params_ui_tutorial.py
[2026-08-21T12:05:52.482+0000] {processor.py:840} INFO - DAG(s) 'example_params_ui_tutorial' retrieved from /home/airflow/.local/lib/python3.8/site-packages/airflow/example_dags/example_params_ui_tutorial.py
[2026-08-21T12:05:52.568+0000] {logging_mixin.py:188} INFO - [2026-08-21T12:05:52.568+0000] {dag.py:3036} INFO - Sync 1 DAGs
[2026-08-21T12:05:52.587+0000] {logging_mixin.py:188} INFO - [2026-08-21T12:05:52.586+0000] {dag.py:3823} INFO - Setting next_dagrun for example_params_ui_tutorial to None, run_after=None
[2026-08-21T12:05:52.618+0000] {processor.py:183} INFO - Processing /home/airflow/.local/lib/python3.8/site-packages/airflow/example_dags/example_params_ui_tutorial.py took 0.164 seconds
[2026-08-21T12:06:22.672+0000] {processor.py:161} INFO - Started process (PID=3098) to work on /home/airflow/.local/lib/python3.8/site-packages/airflow/example_dags/example_params_ui_tutorial.py
[2026-08-21T12:06:22.674+0000] {processor.py:830} INFO - Processing file /home/airflow/.local/lib/python3.8/site-packages/airflow/example_dags/example_params_ui_tutorial.py for tasks to queue
[2026-08-21T12:06:22.676+0000] {logging_mixin.py:188} INFO - [2026-08-21T12:06:22.675+0000] {dagbag.py:538} INFO - Filling up the DagBag from /home/airflow/.local/lib/python3.8/site-packages/airflow/example_dags/example_params_ui_tutorial.py
[2026-08-21T12:06:22.687+0000] {processor.py:840} INFO - DAG(s) 'example_params_ui_tutorial' retrieved from /home/airflow/.local/lib/python3.8/site-packages/airflow/example_dags/example_params_ui_tutorial.py
[2026-08-21T12:06:22.736+0000] {logging_mixin.py:188} INFO - [2026-08-21T12:06:22.736+0000] {dag.py:3036} INFO - Sync 1 DAGs
[2026-08-21T12:06:22.748+0000] {logging_mixin.py:188} INFO - [2026-08-21T12:06:22.747+0000] {dag.py:3823} INFO - Setting next_dagrun for example_params_ui_tutorial to None, run_after=None
[2026-08-21T12:06:22.766+0000] {processor.py:183} INFO - Processing /home/airflow/.local/lib/python3.8/site-packages/airflow/example_dags/example_params_ui_tutorial.py took 0.098 seconds
[2026-08-21T12:06:53.194+0000] {processor.py:161} INFO - Started process (PID=3185) to work on /home/airflow/.local/lib/python3.8/site-packages/airflow/example_dags/example_params_ui_tutorial.py
[2026-08-21T12:06:53.195+0000] {processor.py:830} INFO - Processing file /home/airflow/.local/lib/python3.8/site-packages/airflow/example_dags/example_params_ui_tutorial.py for tasks to queue
[2026-08-21T12:06:53.198+0000] {logging_mixin.py:188} INFO - [2026-08-21T12:06:53.197+0000] {dagbag.py:538} INFO - Filling up the DagBag from /home/airflow/.local/lib/python3.8/site-packages/airflow/example_dags/example_params_ui_tutorial.py
[2026-08-21T12:06:53.211+0000] {processor.py:840} INFO - DAG(s) 'example_params_ui_tutorial' retrieved from /home/airflow/.local/lib/python3.8/site-packages/airflow/example_dags/example_params_ui_tutorial.py
[2026-08-21T12:06:53.268+0000] {logging_mixin.py:188} INFO - [2026-08-21T12:06:53.268+0000] {dag.py:3036} INFO - Sync 1 DAGs
[2026-08-21T12:06:53.281+0000] {logging_mixin.py:188} INFO - [2026-08-21T12:06:53.281+0000] {dag.py:3823} INFO - Setting next_dagrun for example_params_ui_tutorial to None, run_after=None
[2026-08-21T12:06:53.304+0000] {processor.py:183} INFO - Processing /home/airflow/.local/lib/python3.8/site-packages/airflow/example_dags/example_params_ui_tutorial.py took 0.114 seconds
[2026-08-21T12:07:23.737+0000] {processor.py:161} INFO - Started process (PID=3272) to work on /home/airflow/.local/lib/python3.8/site-packages/airflow/example_dags/example_params_ui_tutorial.py
[2026-08-21T12:07:23.739+0000] {processor.py:830} INFO - Processing file /home/airflow/.local/lib/python3.8/site-packages/airflow/example_dags/example_params_ui_tutorial.py for tasks to queue
[2026-08-21T12:07:23.741+0000] {logging_mixin.py:188} INFO - [2026-08-21T12:07:23.741+0000] {dagbag.py:538} INFO - Filling up the DagBag from /home/airflow/.local/lib/python3.8/site-packages/airflow/example_dags/example_params_ui_tutorial.py
[2026-08-21T12:07:23.754+0000] {processor.py:840} INFO - DAG(s) 'example_params_ui_tutorial' retrieved from /home/airflow/.local/lib/python3.8/site-packages/airflow/example_dags/example_params_ui_tutorial.py
[2026-08-21T12:07:23.807+0000] {logging_mixin.py:188} INFO - [2026-08-21T12:07:23.807+0000] {dag.py:3036} INFO - Sync 1 DAGs
[2026-08-21T12:07:23.819+0000] {logging_mixin.py:188} INFO - [2026-08-21T12:07:23.819+0000] {dag.py:3823} INFO - Setting next_dagrun for example_params_ui_tutorial to None, run_after=None
[2026-08-21T12:07:23.840+0000] {processor.py:183} INFO - Processing /home/airflow/.local/lib/python3.8/site-packages/airflow/example_dags/example_params_ui_tutorial.py took 0.106 seconds
[2026-08-21T12:07:55.111+0000] {processor.py:161} INFO - Started process (PID=3359) to work on /home/airflow/.local/lib/python3.8/site-packages/airflow/example_dags/example_params_ui_tutorial.py
[2026-08-21T12:07:55.113+0000] {processor.py:830} INFO - Processing file /home/airflow/.local/lib/python3.8/site-packages/airflow/example_dags/example_params_ui_tutorial.py for tasks to queue
[2026-08-21T12:07:55.116+0000] {logging_mixin.py:188} INFO - [2026-08-21T12:07:55.116+0000] {dagbag.py:538} INFO - Filling up the DagBag from /home/airflow/.local/lib/python3.8/site-packages/airflow/example_dags/example_params_ui_tutorial.py
[2026-08-21T12:07:55.130+0000] {processor.py:840} INFO - DAG(s) 'example_params_ui_tutorial' retrieved from /home/airflow/.local/lib/python3.8/site-packages/airflow/example_dags/example_params_ui_tutorial.py
[2026-08-21T12:07:55.198+0000] {logging_mixin.py:188} INFO - [2026-08-21T12:07:55.198+0000] {dag.py:3036} INFO - Sync 1 DAGs
[2026-08-21T12:07:55.211+0000] {logging_mixin.py:188} INFO - [2026-08-21T12:07:55.211+0000] {dag.py:3823} INFO - Setting next_dagrun for example_params_ui_tutorial to None, run_after=None
[2026-08-21T12:07:55.234+0000] {processor.py:183} INFO - Processing /home/airflow/.local/lib/python3.8/site-packages/airflow/example_dags/example_params_ui_tutorial.py took 0.127 seconds
[2026-08-21T12:08:26.747+0000] {processor.py:161} INFO - Started process (PID=3448) to work on /home/airflow/.local/lib/python3.8/site-packages/airflow/example_dags/example_params_ui_tutorial.py
[2026-08-21T12:08:26.748+0000] {processor.py:830} INFO - Processing file /home/airflow/.local/lib/python3.8/site-packages/airflow/example_dags/example_params_ui_tutorial.py for tasks to queue
[2026-08-21T12:08:26.750+0000] {logging_mixin.py:188} INFO - [2026-08-21T12:08:26.750+0000] {dagbag.py:538} INFO - Filling up the DagBag from /home/airflow/.local/lib/python3.8/site-packages/airflow/example_dags/example_params_ui_tutorial.py
[2026-08-21T12:08:26.763+0000] {processor.py:840} INFO - DAG(s) 'example_params_ui_tutorial' retrieved from /home/airflow/.local/lib/python3.8/site-packages/airflow/example_dags/example_params_ui_tutorial.py
[2026-08-21T12:08:26.818+0000] {logging_mixin.py:188} INFO - [2026-08-21T12:08:26.818+0000] {dag.py:3036} INFO - Sync 1 DAGs
[2026-08-21T12:08:26.832+0000] {logging_mixin.py:188} INFO - [2026-08-21T12:08:26.832+0000] {dag.py:3823} INFO - Setting next_dagrun for example_params_ui_tutorial to None, run_after=None
[2026-08-21T12:08:26.860+0000] {processor.py:183} INFO - Processing /home/airflow/.local/lib/python3.8/site-packages/airflow/example_dags/example_params_ui_tutorial.py took 0.117 seconds
[2026-08-21T12:08:58.195+0000] {processor.py:161} INFO - Started process (PID=3539) to work on /home/airflow/.local/lib/python3.8/site-packages/airflow/example_dags/example_params_ui_tutorial.py
[2026-08-21T12:08:58.197+0000] {processor.py:830} INFO - Processing file /home/airflow/.local/lib/python3.8/site-packages/airflow/example_dags/example_params_ui_tutorial.py for tasks to queue
[2026-08-21T12:08:58.207+0000] {logging_mixin.py:188} INFO - [2026-08-21T12:08:58.207+0000] {dagbag.py:538} INFO - Filling up the DagBag from /home/airflow/.local/lib/python3.8/site-packages/airflow/example_dags/example_params_ui_tutorial.py
[2026-08-21T12:08:58.328+0000] {processor.py:840} INFO - DAG(s) 'example_params_ui_tutorial' retrieved from /home/airflow/.local/lib/python3.8/site-packages/airflow/example_dags/example_params_ui_tutorial.py
[2026-08-21T12:08:58.429+0000] {logging_mixin.py:188} INFO - [2026-08-21T12:08:58.428+0000] {dag.py:3036} INFO - Sync 1 DAGs
[2026-08-21T12:08:58.451+0000] {logging_mixin.py:188} INFO - [2026-08-21T12:08:58.451+0000] {dag.py:3823} INFO - Setting next_dagrun for example_params_ui_tutorial to None, run_after=None
[2026-08-21T12:08:58.492+0000] {processor.py:183} INFO - Processing /home/airflow/.local/lib/python3.8/site-packages/airflow/example_dags/example_params_ui_tutorial.py took 0.304 seconds
[2026-08-21T12:09:29.447+0000] {processor.py:161} INFO - Started process (PID=3626) to work on /home/airflow/.local/lib/python3.8/site-packages/airflow/example_dags/example_params_ui_tutorial.py
[2026-08-21T12:09:29.448+0000] {processor.py:830} INFO - Processing file /home/airflow/.local/lib/python3.8/site-packages/airflow/example_dags/example_params_ui_tutorial.py for tasks to queue
[2026-08-21T12:09:29.451+0000] {logging_mixin.py:188} INFO - [2026-08-21T12:09:29.450+0000] {dagbag.py:538} INFO - Filling up the DagBag from /home/airflow/.local/lib/python3.8/site-packages/airflow/example_dags/example_params_ui_tutorial.py
[2026-08-21T12:09:29.464+0000] {processor.py:840} INFO - DAG(s) 'example_params_ui_tutorial' retrieved from /home/airflow/.local/lib/python3.8/site-packages/airflow/example_dags/example_params_ui_tutorial.py
[2026-08-21T12:09:29.528+0000] {logging_mixin.py:188} INFO - [2026-08-21T12:09:29.528+0000] {dag.py:3036} INFO - Sync 1 DAGs
[2026-08-21T12:09:29.545+0000] {logging_mixin.py:188} INFO - [2026-08-21T12:09:29.545+0000] {dag.py:3823} INFO - Setting next_dagrun for example_params_ui_tutorial to None, run_after=None
[2026-08-21T12:09:29.570+0000] {processor.py:183} INFO - Processing /home/airflow/.local/lib/python3.8/site-packages/airflow/example_dags/example_params_ui_tutorial.py took 0.126 seconds
[2026-08-21T12:09:59.733+0000] {processor.py:161} INFO - Started process (PID=3713) to work on /home/airflow/.local/lib/python3.8/site-packages/airflow/example_dags/example_params_ui_tutorial.py
[2026-08-21T12:09:59.734+0000] {processor.py:830} INFO - Processing file /home/airflow/.local/lib/python3.8/site-packages/airflow/example_dags/example_params_ui_tutorial.py for tasks to queue
[2026-08-21T12:09:59.737+0000] {logging_mixin.py:188} INFO - [2026-08-21T12:09:59.736+0000] {dagbag.py:538} INFO - Filling up the DagBag from /home/airflow/.local/lib/python3.8/site-packages/airflow/example_dags/example_params_ui_tutorial.py
[2026-08-21T12:09:59.750+0000] {processor.py:840} INFO - DAG(s) 'example_params_ui_tutorial' retrieved from /home/airflow/.local/lib/python3.8/site-packages/airflow/example_dags/example_params_ui_tutorial.py
[2026-08-21T12:09:59.810+0000] {logging_mixin.py:188} INFO - [2026-08-21T12:09:59.810+0000] {dag.py:3036} INFO - Sync 1 DAGs
[2026-08-21T12:09:59.823+0000] {logging_mixin.py:188} INFO - [2026-08-21T12:09:59.823+0000] {dag.py:3823} INFO - Setting next_dagrun for example_params_ui_tutorial to None, run_after=None
[2026-08-21T12:09:59.851+0000] {processor.py:183} INFO - Processing /home/airflow/.local/lib/python3.8/site-packages/airflow/example_dags/example_params_ui_tutorial.py took 0.122 seconds
[2026-08-21T12:10:30.422+0000] {processor.py:161} INFO - Started process (PID=3804) to work on /home/airflow/.local/lib/python3.8/site-packages/airflow/example_dags/example_params_ui_tutorial.py
[2026-08-21T12:10:30.423+0000] {processor.py:830} INFO - Processing file /home/airflow/.local/lib/python3.8/site-packages/airflow/example_dags/example_params_ui_tutorial.py for tasks to queue
[2026-08-21T12:10:30.426+0000] {logging_mixin.py:188} INFO - [2026-08-21T12:10:30.425+0000] {dagbag.py:538} INFO - Filling up the DagBag from /home/airflow/.local/lib/python3.8/site-packages/airflow/example_dags/example_params_ui_tutorial.py
[2026-08-21T12:10:30.438+0000] {processor.py:840} INFO - DAG(s) 'example_params_ui_tutorial' retrieved from /home/airflow/.local/lib/python3.8/site-packages/airflow/example_dags/example_params_ui_tutorial.py
[2026-08-21T12:10:30.496+0000] {logging_mixin.py:188} INFO - [2026-08-21T12:10:30.496+0000] {dag.py:3036} INFO - Sync 1 DAGs
[2026-08-21T12:10:30.508+0000] {logging_mixin.py:188} INFO - [2026-08-21T12:10:30.508+0000] {dag.py:3823} INFO - Setting next_dagrun for example_params_ui_tutorial to None, run_after=None
[2026-08-21T12:10:30.530+0000] {processor.py:183} INFO - Processing /home/airflow/.local/lib/python3.8/site-packages/airflow/example_dags/example_params_ui_tutorial.py took 0.112 seconds
[2026-08-21T12:11:01.116+0000] {processor.py:161} INFO - Started process (PID=3892) to work on /home/airflow/.local/lib/python3.8/site-packages/airflow/example_dags/example_params_ui_tutorial.py
[2026-08-21T12:11:01.117+0000] {processor.py:830} INFO - Processing file /home/airflow/.local/lib/python3.8/site-packages/airflow/example_dags/example_params_ui_tutorial.py for tasks to queue
[2026-08-21T12:11:01.120+0000] {logging_mixin.py:188} INFO - [2026-08-21T12:11:01.120+0000] {dagbag.py:538} INFO - Filling up the DagBag from /home/airflow/.local/lib/python3.8/site-packages/airflow/example_dags/example_params_ui_tutorial.py
[2026-08-21T12:11:01.135+0000] {processor.py:840} INFO - DAG(s) 'example_params_ui_tutorial' retrieved from /home/airflow/.local/lib/python3.8/site-packages/airflow/example_dags/example_params_ui_tutorial.py
[2026-08-21T12:11:01.194+0000] {logging_mixin.py:188} INFO - [2026-08-21T12:11:01.193+0000] {dag.py:3036} INFO - Sync 1 DAGs
[2026-08-21T12:11:01.206+0000] {logging_mixin.py:188} INFO - [2026-08-21T12:11:01.206+0000] {dag.py:3823} INFO - Setting next_dagrun for example_params_ui_tutorial to None, run_after=None
[2026-08-21T12:11:01.233+0000] {processor.py:183} INFO - Processing /home/airflow/.local/lib/python3.8/site-packages/airflow/example_dags/example_params_ui_tutorial.py took 0.121 seconds
[2026-08-21T12:11:32.204+0000] {processor.py:161} INFO - Started process (PID=3979) to work on /home/airflow/.local/lib/python3.8/site-packages/airflow/example_dags/example_params_ui_tutorial.py
[2026-08-21T12:11:32.206+0000] {processor.py:830} INFO - Processing file /home/airflow/.local/lib/python3.8/site-packages/airflow/example_dags/example_params_ui_tutorial.py for tasks to queue
[2026-08-21T12:11:32.208+0000] {logging_mixin.py:188} INFO - [2026-08-21T12:11:32.208+0000] {dagbag.py:538} INFO - Filling up the DagBag from /home/airflow/.local/lib/python3.8/site-packages/airflow/example_dags/example_params_ui_tutorial.py
[2026-08-21T12:11:32.224+0000] {processor.py:840} INFO - DAG(s) 'example_params_ui_tutorial' retrieved from /home/airflow/.local/lib/python3.8/site-packages/airflow/example_dags/example_params_ui_tutorial.py
[2026-08-21T12:11:32.283+0000] {logging_mixin.py:188} INFO - [2026-08-21T12:11:32.282+0000] {dag.py:3036} INFO - Sync 1 DAGs
[2026-08-21T12:11:32.294+0000] {logging_mixin.py:188} INFO - [2026-08-21T12:11:32.294+0000] {dag.py:3823} INFO - Setting next_dagrun for example_params_ui_tutorial to None, run_after=None
[2026-08-21T12:11:32.312+0000] {processor.py:183} INFO - Processing /home/airflow/.local/lib/python3.8/site-packages/airflow/example_dags/example_params_ui_tutorial.py took 0.112 seconds
[2026-08-21T12:12:02.881+0000] {processor.py:161} INFO - Started process (PID=4066) to work on /home/airflow/.local/lib/python3.8/site-packages/airflow/example_dags/example_params_ui_tutorial.py
[2026-08-21T12:12:02.882+0000] {processor.py:830} INFO - Processing file /home/airflow/.local/lib/python3.8/site-packages/airflow/example_dags/example_params_ui_tutorial.py for tasks to queue
[2026-08-21T12:12:02.885+0000] {logging_mixin.py:188} INFO - [2026-08-21T12:12:02.884+0000] {dagbag.py:538} INFO - Filling up the DagBag from /home/airflow/.local/lib/python3.8/site-packages/airflow/example_dags/example_params_ui_tutorial.py
[2026-08-21T12:12:02.899+0000] {processor.py:840} INFO - DAG(s) 'example_params_ui_tutorial' retrieved from /home/airflow/.local/lib/python3.8/site-packages/airflow/example_dags/example_params_ui_tutorial.py
[2026-08-21T12:12:02.954+0000] {logging_mixin.py:188} INFO - [2026-08-21T12:12:02.954+0000] {dag.py:3036} INFO - Sync 1 DAGs
[2026-08-21T12:12:02.966+0000] {logging_mixin.py:188} INFO - [2026-08-21T12:12:02.965+0000] {dag.py:3823} INFO - Setting next_dagrun for example_params_ui_tutorial to None, run_after=None
[2026-08-21T12:12:02.986+0000] {processor.py:183} INFO - Processing /home/airflow/.local/lib/python3.8/site-packages/airflow/example_dags/example_params_ui_tutorial.py took 0.108 seconds
[2026-08-21T12:12:33.808+0000] {processor.py:161} INFO - Started process (PID=4153) to work on /home/airflow/.local/lib/python3.8/site-packages/airflow/example_dags/example_params_ui_tutorial.py
[2026-08-21T12:12:33.810+0000] {processor.py:830} INFO - Processing file /home/airflow/.local/lib/python3.8/site-packages/airflow/example_dags/example_params_ui_tutorial.py for tasks to queue
[2026-08-21T12:12:33.812+0000] {logging_mixin.py:188} INFO - [2026-08-21T12:12:33.812+0000] {dagbag.py:538} INFO - Filling up the DagBag from /home/airflow/.local/lib/python3.8/site-packages/airflow/example_dags/example_params_ui_tutorial.py
[2026-08-21T12:12:33.823+0000] {processor.py:840} INFO - DAG(s) 'example_params_ui_tutorial' retrieved from /home/airflow/.local/lib/python3.8/site-packages/airflow/example_dags/example_params_ui_tutorial.py
[2026-08-21T12:12:33.872+0000] {logging_mixin.py:188} INFO - [2026-08-21T12:12:33.872+0000] {dag.py:3036} INFO - Sync 1 DAGs
[2026-08-21T12:12:33.883+0000] {logging_mixin.py:188} INFO - [2026-08-21T12:12:33.883+0000] {dag.py:3823} INFO - Setting next_dagrun for example_params_ui_tutorial to None, run_after=None
[2026-08-21T12:12:33.906+0000] {processor.py:183} INFO - Processing /home/airflow/.local/lib/python3.8/site-packages/airflow/example_dags/example_params_ui_tutorial.py took 0.101 seconds
[2026-08-21T12:13:04.394+0000] {processor.py:161} INFO - Started process (PID=4240) to work on /home/airflow/.local/lib/python3.8/site-packages/airflow/example_dags/example_params_ui_tutorial.py
[2026-08-21T12:13:04.396+0000] {processor.py:830} INFO - Processing file /home/airflow/.local/lib/python3.8/site-packages/airflow/example_dags/example_params_ui_tutorial.py for tasks to queue
[2026-08-21T12:13:04.398+0000] {logging_mixin.py:188} INFO - [2026-08-21T12:13:04.398+0000] {dagbag.py:538} INFO - Filling up the DagBag from /home/airflow/.local/lib/python3.8/site-packages/airflow/example_dags/example_params_ui_tutorial.py
[2026-08-21T12:13:04.411+0000] {processor.py:840} INFO - DAG(s) 'example_params_ui_tutorial' retrieved from /home/airflow/.local/lib/python3.8/site-packages/airflow/example_dags/example_params_ui_tutorial.py
[2026-08-21T12:13:04.463+0000] {logging_mixin.py:188} INFO - [2026-08-21T12:13:04.462+0000] {dag.py:3036} INFO - Sync 1 DAGs
[2026-08-21T12:13:04.475+0000] {logging_mixin.py:188} INFO - [2026-08-21T12:13:04.474+0000] {dag.py:3823} INFO - Setting next_dagrun for example_params_ui_tutorial to None, run_after=None
[2026-08-21T12:13:04.493+0000] {processor.py:183} INFO - Processing /home/airflow/.local/lib/python3.8/site-packages/airflow/example_dags/example_params_ui_tutorial.py took 0.102 seconds
[2026-08-21T12:13:34.799+0000] {processor.py:161} INFO - Started process (PID=4327) to work on /home/airflow/.local/lib/python3.8/site-packages/airflow/example_dags/example_params_ui_tutorial.py
[2026-08-21T12:13:34.801+0000] {processor.py:830} INFO - Processing file /home/airflow/.local/lib/python3.8/site-packages/airflow/example_dags/example_params_ui_tutorial.py for tasks to queue
[2026-08-21T12:13:34.803+0000] {logging_mixin.py:188} INFO - [2026-08-21T12:13:34.803+0000] {dagbag.py:538} INFO - Filling up the DagBag from /home/airflow/.local/lib/python3.8/site-packages/airflow/example_dags/example_params_ui_tutorial.py
[2026-08-21T12:13:34.816+0000] {processor.py:840} INFO - DAG(s) 'example_params_ui_tutorial' retrieved from /home/airflow/.local/lib/python3.8/site-packages/airflow/example_dags/example_params_ui_tutorial.py
[2026-08-21T12:13:34.869+0000] {logging_mixin.py:188} INFO - [2026-08-21T12:13:34.868+0000] {dag.py:3036} INFO - Sync 1 DAGs
[2026-08-21T12:13:34.882+0000] {logging_mixin.py:188} INFO - [2026-08-21T12:13:34.882+0000] {dag.py:3823} INFO - Setting next_dagrun for example_params_ui_tutorial to None, run_after=None
[2026-08-21T12:13:34.902+0000] {processor.py:183} INFO - Processing /home/airflow/.local/lib/python3.8/site-packages/airflow/example_dags/example_params_ui_tutorial.py took 0.106 seconds
[2026-08-21T12:14:06.678+0000] {processor.py:161} INFO - Started process (PID=4415) to work on /home/airflow/.local/lib/python3.8/site-packages/airflow/example_dags/example_params_ui_tutorial.py
[2026-08-21T12:14:06.680+0000] {processor.py:830} INFO - Processing file /home/airflow/.local/lib/python3.8/site-packages/airflow/example_dags/example_params_ui_tutorial.py for tasks to queue
[2026-08-21T12:14:06.682+0000] {logging_mixin.py:188} INFO - [2026-08-21T12:14:06.682+0000] {dagbag.py:538} INFO - Filling up the DagBag from /home/airflow/.local/lib/python3.8/site-packages/airflow/example_dags/example_params_ui_tutorial.py
[2026-08-21T12:14:06.699+0000] {processor.py:840} INFO - DAG(s) 'example_params_ui_tutorial' retrieved from /home/airflow/.local/lib/python3.8/site-packages/airflow/example_dags/example_params_ui_tutorial.py
[2026-08-21T12:14:06.784+0000] {logging_mixin.py:188} INFO - [2026-08-21T12:14:06.784+0000] {dag.py:3036} INFO - Sync 1 DAGs
[2026-08-21T12:14:06.806+0000] {logging_mixin.py:188} INFO - [2026-08-21T12:14:06.805+0000] {dag.py:3823} INFO - Setting next_dagrun for example_params_ui_tutorial to None, run_after=None
[2026-08-21T12:14:06.845+0000] {processor.py:183} INFO - Processing /home/airflow/.local/lib/python3.8/site-packages/airflow/example_dags/example_params_ui_tutorial.py took 0.172 seconds
[2026-08-21T12:14:37.343+0000] {processor.py:161} INFO - Started process (PID=4502) to work on /home/airflow/.local/lib/python3.8/site-packages/airflow/example_dags/example_params_ui_tutorial.py
[2026-08-21T12:14:37.344+0000] {processor.py:830} INFO - Processing file /home/airflow/.local/lib/python3.8/site-packages/airflow/example_dags/example_params_ui_tutorial.py for tasks to queue
[2026-08-21T12:14:37.346+0000] {logging_mixin.py:188} INFO - [2026-08-21T12:14:37.346+0000] {dagbag.py:538} INFO - Filling up the DagBag from /home/airflow/.local/lib/python3.8/site-packages/airflow/example_dags/example_params_ui_tutorial.py
[2026-08-21T12:14:37.360+0000] {processor.py:840} INFO - DAG(s) 'example_params_ui_tutorial' retrieved from /home/airflow/.local/lib/python3.8/site-packages/airflow/example_dags/example_params_ui_tutorial.py
[2026-08-21T12:14:37.410+0000] {logging_mixin.py:188} INFO - [2026-08-21T12:14:37.410+0000] {dag.py:3036} INFO - Sync 1 DAGs
[2026-08-21T12:14:37.423+0000] {logging_mixin.py:188} INFO - [2026-08-21T12:14:37.423+0000] {dag.py:3823} INFO - Setting next_dagrun for example_params_ui_tutorial to None, run_after=None
[2026-08-21T12:14:37.444+0000] {processor.py:183} INFO - Processing /home/airflow/.local/lib/python3.8/site-packages/airflow/example_dags/example_params_ui_tutorial.py took 0.105 seconds
[2026-08-21T12:15:08.168+0000] {processor.py:161} INFO - Started process (PID=4589) to work on /home/airflow/.local/lib/python3.8/site-packages/airflow/example_dags/example_params_ui_tutorial.py
[2026-08-21T12:15:08.172+0000] {processor.py:830} INFO - Processing file /home/airflow/.local/lib/python3.8/site-packages/airflow/example_dags/example_params_ui_tutorial.py for tasks to queue
[2026-08-21T12:15:08.177+0000] {logging_mixin.py:188} INFO - [2026-08-21T12:15:08.176+0000] {dagbag.py:538} INFO - Filling up the DagBag from /home/airflow/.local/lib/python3.8/site-packages/airflow/example_dags/example_params_ui_tutorial.py
[2026-08-21T12:15:08.193+0000] {processor.py:840} INFO - DAG(s) 'example_params_ui_tutorial' retrieved from /home/airflow/.local/lib/python3.8/site-packages/airflow/example_dags/example_params_ui_tutorial.py
[2026-08-21T12:15:08.250+0000] {logging_mixin.py:188} INFO - [2026-08-21T12:15:08.250+0000] {dag.py:3036} INFO - Sync 1 DAGs
[2026-08-21T12:15:08.261+0000] {logging_mixin.py:188} INFO - [2026-08-21T12:15:08.261+0000] {dag.py:3823} INFO - Setting next_dagrun for example_params_ui_tutorial to None, run_after=None
[2026-08-21T12:15:08.286+0000] {processor.py:183} INFO - Processing /home/airflow/.local/lib/python3.8/site-packages/airflow/example_dags/example_params_ui_tutorial.py took 0.122 seconds
[2026-08-21T12:15:38.520+0000] {processor.py:161} INFO - Started process (PID=4676) to work on /home/airflow/.local/lib/python3.8/site-packages/airflow/example_dags/example_params_ui_tutorial.py
[2026-08-21T12:15:38.521+0000] {processor.py:830} INFO - Processing file /home/airflow/.local/lib/python3.8/site-packages/airflow/example_dags/example_params_ui_tutorial.py for tasks to queue
[2026-08-21T12:15:38.523+0000] {logging_mixin.py:188} INFO - [2026-08-21T12:15:38.523+0000] {dagbag.py:538} INFO - Filling up the DagBag from /home/airflow/.local/lib/python3.8/site-packages/airflow/example_dags/example_params_ui_tutorial.py
[2026-08-21T12:15:38.535+0000] {processor.py:840} INFO - DAG(s) 'example_params_ui_tutorial' retrieved from /home/airflow/.local/lib/python3.8/site-packages/airflow/example_dags/example_params_ui_tutorial.py
[2026-08-21T12:15:38.586+0000] {logging_mixin.py:188} INFO - [2026-08-21T12:15:38.586+0000] {dag.py:3036} INFO - Sync 1 DAGs
[2026-08-21T12:15:38.601+0000] {logging_mixin.py:188} INFO - [2026-08-21T12:15:38.601+0000] {dag.py:3823} INFO - Setting next_dagrun for example_params_ui_tutorial to None, run_after=None
[2026-08-21T12:15:38.620+0000] {processor.py:183} INFO - Processing /home/airflow/.local/lib/python3.8/site-packages/airflow/example_dags/example_params_ui_tutorial.py took 0.103 seconds
[2026-08-21T12:16:09.347+0000] {processor.py:161} INFO - Started process (PID=4763) to work on /home/airflow/.local/lib/python3.8/site-packages/airflow/example_dags/example_params_ui_tutorial.py
[2026-08-21T12:16:09.348+0000] {processor.py:830} INFO - Processing file /home/airflow/.local/lib/python3.8/site-packages/airflow/example_dags/example_params_ui_tutorial.py for tasks to queue
[2026-08-21T12:16:09.352+0000] {logging_mixin.py:188} INFO - [2026-08-21T12:16:09.351+0000] {dagbag.py:538} INFO - Filling up the DagBag from /home/airflow/.local/lib/python3.8/site-packages/airflow/example_dags/example_params_ui_tutorial.py
[2026-08-21T12:16:09.367+0000] {processor.py:840} INFO - DAG(s) 'example_params_ui_tutorial' retrieved from /home/airflow/.local/lib/python3.8/site-packages/airflow/example_dags/example_params_ui_tutorial.py
[2026-08-21T12:16:09.424+0000] {logging_mixin.py:188} INFO - [2026-08-21T12:16:09.424+0000] {dag.py:3036} INFO - Sync 1 DAGs
[2026-08-21T12:16:09.435+0000] {logging_mixin.py:188} INFO - [2026-08-21T12:16:09.435+0000] {dag.py:3823} INFO - Setting next_dagrun for example_params_ui_tutorial to None, run_after=None
[2026-08-21T12:16:09.454+0000] {processor.py:183} INFO - Processing /home/airflow/.local/lib/python3.8/site-packages/airflow/example_dags/example_params_ui_tutorial.py took 0.111 seconds
[2026-08-21T12:16:40.805+0000] {processor.py:161} INFO - Started process (PID=4851) to work on /home/airflow/.local/lib/python3.8/site-packages/airflow/example_dags/example_params_ui_tutorial.py
[2026-08-21T12:16:40.807+0000] {processor.py:830} INFO - Processing file /home/airflow/.local/lib/python3.8/site-packages/airflow/example_dags/example_params_ui_tutorial.py for tasks to queue
[2026-08-21T12:16:40.810+0000] {logging_mixin.py:188} INFO - [2026-08-21T12:16:40.809+0000] {dagbag.py:538} INFO - Filling up the DagBag from /home/airflow/.local/lib/python3.8/site-packages/airflow/example_dags/example_params_ui_tutorial.py
[2026-08-21T12:16:40.827+0000] {processor.py:840} INFO - DAG(s) 'example_params_ui_tutorial' retrieved from /home/airflow/.local/lib/python3.8/site-packages/airflow/example_dags/example_params_ui_tutorial.py
[2026-08-21T12:16:40.897+0000] {logging_mixin.py:188} INFO - [2026-08-21T12:16:40.897+0000] {dag.py:3036} INFO - Sync 1 DAGs
[2026-08-21T12:16:40.911+0000] {logging_mixin.py:188} INFO - [2026-08-21T12:16:40.910+0000] {dag.py:3823} INFO - Setting next_dagrun for example_params_ui_tutorial to None, run_after=None
[2026-08-21T12:16:40.932+0000] {processor.py:183} INFO - Processing /home/airflow/.local/lib/python3.8/site-packages/airflow/example_dags/example_params_ui_tutorial.py took 0.130 seconds
[2026-08-21T12:17:10.995+0000] {processor.py:161} INFO - Started process (PID=4937) to work on /home/airflow/.local/lib/python3.8/site-packages/airflow/example_dags/example_params_ui_tutorial.py
[2026-08-21T12:17:10.998+0000] {processor.py:830} INFO - Processing file /home/airflow/.local/lib/python3.8/site-packages/airflow/example_dags/example_params_ui_tutorial.py for tasks to queue
[2026-08-21T12:17:11.001+0000] {logging_mixin.py:188} INFO - [2026-08-21T12:17:11.000+0000] {dagbag.py:538} INFO - Filling up the DagBag from /home/airflow/.local/lib/python3.8/site-packages/airflow/example_dags/example_params_ui_tutorial.py
[2026-08-21T12:17:11.017+0000] {processor.py:840} INFO - DAG(s) 'example_params_ui_tutorial' retrieved from /home/airflow/.local/lib/python3.8/site-packages/airflow/example_dags/example_params_ui_tutorial.py
[2026-08-21T12:17:11.121+0000] {logging_mixin.py:188} INFO - [2026-08-21T12:17:11.119+0000] {dag.py:3036} INFO - Sync 1 DAGs
[2026-08-21T12:17:11.145+0000] {logging_mixin.py:188} INFO - [2026-08-21T12:17:11.145+0000] {dag.py:3823} INFO - Setting next_dagrun for example_params_ui_tutorial to None, run_after=None
[2026-08-21T12:17:11.186+0000] {processor.py:183} INFO - Processing /home/airflow/.local/lib/python3.8/site-packages/airflow/example_dags/example_params_ui_tutorial.py took 0.195 seconds
[2026-08-21T12:17:41.457+0000] {processor.py:161} INFO - Started process (PID=5023) to work on /home/airflow/.local/lib/python3.8/site-packages/airflow/example_dags/example_params_ui_tutorial.py
[2026-08-21T12:17:41.458+0000] {processor.py:830} INFO - Processing file /home/airflow/.local/lib/python3.8/site-packages/airflow/example_dags/example_params_ui_tutorial.py for tasks to queue
[2026-08-21T12:17:41.460+0000] {logging_mixin.py:188} INFO - [2026-08-21T12:17:41.460+0000] {dagbag.py:538} INFO - Filling up the DagBag from /home/airflow/.local/lib/python3.8/site-packages/airflow/example_dags/example_params_ui_tutorial.py
[2026-08-21T12:17:41.474+0000] {processor.py:840} INFO - DAG(s) 'example_params_ui_tutorial' retrieved from /home/airflow/.local/lib/python3.8/site-packages/airflow/example_dags/example_params_ui_tutorial.py
[2026-08-21T12:17:41.523+0000] {logging_mixin.py:188} INFO - [2026-08-21T12:17:41.523+0000] {dag.py:3036} INFO - Sync 1 DAGs
[2026-08-21T12:17:41.538+0000] {logging_mixin.py:188} INFO - [2026-08-21T12:17:41.538+0000] {dag.py:3823} INFO - Setting next_dagrun for example_params_ui_tutorial to None, run_after=None
[2026-08-21T12:17:41.555+0000] {processor.py:183} INFO - Processing /home/airflow/.local/lib/python3.8/site-packages/airflow/example_dags/example_params_ui_tutorial.py took 0.102 seconds
[2026-08-21T12:18:12.774+0000] {processor.py:161} INFO - Started process (PID=5112) to work on /home/airflow/.local/lib/python3.8/site-packages/airflow/example_dags/example_params_ui_tutorial.py
[2026-08-21T12:18:12.778+0000] {processor.py:830} INFO - Processing file /home/airflow/.local/lib/python3.8/site-packages/airflow/example_dags/example_params_ui_tutorial.py for tasks to queue
[2026-08-21T12:18:12.781+0000] {logging_mixin.py:188} INFO - [2026-08-21T12:18:12.781+0000] {dagbag.py:538} INFO - Filling up the DagBag from /home/airflow/.local/lib/python3.8/site-packages/airflow/example_dags/example_params_ui_tutorial.py
[2026-08-21T12:18:12.806+0000] {processor.py:840} INFO - DAG(s) 'example_params_ui_tutorial' retrieved from /home/airflow/.local/lib/python3.8/site-packages/airflow/example_dags/example_params_ui_tutorial.py
[2026-08-21T12:18:12.889+0000] {logging_mixin.py:188} INFO - [2026-08-21T12:18:12.889+0000] {dag.py:3036} INFO - Sync 1 DAGs
[2026-08-21T12:18:12.911+0000] {logging_mixin.py:188} INFO - [2026-08-21T12:18:12.910+0000] {dag.py:3823} INFO - Setting next_dagrun for example_params_ui_tutorial to None, run_after=None
[2026-08-21T12:18:12.954+0000] {processor.py:183} INFO - Processing /home/airflow/.local/lib/python3.8/site-packages/airflow/example_dags/example_params_ui_tutorial.py took 0.188 seconds
[2026-08-21T12:18:43.358+0000] {processor.py:161} INFO - Started process (PID=5199) to work on /home/airflow/.local/lib/python3.8/site-packages/airflow/example_dags/example_params_ui_tutorial.py
[2026-08-21T12:18:43.359+0000] {processor.py:830} INFO - Processing file /home/airflow/.local/lib/python3.8/site-packages/airflow/example_dags/example_params_ui_tutorial.py for tasks to queue
[2026-08-21T12:18:43.361+0000] {logging_mixin.py:188} INFO - [2026-08-21T12:18:43.361+0000] {dagbag.py:538} INFO - Filling up the DagBag from /home/airflow/.local/lib/python3.8/site-packages/airflow/example_dags/example_params_ui_tutorial.py
[2026-08-21T12:18:43.373+0000] {processor.py:840} INFO - DAG(s) 'example_params_ui_tutorial' retrieved from /home/airflow/.local/lib/python3.8/site-packages/airflow/example_dags/example_params_ui_tutorial.py
[2026-08-21T12:18:43.431+0000] {logging_mixin.py:188} INFO - [2026-08-21T12:18:43.431+0000] {dag.py:3036} INFO - Sync 1 DAGs
[2026-08-21T12:18:43.444+0000] {logging_mixin.py:188} INFO - [2026-08-21T12:18:43.444+0000] {dag.py:3823} INFO - Setting next_dagrun for example_params_ui_tutorial to None, run_after=None
[2026-08-21T12:18:43.465+0000] {processor.py:183} INFO - Processing /home/airflow/.local/lib/python3.8/site-packages/airflow/example_dags/example_params_ui_tutorial.py took 0.111 seconds
[2026-08-21T12:19:13.910+0000] {processor.py:161} INFO - Started process (PID=5286) to work on /home/airflow/.local/lib/python3.8/site-packages/airflow/example_dags/example_params_ui_tutorial.py
[2026-08-21T12:19:13.912+0000] {processor.py:830} INFO - Processing file /home/airflow/.local/lib/python3.8/site-packages/airflow/example_dags/example_params_ui_tutorial.py for tasks to queue
[2026-08-21T12:19:13.914+0000] {logging_mixin.py:188} INFO - [2026-08-21T12:19:13.914+0000] {dagbag.py:538} INFO - Filling up the DagBag from /home/airflow/.local/lib/python3.8/site-packages/airflow/example_dags/example_params_ui_tutorial.py
[2026-08-21T12:19:13.925+0000] {processor.py:840} INFO - DAG(s) 'example_params_ui_tutorial' retrieved from /home/airflow/.local/lib/python3.8/site-packages/airflow/example_dags/example_params_ui_tutorial.py
[2026-08-21T12:19:13.974+0000] {logging_mixin.py:188} INFO - [2026-08-21T12:19:13.974+0000] {dag.py:3036} INFO - Sync 1 DAGs
[2026-08-21T12:19:13.984+0000] {logging_mixin.py:188} INFO - [2026-08-21T12:19:13.984+0000] {dag.py:3823} INFO - Setting next_dagrun for example_params_ui_tutorial to None, run_after=None
[2026-08-21T12:19:14.002+0000] {processor.py:183} INFO - Processing /home/airflow/.local/lib/python3.8/site-packages/airflow/example_dags/example_params_ui_tutorial.py took 0.095 seconds
[2026-08-21T12:19:44.197+0000] {processor.py:161} INFO - Started process (PID=5373) to work on /home/airflow/.local/lib/python3.8/site-packages/airflow/example_dags/example_params_ui_tutorial.py
[2026-08-21T12:19:44.198+0000] {processor.py:830} INFO - Processing file /home/airflow/.local/lib/python3.8/site-packages/airflow/example_dags/example_params_ui_tutorial.py for tasks to queue
[2026-08-21T12:19:44.200+0000] {logging_mixin.py:188} INFO - [2026-08-21T12:19:44.200+0000] {dagbag.py:538} INFO - Filling up the DagBag from /home/airflow/.local/lib/python3.8/site-packages/airflow/example_dags/example_params_ui_tutorial.py
[2026-08-21T12:19:44.215+0000] {processor.py:840} INFO - DAG(s) 'example_params_ui_tutorial' retrieved from /home/airflow/.local/lib/python3.8/site-packages/airflow/example_dags/example_params_ui_tutorial.py
[2026-08-21T12:19:44.289+0000] {logging_mixin.py:188} INFO - [2026-08-21T12:19:44.289+0000] {dag.py:3036} INFO - Sync 1 DAGs
[2026-08-21T12:19:44.304+0000] {logging_mixin.py:188} INFO - [2026-08-21T12:19:44.303+0000] {dag.py:3823} INFO - Setting next_dagrun for example_params_ui_tutorial to None, run_after=None
[2026-08-21T12:19:44.324+0000] {processor.py:183} INFO - Processing /home/airflow/.local/lib/python3.8/site-packages/airflow/example_dags/example_params_ui_tutorial.py took 0.130 seconds
[2026-08-21T12:20:21.039+0000] {processor.py:161} INFO - Started process (PID=5465) to work on /home/airflow/.local/lib/python3.8/site-packages/airflow/example_dags/example_params_ui_tutorial.py
[2026-08-21T12:20:21.042+0000] {processor.py:830} INFO - Processing file /home/airflow/.local/lib/python3.8/site-packages/airflow/example_dags/example_params_ui_tutorial.py for tasks to queue
[2026-08-21T12:20:21.061+0000] {logging_mixin.py:188} INFO - [2026-08-21T12:20:21.060+0000] {dagbag.py:538} INFO - Filling up the DagBag from /home/airflow/.local/lib/python3.8/site-packages/airflow/example_dags/example_params_ui_tutorial.py
[2026-08-21T12:20:21.157+0000] {processor.py:840} INFO - DAG(s) 'example_params_ui_tutorial' retrieved from /home/airflow/.local/lib/python3.8/site-packages/airflow/example_dags/example_params_ui_tutorial.py
[2026-08-21T12:20:21.570+0000] {logging_mixin.py:188} INFO - [2026-08-21T12:20:21.569+0000] {dag.py:3036} INFO - Sync 1 DAGs
[2026-08-21T12:20:21.636+0000] {logging_mixin.py:188} INFO - [2026-08-21T12:20:21.635+0000] {dag.py:3823} INFO - Setting next_dagrun for example_params_ui_tutorial to None, run_after=None
[2026-08-21T12:20:21.844+0000] {processor.py:183} INFO - Processing /home/airflow/.local/lib/python3.8/site-packages/airflow/example_dags/example_params_ui_tutorial.py took 0.816 seconds
[2026-08-21T12:20:54.667+0000] {processor.py:161} INFO - Started process (PID=5551) to work on /home/airflow/.local/lib/python3.8/site-packages/airflow/example_dags/example_params_ui_tutorial.py
[2026-08-21T12:20:54.670+0000] {processor.py:830} INFO - Processing file /home/airflow/.local/lib/python3.8/site-packages/airflow/example_dags/example_params_ui_tutorial.py for tasks to queue
[2026-08-21T12:20:54.686+0000] {logging_mixin.py:188} INFO - [2026-08-21T12:20:54.685+0000] {dagbag.py:538} INFO - Filling up the DagBag from /home/airflow/.local/lib/python3.8/site-packages/airflow/example_dags/example_params_ui_tutorial.py
[2026-08-21T12:20:54.779+0000] {processor.py:840} INFO - DAG(s) 'example_params_ui_tutorial' retrieved from /home/airflow/.local/lib/python3.8/site-packages/airflow/example_dags/example_params_ui_tutorial.py
[2026-08-21T12:20:55.127+0000] {logging_mixin.py:188} INFO - [2026-08-21T12:20:55.126+0000] {dag.py:3036} INFO - Sync 1 DAGs
[2026-08-21T12:20:55.225+0000] {logging_mixin.py:188} INFO - [2026-08-21T12:20:55.224+0000] {dag.py:3823} INFO - Setting next_dagrun for example_params_ui_tutorial to None, run_after=None
[2026-08-21T12:20:55.394+0000] {processor.py:183} INFO - Processing /home/airflow/.local/lib/python3.8/site-packages/airflow/example_dags/example_params_ui_tutorial.py took 0.752 seconds
[2026-08-21T12:21:25.607+0000] {processor.py:161} INFO - Started process (PID=5638) to work on /home/airflow/.local/lib/python3.8/site-packages/airflow/example_dags/example_params_ui_tutorial.py
[2026-08-21T12:21:25.609+0000] {processor.py:830} INFO - Processing file /home/airflow/.local/lib/python3.8/site-packages/airflow/example_dags/example_params_ui_tutorial.py for tasks to queue
[2026-08-21T12:21:25.611+0000] {logging_mixin.py:188} INFO - [2026-08-21T12:21:25.611+0000] {dagbag.py:538} INFO - Filling up the DagBag from /home/airflow/.local/lib/python3.8/site-packages/airflow/example_dags/example_params_ui_tutorial.py
[2026-08-21T12:21:25.624+0000] {processor.py:840} INFO - DAG(s) 'example_params_ui_tutorial' retrieved from /home/airflow/.local/lib/python3.8/site-packages/airflow/example_dags/example_params_ui_tutorial.py
[2026-08-21T12:21:25.685+0000] {logging_mixin.py:188} INFO - [2026-08-21T12:21:25.685+0000] {dag.py:3036} INFO - Sync 1 DAGs
[2026-08-21T12:21:25.701+0000] {logging_mixin.py:188} INFO - [2026-08-21T12:21:25.700+0000] {dag.py:3823} INFO - Setting next_dagrun for example_params_ui_tutorial to None, run_after=None
[2026-08-21T12:21:25.780+0000] {processor.py:183} INFO - Processing /home/airflow/.local/lib/python3.8/site-packages/airflow/example_dags/example_params_ui_tutorial.py took 0.176 seconds
[2026-08-21T12:21:55.851+0000] {processor.py:161} INFO - Started process (PID=5725) to work on /home/airflow/.local/lib/python3.8/site-packages/airflow/example_dags/example_params_ui_tutorial.py
[2026-08-21T12:21:55.853+0000] {processor.py:830} INFO - Processing file /home/airflow/.local/lib/python3.8/site-packages/airflow/example_dags/example_params_ui_tutorial.py for tasks to queue
[2026-08-21T12:21:55.857+0000] {logging_mixin.py:188} INFO - [2026-08-21T12:21:55.856+0000] {dagbag.py:538} INFO - Filling up the DagBag from /home/airflow/.local/lib/python3.8/site-packages/airflow/example_dags/example_params_ui_tutorial.py
[2026-08-21T12:21:55.870+0000] {processor.py:840} INFO - DAG(s) 'example_params_ui_tutorial' retrieved from /home/airflow/.local/lib/python3.8/site-packages/airflow/example_dags/example_params_ui_tutorial.py
[2026-08-21T12:21:55.929+0000] {logging_mixin.py:188} INFO - [2026-08-21T12:21:55.929+0000] {dag.py:3036} INFO - Sync 1 DAGs
[2026-08-21T12:21:55.946+0000] {logging_mixin.py:188} INFO - [2026-08-21T12:21:55.946+0000] {dag.py:3823} INFO - Setting next_dagrun for example_params_ui_tutorial to None, run_after=None
[2026-08-21T12:21:56.017+0000] {processor.py:183} INFO - Processing /home/airflow/.local/lib/python3.8/site-packages/airflow/example_dags/example_params_ui_tutorial.py took 0.170 seconds
[2026-08-21T12:22:26.302+0000] {processor.py:161} INFO - Started process (PID=5813) to work on /home/airflow/.local/lib/python3.8/site-packages/airflow/example_dags/example_params_ui_tutorial.py
[2026-08-21T12:22:26.303+0000] {processor.py:830} INFO - Processing file /home/airflow/.local/lib/python3.8/site-packages/airflow/example_dags/example_params_ui_tutorial.py for tasks to queue
[2026-08-21T12:22:26.306+0000] {logging_mixin.py:188} INFO - [2026-08-21T12:22:26.306+0000] {dagbag.py:538} INFO - Filling up the DagBag from /home/airflow/.local/lib/python3.8/site-packages/airflow/example_dags/example_params_ui_tutorial.py
[2026-08-21T12:22:26.323+0000] {processor.py:840} INFO - DAG(s) 'example_params_ui_tutorial' retrieved from /home/airflow/.local/lib/python3.8/site-packages/airflow/example_dags/example_params_ui_tutorial.py
[2026-08-21T12:22:26.394+0000] {logging_mixin.py:188} INFO - [2026-08-21T12:22:26.393+0000] {dag.py:3036} INFO - Sync 1 DAGs
[2026-08-21T12:22:26.408+0000] {logging_mixin.py:188} INFO - [2026-08-21T12:22:26.408+0000] {dag.py:3823} INFO - Setting next_dagrun for example_params_ui_tutorial to None, run_after=None
[2026-08-21T12:22:26.462+0000] {processor.py:183} INFO - Processing /home/airflow/.local/lib/python3.8/site-packages/airflow/example_dags/example_params_ui_tutorial.py took 0.164 seconds
[2026-08-21T12:22:56.576+0000] {processor.py:161} INFO - Started process (PID=5900) to work on /home/airflow/.local/lib/python3.8/site-packages/airflow/example_dags/example_params_ui_tutorial.py
[2026-08-21T12:22:56.577+0000] {processor.py:830} INFO - Processing file /home/airflow/.local/lib/python3.8/site-packages/airflow/example_dags/example_params_ui_tutorial.py for tasks to queue
[2026-08-21T12:22:56.580+0000] {logging_mixin.py:188} INFO - [2026-08-21T12:22:56.579+0000] {dagbag.py:538} INFO - Filling up the DagBag from /home/airflow/.local/lib/python3.8/site-packages/airflow/example_dags/example_params_ui_tutorial.py
[2026-08-21T12:22:56.601+0000] {processor.py:840} INFO - DAG(s) 'example_params_ui_tutorial' retrieved from /home/airflow/.local/lib/python3.8/site-packages/airflow/example_dags/example_params_ui_tutorial.py
[2026-08-21T12:22:56.676+0000] {logging_mixin.py:188} INFO - [2026-08-21T12:22:56.676+0000] {dag.py:3036} INFO - Sync 1 DAGs
[2026-08-21T12:22:56.695+0000] {logging_mixin.py:188} INFO - [2026-08-21T12:22:56.695+0000] {dag.py:3823} INFO - Setting next_dagrun for example_params_ui_tutorial to None, run_after=None
[2026-08-21T12:22:56.766+0000] {processor.py:183} INFO - Processing /home/airflow/.local/lib/python3.8/site-packages/airflow/example_dags/example_params_ui_tutorial.py took 0.195 seconds
[2026-08-21T12:23:27.775+0000] {processor.py:161} INFO - Started process (PID=5987) to work on /home/airflow/.local/lib/python3.8/site-packages/airflow/example_dags/example_params_ui_tutorial.py
[2026-08-21T12:23:27.776+0000] {processor.py:830} INFO - Processing file /home/airflow/.local/lib/python3.8/site-packages/airflow/example_dags/example_params_ui_tutorial.py for tasks to queue
[2026-08-21T12:23:27.779+0000] {logging_mixin.py:188} INFO - [2026-08-21T12:23:27.778+0000] {dagbag.py:538} INFO - Filling up the DagBag from /home/airflow/.local/lib/python3.8/site-packages/airflow/example_dags/example_params_ui_tutorial.py
[2026-08-21T12:23:27.792+0000] {processor.py:840} INFO - DAG(s) 'example_params_ui_tutorial' retrieved from /home/airflow/.local/lib/python3.8/site-packages/airflow/example_dags/example_params_ui_tutorial.py
[2026-08-21T12:23:27.849+0000] {logging_mixin.py:188} INFO - [2026-08-21T12:23:27.848+0000] {dag.py:3036} INFO - Sync 1 DAGs
[2026-08-21T12:23:27.862+0000] {logging_mixin.py:188} INFO - [2026-08-21T12:23:27.862+0000] {dag.py:3823} INFO - Setting next_dagrun for example_params_ui_tutorial to None, run_after=None
[2026-08-21T12:23:27.967+0000] {processor.py:183} INFO - Processing /home/airflow/.local/lib/python3.8/site-packages/airflow/example_dags/example_params_ui_tutorial.py took 0.197 seconds
[2026-08-21T12:23:58.350+0000] {processor.py:161} INFO - Started process (PID=6074) to work on /home/airflow/.local/lib/python3.8/site-packages/airflow/example_dags/example_params_ui_tutorial.py
[2026-08-21T12:23:58.351+0000] {processor.py:830} INFO - Processing file /home/airflow/.local/lib/python3.8/site-packages/airflow/example_dags/example_params_ui_tutorial.py for tasks to queue
[2026-08-21T12:23:58.354+0000] {logging_mixin.py:188} INFO - [2026-08-21T12:23:58.353+0000] {dagbag.py:538} INFO - Filling up the DagBag from /home/airflow/.local/lib/python3.8/site-packages/airflow/example_dags/example_params_ui_tutorial.py
[2026-08-21T12:23:58.370+0000] {processor.py:840} INFO - DAG(s) 'example_params_ui_tutorial' retrieved from /home/airflow/.local/lib/python3.8/site-packages/airflow/example_dags/example_params_ui_tutorial.py
[2026-08-21T12:23:58.431+0000] {logging_mixin.py:188} INFO - [2026-08-21T12:23:58.431+0000] {dag.py:3036} INFO - Sync 1 DAGs
[2026-08-21T12:23:58.444+0000] {logging_mixin.py:188} INFO - [2026-08-21T12:23:58.444+0000] {dag.py:3823} INFO - Setting next_dagrun for example_params_ui_tutorial to None, run_after=None
[2026-08-21T12:23:58.540+0000] {processor.py:183} INFO - Processing /home/airflow/.local/lib/python3.8/site-packages/airflow/example_dags/example_params_ui_tutorial.py took 0.193 seconds
[2026-08-21T12:24:29.270+0000] {processor.py:161} INFO - Started process (PID=6161) to work on /home/airflow/.local/lib/python3.8/site-packages/airflow/example_dags/example_params_ui_tutorial.py
[2026-08-21T12:24:29.271+0000] {processor.py:830} INFO - Processing file /home/airflow/.local/lib/python3.8/site-packages/airflow/example_dags/example_params_ui_tutorial.py for tasks to queue
[2026-08-21T12:24:29.273+0000] {logging_mixin.py:188} INFO - [2026-08-21T12:24:29.273+0000] {dagbag.py:538} INFO - Filling up the DagBag from /home/airflow/.local/lib/python3.8/site-packages/airflow/example_dags/example_params_ui_tutorial.py
[2026-08-21T12:24:29.289+0000] {processor.py:840} INFO - DAG(s) 'example_params_ui_tutorial' retrieved from /home/airflow/.local/lib/python3.8/site-packages/airflow/example_dags/example_params_ui_tutorial.py
[2026-08-21T12:24:29.343+0000] {logging_mixin.py:188} INFO - [2026-08-21T12:24:29.343+0000] {dag.py:3036} INFO - Sync 1 DAGs
[2026-08-21T12:24:29.355+0000] {logging_mixin.py:188} INFO - [2026-08-21T12:24:29.354+0000] {dag.py:3823} INFO - Setting next_dagrun for example_params_ui_tutorial to None, run_after=None
[2026-08-21T12:24:29.395+0000] {processor.py:183} INFO - Processing /home/airflow/.local/lib/python3.8/site-packages/airflow/example_dags/example_params_ui_tutorial.py took 0.128 seconds
[2026-08-21T12:24:59.957+0000] {processor.py:161} INFO - Started process (PID=6248) to work on /home/airflow/.local/lib/python3.8/site-packages/airflow/example_dags/example_params_ui_tutorial.py
[2026-08-21T12:24:59.959+0000] {processor.py:830} INFO - Processing file /home/airflow/.local/lib/python3.8/site-packages/airflow/example_dags/example_params_ui_tutorial.py for tasks to queue
[2026-08-21T12:24:59.961+0000] {logging_mixin.py:188} INFO - [2026-08-21T12:24:59.961+0000] {dagbag.py:538} INFO - Filling up the DagBag from /home/airflow/.local/lib/python3.8/site-packages/airflow/example_dags/example_params_ui_tutorial.py
[2026-08-21T12:24:59.973+0000] {processor.py:840} INFO - DAG(s) 'example_params_ui_tutorial' retrieved from /home/airflow/.local/lib/python3.8/site-packages/airflow/example_dags/example_params_ui_tutorial.py
[2026-08-21T12:25:00.028+0000] {logging_mixin.py:188} INFO - [2026-08-21T12:25:00.028+0000] {dag.py:3036} INFO - Sync 1 DAGs
[2026-08-21T12:25:00.043+0000] {logging_mixin.py:188} INFO - [2026-08-21T12:25:00.043+0000] {dag.py:3823} INFO - Setting next_dagrun for example_params_ui_tutorial to None, run_after=None
[2026-08-21T12:25:00.084+0000] {processor.py:183} INFO - Processing /home/airflow/.local/lib/python3.8/site-packages/airflow/example_dags/example_params_ui_tutorial.py took 0.131 seconds
[2026-08-21T12:25:30.448+0000] {processor.py:161} INFO - Started process (PID=6335) to work on /home/airflow/.local/lib/python3.8/site-packages/airflow/example_dags/example_params_ui_tutorial.py
[2026-08-21T12:25:30.449+0000] {processor.py:830} INFO - Processing file /home/airflow/.local/lib/python3.8/site-packages/airflow/example_dags/example_params_ui_tutorial.py for tasks to queue
[2026-08-21T12:25:30.452+0000] {logging_mixin.py:188} INFO - [2026-08-21T12:25:30.451+0000] {dagbag.py:538} INFO - Filling up the DagBag from /home/airflow/.local/lib/python3.8/site-packages/airflow/example_dags/example_params_ui_tutorial.py
[2026-08-21T12:25:30.467+0000] {processor.py:840} INFO - DAG(s) 'example_params_ui_tutorial' retrieved from /home/airflow/.local/lib/python3.8/site-packages/airflow/example_dags/example_params_ui_tutorial.py
[2026-08-21T12:25:30.530+0000] {logging_mixin.py:188} INFO - [2026-08-21T12:25:30.530+0000] {dag.py:3036} INFO - Sync 1 DAGs
[2026-08-21T12:25:30.543+0000] {logging_mixin.py:188} INFO - [2026-08-21T12:25:30.543+0000] {dag.py:3823} INFO - Setting next_dagrun for example_params_ui_tutorial to None, run_after=None
[2026-08-21T12:25:30.566+0000] {processor.py:183} INFO - Processing /home/airflow/.local/lib/python3.8/site-packages/airflow/example_dags/example_params_ui_tutorial.py took 0.123 seconds
[2026-08-21T12:26:03.215+0000] {processor.py:161} INFO - Started process (PID=6422) to work on /home/airflow/.local/lib/python3.8/site-packages/airflow/example_dags/example_params_ui_tutorial.py
[2026-08-21T12:26:03.216+0000] {processor.py:830} INFO - Processing file /home/airflow/.local/lib/python3.8/site-packages/airflow/example_dags/example_params_ui_tutorial.py for tasks to queue
[2026-08-21T12:26:03.219+0000] {logging_mixin.py:188} INFO - [2026-08-21T12:26:03.219+0000] {dagbag.py:538} INFO - Filling up the DagBag from /home/airflow/.local/lib/python3.8/site-packages/airflow/example_dags/example_params_ui_tutorial.py
[2026-08-21T12:26:03.237+0000] {processor.py:840} INFO - DAG(s) 'example_params_ui_tutorial' retrieved from /home/airflow/.local/lib/python3.8/site-packages/airflow/example_dags/example_params_ui_tutorial.py
[2026-08-21T12:26:03.309+0000] {logging_mixin.py:188} INFO - [2026-08-21T12:26:03.308+0000] {dag.py:3036} INFO - Sync 1 DAGs
[2026-08-21T12:26:03.482+0000] {logging_mixin.py:188} INFO - [2026-08-21T12:26:03.481+0000] {dag.py:3823} INFO - Setting next_dagrun for example_params_ui_tutorial to None, run_after=None
[2026-08-21T12:26:03.501+0000] {processor.py:183} INFO - Processing /home/airflow/.local/lib/python3.8/site-packages/airflow/example_dags/example_params_ui_tutorial.py took 0.291 seconds
[2026-08-21T12:26:34.371+0000] {processor.py:161} INFO - Started process (PID=6509) to work on /home/airflow/.local/lib/python3.8/site-packages/airflow/example_dags/example_params_ui_tutorial.py
[2026-08-21T12:26:34.373+0000] {processor.py:830} INFO - Processing file /home/airflow/.local/lib/python3.8/site-packages/airflow/example_dags/example_params_ui_tutorial.py for tasks to queue
[2026-08-21T12:26:34.375+0000] {logging_mixin.py:188} INFO - [2026-08-21T12:26:34.375+0000] {dagbag.py:538} INFO - Filling up the DagBag from /home/airflow/.local/lib/python3.8/site-packages/airflow/example_dags/example_params_ui_tutorial.py
[2026-08-21T12:26:34.387+0000] {processor.py:840} INFO - DAG(s) 'example_params_ui_tutorial' retrieved from /home/airflow/.local/lib/python3.8/site-packages/airflow/example_dags/example_params_ui_tutorial.py
[2026-08-21T12:26:34.478+0000] {logging_mixin.py:188} INFO - [2026-08-21T12:26:34.478+0000] {dag.py:3036} INFO - Sync 1 DAGs
[2026-08-21T12:26:34.497+0000] {logging_mixin.py:188} INFO - [2026-08-21T12:26:34.496+0000] {dag.py:3823} INFO - Setting next_dagrun for example_params_ui_tutorial to None, run_after=None
[2026-08-21T12:26:34.682+0000] {processor.py:183} INFO - Processing /home/airflow/.local/lib/python3.8/site-packages/airflow/example_dags/example_params_ui_tutorial.py took 0.314 seconds
[2026-08-21T12:27:05.232+0000] {processor.py:161} INFO - Started process (PID=6600) to work on /home/airflow/.local/lib/python3.8/site-packages/airflow/example_dags/example_params_ui_tutorial.py
[2026-08-21T12:27:05.233+0000] {processor.py:830} INFO - Processing file /home/airflow/.local/lib/python3.8/site-packages/airflow/example_dags/example_params_ui_tutorial.py for tasks to queue
[2026-08-21T12:27:05.236+0000] {logging_mixin.py:188} INFO - [2026-08-21T12:27:05.235+0000] {dagbag.py:538} INFO - Filling up the DagBag from /home/airflow/.local/lib/python3.8/site-packages/airflow/example_dags/example_params_ui_tutorial.py
[2026-08-21T12:27:05.250+0000] {processor.py:840} INFO - DAG(s) 'example_params_ui_tutorial' retrieved from /home/airflow/.local/lib/python3.8/site-packages/airflow/example_dags/example_params_ui_tutorial.py
[2026-08-21T12:27:05.314+0000] {logging_mixin.py:188} INFO - [2026-08-21T12:27:05.314+0000] {dag.py:3036} INFO - Sync 1 DAGs
[2026-08-21T12:27:05.331+0000] {logging_mixin.py:188} INFO - [2026-08-21T12:27:05.330+0000] {dag.py:3823} INFO - Setting next_dagrun for example_params_ui_tutorial to None, run_after=None
[2026-08-21T12:27:05.350+0000] {processor.py:183} INFO - Processing /home/airflow/.local/lib/python3.8/site-packages/airflow/example_dags/example_params_ui_tutorial.py took 0.123 seconds
[2026-08-21T12:27:35.467+0000] {processor.py:161} INFO - Started process (PID=6687) to work on /home/airflow/.local/lib/python3.8/site-packages/airflow/example_dags/example_params_ui_tutorial.py
[2026-08-21T12:27:35.468+0000] {processor.py:830} INFO - Processing file /home/airflow/.local/lib/python3.8/site-packages/airflow/example_dags/example_params_ui_tutorial.py for tasks to queue
[2026-08-21T12:27:35.471+0000] {logging_mixin.py:188} INFO - [2026-08-21T12:27:35.470+0000] {dagbag.py:538} INFO - Filling up the DagBag from /home/airflow/.local/lib/python3.8/site-packages/airflow/example_dags/example_params_ui_tutorial.py
[2026-08-21T12:27:35.484+0000] {processor.py:840} INFO - DAG(s) 'example_params_ui_tutorial' retrieved from /home/airflow/.local/lib/python3.8/site-packages/airflow/example_dags/example_params_ui_tutorial.py
[2026-08-21T12:27:35.539+0000] {logging_mixin.py:188} INFO - [2026-08-21T12:27:35.539+0000] {dag.py:3036} INFO - Sync 1 DAGs
[2026-08-21T12:27:35.550+0000] {logging_mixin.py:188} INFO - [2026-08-21T12:27:35.550+0000] {dag.py:3823} INFO - Setting next_dagrun for example_params_ui_tutorial to None, run_after=None
[2026-08-21T12:27:35.572+0000] {processor.py:183} INFO - Processing /home/airflow/.local/lib/python3.8/site-packages/airflow/example_dags/example_params_ui_tutorial.py took 0.109 seconds
[2026-08-21T12:28:05.613+0000] {processor.py:161} INFO - Started process (PID=6774) to work on /home/airflow/.local/lib/python3.8/site-packages/airflow/example_dags/example_params_ui_tutorial.py
[2026-08-21T12:28:05.615+0000] {processor.py:830} INFO - Processing file /home/airflow/.local/lib/python3.8/site-packages/airflow/example_dags/example_params_ui_tutorial.py for tasks to queue
[2026-08-21T12:28:05.617+0000] {logging_mixin.py:188} INFO - [2026-08-21T12:28:05.616+0000] {dagbag.py:538} INFO - Filling up the DagBag from /home/airflow/.local/lib/python3.8/site-packages/airflow/example_dags/example_params_ui_tutorial.py
[2026-08-21T12:28:05.628+0000] {processor.py:840} INFO - DAG(s) 'example_params_ui_tutorial' retrieved from /home/airflow/.local/lib/python3.8/site-packages/airflow/example_dags/example_params_ui_tutorial.py
[2026-08-21T12:28:05.679+0000] {logging_mixin.py:188} INFO - [2026-08-21T12:28:05.679+0000] {dag.py:3036} INFO - Sync 1 DAGs
[2026-08-21T12:28:05.690+0000] {logging_mixin.py:188} INFO - [2026-08-21T12:28:05.690+0000] {dag.py:3823} INFO - Setting next_dagrun for example_params_ui_tutorial to None, run_after=None
[2026-08-21T12:28:05.707+0000] {processor.py:183} INFO - Processing /home/airflow/.local/lib/python3.8/site-packages/airflow/example_dags/example_params_ui_tutorial.py took 0.097 seconds
[2026-08-21T12:28:35.923+0000] {processor.py:161} INFO - Started process (PID=6861) to work on /home/airflow/.local/lib/python3.8/site-packages/airflow/example_dags/example_params_ui_tutorial.py
[2026-08-21T12:28:35.925+0000] {processor.py:830} INFO - Processing file /home/airflow/.local/lib/python3.8/site-packages/airflow/example_dags/example_params_ui_tutorial.py for tasks to queue
[2026-08-21T12:28:35.928+0000] {logging_mixin.py:188} INFO - [2026-08-21T12:28:35.928+0000] {dagbag.py:538} INFO - Filling up the DagBag from /home/airflow/.local/lib/python3.8/site-packages/airflow/example_dags/example_params_ui_tutorial.py
[2026-08-21T12:28:35.945+0000] {processor.py:840} INFO - DAG(s) 'example_params_ui_tutorial' retrieved from /home/airflow/.local/lib/python3.8/site-packages/airflow/example_dags/example_params_ui_tutorial.py
[2026-08-21T12:28:36.013+0000] {logging_mixin.py:188} INFO - [2026-08-21T12:28:36.013+0000] {dag.py:3036} INFO - Sync 1 DAGs
[2026-08-21T12:28:36.026+0000] {logging_mixin.py:188} INFO - [2026-08-21T12:28:36.026+0000] {dag.py:3823} INFO - Setting next_dagrun for example_params_ui_tutorial to None, run_after=None
[2026-08-21T12:28:36.047+0000] {processor.py:183} INFO - Processing /home/airflow/.local/lib/python3.8/site-packages/airflow/example_dags/example_params_ui_tutorial.py took 0.133 seconds
[2026-08-21T12:29:07.241+0000] {processor.py:161} INFO - Started process (PID=6948) to work on /home/airflow/.local/lib/python3.8/site-packages/airflow/example_dags/example_params_ui_tutorial.py
[2026-08-21T12:29:07.243+0000] {processor.py:830} INFO - Processing file /home/airflow/.local/lib/python3.8/site-packages/airflow/example_dags/example_params_ui_tutorial.py for tasks to queue
[2026-08-21T12:29:07.245+0000] {logging_mixin.py:188} INFO - [2026-08-21T12:29:07.245+0000] {dagbag.py:538} INFO - Filling up the DagBag from /home/airflow/.local/lib/python3.8/site-packages/airflow/example_dags/example_params_ui_tutorial.py
[2026-08-21T12:29:07.260+0000] {processor.py:840} INFO - DAG(s) 'example_params_ui_tutorial' retrieved from /home/airflow/.local/lib/python3.8/site-packages/airflow/example_dags/example_params_ui_tutorial.py
[2026-08-21T12:29:07.322+0000] {logging_mixin.py:188} INFO - [2026-08-21T12:29:07.321+0000] {dag.py:3036} INFO - Sync 1 DAGs
[2026-08-21T12:29:07.338+0000] {logging_mixin.py:188} INFO - [2026-08-21T12:29:07.337+0000] {dag.py:3823} INFO - Setting next_dagrun for example_params_ui_tutorial to None, run_after=None
[2026-08-21T12:29:07.368+0000] {processor.py:183} INFO - Processing /home/airflow/.local/lib/python3.8/site-packages/airflow/example_dags/example_params_ui_tutorial.py took 0.130 seconds
[2026-08-21T12:29:38.506+0000] {processor.py:161} INFO - Started process (PID=7035) to work on /home/airflow/.local/lib/python3.8/site-packages/airflow/example_dags/example_params_ui_tutorial.py
[2026-08-21T12:29:38.507+0000] {processor.py:830} INFO - Processing file /home/airflow/.local/lib/python3.8/site-packages/airflow/example_dags/example_params_ui_tutorial.py for tasks to queue
[2026-08-21T12:29:38.510+0000] {logging_mixin.py:188} INFO - [2026-08-21T12:29:38.510+0000] {dagbag.py:538} INFO - Filling up the DagBag from /home/airflow/.local/lib/python3.8/site-packages/airflow/example_dags/example_params_ui_tutorial.py
[2026-08-21T12:29:38.527+0000] {processor.py:840} INFO - DAG(s) 'example_params_ui_tutorial' retrieved from /home/airflow/.local/lib/python3.8/site-packages/airflow/example_dags/example_params_ui_tutorial.py
[2026-08-21T12:29:38.584+0000] {logging_mixin.py:188} INFO - [2026-08-21T12:29:38.584+0000] {dag.py:3036} INFO - Sync 1 DAGs
[2026-08-21T12:29:38.604+0000] {logging_mixin.py:188} INFO - [2026-08-21T12:29:38.604+0000] {dag.py:3823} INFO - Setting next_dagrun for example_params_ui_tutorial to None, run_after=None
[2026-08-21T12:29:38.625+0000] {processor.py:183} INFO - Processing /home/airflow/.local/lib/python3.8/site-packages/airflow/example_dags/example_params_ui_tutorial.py took 0.123 seconds
[2026-08-21T12:30:09.537+0000] {processor.py:161} INFO - Started process (PID=7122) to work on /home/airflow/.local/lib/python3.8/site-packages/airflow/example_dags/example_params_ui_tutorial.py
[2026-08-21T12:30:09.538+0000] {processor.py:830} INFO - Processing file /home/airflow/.local/lib/python3.8/site-packages/airflow/example_dags/example_params_ui_tutorial.py for tasks to queue
[2026-08-21T12:30:09.540+0000] {logging_mixin.py:188} INFO - [2026-08-21T12:30:09.539+0000] {dagbag.py:538} INFO - Filling up the DagBag from /home/airflow/.local/lib/python3.8/site-packages/airflow/example_dags/example_params_ui_tutorial.py
[2026-08-21T12:30:09.552+0000] {processor.py:840} INFO - DAG(s) 'example_params_ui_tutorial' retrieved from /home/airflow/.local/lib/python3.8/site-packages/airflow/example_dags/example_params_ui_tutorial.py
[2026-08-21T12:30:09.617+0000] {logging_mixin.py:188} INFO - [2026-08-21T12:30:09.617+0000] {dag.py:3036} INFO - Sync 1 DAGs
[2026-08-21T12:30:09.636+0000] {logging_mixin.py:188} INFO - [2026-08-21T12:30:09.636+0000] {dag.py:3823} INFO - Setting next_dagrun for example_params_ui_tutorial to None, run_after=None
[2026-08-21T12:30:09.658+0000] {processor.py:183} INFO - Processing /home/airflow/.local/lib/python3.8/site-packages/airflow/example_dags/example_params_ui_tutorial.py took 0.125 seconds
[2026-08-21T12:30:40.175+0000] {processor.py:161} INFO - Started process (PID=7209) to work on /home/airflow/.local/lib/python3.8/site-packages/airflow/example_dags/example_params_ui_tutorial.py
[2026-08-21T12:30:40.177+0000] {processor.py:830} INFO - Processing file /home/airflow/.local/lib/python3.8/site-packages/airflow/example_dags/example_params_ui_tutorial.py for tasks to queue
[2026-08-21T12:30:40.179+0000] {logging_mixin.py:188} INFO - [2026-08-21T12:30:40.179+0000] {dagbag.py:538} INFO - Filling up the DagBag from /home/airflow/.local/lib/python3.8/site-packages/airflow/example_dags/example_params_ui_tutorial.py
[2026-08-21T12:30:40.193+0000] {processor.py:840} INFO - DAG(s) 'example_params_ui_tutorial' retrieved from /home/airflow/.local/lib/python3.8/site-packages/airflow/example_dags/example_params_ui_tutorial.py
[2026-08-21T12:30:40.253+0000] {logging_mixin.py:188} INFO - [2026-08-21T12:30:40.252+0000] {dag.py:3036} INFO - Sync 1 DAGs
[2026-08-21T12:30:40.264+0000] {logging_mixin.py:188} INFO - [2026-08-21T12:30:40.264+0000] {dag.py:3823} INFO - Setting next_dagrun for example_params_ui_tutorial to None, run_after=None
[2026-08-21T12:30:40.284+0000] {processor.py:183} INFO - Processing /home/airflow/.local/lib/python3.8/site-packages/airflow/example_dags/example_params_ui_tutorial.py took 0.112 seconds
[2026-08-21T12:31:10.747+0000] {processor.py:161} INFO - Started process (PID=7297) to work on /home/airflow/.local/lib/python3.8/site-packages/airflow/example_dags/example_params_ui_tutorial.py
[2026-08-21T12:31:10.752+0000] {processor.py:830} INFO - Processing file /home/airflow/.local/lib/python3.8/site-packages/airflow/example_dags/example_params_ui_tutorial.py for tasks to queue
[2026-08-21T12:31:10.755+0000] {logging_mixin.py:188} INFO - [2026-08-21T12:31:10.754+0000] {dagbag.py:538} INFO - Filling up the DagBag from /home/airflow/.local/lib/python3.8/site-packages/airflow/example_dags/example_params_ui_tutorial.py
[2026-08-21T12:31:10.771+0000] {processor.py:840} INFO - DAG(s) 'example_params_ui_tutorial' retrieved from /home/airflow/.local/lib/python3.8/site-packages/airflow/example_dags/example_params_ui_tutorial.py
[2026-08-21T12:31:10.846+0000] {logging_mixin.py:188} INFO - [2026-08-21T12:31:10.846+0000] {dag.py:3036} INFO - Sync 1 DAGs
[2026-08-21T12:31:10.867+0000] {logging_mixin.py:188} INFO - [2026-08-21T12:31:10.866+0000] {dag.py:3823} INFO - Setting next_dagrun for example_params_ui_tutorial to None, run_after=None
[2026-08-21T12:31:10.892+0000] {processor.py:183} INFO - Processing /home/airflow/.local/lib/python3.8/site-packages/airflow/example_dags/example_params_ui_tutorial.py took 0.149 seconds
[2026-08-21T12:31:41.598+0000] {processor.py:161} INFO - Started process (PID=7384) to work on /home/airflow/.local/lib/python3.8/site-packages/airflow/example_dags/example_params_ui_tutorial.py
[2026-08-21T12:31:41.599+0000] {processor.py:830} INFO - Processing file /home/airflow/.local/lib/python3.8/site-packages/airflow/example_dags/example_params_ui_tutorial.py for tasks to queue
[2026-08-21T12:31:41.601+0000] {logging_mixin.py:188} INFO - [2026-08-21T12:31:41.601+0000] {dagbag.py:538} INFO - Filling up the DagBag from /home/airflow/.local/lib/python3.8/site-packages/airflow/example_dags/example_params_ui_tutorial.py
[2026-08-21T12:31:41.614+0000] {processor.py:840} INFO - DAG(s) 'example_params_ui_tutorial' retrieved from /home/airflow/.local/lib/python3.8/site-packages/airflow/example_dags/example_params_ui_tutorial.py
[2026-08-21T12:31:41.666+0000] {logging_mixin.py:188} INFO - [2026-08-21T12:31:41.666+0000] {dag.py:3036} INFO - Sync 1 DAGs
[2026-08-21T12:31:41.677+0000] {logging_mixin.py:188} INFO - [2026-08-21T12:31:41.677+0000] {dag.py:3823} INFO - Setting next_dagrun for example_params_ui_tutorial to None, run_after=None
[2026-08-21T12:31:41.696+0000] {processor.py:183} INFO - Processing /home/airflow/.local/lib/python3.8/site-packages/airflow/example_dags/example_params_ui_tutorial.py took 0.101 seconds
