[2026-08-21T11:42:49.776+0000] {processor.py:161} INFO - Started process (PID=180) to work on /home/airflow/.local/lib/python3.8/site-packages/airflow/example_dags/example_short_circuit_decorator.py
[2026-08-21T11:42:49.795+0000] {processor.py:830} INFO - Processing file /home/airflow/.local/lib/python3.8/site-packages/airflow/example_dags/example_short_circuit_decorator.py for tasks to queue
[2026-08-21T11:42:49.806+0000] {logging_mixin.py:188} INFO - [2026-08-21T11:42:49.805+0000] {dagbag.py:538} INFO - Filling up the DagBag from /home/airflow/.local/lib/python3.8/site-packages/airflow/example_dags/example_short_circuit_decorator.py
[2026-08-21T11:42:49.904+0000] {processor.py:840} INFO - DAG(s) 'example_short_circuit_decorator' retrieved from /home/airflow/.local/lib/python3.8/site-packages/airflow/example_dags/example_short_circuit_decorator.py
[2026-08-21T11:42:51.519+0000] {logging_mixin.py:188} INFO - [2026-08-21T11:42:51.518+0000] {process_utils.py:262} INFO - Waiting up to 5 seconds for processes to exit...
[2026-08-21T11:43:24.350+0000] {processor.py:161} INFO - Started process (PID=123) to work on /home/airflow/.local/lib/python3.8/site-packages/airflow/example_dags/example_short_circuit_decorator.py
[2026-08-21T11:43:24.352+0000] {processor.py:830} INFO - Processing file /home/airflow/.local/lib/python3.8/site-packages/airflow/example_dags/example_short_circuit_decorator.py for tasks to queue
[2026-08-21T11:43:24.359+0000] {logging_mixin.py:188} INFO - [2026-08-21T11:43:24.358+0000] {dagbag.py:538} INFO - Filling up the DagBag from /home/airflow/.local/lib/python3.8/site-packages/airflow/example_dags/example_short_circuit_decorator.py
[2026-08-21T11:43:24.382+0000] {processor.py:840} INFO - DAG(s) 'example_short_circuit_decorator' retrieved from /home/airflow/.local/lib/python3.8/site-packages/airflow/example_dags/example_short_circuit_decorator.py
[2026-08-21T11:43:24.588+0000] {logging_mixin.py:188} INFO - [2026-08-21T11:43:24.587+0000] {dag.py:3036} INFO - Sync 1 DAGs
[2026-08-21T11:43:24.636+0000] {logging_mixin.py:188} INFO - [2026-08-21T11:43:24.636+0000] {dag.py:3823} INFO - Setting next_dagrun for example_short_circuit_decorator to 2026-08-20 00:00:00+00:00, run_after=2026-08-21 00:00:00+00:00
[2026-08-21T11:43:24.680+0000] {processor.py:183} INFO - Processing /home/airflow/.local/lib/python3.8/site-packages/airflow/example_dags/example_short_circuit_decorator.py took 0.336 seconds
[2026-08-21T11:43:54.852+0000] {processor.py:161} INFO - Started process (PID=214) to work on /home/airflow/.local/lib/python3.8/site-packages/airflow/example_dags/example_short_circuit_decorator.py
[2026-08-21T11:43:54.853+0000] {processor.py:830} INFO - Processing file /home/airflow/.local/lib/python3.8/site-packages/airflow/example_dags/example_short_circuit_decorator.py for tasks to queue
[2026-08-21T11:43:54.857+0000] {logging_mixin.py:188} INFO - [2026-08-21T11:43:54.856+0000] {dagbag.py:538} INFO - Filling up the DagBag from /home/airflow/.local/lib/python3.8/site-packages/airflow/example_dags/example_short_circuit_decorator.py
[2026-08-21T11:43:54.873+0000] {processor.py:840} INFO - DAG(s) 'example_short_circuit_decorator' retrieved from /home/airflow/.local/lib/python3.8/site-packages/airflow/example_dags/example_short_circuit_decorator.py
[2026-08-21T11:43:54.915+0000] {logging_mixin.py:188} INFO - [2026-08-21T11:43:54.914+0000] {dag.py:3036} INFO - Sync 1 DAGs
[2026-08-21T11:43:54.962+0000] {logging_mixin.py:188} INFO - [2026-08-21T11:43:54.961+0000] {dag.py:3823} INFO - Setting next_dagrun for example_short_circuit_decorator to 2026-08-20 00:00:00+00:00, run_after=2026-08-21 00:00:00+00:00
[2026-08-21T11:43:55.003+0000] {processor.py:183} INFO - Processing /home/airflow/.local/lib/python3.8/site-packages/airflow/example_dags/example_short_circuit_decorator.py took 0.156 seconds
[2026-08-21T11:44:26.005+0000] {processor.py:161} INFO - Started process (PID=300) to work on /home/airflow/.local/lib/python3.8/site-packages/airflow/example_dags/example_short_circuit_decorator.py
[2026-08-21T11:44:26.007+0000] {processor.py:830} INFO - Processing file /home/airflow/.local/lib/python3.8/site-packages/airflow/example_dags/example_short_circuit_decorator.py for tasks to queue
[2026-08-21T11:44:26.010+0000] {logging_mixin.py:188} INFO - [2026-08-21T11:44:26.010+0000] {dagbag.py:538} INFO - Filling up the DagBag from /home/airflow/.local/lib/python3.8/site-packages/airflow/example_dags/example_short_circuit_decorator.py
[2026-08-21T11:44:26.020+0000] {processor.py:840} INFO - DAG(s) 'example_short_circuit_decorator' retrieved from /home/airflow/.local/lib/python3.8/site-packages/airflow/example_dags/example_short_circuit_decorator.py
[2026-08-21T11:44:26.035+0000] {logging_mixin.py:188} INFO - [2026-08-21T11:44:26.035+0000] {dag.py:3036} INFO - Sync 1 DAGs
[2026-08-21T11:44:26.067+0000] {logging_mixin.py:188} INFO - [2026-08-21T11:44:26.066+0000] {dag.py:3823} INFO - Setting next_dagrun for example_short_circuit_decorator to 2026-08-20 00:00:00+00:00, run_after=2026-08-21 00:00:00+00:00
[2026-08-21T11:44:26.088+0000] {processor.py:183} INFO - Processing /home/airflow/.local/lib/python3.8/site-packages/airflow/example_dags/example_short_circuit_decorator.py took 0.088 seconds
[2026-08-21T11:45:00.272+0000] {processor.py:161} INFO - Started process (PID=395) to work on /home/airflow/.local/lib/python3.8/site-packages/airflow/example_dags/example_short_circuit_decorator.py
[2026-08-21T11:45:00.275+0000] {processor.py:830} INFO - Processing file /home/airflow/.local/lib/python3.8/site-packages/airflow/example_dags/example_short_circuit_decorator.py for tasks to queue
[2026-08-21T11:45:00.279+0000] {logging_mixin.py:188} INFO - [2026-08-21T11:45:00.279+0000] {dagbag.py:538} INFO - Filling up the DagBag from /home/airflow/.local/lib/python3.8/site-packages/airflow/example_dags/example_short_circuit_decorator.py
[2026-08-21T11:45:00.312+0000] {processor.py:840} INFO - DAG(s) 'example_short_circuit_decorator' retrieved from /home/airflow/.local/lib/python3.8/site-packages/airflow/example_dags/example_short_circuit_decorator.py
[2026-08-21T11:45:00.360+0000] {logging_mixin.py:188} INFO - [2026-08-21T11:45:00.357+0000] {dag.py:3036} INFO - Sync 1 DAGs
[2026-08-21T11:45:00.458+0000] {logging_mixin.py:188} INFO - [2026-08-21T11:45:00.457+0000] {dag.py:3823} INFO - Setting next_dagrun for example_short_circuit_decorator to 2026-08-20 00:00:00+00:00, run_after=2026-08-21 00:00:00+00:00
[2026-08-21T11:45:00.572+0000] {processor.py:183} INFO - Processing /home/airflow/.local/lib/python3.8/site-packages/airflow/example_dags/example_short_circuit_decorator.py took 0.316 seconds
[2026-08-21T11:45:31.947+0000] {processor.py:161} INFO - Started process (PID=485) to work on /home/airflow/.local/lib/python3.8/site-packages/airflow/example_dags/example_short_circuit_decorator.py
[2026-08-21T11:45:31.948+0000] {processor.py:830} INFO - Processing file /home/airflow/.local/lib/python3.8/site-packages/airflow/example_dags/example_short_circuit_decorator.py for tasks to queue
[2026-08-21T11:45:31.950+0000] {logging_mixin.py:188} INFO - [2026-08-21T11:45:31.950+0000] {dagbag.py:538} INFO - Filling up the DagBag from /home/airflow/.local/lib/python3.8/site-packages/airflow/example_dags/example_short_circuit_decorator.py
[2026-08-21T11:45:31.960+0000] {processor.py:840} INFO - DAG(s) 'example_short_circuit_decorator' retrieved from /home/airflow/.local/lib/python3.8/site-packages/airflow/example_dags/example_short_circuit_decorator.py
[2026-08-21T11:45:32.093+0000] {logging_mixin.py:188} INFO - [2026-08-21T11:45:32.092+0000] {dag.py:3036} INFO - Sync 1 DAGs
[2026-08-21T11:45:32.115+0000] {logging_mixin.py:188} INFO - [2026-08-21T11:45:32.114+0000] {dag.py:3823} INFO - Setting next_dagrun for example_short_circuit_decorator to 2026-08-20 00:00:00+00:00, run_after=2026-08-21 00:00:00+00:00
[2026-08-21T11:45:32.219+0000] {processor.py:183} INFO - Processing /home/airflow/.local/lib/python3.8/site-packages/airflow/example_dags/example_short_circuit_decorator.py took 0.276 seconds
[2026-08-21T11:46:02.884+0000] {processor.py:161} INFO - Started process (PID=571) to work on /home/airflow/.local/lib/python3.8/site-packages/airflow/example_dags/example_short_circuit_decorator.py
[2026-08-21T11:46:02.885+0000] {processor.py:830} INFO - Processing file /home/airflow/.local/lib/python3.8/site-packages/airflow/example_dags/example_short_circuit_decorator.py for tasks to queue
[2026-08-21T11:46:02.887+0000] {logging_mixin.py:188} INFO - [2026-08-21T11:46:02.887+0000] {dagbag.py:538} INFO - Filling up the DagBag from /home/airflow/.local/lib/python3.8/site-packages/airflow/example_dags/example_short_circuit_decorator.py
[2026-08-21T11:46:02.896+0000] {processor.py:840} INFO - DAG(s) 'example_short_circuit_decorator' retrieved from /home/airflow/.local/lib/python3.8/site-packages/airflow/example_dags/example_short_circuit_decorator.py
[2026-08-21T11:46:02.909+0000] {logging_mixin.py:188} INFO - [2026-08-21T11:46:02.908+0000] {dag.py:3036} INFO - Sync 1 DAGs
[2026-08-21T11:46:02.934+0000] {logging_mixin.py:188} INFO - [2026-08-21T11:46:02.934+0000] {dag.py:3823} INFO - Setting next_dagrun for example_short_circuit_decorator to 2026-08-20 00:00:00+00:00, run_after=2026-08-21 00:00:00+00:00
[2026-08-21T11:46:03.015+0000] {processor.py:183} INFO - Processing /home/airflow/.local/lib/python3.8/site-packages/airflow/example_dags/example_short_circuit_decorator.py took 0.135 seconds
[2026-08-21T11:46:33.193+0000] {processor.py:161} INFO - Started process (PID=662) to work on /home/airflow/.local/lib/python3.8/site-packages/airflow/example_dags/example_short_circuit_decorator.py
[2026-08-21T11:46:33.194+0000] {processor.py:830} INFO - Processing file /home/airflow/.local/lib/python3.8/site-packages/airflow/example_dags/example_short_circuit_decorator.py for tasks to queue
[2026-08-21T11:46:33.196+0000] {logging_mixin.py:188} INFO - [2026-08-21T11:46:33.196+0000] {dagbag.py:538} INFO - Filling up the DagBag from /home/airflow/.local/lib/python3.8/site-packages/airflow/example_dags/example_short_circuit_decorator.py
[2026-08-21T11:46:33.207+0000] {processor.py:840} INFO - DAG(s) 'example_short_circuit_decorator' retrieved from /home/airflow/.local/lib/python3.8/site-packages/airflow/example_dags/example_short_circuit_decorator.py
[2026-08-21T11:46:33.220+0000] {logging_mixin.py:188} INFO - [2026-08-21T11:46:33.220+0000] {dag.py:3036} INFO - Sync 1 DAGs
[2026-08-21T11:46:33.245+0000] {logging_mixin.py:188} INFO - [2026-08-21T11:46:33.244+0000] {dag.py:3823} INFO - Setting next_dagrun for example_short_circuit_decorator to 2026-08-20 00:00:00+00:00, run_after=2026-08-21 00:00:00+00:00
[2026-08-21T11:46:33.264+0000] {processor.py:183} INFO - Processing /home/airflow/.local/lib/python3.8/site-packages/airflow/example_dags/example_short_circuit_decorator.py took 0.075 seconds
[2026-08-21T11:47:05.832+0000] {processor.py:161} INFO - Started process (PID=747) to work on /home/airflow/.local/lib/python3.8/site-packages/airflow/example_dags/example_short_circuit_decorator.py
[2026-08-21T11:47:05.834+0000] {processor.py:830} INFO - Processing file /home/airflow/.local/lib/python3.8/site-packages/airflow/example_dags/example_short_circuit_decorator.py for tasks to queue
[2026-08-21T11:47:05.837+0000] {logging_mixin.py:188} INFO - [2026-08-21T11:47:05.836+0000] {dagbag.py:538} INFO - Filling up the DagBag from /home/airflow/.local/lib/python3.8/site-packages/airflow/example_dags/example_short_circuit_decorator.py
[2026-08-21T11:47:05.847+0000] {processor.py:840} INFO - DAG(s) 'example_short_circuit_decorator' retrieved from /home/airflow/.local/lib/python3.8/site-packages/airflow/example_dags/example_short_circuit_decorator.py
[2026-08-21T11:47:06.105+0000] {logging_mixin.py:188} INFO - [2026-08-21T11:47:06.105+0000] {dag.py:3036} INFO - Sync 1 DAGs
[2026-08-21T11:47:06.125+0000] {logging_mixin.py:188} INFO - [2026-08-21T11:47:06.125+0000] {dag.py:3823} INFO - Setting next_dagrun for example_short_circuit_decorator to 2026-08-20 00:00:00+00:00, run_after=2026-08-21 00:00:00+00:00
[2026-08-21T11:47:06.150+0000] {processor.py:183} INFO - Processing /home/airflow/.local/lib/python3.8/site-packages/airflow/example_dags/example_short_circuit_decorator.py took 0.324 seconds
[2026-08-21T11:47:37.137+0000] {processor.py:161} INFO - Started process (PID=833) to work on /home/airflow/.local/lib/python3.8/site-packages/airflow/example_dags/example_short_circuit_decorator.py
[2026-08-21T11:47:37.138+0000] {processor.py:830} INFO - Processing file /home/airflow/.local/lib/python3.8/site-packages/airflow/example_dags/example_short_circuit_decorator.py for tasks to queue
[2026-08-21T11:47:37.141+0000] {logging_mixin.py:188} INFO - [2026-08-21T11:47:37.140+0000] {dagbag.py:538} INFO - Filling up the DagBag from /home/airflow/.local/lib/python3.8/site-packages/airflow/example_dags/example_short_circuit_decorator.py
[2026-08-21T11:47:37.149+0000] {processor.py:840} INFO - DAG(s) 'example_short_circuit_decorator' retrieved from /home/airflow/.local/lib/python3.8/site-packages/airflow/example_dags/example_short_circuit_decorator.py
[2026-08-21T11:47:37.175+0000] {logging_mixin.py:188} INFO - [2026-08-21T11:47:37.175+0000] {dag.py:3036} INFO - Sync 1 DAGs
[2026-08-21T11:47:37.197+0000] {logging_mixin.py:188} INFO - [2026-08-21T11:47:37.197+0000] {dag.py:3823} INFO - Setting next_dagrun for example_short_circuit_decorator to 2026-08-20 00:00:00+00:00, run_after=2026-08-21 00:00:00+00:00
[2026-08-21T11:47:37.219+0000] {processor.py:183} INFO - Processing /home/airflow/.local/lib/python3.8/site-packages/airflow/example_dags/example_short_circuit_decorator.py took 0.086 seconds
[2026-08-21T11:48:07.390+0000] {processor.py:161} INFO - Started process (PID=920) to work on /home/airflow/.local/lib/python3.8/site-packages/airflow/example_dags/example_short_circuit_decorator.py
[2026-08-21T11:48:07.392+0000] {processor.py:830} INFO - Processing file /home/airflow/.local/lib/python3.8/site-packages/airflow/example_dags/example_short_circuit_decorator.py for tasks to queue
[2026-08-21T11:48:07.395+0000] {logging_mixin.py:188} INFO - [2026-08-21T11:48:07.394+0000] {dagbag.py:538} INFO - Filling up the DagBag from /home/airflow/.local/lib/python3.8/site-packages/airflow/example_dags/example_short_circuit_decorator.py
[2026-08-21T11:48:07.405+0000] {processor.py:840} INFO - DAG(s) 'example_short_circuit_decorator' retrieved from /home/airflow/.local/lib/python3.8/site-packages/airflow/example_dags/example_short_circuit_decorator.py
[2026-08-21T11:48:07.435+0000] {logging_mixin.py:188} INFO - [2026-08-21T11:48:07.435+0000] {dag.py:3036} INFO - Sync 1 DAGs
[2026-08-21T11:48:07.466+0000] {logging_mixin.py:188} INFO - [2026-08-21T11:48:07.465+0000] {dag.py:3823} INFO - Setting next_dagrun for example_short_circuit_decorator to 2026-08-20 00:00:00+00:00, run_after=2026-08-21 00:00:00+00:00
[2026-08-21T11:48:07.523+0000] {processor.py:183} INFO - Processing /home/airflow/.local/lib/python3.8/site-packages/airflow/example_dags/example_short_circuit_decorator.py took 0.136 seconds
[2026-08-21T11:48:46.115+0000] {processor.py:161} INFO - Started process (PID=97) to work on /home/airflow/.local/lib/python3.8/site-packages/airflow/example_dags/example_short_circuit_decorator.py
[2026-08-21T11:48:46.117+0000] {processor.py:830} INFO - Processing file /home/airflow/.local/lib/python3.8/site-packages/airflow/example_dags/example_short_circuit_decorator.py for tasks to queue
[2026-08-21T11:48:46.120+0000] {logging_mixin.py:188} INFO - [2026-08-21T11:48:46.119+0000] {dagbag.py:538} INFO - Filling up the DagBag from /home/airflow/.local/lib/python3.8/site-packages/airflow/example_dags/example_short_circuit_decorator.py
[2026-08-21T11:48:46.134+0000] {processor.py:840} INFO - DAG(s) 'example_short_circuit_decorator' retrieved from /home/airflow/.local/lib/python3.8/site-packages/airflow/example_dags/example_short_circuit_decorator.py
[2026-08-21T11:48:46.159+0000] {logging_mixin.py:188} INFO - [2026-08-21T11:48:46.158+0000] {dag.py:3036} INFO - Sync 1 DAGs
[2026-08-21T11:48:46.180+0000] {logging_mixin.py:188} INFO - [2026-08-21T11:48:46.179+0000] {dag.py:3823} INFO - Setting next_dagrun for example_short_circuit_decorator to 2026-08-20 00:00:00+00:00, run_after=2026-08-21 00:00:00+00:00
[2026-08-21T11:48:46.245+0000] {processor.py:183} INFO - Processing /home/airflow/.local/lib/python3.8/site-packages/airflow/example_dags/example_short_circuit_decorator.py took 0.134 seconds
[2026-08-21T11:49:17.546+0000] {processor.py:161} INFO - Started process (PID=185) to work on /home/airflow/.local/lib/python3.8/site-packages/airflow/example_dags/example_short_circuit_decorator.py
[2026-08-21T11:49:17.547+0000] {processor.py:830} INFO - Processing file /home/airflow/.local/lib/python3.8/site-packages/airflow/example_dags/example_short_circuit_decorator.py for tasks to queue
[2026-08-21T11:49:17.550+0000] {logging_mixin.py:188} INFO - [2026-08-21T11:49:17.549+0000] {dagbag.py:538} INFO - Filling up the DagBag from /home/airflow/.local/lib/python3.8/site-packages/airflow/example_dags/example_short_circuit_decorator.py
[2026-08-21T11:49:17.560+0000] {processor.py:840} INFO - DAG(s) 'example_short_circuit_decorator' retrieved from /home/airflow/.local/lib/python3.8/site-packages/airflow/example_dags/example_short_circuit_decorator.py
[2026-08-21T11:49:17.584+0000] {logging_mixin.py:188} INFO - [2026-08-21T11:49:17.584+0000] {dag.py:3036} INFO - Sync 1 DAGs
[2026-08-21T11:49:17.610+0000] {logging_mixin.py:188} INFO - [2026-08-21T11:49:17.610+0000] {dag.py:3823} INFO - Setting next_dagrun for example_short_circuit_decorator to 2026-08-20 00:00:00+00:00, run_after=2026-08-21 00:00:00+00:00
[2026-08-21T11:49:17.663+0000] {processor.py:183} INFO - Processing /home/airflow/.local/lib/python3.8/site-packages/airflow/example_dags/example_short_circuit_decorator.py took 0.121 seconds
[2026-08-21T11:49:48.019+0000] {processor.py:161} INFO - Started process (PID=274) to work on /home/airflow/.local/lib/python3.8/site-packages/airflow/example_dags/example_short_circuit_decorator.py
[2026-08-21T11:49:48.020+0000] {processor.py:830} INFO - Processing file /home/airflow/.local/lib/python3.8/site-packages/airflow/example_dags/example_short_circuit_decorator.py for tasks to queue
[2026-08-21T11:49:48.022+0000] {logging_mixin.py:188} INFO - [2026-08-21T11:49:48.022+0000] {dagbag.py:538} INFO - Filling up the DagBag from /home/airflow/.local/lib/python3.8/site-packages/airflow/example_dags/example_short_circuit_decorator.py
[2026-08-21T11:49:48.032+0000] {processor.py:840} INFO - DAG(s) 'example_short_circuit_decorator' retrieved from /home/airflow/.local/lib/python3.8/site-packages/airflow/example_dags/example_short_circuit_decorator.py
[2026-08-21T11:49:48.055+0000] {logging_mixin.py:188} INFO - [2026-08-21T11:49:48.055+0000] {dag.py:3036} INFO - Sync 1 DAGs
[2026-08-21T11:49:48.077+0000] {logging_mixin.py:188} INFO - [2026-08-21T11:49:48.076+0000] {dag.py:3823} INFO - Setting next_dagrun for example_short_circuit_decorator to 2026-08-20 00:00:00+00:00, run_after=2026-08-21 00:00:00+00:00
[2026-08-21T11:49:48.096+0000] {processor.py:183} INFO - Processing /home/airflow/.local/lib/python3.8/site-packages/airflow/example_dags/example_short_circuit_decorator.py took 0.081 seconds
[2026-08-21T11:50:18.902+0000] {processor.py:161} INFO - Started process (PID=362) to work on /home/airflow/.local/lib/python3.8/site-packages/airflow/example_dags/example_short_circuit_decorator.py
[2026-08-21T11:50:18.903+0000] {processor.py:830} INFO - Processing file /home/airflow/.local/lib/python3.8/site-packages/airflow/example_dags/example_short_circuit_decorator.py for tasks to queue
[2026-08-21T11:50:18.906+0000] {logging_mixin.py:188} INFO - [2026-08-21T11:50:18.906+0000] {dagbag.py:538} INFO - Filling up the DagBag from /home/airflow/.local/lib/python3.8/site-packages/airflow/example_dags/example_short_circuit_decorator.py
[2026-08-21T11:50:18.915+0000] {processor.py:840} INFO - DAG(s) 'example_short_circuit_decorator' retrieved from /home/airflow/.local/lib/python3.8/site-packages/airflow/example_dags/example_short_circuit_decorator.py
[2026-08-21T11:50:18.937+0000] {logging_mixin.py:188} INFO - [2026-08-21T11:50:18.937+0000] {dag.py:3036} INFO - Sync 1 DAGs
[2026-08-21T11:50:18.959+0000] {logging_mixin.py:188} INFO - [2026-08-21T11:50:18.959+0000] {dag.py:3823} INFO - Setting next_dagrun for example_short_circuit_decorator to 2026-08-20 00:00:00+00:00, run_after=2026-08-21 00:00:00+00:00
[2026-08-21T11:50:18.979+0000] {processor.py:183} INFO - Processing /home/airflow/.local/lib/python3.8/site-packages/airflow/example_dags/example_short_circuit_decorator.py took 0.080 seconds
[2026-08-21T11:50:50.708+0000] {processor.py:161} INFO - Started process (PID=450) to work on /home/airflow/.local/lib/python3.8/site-packages/airflow/example_dags/example_short_circuit_decorator.py
[2026-08-21T11:50:50.709+0000] {processor.py:830} INFO - Processing file /home/airflow/.local/lib/python3.8/site-packages/airflow/example_dags/example_short_circuit_decorator.py for tasks to queue
[2026-08-21T11:50:50.714+0000] {logging_mixin.py:188} INFO - [2026-08-21T11:50:50.714+0000] {dagbag.py:538} INFO - Filling up the DagBag from /home/airflow/.local/lib/python3.8/site-packages/airflow/example_dags/example_short_circuit_decorator.py
[2026-08-21T11:50:50.729+0000] {processor.py:840} INFO - DAG(s) 'example_short_circuit_decorator' retrieved from /home/airflow/.local/lib/python3.8/site-packages/airflow/example_dags/example_short_circuit_decorator.py
[2026-08-21T11:50:50.764+0000] {logging_mixin.py:188} INFO - [2026-08-21T11:50:50.764+0000] {dag.py:3036} INFO - Sync 1 DAGs
[2026-08-21T11:50:50.789+0000] {logging_mixin.py:188} INFO - [2026-08-21T11:50:50.789+0000] {dag.py:3823} INFO - Setting next_dagrun for example_short_circuit_decorator to 2026-08-20 00:00:00+00:00, run_after=2026-08-21 00:00:00+00:00
[2026-08-21T11:50:50.815+0000] {processor.py:183} INFO - Processing /home/airflow/.local/lib/python3.8/site-packages/airflow/example_dags/example_short_circuit_decorator.py took 0.113 seconds
[2026-08-21T11:51:20.890+0000] {processor.py:161} INFO - Started process (PID=538) to work on /home/airflow/.local/lib/python3.8/site-packages/airflow/example_dags/example_short_circuit_decorator.py
[2026-08-21T11:51:20.891+0000] {processor.py:830} INFO - Processing file /home/airflow/.local/lib/python3.8/site-packages/airflow/example_dags/example_short_circuit_decorator.py for tasks to queue
[2026-08-21T11:51:20.893+0000] {logging_mixin.py:188} INFO - [2026-08-21T11:51:20.893+0000] {dagbag.py:538} INFO - Filling up the DagBag from /home/airflow/.local/lib/python3.8/site-packages/airflow/example_dags/example_short_circuit_decorator.py
[2026-08-21T11:51:20.902+0000] {processor.py:840} INFO - DAG(s) 'example_short_circuit_decorator' retrieved from /home/airflow/.local/lib/python3.8/site-packages/airflow/example_dags/example_short_circuit_decorator.py
[2026-08-21T11:51:20.924+0000] {logging_mixin.py:188} INFO - [2026-08-21T11:51:20.924+0000] {dag.py:3036} INFO - Sync 1 DAGs
[2026-08-21T11:51:20.943+0000] {logging_mixin.py:188} INFO - [2026-08-21T11:51:20.943+0000] {dag.py:3823} INFO - Setting next_dagrun for example_short_circuit_decorator to 2026-08-20 00:00:00+00:00, run_after=2026-08-21 00:00:00+00:00
[2026-08-21T11:51:20.962+0000] {processor.py:183} INFO - Processing /home/airflow/.local/lib/python3.8/site-packages/airflow/example_dags/example_short_circuit_decorator.py took 0.075 seconds
[2026-08-21T11:51:51.497+0000] {processor.py:161} INFO - Started process (PID=626) to work on /home/airflow/.local/lib/python3.8/site-packages/airflow/example_dags/example_short_circuit_decorator.py
[2026-08-21T11:51:51.499+0000] {processor.py:830} INFO - Processing file /home/airflow/.local/lib/python3.8/site-packages/airflow/example_dags/example_short_circuit_decorator.py for tasks to queue
[2026-08-21T11:51:51.501+0000] {logging_mixin.py:188} INFO - [2026-08-21T11:51:51.501+0000] {dagbag.py:538} INFO - Filling up the DagBag from /home/airflow/.local/lib/python3.8/site-packages/airflow/example_dags/example_short_circuit_decorator.py
[2026-08-21T11:51:51.511+0000] {processor.py:840} INFO - DAG(s) 'example_short_circuit_decorator' retrieved from /home/airflow/.local/lib/python3.8/site-packages/airflow/example_dags/example_short_circuit_decorator.py
[2026-08-21T11:51:51.536+0000] {logging_mixin.py:188} INFO - [2026-08-21T11:51:51.536+0000] {dag.py:3036} INFO - Sync 1 DAGs
[2026-08-21T11:51:51.558+0000] {logging_mixin.py:188} INFO - [2026-08-21T11:51:51.558+0000] {dag.py:3823} INFO - Setting next_dagrun for example_short_circuit_decorator to 2026-08-20 00:00:00+00:00, run_after=2026-08-21 00:00:00+00:00
[2026-08-21T11:51:51.577+0000] {processor.py:183} INFO - Processing /home/airflow/.local/lib/python3.8/site-packages/airflow/example_dags/example_short_circuit_decorator.py took 0.084 seconds
[2026-08-21T11:52:22.246+0000] {processor.py:161} INFO - Started process (PID=714) to work on /home/airflow/.local/lib/python3.8/site-packages/airflow/example_dags/example_short_circuit_decorator.py
[2026-08-21T11:52:22.247+0000] {processor.py:830} INFO - Processing file /home/airflow/.local/lib/python3.8/site-packages/airflow/example_dags/example_short_circuit_decorator.py for tasks to queue
[2026-08-21T11:52:22.249+0000] {logging_mixin.py:188} INFO - [2026-08-21T11:52:22.249+0000] {dagbag.py:538} INFO - Filling up the DagBag from /home/airflow/.local/lib/python3.8/site-packages/airflow/example_dags/example_short_circuit_decorator.py
[2026-08-21T11:52:22.257+0000] {processor.py:840} INFO - DAG(s) 'example_short_circuit_decorator' retrieved from /home/airflow/.local/lib/python3.8/site-packages/airflow/example_dags/example_short_circuit_decorator.py
[2026-08-21T11:52:22.280+0000] {logging_mixin.py:188} INFO - [2026-08-21T11:52:22.280+0000] {dag.py:3036} INFO - Sync 1 DAGs
[2026-08-21T11:52:22.301+0000] {logging_mixin.py:188} INFO - [2026-08-21T11:52:22.300+0000] {dag.py:3823} INFO - Setting next_dagrun for example_short_circuit_decorator to 2026-08-20 00:00:00+00:00, run_after=2026-08-21 00:00:00+00:00
[2026-08-21T11:52:22.322+0000] {processor.py:183} INFO - Processing /home/airflow/.local/lib/python3.8/site-packages/airflow/example_dags/example_short_circuit_decorator.py took 0.080 seconds
[2026-08-21T11:52:52.850+0000] {processor.py:161} INFO - Started process (PID=802) to work on /home/airflow/.local/lib/python3.8/site-packages/airflow/example_dags/example_short_circuit_decorator.py
[2026-08-21T11:52:52.851+0000] {processor.py:830} INFO - Processing file /home/airflow/.local/lib/python3.8/site-packages/airflow/example_dags/example_short_circuit_decorator.py for tasks to queue
[2026-08-21T11:52:52.854+0000] {logging_mixin.py:188} INFO - [2026-08-21T11:52:52.853+0000] {dagbag.py:538} INFO - Filling up the DagBag from /home/airflow/.local/lib/python3.8/site-packages/airflow/example_dags/example_short_circuit_decorator.py
[2026-08-21T11:52:52.862+0000] {processor.py:840} INFO - DAG(s) 'example_short_circuit_decorator' retrieved from /home/airflow/.local/lib/python3.8/site-packages/airflow/example_dags/example_short_circuit_decorator.py
[2026-08-21T11:52:52.890+0000] {logging_mixin.py:188} INFO - [2026-08-21T11:52:52.889+0000] {dag.py:3036} INFO - Sync 1 DAGs
[2026-08-21T11:52:52.914+0000] {logging_mixin.py:188} INFO - [2026-08-21T11:52:52.914+0000] {dag.py:3823} INFO - Setting next_dagrun for example_short_circuit_decorator to 2026-08-20 00:00:00+00:00, run_after=2026-08-21 00:00:00+00:00
[2026-08-21T11:52:52.934+0000] {processor.py:183} INFO - Processing /home/airflow/.local/lib/python3.8/site-packages/airflow/example_dags/example_short_circuit_decorator.py took 0.087 seconds
[2026-08-21T11:53:23.388+0000] {processor.py:161} INFO - Started process (PID=890) to work on /home/airflow/.local/lib/python3.8/site-packages/airflow/example_dags/example_short_circuit_decorator.py
[2026-08-21T11:53:23.389+0000] {processor.py:830} INFO - Processing file /home/airflow/.local/lib/python3.8/site-packages/airflow/example_dags/example_short_circuit_decorator.py for tasks to queue
[2026-08-21T11:53:23.391+0000] {logging_mixin.py:188} INFO - [2026-08-21T11:53:23.391+0000] {dagbag.py:538} INFO - Filling up the DagBag from /home/airflow/.local/lib/python3.8/site-packages/airflow/example_dags/example_short_circuit_decorator.py
[2026-08-21T11:53:23.400+0000] {processor.py:840} INFO - DAG(s) 'example_short_circuit_decorator' retrieved from /home/airflow/.local/lib/python3.8/site-packages/airflow/example_dags/example_short_circuit_decorator.py
[2026-08-21T11:53:23.421+0000] {logging_mixin.py:188} INFO - [2026-08-21T11:53:23.421+0000] {dag.py:3036} INFO - Sync 1 DAGs
[2026-08-21T11:53:23.442+0000] {logging_mixin.py:188} INFO - [2026-08-21T11:53:23.442+0000] {dag.py:3823} INFO - Setting next_dagrun for example_short_circuit_decorator to 2026-08-20 00:00:00+00:00, run_after=2026-08-21 00:00:00+00:00
[2026-08-21T11:53:23.460+0000] {processor.py:183} INFO - Processing /home/airflow/.local/lib/python3.8/site-packages/airflow/example_dags/example_short_circuit_decorator.py took 0.076 seconds
[2026-08-21T11:53:55.027+0000] {processor.py:161} INFO - Started process (PID=977) to work on /home/airflow/.local/lib/python3.8/site-packages/airflow/example_dags/example_short_circuit_decorator.py
[2026-08-21T11:53:55.028+0000] {processor.py:830} INFO - Processing file /home/airflow/.local/lib/python3.8/site-packages/airflow/example_dags/example_short_circuit_decorator.py for tasks to queue
[2026-08-21T11:53:55.030+0000] {logging_mixin.py:188} INFO - [2026-08-21T11:53:55.030+0000] {dagbag.py:538} INFO - Filling up the DagBag from /home/airflow/.local/lib/python3.8/site-packages/airflow/example_dags/example_short_circuit_decorator.py
[2026-08-21T11:53:55.040+0000] {processor.py:840} INFO - DAG(s) 'example_short_circuit_decorator' retrieved from /home/airflow/.local/lib/python3.8/site-packages/airflow/example_dags/example_short_circuit_decorator.py
[2026-08-21T11:53:55.061+0000] {logging_mixin.py:188} INFO - [2026-08-21T11:53:55.061+0000] {dag.py:3036} INFO - Sync 1 DAGs
[2026-08-21T11:53:55.082+0000] {logging_mixin.py:188} INFO - [2026-08-21T11:53:55.082+0000] {dag.py:3823} INFO - Setting next_dagrun for example_short_circuit_decorator to 2026-08-20 00:00:00+00:00, run_after=2026-08-21 00:00:00+00:00
[2026-08-21T11:53:55.101+0000] {processor.py:183} INFO - Processing /home/airflow/.local/lib/python3.8/site-packages/airflow/example_dags/example_short_circuit_decorator.py took 0.077 seconds
[2026-08-21T11:54:26.371+0000] {processor.py:161} INFO - Started process (PID=1064) to work on /home/airflow/.local/lib/python3.8/site-packages/airflow/example_dags/example_short_circuit_decorator.py
[2026-08-21T11:54:26.373+0000] {processor.py:830} INFO - Processing file /home/airflow/.local/lib/python3.8/site-packages/airflow/example_dags/example_short_circuit_decorator.py for tasks to queue
[2026-08-21T11:54:26.375+0000] {logging_mixin.py:188} INFO - [2026-08-21T11:54:26.375+0000] {dagbag.py:538} INFO - Filling up the DagBag from /home/airflow/.local/lib/python3.8/site-packages/airflow/example_dags/example_short_circuit_decorator.py
[2026-08-21T11:54:26.387+0000] {processor.py:840} INFO - DAG(s) 'example_short_circuit_decorator' retrieved from /home/airflow/.local/lib/python3.8/site-packages/airflow/example_dags/example_short_circuit_decorator.py
[2026-08-21T11:54:26.411+0000] {logging_mixin.py:188} INFO - [2026-08-21T11:54:26.410+0000] {dag.py:3036} INFO - Sync 1 DAGs
[2026-08-21T11:54:26.432+0000] {logging_mixin.py:188} INFO - [2026-08-21T11:54:26.432+0000] {dag.py:3823} INFO - Setting next_dagrun for example_short_circuit_decorator to 2026-08-20 00:00:00+00:00, run_after=2026-08-21 00:00:00+00:00
[2026-08-21T11:54:26.451+0000] {processor.py:183} INFO - Processing /home/airflow/.local/lib/python3.8/site-packages/airflow/example_dags/example_short_circuit_decorator.py took 0.083 seconds
[2026-08-21T11:54:57.630+0000] {processor.py:161} INFO - Started process (PID=1151) to work on /home/airflow/.local/lib/python3.8/site-packages/airflow/example_dags/example_short_circuit_decorator.py
[2026-08-21T11:54:57.632+0000] {processor.py:830} INFO - Processing file /home/airflow/.local/lib/python3.8/site-packages/airflow/example_dags/example_short_circuit_decorator.py for tasks to queue
[2026-08-21T11:54:57.635+0000] {logging_mixin.py:188} INFO - [2026-08-21T11:54:57.634+0000] {dagbag.py:538} INFO - Filling up the DagBag from /home/airflow/.local/lib/python3.8/site-packages/airflow/example_dags/example_short_circuit_decorator.py
[2026-08-21T11:54:57.645+0000] {processor.py:840} INFO - DAG(s) 'example_short_circuit_decorator' retrieved from /home/airflow/.local/lib/python3.8/site-packages/airflow/example_dags/example_short_circuit_decorator.py
[2026-08-21T11:54:57.668+0000] {logging_mixin.py:188} INFO - [2026-08-21T11:54:57.667+0000] {dag.py:3036} INFO - Sync 1 DAGs
[2026-08-21T11:54:57.691+0000] {logging_mixin.py:188} INFO - [2026-08-21T11:54:57.690+0000] {dag.py:3823} INFO - Setting next_dagrun for example_short_circuit_decorator to 2026-08-20 00:00:00+00:00, run_after=2026-08-21 00:00:00+00:00
[2026-08-21T11:54:57.715+0000] {processor.py:183} INFO - Processing /home/airflow/.local/lib/python3.8/site-packages/airflow/example_dags/example_short_circuit_decorator.py took 0.089 seconds
[2026-08-21T11:55:28.142+0000] {processor.py:161} INFO - Started process (PID=1239) to work on /home/airflow/.local/lib/python3.8/site-packages/airflow/example_dags/example_short_circuit_decorator.py
[2026-08-21T11:55:28.143+0000] {processor.py:830} INFO - Processing file /home/airflow/.local/lib/python3.8/site-packages/airflow/example_dags/example_short_circuit_decorator.py for tasks to queue
[2026-08-21T11:55:28.145+0000] {logging_mixin.py:188} INFO - [2026-08-21T11:55:28.145+0000] {dagbag.py:538} INFO - Filling up the DagBag from /home/airflow/.local/lib/python3.8/site-packages/airflow/example_dags/example_short_circuit_decorator.py
[2026-08-21T11:55:28.154+0000] {processor.py:840} INFO - DAG(s) 'example_short_circuit_decorator' retrieved from /home/airflow/.local/lib/python3.8/site-packages/airflow/example_dags/example_short_circuit_decorator.py
[2026-08-21T11:55:28.176+0000] {logging_mixin.py:188} INFO - [2026-08-21T11:55:28.176+0000] {dag.py:3036} INFO - Sync 1 DAGs
[2026-08-21T11:55:28.200+0000] {logging_mixin.py:188} INFO - [2026-08-21T11:55:28.200+0000] {dag.py:3823} INFO - Setting next_dagrun for example_short_circuit_decorator to 2026-08-20 00:00:00+00:00, run_after=2026-08-21 00:00:00+00:00
[2026-08-21T11:55:28.219+0000] {processor.py:183} INFO - Processing /home/airflow/.local/lib/python3.8/site-packages/airflow/example_dags/example_short_circuit_decorator.py took 0.081 seconds
[2026-08-21T11:55:59.319+0000] {processor.py:161} INFO - Started process (PID=1326) to work on /home/airflow/.local/lib/python3.8/site-packages/airflow/example_dags/example_short_circuit_decorator.py
[2026-08-21T11:55:59.321+0000] {processor.py:830} INFO - Processing file /home/airflow/.local/lib/python3.8/site-packages/airflow/example_dags/example_short_circuit_decorator.py for tasks to queue
[2026-08-21T11:55:59.323+0000] {logging_mixin.py:188} INFO - [2026-08-21T11:55:59.323+0000] {dagbag.py:538} INFO - Filling up the DagBag from /home/airflow/.local/lib/python3.8/site-packages/airflow/example_dags/example_short_circuit_decorator.py
[2026-08-21T11:55:59.332+0000] {processor.py:840} INFO - DAG(s) 'example_short_circuit_decorator' retrieved from /home/airflow/.local/lib/python3.8/site-packages/airflow/example_dags/example_short_circuit_decorator.py
[2026-08-21T11:55:59.354+0000] {logging_mixin.py:188} INFO - [2026-08-21T11:55:59.354+0000] {dag.py:3036} INFO - Sync 1 DAGs
[2026-08-21T11:55:59.378+0000] {logging_mixin.py:188} INFO - [2026-08-21T11:55:59.378+0000] {dag.py:3823} INFO - Setting next_dagrun for example_short_circuit_decorator to 2026-08-20 00:00:00+00:00, run_after=2026-08-21 00:00:00+00:00
[2026-08-21T11:55:59.397+0000] {processor.py:183} INFO - Processing /home/airflow/.local/lib/python3.8/site-packages/airflow/example_dags/example_short_circuit_decorator.py took 0.082 seconds
[2026-08-21T11:56:30.019+0000] {processor.py:161} INFO - Started process (PID=1413) to work on /home/airflow/.local/lib/python3.8/site-packages/airflow/example_dags/example_short_circuit_decorator.py
[2026-08-21T11:56:30.020+0000] {processor.py:830} INFO - Processing file /home/airflow/.local/lib/python3.8/site-packages/airflow/example_dags/example_short_circuit_decorator.py for tasks to queue
[2026-08-21T11:56:30.024+0000] {logging_mixin.py:188} INFO - [2026-08-21T11:56:30.022+0000] {dagbag.py:538} INFO - Filling up the DagBag from /home/airflow/.local/lib/python3.8/site-packages/airflow/example_dags/example_short_circuit_decorator.py
[2026-08-21T11:56:30.043+0000] {processor.py:840} INFO - DAG(s) 'example_short_circuit_decorator' retrieved from /home/airflow/.local/lib/python3.8/site-packages/airflow/example_dags/example_short_circuit_decorator.py
[2026-08-21T11:56:30.082+0000] {logging_mixin.py:188} INFO - [2026-08-21T11:56:30.081+0000] {dag.py:3036} INFO - Sync 1 DAGs
[2026-08-21T11:56:30.136+0000] {logging_mixin.py:188} INFO - [2026-08-21T11:56:30.136+0000] {dag.py:3823} INFO - Setting next_dagrun for example_short_circuit_decorator to 2026-08-20 00:00:00+00:00, run_after=2026-08-21 00:00:00+00:00
[2026-08-21T11:56:30.177+0000] {processor.py:183} INFO - Processing /home/airflow/.local/lib/python3.8/site-packages/airflow/example_dags/example_short_circuit_decorator.py took 0.163 seconds
[2026-08-21T11:57:03.068+0000] {processor.py:161} INFO - Started process (PID=1500) to work on /home/airflow/.local/lib/python3.8/site-packages/airflow/example_dags/example_short_circuit_decorator.py
[2026-08-21T11:57:03.069+0000] {processor.py:830} INFO - Processing file /home/airflow/.local/lib/python3.8/site-packages/airflow/example_dags/example_short_circuit_decorator.py for tasks to queue
[2026-08-21T11:57:03.072+0000] {logging_mixin.py:188} INFO - [2026-08-21T11:57:03.071+0000] {dagbag.py:538} INFO - Filling up the DagBag from /home/airflow/.local/lib/python3.8/site-packages/airflow/example_dags/example_short_circuit_decorator.py
[2026-08-21T11:57:03.081+0000] {processor.py:840} INFO - DAG(s) 'example_short_circuit_decorator' retrieved from /home/airflow/.local/lib/python3.8/site-packages/airflow/example_dags/example_short_circuit_decorator.py
[2026-08-21T11:57:03.110+0000] {logging_mixin.py:188} INFO - [2026-08-21T11:57:03.110+0000] {dag.py:3036} INFO - Sync 1 DAGs
[2026-08-21T11:57:03.132+0000] {logging_mixin.py:188} INFO - [2026-08-21T11:57:03.132+0000] {dag.py:3823} INFO - Setting next_dagrun for example_short_circuit_decorator to 2026-08-20 00:00:00+00:00, run_after=2026-08-21 00:00:00+00:00
[2026-08-21T11:57:03.162+0000] {processor.py:183} INFO - Processing /home/airflow/.local/lib/python3.8/site-packages/airflow/example_dags/example_short_circuit_decorator.py took 0.098 seconds
[2026-08-21T11:57:34.223+0000] {processor.py:161} INFO - Started process (PID=1588) to work on /home/airflow/.local/lib/python3.8/site-packages/airflow/example_dags/example_short_circuit_decorator.py
[2026-08-21T11:57:34.225+0000] {processor.py:830} INFO - Processing file /home/airflow/.local/lib/python3.8/site-packages/airflow/example_dags/example_short_circuit_decorator.py for tasks to queue
[2026-08-21T11:57:34.228+0000] {logging_mixin.py:188} INFO - [2026-08-21T11:57:34.227+0000] {dagbag.py:538} INFO - Filling up the DagBag from /home/airflow/.local/lib/python3.8/site-packages/airflow/example_dags/example_short_circuit_decorator.py
[2026-08-21T11:57:34.241+0000] {processor.py:840} INFO - DAG(s) 'example_short_circuit_decorator' retrieved from /home/airflow/.local/lib/python3.8/site-packages/airflow/example_dags/example_short_circuit_decorator.py
[2026-08-21T11:57:34.260+0000] {logging_mixin.py:188} INFO - [2026-08-21T11:57:34.259+0000] {dag.py:3036} INFO - Sync 1 DAGs
[2026-08-21T11:57:34.291+0000] {logging_mixin.py:188} INFO - [2026-08-21T11:57:34.291+0000] {dag.py:3823} INFO - Setting next_dagrun for example_short_circuit_decorator to 2026-08-20 00:00:00+00:00, run_after=2026-08-21 00:00:00+00:00
[2026-08-21T11:57:34.317+0000] {processor.py:183} INFO - Processing /home/airflow/.local/lib/python3.8/site-packages/airflow/example_dags/example_short_circuit_decorator.py took 0.098 seconds
[2026-08-21T11:58:04.780+0000] {processor.py:161} INFO - Started process (PID=1675) to work on /home/airflow/.local/lib/python3.8/site-packages/airflow/example_dags/example_short_circuit_decorator.py
[2026-08-21T11:58:04.782+0000] {processor.py:830} INFO - Processing file /home/airflow/.local/lib/python3.8/site-packages/airflow/example_dags/example_short_circuit_decorator.py for tasks to queue
[2026-08-21T11:58:04.785+0000] {logging_mixin.py:188} INFO - [2026-08-21T11:58:04.785+0000] {dagbag.py:538} INFO - Filling up the DagBag from /home/airflow/.local/lib/python3.8/site-packages/airflow/example_dags/example_short_circuit_decorator.py
[2026-08-21T11:58:04.799+0000] {processor.py:840} INFO - DAG(s) 'example_short_circuit_decorator' retrieved from /home/airflow/.local/lib/python3.8/site-packages/airflow/example_dags/example_short_circuit_decorator.py
[2026-08-21T11:58:04.818+0000] {logging_mixin.py:188} INFO - [2026-08-21T11:58:04.818+0000] {dag.py:3036} INFO - Sync 1 DAGs
[2026-08-21T11:58:04.854+0000] {logging_mixin.py:188} INFO - [2026-08-21T11:58:04.854+0000] {dag.py:3823} INFO - Setting next_dagrun for example_short_circuit_decorator to 2026-08-20 00:00:00+00:00, run_after=2026-08-21 00:00:00+00:00
[2026-08-21T11:58:04.888+0000] {processor.py:183} INFO - Processing /home/airflow/.local/lib/python3.8/site-packages/airflow/example_dags/example_short_circuit_decorator.py took 0.116 seconds
[2026-08-21T11:58:37.804+0000] {processor.py:161} INFO - Started process (PID=1762) to work on /home/airflow/.local/lib/python3.8/site-packages/airflow/example_dags/example_short_circuit_decorator.py
[2026-08-21T11:58:37.807+0000] {processor.py:830} INFO - Processing file /home/airflow/.local/lib/python3.8/site-packages/airflow/example_dags/example_short_circuit_decorator.py for tasks to queue
[2026-08-21T11:58:37.812+0000] {logging_mixin.py:188} INFO - [2026-08-21T11:58:37.811+0000] {dagbag.py:538} INFO - Filling up the DagBag from /home/airflow/.local/lib/python3.8/site-packages/airflow/example_dags/example_short_circuit_decorator.py
[2026-08-21T11:58:37.830+0000] {processor.py:840} INFO - DAG(s) 'example_short_circuit_decorator' retrieved from /home/airflow/.local/lib/python3.8/site-packages/airflow/example_dags/example_short_circuit_decorator.py
[2026-08-21T11:58:37.855+0000] {logging_mixin.py:188} INFO - [2026-08-21T11:58:37.854+0000] {dag.py:3036} INFO - Sync 1 DAGs
[2026-08-21T11:58:37.913+0000] {logging_mixin.py:188} INFO - [2026-08-21T11:58:37.913+0000] {dag.py:3823} INFO - Setting next_dagrun for example_short_circuit_decorator to 2026-08-20 00:00:00+00:00, run_after=2026-08-21 00:00:00+00:00
[2026-08-21T11:58:37.949+0000] {processor.py:183} INFO - Processing /home/airflow/.local/lib/python3.8/site-packages/airflow/example_dags/example_short_circuit_decorator.py took 0.152 seconds
[2026-08-21T11:59:08.672+0000] {processor.py:161} INFO - Started process (PID=1849) to work on /home/airflow/.local/lib/python3.8/site-packages/airflow/example_dags/example_short_circuit_decorator.py
[2026-08-21T11:59:08.673+0000] {processor.py:830} INFO - Processing file /home/airflow/.local/lib/python3.8/site-packages/airflow/example_dags/example_short_circuit_decorator.py for tasks to queue
[2026-08-21T11:59:08.675+0000] {logging_mixin.py:188} INFO - [2026-08-21T11:59:08.675+0000] {dagbag.py:538} INFO - Filling up the DagBag from /home/airflow/.local/lib/python3.8/site-packages/airflow/example_dags/example_short_circuit_decorator.py
[2026-08-21T11:59:08.685+0000] {processor.py:840} INFO - DAG(s) 'example_short_circuit_decorator' retrieved from /home/airflow/.local/lib/python3.8/site-packages/airflow/example_dags/example_short_circuit_decorator.py
[2026-08-21T11:59:08.782+0000] {logging_mixin.py:188} INFO - [2026-08-21T11:59:08.781+0000] {dag.py:3036} INFO - Sync 1 DAGs
[2026-08-21T11:59:08.808+0000] {logging_mixin.py:188} INFO - [2026-08-21T11:59:08.808+0000] {dag.py:3823} INFO - Setting next_dagrun for example_short_circuit_decorator to 2026-08-20 00:00:00+00:00, run_after=2026-08-21 00:00:00+00:00
[2026-08-21T11:59:08.832+0000] {processor.py:183} INFO - Processing /home/airflow/.local/lib/python3.8/site-packages/airflow/example_dags/example_short_circuit_decorator.py took 0.164 seconds
[2026-08-21T11:59:39.264+0000] {processor.py:161} INFO - Started process (PID=1936) to work on /home/airflow/.local/lib/python3.8/site-packages/airflow/example_dags/example_short_circuit_decorator.py
[2026-08-21T11:59:39.266+0000] {processor.py:830} INFO - Processing file /home/airflow/.local/lib/python3.8/site-packages/airflow/example_dags/example_short_circuit_decorator.py for tasks to queue
[2026-08-21T11:59:39.268+0000] {logging_mixin.py:188} INFO - [2026-08-21T11:59:39.267+0000] {dagbag.py:538} INFO - Filling up the DagBag from /home/airflow/.local/lib/python3.8/site-packages/airflow/example_dags/example_short_circuit_decorator.py
[2026-08-21T11:59:39.276+0000] {processor.py:840} INFO - DAG(s) 'example_short_circuit_decorator' retrieved from /home/airflow/.local/lib/python3.8/site-packages/airflow/example_dags/example_short_circuit_decorator.py
[2026-08-21T11:59:39.301+0000] {logging_mixin.py:188} INFO - [2026-08-21T11:59:39.301+0000] {dag.py:3036} INFO - Sync 1 DAGs
[2026-08-21T11:59:39.322+0000] {logging_mixin.py:188} INFO - [2026-08-21T11:59:39.322+0000] {dag.py:3823} INFO - Setting next_dagrun for example_short_circuit_decorator to 2026-08-20 00:00:00+00:00, run_after=2026-08-21 00:00:00+00:00
[2026-08-21T11:59:39.343+0000] {processor.py:183} INFO - Processing /home/airflow/.local/lib/python3.8/site-packages/airflow/example_dags/example_short_circuit_decorator.py took 0.082 seconds
[2026-08-21T12:00:09.704+0000] {processor.py:161} INFO - Started process (PID=2024) to work on /home/airflow/.local/lib/python3.8/site-packages/airflow/example_dags/example_short_circuit_decorator.py
[2026-08-21T12:00:09.706+0000] {processor.py:830} INFO - Processing file /home/airflow/.local/lib/python3.8/site-packages/airflow/example_dags/example_short_circuit_decorator.py for tasks to queue
[2026-08-21T12:00:09.709+0000] {logging_mixin.py:188} INFO - [2026-08-21T12:00:09.708+0000] {dagbag.py:538} INFO - Filling up the DagBag from /home/airflow/.local/lib/python3.8/site-packages/airflow/example_dags/example_short_circuit_decorator.py
[2026-08-21T12:00:09.723+0000] {processor.py:840} INFO - DAG(s) 'example_short_circuit_decorator' retrieved from /home/airflow/.local/lib/python3.8/site-packages/airflow/example_dags/example_short_circuit_decorator.py
[2026-08-21T12:00:09.748+0000] {logging_mixin.py:188} INFO - [2026-08-21T12:00:09.748+0000] {dag.py:3036} INFO - Sync 1 DAGs
[2026-08-21T12:00:09.771+0000] {logging_mixin.py:188} INFO - [2026-08-21T12:00:09.770+0000] {dag.py:3823} INFO - Setting next_dagrun for example_short_circuit_decorator to 2026-08-20 00:00:00+00:00, run_after=2026-08-21 00:00:00+00:00
[2026-08-21T12:00:09.800+0000] {processor.py:183} INFO - Processing /home/airflow/.local/lib/python3.8/site-packages/airflow/example_dags/example_short_circuit_decorator.py took 0.101 seconds
[2026-08-21T12:00:40.380+0000] {processor.py:161} INFO - Started process (PID=2111) to work on /home/airflow/.local/lib/python3.8/site-packages/airflow/example_dags/example_short_circuit_decorator.py
[2026-08-21T12:00:40.381+0000] {processor.py:830} INFO - Processing file /home/airflow/.local/lib/python3.8/site-packages/airflow/example_dags/example_short_circuit_decorator.py for tasks to queue
[2026-08-21T12:00:40.384+0000] {logging_mixin.py:188} INFO - [2026-08-21T12:00:40.383+0000] {dagbag.py:538} INFO - Filling up the DagBag from /home/airflow/.local/lib/python3.8/site-packages/airflow/example_dags/example_short_circuit_decorator.py
[2026-08-21T12:00:40.393+0000] {processor.py:840} INFO - DAG(s) 'example_short_circuit_decorator' retrieved from /home/airflow/.local/lib/python3.8/site-packages/airflow/example_dags/example_short_circuit_decorator.py
[2026-08-21T12:00:40.419+0000] {logging_mixin.py:188} INFO - [2026-08-21T12:00:40.419+0000] {dag.py:3036} INFO - Sync 1 DAGs
[2026-08-21T12:00:40.441+0000] {logging_mixin.py:188} INFO - [2026-08-21T12:00:40.441+0000] {dag.py:3823} INFO - Setting next_dagrun for example_short_circuit_decorator to 2026-08-20 00:00:00+00:00, run_after=2026-08-21 00:00:00+00:00
[2026-08-21T12:00:40.462+0000] {processor.py:183} INFO - Processing /home/airflow/.local/lib/python3.8/site-packages/airflow/example_dags/example_short_circuit_decorator.py took 0.086 seconds
[2026-08-21T12:01:11.369+0000] {processor.py:161} INFO - Started process (PID=2198) to work on /home/airflow/.local/lib/python3.8/site-packages/airflow/example_dags/example_short_circuit_decorator.py
[2026-08-21T12:01:11.371+0000] {processor.py:830} INFO - Processing file /home/airflow/.local/lib/python3.8/site-packages/airflow/example_dags/example_short_circuit_decorator.py for tasks to queue
[2026-08-21T12:01:11.374+0000] {logging_mixin.py:188} INFO - [2026-08-21T12:01:11.373+0000] {dagbag.py:538} INFO - Filling up the DagBag from /home/airflow/.local/lib/python3.8/site-packages/airflow/example_dags/example_short_circuit_decorator.py
[2026-08-21T12:01:11.385+0000] {processor.py:840} INFO - DAG(s) 'example_short_circuit_decorator' retrieved from /home/airflow/.local/lib/python3.8/site-packages/airflow/example_dags/example_short_circuit_decorator.py
[2026-08-21T12:01:11.417+0000] {logging_mixin.py:188} INFO - [2026-08-21T12:01:11.416+0000] {dag.py:3036} INFO - Sync 1 DAGs
[2026-08-21T12:01:11.445+0000] {logging_mixin.py:188} INFO - [2026-08-21T12:01:11.445+0000] {dag.py:3823} INFO - Setting next_dagrun for example_short_circuit_decorator to 2026-08-20 00:00:00+00:00, run_after=2026-08-21 00:00:00+00:00
[2026-08-21T12:01:11.471+0000] {processor.py:183} INFO - Processing /home/airflow/.local/lib/python3.8/site-packages/airflow/example_dags/example_short_circuit_decorator.py took 0.105 seconds
[2026-08-21T12:01:42.175+0000] {processor.py:161} INFO - Started process (PID=2285) to work on /home/airflow/.local/lib/python3.8/site-packages/airflow/example_dags/example_short_circuit_decorator.py
[2026-08-21T12:01:42.176+0000] {processor.py:830} INFO - Processing file /home/airflow/.local/lib/python3.8/site-packages/airflow/example_dags/example_short_circuit_decorator.py for tasks to queue
[2026-08-21T12:01:42.180+0000] {logging_mixin.py:188} INFO - [2026-08-21T12:01:42.179+0000] {dagbag.py:538} INFO - Filling up the DagBag from /home/airflow/.local/lib/python3.8/site-packages/airflow/example_dags/example_short_circuit_decorator.py
[2026-08-21T12:01:42.189+0000] {processor.py:840} INFO - DAG(s) 'example_short_circuit_decorator' retrieved from /home/airflow/.local/lib/python3.8/site-packages/airflow/example_dags/example_short_circuit_decorator.py
[2026-08-21T12:01:42.220+0000] {logging_mixin.py:188} INFO - [2026-08-21T12:01:42.219+0000] {dag.py:3036} INFO - Sync 1 DAGs
[2026-08-21T12:01:42.250+0000] {logging_mixin.py:188} INFO - [2026-08-21T12:01:42.249+0000] {dag.py:3823} INFO - Setting next_dagrun for example_short_circuit_decorator to 2026-08-20 00:00:00+00:00, run_after=2026-08-21 00:00:00+00:00
[2026-08-21T12:01:42.273+0000] {processor.py:183} INFO - Processing /home/airflow/.local/lib/python3.8/site-packages/airflow/example_dags/example_short_circuit_decorator.py took 0.102 seconds
[2026-08-21T12:02:12.372+0000] {processor.py:161} INFO - Started process (PID=2372) to work on /home/airflow/.local/lib/python3.8/site-packages/airflow/example_dags/example_short_circuit_decorator.py
[2026-08-21T12:02:12.373+0000] {processor.py:830} INFO - Processing file /home/airflow/.local/lib/python3.8/site-packages/airflow/example_dags/example_short_circuit_decorator.py for tasks to queue
[2026-08-21T12:02:12.377+0000] {logging_mixin.py:188} INFO - [2026-08-21T12:02:12.376+0000] {dagbag.py:538} INFO - Filling up the DagBag from /home/airflow/.local/lib/python3.8/site-packages/airflow/example_dags/example_short_circuit_decorator.py
[2026-08-21T12:02:12.400+0000] {processor.py:840} INFO - DAG(s) 'example_short_circuit_decorator' retrieved from /home/airflow/.local/lib/python3.8/site-packages/airflow/example_dags/example_short_circuit_decorator.py
[2026-08-21T12:02:12.443+0000] {logging_mixin.py:188} INFO - [2026-08-21T12:02:12.443+0000] {dag.py:3036} INFO - Sync 1 DAGs
[2026-08-21T12:02:12.479+0000] {logging_mixin.py:188} INFO - [2026-08-21T12:02:12.478+0000] {dag.py:3823} INFO - Setting next_dagrun for example_short_circuit_decorator to 2026-08-20 00:00:00+00:00, run_after=2026-08-21 00:00:00+00:00
[2026-08-21T12:02:12.514+0000] {processor.py:183} INFO - Processing /home/airflow/.local/lib/python3.8/site-packages/airflow/example_dags/example_short_circuit_decorator.py took 0.145 seconds
[2026-08-21T12:02:43.935+0000] {processor.py:161} INFO - Started process (PID=2465) to work on /home/airflow/.local/lib/python3.8/site-packages/airflow/example_dags/example_short_circuit_decorator.py
[2026-08-21T12:02:43.937+0000] {processor.py:830} INFO - Processing file /home/airflow/.local/lib/python3.8/site-packages/airflow/example_dags/example_short_circuit_decorator.py for tasks to queue
[2026-08-21T12:02:43.940+0000] {logging_mixin.py:188} INFO - [2026-08-21T12:02:43.939+0000] {dagbag.py:538} INFO - Filling up the DagBag from /home/airflow/.local/lib/python3.8/site-packages/airflow/example_dags/example_short_circuit_decorator.py
[2026-08-21T12:02:43.956+0000] {processor.py:840} INFO - DAG(s) 'example_short_circuit_decorator' retrieved from /home/airflow/.local/lib/python3.8/site-packages/airflow/example_dags/example_short_circuit_decorator.py
[2026-08-21T12:02:43.984+0000] {logging_mixin.py:188} INFO - [2026-08-21T12:02:43.984+0000] {dag.py:3036} INFO - Sync 1 DAGs
[2026-08-21T12:02:44.008+0000] {logging_mixin.py:188} INFO - [2026-08-21T12:02:44.008+0000] {dag.py:3823} INFO - Setting next_dagrun for example_short_circuit_decorator to 2026-08-20 00:00:00+00:00, run_after=2026-08-21 00:00:00+00:00
[2026-08-21T12:02:44.034+0000] {processor.py:183} INFO - Processing /home/airflow/.local/lib/python3.8/site-packages/airflow/example_dags/example_short_circuit_decorator.py took 0.106 seconds
[2026-08-21T12:03:14.425+0000] {processor.py:161} INFO - Started process (PID=2552) to work on /home/airflow/.local/lib/python3.8/site-packages/airflow/example_dags/example_short_circuit_decorator.py
[2026-08-21T12:03:14.427+0000] {processor.py:830} INFO - Processing file /home/airflow/.local/lib/python3.8/site-packages/airflow/example_dags/example_short_circuit_decorator.py for tasks to queue
[2026-08-21T12:03:14.429+0000] {logging_mixin.py:188} INFO - [2026-08-21T12:03:14.428+0000] {dagbag.py:538} INFO - Filling up the DagBag from /home/airflow/.local/lib/python3.8/site-packages/airflow/example_dags/example_short_circuit_decorator.py
[2026-08-21T12:03:14.438+0000] {processor.py:840} INFO - DAG(s) 'example_short_circuit_decorator' retrieved from /home/airflow/.local/lib/python3.8/site-packages/airflow/example_dags/example_short_circuit_decorator.py
[2026-08-21T12:03:14.460+0000] {logging_mixin.py:188} INFO - [2026-08-21T12:03:14.460+0000] {dag.py:3036} INFO - Sync 1 DAGs
[2026-08-21T12:03:14.482+0000] {logging_mixin.py:188} INFO - [2026-08-21T12:03:14.482+0000] {dag.py:3823} INFO - Setting next_dagrun for example_short_circuit_decorator to 2026-08-20 00:00:00+00:00, run_after=2026-08-21 00:00:00+00:00
[2026-08-21T12:03:14.502+0000] {processor.py:183} INFO - Processing /home/airflow/.local/lib/python3.8/site-packages/airflow/example_dags/example_short_circuit_decorator.py took 0.081 seconds
[2026-08-21T12:03:45.437+0000] {processor.py:161} INFO - Started process (PID=2639) to work on /home/airflow/.local/lib/python3.8/site-packages/airflow/example_dags/example_short_circuit_decorator.py
[2026-08-21T12:03:45.438+0000] {processor.py:830} INFO - Processing file /home/airflow/.local/lib/python3.8/site-packages/airflow/example_dags/example_short_circuit_decorator.py for tasks to queue
[2026-08-21T12:03:45.440+0000] {logging_mixin.py:188} INFO - [2026-08-21T12:03:45.440+0000] {dagbag.py:538} INFO - Filling up the DagBag from /home/airflow/.local/lib/python3.8/site-packages/airflow/example_dags/example_short_circuit_decorator.py
[2026-08-21T12:03:45.449+0000] {processor.py:840} INFO - DAG(s) 'example_short_circuit_decorator' retrieved from /home/airflow/.local/lib/python3.8/site-packages/airflow/example_dags/example_short_circuit_decorator.py
[2026-08-21T12:03:45.471+0000] {logging_mixin.py:188} INFO - [2026-08-21T12:03:45.471+0000] {dag.py:3036} INFO - Sync 1 DAGs
[2026-08-21T12:03:45.492+0000] {logging_mixin.py:188} INFO - [2026-08-21T12:03:45.492+0000] {dag.py:3823} INFO - Setting next_dagrun for example_short_circuit_decorator to 2026-08-20 00:00:00+00:00, run_after=2026-08-21 00:00:00+00:00
[2026-08-21T12:03:45.511+0000] {processor.py:183} INFO - Processing /home/airflow/.local/lib/python3.8/site-packages/airflow/example_dags/example_short_circuit_decorator.py took 0.077 seconds
[2026-08-21T12:04:16.697+0000] {processor.py:161} INFO - Started process (PID=2726) to work on /home/airflow/.local/lib/python3.8/site-packages/airflow/example_dags/example_short_circuit_decorator.py
[2026-08-21T12:04:16.698+0000] {processor.py:830} INFO - Processing file /home/airflow/.local/lib/python3.8/site-packages/airflow/example_dags/example_short_circuit_decorator.py for tasks to queue
[2026-08-21T12:04:16.700+0000] {logging_mixin.py:188} INFO - [2026-08-21T12:04:16.700+0000] {dagbag.py:538} INFO - Filling up the DagBag from /home/airflow/.local/lib/python3.8/site-packages/airflow/example_dags/example_short_circuit_decorator.py
[2026-08-21T12:04:16.709+0000] {processor.py:840} INFO - DAG(s) 'example_short_circuit_decorator' retrieved from /home/airflow/.local/lib/python3.8/site-packages/airflow/example_dags/example_short_circuit_decorator.py
[2026-08-21T12:04:16.732+0000] {logging_mixin.py:188} INFO - [2026-08-21T12:04:16.732+0000] {dag.py:3036} INFO - Sync 1 DAGs
[2026-08-21T12:04:16.753+0000] {logging_mixin.py:188} INFO - [2026-08-21T12:04:16.753+0000] {dag.py:3823} INFO - Setting next_dagrun for example_short_circuit_decorator to 2026-08-20 00:00:00+00:00, run_after=2026-08-21 00:00:00+00:00
[2026-08-21T12:04:16.774+0000] {processor.py:183} INFO - Processing /home/airflow/.local/lib/python3.8/site-packages/airflow/example_dags/example_short_circuit_decorator.py took 0.081 seconds
[2026-08-21T12:04:47.593+0000] {processor.py:161} INFO - Started process (PID=2813) to work on /home/airflow/.local/lib/python3.8/site-packages/airflow/example_dags/example_short_circuit_decorator.py
[2026-08-21T12:04:47.595+0000] {processor.py:830} INFO - Processing file /home/airflow/.local/lib/python3.8/site-packages/airflow/example_dags/example_short_circuit_decorator.py for tasks to queue
[2026-08-21T12:04:47.597+0000] {logging_mixin.py:188} INFO - [2026-08-21T12:04:47.597+0000] {dagbag.py:538} INFO - Filling up the DagBag from /home/airflow/.local/lib/python3.8/site-packages/airflow/example_dags/example_short_circuit_decorator.py
[2026-08-21T12:04:47.607+0000] {processor.py:840} INFO - DAG(s) 'example_short_circuit_decorator' retrieved from /home/airflow/.local/lib/python3.8/site-packages/airflow/example_dags/example_short_circuit_decorator.py
[2026-08-21T12:04:47.629+0000] {logging_mixin.py:188} INFO - [2026-08-21T12:04:47.629+0000] {dag.py:3036} INFO - Sync 1 DAGs
[2026-08-21T12:04:47.649+0000] {logging_mixin.py:188} INFO - [2026-08-21T12:04:47.649+0000] {dag.py:3823} INFO - Setting next_dagrun for example_short_circuit_decorator to 2026-08-20 00:00:00+00:00, run_after=2026-08-21 00:00:00+00:00
[2026-08-21T12:04:47.667+0000] {processor.py:183} INFO - Processing /home/airflow/.local/lib/python3.8/site-packages/airflow/example_dags/example_short_circuit_decorator.py took 0.079 seconds
[2026-08-21T12:05:22.626+0000] {processor.py:161} INFO - Started process (PID=2923) to work on /home/airflow/.local/lib/python3.8/site-packages/airflow/example_dags/example_short_circuit_decorator.py
[2026-08-21T12:05:22.627+0000] {processor.py:830} INFO - Processing file /home/airflow/.local/lib/python3.8/site-packages/airflow/example_dags/example_short_circuit_decorator.py for tasks to queue
[2026-08-21T12:05:22.631+0000] {logging_mixin.py:188} INFO - [2026-08-21T12:05:22.630+0000] {dagbag.py:538} INFO - Filling up the DagBag from /home/airflow/.local/lib/python3.8/site-packages/airflow/example_dags/example_short_circuit_decorator.py
[2026-08-21T12:05:22.647+0000] {processor.py:840} INFO - DAG(s) 'example_short_circuit_decorator' retrieved from /home/airflow/.local/lib/python3.8/site-packages/airflow/example_dags/example_short_circuit_decorator.py
[2026-08-21T12:05:22.889+0000] {logging_mixin.py:188} INFO - [2026-08-21T12:05:22.888+0000] {dag.py:3036} INFO - Sync 1 DAGs
[2026-08-21T12:05:22.921+0000] {logging_mixin.py:188} INFO - [2026-08-21T12:05:22.921+0000] {dag.py:3823} INFO - Setting next_dagrun for example_short_circuit_decorator to 2026-08-20 00:00:00+00:00, run_after=2026-08-21 00:00:00+00:00
[2026-08-21T12:05:22.949+0000] {processor.py:183} INFO - Processing /home/airflow/.local/lib/python3.8/site-packages/airflow/example_dags/example_short_circuit_decorator.py took 0.331 seconds
[2026-08-21T12:05:53.108+0000] {processor.py:161} INFO - Started process (PID=3014) to work on /home/airflow/.local/lib/python3.8/site-packages/airflow/example_dags/example_short_circuit_decorator.py
[2026-08-21T12:05:53.112+0000] {processor.py:830} INFO - Processing file /home/airflow/.local/lib/python3.8/site-packages/airflow/example_dags/example_short_circuit_decorator.py for tasks to queue
[2026-08-21T12:05:53.117+0000] {logging_mixin.py:188} INFO - [2026-08-21T12:05:53.116+0000] {dagbag.py:538} INFO - Filling up the DagBag from /home/airflow/.local/lib/python3.8/site-packages/airflow/example_dags/example_short_circuit_decorator.py
[2026-08-21T12:05:53.135+0000] {processor.py:840} INFO - DAG(s) 'example_short_circuit_decorator' retrieved from /home/airflow/.local/lib/python3.8/site-packages/airflow/example_dags/example_short_circuit_decorator.py
[2026-08-21T12:05:53.171+0000] {logging_mixin.py:188} INFO - [2026-08-21T12:05:53.170+0000] {dag.py:3036} INFO - Sync 1 DAGs
[2026-08-21T12:05:53.208+0000] {logging_mixin.py:188} INFO - [2026-08-21T12:05:53.207+0000] {dag.py:3823} INFO - Setting next_dagrun for example_short_circuit_decorator to 2026-08-20 00:00:00+00:00, run_after=2026-08-21 00:00:00+00:00
[2026-08-21T12:05:53.247+0000] {processor.py:183} INFO - Processing /home/airflow/.local/lib/python3.8/site-packages/airflow/example_dags/example_short_circuit_decorator.py took 0.145 seconds
[2026-08-21T12:06:23.928+0000] {processor.py:161} INFO - Started process (PID=3101) to work on /home/airflow/.local/lib/python3.8/site-packages/airflow/example_dags/example_short_circuit_decorator.py
[2026-08-21T12:06:23.930+0000] {processor.py:830} INFO - Processing file /home/airflow/.local/lib/python3.8/site-packages/airflow/example_dags/example_short_circuit_decorator.py for tasks to queue
[2026-08-21T12:06:23.932+0000] {logging_mixin.py:188} INFO - [2026-08-21T12:06:23.932+0000] {dagbag.py:538} INFO - Filling up the DagBag from /home/airflow/.local/lib/python3.8/site-packages/airflow/example_dags/example_short_circuit_decorator.py
[2026-08-21T12:06:23.945+0000] {processor.py:840} INFO - DAG(s) 'example_short_circuit_decorator' retrieved from /home/airflow/.local/lib/python3.8/site-packages/airflow/example_dags/example_short_circuit_decorator.py
[2026-08-21T12:06:23.969+0000] {logging_mixin.py:188} INFO - [2026-08-21T12:06:23.968+0000] {dag.py:3036} INFO - Sync 1 DAGs
[2026-08-21T12:06:23.990+0000] {logging_mixin.py:188} INFO - [2026-08-21T12:06:23.990+0000] {dag.py:3823} INFO - Setting next_dagrun for example_short_circuit_decorator to 2026-08-20 00:00:00+00:00, run_after=2026-08-21 00:00:00+00:00
[2026-08-21T12:06:24.010+0000] {processor.py:183} INFO - Processing /home/airflow/.local/lib/python3.8/site-packages/airflow/example_dags/example_short_circuit_decorator.py took 0.085 seconds
[2026-08-21T12:06:54.466+0000] {processor.py:161} INFO - Started process (PID=3188) to work on /home/airflow/.local/lib/python3.8/site-packages/airflow/example_dags/example_short_circuit_decorator.py
[2026-08-21T12:06:54.468+0000] {processor.py:830} INFO - Processing file /home/airflow/.local/lib/python3.8/site-packages/airflow/example_dags/example_short_circuit_decorator.py for tasks to queue
[2026-08-21T12:06:54.470+0000] {logging_mixin.py:188} INFO - [2026-08-21T12:06:54.470+0000] {dagbag.py:538} INFO - Filling up the DagBag from /home/airflow/.local/lib/python3.8/site-packages/airflow/example_dags/example_short_circuit_decorator.py
[2026-08-21T12:06:54.480+0000] {processor.py:840} INFO - DAG(s) 'example_short_circuit_decorator' retrieved from /home/airflow/.local/lib/python3.8/site-packages/airflow/example_dags/example_short_circuit_decorator.py
[2026-08-21T12:06:54.503+0000] {logging_mixin.py:188} INFO - [2026-08-21T12:06:54.503+0000] {dag.py:3036} INFO - Sync 1 DAGs
[2026-08-21T12:06:54.523+0000] {logging_mixin.py:188} INFO - [2026-08-21T12:06:54.523+0000] {dag.py:3823} INFO - Setting next_dagrun for example_short_circuit_decorator to 2026-08-20 00:00:00+00:00, run_after=2026-08-21 00:00:00+00:00
[2026-08-21T12:06:54.544+0000] {processor.py:183} INFO - Processing /home/airflow/.local/lib/python3.8/site-packages/airflow/example_dags/example_short_circuit_decorator.py took 0.081 seconds
[2026-08-21T12:07:25.007+0000] {processor.py:161} INFO - Started process (PID=3275) to work on /home/airflow/.local/lib/python3.8/site-packages/airflow/example_dags/example_short_circuit_decorator.py
[2026-08-21T12:07:25.008+0000] {processor.py:830} INFO - Processing file /home/airflow/.local/lib/python3.8/site-packages/airflow/example_dags/example_short_circuit_decorator.py for tasks to queue
[2026-08-21T12:07:25.011+0000] {logging_mixin.py:188} INFO - [2026-08-21T12:07:25.011+0000] {dagbag.py:538} INFO - Filling up the DagBag from /home/airflow/.local/lib/python3.8/site-packages/airflow/example_dags/example_short_circuit_decorator.py
[2026-08-21T12:07:25.026+0000] {processor.py:840} INFO - DAG(s) 'example_short_circuit_decorator' retrieved from /home/airflow/.local/lib/python3.8/site-packages/airflow/example_dags/example_short_circuit_decorator.py
[2026-08-21T12:07:25.060+0000] {logging_mixin.py:188} INFO - [2026-08-21T12:07:25.060+0000] {dag.py:3036} INFO - Sync 1 DAGs
[2026-08-21T12:07:25.091+0000] {logging_mixin.py:188} INFO - [2026-08-21T12:07:25.091+0000] {dag.py:3823} INFO - Setting next_dagrun for example_short_circuit_decorator to 2026-08-20 00:00:00+00:00, run_after=2026-08-21 00:00:00+00:00
[2026-08-21T12:07:25.115+0000] {processor.py:183} INFO - Processing /home/airflow/.local/lib/python3.8/site-packages/airflow/example_dags/example_short_circuit_decorator.py took 0.112 seconds
[2026-08-21T12:07:55.341+0000] {processor.py:161} INFO - Started process (PID=3362) to work on /home/airflow/.local/lib/python3.8/site-packages/airflow/example_dags/example_short_circuit_decorator.py
[2026-08-21T12:07:55.343+0000] {processor.py:830} INFO - Processing file /home/airflow/.local/lib/python3.8/site-packages/airflow/example_dags/example_short_circuit_decorator.py for tasks to queue
[2026-08-21T12:07:55.346+0000] {logging_mixin.py:188} INFO - [2026-08-21T12:07:55.345+0000] {dagbag.py:538} INFO - Filling up the DagBag from /home/airflow/.local/lib/python3.8/site-packages/airflow/example_dags/example_short_circuit_decorator.py
[2026-08-21T12:07:55.357+0000] {processor.py:840} INFO - DAG(s) 'example_short_circuit_decorator' retrieved from /home/airflow/.local/lib/python3.8/site-packages/airflow/example_dags/example_short_circuit_decorator.py
[2026-08-21T12:07:55.385+0000] {logging_mixin.py:188} INFO - [2026-08-21T12:07:55.385+0000] {dag.py:3036} INFO - Sync 1 DAGs
[2026-08-21T12:07:55.409+0000] {logging_mixin.py:188} INFO - [2026-08-21T12:07:55.408+0000] {dag.py:3823} INFO - Setting next_dagrun for example_short_circuit_decorator to 2026-08-20 00:00:00+00:00, run_after=2026-08-21 00:00:00+00:00
[2026-08-21T12:07:55.429+0000] {processor.py:183} INFO - Processing /home/airflow/.local/lib/python3.8/site-packages/airflow/example_dags/example_short_circuit_decorator.py took 0.093 seconds
[2026-08-21T12:08:26.895+0000] {processor.py:161} INFO - Started process (PID=3451) to work on /home/airflow/.local/lib/python3.8/site-packages/airflow/example_dags/example_short_circuit_decorator.py
[2026-08-21T12:08:26.896+0000] {processor.py:830} INFO - Processing file /home/airflow/.local/lib/python3.8/site-packages/airflow/example_dags/example_short_circuit_decorator.py for tasks to queue
[2026-08-21T12:08:26.898+0000] {logging_mixin.py:188} INFO - [2026-08-21T12:08:26.898+0000] {dagbag.py:538} INFO - Filling up the DagBag from /home/airflow/.local/lib/python3.8/site-packages/airflow/example_dags/example_short_circuit_decorator.py
[2026-08-21T12:08:26.907+0000] {processor.py:840} INFO - DAG(s) 'example_short_circuit_decorator' retrieved from /home/airflow/.local/lib/python3.8/site-packages/airflow/example_dags/example_short_circuit_decorator.py
[2026-08-21T12:08:26.932+0000] {logging_mixin.py:188} INFO - [2026-08-21T12:08:26.932+0000] {dag.py:3036} INFO - Sync 1 DAGs
[2026-08-21T12:08:26.957+0000] {logging_mixin.py:188} INFO - [2026-08-21T12:08:26.957+0000] {dag.py:3823} INFO - Setting next_dagrun for example_short_circuit_decorator to 2026-08-20 00:00:00+00:00, run_after=2026-08-21 00:00:00+00:00
[2026-08-21T12:08:26.980+0000] {processor.py:183} INFO - Processing /home/airflow/.local/lib/python3.8/site-packages/airflow/example_dags/example_short_circuit_decorator.py took 0.090 seconds
[2026-08-21T12:08:58.583+0000] {processor.py:161} INFO - Started process (PID=3542) to work on /home/airflow/.local/lib/python3.8/site-packages/airflow/example_dags/example_short_circuit_decorator.py
[2026-08-21T12:08:58.586+0000] {processor.py:830} INFO - Processing file /home/airflow/.local/lib/python3.8/site-packages/airflow/example_dags/example_short_circuit_decorator.py for tasks to queue
[2026-08-21T12:08:58.590+0000] {logging_mixin.py:188} INFO - [2026-08-21T12:08:58.589+0000] {dagbag.py:538} INFO - Filling up the DagBag from /home/airflow/.local/lib/python3.8/site-packages/airflow/example_dags/example_short_circuit_decorator.py
[2026-08-21T12:08:58.602+0000] {processor.py:840} INFO - DAG(s) 'example_short_circuit_decorator' retrieved from /home/airflow/.local/lib/python3.8/site-packages/airflow/example_dags/example_short_circuit_decorator.py
[2026-08-21T12:08:58.631+0000] {logging_mixin.py:188} INFO - [2026-08-21T12:08:58.631+0000] {dag.py:3036} INFO - Sync 1 DAGs
[2026-08-21T12:08:58.670+0000] {logging_mixin.py:188} INFO - [2026-08-21T12:08:58.670+0000] {dag.py:3823} INFO - Setting next_dagrun for example_short_circuit_decorator to 2026-08-20 00:00:00+00:00, run_after=2026-08-21 00:00:00+00:00
[2026-08-21T12:08:58.699+0000] {processor.py:183} INFO - Processing /home/airflow/.local/lib/python3.8/site-packages/airflow/example_dags/example_short_circuit_decorator.py took 0.123 seconds
[2026-08-21T12:09:29.608+0000] {processor.py:161} INFO - Started process (PID=3629) to work on /home/airflow/.local/lib/python3.8/site-packages/airflow/example_dags/example_short_circuit_decorator.py
[2026-08-21T12:09:29.610+0000] {processor.py:830} INFO - Processing file /home/airflow/.local/lib/python3.8/site-packages/airflow/example_dags/example_short_circuit_decorator.py for tasks to queue
[2026-08-21T12:09:29.612+0000] {logging_mixin.py:188} INFO - [2026-08-21T12:09:29.612+0000] {dagbag.py:538} INFO - Filling up the DagBag from /home/airflow/.local/lib/python3.8/site-packages/airflow/example_dags/example_short_circuit_decorator.py
[2026-08-21T12:09:29.621+0000] {processor.py:840} INFO - DAG(s) 'example_short_circuit_decorator' retrieved from /home/airflow/.local/lib/python3.8/site-packages/airflow/example_dags/example_short_circuit_decorator.py
[2026-08-21T12:09:29.645+0000] {logging_mixin.py:188} INFO - [2026-08-21T12:09:29.645+0000] {dag.py:3036} INFO - Sync 1 DAGs
[2026-08-21T12:09:29.672+0000] {logging_mixin.py:188} INFO - [2026-08-21T12:09:29.671+0000] {dag.py:3823} INFO - Setting next_dagrun for example_short_circuit_decorator to 2026-08-20 00:00:00+00:00, run_after=2026-08-21 00:00:00+00:00
[2026-08-21T12:09:29.696+0000] {processor.py:183} INFO - Processing /home/airflow/.local/lib/python3.8/site-packages/airflow/example_dags/example_short_circuit_decorator.py took 0.092 seconds
[2026-08-21T12:09:59.898+0000] {processor.py:161} INFO - Started process (PID=3716) to work on /home/airflow/.local/lib/python3.8/site-packages/airflow/example_dags/example_short_circuit_decorator.py
[2026-08-21T12:09:59.899+0000] {processor.py:830} INFO - Processing file /home/airflow/.local/lib/python3.8/site-packages/airflow/example_dags/example_short_circuit_decorator.py for tasks to queue
[2026-08-21T12:09:59.901+0000] {logging_mixin.py:188} INFO - [2026-08-21T12:09:59.901+0000] {dagbag.py:538} INFO - Filling up the DagBag from /home/airflow/.local/lib/python3.8/site-packages/airflow/example_dags/example_short_circuit_decorator.py
[2026-08-21T12:09:59.910+0000] {processor.py:840} INFO - DAG(s) 'example_short_circuit_decorator' retrieved from /home/airflow/.local/lib/python3.8/site-packages/airflow/example_dags/example_short_circuit_decorator.py
[2026-08-21T12:09:59.935+0000] {logging_mixin.py:188} INFO - [2026-08-21T12:09:59.934+0000] {dag.py:3036} INFO - Sync 1 DAGs
[2026-08-21T12:09:59.959+0000] {logging_mixin.py:188} INFO - [2026-08-21T12:09:59.959+0000] {dag.py:3823} INFO - Setting next_dagrun for example_short_circuit_decorator to 2026-08-20 00:00:00+00:00, run_after=2026-08-21 00:00:00+00:00
[2026-08-21T12:09:59.980+0000] {processor.py:183} INFO - Processing /home/airflow/.local/lib/python3.8/site-packages/airflow/example_dags/example_short_circuit_decorator.py took 0.087 seconds
[2026-08-21T12:10:30.693+0000] {processor.py:161} INFO - Started process (PID=3807) to work on /home/airflow/.local/lib/python3.8/site-packages/airflow/example_dags/example_short_circuit_decorator.py
[2026-08-21T12:10:30.694+0000] {processor.py:830} INFO - Processing file /home/airflow/.local/lib/python3.8/site-packages/airflow/example_dags/example_short_circuit_decorator.py for tasks to queue
[2026-08-21T12:10:30.697+0000] {logging_mixin.py:188} INFO - [2026-08-21T12:10:30.696+0000] {dagbag.py:538} INFO - Filling up the DagBag from /home/airflow/.local/lib/python3.8/site-packages/airflow/example_dags/example_short_circuit_decorator.py
[2026-08-21T12:10:30.709+0000] {processor.py:840} INFO - DAG(s) 'example_short_circuit_decorator' retrieved from /home/airflow/.local/lib/python3.8/site-packages/airflow/example_dags/example_short_circuit_decorator.py
[2026-08-21T12:10:30.739+0000] {logging_mixin.py:188} INFO - [2026-08-21T12:10:30.739+0000] {dag.py:3036} INFO - Sync 1 DAGs
[2026-08-21T12:10:30.769+0000] {logging_mixin.py:188} INFO - [2026-08-21T12:10:30.768+0000] {dag.py:3823} INFO - Setting next_dagrun for example_short_circuit_decorator to 2026-08-20 00:00:00+00:00, run_after=2026-08-21 00:00:00+00:00
[2026-08-21T12:10:30.793+0000] {processor.py:183} INFO - Processing /home/airflow/.local/lib/python3.8/site-packages/airflow/example_dags/example_short_circuit_decorator.py took 0.105 seconds
[2026-08-21T12:11:01.459+0000] {processor.py:161} INFO - Started process (PID=3895) to work on /home/airflow/.local/lib/python3.8/site-packages/airflow/example_dags/example_short_circuit_decorator.py
[2026-08-21T12:11:01.461+0000] {processor.py:830} INFO - Processing file /home/airflow/.local/lib/python3.8/site-packages/airflow/example_dags/example_short_circuit_decorator.py for tasks to queue
[2026-08-21T12:11:01.463+0000] {logging_mixin.py:188} INFO - [2026-08-21T12:11:01.463+0000] {dagbag.py:538} INFO - Filling up the DagBag from /home/airflow/.local/lib/python3.8/site-packages/airflow/example_dags/example_short_circuit_decorator.py
[2026-08-21T12:11:01.475+0000] {processor.py:840} INFO - DAG(s) 'example_short_circuit_decorator' retrieved from /home/airflow/.local/lib/python3.8/site-packages/airflow/example_dags/example_short_circuit_decorator.py
[2026-08-21T12:11:01.499+0000] {logging_mixin.py:188} INFO - [2026-08-21T12:11:01.498+0000] {dag.py:3036} INFO - Sync 1 DAGs
[2026-08-21T12:11:01.521+0000] {logging_mixin.py:188} INFO - [2026-08-21T12:11:01.521+0000] {dag.py:3823} INFO - Setting next_dagrun for example_short_circuit_decorator to 2026-08-20 00:00:00+00:00, run_after=2026-08-21 00:00:00+00:00
[2026-08-21T12:11:01.548+0000] {processor.py:183} INFO - Processing /home/airflow/.local/lib/python3.8/site-packages/airflow/example_dags/example_short_circuit_decorator.py took 0.094 seconds
[2026-08-21T12:11:32.356+0000] {processor.py:161} INFO - Started process (PID=3982) to work on /home/airflow/.local/lib/python3.8/site-packages/airflow/example_dags/example_short_circuit_decorator.py
[2026-08-21T12:11:32.357+0000] {processor.py:830} INFO - Processing file /home/airflow/.local/lib/python3.8/site-packages/airflow/example_dags/example_short_circuit_decorator.py for tasks to queue
[2026-08-21T12:11:32.360+0000] {logging_mixin.py:188} INFO - [2026-08-21T12:11:32.360+0000] {dagbag.py:538} INFO - Filling up the DagBag from /home/airflow/.local/lib/python3.8/site-packages/airflow/example_dags/example_short_circuit_decorator.py
[2026-08-21T12:11:32.369+0000] {processor.py:840} INFO - DAG(s) 'example_short_circuit_decorator' retrieved from /home/airflow/.local/lib/python3.8/site-packages/airflow/example_dags/example_short_circuit_decorator.py
[2026-08-21T12:11:32.391+0000] {logging_mixin.py:188} INFO - [2026-08-21T12:11:32.391+0000] {dag.py:3036} INFO - Sync 1 DAGs
[2026-08-21T12:11:32.411+0000] {logging_mixin.py:188} INFO - [2026-08-21T12:11:32.411+0000] {dag.py:3823} INFO - Setting next_dagrun for example_short_circuit_decorator to 2026-08-20 00:00:00+00:00, run_after=2026-08-21 00:00:00+00:00
[2026-08-21T12:11:32.433+0000] {processor.py:183} INFO - Processing /home/airflow/.local/lib/python3.8/site-packages/airflow/example_dags/example_short_circuit_decorator.py took 0.080 seconds
[2026-08-21T12:12:03.040+0000] {processor.py:161} INFO - Started process (PID=4069) to work on /home/airflow/.local/lib/python3.8/site-packages/airflow/example_dags/example_short_circuit_decorator.py
[2026-08-21T12:12:03.042+0000] {processor.py:830} INFO - Processing file /home/airflow/.local/lib/python3.8/site-packages/airflow/example_dags/example_short_circuit_decorator.py for tasks to queue
[2026-08-21T12:12:03.044+0000] {logging_mixin.py:188} INFO - [2026-08-21T12:12:03.044+0000] {dagbag.py:538} INFO - Filling up the DagBag from /home/airflow/.local/lib/python3.8/site-packages/airflow/example_dags/example_short_circuit_decorator.py
[2026-08-21T12:12:03.053+0000] {processor.py:840} INFO - DAG(s) 'example_short_circuit_decorator' retrieved from /home/airflow/.local/lib/python3.8/site-packages/airflow/example_dags/example_short_circuit_decorator.py
[2026-08-21T12:12:03.075+0000] {logging_mixin.py:188} INFO - [2026-08-21T12:12:03.075+0000] {dag.py:3036} INFO - Sync 1 DAGs
[2026-08-21T12:12:03.097+0000] {logging_mixin.py:188} INFO - [2026-08-21T12:12:03.097+0000] {dag.py:3823} INFO - Setting next_dagrun for example_short_circuit_decorator to 2026-08-20 00:00:00+00:00, run_after=2026-08-21 00:00:00+00:00
[2026-08-21T12:12:03.120+0000] {processor.py:183} INFO - Processing /home/airflow/.local/lib/python3.8/site-packages/airflow/example_dags/example_short_circuit_decorator.py took 0.083 seconds
[2026-08-21T12:12:33.937+0000] {processor.py:161} INFO - Started process (PID=4156) to work on /home/airflow/.local/lib/python3.8/site-packages/airflow/example_dags/example_short_circuit_decorator.py
[2026-08-21T12:12:33.939+0000] {processor.py:830} INFO - Processing file /home/airflow/.local/lib/python3.8/site-packages/airflow/example_dags/example_short_circuit_decorator.py for tasks to queue
[2026-08-21T12:12:33.941+0000] {logging_mixin.py:188} INFO - [2026-08-21T12:12:33.941+0000] {dagbag.py:538} INFO - Filling up the DagBag from /home/airflow/.local/lib/python3.8/site-packages/airflow/example_dags/example_short_circuit_decorator.py
[2026-08-21T12:12:33.952+0000] {processor.py:840} INFO - DAG(s) 'example_short_circuit_decorator' retrieved from /home/airflow/.local/lib/python3.8/site-packages/airflow/example_dags/example_short_circuit_decorator.py
[2026-08-21T12:12:33.975+0000] {logging_mixin.py:188} INFO - [2026-08-21T12:12:33.975+0000] {dag.py:3036} INFO - Sync 1 DAGs
[2026-08-21T12:12:33.999+0000] {logging_mixin.py:188} INFO - [2026-08-21T12:12:33.999+0000] {dag.py:3823} INFO - Setting next_dagrun for example_short_circuit_decorator to 2026-08-20 00:00:00+00:00, run_after=2026-08-21 00:00:00+00:00
[2026-08-21T12:12:34.023+0000] {processor.py:183} INFO - Processing /home/airflow/.local/lib/python3.8/site-packages/airflow/example_dags/example_short_circuit_decorator.py took 0.090 seconds
[2026-08-21T12:13:04.559+0000] {processor.py:161} INFO - Started process (PID=4243) to work on /home/airflow/.local/lib/python3.8/site-packages/airflow/example_dags/example_short_circuit_decorator.py
[2026-08-21T12:13:04.560+0000] {processor.py:830} INFO - Processing file /home/airflow/.local/lib/python3.8/site-packages/airflow/example_dags/example_short_circuit_decorator.py for tasks to queue
[2026-08-21T12:13:04.562+0000] {logging_mixin.py:188} INFO - [2026-08-21T12:13:04.562+0000] {dagbag.py:538} INFO - Filling up the DagBag from /home/airflow/.local/lib/python3.8/site-packages/airflow/example_dags/example_short_circuit_decorator.py
[2026-08-21T12:13:04.571+0000] {processor.py:840} INFO - DAG(s) 'example_short_circuit_decorator' retrieved from /home/airflow/.local/lib/python3.8/site-packages/airflow/example_dags/example_short_circuit_decorator.py
[2026-08-21T12:13:04.595+0000] {logging_mixin.py:188} INFO - [2026-08-21T12:13:04.595+0000] {dag.py:3036} INFO - Sync 1 DAGs
[2026-08-21T12:13:04.618+0000] {logging_mixin.py:188} INFO - [2026-08-21T12:13:04.618+0000] {dag.py:3823} INFO - Setting next_dagrun for example_short_circuit_decorator to 2026-08-20 00:00:00+00:00, run_after=2026-08-21 00:00:00+00:00
[2026-08-21T12:13:04.637+0000] {processor.py:183} INFO - Processing /home/airflow/.local/lib/python3.8/site-packages/airflow/example_dags/example_short_circuit_decorator.py took 0.082 seconds
[2026-08-21T12:13:34.949+0000] {processor.py:161} INFO - Started process (PID=4330) to work on /home/airflow/.local/lib/python3.8/site-packages/airflow/example_dags/example_short_circuit_decorator.py
[2026-08-21T12:13:34.950+0000] {processor.py:830} INFO - Processing file /home/airflow/.local/lib/python3.8/site-packages/airflow/example_dags/example_short_circuit_decorator.py for tasks to queue
[2026-08-21T12:13:34.952+0000] {logging_mixin.py:188} INFO - [2026-08-21T12:13:34.952+0000] {dagbag.py:538} INFO - Filling up the DagBag from /home/airflow/.local/lib/python3.8/site-packages/airflow/example_dags/example_short_circuit_decorator.py
[2026-08-21T12:13:34.961+0000] {processor.py:840} INFO - DAG(s) 'example_short_circuit_decorator' retrieved from /home/airflow/.local/lib/python3.8/site-packages/airflow/example_dags/example_short_circuit_decorator.py
[2026-08-21T12:13:34.984+0000] {logging_mixin.py:188} INFO - [2026-08-21T12:13:34.983+0000] {dag.py:3036} INFO - Sync 1 DAGs
[2026-08-21T12:13:35.004+0000] {logging_mixin.py:188} INFO - [2026-08-21T12:13:35.003+0000] {dag.py:3823} INFO - Setting next_dagrun for example_short_circuit_decorator to 2026-08-20 00:00:00+00:00, run_after=2026-08-21 00:00:00+00:00
[2026-08-21T12:13:35.026+0000] {processor.py:183} INFO - Processing /home/airflow/.local/lib/python3.8/site-packages/airflow/example_dags/example_short_circuit_decorator.py took 0.080 seconds
[2026-08-21T12:14:07.036+0000] {processor.py:161} INFO - Started process (PID=4418) to work on /home/airflow/.local/lib/python3.8/site-packages/airflow/example_dags/example_short_circuit_decorator.py
[2026-08-21T12:14:07.038+0000] {processor.py:830} INFO - Processing file /home/airflow/.local/lib/python3.8/site-packages/airflow/example_dags/example_short_circuit_decorator.py for tasks to queue
[2026-08-21T12:14:07.041+0000] {logging_mixin.py:188} INFO - [2026-08-21T12:14:07.041+0000] {dagbag.py:538} INFO - Filling up the DagBag from /home/airflow/.local/lib/python3.8/site-packages/airflow/example_dags/example_short_circuit_decorator.py
[2026-08-21T12:14:07.054+0000] {processor.py:840} INFO - DAG(s) 'example_short_circuit_decorator' retrieved from /home/airflow/.local/lib/python3.8/site-packages/airflow/example_dags/example_short_circuit_decorator.py
[2026-08-21T12:14:07.077+0000] {logging_mixin.py:188} INFO - [2026-08-21T12:14:07.077+0000] {dag.py:3036} INFO - Sync 1 DAGs
[2026-08-21T12:14:07.098+0000] {logging_mixin.py:188} INFO - [2026-08-21T12:14:07.098+0000] {dag.py:3823} INFO - Setting next_dagrun for example_short_circuit_decorator to 2026-08-20 00:00:00+00:00, run_after=2026-08-21 00:00:00+00:00
[2026-08-21T12:14:07.119+0000] {processor.py:183} INFO - Processing /home/airflow/.local/lib/python3.8/site-packages/airflow/example_dags/example_short_circuit_decorator.py took 0.087 seconds
[2026-08-21T12:14:37.485+0000] {processor.py:161} INFO - Started process (PID=4505) to work on /home/airflow/.local/lib/python3.8/site-packages/airflow/example_dags/example_short_circuit_decorator.py
[2026-08-21T12:14:37.487+0000] {processor.py:830} INFO - Processing file /home/airflow/.local/lib/python3.8/site-packages/airflow/example_dags/example_short_circuit_decorator.py for tasks to queue
[2026-08-21T12:14:37.489+0000] {logging_mixin.py:188} INFO - [2026-08-21T12:14:37.488+0000] {dagbag.py:538} INFO - Filling up the DagBag from /home/airflow/.local/lib/python3.8/site-packages/airflow/example_dags/example_short_circuit_decorator.py
[2026-08-21T12:14:37.498+0000] {processor.py:840} INFO - DAG(s) 'example_short_circuit_decorator' retrieved from /home/airflow/.local/lib/python3.8/site-packages/airflow/example_dags/example_short_circuit_decorator.py
[2026-08-21T12:14:37.523+0000] {logging_mixin.py:188} INFO - [2026-08-21T12:14:37.523+0000] {dag.py:3036} INFO - Sync 1 DAGs
[2026-08-21T12:14:37.549+0000] {logging_mixin.py:188} INFO - [2026-08-21T12:14:37.548+0000] {dag.py:3823} INFO - Setting next_dagrun for example_short_circuit_decorator to 2026-08-20 00:00:00+00:00, run_after=2026-08-21 00:00:00+00:00
[2026-08-21T12:14:37.572+0000] {processor.py:183} INFO - Processing /home/airflow/.local/lib/python3.8/site-packages/airflow/example_dags/example_short_circuit_decorator.py took 0.091 seconds
[2026-08-21T12:15:08.440+0000] {processor.py:161} INFO - Started process (PID=4592) to work on /home/airflow/.local/lib/python3.8/site-packages/airflow/example_dags/example_short_circuit_decorator.py
[2026-08-21T12:15:08.444+0000] {processor.py:830} INFO - Processing file /home/airflow/.local/lib/python3.8/site-packages/airflow/example_dags/example_short_circuit_decorator.py for tasks to queue
[2026-08-21T12:15:08.447+0000] {logging_mixin.py:188} INFO - [2026-08-21T12:15:08.446+0000] {dagbag.py:538} INFO - Filling up the DagBag from /home/airflow/.local/lib/python3.8/site-packages/airflow/example_dags/example_short_circuit_decorator.py
[2026-08-21T12:15:08.456+0000] {processor.py:840} INFO - DAG(s) 'example_short_circuit_decorator' retrieved from /home/airflow/.local/lib/python3.8/site-packages/airflow/example_dags/example_short_circuit_decorator.py
[2026-08-21T12:15:08.486+0000] {logging_mixin.py:188} INFO - [2026-08-21T12:15:08.485+0000] {dag.py:3036} INFO - Sync 1 DAGs
[2026-08-21T12:15:08.518+0000] {logging_mixin.py:188} INFO - [2026-08-21T12:15:08.517+0000] {dag.py:3823} INFO - Setting next_dagrun for example_short_circuit_decorator to 2026-08-20 00:00:00+00:00, run_after=2026-08-21 00:00:00+00:00
[2026-08-21T12:15:08.541+0000] {processor.py:183} INFO - Processing /home/airflow/.local/lib/python3.8/site-packages/airflow/example_dags/example_short_circuit_decorator.py took 0.104 seconds
[2026-08-21T12:15:38.717+0000] {processor.py:161} INFO - Started process (PID=4679) to work on /home/airflow/.local/lib/python3.8/site-packages/airflow/example_dags/example_short_circuit_decorator.py
[2026-08-21T12:15:38.719+0000] {processor.py:830} INFO - Processing file /home/airflow/.local/lib/python3.8/site-packages/airflow/example_dags/example_short_circuit_decorator.py for tasks to queue
[2026-08-21T12:15:38.722+0000] {logging_mixin.py:188} INFO - [2026-08-21T12:15:38.722+0000] {dagbag.py:538} INFO - Filling up the DagBag from /home/airflow/.local/lib/python3.8/site-packages/airflow/example_dags/example_short_circuit_decorator.py
[2026-08-21T12:15:38.734+0000] {processor.py:840} INFO - DAG(s) 'example_short_circuit_decorator' retrieved from /home/airflow/.local/lib/python3.8/site-packages/airflow/example_dags/example_short_circuit_decorator.py
[2026-08-21T12:15:38.764+0000] {logging_mixin.py:188} INFO - [2026-08-21T12:15:38.764+0000] {dag.py:3036} INFO - Sync 1 DAGs
[2026-08-21T12:15:38.791+0000] {logging_mixin.py:188} INFO - [2026-08-21T12:15:38.791+0000] {dag.py:3823} INFO - Setting next_dagrun for example_short_circuit_decorator to 2026-08-20 00:00:00+00:00, run_after=2026-08-21 00:00:00+00:00
[2026-08-21T12:15:38.813+0000] {processor.py:183} INFO - Processing /home/airflow/.local/lib/python3.8/site-packages/airflow/example_dags/example_short_circuit_decorator.py took 0.100 seconds
[2026-08-21T12:16:09.496+0000] {processor.py:161} INFO - Started process (PID=4766) to work on /home/airflow/.local/lib/python3.8/site-packages/airflow/example_dags/example_short_circuit_decorator.py
[2026-08-21T12:16:09.497+0000] {processor.py:830} INFO - Processing file /home/airflow/.local/lib/python3.8/site-packages/airflow/example_dags/example_short_circuit_decorator.py for tasks to queue
[2026-08-21T12:16:09.500+0000] {logging_mixin.py:188} INFO - [2026-08-21T12:16:09.499+0000] {dagbag.py:538} INFO - Filling up the DagBag from /home/airflow/.local/lib/python3.8/site-packages/airflow/example_dags/example_short_circuit_decorator.py
[2026-08-21T12:16:09.509+0000] {processor.py:840} INFO - DAG(s) 'example_short_circuit_decorator' retrieved from /home/airflow/.local/lib/python3.8/site-packages/airflow/example_dags/example_short_circuit_decorator.py
[2026-08-21T12:16:09.533+0000] {logging_mixin.py:188} INFO - [2026-08-21T12:16:09.533+0000] {dag.py:3036} INFO - Sync 1 DAGs
[2026-08-21T12:16:09.556+0000] {logging_mixin.py:188} INFO - [2026-08-21T12:16:09.555+0000] {dag.py:3823} INFO - Setting next_dagrun for example_short_circuit_decorator to 2026-08-20 00:00:00+00:00, run_after=2026-08-21 00:00:00+00:00
[2026-08-21T12:16:09.577+0000] {processor.py:183} INFO - Processing /home/airflow/.local/lib/python3.8/site-packages/airflow/example_dags/example_short_circuit_decorator.py took 0.084 seconds
[2026-08-21T12:16:40.991+0000] {processor.py:161} INFO - Started process (PID=4854) to work on /home/airflow/.local/lib/python3.8/site-packages/airflow/example_dags/example_short_circuit_decorator.py
[2026-08-21T12:16:40.994+0000] {processor.py:830} INFO - Processing file /home/airflow/.local/lib/python3.8/site-packages/airflow/example_dags/example_short_circuit_decorator.py for tasks to queue
[2026-08-21T12:16:40.998+0000] {logging_mixin.py:188} INFO - [2026-08-21T12:16:40.998+0000] {dagbag.py:538} INFO - Filling up the DagBag from /home/airflow/.local/lib/python3.8/site-packages/airflow/example_dags/example_short_circuit_decorator.py
[2026-08-21T12:16:41.012+0000] {processor.py:840} INFO - DAG(s) 'example_short_circuit_decorator' retrieved from /home/airflow/.local/lib/python3.8/site-packages/airflow/example_dags/example_short_circuit_decorator.py
[2026-08-21T12:16:41.035+0000] {logging_mixin.py:188} INFO - [2026-08-21T12:16:41.035+0000] {dag.py:3036} INFO - Sync 1 DAGs
[2026-08-21T12:16:41.057+0000] {logging_mixin.py:188} INFO - [2026-08-21T12:16:41.056+0000] {dag.py:3823} INFO - Setting next_dagrun for example_short_circuit_decorator to 2026-08-20 00:00:00+00:00, run_after=2026-08-21 00:00:00+00:00
[2026-08-21T12:16:41.079+0000] {processor.py:183} INFO - Processing /home/airflow/.local/lib/python3.8/site-packages/airflow/example_dags/example_short_circuit_decorator.py took 0.092 seconds
[2026-08-21T12:17:11.603+0000] {processor.py:161} INFO - Started process (PID=4941) to work on /home/airflow/.local/lib/python3.8/site-packages/airflow/example_dags/example_short_circuit_decorator.py
[2026-08-21T12:17:11.605+0000] {processor.py:830} INFO - Processing file /home/airflow/.local/lib/python3.8/site-packages/airflow/example_dags/example_short_circuit_decorator.py for tasks to queue
[2026-08-21T12:17:11.607+0000] {logging_mixin.py:188} INFO - [2026-08-21T12:17:11.607+0000] {dagbag.py:538} INFO - Filling up the DagBag from /home/airflow/.local/lib/python3.8/site-packages/airflow/example_dags/example_short_circuit_decorator.py
[2026-08-21T12:17:11.621+0000] {processor.py:840} INFO - DAG(s) 'example_short_circuit_decorator' retrieved from /home/airflow/.local/lib/python3.8/site-packages/airflow/example_dags/example_short_circuit_decorator.py
[2026-08-21T12:17:11.651+0000] {logging_mixin.py:188} INFO - [2026-08-21T12:17:11.651+0000] {dag.py:3036} INFO - Sync 1 DAGs
[2026-08-21T12:17:11.679+0000] {logging_mixin.py:188} INFO - [2026-08-21T12:17:11.679+0000] {dag.py:3823} INFO - Setting next_dagrun for example_short_circuit_decorator to 2026-08-20 00:00:00+00:00, run_after=2026-08-21 00:00:00+00:00
[2026-08-21T12:17:11.712+0000] {processor.py:183} INFO - Processing /home/airflow/.local/lib/python3.8/site-packages/airflow/example_dags/example_short_circuit_decorator.py took 0.112 seconds
[2026-08-21T12:17:41.857+0000] {processor.py:161} INFO - Started process (PID=5028) to work on /home/airflow/.local/lib/python3.8/site-packages/airflow/example_dags/example_short_circuit_decorator.py
[2026-08-21T12:17:41.858+0000] {processor.py:830} INFO - Processing file /home/airflow/.local/lib/python3.8/site-packages/airflow/example_dags/example_short_circuit_decorator.py for tasks to queue
[2026-08-21T12:17:41.861+0000] {logging_mixin.py:188} INFO - [2026-08-21T12:17:41.860+0000] {dagbag.py:538} INFO - Filling up the DagBag from /home/airflow/.local/lib/python3.8/site-packages/airflow/example_dags/example_short_circuit_decorator.py
[2026-08-21T12:17:41.872+0000] {processor.py:840} INFO - DAG(s) 'example_short_circuit_decorator' retrieved from /home/airflow/.local/lib/python3.8/site-packages/airflow/example_dags/example_short_circuit_decorator.py
[2026-08-21T12:17:41.896+0000] {logging_mixin.py:188} INFO - [2026-08-21T12:17:41.896+0000] {dag.py:3036} INFO - Sync 1 DAGs
[2026-08-21T12:17:41.918+0000] {logging_mixin.py:188} INFO - [2026-08-21T12:17:41.918+0000] {dag.py:3823} INFO - Setting next_dagrun for example_short_circuit_decorator to 2026-08-20 00:00:00+00:00, run_after=2026-08-21 00:00:00+00:00
[2026-08-21T12:17:41.938+0000] {processor.py:183} INFO - Processing /home/airflow/.local/lib/python3.8/site-packages/airflow/example_dags/example_short_circuit_decorator.py took 0.085 seconds
[2026-08-21T12:18:13.149+0000] {processor.py:161} INFO - Started process (PID=5115) to work on /home/airflow/.local/lib/python3.8/site-packages/airflow/example_dags/example_short_circuit_decorator.py
[2026-08-21T12:18:13.151+0000] {processor.py:830} INFO - Processing file /home/airflow/.local/lib/python3.8/site-packages/airflow/example_dags/example_short_circuit_decorator.py for tasks to queue
[2026-08-21T12:18:13.154+0000] {logging_mixin.py:188} INFO - [2026-08-21T12:18:13.153+0000] {dagbag.py:538} INFO - Filling up the DagBag from /home/airflow/.local/lib/python3.8/site-packages/airflow/example_dags/example_short_circuit_decorator.py
[2026-08-21T12:18:13.167+0000] {processor.py:840} INFO - DAG(s) 'example_short_circuit_decorator' retrieved from /home/airflow/.local/lib/python3.8/site-packages/airflow/example_dags/example_short_circuit_decorator.py
[2026-08-21T12:18:13.192+0000] {logging_mixin.py:188} INFO - [2026-08-21T12:18:13.191+0000] {dag.py:3036} INFO - Sync 1 DAGs
[2026-08-21T12:18:13.216+0000] {logging_mixin.py:188} INFO - [2026-08-21T12:18:13.216+0000] {dag.py:3823} INFO - Setting next_dagrun for example_short_circuit_decorator to 2026-08-20 00:00:00+00:00, run_after=2026-08-21 00:00:00+00:00
[2026-08-21T12:18:13.236+0000] {processor.py:183} INFO - Processing /home/airflow/.local/lib/python3.8/site-packages/airflow/example_dags/example_short_circuit_decorator.py took 0.094 seconds
[2026-08-21T12:18:43.612+0000] {processor.py:161} INFO - Started process (PID=5202) to work on /home/airflow/.local/lib/python3.8/site-packages/airflow/example_dags/example_short_circuit_decorator.py
[2026-08-21T12:18:43.613+0000] {processor.py:830} INFO - Processing file /home/airflow/.local/lib/python3.8/site-packages/airflow/example_dags/example_short_circuit_decorator.py for tasks to queue
[2026-08-21T12:18:43.615+0000] {logging_mixin.py:188} INFO - [2026-08-21T12:18:43.615+0000] {dagbag.py:538} INFO - Filling up the DagBag from /home/airflow/.local/lib/python3.8/site-packages/airflow/example_dags/example_short_circuit_decorator.py
[2026-08-21T12:18:43.624+0000] {processor.py:840} INFO - DAG(s) 'example_short_circuit_decorator' retrieved from /home/airflow/.local/lib/python3.8/site-packages/airflow/example_dags/example_short_circuit_decorator.py
[2026-08-21T12:18:43.646+0000] {logging_mixin.py:188} INFO - [2026-08-21T12:18:43.645+0000] {dag.py:3036} INFO - Sync 1 DAGs
[2026-08-21T12:18:43.666+0000] {logging_mixin.py:188} INFO - [2026-08-21T12:18:43.666+0000] {dag.py:3823} INFO - Setting next_dagrun for example_short_circuit_decorator to 2026-08-20 00:00:00+00:00, run_after=2026-08-21 00:00:00+00:00
[2026-08-21T12:18:43.685+0000] {processor.py:183} INFO - Processing /home/airflow/.local/lib/python3.8/site-packages/airflow/example_dags/example_short_circuit_decorator.py took 0.076 seconds
[2026-08-21T12:19:14.160+0000] {processor.py:161} INFO - Started process (PID=5289) to work on /home/airflow/.local/lib/python3.8/site-packages/airflow/example_dags/example_short_circuit_decorator.py
[2026-08-21T12:19:14.161+0000] {processor.py:830} INFO - Processing file /home/airflow/.local/lib/python3.8/site-packages/airflow/example_dags/example_short_circuit_decorator.py for tasks to queue
[2026-08-21T12:19:14.163+0000] {logging_mixin.py:188} INFO - [2026-08-21T12:19:14.163+0000] {dagbag.py:538} INFO - Filling up the DagBag from /home/airflow/.local/lib/python3.8/site-packages/airflow/example_dags/example_short_circuit_decorator.py
[2026-08-21T12:19:14.173+0000] {processor.py:840} INFO - DAG(s) 'example_short_circuit_decorator' retrieved from /home/airflow/.local/lib/python3.8/site-packages/airflow/example_dags/example_short_circuit_decorator.py
[2026-08-21T12:19:14.197+0000] {logging_mixin.py:188} INFO - [2026-08-21T12:19:14.196+0000] {dag.py:3036} INFO - Sync 1 DAGs
[2026-08-21T12:19:14.218+0000] {logging_mixin.py:188} INFO - [2026-08-21T12:19:14.218+0000] {dag.py:3823} INFO - Setting next_dagrun for example_short_circuit_decorator to 2026-08-20 00:00:00+00:00, run_after=2026-08-21 00:00:00+00:00
[2026-08-21T12:19:14.236+0000] {processor.py:183} INFO - Processing /home/airflow/.local/lib/python3.8/site-packages/airflow/example_dags/example_short_circuit_decorator.py took 0.081 seconds
[2026-08-21T12:19:44.495+0000] {processor.py:161} INFO - Started process (PID=5376) to work on /home/airflow/.local/lib/python3.8/site-packages/airflow/example_dags/example_short_circuit_decorator.py
[2026-08-21T12:19:44.496+0000] {processor.py:830} INFO - Processing file /home/airflow/.local/lib/python3.8/site-packages/airflow/example_dags/example_short_circuit_decorator.py for tasks to queue
[2026-08-21T12:19:44.498+0000] {logging_mixin.py:188} INFO - [2026-08-21T12:19:44.498+0000] {dagbag.py:538} INFO - Filling up the DagBag from /home/airflow/.local/lib/python3.8/site-packages/airflow/example_dags/example_short_circuit_decorator.py
[2026-08-21T12:19:44.510+0000] {processor.py:840} INFO - DAG(s) 'example_short_circuit_decorator' retrieved from /home/airflow/.local/lib/python3.8/site-packages/airflow/example_dags/example_short_circuit_decorator.py
[2026-08-21T12:19:44.536+0000] {logging_mixin.py:188} INFO - [2026-08-21T12:19:44.536+0000] {dag.py:3036} INFO - Sync 1 DAGs
[2026-08-21T12:19:44.566+0000] {logging_mixin.py:188} INFO - [2026-08-21T12:19:44.566+0000] {dag.py:3823} INFO - Setting next_dagrun for example_short_circuit_decorator to 2026-08-20 00:00:00+00:00, run_after=2026-08-21 00:00:00+00:00
[2026-08-21T12:19:44.587+0000] {processor.py:183} INFO - Processing /home/airflow/.local/lib/python3.8/site-packages/airflow/example_dags/example_short_circuit_decorator.py took 0.097 seconds
[2026-08-21T12:20:23.033+0000] {processor.py:161} INFO - Started process (PID=5469) to work on /home/airflow/.local/lib/python3.8/site-packages/airflow/example_dags/example_short_circuit_decorator.py
[2026-08-21T12:20:23.069+0000] {processor.py:830} INFO - Processing file /home/airflow/.local/lib/python3.8/site-packages/airflow/example_dags/example_short_circuit_decorator.py for tasks to queue
[2026-08-21T12:20:23.082+0000] {logging_mixin.py:188} INFO - [2026-08-21T12:20:23.081+0000] {dagbag.py:538} INFO - Filling up the DagBag from /home/airflow/.local/lib/python3.8/site-packages/airflow/example_dags/example_short_circuit_decorator.py
[2026-08-21T12:20:23.131+0000] {processor.py:840} INFO - DAG(s) 'example_short_circuit_decorator' retrieved from /home/airflow/.local/lib/python3.8/site-packages/airflow/example_dags/example_short_circuit_decorator.py
[2026-08-21T12:20:23.261+0000] {logging_mixin.py:188} INFO - [2026-08-21T12:20:23.260+0000] {dag.py:3036} INFO - Sync 1 DAGs
[2026-08-21T12:20:23.369+0000] {logging_mixin.py:188} INFO - [2026-08-21T12:20:23.369+0000] {dag.py:3823} INFO - Setting next_dagrun for example_short_circuit_decorator to 2026-08-20 00:00:00+00:00, run_after=2026-08-21 00:00:00+00:00
[2026-08-21T12:20:23.466+0000] {processor.py:183} INFO - Processing /home/airflow/.local/lib/python3.8/site-packages/airflow/example_dags/example_short_circuit_decorator.py took 0.454 seconds
[2026-08-21T12:20:56.115+0000] {processor.py:161} INFO - Started process (PID=5556) to work on /home/airflow/.local/lib/python3.8/site-packages/airflow/example_dags/example_short_circuit_decorator.py
[2026-08-21T12:20:56.118+0000] {processor.py:830} INFO - Processing file /home/airflow/.local/lib/python3.8/site-packages/airflow/example_dags/example_short_circuit_decorator.py for tasks to queue
[2026-08-21T12:20:56.132+0000] {logging_mixin.py:188} INFO - [2026-08-21T12:20:56.131+0000] {dagbag.py:538} INFO - Filling up the DagBag from /home/airflow/.local/lib/python3.8/site-packages/airflow/example_dags/example_short_circuit_decorator.py
[2026-08-21T12:20:56.181+0000] {processor.py:840} INFO - DAG(s) 'example_short_circuit_decorator' retrieved from /home/airflow/.local/lib/python3.8/site-packages/airflow/example_dags/example_short_circuit_decorator.py
[2026-08-21T12:20:56.267+0000] {logging_mixin.py:188} INFO - [2026-08-21T12:20:56.267+0000] {dag.py:3036} INFO - Sync 1 DAGs
[2026-08-21T12:20:56.331+0000] {logging_mixin.py:188} INFO - [2026-08-21T12:20:56.329+0000] {dag.py:3823} INFO - Setting next_dagrun for example_short_circuit_decorator to 2026-08-20 00:00:00+00:00, run_after=2026-08-21 00:00:00+00:00
[2026-08-21T12:20:56.432+0000] {processor.py:183} INFO - Processing /home/airflow/.local/lib/python3.8/site-packages/airflow/example_dags/example_short_circuit_decorator.py took 0.335 seconds
[2026-08-21T12:21:27.162+0000] {processor.py:161} INFO - Started process (PID=5642) to work on /home/airflow/.local/lib/python3.8/site-packages/airflow/example_dags/example_short_circuit_decorator.py
[2026-08-21T12:21:27.165+0000] {processor.py:830} INFO - Processing file /home/airflow/.local/lib/python3.8/site-packages/airflow/example_dags/example_short_circuit_decorator.py for tasks to queue
[2026-08-21T12:21:27.169+0000] {logging_mixin.py:188} INFO - [2026-08-21T12:21:27.168+0000] {dagbag.py:538} INFO - Filling up the DagBag from /home/airflow/.local/lib/python3.8/site-packages/airflow/example_dags/example_short_circuit_decorator.py
[2026-08-21T12:21:27.191+0000] {processor.py:840} INFO - DAG(s) 'example_short_circuit_decorator' retrieved from /home/airflow/.local/lib/python3.8/site-packages/airflow/example_dags/example_short_circuit_decorator.py
[2026-08-21T12:21:27.242+0000] {logging_mixin.py:188} INFO - [2026-08-21T12:21:27.241+0000] {dag.py:3036} INFO - Sync 1 DAGs
[2026-08-21T12:21:27.292+0000] {logging_mixin.py:188} INFO - [2026-08-21T12:21:27.291+0000] {dag.py:3823} INFO - Setting next_dagrun for example_short_circuit_decorator to 2026-08-20 00:00:00+00:00, run_after=2026-08-21 00:00:00+00:00
[2026-08-21T12:21:27.356+0000] {processor.py:183} INFO - Processing /home/airflow/.local/lib/python3.8/site-packages/airflow/example_dags/example_short_circuit_decorator.py took 0.201 seconds
[2026-08-21T12:21:57.823+0000] {processor.py:161} INFO - Started process (PID=5728) to work on /home/airflow/.local/lib/python3.8/site-packages/airflow/example_dags/example_short_circuit_decorator.py
[2026-08-21T12:21:57.825+0000] {processor.py:830} INFO - Processing file /home/airflow/.local/lib/python3.8/site-packages/airflow/example_dags/example_short_circuit_decorator.py for tasks to queue
[2026-08-21T12:21:57.828+0000] {logging_mixin.py:188} INFO - [2026-08-21T12:21:57.828+0000] {dagbag.py:538} INFO - Filling up the DagBag from /home/airflow/.local/lib/python3.8/site-packages/airflow/example_dags/example_short_circuit_decorator.py
[2026-08-21T12:21:57.839+0000] {processor.py:840} INFO - DAG(s) 'example_short_circuit_decorator' retrieved from /home/airflow/.local/lib/python3.8/site-packages/airflow/example_dags/example_short_circuit_decorator.py
[2026-08-21T12:21:57.862+0000] {logging_mixin.py:188} INFO - [2026-08-21T12:21:57.862+0000] {dag.py:3036} INFO - Sync 1 DAGs
[2026-08-21T12:21:57.893+0000] {logging_mixin.py:188} INFO - [2026-08-21T12:21:57.892+0000] {dag.py:3823} INFO - Setting next_dagrun for example_short_circuit_decorator to 2026-08-20 00:00:00+00:00, run_after=2026-08-21 00:00:00+00:00
[2026-08-21T12:21:57.946+0000] {processor.py:183} INFO - Processing /home/airflow/.local/lib/python3.8/site-packages/airflow/example_dags/example_short_circuit_decorator.py took 0.129 seconds
[2026-08-21T12:22:28.951+0000] {processor.py:161} INFO - Started process (PID=5817) to work on /home/airflow/.local/lib/python3.8/site-packages/airflow/example_dags/example_short_circuit_decorator.py
[2026-08-21T12:22:28.953+0000] {processor.py:830} INFO - Processing file /home/airflow/.local/lib/python3.8/site-packages/airflow/example_dags/example_short_circuit_decorator.py for tasks to queue
[2026-08-21T12:22:28.956+0000] {logging_mixin.py:188} INFO - [2026-08-21T12:22:28.955+0000] {dagbag.py:538} INFO - Filling up the DagBag from /home/airflow/.local/lib/python3.8/site-packages/airflow/example_dags/example_short_circuit_decorator.py
[2026-08-21T12:22:28.981+0000] {processor.py:840} INFO - DAG(s) 'example_short_circuit_decorator' retrieved from /home/airflow/.local/lib/python3.8/site-packages/airflow/example_dags/example_short_circuit_decorator.py
[2026-08-21T12:22:29.018+0000] {logging_mixin.py:188} INFO - [2026-08-21T12:22:29.018+0000] {dag.py:3036} INFO - Sync 1 DAGs
[2026-08-21T12:22:29.049+0000] {logging_mixin.py:188} INFO - [2026-08-21T12:22:29.049+0000] {dag.py:3823} INFO - Setting next_dagrun for example_short_circuit_decorator to 2026-08-20 00:00:00+00:00, run_after=2026-08-21 00:00:00+00:00
[2026-08-21T12:22:29.074+0000] {processor.py:183} INFO - Processing /home/airflow/.local/lib/python3.8/site-packages/airflow/example_dags/example_short_circuit_decorator.py took 0.127 seconds
[2026-08-21T12:22:59.218+0000] {processor.py:161} INFO - Started process (PID=5903) to work on /home/airflow/.local/lib/python3.8/site-packages/airflow/example_dags/example_short_circuit_decorator.py
[2026-08-21T12:22:59.219+0000] {processor.py:830} INFO - Processing file /home/airflow/.local/lib/python3.8/site-packages/airflow/example_dags/example_short_circuit_decorator.py for tasks to queue
[2026-08-21T12:22:59.222+0000] {logging_mixin.py:188} INFO - [2026-08-21T12:22:59.222+0000] {dagbag.py:538} INFO - Filling up the DagBag from /home/airflow/.local/lib/python3.8/site-packages/airflow/example_dags/example_short_circuit_decorator.py
[2026-08-21T12:22:59.240+0000] {processor.py:840} INFO - DAG(s) 'example_short_circuit_decorator' retrieved from /home/airflow/.local/lib/python3.8/site-packages/airflow/example_dags/example_short_circuit_decorator.py
[2026-08-21T12:22:59.274+0000] {logging_mixin.py:188} INFO - [2026-08-21T12:22:59.274+0000] {dag.py:3036} INFO - Sync 1 DAGs
[2026-08-21T12:22:59.303+0000] {logging_mixin.py:188} INFO - [2026-08-21T12:22:59.303+0000] {dag.py:3823} INFO - Setting next_dagrun for example_short_circuit_decorator to 2026-08-20 00:00:00+00:00, run_after=2026-08-21 00:00:00+00:00
[2026-08-21T12:22:59.373+0000] {processor.py:183} INFO - Processing /home/airflow/.local/lib/python3.8/site-packages/airflow/example_dags/example_short_circuit_decorator.py took 0.161 seconds
[2026-08-21T12:23:29.628+0000] {processor.py:161} INFO - Started process (PID=5990) to work on /home/airflow/.local/lib/python3.8/site-packages/airflow/example_dags/example_short_circuit_decorator.py
[2026-08-21T12:23:29.629+0000] {processor.py:830} INFO - Processing file /home/airflow/.local/lib/python3.8/site-packages/airflow/example_dags/example_short_circuit_decorator.py for tasks to queue
[2026-08-21T12:23:29.632+0000] {logging_mixin.py:188} INFO - [2026-08-21T12:23:29.632+0000] {dagbag.py:538} INFO - Filling up the DagBag from /home/airflow/.local/lib/python3.8/site-packages/airflow/example_dags/example_short_circuit_decorator.py
[2026-08-21T12:23:29.642+0000] {processor.py:840} INFO - DAG(s) 'example_short_circuit_decorator' retrieved from /home/airflow/.local/lib/python3.8/site-packages/airflow/example_dags/example_short_circuit_decorator.py
[2026-08-21T12:23:29.665+0000] {logging_mixin.py:188} INFO - [2026-08-21T12:23:29.664+0000] {dag.py:3036} INFO - Sync 1 DAGs
[2026-08-21T12:23:29.686+0000] {logging_mixin.py:188} INFO - [2026-08-21T12:23:29.686+0000] {dag.py:3823} INFO - Setting next_dagrun for example_short_circuit_decorator to 2026-08-20 00:00:00+00:00, run_after=2026-08-21 00:00:00+00:00
[2026-08-21T12:23:29.750+0000] {processor.py:183} INFO - Processing /home/airflow/.local/lib/python3.8/site-packages/airflow/example_dags/example_short_circuit_decorator.py took 0.130 seconds
[2026-08-21T12:24:00.017+0000] {processor.py:161} INFO - Started process (PID=6077) to work on /home/airflow/.local/lib/python3.8/site-packages/airflow/example_dags/example_short_circuit_decorator.py
[2026-08-21T12:24:00.019+0000] {processor.py:830} INFO - Processing file /home/airflow/.local/lib/python3.8/site-packages/airflow/example_dags/example_short_circuit_decorator.py for tasks to queue
[2026-08-21T12:24:00.023+0000] {logging_mixin.py:188} INFO - [2026-08-21T12:24:00.023+0000] {dagbag.py:538} INFO - Filling up the DagBag from /home/airflow/.local/lib/python3.8/site-packages/airflow/example_dags/example_short_circuit_decorator.py
[2026-08-21T12:24:00.034+0000] {processor.py:840} INFO - DAG(s) 'example_short_circuit_decorator' retrieved from /home/airflow/.local/lib/python3.8/site-packages/airflow/example_dags/example_short_circuit_decorator.py
[2026-08-21T12:24:00.064+0000] {logging_mixin.py:188} INFO - [2026-08-21T12:24:00.064+0000] {dag.py:3036} INFO - Sync 1 DAGs
[2026-08-21T12:24:00.093+0000] {logging_mixin.py:188} INFO - [2026-08-21T12:24:00.093+0000] {dag.py:3823} INFO - Setting next_dagrun for example_short_circuit_decorator to 2026-08-20 00:00:00+00:00, run_after=2026-08-21 00:00:00+00:00
[2026-08-21T12:24:00.124+0000] {processor.py:183} INFO - Processing /home/airflow/.local/lib/python3.8/site-packages/airflow/example_dags/example_short_circuit_decorator.py took 0.113 seconds
[2026-08-21T12:24:30.942+0000] {processor.py:161} INFO - Started process (PID=6164) to work on /home/airflow/.local/lib/python3.8/site-packages/airflow/example_dags/example_short_circuit_decorator.py
[2026-08-21T12:24:30.943+0000] {processor.py:830} INFO - Processing file /home/airflow/.local/lib/python3.8/site-packages/airflow/example_dags/example_short_circuit_decorator.py for tasks to queue
[2026-08-21T12:24:30.945+0000] {logging_mixin.py:188} INFO - [2026-08-21T12:24:30.945+0000] {dagbag.py:538} INFO - Filling up the DagBag from /home/airflow/.local/lib/python3.8/site-packages/airflow/example_dags/example_short_circuit_decorator.py
[2026-08-21T12:24:30.955+0000] {processor.py:840} INFO - DAG(s) 'example_short_circuit_decorator' retrieved from /home/airflow/.local/lib/python3.8/site-packages/airflow/example_dags/example_short_circuit_decorator.py
[2026-08-21T12:24:30.996+0000] {logging_mixin.py:188} INFO - [2026-08-21T12:24:30.996+0000] {dag.py:3036} INFO - Sync 1 DAGs
[2026-08-21T12:24:31.061+0000] {logging_mixin.py:188} INFO - [2026-08-21T12:24:31.061+0000] {dag.py:3823} INFO - Setting next_dagrun for example_short_circuit_decorator to 2026-08-20 00:00:00+00:00, run_after=2026-08-21 00:00:00+00:00
[2026-08-21T12:24:31.148+0000] {processor.py:183} INFO - Processing /home/airflow/.local/lib/python3.8/site-packages/airflow/example_dags/example_short_circuit_decorator.py took 0.210 seconds
[2026-08-21T12:25:01.651+0000] {processor.py:161} INFO - Started process (PID=6251) to work on /home/airflow/.local/lib/python3.8/site-packages/airflow/example_dags/example_short_circuit_decorator.py
[2026-08-21T12:25:01.652+0000] {processor.py:830} INFO - Processing file /home/airflow/.local/lib/python3.8/site-packages/airflow/example_dags/example_short_circuit_decorator.py for tasks to queue
[2026-08-21T12:25:01.655+0000] {logging_mixin.py:188} INFO - [2026-08-21T12:25:01.654+0000] {dagbag.py:538} INFO - Filling up the DagBag from /home/airflow/.local/lib/python3.8/site-packages/airflow/example_dags/example_short_circuit_decorator.py
[2026-08-21T12:25:01.663+0000] {processor.py:840} INFO - DAG(s) 'example_short_circuit_decorator' retrieved from /home/airflow/.local/lib/python3.8/site-packages/airflow/example_dags/example_short_circuit_decorator.py
[2026-08-21T12:25:01.686+0000] {logging_mixin.py:188} INFO - [2026-08-21T12:25:01.686+0000] {dag.py:3036} INFO - Sync 1 DAGs
[2026-08-21T12:25:01.707+0000] {logging_mixin.py:188} INFO - [2026-08-21T12:25:01.707+0000] {dag.py:3823} INFO - Setting next_dagrun for example_short_circuit_decorator to 2026-08-20 00:00:00+00:00, run_after=2026-08-21 00:00:00+00:00
[2026-08-21T12:25:01.777+0000] {processor.py:183} INFO - Processing /home/airflow/.local/lib/python3.8/site-packages/airflow/example_dags/example_short_circuit_decorator.py took 0.130 seconds
[2026-08-21T12:25:32.443+0000] {processor.py:161} INFO - Started process (PID=6338) to work on /home/airflow/.local/lib/python3.8/site-packages/airflow/example_dags/example_short_circuit_decorator.py
[2026-08-21T12:25:32.445+0000] {processor.py:830} INFO - Processing file /home/airflow/.local/lib/python3.8/site-packages/airflow/example_dags/example_short_circuit_decorator.py for tasks to queue
[2026-08-21T12:25:32.450+0000] {logging_mixin.py:188} INFO - [2026-08-21T12:25:32.450+0000] {dagbag.py:538} INFO - Filling up the DagBag from /home/airflow/.local/lib/python3.8/site-packages/airflow/example_dags/example_short_circuit_decorator.py
[2026-08-21T12:25:32.471+0000] {processor.py:840} INFO - DAG(s) 'example_short_circuit_decorator' retrieved from /home/airflow/.local/lib/python3.8/site-packages/airflow/example_dags/example_short_circuit_decorator.py
[2026-08-21T12:25:32.504+0000] {logging_mixin.py:188} INFO - [2026-08-21T12:25:32.503+0000] {dag.py:3036} INFO - Sync 1 DAGs
[2026-08-21T12:25:32.527+0000] {logging_mixin.py:188} INFO - [2026-08-21T12:25:32.527+0000] {dag.py:3823} INFO - Setting next_dagrun for example_short_circuit_decorator to 2026-08-20 00:00:00+00:00, run_after=2026-08-21 00:00:00+00:00
[2026-08-21T12:25:32.670+0000] {processor.py:183} INFO - Processing /home/airflow/.local/lib/python3.8/site-packages/airflow/example_dags/example_short_circuit_decorator.py took 0.234 seconds
[2026-08-21T12:26:03.604+0000] {processor.py:161} INFO - Started process (PID=6425) to work on /home/airflow/.local/lib/python3.8/site-packages/airflow/example_dags/example_short_circuit_decorator.py
[2026-08-21T12:26:03.606+0000] {processor.py:830} INFO - Processing file /home/airflow/.local/lib/python3.8/site-packages/airflow/example_dags/example_short_circuit_decorator.py for tasks to queue
[2026-08-21T12:26:03.608+0000] {logging_mixin.py:188} INFO - [2026-08-21T12:26:03.608+0000] {dagbag.py:538} INFO - Filling up the DagBag from /home/airflow/.local/lib/python3.8/site-packages/airflow/example_dags/example_short_circuit_decorator.py
[2026-08-21T12:26:03.618+0000] {processor.py:840} INFO - DAG(s) 'example_short_circuit_decorator' retrieved from /home/airflow/.local/lib/python3.8/site-packages/airflow/example_dags/example_short_circuit_decorator.py
[2026-08-21T12:26:03.640+0000] {logging_mixin.py:188} INFO - [2026-08-21T12:26:03.640+0000] {dag.py:3036} INFO - Sync 1 DAGs
[2026-08-21T12:26:03.662+0000] {logging_mixin.py:188} INFO - [2026-08-21T12:26:03.661+0000] {dag.py:3823} INFO - Setting next_dagrun for example_short_circuit_decorator to 2026-08-20 00:00:00+00:00, run_after=2026-08-21 00:00:00+00:00
[2026-08-21T12:26:03.682+0000] {processor.py:183} INFO - Processing /home/airflow/.local/lib/python3.8/site-packages/airflow/example_dags/example_short_circuit_decorator.py took 0.082 seconds
[2026-08-21T12:26:34.935+0000] {processor.py:161} INFO - Started process (PID=6512) to work on /home/airflow/.local/lib/python3.8/site-packages/airflow/example_dags/example_short_circuit_decorator.py
[2026-08-21T12:26:34.937+0000] {processor.py:830} INFO - Processing file /home/airflow/.local/lib/python3.8/site-packages/airflow/example_dags/example_short_circuit_decorator.py for tasks to queue
[2026-08-21T12:26:34.940+0000] {logging_mixin.py:188} INFO - [2026-08-21T12:26:34.940+0000] {dagbag.py:538} INFO - Filling up the DagBag from /home/airflow/.local/lib/python3.8/site-packages/airflow/example_dags/example_short_circuit_decorator.py
[2026-08-21T12:26:34.957+0000] {processor.py:840} INFO - DAG(s) 'example_short_circuit_decorator' retrieved from /home/airflow/.local/lib/python3.8/site-packages/airflow/example_dags/example_short_circuit_decorator.py
[2026-08-21T12:26:34.998+0000] {logging_mixin.py:188} INFO - [2026-08-21T12:26:34.998+0000] {dag.py:3036} INFO - Sync 1 DAGs
[2026-08-21T12:26:35.245+0000] {logging_mixin.py:188} INFO - [2026-08-21T12:26:35.245+0000] {dag.py:3823} INFO - Setting next_dagrun for example_short_circuit_decorator to 2026-08-20 00:00:00+00:00, run_after=2026-08-21 00:00:00+00:00
[2026-08-21T12:26:35.268+0000] {processor.py:183} INFO - Processing /home/airflow/.local/lib/python3.8/site-packages/airflow/example_dags/example_short_circuit_decorator.py took 0.337 seconds
[2026-08-21T12:27:05.535+0000] {processor.py:161} INFO - Started process (PID=6603) to work on /home/airflow/.local/lib/python3.8/site-packages/airflow/example_dags/example_short_circuit_decorator.py
[2026-08-21T12:27:05.537+0000] {processor.py:830} INFO - Processing file /home/airflow/.local/lib/python3.8/site-packages/airflow/example_dags/example_short_circuit_decorator.py for tasks to queue
[2026-08-21T12:27:05.543+0000] {logging_mixin.py:188} INFO - [2026-08-21T12:27:05.543+0000] {dagbag.py:538} INFO - Filling up the DagBag from /home/airflow/.local/lib/python3.8/site-packages/airflow/example_dags/example_short_circuit_decorator.py
[2026-08-21T12:27:05.555+0000] {processor.py:840} INFO - DAG(s) 'example_short_circuit_decorator' retrieved from /home/airflow/.local/lib/python3.8/site-packages/airflow/example_dags/example_short_circuit_decorator.py
[2026-08-21T12:27:05.582+0000] {logging_mixin.py:188} INFO - [2026-08-21T12:27:05.581+0000] {dag.py:3036} INFO - Sync 1 DAGs
[2026-08-21T12:27:05.605+0000] {logging_mixin.py:188} INFO - [2026-08-21T12:27:05.605+0000] {dag.py:3823} INFO - Setting next_dagrun for example_short_circuit_decorator to 2026-08-20 00:00:00+00:00, run_after=2026-08-21 00:00:00+00:00
[2026-08-21T12:27:05.627+0000] {processor.py:183} INFO - Processing /home/airflow/.local/lib/python3.8/site-packages/airflow/example_dags/example_short_circuit_decorator.py took 0.098 seconds
[2026-08-21T12:27:35.730+0000] {processor.py:161} INFO - Started process (PID=6690) to work on /home/airflow/.local/lib/python3.8/site-packages/airflow/example_dags/example_short_circuit_decorator.py
[2026-08-21T12:27:35.731+0000] {processor.py:830} INFO - Processing file /home/airflow/.local/lib/python3.8/site-packages/airflow/example_dags/example_short_circuit_decorator.py for tasks to queue
[2026-08-21T12:27:35.733+0000] {logging_mixin.py:188} INFO - [2026-08-21T12:27:35.733+0000] {dagbag.py:538} INFO - Filling up the DagBag from /home/airflow/.local/lib/python3.8/site-packages/airflow/example_dags/example_short_circuit_decorator.py
[2026-08-21T12:27:35.742+0000] {processor.py:840} INFO - DAG(s) 'example_short_circuit_decorator' retrieved from /home/airflow/.local/lib/python3.8/site-packages/airflow/example_dags/example_short_circuit_decorator.py
[2026-08-21T12:27:35.764+0000] {logging_mixin.py:188} INFO - [2026-08-21T12:27:35.764+0000] {dag.py:3036} INFO - Sync 1 DAGs
[2026-08-21T12:27:35.783+0000] {logging_mixin.py:188} INFO - [2026-08-21T12:27:35.783+0000] {dag.py:3823} INFO - Setting next_dagrun for example_short_circuit_decorator to 2026-08-20 00:00:00+00:00, run_after=2026-08-21 00:00:00+00:00
[2026-08-21T12:27:35.801+0000] {processor.py:183} INFO - Processing /home/airflow/.local/lib/python3.8/site-packages/airflow/example_dags/example_short_circuit_decorator.py took 0.074 seconds
[2026-08-21T12:28:05.870+0000] {processor.py:161} INFO - Started process (PID=6777) to work on /home/airflow/.local/lib/python3.8/site-packages/airflow/example_dags/example_short_circuit_decorator.py
[2026-08-21T12:28:05.871+0000] {processor.py:830} INFO - Processing file /home/airflow/.local/lib/python3.8/site-packages/airflow/example_dags/example_short_circuit_decorator.py for tasks to queue
[2026-08-21T12:28:05.873+0000] {logging_mixin.py:188} INFO - [2026-08-21T12:28:05.873+0000] {dagbag.py:538} INFO - Filling up the DagBag from /home/airflow/.local/lib/python3.8/site-packages/airflow/example_dags/example_short_circuit_decorator.py
[2026-08-21T12:28:05.882+0000] {processor.py:840} INFO - DAG(s) 'example_short_circuit_decorator' retrieved from /home/airflow/.local/lib/python3.8/site-packages/airflow/example_dags/example_short_circuit_decorator.py
[2026-08-21T12:28:05.904+0000] {logging_mixin.py:188} INFO - [2026-08-21T12:28:05.904+0000] {dag.py:3036} INFO - Sync 1 DAGs
[2026-08-21T12:28:05.923+0000] {logging_mixin.py:188} INFO - [2026-08-21T12:28:05.923+0000] {dag.py:3823} INFO - Setting next_dagrun for example_short_circuit_decorator to 2026-08-20 00:00:00+00:00, run_after=2026-08-21 00:00:00+00:00
[2026-08-21T12:28:05.940+0000] {processor.py:183} INFO - Processing /home/airflow/.local/lib/python3.8/site-packages/airflow/example_dags/example_short_circuit_decorator.py took 0.074 seconds
[2026-08-21T12:28:36.110+0000] {processor.py:161} INFO - Started process (PID=6864) to work on /home/airflow/.local/lib/python3.8/site-packages/airflow/example_dags/example_short_circuit_decorator.py
[2026-08-21T12:28:36.111+0000] {processor.py:830} INFO - Processing file /home/airflow/.local/lib/python3.8/site-packages/airflow/example_dags/example_short_circuit_decorator.py for tasks to queue
[2026-08-21T12:28:36.113+0000] {logging_mixin.py:188} INFO - [2026-08-21T12:28:36.112+0000] {dagbag.py:538} INFO - Filling up the DagBag from /home/airflow/.local/lib/python3.8/site-packages/airflow/example_dags/example_short_circuit_decorator.py
[2026-08-21T12:28:36.123+0000] {processor.py:840} INFO - DAG(s) 'example_short_circuit_decorator' retrieved from /home/airflow/.local/lib/python3.8/site-packages/airflow/example_dags/example_short_circuit_decorator.py
[2026-08-21T12:28:36.146+0000] {logging_mixin.py:188} INFO - [2026-08-21T12:28:36.145+0000] {dag.py:3036} INFO - Sync 1 DAGs
[2026-08-21T12:28:36.169+0000] {logging_mixin.py:188} INFO - [2026-08-21T12:28:36.169+0000] {dag.py:3823} INFO - Setting next_dagrun for example_short_circuit_decorator to 2026-08-20 00:00:00+00:00, run_after=2026-08-21 00:00:00+00:00
[2026-08-21T12:28:36.191+0000] {processor.py:183} INFO - Processing /home/airflow/.local/lib/python3.8/site-packages/airflow/example_dags/example_short_circuit_decorator.py took 0.085 seconds
[2026-08-21T12:29:07.440+0000] {processor.py:161} INFO - Started process (PID=6951) to work on /home/airflow/.local/lib/python3.8/site-packages/airflow/example_dags/example_short_circuit_decorator.py
[2026-08-21T12:29:07.445+0000] {processor.py:830} INFO - Processing file /home/airflow/.local/lib/python3.8/site-packages/airflow/example_dags/example_short_circuit_decorator.py for tasks to queue
[2026-08-21T12:29:07.448+0000] {logging_mixin.py:188} INFO - [2026-08-21T12:29:07.447+0000] {dagbag.py:538} INFO - Filling up the DagBag from /home/airflow/.local/lib/python3.8/site-packages/airflow/example_dags/example_short_circuit_decorator.py
[2026-08-21T12:29:07.464+0000] {processor.py:840} INFO - DAG(s) 'example_short_circuit_decorator' retrieved from /home/airflow/.local/lib/python3.8/site-packages/airflow/example_dags/example_short_circuit_decorator.py
[2026-08-21T12:29:07.507+0000] {logging_mixin.py:188} INFO - [2026-08-21T12:29:07.507+0000] {dag.py:3036} INFO - Sync 1 DAGs
[2026-08-21T12:29:07.545+0000] {logging_mixin.py:188} INFO - [2026-08-21T12:29:07.545+0000] {dag.py:3823} INFO - Setting next_dagrun for example_short_circuit_decorator to 2026-08-20 00:00:00+00:00, run_after=2026-08-21 00:00:00+00:00
[2026-08-21T12:29:07.581+0000] {processor.py:183} INFO - Processing /home/airflow/.local/lib/python3.8/site-packages/airflow/example_dags/example_short_circuit_decorator.py took 0.146 seconds
[2026-08-21T12:29:38.690+0000] {processor.py:161} INFO - Started process (PID=7038) to work on /home/airflow/.local/lib/python3.8/site-packages/airflow/example_dags/example_short_circuit_decorator.py
[2026-08-21T12:29:38.691+0000] {processor.py:830} INFO - Processing file /home/airflow/.local/lib/python3.8/site-packages/airflow/example_dags/example_short_circuit_decorator.py for tasks to queue
[2026-08-21T12:29:38.695+0000] {logging_mixin.py:188} INFO - [2026-08-21T12:29:38.694+0000] {dagbag.py:538} INFO - Filling up the DagBag from /home/airflow/.local/lib/python3.8/site-packages/airflow/example_dags/example_short_circuit_decorator.py
[2026-08-21T12:29:38.704+0000] {processor.py:840} INFO - DAG(s) 'example_short_circuit_decorator' retrieved from /home/airflow/.local/lib/python3.8/site-packages/airflow/example_dags/example_short_circuit_decorator.py
[2026-08-21T12:29:38.729+0000] {logging_mixin.py:188} INFO - [2026-08-21T12:29:38.729+0000] {dag.py:3036} INFO - Sync 1 DAGs
[2026-08-21T12:29:38.757+0000] {logging_mixin.py:188} INFO - [2026-08-21T12:29:38.756+0000] {dag.py:3823} INFO - Setting next_dagrun for example_short_circuit_decorator to 2026-08-20 00:00:00+00:00, run_after=2026-08-21 00:00:00+00:00
[2026-08-21T12:29:38.783+0000] {processor.py:183} INFO - Processing /home/airflow/.local/lib/python3.8/site-packages/airflow/example_dags/example_short_circuit_decorator.py took 0.098 seconds
[2026-08-21T12:30:09.738+0000] {processor.py:161} INFO - Started process (PID=7125) to work on /home/airflow/.local/lib/python3.8/site-packages/airflow/example_dags/example_short_circuit_decorator.py
[2026-08-21T12:30:09.740+0000] {processor.py:830} INFO - Processing file /home/airflow/.local/lib/python3.8/site-packages/airflow/example_dags/example_short_circuit_decorator.py for tasks to queue
[2026-08-21T12:30:09.742+0000] {logging_mixin.py:188} INFO - [2026-08-21T12:30:09.741+0000] {dagbag.py:538} INFO - Filling up the DagBag from /home/airflow/.local/lib/python3.8/site-packages/airflow/example_dags/example_short_circuit_decorator.py
[2026-08-21T12:30:09.751+0000] {processor.py:840} INFO - DAG(s) 'example_short_circuit_decorator' retrieved from /home/airflow/.local/lib/python3.8/site-packages/airflow/example_dags/example_short_circuit_decorator.py
[2026-08-21T12:30:09.775+0000] {logging_mixin.py:188} INFO - [2026-08-21T12:30:09.775+0000] {dag.py:3036} INFO - Sync 1 DAGs
[2026-08-21T12:30:09.800+0000] {logging_mixin.py:188} INFO - [2026-08-21T12:30:09.800+0000] {dag.py:3823} INFO - Setting next_dagrun for example_short_circuit_decorator to 2026-08-20 00:00:00+00:00, run_after=2026-08-21 00:00:00+00:00
[2026-08-21T12:30:09.821+0000] {processor.py:183} INFO - Processing /home/airflow/.local/lib/python3.8/site-packages/airflow/example_dags/example_short_circuit_decorator.py took 0.087 seconds
[2026-08-21T12:30:40.383+0000] {processor.py:161} INFO - Started process (PID=7212) to work on /home/airflow/.local/lib/python3.8/site-packages/airflow/example_dags/example_short_circuit_decorator.py
[2026-08-21T12:30:40.384+0000] {processor.py:830} INFO - Processing file /home/airflow/.local/lib/python3.8/site-packages/airflow/example_dags/example_short_circuit_decorator.py for tasks to queue
[2026-08-21T12:30:40.387+0000] {logging_mixin.py:188} INFO - [2026-08-21T12:30:40.386+0000] {dagbag.py:538} INFO - Filling up the DagBag from /home/airflow/.local/lib/python3.8/site-packages/airflow/example_dags/example_short_circuit_decorator.py
[2026-08-21T12:30:40.398+0000] {processor.py:840} INFO - DAG(s) 'example_short_circuit_decorator' retrieved from /home/airflow/.local/lib/python3.8/site-packages/airflow/example_dags/example_short_circuit_decorator.py
[2026-08-21T12:30:40.429+0000] {logging_mixin.py:188} INFO - [2026-08-21T12:30:40.429+0000] {dag.py:3036} INFO - Sync 1 DAGs
[2026-08-21T12:30:40.457+0000] {logging_mixin.py:188} INFO - [2026-08-21T12:30:40.457+0000] {dag.py:3823} INFO - Setting next_dagrun for example_short_circuit_decorator to 2026-08-20 00:00:00+00:00, run_after=2026-08-21 00:00:00+00:00
[2026-08-21T12:30:40.482+0000] {processor.py:183} INFO - Processing /home/airflow/.local/lib/python3.8/site-packages/airflow/example_dags/example_short_circuit_decorator.py took 0.103 seconds
[2026-08-21T12:31:10.980+0000] {processor.py:161} INFO - Started process (PID=7300) to work on /home/airflow/.local/lib/python3.8/site-packages/airflow/example_dags/example_short_circuit_decorator.py
[2026-08-21T12:31:10.982+0000] {processor.py:830} INFO - Processing file /home/airflow/.local/lib/python3.8/site-packages/airflow/example_dags/example_short_circuit_decorator.py for tasks to queue
[2026-08-21T12:31:10.984+0000] {logging_mixin.py:188} INFO - [2026-08-21T12:31:10.984+0000] {dagbag.py:538} INFO - Filling up the DagBag from /home/airflow/.local/lib/python3.8/site-packages/airflow/example_dags/example_short_circuit_decorator.py
[2026-08-21T12:31:10.997+0000] {processor.py:840} INFO - DAG(s) 'example_short_circuit_decorator' retrieved from /home/airflow/.local/lib/python3.8/site-packages/airflow/example_dags/example_short_circuit_decorator.py
[2026-08-21T12:31:11.025+0000] {logging_mixin.py:188} INFO - [2026-08-21T12:31:11.025+0000] {dag.py:3036} INFO - Sync 1 DAGs
[2026-08-21T12:31:11.055+0000] {logging_mixin.py:188} INFO - [2026-08-21T12:31:11.055+0000] {dag.py:3823} INFO - Setting next_dagrun for example_short_circuit_decorator to 2026-08-20 00:00:00+00:00, run_after=2026-08-21 00:00:00+00:00
[2026-08-21T12:31:11.077+0000] {processor.py:183} INFO - Processing /home/airflow/.local/lib/python3.8/site-packages/airflow/example_dags/example_short_circuit_decorator.py took 0.101 seconds
[2026-08-21T12:31:41.923+0000] {processor.py:161} INFO - Started process (PID=7387) to work on /home/airflow/.local/lib/python3.8/site-packages/airflow/example_dags/example_short_circuit_decorator.py
[2026-08-21T12:31:41.924+0000] {processor.py:830} INFO - Processing file /home/airflow/.local/lib/python3.8/site-packages/airflow/example_dags/example_short_circuit_decorator.py for tasks to queue
[2026-08-21T12:31:41.928+0000] {logging_mixin.py:188} INFO - [2026-08-21T12:31:41.927+0000] {dagbag.py:538} INFO - Filling up the DagBag from /home/airflow/.local/lib/python3.8/site-packages/airflow/example_dags/example_short_circuit_decorator.py
[2026-08-21T12:31:41.946+0000] {processor.py:840} INFO - DAG(s) 'example_short_circuit_decorator' retrieved from /home/airflow/.local/lib/python3.8/site-packages/airflow/example_dags/example_short_circuit_decorator.py
[2026-08-21T12:31:41.973+0000] {logging_mixin.py:188} INFO - [2026-08-21T12:31:41.973+0000] {dag.py:3036} INFO - Sync 1 DAGs
[2026-08-21T12:31:41.998+0000] {logging_mixin.py:188} INFO - [2026-08-21T12:31:41.998+0000] {dag.py:3823} INFO - Setting next_dagrun for example_short_circuit_decorator to 2026-08-20 00:00:00+00:00, run_after=2026-08-21 00:00:00+00:00
[2026-08-21T12:31:42.023+0000] {processor.py:183} INFO - Processing /home/airflow/.local/lib/python3.8/site-packages/airflow/example_dags/example_short_circuit_decorator.py took 0.109 seconds
