[2026-08-21T11:43:26.546+0000] {processor.py:161} INFO - Started process (PID=139) to work on /home/airflow/.local/lib/python3.8/site-packages/airflow/example_dags/example_skip_dag.py
[2026-08-21T11:43:26.550+0000] {processor.py:830} INFO - Processing file /home/airflow/.local/lib/python3.8/site-packages/airflow/example_dags/example_skip_dag.py for tasks to queue
[2026-08-21T11:43:26.553+0000] {logging_mixin.py:188} INFO - [2026-08-21T11:43:26.552+0000] {dagbag.py:538} INFO - Filling up the DagBag from /home/airflow/.local/lib/python3.8/site-packages/airflow/example_dags/example_skip_dag.py
[2026-08-21T11:43:26.567+0000] {processor.py:840} INFO - DAG(s) 'example_skip_dag' retrieved from /home/airflow/.local/lib/python3.8/site-packages/airflow/example_dags/example_skip_dag.py
[2026-08-21T11:43:26.747+0000] {logging_mixin.py:188} INFO - [2026-08-21T11:43:26.746+0000] {dag.py:3036} INFO - Sync 1 DAGs
[2026-08-21T11:43:26.780+0000] {logging_mixin.py:188} INFO - [2026-08-21T11:43:26.780+0000] {dag.py:3823} INFO - Setting next_dagrun for example_skip_dag to 2026-08-20 00:00:00+00:00, run_after=2026-08-21 00:00:00+00:00
[2026-08-21T11:43:26.822+0000] {processor.py:183} INFO - Processing /home/airflow/.local/lib/python3.8/site-packages/airflow/example_dags/example_skip_dag.py took 0.283 seconds
[2026-08-21T11:43:57.420+0000] {processor.py:161} INFO - Started process (PID=225) to work on /home/airflow/.local/lib/python3.8/site-packages/airflow/example_dags/example_skip_dag.py
[2026-08-21T11:43:57.422+0000] {processor.py:830} INFO - Processing file /home/airflow/.local/lib/python3.8/site-packages/airflow/example_dags/example_skip_dag.py for tasks to queue
[2026-08-21T11:43:57.426+0000] {logging_mixin.py:188} INFO - [2026-08-21T11:43:57.425+0000] {dagbag.py:538} INFO - Filling up the DagBag from /home/airflow/.local/lib/python3.8/site-packages/airflow/example_dags/example_skip_dag.py
[2026-08-21T11:43:57.437+0000] {processor.py:840} INFO - DAG(s) 'example_skip_dag' retrieved from /home/airflow/.local/lib/python3.8/site-packages/airflow/example_dags/example_skip_dag.py
[2026-08-21T11:43:57.472+0000] {logging_mixin.py:188} INFO - [2026-08-21T11:43:57.472+0000] {dag.py:3036} INFO - Sync 1 DAGs
[2026-08-21T11:43:57.502+0000] {logging_mixin.py:188} INFO - [2026-08-21T11:43:57.501+0000] {dag.py:3823} INFO - Setting next_dagrun for example_skip_dag to 2026-08-20 00:00:00+00:00, run_after=2026-08-21 00:00:00+00:00
[2026-08-21T11:43:57.536+0000] {processor.py:183} INFO - Processing /home/airflow/.local/lib/python3.8/site-packages/airflow/example_dags/example_skip_dag.py took 0.121 seconds
[2026-08-21T11:44:27.679+0000] {processor.py:161} INFO - Started process (PID=311) to work on /home/airflow/.local/lib/python3.8/site-packages/airflow/example_dags/example_skip_dag.py
[2026-08-21T11:44:27.680+0000] {processor.py:830} INFO - Processing file /home/airflow/.local/lib/python3.8/site-packages/airflow/example_dags/example_skip_dag.py for tasks to queue
[2026-08-21T11:44:27.683+0000] {logging_mixin.py:188} INFO - [2026-08-21T11:44:27.683+0000] {dagbag.py:538} INFO - Filling up the DagBag from /home/airflow/.local/lib/python3.8/site-packages/airflow/example_dags/example_skip_dag.py
[2026-08-21T11:44:27.691+0000] {processor.py:840} INFO - DAG(s) 'example_skip_dag' retrieved from /home/airflow/.local/lib/python3.8/site-packages/airflow/example_dags/example_skip_dag.py
[2026-08-21T11:44:27.703+0000] {logging_mixin.py:188} INFO - [2026-08-21T11:44:27.703+0000] {dag.py:3036} INFO - Sync 1 DAGs
[2026-08-21T11:44:27.725+0000] {logging_mixin.py:188} INFO - [2026-08-21T11:44:27.725+0000] {dag.py:3823} INFO - Setting next_dagrun for example_skip_dag to 2026-08-20 00:00:00+00:00, run_after=2026-08-21 00:00:00+00:00
[2026-08-21T11:44:27.743+0000] {processor.py:183} INFO - Processing /home/airflow/.local/lib/python3.8/site-packages/airflow/example_dags/example_skip_dag.py took 0.068 seconds
[2026-08-21T11:45:02.694+0000] {processor.py:161} INFO - Started process (PID=406) to work on /home/airflow/.local/lib/python3.8/site-packages/airflow/example_dags/example_skip_dag.py
[2026-08-21T11:45:02.696+0000] {processor.py:830} INFO - Processing file /home/airflow/.local/lib/python3.8/site-packages/airflow/example_dags/example_skip_dag.py for tasks to queue
[2026-08-21T11:45:02.701+0000] {logging_mixin.py:188} INFO - [2026-08-21T11:45:02.700+0000] {dagbag.py:538} INFO - Filling up the DagBag from /home/airflow/.local/lib/python3.8/site-packages/airflow/example_dags/example_skip_dag.py
[2026-08-21T11:45:02.714+0000] {processor.py:840} INFO - DAG(s) 'example_skip_dag' retrieved from /home/airflow/.local/lib/python3.8/site-packages/airflow/example_dags/example_skip_dag.py
[2026-08-21T11:45:02.739+0000] {logging_mixin.py:188} INFO - [2026-08-21T11:45:02.739+0000] {dag.py:3036} INFO - Sync 1 DAGs
[2026-08-21T11:45:02.778+0000] {logging_mixin.py:188} INFO - [2026-08-21T11:45:02.778+0000] {dag.py:3823} INFO - Setting next_dagrun for example_skip_dag to 2026-08-20 00:00:00+00:00, run_after=2026-08-21 00:00:00+00:00
[2026-08-21T11:45:02.847+0000] {processor.py:183} INFO - Processing /home/airflow/.local/lib/python3.8/site-packages/airflow/example_dags/example_skip_dag.py took 0.161 seconds
[2026-08-21T11:45:33.399+0000] {processor.py:161} INFO - Started process (PID=496) to work on /home/airflow/.local/lib/python3.8/site-packages/airflow/example_dags/example_skip_dag.py
[2026-08-21T11:45:33.401+0000] {processor.py:830} INFO - Processing file /home/airflow/.local/lib/python3.8/site-packages/airflow/example_dags/example_skip_dag.py for tasks to queue
[2026-08-21T11:45:33.404+0000] {logging_mixin.py:188} INFO - [2026-08-21T11:45:33.403+0000] {dagbag.py:538} INFO - Filling up the DagBag from /home/airflow/.local/lib/python3.8/site-packages/airflow/example_dags/example_skip_dag.py
[2026-08-21T11:45:33.413+0000] {processor.py:840} INFO - DAG(s) 'example_skip_dag' retrieved from /home/airflow/.local/lib/python3.8/site-packages/airflow/example_dags/example_skip_dag.py
[2026-08-21T11:45:33.536+0000] {logging_mixin.py:188} INFO - [2026-08-21T11:45:33.535+0000] {dag.py:3036} INFO - Sync 1 DAGs
[2026-08-21T11:45:33.563+0000] {logging_mixin.py:188} INFO - [2026-08-21T11:45:33.562+0000] {dag.py:3823} INFO - Setting next_dagrun for example_skip_dag to 2026-08-20 00:00:00+00:00, run_after=2026-08-21 00:00:00+00:00
[2026-08-21T11:45:33.585+0000] {processor.py:183} INFO - Processing /home/airflow/.local/lib/python3.8/site-packages/airflow/example_dags/example_skip_dag.py took 0.191 seconds
[2026-08-21T11:46:04.534+0000] {processor.py:161} INFO - Started process (PID=582) to work on /home/airflow/.local/lib/python3.8/site-packages/airflow/example_dags/example_skip_dag.py
[2026-08-21T11:46:04.535+0000] {processor.py:830} INFO - Processing file /home/airflow/.local/lib/python3.8/site-packages/airflow/example_dags/example_skip_dag.py for tasks to queue
[2026-08-21T11:46:04.537+0000] {logging_mixin.py:188} INFO - [2026-08-21T11:46:04.537+0000] {dagbag.py:538} INFO - Filling up the DagBag from /home/airflow/.local/lib/python3.8/site-packages/airflow/example_dags/example_skip_dag.py
[2026-08-21T11:46:04.544+0000] {processor.py:840} INFO - DAG(s) 'example_skip_dag' retrieved from /home/airflow/.local/lib/python3.8/site-packages/airflow/example_dags/example_skip_dag.py
[2026-08-21T11:46:04.557+0000] {logging_mixin.py:188} INFO - [2026-08-21T11:46:04.557+0000] {dag.py:3036} INFO - Sync 1 DAGs
[2026-08-21T11:46:04.578+0000] {logging_mixin.py:188} INFO - [2026-08-21T11:46:04.578+0000] {dag.py:3823} INFO - Setting next_dagrun for example_skip_dag to 2026-08-20 00:00:00+00:00, run_after=2026-08-21 00:00:00+00:00
[2026-08-21T11:46:04.598+0000] {processor.py:183} INFO - Processing /home/airflow/.local/lib/python3.8/site-packages/airflow/example_dags/example_skip_dag.py took 0.067 seconds
[2026-08-21T11:46:34.922+0000] {processor.py:161} INFO - Started process (PID=673) to work on /home/airflow/.local/lib/python3.8/site-packages/airflow/example_dags/example_skip_dag.py
[2026-08-21T11:46:34.924+0000] {processor.py:830} INFO - Processing file /home/airflow/.local/lib/python3.8/site-packages/airflow/example_dags/example_skip_dag.py for tasks to queue
[2026-08-21T11:46:34.926+0000] {logging_mixin.py:188} INFO - [2026-08-21T11:46:34.925+0000] {dagbag.py:538} INFO - Filling up the DagBag from /home/airflow/.local/lib/python3.8/site-packages/airflow/example_dags/example_skip_dag.py
[2026-08-21T11:46:34.932+0000] {processor.py:840} INFO - DAG(s) 'example_skip_dag' retrieved from /home/airflow/.local/lib/python3.8/site-packages/airflow/example_dags/example_skip_dag.py
[2026-08-21T11:46:34.946+0000] {logging_mixin.py:188} INFO - [2026-08-21T11:46:34.946+0000] {dag.py:3036} INFO - Sync 1 DAGs
[2026-08-21T11:46:34.968+0000] {logging_mixin.py:188} INFO - [2026-08-21T11:46:34.968+0000] {dag.py:3823} INFO - Setting next_dagrun for example_skip_dag to 2026-08-20 00:00:00+00:00, run_after=2026-08-21 00:00:00+00:00
[2026-08-21T11:46:34.992+0000] {processor.py:183} INFO - Processing /home/airflow/.local/lib/python3.8/site-packages/airflow/example_dags/example_skip_dag.py took 0.073 seconds
[2026-08-21T11:47:07.846+0000] {processor.py:161} INFO - Started process (PID=758) to work on /home/airflow/.local/lib/python3.8/site-packages/airflow/example_dags/example_skip_dag.py
[2026-08-21T11:47:07.848+0000] {processor.py:830} INFO - Processing file /home/airflow/.local/lib/python3.8/site-packages/airflow/example_dags/example_skip_dag.py for tasks to queue
[2026-08-21T11:47:07.850+0000] {logging_mixin.py:188} INFO - [2026-08-21T11:47:07.850+0000] {dagbag.py:538} INFO - Filling up the DagBag from /home/airflow/.local/lib/python3.8/site-packages/airflow/example_dags/example_skip_dag.py
[2026-08-21T11:47:07.858+0000] {processor.py:840} INFO - DAG(s) 'example_skip_dag' retrieved from /home/airflow/.local/lib/python3.8/site-packages/airflow/example_dags/example_skip_dag.py
[2026-08-21T11:47:08.188+0000] {logging_mixin.py:188} INFO - [2026-08-21T11:47:08.188+0000] {dag.py:3036} INFO - Sync 1 DAGs
[2026-08-21T11:47:08.208+0000] {logging_mixin.py:188} INFO - [2026-08-21T11:47:08.208+0000] {dag.py:3823} INFO - Setting next_dagrun for example_skip_dag to 2026-08-20 00:00:00+00:00, run_after=2026-08-21 00:00:00+00:00
[2026-08-21T11:47:08.232+0000] {processor.py:183} INFO - Processing /home/airflow/.local/lib/python3.8/site-packages/airflow/example_dags/example_skip_dag.py took 0.391 seconds
[2026-08-21T11:47:38.938+0000] {processor.py:161} INFO - Started process (PID=844) to work on /home/airflow/.local/lib/python3.8/site-packages/airflow/example_dags/example_skip_dag.py
[2026-08-21T11:47:38.939+0000] {processor.py:830} INFO - Processing file /home/airflow/.local/lib/python3.8/site-packages/airflow/example_dags/example_skip_dag.py for tasks to queue
[2026-08-21T11:47:38.941+0000] {logging_mixin.py:188} INFO - [2026-08-21T11:47:38.941+0000] {dagbag.py:538} INFO - Filling up the DagBag from /home/airflow/.local/lib/python3.8/site-packages/airflow/example_dags/example_skip_dag.py
[2026-08-21T11:47:38.949+0000] {processor.py:840} INFO - DAG(s) 'example_skip_dag' retrieved from /home/airflow/.local/lib/python3.8/site-packages/airflow/example_dags/example_skip_dag.py
[2026-08-21T11:47:38.972+0000] {logging_mixin.py:188} INFO - [2026-08-21T11:47:38.972+0000] {dag.py:3036} INFO - Sync 1 DAGs
[2026-08-21T11:47:38.993+0000] {logging_mixin.py:188} INFO - [2026-08-21T11:47:38.993+0000] {dag.py:3823} INFO - Setting next_dagrun for example_skip_dag to 2026-08-20 00:00:00+00:00, run_after=2026-08-21 00:00:00+00:00
[2026-08-21T11:47:39.048+0000] {processor.py:183} INFO - Processing /home/airflow/.local/lib/python3.8/site-packages/airflow/example_dags/example_skip_dag.py took 0.115 seconds
[2026-08-21T11:48:09.695+0000] {processor.py:161} INFO - Started process (PID=933) to work on /home/airflow/.local/lib/python3.8/site-packages/airflow/example_dags/example_skip_dag.py
[2026-08-21T11:48:09.697+0000] {processor.py:830} INFO - Processing file /home/airflow/.local/lib/python3.8/site-packages/airflow/example_dags/example_skip_dag.py for tasks to queue
[2026-08-21T11:48:09.699+0000] {logging_mixin.py:188} INFO - [2026-08-21T11:48:09.699+0000] {dagbag.py:538} INFO - Filling up the DagBag from /home/airflow/.local/lib/python3.8/site-packages/airflow/example_dags/example_skip_dag.py
[2026-08-21T11:48:09.706+0000] {processor.py:840} INFO - DAG(s) 'example_skip_dag' retrieved from /home/airflow/.local/lib/python3.8/site-packages/airflow/example_dags/example_skip_dag.py
[2026-08-21T11:48:09.730+0000] {logging_mixin.py:188} INFO - [2026-08-21T11:48:09.730+0000] {dag.py:3036} INFO - Sync 1 DAGs
[2026-08-21T11:48:09.753+0000] {logging_mixin.py:188} INFO - [2026-08-21T11:48:09.752+0000] {dag.py:3823} INFO - Setting next_dagrun for example_skip_dag to 2026-08-20 00:00:00+00:00, run_after=2026-08-21 00:00:00+00:00
[2026-08-21T11:48:09.829+0000] {processor.py:183} INFO - Processing /home/airflow/.local/lib/python3.8/site-packages/airflow/example_dags/example_skip_dag.py took 0.138 seconds
[2026-08-21T11:48:47.073+0000] {processor.py:161} INFO - Started process (PID=108) to work on /home/airflow/.local/lib/python3.8/site-packages/airflow/example_dags/example_skip_dag.py
[2026-08-21T11:48:47.074+0000] {processor.py:830} INFO - Processing file /home/airflow/.local/lib/python3.8/site-packages/airflow/example_dags/example_skip_dag.py for tasks to queue
[2026-08-21T11:48:47.077+0000] {logging_mixin.py:188} INFO - [2026-08-21T11:48:47.077+0000] {dagbag.py:538} INFO - Filling up the DagBag from /home/airflow/.local/lib/python3.8/site-packages/airflow/example_dags/example_skip_dag.py
[2026-08-21T11:48:47.083+0000] {processor.py:840} INFO - DAG(s) 'example_skip_dag' retrieved from /home/airflow/.local/lib/python3.8/site-packages/airflow/example_dags/example_skip_dag.py
[2026-08-21T11:48:47.104+0000] {logging_mixin.py:188} INFO - [2026-08-21T11:48:47.104+0000] {dag.py:3036} INFO - Sync 1 DAGs
[2026-08-21T11:48:47.125+0000] {logging_mixin.py:188} INFO - [2026-08-21T11:48:47.125+0000] {dag.py:3823} INFO - Setting next_dagrun for example_skip_dag to 2026-08-20 00:00:00+00:00, run_after=2026-08-21 00:00:00+00:00
[2026-08-21T11:48:47.213+0000] {processor.py:183} INFO - Processing /home/airflow/.local/lib/python3.8/site-packages/airflow/example_dags/example_skip_dag.py took 0.143 seconds
[2026-08-21T11:49:18.491+0000] {processor.py:161} INFO - Started process (PID=196) to work on /home/airflow/.local/lib/python3.8/site-packages/airflow/example_dags/example_skip_dag.py
[2026-08-21T11:49:18.492+0000] {processor.py:830} INFO - Processing file /home/airflow/.local/lib/python3.8/site-packages/airflow/example_dags/example_skip_dag.py for tasks to queue
[2026-08-21T11:49:18.494+0000] {logging_mixin.py:188} INFO - [2026-08-21T11:49:18.494+0000] {dagbag.py:538} INFO - Filling up the DagBag from /home/airflow/.local/lib/python3.8/site-packages/airflow/example_dags/example_skip_dag.py
[2026-08-21T11:49:18.501+0000] {processor.py:840} INFO - DAG(s) 'example_skip_dag' retrieved from /home/airflow/.local/lib/python3.8/site-packages/airflow/example_dags/example_skip_dag.py
[2026-08-21T11:49:18.523+0000] {logging_mixin.py:188} INFO - [2026-08-21T11:49:18.522+0000] {dag.py:3036} INFO - Sync 1 DAGs
[2026-08-21T11:49:18.543+0000] {logging_mixin.py:188} INFO - [2026-08-21T11:49:18.543+0000] {dag.py:3823} INFO - Setting next_dagrun for example_skip_dag to 2026-08-20 00:00:00+00:00, run_after=2026-08-21 00:00:00+00:00
[2026-08-21T11:49:18.596+0000] {processor.py:183} INFO - Processing /home/airflow/.local/lib/python3.8/site-packages/airflow/example_dags/example_skip_dag.py took 0.109 seconds
[2026-08-21T11:49:48.693+0000] {processor.py:161} INFO - Started process (PID=285) to work on /home/airflow/.local/lib/python3.8/site-packages/airflow/example_dags/example_skip_dag.py
[2026-08-21T11:49:48.694+0000] {processor.py:830} INFO - Processing file /home/airflow/.local/lib/python3.8/site-packages/airflow/example_dags/example_skip_dag.py for tasks to queue
[2026-08-21T11:49:48.696+0000] {logging_mixin.py:188} INFO - [2026-08-21T11:49:48.696+0000] {dagbag.py:538} INFO - Filling up the DagBag from /home/airflow/.local/lib/python3.8/site-packages/airflow/example_dags/example_skip_dag.py
[2026-08-21T11:49:48.705+0000] {processor.py:840} INFO - DAG(s) 'example_skip_dag' retrieved from /home/airflow/.local/lib/python3.8/site-packages/airflow/example_dags/example_skip_dag.py
[2026-08-21T11:49:48.728+0000] {logging_mixin.py:188} INFO - [2026-08-21T11:49:48.727+0000] {dag.py:3036} INFO - Sync 1 DAGs
[2026-08-21T11:49:48.751+0000] {logging_mixin.py:188} INFO - [2026-08-21T11:49:48.751+0000] {dag.py:3823} INFO - Setting next_dagrun for example_skip_dag to 2026-08-20 00:00:00+00:00, run_after=2026-08-21 00:00:00+00:00
[2026-08-21T11:49:48.770+0000] {processor.py:183} INFO - Processing /home/airflow/.local/lib/python3.8/site-packages/airflow/example_dags/example_skip_dag.py took 0.081 seconds
[2026-08-21T11:50:19.536+0000] {processor.py:161} INFO - Started process (PID=373) to work on /home/airflow/.local/lib/python3.8/site-packages/airflow/example_dags/example_skip_dag.py
[2026-08-21T11:50:19.538+0000] {processor.py:830} INFO - Processing file /home/airflow/.local/lib/python3.8/site-packages/airflow/example_dags/example_skip_dag.py for tasks to queue
[2026-08-21T11:50:19.540+0000] {logging_mixin.py:188} INFO - [2026-08-21T11:50:19.540+0000] {dagbag.py:538} INFO - Filling up the DagBag from /home/airflow/.local/lib/python3.8/site-packages/airflow/example_dags/example_skip_dag.py
[2026-08-21T11:50:19.547+0000] {processor.py:840} INFO - DAG(s) 'example_skip_dag' retrieved from /home/airflow/.local/lib/python3.8/site-packages/airflow/example_dags/example_skip_dag.py
[2026-08-21T11:50:19.571+0000] {logging_mixin.py:188} INFO - [2026-08-21T11:50:19.570+0000] {dag.py:3036} INFO - Sync 1 DAGs
[2026-08-21T11:50:19.594+0000] {logging_mixin.py:188} INFO - [2026-08-21T11:50:19.594+0000] {dag.py:3823} INFO - Setting next_dagrun for example_skip_dag to 2026-08-20 00:00:00+00:00, run_after=2026-08-21 00:00:00+00:00
[2026-08-21T11:50:19.613+0000] {processor.py:183} INFO - Processing /home/airflow/.local/lib/python3.8/site-packages/airflow/example_dags/example_skip_dag.py took 0.080 seconds
[2026-08-21T11:50:51.714+0000] {processor.py:161} INFO - Started process (PID=461) to work on /home/airflow/.local/lib/python3.8/site-packages/airflow/example_dags/example_skip_dag.py
[2026-08-21T11:50:51.716+0000] {processor.py:830} INFO - Processing file /home/airflow/.local/lib/python3.8/site-packages/airflow/example_dags/example_skip_dag.py for tasks to queue
[2026-08-21T11:50:51.719+0000] {logging_mixin.py:188} INFO - [2026-08-21T11:50:51.719+0000] {dagbag.py:538} INFO - Filling up the DagBag from /home/airflow/.local/lib/python3.8/site-packages/airflow/example_dags/example_skip_dag.py
[2026-08-21T11:50:51.727+0000] {processor.py:840} INFO - DAG(s) 'example_skip_dag' retrieved from /home/airflow/.local/lib/python3.8/site-packages/airflow/example_dags/example_skip_dag.py
[2026-08-21T11:50:51.756+0000] {logging_mixin.py:188} INFO - [2026-08-21T11:50:51.756+0000] {dag.py:3036} INFO - Sync 1 DAGs
[2026-08-21T11:50:51.782+0000] {logging_mixin.py:188} INFO - [2026-08-21T11:50:51.781+0000] {dag.py:3823} INFO - Setting next_dagrun for example_skip_dag to 2026-08-20 00:00:00+00:00, run_after=2026-08-21 00:00:00+00:00
[2026-08-21T11:50:51.809+0000] {processor.py:183} INFO - Processing /home/airflow/.local/lib/python3.8/site-packages/airflow/example_dags/example_skip_dag.py took 0.099 seconds
[2026-08-21T11:51:22.607+0000] {processor.py:161} INFO - Started process (PID=549) to work on /home/airflow/.local/lib/python3.8/site-packages/airflow/example_dags/example_skip_dag.py
[2026-08-21T11:51:22.610+0000] {processor.py:830} INFO - Processing file /home/airflow/.local/lib/python3.8/site-packages/airflow/example_dags/example_skip_dag.py for tasks to queue
[2026-08-21T11:51:22.613+0000] {logging_mixin.py:188} INFO - [2026-08-21T11:51:22.613+0000] {dagbag.py:538} INFO - Filling up the DagBag from /home/airflow/.local/lib/python3.8/site-packages/airflow/example_dags/example_skip_dag.py
[2026-08-21T11:51:22.620+0000] {processor.py:840} INFO - DAG(s) 'example_skip_dag' retrieved from /home/airflow/.local/lib/python3.8/site-packages/airflow/example_dags/example_skip_dag.py
[2026-08-21T11:51:22.643+0000] {logging_mixin.py:188} INFO - [2026-08-21T11:51:22.642+0000] {dag.py:3036} INFO - Sync 1 DAGs
[2026-08-21T11:51:22.663+0000] {logging_mixin.py:188} INFO - [2026-08-21T11:51:22.662+0000] {dag.py:3823} INFO - Setting next_dagrun for example_skip_dag to 2026-08-20 00:00:00+00:00, run_after=2026-08-21 00:00:00+00:00
[2026-08-21T11:51:22.682+0000] {processor.py:183} INFO - Processing /home/airflow/.local/lib/python3.8/site-packages/airflow/example_dags/example_skip_dag.py took 0.082 seconds
[2026-08-21T11:51:53.196+0000] {processor.py:161} INFO - Started process (PID=637) to work on /home/airflow/.local/lib/python3.8/site-packages/airflow/example_dags/example_skip_dag.py
[2026-08-21T11:51:53.198+0000] {processor.py:830} INFO - Processing file /home/airflow/.local/lib/python3.8/site-packages/airflow/example_dags/example_skip_dag.py for tasks to queue
[2026-08-21T11:51:53.201+0000] {logging_mixin.py:188} INFO - [2026-08-21T11:51:53.200+0000] {dagbag.py:538} INFO - Filling up the DagBag from /home/airflow/.local/lib/python3.8/site-packages/airflow/example_dags/example_skip_dag.py
[2026-08-21T11:51:53.208+0000] {processor.py:840} INFO - DAG(s) 'example_skip_dag' retrieved from /home/airflow/.local/lib/python3.8/site-packages/airflow/example_dags/example_skip_dag.py
[2026-08-21T11:51:53.230+0000] {logging_mixin.py:188} INFO - [2026-08-21T11:51:53.229+0000] {dag.py:3036} INFO - Sync 1 DAGs
[2026-08-21T11:51:53.252+0000] {logging_mixin.py:188} INFO - [2026-08-21T11:51:53.252+0000] {dag.py:3823} INFO - Setting next_dagrun for example_skip_dag to 2026-08-20 00:00:00+00:00, run_after=2026-08-21 00:00:00+00:00
[2026-08-21T11:51:53.275+0000] {processor.py:183} INFO - Processing /home/airflow/.local/lib/python3.8/site-packages/airflow/example_dags/example_skip_dag.py took 0.083 seconds
[2026-08-21T11:52:23.949+0000] {processor.py:161} INFO - Started process (PID=725) to work on /home/airflow/.local/lib/python3.8/site-packages/airflow/example_dags/example_skip_dag.py
[2026-08-21T11:52:23.950+0000] {processor.py:830} INFO - Processing file /home/airflow/.local/lib/python3.8/site-packages/airflow/example_dags/example_skip_dag.py for tasks to queue
[2026-08-21T11:52:23.953+0000] {logging_mixin.py:188} INFO - [2026-08-21T11:52:23.952+0000] {dagbag.py:538} INFO - Filling up the DagBag from /home/airflow/.local/lib/python3.8/site-packages/airflow/example_dags/example_skip_dag.py
[2026-08-21T11:52:23.959+0000] {processor.py:840} INFO - DAG(s) 'example_skip_dag' retrieved from /home/airflow/.local/lib/python3.8/site-packages/airflow/example_dags/example_skip_dag.py
[2026-08-21T11:52:23.982+0000] {logging_mixin.py:188} INFO - [2026-08-21T11:52:23.981+0000] {dag.py:3036} INFO - Sync 1 DAGs
[2026-08-21T11:52:24.002+0000] {logging_mixin.py:188} INFO - [2026-08-21T11:52:24.002+0000] {dag.py:3823} INFO - Setting next_dagrun for example_skip_dag to 2026-08-20 00:00:00+00:00, run_after=2026-08-21 00:00:00+00:00
[2026-08-21T11:52:24.022+0000] {processor.py:183} INFO - Processing /home/airflow/.local/lib/python3.8/site-packages/airflow/example_dags/example_skip_dag.py took 0.077 seconds
[2026-08-21T11:52:54.522+0000] {processor.py:161} INFO - Started process (PID=813) to work on /home/airflow/.local/lib/python3.8/site-packages/airflow/example_dags/example_skip_dag.py
[2026-08-21T11:52:54.523+0000] {processor.py:830} INFO - Processing file /home/airflow/.local/lib/python3.8/site-packages/airflow/example_dags/example_skip_dag.py for tasks to queue
[2026-08-21T11:52:54.525+0000] {logging_mixin.py:188} INFO - [2026-08-21T11:52:54.525+0000] {dagbag.py:538} INFO - Filling up the DagBag from /home/airflow/.local/lib/python3.8/site-packages/airflow/example_dags/example_skip_dag.py
[2026-08-21T11:52:54.531+0000] {processor.py:840} INFO - DAG(s) 'example_skip_dag' retrieved from /home/airflow/.local/lib/python3.8/site-packages/airflow/example_dags/example_skip_dag.py
[2026-08-21T11:52:54.552+0000] {logging_mixin.py:188} INFO - [2026-08-21T11:52:54.552+0000] {dag.py:3036} INFO - Sync 1 DAGs
[2026-08-21T11:52:54.571+0000] {logging_mixin.py:188} INFO - [2026-08-21T11:52:54.571+0000] {dag.py:3823} INFO - Setting next_dagrun for example_skip_dag to 2026-08-20 00:00:00+00:00, run_after=2026-08-21 00:00:00+00:00
[2026-08-21T11:52:54.588+0000] {processor.py:183} INFO - Processing /home/airflow/.local/lib/python3.8/site-packages/airflow/example_dags/example_skip_dag.py took 0.070 seconds
[2026-08-21T11:53:25.167+0000] {processor.py:161} INFO - Started process (PID=901) to work on /home/airflow/.local/lib/python3.8/site-packages/airflow/example_dags/example_skip_dag.py
[2026-08-21T11:53:25.169+0000] {processor.py:830} INFO - Processing file /home/airflow/.local/lib/python3.8/site-packages/airflow/example_dags/example_skip_dag.py for tasks to queue
[2026-08-21T11:53:25.172+0000] {logging_mixin.py:188} INFO - [2026-08-21T11:53:25.172+0000] {dagbag.py:538} INFO - Filling up the DagBag from /home/airflow/.local/lib/python3.8/site-packages/airflow/example_dags/example_skip_dag.py
[2026-08-21T11:53:25.179+0000] {processor.py:840} INFO - DAG(s) 'example_skip_dag' retrieved from /home/airflow/.local/lib/python3.8/site-packages/airflow/example_dags/example_skip_dag.py
[2026-08-21T11:53:25.199+0000] {logging_mixin.py:188} INFO - [2026-08-21T11:53:25.199+0000] {dag.py:3036} INFO - Sync 1 DAGs
[2026-08-21T11:53:25.218+0000] {logging_mixin.py:188} INFO - [2026-08-21T11:53:25.218+0000] {dag.py:3823} INFO - Setting next_dagrun for example_skip_dag to 2026-08-20 00:00:00+00:00, run_after=2026-08-21 00:00:00+00:00
[2026-08-21T11:53:25.234+0000] {processor.py:183} INFO - Processing /home/airflow/.local/lib/python3.8/site-packages/airflow/example_dags/example_skip_dag.py took 0.072 seconds
[2026-08-21T11:53:55.714+0000] {processor.py:161} INFO - Started process (PID=988) to work on /home/airflow/.local/lib/python3.8/site-packages/airflow/example_dags/example_skip_dag.py
[2026-08-21T11:53:55.716+0000] {processor.py:830} INFO - Processing file /home/airflow/.local/lib/python3.8/site-packages/airflow/example_dags/example_skip_dag.py for tasks to queue
[2026-08-21T11:53:55.718+0000] {logging_mixin.py:188} INFO - [2026-08-21T11:53:55.717+0000] {dagbag.py:538} INFO - Filling up the DagBag from /home/airflow/.local/lib/python3.8/site-packages/airflow/example_dags/example_skip_dag.py
[2026-08-21T11:53:55.725+0000] {processor.py:840} INFO - DAG(s) 'example_skip_dag' retrieved from /home/airflow/.local/lib/python3.8/site-packages/airflow/example_dags/example_skip_dag.py
[2026-08-21T11:53:55.750+0000] {logging_mixin.py:188} INFO - [2026-08-21T11:53:55.750+0000] {dag.py:3036} INFO - Sync 1 DAGs
[2026-08-21T11:53:55.776+0000] {logging_mixin.py:188} INFO - [2026-08-21T11:53:55.776+0000] {dag.py:3823} INFO - Setting next_dagrun for example_skip_dag to 2026-08-20 00:00:00+00:00, run_after=2026-08-21 00:00:00+00:00
[2026-08-21T11:53:55.804+0000] {processor.py:183} INFO - Processing /home/airflow/.local/lib/python3.8/site-packages/airflow/example_dags/example_skip_dag.py took 0.093 seconds
[2026-08-21T11:54:26.992+0000] {processor.py:161} INFO - Started process (PID=1075) to work on /home/airflow/.local/lib/python3.8/site-packages/airflow/example_dags/example_skip_dag.py
[2026-08-21T11:54:26.993+0000] {processor.py:830} INFO - Processing file /home/airflow/.local/lib/python3.8/site-packages/airflow/example_dags/example_skip_dag.py for tasks to queue
[2026-08-21T11:54:26.996+0000] {logging_mixin.py:188} INFO - [2026-08-21T11:54:26.995+0000] {dagbag.py:538} INFO - Filling up the DagBag from /home/airflow/.local/lib/python3.8/site-packages/airflow/example_dags/example_skip_dag.py
[2026-08-21T11:54:27.004+0000] {processor.py:840} INFO - DAG(s) 'example_skip_dag' retrieved from /home/airflow/.local/lib/python3.8/site-packages/airflow/example_dags/example_skip_dag.py
[2026-08-21T11:54:27.026+0000] {logging_mixin.py:188} INFO - [2026-08-21T11:54:27.026+0000] {dag.py:3036} INFO - Sync 1 DAGs
[2026-08-21T11:54:27.047+0000] {logging_mixin.py:188} INFO - [2026-08-21T11:54:27.047+0000] {dag.py:3823} INFO - Setting next_dagrun for example_skip_dag to 2026-08-20 00:00:00+00:00, run_after=2026-08-21 00:00:00+00:00
[2026-08-21T11:54:27.066+0000] {processor.py:183} INFO - Processing /home/airflow/.local/lib/python3.8/site-packages/airflow/example_dags/example_skip_dag.py took 0.078 seconds
[2026-08-21T11:54:58.367+0000] {processor.py:161} INFO - Started process (PID=1162) to work on /home/airflow/.local/lib/python3.8/site-packages/airflow/example_dags/example_skip_dag.py
[2026-08-21T11:54:58.369+0000] {processor.py:830} INFO - Processing file /home/airflow/.local/lib/python3.8/site-packages/airflow/example_dags/example_skip_dag.py for tasks to queue
[2026-08-21T11:54:58.371+0000] {logging_mixin.py:188} INFO - [2026-08-21T11:54:58.370+0000] {dagbag.py:538} INFO - Filling up the DagBag from /home/airflow/.local/lib/python3.8/site-packages/airflow/example_dags/example_skip_dag.py
[2026-08-21T11:54:58.378+0000] {processor.py:840} INFO - DAG(s) 'example_skip_dag' retrieved from /home/airflow/.local/lib/python3.8/site-packages/airflow/example_dags/example_skip_dag.py
[2026-08-21T11:54:58.401+0000] {logging_mixin.py:188} INFO - [2026-08-21T11:54:58.401+0000] {dag.py:3036} INFO - Sync 1 DAGs
[2026-08-21T11:54:58.424+0000] {logging_mixin.py:188} INFO - [2026-08-21T11:54:58.424+0000] {dag.py:3823} INFO - Setting next_dagrun for example_skip_dag to 2026-08-20 00:00:00+00:00, run_after=2026-08-21 00:00:00+00:00
[2026-08-21T11:54:58.447+0000] {processor.py:183} INFO - Processing /home/airflow/.local/lib/python3.8/site-packages/airflow/example_dags/example_skip_dag.py took 0.084 seconds
[2026-08-21T11:55:28.826+0000] {processor.py:161} INFO - Started process (PID=1250) to work on /home/airflow/.local/lib/python3.8/site-packages/airflow/example_dags/example_skip_dag.py
[2026-08-21T11:55:28.828+0000] {processor.py:830} INFO - Processing file /home/airflow/.local/lib/python3.8/site-packages/airflow/example_dags/example_skip_dag.py for tasks to queue
[2026-08-21T11:55:28.830+0000] {logging_mixin.py:188} INFO - [2026-08-21T11:55:28.830+0000] {dagbag.py:538} INFO - Filling up the DagBag from /home/airflow/.local/lib/python3.8/site-packages/airflow/example_dags/example_skip_dag.py
[2026-08-21T11:55:28.840+0000] {processor.py:840} INFO - DAG(s) 'example_skip_dag' retrieved from /home/airflow/.local/lib/python3.8/site-packages/airflow/example_dags/example_skip_dag.py
[2026-08-21T11:55:28.865+0000] {logging_mixin.py:188} INFO - [2026-08-21T11:55:28.865+0000] {dag.py:3036} INFO - Sync 1 DAGs
[2026-08-21T11:55:28.887+0000] {logging_mixin.py:188} INFO - [2026-08-21T11:55:28.887+0000] {dag.py:3823} INFO - Setting next_dagrun for example_skip_dag to 2026-08-20 00:00:00+00:00, run_after=2026-08-21 00:00:00+00:00
[2026-08-21T11:55:28.907+0000] {processor.py:183} INFO - Processing /home/airflow/.local/lib/python3.8/site-packages/airflow/example_dags/example_skip_dag.py took 0.085 seconds
[2026-08-21T11:56:00.033+0000] {processor.py:161} INFO - Started process (PID=1337) to work on /home/airflow/.local/lib/python3.8/site-packages/airflow/example_dags/example_skip_dag.py
[2026-08-21T11:56:00.034+0000] {processor.py:830} INFO - Processing file /home/airflow/.local/lib/python3.8/site-packages/airflow/example_dags/example_skip_dag.py for tasks to queue
[2026-08-21T11:56:00.036+0000] {logging_mixin.py:188} INFO - [2026-08-21T11:56:00.035+0000] {dagbag.py:538} INFO - Filling up the DagBag from /home/airflow/.local/lib/python3.8/site-packages/airflow/example_dags/example_skip_dag.py
[2026-08-21T11:56:00.042+0000] {processor.py:840} INFO - DAG(s) 'example_skip_dag' retrieved from /home/airflow/.local/lib/python3.8/site-packages/airflow/example_dags/example_skip_dag.py
[2026-08-21T11:56:00.065+0000] {logging_mixin.py:188} INFO - [2026-08-21T11:56:00.065+0000] {dag.py:3036} INFO - Sync 1 DAGs
[2026-08-21T11:56:00.087+0000] {logging_mixin.py:188} INFO - [2026-08-21T11:56:00.086+0000] {dag.py:3823} INFO - Setting next_dagrun for example_skip_dag to 2026-08-20 00:00:00+00:00, run_after=2026-08-21 00:00:00+00:00
[2026-08-21T11:56:00.107+0000] {processor.py:183} INFO - Processing /home/airflow/.local/lib/python3.8/site-packages/airflow/example_dags/example_skip_dag.py took 0.080 seconds
[2026-08-21T11:56:31.018+0000] {processor.py:161} INFO - Started process (PID=1424) to work on /home/airflow/.local/lib/python3.8/site-packages/airflow/example_dags/example_skip_dag.py
[2026-08-21T11:56:31.021+0000] {processor.py:830} INFO - Processing file /home/airflow/.local/lib/python3.8/site-packages/airflow/example_dags/example_skip_dag.py for tasks to queue
[2026-08-21T11:56:31.025+0000] {logging_mixin.py:188} INFO - [2026-08-21T11:56:31.024+0000] {dagbag.py:538} INFO - Filling up the DagBag from /home/airflow/.local/lib/python3.8/site-packages/airflow/example_dags/example_skip_dag.py
[2026-08-21T11:56:31.032+0000] {processor.py:840} INFO - DAG(s) 'example_skip_dag' retrieved from /home/airflow/.local/lib/python3.8/site-packages/airflow/example_dags/example_skip_dag.py
[2026-08-21T11:56:31.060+0000] {logging_mixin.py:188} INFO - [2026-08-21T11:56:31.060+0000] {dag.py:3036} INFO - Sync 1 DAGs
[2026-08-21T11:56:31.084+0000] {logging_mixin.py:188} INFO - [2026-08-21T11:56:31.084+0000] {dag.py:3823} INFO - Setting next_dagrun for example_skip_dag to 2026-08-20 00:00:00+00:00, run_after=2026-08-21 00:00:00+00:00
[2026-08-21T11:56:31.112+0000] {processor.py:183} INFO - Processing /home/airflow/.local/lib/python3.8/site-packages/airflow/example_dags/example_skip_dag.py took 0.097 seconds
[2026-08-21T11:57:03.941+0000] {processor.py:161} INFO - Started process (PID=1511) to work on /home/airflow/.local/lib/python3.8/site-packages/airflow/example_dags/example_skip_dag.py
[2026-08-21T11:57:03.942+0000] {processor.py:830} INFO - Processing file /home/airflow/.local/lib/python3.8/site-packages/airflow/example_dags/example_skip_dag.py for tasks to queue
[2026-08-21T11:57:03.944+0000] {logging_mixin.py:188} INFO - [2026-08-21T11:57:03.944+0000] {dagbag.py:538} INFO - Filling up the DagBag from /home/airflow/.local/lib/python3.8/site-packages/airflow/example_dags/example_skip_dag.py
[2026-08-21T11:57:03.952+0000] {processor.py:840} INFO - DAG(s) 'example_skip_dag' retrieved from /home/airflow/.local/lib/python3.8/site-packages/airflow/example_dags/example_skip_dag.py
[2026-08-21T11:57:03.978+0000] {logging_mixin.py:188} INFO - [2026-08-21T11:57:03.978+0000] {dag.py:3036} INFO - Sync 1 DAGs
[2026-08-21T11:57:04.006+0000] {logging_mixin.py:188} INFO - [2026-08-21T11:57:04.005+0000] {dag.py:3823} INFO - Setting next_dagrun for example_skip_dag to 2026-08-20 00:00:00+00:00, run_after=2026-08-21 00:00:00+00:00
[2026-08-21T11:57:04.035+0000] {processor.py:183} INFO - Processing /home/airflow/.local/lib/python3.8/site-packages/airflow/example_dags/example_skip_dag.py took 0.098 seconds
[2026-08-21T11:57:35.136+0000] {processor.py:161} INFO - Started process (PID=1599) to work on /home/airflow/.local/lib/python3.8/site-packages/airflow/example_dags/example_skip_dag.py
[2026-08-21T11:57:35.138+0000] {processor.py:830} INFO - Processing file /home/airflow/.local/lib/python3.8/site-packages/airflow/example_dags/example_skip_dag.py for tasks to queue
[2026-08-21T11:57:35.142+0000] {logging_mixin.py:188} INFO - [2026-08-21T11:57:35.141+0000] {dagbag.py:538} INFO - Filling up the DagBag from /home/airflow/.local/lib/python3.8/site-packages/airflow/example_dags/example_skip_dag.py
[2026-08-21T11:57:35.157+0000] {processor.py:840} INFO - DAG(s) 'example_skip_dag' retrieved from /home/airflow/.local/lib/python3.8/site-packages/airflow/example_dags/example_skip_dag.py
[2026-08-21T11:57:35.180+0000] {logging_mixin.py:188} INFO - [2026-08-21T11:57:35.180+0000] {dag.py:3036} INFO - Sync 1 DAGs
[2026-08-21T11:57:35.221+0000] {logging_mixin.py:188} INFO - [2026-08-21T11:57:35.220+0000] {dag.py:3823} INFO - Setting next_dagrun for example_skip_dag to 2026-08-20 00:00:00+00:00, run_after=2026-08-21 00:00:00+00:00
[2026-08-21T11:57:35.258+0000] {processor.py:183} INFO - Processing /home/airflow/.local/lib/python3.8/site-packages/airflow/example_dags/example_skip_dag.py took 0.130 seconds
[2026-08-21T11:58:05.783+0000] {processor.py:161} INFO - Started process (PID=1686) to work on /home/airflow/.local/lib/python3.8/site-packages/airflow/example_dags/example_skip_dag.py
[2026-08-21T11:58:05.785+0000] {processor.py:830} INFO - Processing file /home/airflow/.local/lib/python3.8/site-packages/airflow/example_dags/example_skip_dag.py for tasks to queue
[2026-08-21T11:58:05.790+0000] {logging_mixin.py:188} INFO - [2026-08-21T11:58:05.789+0000] {dagbag.py:538} INFO - Filling up the DagBag from /home/airflow/.local/lib/python3.8/site-packages/airflow/example_dags/example_skip_dag.py
[2026-08-21T11:58:05.801+0000] {processor.py:840} INFO - DAG(s) 'example_skip_dag' retrieved from /home/airflow/.local/lib/python3.8/site-packages/airflow/example_dags/example_skip_dag.py
[2026-08-21T11:58:05.820+0000] {logging_mixin.py:188} INFO - [2026-08-21T11:58:05.820+0000] {dag.py:3036} INFO - Sync 1 DAGs
[2026-08-21T11:58:05.861+0000] {logging_mixin.py:188} INFO - [2026-08-21T11:58:05.861+0000] {dag.py:3823} INFO - Setting next_dagrun for example_skip_dag to 2026-08-20 00:00:00+00:00, run_after=2026-08-21 00:00:00+00:00
[2026-08-21T11:58:05.902+0000] {processor.py:183} INFO - Processing /home/airflow/.local/lib/python3.8/site-packages/airflow/example_dags/example_skip_dag.py took 0.126 seconds
[2026-08-21T11:58:39.526+0000] {processor.py:161} INFO - Started process (PID=1773) to work on /home/airflow/.local/lib/python3.8/site-packages/airflow/example_dags/example_skip_dag.py
[2026-08-21T11:58:39.527+0000] {processor.py:830} INFO - Processing file /home/airflow/.local/lib/python3.8/site-packages/airflow/example_dags/example_skip_dag.py for tasks to queue
[2026-08-21T11:58:39.530+0000] {logging_mixin.py:188} INFO - [2026-08-21T11:58:39.530+0000] {dagbag.py:538} INFO - Filling up the DagBag from /home/airflow/.local/lib/python3.8/site-packages/airflow/example_dags/example_skip_dag.py
[2026-08-21T11:58:39.544+0000] {processor.py:840} INFO - DAG(s) 'example_skip_dag' retrieved from /home/airflow/.local/lib/python3.8/site-packages/airflow/example_dags/example_skip_dag.py
[2026-08-21T11:58:39.569+0000] {logging_mixin.py:188} INFO - [2026-08-21T11:58:39.568+0000] {dag.py:3036} INFO - Sync 1 DAGs
[2026-08-21T11:58:39.611+0000] {logging_mixin.py:188} INFO - [2026-08-21T11:58:39.611+0000] {dag.py:3823} INFO - Setting next_dagrun for example_skip_dag to 2026-08-20 00:00:00+00:00, run_after=2026-08-21 00:00:00+00:00
[2026-08-21T11:58:39.659+0000] {processor.py:183} INFO - Processing /home/airflow/.local/lib/python3.8/site-packages/airflow/example_dags/example_skip_dag.py took 0.140 seconds
[2026-08-21T11:59:09.912+0000] {processor.py:161} INFO - Started process (PID=1860) to work on /home/airflow/.local/lib/python3.8/site-packages/airflow/example_dags/example_skip_dag.py
[2026-08-21T11:59:09.914+0000] {processor.py:830} INFO - Processing file /home/airflow/.local/lib/python3.8/site-packages/airflow/example_dags/example_skip_dag.py for tasks to queue
[2026-08-21T11:59:09.917+0000] {logging_mixin.py:188} INFO - [2026-08-21T11:59:09.916+0000] {dagbag.py:538} INFO - Filling up the DagBag from /home/airflow/.local/lib/python3.8/site-packages/airflow/example_dags/example_skip_dag.py
[2026-08-21T11:59:09.929+0000] {processor.py:840} INFO - DAG(s) 'example_skip_dag' retrieved from /home/airflow/.local/lib/python3.8/site-packages/airflow/example_dags/example_skip_dag.py
[2026-08-21T11:59:10.036+0000] {logging_mixin.py:188} INFO - [2026-08-21T11:59:10.035+0000] {dag.py:3036} INFO - Sync 1 DAGs
[2026-08-21T11:59:10.055+0000] {logging_mixin.py:188} INFO - [2026-08-21T11:59:10.054+0000] {dag.py:3823} INFO - Setting next_dagrun for example_skip_dag to 2026-08-20 00:00:00+00:00, run_after=2026-08-21 00:00:00+00:00
[2026-08-21T11:59:10.076+0000] {processor.py:183} INFO - Processing /home/airflow/.local/lib/python3.8/site-packages/airflow/example_dags/example_skip_dag.py took 0.169 seconds
[2026-08-21T11:59:40.200+0000] {processor.py:161} INFO - Started process (PID=1947) to work on /home/airflow/.local/lib/python3.8/site-packages/airflow/example_dags/example_skip_dag.py
[2026-08-21T11:59:40.202+0000] {processor.py:830} INFO - Processing file /home/airflow/.local/lib/python3.8/site-packages/airflow/example_dags/example_skip_dag.py for tasks to queue
[2026-08-21T11:59:40.207+0000] {logging_mixin.py:188} INFO - [2026-08-21T11:59:40.206+0000] {dagbag.py:538} INFO - Filling up the DagBag from /home/airflow/.local/lib/python3.8/site-packages/airflow/example_dags/example_skip_dag.py
[2026-08-21T11:59:40.219+0000] {processor.py:840} INFO - DAG(s) 'example_skip_dag' retrieved from /home/airflow/.local/lib/python3.8/site-packages/airflow/example_dags/example_skip_dag.py
[2026-08-21T11:59:40.246+0000] {logging_mixin.py:188} INFO - [2026-08-21T11:59:40.245+0000] {dag.py:3036} INFO - Sync 1 DAGs
[2026-08-21T11:59:40.270+0000] {logging_mixin.py:188} INFO - [2026-08-21T11:59:40.270+0000] {dag.py:3823} INFO - Setting next_dagrun for example_skip_dag to 2026-08-20 00:00:00+00:00, run_after=2026-08-21 00:00:00+00:00
[2026-08-21T11:59:40.292+0000] {processor.py:183} INFO - Processing /home/airflow/.local/lib/python3.8/site-packages/airflow/example_dags/example_skip_dag.py took 0.097 seconds
[2026-08-21T12:00:10.588+0000] {processor.py:161} INFO - Started process (PID=2035) to work on /home/airflow/.local/lib/python3.8/site-packages/airflow/example_dags/example_skip_dag.py
[2026-08-21T12:00:10.589+0000] {processor.py:830} INFO - Processing file /home/airflow/.local/lib/python3.8/site-packages/airflow/example_dags/example_skip_dag.py for tasks to queue
[2026-08-21T12:00:10.592+0000] {logging_mixin.py:188} INFO - [2026-08-21T12:00:10.592+0000] {dagbag.py:538} INFO - Filling up the DagBag from /home/airflow/.local/lib/python3.8/site-packages/airflow/example_dags/example_skip_dag.py
[2026-08-21T12:00:10.601+0000] {processor.py:840} INFO - DAG(s) 'example_skip_dag' retrieved from /home/airflow/.local/lib/python3.8/site-packages/airflow/example_dags/example_skip_dag.py
[2026-08-21T12:00:10.632+0000] {logging_mixin.py:188} INFO - [2026-08-21T12:00:10.632+0000] {dag.py:3036} INFO - Sync 1 DAGs
[2026-08-21T12:00:10.662+0000] {logging_mixin.py:188} INFO - [2026-08-21T12:00:10.661+0000] {dag.py:3823} INFO - Setting next_dagrun for example_skip_dag to 2026-08-20 00:00:00+00:00, run_after=2026-08-21 00:00:00+00:00
[2026-08-21T12:00:10.683+0000] {processor.py:183} INFO - Processing /home/airflow/.local/lib/python3.8/site-packages/airflow/example_dags/example_skip_dag.py took 0.098 seconds
[2026-08-21T12:00:41.074+0000] {processor.py:161} INFO - Started process (PID=2122) to work on /home/airflow/.local/lib/python3.8/site-packages/airflow/example_dags/example_skip_dag.py
[2026-08-21T12:00:41.075+0000] {processor.py:830} INFO - Processing file /home/airflow/.local/lib/python3.8/site-packages/airflow/example_dags/example_skip_dag.py for tasks to queue
[2026-08-21T12:00:41.078+0000] {logging_mixin.py:188} INFO - [2026-08-21T12:00:41.077+0000] {dagbag.py:538} INFO - Filling up the DagBag from /home/airflow/.local/lib/python3.8/site-packages/airflow/example_dags/example_skip_dag.py
[2026-08-21T12:00:41.086+0000] {processor.py:840} INFO - DAG(s) 'example_skip_dag' retrieved from /home/airflow/.local/lib/python3.8/site-packages/airflow/example_dags/example_skip_dag.py
[2026-08-21T12:00:41.114+0000] {logging_mixin.py:188} INFO - [2026-08-21T12:00:41.114+0000] {dag.py:3036} INFO - Sync 1 DAGs
[2026-08-21T12:00:41.146+0000] {logging_mixin.py:188} INFO - [2026-08-21T12:00:41.145+0000] {dag.py:3823} INFO - Setting next_dagrun for example_skip_dag to 2026-08-20 00:00:00+00:00, run_after=2026-08-21 00:00:00+00:00
[2026-08-21T12:00:41.171+0000] {processor.py:183} INFO - Processing /home/airflow/.local/lib/python3.8/site-packages/airflow/example_dags/example_skip_dag.py took 0.101 seconds
[2026-08-21T12:01:12.264+0000] {processor.py:161} INFO - Started process (PID=2209) to work on /home/airflow/.local/lib/python3.8/site-packages/airflow/example_dags/example_skip_dag.py
[2026-08-21T12:01:12.265+0000] {processor.py:830} INFO - Processing file /home/airflow/.local/lib/python3.8/site-packages/airflow/example_dags/example_skip_dag.py for tasks to queue
[2026-08-21T12:01:12.267+0000] {logging_mixin.py:188} INFO - [2026-08-21T12:01:12.267+0000] {dagbag.py:538} INFO - Filling up the DagBag from /home/airflow/.local/lib/python3.8/site-packages/airflow/example_dags/example_skip_dag.py
[2026-08-21T12:01:12.274+0000] {processor.py:840} INFO - DAG(s) 'example_skip_dag' retrieved from /home/airflow/.local/lib/python3.8/site-packages/airflow/example_dags/example_skip_dag.py
[2026-08-21T12:01:12.298+0000] {logging_mixin.py:188} INFO - [2026-08-21T12:01:12.298+0000] {dag.py:3036} INFO - Sync 1 DAGs
[2026-08-21T12:01:12.319+0000] {logging_mixin.py:188} INFO - [2026-08-21T12:01:12.319+0000] {dag.py:3823} INFO - Setting next_dagrun for example_skip_dag to 2026-08-20 00:00:00+00:00, run_after=2026-08-21 00:00:00+00:00
[2026-08-21T12:01:12.340+0000] {processor.py:183} INFO - Processing /home/airflow/.local/lib/python3.8/site-packages/airflow/example_dags/example_skip_dag.py took 0.080 seconds
[2026-08-21T12:01:42.941+0000] {processor.py:161} INFO - Started process (PID=2296) to work on /home/airflow/.local/lib/python3.8/site-packages/airflow/example_dags/example_skip_dag.py
[2026-08-21T12:01:42.943+0000] {processor.py:830} INFO - Processing file /home/airflow/.local/lib/python3.8/site-packages/airflow/example_dags/example_skip_dag.py for tasks to queue
[2026-08-21T12:01:42.946+0000] {logging_mixin.py:188} INFO - [2026-08-21T12:01:42.945+0000] {dagbag.py:538} INFO - Filling up the DagBag from /home/airflow/.local/lib/python3.8/site-packages/airflow/example_dags/example_skip_dag.py
[2026-08-21T12:01:42.955+0000] {processor.py:840} INFO - DAG(s) 'example_skip_dag' retrieved from /home/airflow/.local/lib/python3.8/site-packages/airflow/example_dags/example_skip_dag.py
[2026-08-21T12:01:42.979+0000] {logging_mixin.py:188} INFO - [2026-08-21T12:01:42.979+0000] {dag.py:3036} INFO - Sync 1 DAGs
[2026-08-21T12:01:43.004+0000] {logging_mixin.py:188} INFO - [2026-08-21T12:01:43.003+0000] {dag.py:3823} INFO - Setting next_dagrun for example_skip_dag to 2026-08-20 00:00:00+00:00, run_after=2026-08-21 00:00:00+00:00
[2026-08-21T12:01:43.026+0000] {processor.py:183} INFO - Processing /home/airflow/.local/lib/python3.8/site-packages/airflow/example_dags/example_skip_dag.py took 0.088 seconds
[2026-08-21T12:02:13.490+0000] {processor.py:161} INFO - Started process (PID=2389) to work on /home/airflow/.local/lib/python3.8/site-packages/airflow/example_dags/example_skip_dag.py
[2026-08-21T12:02:13.491+0000] {processor.py:830} INFO - Processing file /home/airflow/.local/lib/python3.8/site-packages/airflow/example_dags/example_skip_dag.py for tasks to queue
[2026-08-21T12:02:13.493+0000] {logging_mixin.py:188} INFO - [2026-08-21T12:02:13.493+0000] {dagbag.py:538} INFO - Filling up the DagBag from /home/airflow/.local/lib/python3.8/site-packages/airflow/example_dags/example_skip_dag.py
[2026-08-21T12:02:13.499+0000] {processor.py:840} INFO - DAG(s) 'example_skip_dag' retrieved from /home/airflow/.local/lib/python3.8/site-packages/airflow/example_dags/example_skip_dag.py
[2026-08-21T12:02:13.522+0000] {logging_mixin.py:188} INFO - [2026-08-21T12:02:13.521+0000] {dag.py:3036} INFO - Sync 1 DAGs
[2026-08-21T12:02:13.544+0000] {logging_mixin.py:188} INFO - [2026-08-21T12:02:13.544+0000] {dag.py:3823} INFO - Setting next_dagrun for example_skip_dag to 2026-08-20 00:00:00+00:00, run_after=2026-08-21 00:00:00+00:00
[2026-08-21T12:02:13.561+0000] {processor.py:183} INFO - Processing /home/airflow/.local/lib/python3.8/site-packages/airflow/example_dags/example_skip_dag.py took 0.075 seconds
[2026-08-21T12:02:44.812+0000] {processor.py:161} INFO - Started process (PID=2476) to work on /home/airflow/.local/lib/python3.8/site-packages/airflow/example_dags/example_skip_dag.py
[2026-08-21T12:02:44.813+0000] {processor.py:830} INFO - Processing file /home/airflow/.local/lib/python3.8/site-packages/airflow/example_dags/example_skip_dag.py for tasks to queue
[2026-08-21T12:02:44.815+0000] {logging_mixin.py:188} INFO - [2026-08-21T12:02:44.815+0000] {dagbag.py:538} INFO - Filling up the DagBag from /home/airflow/.local/lib/python3.8/site-packages/airflow/example_dags/example_skip_dag.py
[2026-08-21T12:02:44.822+0000] {processor.py:840} INFO - DAG(s) 'example_skip_dag' retrieved from /home/airflow/.local/lib/python3.8/site-packages/airflow/example_dags/example_skip_dag.py
[2026-08-21T12:02:44.846+0000] {logging_mixin.py:188} INFO - [2026-08-21T12:02:44.845+0000] {dag.py:3036} INFO - Sync 1 DAGs
[2026-08-21T12:02:44.866+0000] {logging_mixin.py:188} INFO - [2026-08-21T12:02:44.866+0000] {dag.py:3823} INFO - Setting next_dagrun for example_skip_dag to 2026-08-20 00:00:00+00:00, run_after=2026-08-21 00:00:00+00:00
[2026-08-21T12:02:44.883+0000] {processor.py:183} INFO - Processing /home/airflow/.local/lib/python3.8/site-packages/airflow/example_dags/example_skip_dag.py took 0.075 seconds
[2026-08-21T12:03:15.207+0000] {processor.py:161} INFO - Started process (PID=2563) to work on /home/airflow/.local/lib/python3.8/site-packages/airflow/example_dags/example_skip_dag.py
[2026-08-21T12:03:15.208+0000] {processor.py:830} INFO - Processing file /home/airflow/.local/lib/python3.8/site-packages/airflow/example_dags/example_skip_dag.py for tasks to queue
[2026-08-21T12:03:15.211+0000] {logging_mixin.py:188} INFO - [2026-08-21T12:03:15.210+0000] {dagbag.py:538} INFO - Filling up the DagBag from /home/airflow/.local/lib/python3.8/site-packages/airflow/example_dags/example_skip_dag.py
[2026-08-21T12:03:15.218+0000] {processor.py:840} INFO - DAG(s) 'example_skip_dag' retrieved from /home/airflow/.local/lib/python3.8/site-packages/airflow/example_dags/example_skip_dag.py
[2026-08-21T12:03:15.239+0000] {logging_mixin.py:188} INFO - [2026-08-21T12:03:15.239+0000] {dag.py:3036} INFO - Sync 1 DAGs
[2026-08-21T12:03:15.260+0000] {logging_mixin.py:188} INFO - [2026-08-21T12:03:15.259+0000] {dag.py:3823} INFO - Setting next_dagrun for example_skip_dag to 2026-08-20 00:00:00+00:00, run_after=2026-08-21 00:00:00+00:00
[2026-08-21T12:03:15.279+0000] {processor.py:183} INFO - Processing /home/airflow/.local/lib/python3.8/site-packages/airflow/example_dags/example_skip_dag.py took 0.075 seconds
[2026-08-21T12:03:46.191+0000] {processor.py:161} INFO - Started process (PID=2650) to work on /home/airflow/.local/lib/python3.8/site-packages/airflow/example_dags/example_skip_dag.py
[2026-08-21T12:03:46.193+0000] {processor.py:830} INFO - Processing file /home/airflow/.local/lib/python3.8/site-packages/airflow/example_dags/example_skip_dag.py for tasks to queue
[2026-08-21T12:03:46.195+0000] {logging_mixin.py:188} INFO - [2026-08-21T12:03:46.194+0000] {dagbag.py:538} INFO - Filling up the DagBag from /home/airflow/.local/lib/python3.8/site-packages/airflow/example_dags/example_skip_dag.py
[2026-08-21T12:03:46.201+0000] {processor.py:840} INFO - DAG(s) 'example_skip_dag' retrieved from /home/airflow/.local/lib/python3.8/site-packages/airflow/example_dags/example_skip_dag.py
[2026-08-21T12:03:46.227+0000] {logging_mixin.py:188} INFO - [2026-08-21T12:03:46.226+0000] {dag.py:3036} INFO - Sync 1 DAGs
[2026-08-21T12:03:46.253+0000] {logging_mixin.py:188} INFO - [2026-08-21T12:03:46.253+0000] {dag.py:3823} INFO - Setting next_dagrun for example_skip_dag to 2026-08-20 00:00:00+00:00, run_after=2026-08-21 00:00:00+00:00
[2026-08-21T12:03:46.279+0000] {processor.py:183} INFO - Processing /home/airflow/.local/lib/python3.8/site-packages/airflow/example_dags/example_skip_dag.py took 0.091 seconds
[2026-08-21T12:04:17.527+0000] {processor.py:161} INFO - Started process (PID=2737) to work on /home/airflow/.local/lib/python3.8/site-packages/airflow/example_dags/example_skip_dag.py
[2026-08-21T12:04:17.529+0000] {processor.py:830} INFO - Processing file /home/airflow/.local/lib/python3.8/site-packages/airflow/example_dags/example_skip_dag.py for tasks to queue
[2026-08-21T12:04:17.531+0000] {logging_mixin.py:188} INFO - [2026-08-21T12:04:17.531+0000] {dagbag.py:538} INFO - Filling up the DagBag from /home/airflow/.local/lib/python3.8/site-packages/airflow/example_dags/example_skip_dag.py
[2026-08-21T12:04:17.538+0000] {processor.py:840} INFO - DAG(s) 'example_skip_dag' retrieved from /home/airflow/.local/lib/python3.8/site-packages/airflow/example_dags/example_skip_dag.py
[2026-08-21T12:04:17.558+0000] {logging_mixin.py:188} INFO - [2026-08-21T12:04:17.558+0000] {dag.py:3036} INFO - Sync 1 DAGs
[2026-08-21T12:04:17.579+0000] {logging_mixin.py:188} INFO - [2026-08-21T12:04:17.579+0000] {dag.py:3823} INFO - Setting next_dagrun for example_skip_dag to 2026-08-20 00:00:00+00:00, run_after=2026-08-21 00:00:00+00:00
[2026-08-21T12:04:17.596+0000] {processor.py:183} INFO - Processing /home/airflow/.local/lib/python3.8/site-packages/airflow/example_dags/example_skip_dag.py took 0.072 seconds
[2026-08-21T12:04:48.327+0000] {processor.py:161} INFO - Started process (PID=2824) to work on /home/airflow/.local/lib/python3.8/site-packages/airflow/example_dags/example_skip_dag.py
[2026-08-21T12:04:48.328+0000] {processor.py:830} INFO - Processing file /home/airflow/.local/lib/python3.8/site-packages/airflow/example_dags/example_skip_dag.py for tasks to queue
[2026-08-21T12:04:48.331+0000] {logging_mixin.py:188} INFO - [2026-08-21T12:04:48.331+0000] {dagbag.py:538} INFO - Filling up the DagBag from /home/airflow/.local/lib/python3.8/site-packages/airflow/example_dags/example_skip_dag.py
[2026-08-21T12:04:48.338+0000] {processor.py:840} INFO - DAG(s) 'example_skip_dag' retrieved from /home/airflow/.local/lib/python3.8/site-packages/airflow/example_dags/example_skip_dag.py
[2026-08-21T12:04:48.359+0000] {logging_mixin.py:188} INFO - [2026-08-21T12:04:48.359+0000] {dag.py:3036} INFO - Sync 1 DAGs
[2026-08-21T12:04:48.386+0000] {logging_mixin.py:188} INFO - [2026-08-21T12:04:48.385+0000] {dag.py:3823} INFO - Setting next_dagrun for example_skip_dag to 2026-08-20 00:00:00+00:00, run_after=2026-08-21 00:00:00+00:00
[2026-08-21T12:04:48.406+0000] {processor.py:183} INFO - Processing /home/airflow/.local/lib/python3.8/site-packages/airflow/example_dags/example_skip_dag.py took 0.083 seconds
[2026-08-21T12:05:24.699+0000] {processor.py:161} INFO - Started process (PID=2938) to work on /home/airflow/.local/lib/python3.8/site-packages/airflow/example_dags/example_skip_dag.py
[2026-08-21T12:05:24.701+0000] {processor.py:830} INFO - Processing file /home/airflow/.local/lib/python3.8/site-packages/airflow/example_dags/example_skip_dag.py for tasks to queue
[2026-08-21T12:05:24.704+0000] {logging_mixin.py:188} INFO - [2026-08-21T12:05:24.704+0000] {dagbag.py:538} INFO - Filling up the DagBag from /home/airflow/.local/lib/python3.8/site-packages/airflow/example_dags/example_skip_dag.py
[2026-08-21T12:05:24.920+0000] {processor.py:840} INFO - DAG(s) 'example_skip_dag' retrieved from /home/airflow/.local/lib/python3.8/site-packages/airflow/example_dags/example_skip_dag.py
[2026-08-21T12:05:24.943+0000] {logging_mixin.py:188} INFO - [2026-08-21T12:05:24.942+0000] {dag.py:3036} INFO - Sync 1 DAGs
[2026-08-21T12:05:24.971+0000] {logging_mixin.py:188} INFO - [2026-08-21T12:05:24.970+0000] {dag.py:3823} INFO - Setting next_dagrun for example_skip_dag to 2026-08-20 00:00:00+00:00, run_after=2026-08-21 00:00:00+00:00
[2026-08-21T12:05:25.489+0000] {processor.py:183} INFO - Processing /home/airflow/.local/lib/python3.8/site-packages/airflow/example_dags/example_skip_dag.py took 0.795 seconds
[2026-08-21T12:05:56.067+0000] {processor.py:161} INFO - Started process (PID=3025) to work on /home/airflow/.local/lib/python3.8/site-packages/airflow/example_dags/example_skip_dag.py
[2026-08-21T12:05:56.068+0000] {processor.py:830} INFO - Processing file /home/airflow/.local/lib/python3.8/site-packages/airflow/example_dags/example_skip_dag.py for tasks to queue
[2026-08-21T12:05:56.071+0000] {logging_mixin.py:188} INFO - [2026-08-21T12:05:56.070+0000] {dagbag.py:538} INFO - Filling up the DagBag from /home/airflow/.local/lib/python3.8/site-packages/airflow/example_dags/example_skip_dag.py
[2026-08-21T12:05:56.081+0000] {processor.py:840} INFO - DAG(s) 'example_skip_dag' retrieved from /home/airflow/.local/lib/python3.8/site-packages/airflow/example_dags/example_skip_dag.py
[2026-08-21T12:05:56.116+0000] {logging_mixin.py:188} INFO - [2026-08-21T12:05:56.115+0000] {dag.py:3036} INFO - Sync 1 DAGs
[2026-08-21T12:05:56.158+0000] {logging_mixin.py:188} INFO - [2026-08-21T12:05:56.157+0000] {dag.py:3823} INFO - Setting next_dagrun for example_skip_dag to 2026-08-20 00:00:00+00:00, run_after=2026-08-21 00:00:00+00:00
[2026-08-21T12:05:56.186+0000] {processor.py:183} INFO - Processing /home/airflow/.local/lib/python3.8/site-packages/airflow/example_dags/example_skip_dag.py took 0.124 seconds
[2026-08-21T12:06:26.373+0000] {processor.py:161} INFO - Started process (PID=3112) to work on /home/airflow/.local/lib/python3.8/site-packages/airflow/example_dags/example_skip_dag.py
[2026-08-21T12:06:26.374+0000] {processor.py:830} INFO - Processing file /home/airflow/.local/lib/python3.8/site-packages/airflow/example_dags/example_skip_dag.py for tasks to queue
[2026-08-21T12:06:26.376+0000] {logging_mixin.py:188} INFO - [2026-08-21T12:06:26.376+0000] {dagbag.py:538} INFO - Filling up the DagBag from /home/airflow/.local/lib/python3.8/site-packages/airflow/example_dags/example_skip_dag.py
[2026-08-21T12:06:26.385+0000] {processor.py:840} INFO - DAG(s) 'example_skip_dag' retrieved from /home/airflow/.local/lib/python3.8/site-packages/airflow/example_dags/example_skip_dag.py
[2026-08-21T12:06:26.416+0000] {logging_mixin.py:188} INFO - [2026-08-21T12:06:26.415+0000] {dag.py:3036} INFO - Sync 1 DAGs
[2026-08-21T12:06:26.448+0000] {logging_mixin.py:188} INFO - [2026-08-21T12:06:26.448+0000] {dag.py:3823} INFO - Setting next_dagrun for example_skip_dag to 2026-08-20 00:00:00+00:00, run_after=2026-08-21 00:00:00+00:00
[2026-08-21T12:06:26.478+0000] {processor.py:183} INFO - Processing /home/airflow/.local/lib/python3.8/site-packages/airflow/example_dags/example_skip_dag.py took 0.110 seconds
[2026-08-21T12:06:56.650+0000] {processor.py:161} INFO - Started process (PID=3199) to work on /home/airflow/.local/lib/python3.8/site-packages/airflow/example_dags/example_skip_dag.py
[2026-08-21T12:06:56.651+0000] {processor.py:830} INFO - Processing file /home/airflow/.local/lib/python3.8/site-packages/airflow/example_dags/example_skip_dag.py for tasks to queue
[2026-08-21T12:06:56.653+0000] {logging_mixin.py:188} INFO - [2026-08-21T12:06:56.653+0000] {dagbag.py:538} INFO - Filling up the DagBag from /home/airflow/.local/lib/python3.8/site-packages/airflow/example_dags/example_skip_dag.py
[2026-08-21T12:06:56.660+0000] {processor.py:840} INFO - DAG(s) 'example_skip_dag' retrieved from /home/airflow/.local/lib/python3.8/site-packages/airflow/example_dags/example_skip_dag.py
[2026-08-21T12:06:56.682+0000] {logging_mixin.py:188} INFO - [2026-08-21T12:06:56.682+0000] {dag.py:3036} INFO - Sync 1 DAGs
[2026-08-21T12:06:56.704+0000] {logging_mixin.py:188} INFO - [2026-08-21T12:06:56.704+0000] {dag.py:3823} INFO - Setting next_dagrun for example_skip_dag to 2026-08-20 00:00:00+00:00, run_after=2026-08-21 00:00:00+00:00
[2026-08-21T12:06:56.724+0000] {processor.py:183} INFO - Processing /home/airflow/.local/lib/python3.8/site-packages/airflow/example_dags/example_skip_dag.py took 0.078 seconds
[2026-08-21T12:07:26.853+0000] {processor.py:161} INFO - Started process (PID=3286) to work on /home/airflow/.local/lib/python3.8/site-packages/airflow/example_dags/example_skip_dag.py
[2026-08-21T12:07:26.854+0000] {processor.py:830} INFO - Processing file /home/airflow/.local/lib/python3.8/site-packages/airflow/example_dags/example_skip_dag.py for tasks to queue
[2026-08-21T12:07:26.856+0000] {logging_mixin.py:188} INFO - [2026-08-21T12:07:26.856+0000] {dagbag.py:538} INFO - Filling up the DagBag from /home/airflow/.local/lib/python3.8/site-packages/airflow/example_dags/example_skip_dag.py
[2026-08-21T12:07:26.863+0000] {processor.py:840} INFO - DAG(s) 'example_skip_dag' retrieved from /home/airflow/.local/lib/python3.8/site-packages/airflow/example_dags/example_skip_dag.py
[2026-08-21T12:07:26.885+0000] {logging_mixin.py:188} INFO - [2026-08-21T12:07:26.885+0000] {dag.py:3036} INFO - Sync 1 DAGs
[2026-08-21T12:07:26.907+0000] {logging_mixin.py:188} INFO - [2026-08-21T12:07:26.906+0000] {dag.py:3823} INFO - Setting next_dagrun for example_skip_dag to 2026-08-20 00:00:00+00:00, run_after=2026-08-21 00:00:00+00:00
[2026-08-21T12:07:26.926+0000] {processor.py:183} INFO - Processing /home/airflow/.local/lib/python3.8/site-packages/airflow/example_dags/example_skip_dag.py took 0.077 seconds
[2026-08-21T12:07:57.225+0000] {processor.py:161} INFO - Started process (PID=3373) to work on /home/airflow/.local/lib/python3.8/site-packages/airflow/example_dags/example_skip_dag.py
[2026-08-21T12:07:57.227+0000] {processor.py:830} INFO - Processing file /home/airflow/.local/lib/python3.8/site-packages/airflow/example_dags/example_skip_dag.py for tasks to queue
[2026-08-21T12:07:57.230+0000] {logging_mixin.py:188} INFO - [2026-08-21T12:07:57.229+0000] {dagbag.py:538} INFO - Filling up the DagBag from /home/airflow/.local/lib/python3.8/site-packages/airflow/example_dags/example_skip_dag.py
[2026-08-21T12:07:57.238+0000] {processor.py:840} INFO - DAG(s) 'example_skip_dag' retrieved from /home/airflow/.local/lib/python3.8/site-packages/airflow/example_dags/example_skip_dag.py
[2026-08-21T12:07:57.270+0000] {logging_mixin.py:188} INFO - [2026-08-21T12:07:57.269+0000] {dag.py:3036} INFO - Sync 1 DAGs
[2026-08-21T12:07:57.302+0000] {logging_mixin.py:188} INFO - [2026-08-21T12:07:57.302+0000] {dag.py:3823} INFO - Setting next_dagrun for example_skip_dag to 2026-08-20 00:00:00+00:00, run_after=2026-08-21 00:00:00+00:00
[2026-08-21T12:07:57.328+0000] {processor.py:183} INFO - Processing /home/airflow/.local/lib/python3.8/site-packages/airflow/example_dags/example_skip_dag.py took 0.108 seconds
[2026-08-21T12:08:28.013+0000] {processor.py:161} INFO - Started process (PID=3462) to work on /home/airflow/.local/lib/python3.8/site-packages/airflow/example_dags/example_skip_dag.py
[2026-08-21T12:08:28.015+0000] {processor.py:830} INFO - Processing file /home/airflow/.local/lib/python3.8/site-packages/airflow/example_dags/example_skip_dag.py for tasks to queue
[2026-08-21T12:08:28.018+0000] {logging_mixin.py:188} INFO - [2026-08-21T12:08:28.017+0000] {dagbag.py:538} INFO - Filling up the DagBag from /home/airflow/.local/lib/python3.8/site-packages/airflow/example_dags/example_skip_dag.py
[2026-08-21T12:08:28.027+0000] {processor.py:840} INFO - DAG(s) 'example_skip_dag' retrieved from /home/airflow/.local/lib/python3.8/site-packages/airflow/example_dags/example_skip_dag.py
[2026-08-21T12:08:28.062+0000] {logging_mixin.py:188} INFO - [2026-08-21T12:08:28.062+0000] {dag.py:3036} INFO - Sync 1 DAGs
[2026-08-21T12:08:28.083+0000] {logging_mixin.py:188} INFO - [2026-08-21T12:08:28.082+0000] {dag.py:3823} INFO - Setting next_dagrun for example_skip_dag to 2026-08-20 00:00:00+00:00, run_after=2026-08-21 00:00:00+00:00
[2026-08-21T12:08:28.102+0000] {processor.py:183} INFO - Processing /home/airflow/.local/lib/python3.8/site-packages/airflow/example_dags/example_skip_dag.py took 0.092 seconds
[2026-08-21T12:08:59.691+0000] {processor.py:161} INFO - Started process (PID=3553) to work on /home/airflow/.local/lib/python3.8/site-packages/airflow/example_dags/example_skip_dag.py
[2026-08-21T12:08:59.692+0000] {processor.py:830} INFO - Processing file /home/airflow/.local/lib/python3.8/site-packages/airflow/example_dags/example_skip_dag.py for tasks to queue
[2026-08-21T12:08:59.696+0000] {logging_mixin.py:188} INFO - [2026-08-21T12:08:59.695+0000] {dagbag.py:538} INFO - Filling up the DagBag from /home/airflow/.local/lib/python3.8/site-packages/airflow/example_dags/example_skip_dag.py
[2026-08-21T12:08:59.707+0000] {processor.py:840} INFO - DAG(s) 'example_skip_dag' retrieved from /home/airflow/.local/lib/python3.8/site-packages/airflow/example_dags/example_skip_dag.py
[2026-08-21T12:08:59.735+0000] {logging_mixin.py:188} INFO - [2026-08-21T12:08:59.735+0000] {dag.py:3036} INFO - Sync 1 DAGs
[2026-08-21T12:08:59.766+0000] {logging_mixin.py:188} INFO - [2026-08-21T12:08:59.766+0000] {dag.py:3823} INFO - Setting next_dagrun for example_skip_dag to 2026-08-20 00:00:00+00:00, run_after=2026-08-21 00:00:00+00:00
[2026-08-21T12:08:59.795+0000] {processor.py:183} INFO - Processing /home/airflow/.local/lib/python3.8/site-packages/airflow/example_dags/example_skip_dag.py took 0.110 seconds
[2026-08-21T12:09:30.447+0000] {processor.py:161} INFO - Started process (PID=3640) to work on /home/airflow/.local/lib/python3.8/site-packages/airflow/example_dags/example_skip_dag.py
[2026-08-21T12:09:30.448+0000] {processor.py:830} INFO - Processing file /home/airflow/.local/lib/python3.8/site-packages/airflow/example_dags/example_skip_dag.py for tasks to queue
[2026-08-21T12:09:30.450+0000] {logging_mixin.py:188} INFO - [2026-08-21T12:09:30.450+0000] {dagbag.py:538} INFO - Filling up the DagBag from /home/airflow/.local/lib/python3.8/site-packages/airflow/example_dags/example_skip_dag.py
[2026-08-21T12:09:30.458+0000] {processor.py:840} INFO - DAG(s) 'example_skip_dag' retrieved from /home/airflow/.local/lib/python3.8/site-packages/airflow/example_dags/example_skip_dag.py
[2026-08-21T12:09:30.482+0000] {logging_mixin.py:188} INFO - [2026-08-21T12:09:30.482+0000] {dag.py:3036} INFO - Sync 1 DAGs
[2026-08-21T12:09:30.507+0000] {logging_mixin.py:188} INFO - [2026-08-21T12:09:30.507+0000] {dag.py:3823} INFO - Setting next_dagrun for example_skip_dag to 2026-08-20 00:00:00+00:00, run_after=2026-08-21 00:00:00+00:00
[2026-08-21T12:09:30.530+0000] {processor.py:183} INFO - Processing /home/airflow/.local/lib/python3.8/site-packages/airflow/example_dags/example_skip_dag.py took 0.087 seconds
[2026-08-21T12:10:00.655+0000] {processor.py:161} INFO - Started process (PID=3727) to work on /home/airflow/.local/lib/python3.8/site-packages/airflow/example_dags/example_skip_dag.py
[2026-08-21T12:10:00.656+0000] {processor.py:830} INFO - Processing file /home/airflow/.local/lib/python3.8/site-packages/airflow/example_dags/example_skip_dag.py for tasks to queue
[2026-08-21T12:10:00.658+0000] {logging_mixin.py:188} INFO - [2026-08-21T12:10:00.658+0000] {dagbag.py:538} INFO - Filling up the DagBag from /home/airflow/.local/lib/python3.8/site-packages/airflow/example_dags/example_skip_dag.py
[2026-08-21T12:10:00.665+0000] {processor.py:840} INFO - DAG(s) 'example_skip_dag' retrieved from /home/airflow/.local/lib/python3.8/site-packages/airflow/example_dags/example_skip_dag.py
[2026-08-21T12:10:00.689+0000] {logging_mixin.py:188} INFO - [2026-08-21T12:10:00.689+0000] {dag.py:3036} INFO - Sync 1 DAGs
[2026-08-21T12:10:00.712+0000] {logging_mixin.py:188} INFO - [2026-08-21T12:10:00.712+0000] {dag.py:3823} INFO - Setting next_dagrun for example_skip_dag to 2026-08-20 00:00:00+00:00, run_after=2026-08-21 00:00:00+00:00
[2026-08-21T12:10:00.730+0000] {processor.py:183} INFO - Processing /home/airflow/.local/lib/python3.8/site-packages/airflow/example_dags/example_skip_dag.py took 0.079 seconds
[2026-08-21T12:10:31.475+0000] {processor.py:161} INFO - Started process (PID=3818) to work on /home/airflow/.local/lib/python3.8/site-packages/airflow/example_dags/example_skip_dag.py
[2026-08-21T12:10:31.476+0000] {processor.py:830} INFO - Processing file /home/airflow/.local/lib/python3.8/site-packages/airflow/example_dags/example_skip_dag.py for tasks to queue
[2026-08-21T12:10:31.478+0000] {logging_mixin.py:188} INFO - [2026-08-21T12:10:31.478+0000] {dagbag.py:538} INFO - Filling up the DagBag from /home/airflow/.local/lib/python3.8/site-packages/airflow/example_dags/example_skip_dag.py
[2026-08-21T12:10:31.488+0000] {processor.py:840} INFO - DAG(s) 'example_skip_dag' retrieved from /home/airflow/.local/lib/python3.8/site-packages/airflow/example_dags/example_skip_dag.py
[2026-08-21T12:10:31.512+0000] {logging_mixin.py:188} INFO - [2026-08-21T12:10:31.512+0000] {dag.py:3036} INFO - Sync 1 DAGs
[2026-08-21T12:10:31.535+0000] {logging_mixin.py:188} INFO - [2026-08-21T12:10:31.534+0000] {dag.py:3823} INFO - Setting next_dagrun for example_skip_dag to 2026-08-20 00:00:00+00:00, run_after=2026-08-21 00:00:00+00:00
[2026-08-21T12:10:31.560+0000] {processor.py:183} INFO - Processing /home/airflow/.local/lib/python3.8/site-packages/airflow/example_dags/example_skip_dag.py took 0.089 seconds
[2026-08-21T12:11:02.283+0000] {processor.py:161} INFO - Started process (PID=3906) to work on /home/airflow/.local/lib/python3.8/site-packages/airflow/example_dags/example_skip_dag.py
[2026-08-21T12:11:02.284+0000] {processor.py:830} INFO - Processing file /home/airflow/.local/lib/python3.8/site-packages/airflow/example_dags/example_skip_dag.py for tasks to queue
[2026-08-21T12:11:02.288+0000] {logging_mixin.py:188} INFO - [2026-08-21T12:11:02.288+0000] {dagbag.py:538} INFO - Filling up the DagBag from /home/airflow/.local/lib/python3.8/site-packages/airflow/example_dags/example_skip_dag.py
[2026-08-21T12:11:02.297+0000] {processor.py:840} INFO - DAG(s) 'example_skip_dag' retrieved from /home/airflow/.local/lib/python3.8/site-packages/airflow/example_dags/example_skip_dag.py
[2026-08-21T12:11:02.322+0000] {logging_mixin.py:188} INFO - [2026-08-21T12:11:02.322+0000] {dag.py:3036} INFO - Sync 1 DAGs
[2026-08-21T12:11:02.349+0000] {logging_mixin.py:188} INFO - [2026-08-21T12:11:02.349+0000] {dag.py:3823} INFO - Setting next_dagrun for example_skip_dag to 2026-08-20 00:00:00+00:00, run_after=2026-08-21 00:00:00+00:00
[2026-08-21T12:11:02.370+0000] {processor.py:183} INFO - Processing /home/airflow/.local/lib/python3.8/site-packages/airflow/example_dags/example_skip_dag.py took 0.092 seconds
[2026-08-21T12:11:33.004+0000] {processor.py:161} INFO - Started process (PID=3993) to work on /home/airflow/.local/lib/python3.8/site-packages/airflow/example_dags/example_skip_dag.py
[2026-08-21T12:11:33.005+0000] {processor.py:830} INFO - Processing file /home/airflow/.local/lib/python3.8/site-packages/airflow/example_dags/example_skip_dag.py for tasks to queue
[2026-08-21T12:11:33.008+0000] {logging_mixin.py:188} INFO - [2026-08-21T12:11:33.007+0000] {dagbag.py:538} INFO - Filling up the DagBag from /home/airflow/.local/lib/python3.8/site-packages/airflow/example_dags/example_skip_dag.py
[2026-08-21T12:11:33.016+0000] {processor.py:840} INFO - DAG(s) 'example_skip_dag' retrieved from /home/airflow/.local/lib/python3.8/site-packages/airflow/example_dags/example_skip_dag.py
[2026-08-21T12:11:33.037+0000] {logging_mixin.py:188} INFO - [2026-08-21T12:11:33.037+0000] {dag.py:3036} INFO - Sync 1 DAGs
[2026-08-21T12:11:33.060+0000] {logging_mixin.py:188} INFO - [2026-08-21T12:11:33.059+0000] {dag.py:3823} INFO - Setting next_dagrun for example_skip_dag to 2026-08-20 00:00:00+00:00, run_after=2026-08-21 00:00:00+00:00
[2026-08-21T12:11:33.076+0000] {processor.py:183} INFO - Processing /home/airflow/.local/lib/python3.8/site-packages/airflow/example_dags/example_skip_dag.py took 0.076 seconds
[2026-08-21T12:12:03.871+0000] {processor.py:161} INFO - Started process (PID=4080) to work on /home/airflow/.local/lib/python3.8/site-packages/airflow/example_dags/example_skip_dag.py
[2026-08-21T12:12:03.872+0000] {processor.py:830} INFO - Processing file /home/airflow/.local/lib/python3.8/site-packages/airflow/example_dags/example_skip_dag.py for tasks to queue
[2026-08-21T12:12:03.875+0000] {logging_mixin.py:188} INFO - [2026-08-21T12:12:03.874+0000] {dagbag.py:538} INFO - Filling up the DagBag from /home/airflow/.local/lib/python3.8/site-packages/airflow/example_dags/example_skip_dag.py
[2026-08-21T12:12:03.884+0000] {processor.py:840} INFO - DAG(s) 'example_skip_dag' retrieved from /home/airflow/.local/lib/python3.8/site-packages/airflow/example_dags/example_skip_dag.py
[2026-08-21T12:12:03.910+0000] {logging_mixin.py:188} INFO - [2026-08-21T12:12:03.910+0000] {dag.py:3036} INFO - Sync 1 DAGs
[2026-08-21T12:12:03.933+0000] {logging_mixin.py:188} INFO - [2026-08-21T12:12:03.932+0000] {dag.py:3823} INFO - Setting next_dagrun for example_skip_dag to 2026-08-20 00:00:00+00:00, run_after=2026-08-21 00:00:00+00:00
[2026-08-21T12:12:03.951+0000] {processor.py:183} INFO - Processing /home/airflow/.local/lib/python3.8/site-packages/airflow/example_dags/example_skip_dag.py took 0.084 seconds
[2026-08-21T12:12:34.600+0000] {processor.py:161} INFO - Started process (PID=4167) to work on /home/airflow/.local/lib/python3.8/site-packages/airflow/example_dags/example_skip_dag.py
[2026-08-21T12:12:34.601+0000] {processor.py:830} INFO - Processing file /home/airflow/.local/lib/python3.8/site-packages/airflow/example_dags/example_skip_dag.py for tasks to queue
[2026-08-21T12:12:34.603+0000] {logging_mixin.py:188} INFO - [2026-08-21T12:12:34.603+0000] {dagbag.py:538} INFO - Filling up the DagBag from /home/airflow/.local/lib/python3.8/site-packages/airflow/example_dags/example_skip_dag.py
[2026-08-21T12:12:34.610+0000] {processor.py:840} INFO - DAG(s) 'example_skip_dag' retrieved from /home/airflow/.local/lib/python3.8/site-packages/airflow/example_dags/example_skip_dag.py
[2026-08-21T12:12:34.631+0000] {logging_mixin.py:188} INFO - [2026-08-21T12:12:34.631+0000] {dag.py:3036} INFO - Sync 1 DAGs
[2026-08-21T12:12:34.652+0000] {logging_mixin.py:188} INFO - [2026-08-21T12:12:34.652+0000] {dag.py:3823} INFO - Setting next_dagrun for example_skip_dag to 2026-08-20 00:00:00+00:00, run_after=2026-08-21 00:00:00+00:00
[2026-08-21T12:12:34.670+0000] {processor.py:183} INFO - Processing /home/airflow/.local/lib/python3.8/site-packages/airflow/example_dags/example_skip_dag.py took 0.074 seconds
[2026-08-21T12:13:05.202+0000] {processor.py:161} INFO - Started process (PID=4254) to work on /home/airflow/.local/lib/python3.8/site-packages/airflow/example_dags/example_skip_dag.py
[2026-08-21T12:13:05.203+0000] {processor.py:830} INFO - Processing file /home/airflow/.local/lib/python3.8/site-packages/airflow/example_dags/example_skip_dag.py for tasks to queue
[2026-08-21T12:13:05.206+0000] {logging_mixin.py:188} INFO - [2026-08-21T12:13:05.205+0000] {dagbag.py:538} INFO - Filling up the DagBag from /home/airflow/.local/lib/python3.8/site-packages/airflow/example_dags/example_skip_dag.py
[2026-08-21T12:13:05.213+0000] {processor.py:840} INFO - DAG(s) 'example_skip_dag' retrieved from /home/airflow/.local/lib/python3.8/site-packages/airflow/example_dags/example_skip_dag.py
[2026-08-21T12:13:05.235+0000] {logging_mixin.py:188} INFO - [2026-08-21T12:13:05.234+0000] {dag.py:3036} INFO - Sync 1 DAGs
[2026-08-21T12:13:05.259+0000] {logging_mixin.py:188} INFO - [2026-08-21T12:13:05.259+0000] {dag.py:3823} INFO - Setting next_dagrun for example_skip_dag to 2026-08-20 00:00:00+00:00, run_after=2026-08-21 00:00:00+00:00
[2026-08-21T12:13:05.280+0000] {processor.py:183} INFO - Processing /home/airflow/.local/lib/python3.8/site-packages/airflow/example_dags/example_skip_dag.py took 0.082 seconds
[2026-08-21T12:13:35.652+0000] {processor.py:161} INFO - Started process (PID=4341) to work on /home/airflow/.local/lib/python3.8/site-packages/airflow/example_dags/example_skip_dag.py
[2026-08-21T12:13:35.653+0000] {processor.py:830} INFO - Processing file /home/airflow/.local/lib/python3.8/site-packages/airflow/example_dags/example_skip_dag.py for tasks to queue
[2026-08-21T12:13:35.656+0000] {logging_mixin.py:188} INFO - [2026-08-21T12:13:35.655+0000] {dagbag.py:538} INFO - Filling up the DagBag from /home/airflow/.local/lib/python3.8/site-packages/airflow/example_dags/example_skip_dag.py
[2026-08-21T12:13:35.662+0000] {processor.py:840} INFO - DAG(s) 'example_skip_dag' retrieved from /home/airflow/.local/lib/python3.8/site-packages/airflow/example_dags/example_skip_dag.py
[2026-08-21T12:13:35.684+0000] {logging_mixin.py:188} INFO - [2026-08-21T12:13:35.684+0000] {dag.py:3036} INFO - Sync 1 DAGs
[2026-08-21T12:13:35.706+0000] {logging_mixin.py:188} INFO - [2026-08-21T12:13:35.706+0000] {dag.py:3823} INFO - Setting next_dagrun for example_skip_dag to 2026-08-20 00:00:00+00:00, run_after=2026-08-21 00:00:00+00:00
[2026-08-21T12:13:35.725+0000] {processor.py:183} INFO - Processing /home/airflow/.local/lib/python3.8/site-packages/airflow/example_dags/example_skip_dag.py took 0.076 seconds
[2026-08-21T12:14:07.779+0000] {processor.py:161} INFO - Started process (PID=4429) to work on /home/airflow/.local/lib/python3.8/site-packages/airflow/example_dags/example_skip_dag.py
[2026-08-21T12:14:07.781+0000] {processor.py:830} INFO - Processing file /home/airflow/.local/lib/python3.8/site-packages/airflow/example_dags/example_skip_dag.py for tasks to queue
[2026-08-21T12:14:07.783+0000] {logging_mixin.py:188} INFO - [2026-08-21T12:14:07.783+0000] {dagbag.py:538} INFO - Filling up the DagBag from /home/airflow/.local/lib/python3.8/site-packages/airflow/example_dags/example_skip_dag.py
[2026-08-21T12:14:07.792+0000] {processor.py:840} INFO - DAG(s) 'example_skip_dag' retrieved from /home/airflow/.local/lib/python3.8/site-packages/airflow/example_dags/example_skip_dag.py
[2026-08-21T12:14:07.821+0000] {logging_mixin.py:188} INFO - [2026-08-21T12:14:07.821+0000] {dag.py:3036} INFO - Sync 1 DAGs
[2026-08-21T12:14:07.847+0000] {logging_mixin.py:188} INFO - [2026-08-21T12:14:07.847+0000] {dag.py:3823} INFO - Setting next_dagrun for example_skip_dag to 2026-08-20 00:00:00+00:00, run_after=2026-08-21 00:00:00+00:00
[2026-08-21T12:14:07.870+0000] {processor.py:183} INFO - Processing /home/airflow/.local/lib/python3.8/site-packages/airflow/example_dags/example_skip_dag.py took 0.095 seconds
[2026-08-21T12:14:38.287+0000] {processor.py:161} INFO - Started process (PID=4516) to work on /home/airflow/.local/lib/python3.8/site-packages/airflow/example_dags/example_skip_dag.py
[2026-08-21T12:14:38.288+0000] {processor.py:830} INFO - Processing file /home/airflow/.local/lib/python3.8/site-packages/airflow/example_dags/example_skip_dag.py for tasks to queue
[2026-08-21T12:14:38.290+0000] {logging_mixin.py:188} INFO - [2026-08-21T12:14:38.290+0000] {dagbag.py:538} INFO - Filling up the DagBag from /home/airflow/.local/lib/python3.8/site-packages/airflow/example_dags/example_skip_dag.py
[2026-08-21T12:14:38.297+0000] {processor.py:840} INFO - DAG(s) 'example_skip_dag' retrieved from /home/airflow/.local/lib/python3.8/site-packages/airflow/example_dags/example_skip_dag.py
[2026-08-21T12:14:38.319+0000] {logging_mixin.py:188} INFO - [2026-08-21T12:14:38.319+0000] {dag.py:3036} INFO - Sync 1 DAGs
[2026-08-21T12:14:38.339+0000] {logging_mixin.py:188} INFO - [2026-08-21T12:14:38.339+0000] {dag.py:3823} INFO - Setting next_dagrun for example_skip_dag to 2026-08-20 00:00:00+00:00, run_after=2026-08-21 00:00:00+00:00
[2026-08-21T12:14:38.357+0000] {processor.py:183} INFO - Processing /home/airflow/.local/lib/python3.8/site-packages/airflow/example_dags/example_skip_dag.py took 0.074 seconds
[2026-08-21T12:15:09.248+0000] {processor.py:161} INFO - Started process (PID=4603) to work on /home/airflow/.local/lib/python3.8/site-packages/airflow/example_dags/example_skip_dag.py
[2026-08-21T12:15:09.249+0000] {processor.py:830} INFO - Processing file /home/airflow/.local/lib/python3.8/site-packages/airflow/example_dags/example_skip_dag.py for tasks to queue
[2026-08-21T12:15:09.252+0000] {logging_mixin.py:188} INFO - [2026-08-21T12:15:09.251+0000] {dagbag.py:538} INFO - Filling up the DagBag from /home/airflow/.local/lib/python3.8/site-packages/airflow/example_dags/example_skip_dag.py
[2026-08-21T12:15:09.260+0000] {processor.py:840} INFO - DAG(s) 'example_skip_dag' retrieved from /home/airflow/.local/lib/python3.8/site-packages/airflow/example_dags/example_skip_dag.py
[2026-08-21T12:15:09.285+0000] {logging_mixin.py:188} INFO - [2026-08-21T12:15:09.285+0000] {dag.py:3036} INFO - Sync 1 DAGs
[2026-08-21T12:15:09.314+0000] {logging_mixin.py:188} INFO - [2026-08-21T12:15:09.314+0000] {dag.py:3823} INFO - Setting next_dagrun for example_skip_dag to 2026-08-20 00:00:00+00:00, run_after=2026-08-21 00:00:00+00:00
[2026-08-21T12:15:09.341+0000] {processor.py:183} INFO - Processing /home/airflow/.local/lib/python3.8/site-packages/airflow/example_dags/example_skip_dag.py took 0.098 seconds
[2026-08-21T12:15:39.534+0000] {processor.py:161} INFO - Started process (PID=4690) to work on /home/airflow/.local/lib/python3.8/site-packages/airflow/example_dags/example_skip_dag.py
[2026-08-21T12:15:39.536+0000] {processor.py:830} INFO - Processing file /home/airflow/.local/lib/python3.8/site-packages/airflow/example_dags/example_skip_dag.py for tasks to queue
[2026-08-21T12:15:39.539+0000] {logging_mixin.py:188} INFO - [2026-08-21T12:15:39.539+0000] {dagbag.py:538} INFO - Filling up the DagBag from /home/airflow/.local/lib/python3.8/site-packages/airflow/example_dags/example_skip_dag.py
[2026-08-21T12:15:39.548+0000] {processor.py:840} INFO - DAG(s) 'example_skip_dag' retrieved from /home/airflow/.local/lib/python3.8/site-packages/airflow/example_dags/example_skip_dag.py
[2026-08-21T12:15:39.573+0000] {logging_mixin.py:188} INFO - [2026-08-21T12:15:39.573+0000] {dag.py:3036} INFO - Sync 1 DAGs
[2026-08-21T12:15:39.596+0000] {logging_mixin.py:188} INFO - [2026-08-21T12:15:39.596+0000] {dag.py:3823} INFO - Setting next_dagrun for example_skip_dag to 2026-08-20 00:00:00+00:00, run_after=2026-08-21 00:00:00+00:00
[2026-08-21T12:15:39.615+0000] {processor.py:183} INFO - Processing /home/airflow/.local/lib/python3.8/site-packages/airflow/example_dags/example_skip_dag.py took 0.085 seconds
[2026-08-21T12:16:10.291+0000] {processor.py:161} INFO - Started process (PID=4777) to work on /home/airflow/.local/lib/python3.8/site-packages/airflow/example_dags/example_skip_dag.py
[2026-08-21T12:16:10.293+0000] {processor.py:830} INFO - Processing file /home/airflow/.local/lib/python3.8/site-packages/airflow/example_dags/example_skip_dag.py for tasks to queue
[2026-08-21T12:16:10.295+0000] {logging_mixin.py:188} INFO - [2026-08-21T12:16:10.294+0000] {dagbag.py:538} INFO - Filling up the DagBag from /home/airflow/.local/lib/python3.8/site-packages/airflow/example_dags/example_skip_dag.py
[2026-08-21T12:16:10.306+0000] {processor.py:840} INFO - DAG(s) 'example_skip_dag' retrieved from /home/airflow/.local/lib/python3.8/site-packages/airflow/example_dags/example_skip_dag.py
[2026-08-21T12:16:10.328+0000] {logging_mixin.py:188} INFO - [2026-08-21T12:16:10.328+0000] {dag.py:3036} INFO - Sync 1 DAGs
[2026-08-21T12:16:10.349+0000] {logging_mixin.py:188} INFO - [2026-08-21T12:16:10.348+0000] {dag.py:3823} INFO - Setting next_dagrun for example_skip_dag to 2026-08-20 00:00:00+00:00, run_after=2026-08-21 00:00:00+00:00
[2026-08-21T12:16:10.373+0000] {processor.py:183} INFO - Processing /home/airflow/.local/lib/python3.8/site-packages/airflow/example_dags/example_skip_dag.py took 0.085 seconds
[2026-08-21T12:16:41.689+0000] {processor.py:161} INFO - Started process (PID=4865) to work on /home/airflow/.local/lib/python3.8/site-packages/airflow/example_dags/example_skip_dag.py
[2026-08-21T12:16:41.691+0000] {processor.py:830} INFO - Processing file /home/airflow/.local/lib/python3.8/site-packages/airflow/example_dags/example_skip_dag.py for tasks to queue
[2026-08-21T12:16:41.695+0000] {logging_mixin.py:188} INFO - [2026-08-21T12:16:41.695+0000] {dagbag.py:538} INFO - Filling up the DagBag from /home/airflow/.local/lib/python3.8/site-packages/airflow/example_dags/example_skip_dag.py
[2026-08-21T12:16:41.706+0000] {processor.py:840} INFO - DAG(s) 'example_skip_dag' retrieved from /home/airflow/.local/lib/python3.8/site-packages/airflow/example_dags/example_skip_dag.py
[2026-08-21T12:16:41.747+0000] {logging_mixin.py:188} INFO - [2026-08-21T12:16:41.746+0000] {dag.py:3036} INFO - Sync 1 DAGs
[2026-08-21T12:16:41.790+0000] {logging_mixin.py:188} INFO - [2026-08-21T12:16:41.790+0000] {dag.py:3823} INFO - Setting next_dagrun for example_skip_dag to 2026-08-20 00:00:00+00:00, run_after=2026-08-21 00:00:00+00:00
[2026-08-21T12:16:41.822+0000] {processor.py:183} INFO - Processing /home/airflow/.local/lib/python3.8/site-packages/airflow/example_dags/example_skip_dag.py took 0.139 seconds
[2026-08-21T12:17:12.352+0000] {processor.py:161} INFO - Started process (PID=4952) to work on /home/airflow/.local/lib/python3.8/site-packages/airflow/example_dags/example_skip_dag.py
[2026-08-21T12:17:12.353+0000] {processor.py:830} INFO - Processing file /home/airflow/.local/lib/python3.8/site-packages/airflow/example_dags/example_skip_dag.py for tasks to queue
[2026-08-21T12:17:12.355+0000] {logging_mixin.py:188} INFO - [2026-08-21T12:17:12.355+0000] {dagbag.py:538} INFO - Filling up the DagBag from /home/airflow/.local/lib/python3.8/site-packages/airflow/example_dags/example_skip_dag.py
[2026-08-21T12:17:12.362+0000] {processor.py:840} INFO - DAG(s) 'example_skip_dag' retrieved from /home/airflow/.local/lib/python3.8/site-packages/airflow/example_dags/example_skip_dag.py
[2026-08-21T12:17:12.387+0000] {logging_mixin.py:188} INFO - [2026-08-21T12:17:12.387+0000] {dag.py:3036} INFO - Sync 1 DAGs
[2026-08-21T12:17:12.413+0000] {logging_mixin.py:188} INFO - [2026-08-21T12:17:12.413+0000] {dag.py:3823} INFO - Setting next_dagrun for example_skip_dag to 2026-08-20 00:00:00+00:00, run_after=2026-08-21 00:00:00+00:00
[2026-08-21T12:17:12.434+0000] {processor.py:183} INFO - Processing /home/airflow/.local/lib/python3.8/site-packages/airflow/example_dags/example_skip_dag.py took 0.086 seconds
[2026-08-21T12:17:42.747+0000] {processor.py:161} INFO - Started process (PID=5039) to work on /home/airflow/.local/lib/python3.8/site-packages/airflow/example_dags/example_skip_dag.py
[2026-08-21T12:17:42.748+0000] {processor.py:830} INFO - Processing file /home/airflow/.local/lib/python3.8/site-packages/airflow/example_dags/example_skip_dag.py for tasks to queue
[2026-08-21T12:17:42.751+0000] {logging_mixin.py:188} INFO - [2026-08-21T12:17:42.750+0000] {dagbag.py:538} INFO - Filling up the DagBag from /home/airflow/.local/lib/python3.8/site-packages/airflow/example_dags/example_skip_dag.py
[2026-08-21T12:17:42.759+0000] {processor.py:840} INFO - DAG(s) 'example_skip_dag' retrieved from /home/airflow/.local/lib/python3.8/site-packages/airflow/example_dags/example_skip_dag.py
[2026-08-21T12:17:42.787+0000] {logging_mixin.py:188} INFO - [2026-08-21T12:17:42.787+0000] {dag.py:3036} INFO - Sync 1 DAGs
[2026-08-21T12:17:42.808+0000] {logging_mixin.py:188} INFO - [2026-08-21T12:17:42.808+0000] {dag.py:3823} INFO - Setting next_dagrun for example_skip_dag to 2026-08-20 00:00:00+00:00, run_after=2026-08-21 00:00:00+00:00
[2026-08-21T12:17:42.827+0000] {processor.py:183} INFO - Processing /home/airflow/.local/lib/python3.8/site-packages/airflow/example_dags/example_skip_dag.py took 0.084 seconds
[2026-08-21T12:18:13.862+0000] {processor.py:161} INFO - Started process (PID=5126) to work on /home/airflow/.local/lib/python3.8/site-packages/airflow/example_dags/example_skip_dag.py
[2026-08-21T12:18:13.864+0000] {processor.py:830} INFO - Processing file /home/airflow/.local/lib/python3.8/site-packages/airflow/example_dags/example_skip_dag.py for tasks to queue
[2026-08-21T12:18:13.866+0000] {logging_mixin.py:188} INFO - [2026-08-21T12:18:13.866+0000] {dagbag.py:538} INFO - Filling up the DagBag from /home/airflow/.local/lib/python3.8/site-packages/airflow/example_dags/example_skip_dag.py
[2026-08-21T12:18:13.874+0000] {processor.py:840} INFO - DAG(s) 'example_skip_dag' retrieved from /home/airflow/.local/lib/python3.8/site-packages/airflow/example_dags/example_skip_dag.py
[2026-08-21T12:18:13.900+0000] {logging_mixin.py:188} INFO - [2026-08-21T12:18:13.900+0000] {dag.py:3036} INFO - Sync 1 DAGs
[2026-08-21T12:18:13.945+0000] {logging_mixin.py:188} INFO - [2026-08-21T12:18:13.944+0000] {dag.py:3823} INFO - Setting next_dagrun for example_skip_dag to 2026-08-20 00:00:00+00:00, run_after=2026-08-21 00:00:00+00:00
[2026-08-21T12:18:13.984+0000] {processor.py:183} INFO - Processing /home/airflow/.local/lib/python3.8/site-packages/airflow/example_dags/example_skip_dag.py took 0.126 seconds
[2026-08-21T12:18:44.540+0000] {processor.py:161} INFO - Started process (PID=5213) to work on /home/airflow/.local/lib/python3.8/site-packages/airflow/example_dags/example_skip_dag.py
[2026-08-21T12:18:44.541+0000] {processor.py:830} INFO - Processing file /home/airflow/.local/lib/python3.8/site-packages/airflow/example_dags/example_skip_dag.py for tasks to queue
[2026-08-21T12:18:44.543+0000] {logging_mixin.py:188} INFO - [2026-08-21T12:18:44.543+0000] {dagbag.py:538} INFO - Filling up the DagBag from /home/airflow/.local/lib/python3.8/site-packages/airflow/example_dags/example_skip_dag.py
[2026-08-21T12:18:44.550+0000] {processor.py:840} INFO - DAG(s) 'example_skip_dag' retrieved from /home/airflow/.local/lib/python3.8/site-packages/airflow/example_dags/example_skip_dag.py
[2026-08-21T12:18:44.572+0000] {logging_mixin.py:188} INFO - [2026-08-21T12:18:44.572+0000] {dag.py:3036} INFO - Sync 1 DAGs
[2026-08-21T12:18:44.593+0000] {logging_mixin.py:188} INFO - [2026-08-21T12:18:44.593+0000] {dag.py:3823} INFO - Setting next_dagrun for example_skip_dag to 2026-08-20 00:00:00+00:00, run_after=2026-08-21 00:00:00+00:00
[2026-08-21T12:18:44.613+0000] {processor.py:183} INFO - Processing /home/airflow/.local/lib/python3.8/site-packages/airflow/example_dags/example_skip_dag.py took 0.078 seconds
[2026-08-21T12:19:15.038+0000] {processor.py:161} INFO - Started process (PID=5300) to work on /home/airflow/.local/lib/python3.8/site-packages/airflow/example_dags/example_skip_dag.py
[2026-08-21T12:19:15.039+0000] {processor.py:830} INFO - Processing file /home/airflow/.local/lib/python3.8/site-packages/airflow/example_dags/example_skip_dag.py for tasks to queue
[2026-08-21T12:19:15.041+0000] {logging_mixin.py:188} INFO - [2026-08-21T12:19:15.041+0000] {dagbag.py:538} INFO - Filling up the DagBag from /home/airflow/.local/lib/python3.8/site-packages/airflow/example_dags/example_skip_dag.py
[2026-08-21T12:19:15.049+0000] {processor.py:840} INFO - DAG(s) 'example_skip_dag' retrieved from /home/airflow/.local/lib/python3.8/site-packages/airflow/example_dags/example_skip_dag.py
[2026-08-21T12:19:15.070+0000] {logging_mixin.py:188} INFO - [2026-08-21T12:19:15.070+0000] {dag.py:3036} INFO - Sync 1 DAGs
[2026-08-21T12:19:15.090+0000] {logging_mixin.py:188} INFO - [2026-08-21T12:19:15.089+0000] {dag.py:3823} INFO - Setting next_dagrun for example_skip_dag to 2026-08-20 00:00:00+00:00, run_after=2026-08-21 00:00:00+00:00
[2026-08-21T12:19:15.108+0000] {processor.py:183} INFO - Processing /home/airflow/.local/lib/python3.8/site-packages/airflow/example_dags/example_skip_dag.py took 0.074 seconds
[2026-08-21T12:19:45.191+0000] {processor.py:161} INFO - Started process (PID=5387) to work on /home/airflow/.local/lib/python3.8/site-packages/airflow/example_dags/example_skip_dag.py
[2026-08-21T12:19:45.192+0000] {processor.py:830} INFO - Processing file /home/airflow/.local/lib/python3.8/site-packages/airflow/example_dags/example_skip_dag.py for tasks to queue
[2026-08-21T12:19:45.194+0000] {logging_mixin.py:188} INFO - [2026-08-21T12:19:45.193+0000] {dagbag.py:538} INFO - Filling up the DagBag from /home/airflow/.local/lib/python3.8/site-packages/airflow/example_dags/example_skip_dag.py
[2026-08-21T12:19:45.200+0000] {processor.py:840} INFO - DAG(s) 'example_skip_dag' retrieved from /home/airflow/.local/lib/python3.8/site-packages/airflow/example_dags/example_skip_dag.py
[2026-08-21T12:19:45.222+0000] {logging_mixin.py:188} INFO - [2026-08-21T12:19:45.221+0000] {dag.py:3036} INFO - Sync 1 DAGs
[2026-08-21T12:19:45.241+0000] {logging_mixin.py:188} INFO - [2026-08-21T12:19:45.240+0000] {dag.py:3823} INFO - Setting next_dagrun for example_skip_dag to 2026-08-20 00:00:00+00:00, run_after=2026-08-21 00:00:00+00:00
[2026-08-21T12:19:45.257+0000] {processor.py:183} INFO - Processing /home/airflow/.local/lib/python3.8/site-packages/airflow/example_dags/example_skip_dag.py took 0.069 seconds
[2026-08-21T12:20:27.269+0000] {processor.py:161} INFO - Started process (PID=5480) to work on /home/airflow/.local/lib/python3.8/site-packages/airflow/example_dags/example_skip_dag.py
[2026-08-21T12:20:27.282+0000] {processor.py:830} INFO - Processing file /home/airflow/.local/lib/python3.8/site-packages/airflow/example_dags/example_skip_dag.py for tasks to queue
[2026-08-21T12:20:27.287+0000] {logging_mixin.py:188} INFO - [2026-08-21T12:20:27.286+0000] {dagbag.py:538} INFO - Filling up the DagBag from /home/airflow/.local/lib/python3.8/site-packages/airflow/example_dags/example_skip_dag.py
[2026-08-21T12:20:27.333+0000] {processor.py:840} INFO - DAG(s) 'example_skip_dag' retrieved from /home/airflow/.local/lib/python3.8/site-packages/airflow/example_dags/example_skip_dag.py
[2026-08-21T12:20:27.451+0000] {logging_mixin.py:188} INFO - [2026-08-21T12:20:27.450+0000] {dag.py:3036} INFO - Sync 1 DAGs
[2026-08-21T12:20:27.539+0000] {logging_mixin.py:188} INFO - [2026-08-21T12:20:27.530+0000] {dag.py:3823} INFO - Setting next_dagrun for example_skip_dag to 2026-08-20 00:00:00+00:00, run_after=2026-08-21 00:00:00+00:00
[2026-08-21T12:20:27.644+0000] {processor.py:183} INFO - Processing /home/airflow/.local/lib/python3.8/site-packages/airflow/example_dags/example_skip_dag.py took 0.388 seconds
[2026-08-21T12:20:58.883+0000] {processor.py:161} INFO - Started process (PID=5567) to work on /home/airflow/.local/lib/python3.8/site-packages/airflow/example_dags/example_skip_dag.py
[2026-08-21T12:20:58.886+0000] {processor.py:830} INFO - Processing file /home/airflow/.local/lib/python3.8/site-packages/airflow/example_dags/example_skip_dag.py for tasks to queue
[2026-08-21T12:20:58.897+0000] {logging_mixin.py:188} INFO - [2026-08-21T12:20:58.896+0000] {dagbag.py:538} INFO - Filling up the DagBag from /home/airflow/.local/lib/python3.8/site-packages/airflow/example_dags/example_skip_dag.py
[2026-08-21T12:20:58.922+0000] {processor.py:840} INFO - DAG(s) 'example_skip_dag' retrieved from /home/airflow/.local/lib/python3.8/site-packages/airflow/example_dags/example_skip_dag.py
[2026-08-21T12:20:59.055+0000] {logging_mixin.py:188} INFO - [2026-08-21T12:20:59.054+0000] {dag.py:3036} INFO - Sync 1 DAGs
[2026-08-21T12:20:59.117+0000] {logging_mixin.py:188} INFO - [2026-08-21T12:20:59.117+0000] {dag.py:3823} INFO - Setting next_dagrun for example_skip_dag to 2026-08-20 00:00:00+00:00, run_after=2026-08-21 00:00:00+00:00
[2026-08-21T12:20:59.204+0000] {processor.py:183} INFO - Processing /home/airflow/.local/lib/python3.8/site-packages/airflow/example_dags/example_skip_dag.py took 0.326 seconds
[2026-08-21T12:21:29.782+0000] {processor.py:161} INFO - Started process (PID=5654) to work on /home/airflow/.local/lib/python3.8/site-packages/airflow/example_dags/example_skip_dag.py
[2026-08-21T12:21:29.783+0000] {processor.py:830} INFO - Processing file /home/airflow/.local/lib/python3.8/site-packages/airflow/example_dags/example_skip_dag.py for tasks to queue
[2026-08-21T12:21:29.786+0000] {logging_mixin.py:188} INFO - [2026-08-21T12:21:29.786+0000] {dagbag.py:538} INFO - Filling up the DagBag from /home/airflow/.local/lib/python3.8/site-packages/airflow/example_dags/example_skip_dag.py
[2026-08-21T12:21:29.793+0000] {processor.py:840} INFO - DAG(s) 'example_skip_dag' retrieved from /home/airflow/.local/lib/python3.8/site-packages/airflow/example_dags/example_skip_dag.py
[2026-08-21T12:21:29.829+0000] {logging_mixin.py:188} INFO - [2026-08-21T12:21:29.829+0000] {dag.py:3036} INFO - Sync 1 DAGs
[2026-08-21T12:21:29.860+0000] {logging_mixin.py:188} INFO - [2026-08-21T12:21:29.859+0000] {dag.py:3823} INFO - Setting next_dagrun for example_skip_dag to 2026-08-20 00:00:00+00:00, run_after=2026-08-21 00:00:00+00:00
[2026-08-21T12:21:29.939+0000] {processor.py:183} INFO - Processing /home/airflow/.local/lib/python3.8/site-packages/airflow/example_dags/example_skip_dag.py took 0.161 seconds
[2026-08-21T12:22:00.213+0000] {processor.py:161} INFO - Started process (PID=5741) to work on /home/airflow/.local/lib/python3.8/site-packages/airflow/example_dags/example_skip_dag.py
[2026-08-21T12:22:00.214+0000] {processor.py:830} INFO - Processing file /home/airflow/.local/lib/python3.8/site-packages/airflow/example_dags/example_skip_dag.py for tasks to queue
[2026-08-21T12:22:00.217+0000] {logging_mixin.py:188} INFO - [2026-08-21T12:22:00.216+0000] {dagbag.py:538} INFO - Filling up the DagBag from /home/airflow/.local/lib/python3.8/site-packages/airflow/example_dags/example_skip_dag.py
[2026-08-21T12:22:00.225+0000] {processor.py:840} INFO - DAG(s) 'example_skip_dag' retrieved from /home/airflow/.local/lib/python3.8/site-packages/airflow/example_dags/example_skip_dag.py
[2026-08-21T12:22:00.253+0000] {logging_mixin.py:188} INFO - [2026-08-21T12:22:00.252+0000] {dag.py:3036} INFO - Sync 1 DAGs
[2026-08-21T12:22:00.281+0000] {logging_mixin.py:188} INFO - [2026-08-21T12:22:00.280+0000] {dag.py:3823} INFO - Setting next_dagrun for example_skip_dag to 2026-08-20 00:00:00+00:00, run_after=2026-08-21 00:00:00+00:00
[2026-08-21T12:22:00.301+0000] {processor.py:183} INFO - Processing /home/airflow/.local/lib/python3.8/site-packages/airflow/example_dags/example_skip_dag.py took 0.093 seconds
[2026-08-21T12:22:31.444+0000] {processor.py:161} INFO - Started process (PID=5829) to work on /home/airflow/.local/lib/python3.8/site-packages/airflow/example_dags/example_skip_dag.py
[2026-08-21T12:22:31.447+0000] {processor.py:830} INFO - Processing file /home/airflow/.local/lib/python3.8/site-packages/airflow/example_dags/example_skip_dag.py for tasks to queue
[2026-08-21T12:22:31.451+0000] {logging_mixin.py:188} INFO - [2026-08-21T12:22:31.450+0000] {dagbag.py:538} INFO - Filling up the DagBag from /home/airflow/.local/lib/python3.8/site-packages/airflow/example_dags/example_skip_dag.py
[2026-08-21T12:22:31.460+0000] {processor.py:840} INFO - DAG(s) 'example_skip_dag' retrieved from /home/airflow/.local/lib/python3.8/site-packages/airflow/example_dags/example_skip_dag.py
[2026-08-21T12:22:31.493+0000] {logging_mixin.py:188} INFO - [2026-08-21T12:22:31.492+0000] {dag.py:3036} INFO - Sync 1 DAGs
[2026-08-21T12:22:31.527+0000] {logging_mixin.py:188} INFO - [2026-08-21T12:22:31.527+0000] {dag.py:3823} INFO - Setting next_dagrun for example_skip_dag to 2026-08-20 00:00:00+00:00, run_after=2026-08-21 00:00:00+00:00
[2026-08-21T12:22:31.595+0000] {processor.py:183} INFO - Processing /home/airflow/.local/lib/python3.8/site-packages/airflow/example_dags/example_skip_dag.py took 0.156 seconds
[2026-08-21T12:23:01.714+0000] {processor.py:161} INFO - Started process (PID=5916) to work on /home/airflow/.local/lib/python3.8/site-packages/airflow/example_dags/example_skip_dag.py
[2026-08-21T12:23:01.715+0000] {processor.py:830} INFO - Processing file /home/airflow/.local/lib/python3.8/site-packages/airflow/example_dags/example_skip_dag.py for tasks to queue
[2026-08-21T12:23:01.718+0000] {logging_mixin.py:188} INFO - [2026-08-21T12:23:01.718+0000] {dagbag.py:538} INFO - Filling up the DagBag from /home/airflow/.local/lib/python3.8/site-packages/airflow/example_dags/example_skip_dag.py
[2026-08-21T12:23:01.725+0000] {processor.py:840} INFO - DAG(s) 'example_skip_dag' retrieved from /home/airflow/.local/lib/python3.8/site-packages/airflow/example_dags/example_skip_dag.py
[2026-08-21T12:23:01.747+0000] {logging_mixin.py:188} INFO - [2026-08-21T12:23:01.746+0000] {dag.py:3036} INFO - Sync 1 DAGs
[2026-08-21T12:23:01.769+0000] {logging_mixin.py:188} INFO - [2026-08-21T12:23:01.768+0000] {dag.py:3823} INFO - Setting next_dagrun for example_skip_dag to 2026-08-20 00:00:00+00:00, run_after=2026-08-21 00:00:00+00:00
[2026-08-21T12:23:01.824+0000] {processor.py:183} INFO - Processing /home/airflow/.local/lib/python3.8/site-packages/airflow/example_dags/example_skip_dag.py took 0.113 seconds
[2026-08-21T12:23:32.486+0000] {processor.py:161} INFO - Started process (PID=6003) to work on /home/airflow/.local/lib/python3.8/site-packages/airflow/example_dags/example_skip_dag.py
[2026-08-21T12:23:32.489+0000] {processor.py:830} INFO - Processing file /home/airflow/.local/lib/python3.8/site-packages/airflow/example_dags/example_skip_dag.py for tasks to queue
[2026-08-21T12:23:32.493+0000] {logging_mixin.py:188} INFO - [2026-08-21T12:23:32.493+0000] {dagbag.py:538} INFO - Filling up the DagBag from /home/airflow/.local/lib/python3.8/site-packages/airflow/example_dags/example_skip_dag.py
[2026-08-21T12:23:32.502+0000] {processor.py:840} INFO - DAG(s) 'example_skip_dag' retrieved from /home/airflow/.local/lib/python3.8/site-packages/airflow/example_dags/example_skip_dag.py
[2026-08-21T12:23:32.526+0000] {logging_mixin.py:188} INFO - [2026-08-21T12:23:32.526+0000] {dag.py:3036} INFO - Sync 1 DAGs
[2026-08-21T12:23:32.557+0000] {logging_mixin.py:188} INFO - [2026-08-21T12:23:32.556+0000] {dag.py:3823} INFO - Setting next_dagrun for example_skip_dag to 2026-08-20 00:00:00+00:00, run_after=2026-08-21 00:00:00+00:00
[2026-08-21T12:23:32.635+0000] {processor.py:183} INFO - Processing /home/airflow/.local/lib/python3.8/site-packages/airflow/example_dags/example_skip_dag.py took 0.154 seconds
[2026-08-21T12:24:02.801+0000] {processor.py:161} INFO - Started process (PID=6090) to work on /home/airflow/.local/lib/python3.8/site-packages/airflow/example_dags/example_skip_dag.py
[2026-08-21T12:24:02.802+0000] {processor.py:830} INFO - Processing file /home/airflow/.local/lib/python3.8/site-packages/airflow/example_dags/example_skip_dag.py for tasks to queue
[2026-08-21T12:24:02.805+0000] {logging_mixin.py:188} INFO - [2026-08-21T12:24:02.805+0000] {dagbag.py:538} INFO - Filling up the DagBag from /home/airflow/.local/lib/python3.8/site-packages/airflow/example_dags/example_skip_dag.py
[2026-08-21T12:24:02.813+0000] {processor.py:840} INFO - DAG(s) 'example_skip_dag' retrieved from /home/airflow/.local/lib/python3.8/site-packages/airflow/example_dags/example_skip_dag.py
[2026-08-21T12:24:02.838+0000] {logging_mixin.py:188} INFO - [2026-08-21T12:24:02.837+0000] {dag.py:3036} INFO - Sync 1 DAGs
[2026-08-21T12:24:02.861+0000] {logging_mixin.py:188} INFO - [2026-08-21T12:24:02.861+0000] {dag.py:3823} INFO - Setting next_dagrun for example_skip_dag to 2026-08-20 00:00:00+00:00, run_after=2026-08-21 00:00:00+00:00
[2026-08-21T12:24:02.896+0000] {processor.py:183} INFO - Processing /home/airflow/.local/lib/python3.8/site-packages/airflow/example_dags/example_skip_dag.py took 0.099 seconds
[2026-08-21T12:24:33.380+0000] {processor.py:161} INFO - Started process (PID=6177) to work on /home/airflow/.local/lib/python3.8/site-packages/airflow/example_dags/example_skip_dag.py
[2026-08-21T12:24:33.383+0000] {processor.py:830} INFO - Processing file /home/airflow/.local/lib/python3.8/site-packages/airflow/example_dags/example_skip_dag.py for tasks to queue
[2026-08-21T12:24:33.389+0000] {logging_mixin.py:188} INFO - [2026-08-21T12:24:33.388+0000] {dagbag.py:538} INFO - Filling up the DagBag from /home/airflow/.local/lib/python3.8/site-packages/airflow/example_dags/example_skip_dag.py
[2026-08-21T12:24:33.400+0000] {processor.py:840} INFO - DAG(s) 'example_skip_dag' retrieved from /home/airflow/.local/lib/python3.8/site-packages/airflow/example_dags/example_skip_dag.py
[2026-08-21T12:24:33.440+0000] {logging_mixin.py:188} INFO - [2026-08-21T12:24:33.439+0000] {dag.py:3036} INFO - Sync 1 DAGs
[2026-08-21T12:24:33.484+0000] {logging_mixin.py:188} INFO - [2026-08-21T12:24:33.484+0000] {dag.py:3823} INFO - Setting next_dagrun for example_skip_dag to 2026-08-20 00:00:00+00:00, run_after=2026-08-21 00:00:00+00:00
[2026-08-21T12:24:33.569+0000] {processor.py:183} INFO - Processing /home/airflow/.local/lib/python3.8/site-packages/airflow/example_dags/example_skip_dag.py took 0.193 seconds
[2026-08-21T12:25:03.691+0000] {processor.py:161} INFO - Started process (PID=6264) to work on /home/airflow/.local/lib/python3.8/site-packages/airflow/example_dags/example_skip_dag.py
[2026-08-21T12:25:03.693+0000] {processor.py:830} INFO - Processing file /home/airflow/.local/lib/python3.8/site-packages/airflow/example_dags/example_skip_dag.py for tasks to queue
[2026-08-21T12:25:03.695+0000] {logging_mixin.py:188} INFO - [2026-08-21T12:25:03.694+0000] {dagbag.py:538} INFO - Filling up the DagBag from /home/airflow/.local/lib/python3.8/site-packages/airflow/example_dags/example_skip_dag.py
[2026-08-21T12:25:03.702+0000] {processor.py:840} INFO - DAG(s) 'example_skip_dag' retrieved from /home/airflow/.local/lib/python3.8/site-packages/airflow/example_dags/example_skip_dag.py
[2026-08-21T12:25:03.723+0000] {logging_mixin.py:188} INFO - [2026-08-21T12:25:03.723+0000] {dag.py:3036} INFO - Sync 1 DAGs
[2026-08-21T12:25:03.745+0000] {logging_mixin.py:188} INFO - [2026-08-21T12:25:03.745+0000] {dag.py:3823} INFO - Setting next_dagrun for example_skip_dag to 2026-08-20 00:00:00+00:00, run_after=2026-08-21 00:00:00+00:00
[2026-08-21T12:25:03.855+0000] {processor.py:183} INFO - Processing /home/airflow/.local/lib/python3.8/site-packages/airflow/example_dags/example_skip_dag.py took 0.168 seconds
[2026-08-21T12:25:34.233+0000] {processor.py:161} INFO - Started process (PID=6351) to work on /home/airflow/.local/lib/python3.8/site-packages/airflow/example_dags/example_skip_dag.py
[2026-08-21T12:25:34.234+0000] {processor.py:830} INFO - Processing file /home/airflow/.local/lib/python3.8/site-packages/airflow/example_dags/example_skip_dag.py for tasks to queue
[2026-08-21T12:25:34.236+0000] {logging_mixin.py:188} INFO - [2026-08-21T12:25:34.236+0000] {dagbag.py:538} INFO - Filling up the DagBag from /home/airflow/.local/lib/python3.8/site-packages/airflow/example_dags/example_skip_dag.py
[2026-08-21T12:25:34.244+0000] {processor.py:840} INFO - DAG(s) 'example_skip_dag' retrieved from /home/airflow/.local/lib/python3.8/site-packages/airflow/example_dags/example_skip_dag.py
[2026-08-21T12:25:34.269+0000] {logging_mixin.py:188} INFO - [2026-08-21T12:25:34.268+0000] {dag.py:3036} INFO - Sync 1 DAGs
[2026-08-21T12:25:34.291+0000] {logging_mixin.py:188} INFO - [2026-08-21T12:25:34.291+0000] {dag.py:3823} INFO - Setting next_dagrun for example_skip_dag to 2026-08-20 00:00:00+00:00, run_after=2026-08-21 00:00:00+00:00
[2026-08-21T12:25:34.312+0000] {processor.py:183} INFO - Processing /home/airflow/.local/lib/python3.8/site-packages/airflow/example_dags/example_skip_dag.py took 0.083 seconds
[2026-08-21T12:26:04.583+0000] {processor.py:161} INFO - Started process (PID=6438) to work on /home/airflow/.local/lib/python3.8/site-packages/airflow/example_dags/example_skip_dag.py
[2026-08-21T12:26:04.584+0000] {processor.py:830} INFO - Processing file /home/airflow/.local/lib/python3.8/site-packages/airflow/example_dags/example_skip_dag.py for tasks to queue
[2026-08-21T12:26:04.586+0000] {logging_mixin.py:188} INFO - [2026-08-21T12:26:04.586+0000] {dagbag.py:538} INFO - Filling up the DagBag from /home/airflow/.local/lib/python3.8/site-packages/airflow/example_dags/example_skip_dag.py
[2026-08-21T12:26:04.593+0000] {processor.py:840} INFO - DAG(s) 'example_skip_dag' retrieved from /home/airflow/.local/lib/python3.8/site-packages/airflow/example_dags/example_skip_dag.py
[2026-08-21T12:26:04.613+0000] {logging_mixin.py:188} INFO - [2026-08-21T12:26:04.613+0000] {dag.py:3036} INFO - Sync 1 DAGs
[2026-08-21T12:26:04.634+0000] {logging_mixin.py:188} INFO - [2026-08-21T12:26:04.633+0000] {dag.py:3823} INFO - Setting next_dagrun for example_skip_dag to 2026-08-20 00:00:00+00:00, run_after=2026-08-21 00:00:00+00:00
[2026-08-21T12:26:04.653+0000] {processor.py:183} INFO - Processing /home/airflow/.local/lib/python3.8/site-packages/airflow/example_dags/example_skip_dag.py took 0.074 seconds
[2026-08-21T12:26:37.049+0000] {processor.py:161} INFO - Started process (PID=6525) to work on /home/airflow/.local/lib/python3.8/site-packages/airflow/example_dags/example_skip_dag.py
[2026-08-21T12:26:37.050+0000] {processor.py:830} INFO - Processing file /home/airflow/.local/lib/python3.8/site-packages/airflow/example_dags/example_skip_dag.py for tasks to queue
[2026-08-21T12:26:37.053+0000] {logging_mixin.py:188} INFO - [2026-08-21T12:26:37.052+0000] {dagbag.py:538} INFO - Filling up the DagBag from /home/airflow/.local/lib/python3.8/site-packages/airflow/example_dags/example_skip_dag.py
[2026-08-21T12:26:37.060+0000] {processor.py:840} INFO - DAG(s) 'example_skip_dag' retrieved from /home/airflow/.local/lib/python3.8/site-packages/airflow/example_dags/example_skip_dag.py
[2026-08-21T12:26:37.088+0000] {logging_mixin.py:188} INFO - [2026-08-21T12:26:37.087+0000] {dag.py:3036} INFO - Sync 1 DAGs
[2026-08-21T12:26:37.296+0000] {logging_mixin.py:188} INFO - [2026-08-21T12:26:37.296+0000] {dag.py:3823} INFO - Setting next_dagrun for example_skip_dag to 2026-08-20 00:00:00+00:00, run_after=2026-08-21 00:00:00+00:00
[2026-08-21T12:26:37.326+0000] {processor.py:183} INFO - Processing /home/airflow/.local/lib/python3.8/site-packages/airflow/example_dags/example_skip_dag.py took 0.281 seconds
[2026-08-21T12:27:07.479+0000] {processor.py:161} INFO - Started process (PID=6616) to work on /home/airflow/.local/lib/python3.8/site-packages/airflow/example_dags/example_skip_dag.py
[2026-08-21T12:27:07.481+0000] {processor.py:830} INFO - Processing file /home/airflow/.local/lib/python3.8/site-packages/airflow/example_dags/example_skip_dag.py for tasks to queue
[2026-08-21T12:27:07.485+0000] {logging_mixin.py:188} INFO - [2026-08-21T12:27:07.484+0000] {dagbag.py:538} INFO - Filling up the DagBag from /home/airflow/.local/lib/python3.8/site-packages/airflow/example_dags/example_skip_dag.py
[2026-08-21T12:27:07.504+0000] {processor.py:840} INFO - DAG(s) 'example_skip_dag' retrieved from /home/airflow/.local/lib/python3.8/site-packages/airflow/example_dags/example_skip_dag.py
[2026-08-21T12:27:07.548+0000] {logging_mixin.py:188} INFO - [2026-08-21T12:27:07.547+0000] {dag.py:3036} INFO - Sync 1 DAGs
[2026-08-21T12:27:07.581+0000] {logging_mixin.py:188} INFO - [2026-08-21T12:27:07.581+0000] {dag.py:3823} INFO - Setting next_dagrun for example_skip_dag to 2026-08-20 00:00:00+00:00, run_after=2026-08-21 00:00:00+00:00
[2026-08-21T12:27:07.610+0000] {processor.py:183} INFO - Processing /home/airflow/.local/lib/python3.8/site-packages/airflow/example_dags/example_skip_dag.py took 0.138 seconds
[2026-08-21T12:27:37.930+0000] {processor.py:161} INFO - Started process (PID=6703) to work on /home/airflow/.local/lib/python3.8/site-packages/airflow/example_dags/example_skip_dag.py
[2026-08-21T12:27:37.931+0000] {processor.py:830} INFO - Processing file /home/airflow/.local/lib/python3.8/site-packages/airflow/example_dags/example_skip_dag.py for tasks to queue
[2026-08-21T12:27:37.935+0000] {logging_mixin.py:188} INFO - [2026-08-21T12:27:37.934+0000] {dagbag.py:538} INFO - Filling up the DagBag from /home/airflow/.local/lib/python3.8/site-packages/airflow/example_dags/example_skip_dag.py
[2026-08-21T12:27:37.941+0000] {processor.py:840} INFO - DAG(s) 'example_skip_dag' retrieved from /home/airflow/.local/lib/python3.8/site-packages/airflow/example_dags/example_skip_dag.py
[2026-08-21T12:27:37.964+0000] {logging_mixin.py:188} INFO - [2026-08-21T12:27:37.964+0000] {dag.py:3036} INFO - Sync 1 DAGs
[2026-08-21T12:27:37.987+0000] {logging_mixin.py:188} INFO - [2026-08-21T12:27:37.987+0000] {dag.py:3823} INFO - Setting next_dagrun for example_skip_dag to 2026-08-20 00:00:00+00:00, run_after=2026-08-21 00:00:00+00:00
[2026-08-21T12:27:38.008+0000] {processor.py:183} INFO - Processing /home/airflow/.local/lib/python3.8/site-packages/airflow/example_dags/example_skip_dag.py took 0.082 seconds
[2026-08-21T12:28:08.640+0000] {processor.py:161} INFO - Started process (PID=6790) to work on /home/airflow/.local/lib/python3.8/site-packages/airflow/example_dags/example_skip_dag.py
[2026-08-21T12:28:08.641+0000] {processor.py:830} INFO - Processing file /home/airflow/.local/lib/python3.8/site-packages/airflow/example_dags/example_skip_dag.py for tasks to queue
[2026-08-21T12:28:08.643+0000] {logging_mixin.py:188} INFO - [2026-08-21T12:28:08.643+0000] {dagbag.py:538} INFO - Filling up the DagBag from /home/airflow/.local/lib/python3.8/site-packages/airflow/example_dags/example_skip_dag.py
[2026-08-21T12:28:08.653+0000] {processor.py:840} INFO - DAG(s) 'example_skip_dag' retrieved from /home/airflow/.local/lib/python3.8/site-packages/airflow/example_dags/example_skip_dag.py
[2026-08-21T12:28:08.677+0000] {logging_mixin.py:188} INFO - [2026-08-21T12:28:08.677+0000] {dag.py:3036} INFO - Sync 1 DAGs
[2026-08-21T12:28:08.702+0000] {logging_mixin.py:188} INFO - [2026-08-21T12:28:08.702+0000] {dag.py:3823} INFO - Setting next_dagrun for example_skip_dag to 2026-08-20 00:00:00+00:00, run_after=2026-08-21 00:00:00+00:00
[2026-08-21T12:28:08.723+0000] {processor.py:183} INFO - Processing /home/airflow/.local/lib/python3.8/site-packages/airflow/example_dags/example_skip_dag.py took 0.087 seconds
[2026-08-21T12:28:39.127+0000] {processor.py:161} INFO - Started process (PID=6877) to work on /home/airflow/.local/lib/python3.8/site-packages/airflow/example_dags/example_skip_dag.py
[2026-08-21T12:28:39.128+0000] {processor.py:830} INFO - Processing file /home/airflow/.local/lib/python3.8/site-packages/airflow/example_dags/example_skip_dag.py for tasks to queue
[2026-08-21T12:28:39.132+0000] {logging_mixin.py:188} INFO - [2026-08-21T12:28:39.132+0000] {dagbag.py:538} INFO - Filling up the DagBag from /home/airflow/.local/lib/python3.8/site-packages/airflow/example_dags/example_skip_dag.py
[2026-08-21T12:28:39.139+0000] {processor.py:840} INFO - DAG(s) 'example_skip_dag' retrieved from /home/airflow/.local/lib/python3.8/site-packages/airflow/example_dags/example_skip_dag.py
[2026-08-21T12:28:39.163+0000] {logging_mixin.py:188} INFO - [2026-08-21T12:28:39.162+0000] {dag.py:3036} INFO - Sync 1 DAGs
[2026-08-21T12:28:39.187+0000] {logging_mixin.py:188} INFO - [2026-08-21T12:28:39.186+0000] {dag.py:3823} INFO - Setting next_dagrun for example_skip_dag to 2026-08-20 00:00:00+00:00, run_after=2026-08-21 00:00:00+00:00
[2026-08-21T12:28:39.208+0000] {processor.py:183} INFO - Processing /home/airflow/.local/lib/python3.8/site-packages/airflow/example_dags/example_skip_dag.py took 0.084 seconds
[2026-08-21T12:29:09.634+0000] {processor.py:161} INFO - Started process (PID=6964) to work on /home/airflow/.local/lib/python3.8/site-packages/airflow/example_dags/example_skip_dag.py
[2026-08-21T12:29:09.636+0000] {processor.py:830} INFO - Processing file /home/airflow/.local/lib/python3.8/site-packages/airflow/example_dags/example_skip_dag.py for tasks to queue
[2026-08-21T12:29:09.638+0000] {logging_mixin.py:188} INFO - [2026-08-21T12:29:09.638+0000] {dagbag.py:538} INFO - Filling up the DagBag from /home/airflow/.local/lib/python3.8/site-packages/airflow/example_dags/example_skip_dag.py
[2026-08-21T12:29:09.645+0000] {processor.py:840} INFO - DAG(s) 'example_skip_dag' retrieved from /home/airflow/.local/lib/python3.8/site-packages/airflow/example_dags/example_skip_dag.py
[2026-08-21T12:29:09.667+0000] {logging_mixin.py:188} INFO - [2026-08-21T12:29:09.667+0000] {dag.py:3036} INFO - Sync 1 DAGs
[2026-08-21T12:29:09.688+0000] {logging_mixin.py:188} INFO - [2026-08-21T12:29:09.688+0000] {dag.py:3823} INFO - Setting next_dagrun for example_skip_dag to 2026-08-20 00:00:00+00:00, run_after=2026-08-21 00:00:00+00:00
[2026-08-21T12:29:09.707+0000] {processor.py:183} INFO - Processing /home/airflow/.local/lib/python3.8/site-packages/airflow/example_dags/example_skip_dag.py took 0.076 seconds
[2026-08-21T12:29:40.134+0000] {processor.py:161} INFO - Started process (PID=7051) to work on /home/airflow/.local/lib/python3.8/site-packages/airflow/example_dags/example_skip_dag.py
[2026-08-21T12:29:40.135+0000] {processor.py:830} INFO - Processing file /home/airflow/.local/lib/python3.8/site-packages/airflow/example_dags/example_skip_dag.py for tasks to queue
[2026-08-21T12:29:40.137+0000] {logging_mixin.py:188} INFO - [2026-08-21T12:29:40.137+0000] {dagbag.py:538} INFO - Filling up the DagBag from /home/airflow/.local/lib/python3.8/site-packages/airflow/example_dags/example_skip_dag.py
[2026-08-21T12:29:40.144+0000] {processor.py:840} INFO - DAG(s) 'example_skip_dag' retrieved from /home/airflow/.local/lib/python3.8/site-packages/airflow/example_dags/example_skip_dag.py
[2026-08-21T12:29:40.166+0000] {logging_mixin.py:188} INFO - [2026-08-21T12:29:40.166+0000] {dag.py:3036} INFO - Sync 1 DAGs
[2026-08-21T12:29:40.187+0000] {logging_mixin.py:188} INFO - [2026-08-21T12:29:40.186+0000] {dag.py:3823} INFO - Setting next_dagrun for example_skip_dag to 2026-08-20 00:00:00+00:00, run_after=2026-08-21 00:00:00+00:00
[2026-08-21T12:29:40.205+0000] {processor.py:183} INFO - Processing /home/airflow/.local/lib/python3.8/site-packages/airflow/example_dags/example_skip_dag.py took 0.075 seconds
[2026-08-21T12:30:10.580+0000] {processor.py:161} INFO - Started process (PID=7137) to work on /home/airflow/.local/lib/python3.8/site-packages/airflow/example_dags/example_skip_dag.py
[2026-08-21T12:30:10.581+0000] {processor.py:830} INFO - Processing file /home/airflow/.local/lib/python3.8/site-packages/airflow/example_dags/example_skip_dag.py for tasks to queue
[2026-08-21T12:30:10.584+0000] {logging_mixin.py:188} INFO - [2026-08-21T12:30:10.584+0000] {dagbag.py:538} INFO - Filling up the DagBag from /home/airflow/.local/lib/python3.8/site-packages/airflow/example_dags/example_skip_dag.py
[2026-08-21T12:30:10.592+0000] {processor.py:840} INFO - DAG(s) 'example_skip_dag' retrieved from /home/airflow/.local/lib/python3.8/site-packages/airflow/example_dags/example_skip_dag.py
[2026-08-21T12:30:10.615+0000] {logging_mixin.py:188} INFO - [2026-08-21T12:30:10.615+0000] {dag.py:3036} INFO - Sync 1 DAGs
[2026-08-21T12:30:10.638+0000] {logging_mixin.py:188} INFO - [2026-08-21T12:30:10.638+0000] {dag.py:3823} INFO - Setting next_dagrun for example_skip_dag to 2026-08-20 00:00:00+00:00, run_after=2026-08-21 00:00:00+00:00
[2026-08-21T12:30:10.658+0000] {processor.py:183} INFO - Processing /home/airflow/.local/lib/python3.8/site-packages/airflow/example_dags/example_skip_dag.py took 0.082 seconds
[2026-08-21T12:30:41.474+0000] {processor.py:161} INFO - Started process (PID=7225) to work on /home/airflow/.local/lib/python3.8/site-packages/airflow/example_dags/example_skip_dag.py
[2026-08-21T12:30:41.476+0000] {processor.py:830} INFO - Processing file /home/airflow/.local/lib/python3.8/site-packages/airflow/example_dags/example_skip_dag.py for tasks to queue
[2026-08-21T12:30:41.478+0000] {logging_mixin.py:188} INFO - [2026-08-21T12:30:41.477+0000] {dagbag.py:538} INFO - Filling up the DagBag from /home/airflow/.local/lib/python3.8/site-packages/airflow/example_dags/example_skip_dag.py
[2026-08-21T12:30:41.484+0000] {processor.py:840} INFO - DAG(s) 'example_skip_dag' retrieved from /home/airflow/.local/lib/python3.8/site-packages/airflow/example_dags/example_skip_dag.py
[2026-08-21T12:30:41.507+0000] {logging_mixin.py:188} INFO - [2026-08-21T12:30:41.506+0000] {dag.py:3036} INFO - Sync 1 DAGs
[2026-08-21T12:30:41.526+0000] {logging_mixin.py:188} INFO - [2026-08-21T12:30:41.526+0000] {dag.py:3823} INFO - Setting next_dagrun for example_skip_dag to 2026-08-20 00:00:00+00:00, run_after=2026-08-21 00:00:00+00:00
[2026-08-21T12:30:41.543+0000] {processor.py:183} INFO - Processing /home/airflow/.local/lib/python3.8/site-packages/airflow/example_dags/example_skip_dag.py took 0.073 seconds
[2026-08-21T12:31:12.061+0000] {processor.py:161} INFO - Started process (PID=7313) to work on /home/airflow/.local/lib/python3.8/site-packages/airflow/example_dags/example_skip_dag.py
[2026-08-21T12:31:12.063+0000] {processor.py:830} INFO - Processing file /home/airflow/.local/lib/python3.8/site-packages/airflow/example_dags/example_skip_dag.py for tasks to queue
[2026-08-21T12:31:12.065+0000] {logging_mixin.py:188} INFO - [2026-08-21T12:31:12.065+0000] {dagbag.py:538} INFO - Filling up the DagBag from /home/airflow/.local/lib/python3.8/site-packages/airflow/example_dags/example_skip_dag.py
[2026-08-21T12:31:12.072+0000] {processor.py:840} INFO - DAG(s) 'example_skip_dag' retrieved from /home/airflow/.local/lib/python3.8/site-packages/airflow/example_dags/example_skip_dag.py
[2026-08-21T12:31:12.098+0000] {logging_mixin.py:188} INFO - [2026-08-21T12:31:12.098+0000] {dag.py:3036} INFO - Sync 1 DAGs
[2026-08-21T12:31:12.120+0000] {logging_mixin.py:188} INFO - [2026-08-21T12:31:12.120+0000] {dag.py:3823} INFO - Setting next_dagrun for example_skip_dag to 2026-08-20 00:00:00+00:00, run_after=2026-08-21 00:00:00+00:00
[2026-08-21T12:31:12.141+0000] {processor.py:183} INFO - Processing /home/airflow/.local/lib/python3.8/site-packages/airflow/example_dags/example_skip_dag.py took 0.084 seconds
[2026-08-21T12:31:43.043+0000] {processor.py:161} INFO - Started process (PID=7400) to work on /home/airflow/.local/lib/python3.8/site-packages/airflow/example_dags/example_skip_dag.py
[2026-08-21T12:31:43.044+0000] {processor.py:830} INFO - Processing file /home/airflow/.local/lib/python3.8/site-packages/airflow/example_dags/example_skip_dag.py for tasks to queue
[2026-08-21T12:31:43.047+0000] {logging_mixin.py:188} INFO - [2026-08-21T12:31:43.046+0000] {dagbag.py:538} INFO - Filling up the DagBag from /home/airflow/.local/lib/python3.8/site-packages/airflow/example_dags/example_skip_dag.py
[2026-08-21T12:31:43.055+0000] {processor.py:840} INFO - DAG(s) 'example_skip_dag' retrieved from /home/airflow/.local/lib/python3.8/site-packages/airflow/example_dags/example_skip_dag.py
[2026-08-21T12:31:43.085+0000] {logging_mixin.py:188} INFO - [2026-08-21T12:31:43.084+0000] {dag.py:3036} INFO - Sync 1 DAGs
[2026-08-21T12:31:43.112+0000] {logging_mixin.py:188} INFO - [2026-08-21T12:31:43.112+0000] {dag.py:3823} INFO - Setting next_dagrun for example_skip_dag to 2026-08-20 00:00:00+00:00, run_after=2026-08-21 00:00:00+00:00
[2026-08-21T12:31:43.135+0000] {processor.py:183} INFO - Processing /home/airflow/.local/lib/python3.8/site-packages/airflow/example_dags/example_skip_dag.py took 0.096 seconds
