[2026-08-21T11:43:26.200+0000] {processor.py:161} INFO - Started process (PID=137) to work on /home/airflow/.local/lib/python3.8/site-packages/airflow/example_dags/example_sla_dag.py
[2026-08-21T11:43:26.202+0000] {processor.py:830} INFO - Processing file /home/airflow/.local/lib/python3.8/site-packages/airflow/example_dags/example_sla_dag.py for tasks to queue
[2026-08-21T11:43:26.204+0000] {logging_mixin.py:188} INFO - [2026-08-21T11:43:26.204+0000] {dagbag.py:538} INFO - Filling up the DagBag from /home/airflow/.local/lib/python3.8/site-packages/airflow/example_dags/example_sla_dag.py
[2026-08-21T11:43:26.225+0000] {processor.py:840} INFO - DAG(s) 'example_sla_dag' retrieved from /home/airflow/.local/lib/python3.8/site-packages/airflow/example_dags/example_sla_dag.py
[2026-08-21T11:43:26.397+0000] {logging_mixin.py:188} INFO - [2026-08-21T11:43:26.396+0000] {dag.py:3036} INFO - Sync 1 DAGs
[2026-08-21T11:43:26.438+0000] {logging_mixin.py:188} INFO - [2026-08-21T11:43:26.437+0000] {dag.py:3823} INFO - Setting next_dagrun for example_sla_dag to 2026-08-21 11:40:00+00:00, run_after=2026-08-21 11:42:00+00:00
[2026-08-21T11:43:26.476+0000] {processor.py:183} INFO - Processing /home/airflow/.local/lib/python3.8/site-packages/airflow/example_dags/example_sla_dag.py took 0.280 seconds
[2026-08-21T11:43:57.252+0000] {processor.py:161} INFO - Started process (PID=223) to work on /home/airflow/.local/lib/python3.8/site-packages/airflow/example_dags/example_sla_dag.py
[2026-08-21T11:43:57.254+0000] {processor.py:830} INFO - Processing file /home/airflow/.local/lib/python3.8/site-packages/airflow/example_dags/example_sla_dag.py for tasks to queue
[2026-08-21T11:43:57.258+0000] {logging_mixin.py:188} INFO - [2026-08-21T11:43:57.258+0000] {dagbag.py:538} INFO - Filling up the DagBag from /home/airflow/.local/lib/python3.8/site-packages/airflow/example_dags/example_sla_dag.py
[2026-08-21T11:43:57.275+0000] {processor.py:840} INFO - DAG(s) 'example_sla_dag' retrieved from /home/airflow/.local/lib/python3.8/site-packages/airflow/example_dags/example_sla_dag.py
[2026-08-21T11:43:57.304+0000] {logging_mixin.py:188} INFO - [2026-08-21T11:43:57.304+0000] {dag.py:3036} INFO - Sync 1 DAGs
[2026-08-21T11:43:57.340+0000] {logging_mixin.py:188} INFO - [2026-08-21T11:43:57.340+0000] {dag.py:3823} INFO - Setting next_dagrun for example_sla_dag to 2026-08-21 11:40:00+00:00, run_after=2026-08-21 11:42:00+00:00
[2026-08-21T11:43:57.368+0000] {processor.py:183} INFO - Processing /home/airflow/.local/lib/python3.8/site-packages/airflow/example_dags/example_sla_dag.py took 0.123 seconds
[2026-08-21T11:44:27.561+0000] {processor.py:161} INFO - Started process (PID=309) to work on /home/airflow/.local/lib/python3.8/site-packages/airflow/example_dags/example_sla_dag.py
[2026-08-21T11:44:27.563+0000] {processor.py:830} INFO - Processing file /home/airflow/.local/lib/python3.8/site-packages/airflow/example_dags/example_sla_dag.py for tasks to queue
[2026-08-21T11:44:27.565+0000] {logging_mixin.py:188} INFO - [2026-08-21T11:44:27.564+0000] {dagbag.py:538} INFO - Filling up the DagBag from /home/airflow/.local/lib/python3.8/site-packages/airflow/example_dags/example_sla_dag.py
[2026-08-21T11:44:27.574+0000] {processor.py:840} INFO - DAG(s) 'example_sla_dag' retrieved from /home/airflow/.local/lib/python3.8/site-packages/airflow/example_dags/example_sla_dag.py
[2026-08-21T11:44:27.586+0000] {logging_mixin.py:188} INFO - [2026-08-21T11:44:27.585+0000] {dag.py:3036} INFO - Sync 1 DAGs
[2026-08-21T11:44:27.610+0000] {logging_mixin.py:188} INFO - [2026-08-21T11:44:27.610+0000] {dag.py:3823} INFO - Setting next_dagrun for example_sla_dag to 2026-08-21 11:42:00+00:00, run_after=2026-08-21 11:44:00+00:00
[2026-08-21T11:44:27.631+0000] {processor.py:183} INFO - Processing /home/airflow/.local/lib/python3.8/site-packages/airflow/example_dags/example_sla_dag.py took 0.073 seconds
[2026-08-21T11:45:02.544+0000] {processor.py:161} INFO - Started process (PID=404) to work on /home/airflow/.local/lib/python3.8/site-packages/airflow/example_dags/example_sla_dag.py
[2026-08-21T11:45:02.545+0000] {processor.py:830} INFO - Processing file /home/airflow/.local/lib/python3.8/site-packages/airflow/example_dags/example_sla_dag.py for tasks to queue
[2026-08-21T11:45:02.548+0000] {logging_mixin.py:188} INFO - [2026-08-21T11:45:02.548+0000] {dagbag.py:538} INFO - Filling up the DagBag from /home/airflow/.local/lib/python3.8/site-packages/airflow/example_dags/example_sla_dag.py
[2026-08-21T11:45:02.561+0000] {processor.py:840} INFO - DAG(s) 'example_sla_dag' retrieved from /home/airflow/.local/lib/python3.8/site-packages/airflow/example_dags/example_sla_dag.py
[2026-08-21T11:45:02.579+0000] {logging_mixin.py:188} INFO - [2026-08-21T11:45:02.578+0000] {dag.py:3036} INFO - Sync 1 DAGs
[2026-08-21T11:45:02.614+0000] {logging_mixin.py:188} INFO - [2026-08-21T11:45:02.613+0000] {dag.py:3823} INFO - Setting next_dagrun for example_sla_dag to 2026-08-21 11:42:00+00:00, run_after=2026-08-21 11:44:00+00:00
[2026-08-21T11:45:02.642+0000] {processor.py:183} INFO - Processing /home/airflow/.local/lib/python3.8/site-packages/airflow/example_dags/example_sla_dag.py took 0.103 seconds
[2026-08-21T11:45:33.126+0000] {processor.py:161} INFO - Started process (PID=494) to work on /home/airflow/.local/lib/python3.8/site-packages/airflow/example_dags/example_sla_dag.py
[2026-08-21T11:45:33.127+0000] {processor.py:830} INFO - Processing file /home/airflow/.local/lib/python3.8/site-packages/airflow/example_dags/example_sla_dag.py for tasks to queue
[2026-08-21T11:45:33.130+0000] {logging_mixin.py:188} INFO - [2026-08-21T11:45:33.129+0000] {dagbag.py:538} INFO - Filling up the DagBag from /home/airflow/.local/lib/python3.8/site-packages/airflow/example_dags/example_sla_dag.py
[2026-08-21T11:45:33.139+0000] {processor.py:840} INFO - DAG(s) 'example_sla_dag' retrieved from /home/airflow/.local/lib/python3.8/site-packages/airflow/example_dags/example_sla_dag.py
[2026-08-21T11:45:33.260+0000] {logging_mixin.py:188} INFO - [2026-08-21T11:45:33.259+0000] {dag.py:3036} INFO - Sync 1 DAGs
[2026-08-21T11:45:33.297+0000] {logging_mixin.py:188} INFO - [2026-08-21T11:45:33.297+0000] {dag.py:3823} INFO - Setting next_dagrun for example_sla_dag to 2026-08-21 11:42:00+00:00, run_after=2026-08-21 11:44:00+00:00
[2026-08-21T11:45:33.324+0000] {processor.py:183} INFO - Processing /home/airflow/.local/lib/python3.8/site-packages/airflow/example_dags/example_sla_dag.py took 0.202 seconds
[2026-08-21T11:46:03.444+0000] {processor.py:161} INFO - Started process (PID=580) to work on /home/airflow/.local/lib/python3.8/site-packages/airflow/example_dags/example_sla_dag.py
[2026-08-21T11:46:03.445+0000] {processor.py:830} INFO - Processing file /home/airflow/.local/lib/python3.8/site-packages/airflow/example_dags/example_sla_dag.py for tasks to queue
[2026-08-21T11:46:03.447+0000] {logging_mixin.py:188} INFO - [2026-08-21T11:46:03.447+0000] {dagbag.py:538} INFO - Filling up the DagBag from /home/airflow/.local/lib/python3.8/site-packages/airflow/example_dags/example_sla_dag.py
[2026-08-21T11:46:03.456+0000] {processor.py:840} INFO - DAG(s) 'example_sla_dag' retrieved from /home/airflow/.local/lib/python3.8/site-packages/airflow/example_dags/example_sla_dag.py
[2026-08-21T11:46:03.470+0000] {logging_mixin.py:188} INFO - [2026-08-21T11:46:03.469+0000] {dag.py:3036} INFO - Sync 1 DAGs
[2026-08-21T11:46:03.496+0000] {logging_mixin.py:188} INFO - [2026-08-21T11:46:03.496+0000] {dag.py:3823} INFO - Setting next_dagrun for example_sla_dag to 2026-08-21 11:44:00+00:00, run_after=2026-08-21 11:46:00+00:00
[2026-08-21T11:46:03.513+0000] {processor.py:183} INFO - Processing /home/airflow/.local/lib/python3.8/site-packages/airflow/example_dags/example_sla_dag.py took 0.073 seconds
[2026-08-21T11:46:33.897+0000] {processor.py:161} INFO - Started process (PID=671) to work on /home/airflow/.local/lib/python3.8/site-packages/airflow/example_dags/example_sla_dag.py
[2026-08-21T11:46:33.899+0000] {processor.py:830} INFO - Processing file /home/airflow/.local/lib/python3.8/site-packages/airflow/example_dags/example_sla_dag.py for tasks to queue
[2026-08-21T11:46:33.901+0000] {logging_mixin.py:188} INFO - [2026-08-21T11:46:33.901+0000] {dagbag.py:538} INFO - Filling up the DagBag from /home/airflow/.local/lib/python3.8/site-packages/airflow/example_dags/example_sla_dag.py
[2026-08-21T11:46:33.911+0000] {processor.py:840} INFO - DAG(s) 'example_sla_dag' retrieved from /home/airflow/.local/lib/python3.8/site-packages/airflow/example_dags/example_sla_dag.py
[2026-08-21T11:46:33.930+0000] {logging_mixin.py:188} INFO - [2026-08-21T11:46:33.929+0000] {dag.py:3036} INFO - Sync 1 DAGs
[2026-08-21T11:46:33.970+0000] {logging_mixin.py:188} INFO - [2026-08-21T11:46:33.970+0000] {dag.py:3823} INFO - Setting next_dagrun for example_sla_dag to 2026-08-21 11:44:00+00:00, run_after=2026-08-21 11:46:00+00:00
[2026-08-21T11:46:34.005+0000] {processor.py:183} INFO - Processing /home/airflow/.local/lib/python3.8/site-packages/airflow/example_dags/example_sla_dag.py took 0.112 seconds
[2026-08-21T11:47:07.369+0000] {processor.py:161} INFO - Started process (PID=756) to work on /home/airflow/.local/lib/python3.8/site-packages/airflow/example_dags/example_sla_dag.py
[2026-08-21T11:47:07.371+0000] {processor.py:830} INFO - Processing file /home/airflow/.local/lib/python3.8/site-packages/airflow/example_dags/example_sla_dag.py for tasks to queue
[2026-08-21T11:47:07.373+0000] {logging_mixin.py:188} INFO - [2026-08-21T11:47:07.373+0000] {dagbag.py:538} INFO - Filling up the DagBag from /home/airflow/.local/lib/python3.8/site-packages/airflow/example_dags/example_sla_dag.py
[2026-08-21T11:47:07.382+0000] {processor.py:840} INFO - DAG(s) 'example_sla_dag' retrieved from /home/airflow/.local/lib/python3.8/site-packages/airflow/example_dags/example_sla_dag.py
[2026-08-21T11:47:07.747+0000] {logging_mixin.py:188} INFO - [2026-08-21T11:47:07.747+0000] {dag.py:3036} INFO - Sync 1 DAGs
[2026-08-21T11:47:07.770+0000] {logging_mixin.py:188} INFO - [2026-08-21T11:47:07.770+0000] {dag.py:3823} INFO - Setting next_dagrun for example_sla_dag to 2026-08-21 11:44:00+00:00, run_after=2026-08-21 11:46:00+00:00
[2026-08-21T11:47:07.793+0000] {processor.py:183} INFO - Processing /home/airflow/.local/lib/python3.8/site-packages/airflow/example_dags/example_sla_dag.py took 0.429 seconds
[2026-08-21T11:47:38.797+0000] {processor.py:161} INFO - Started process (PID=842) to work on /home/airflow/.local/lib/python3.8/site-packages/airflow/example_dags/example_sla_dag.py
[2026-08-21T11:47:38.799+0000] {processor.py:830} INFO - Processing file /home/airflow/.local/lib/python3.8/site-packages/airflow/example_dags/example_sla_dag.py for tasks to queue
[2026-08-21T11:47:38.801+0000] {logging_mixin.py:188} INFO - [2026-08-21T11:47:38.801+0000] {dagbag.py:538} INFO - Filling up the DagBag from /home/airflow/.local/lib/python3.8/site-packages/airflow/example_dags/example_sla_dag.py
[2026-08-21T11:47:38.809+0000] {processor.py:840} INFO - DAG(s) 'example_sla_dag' retrieved from /home/airflow/.local/lib/python3.8/site-packages/airflow/example_dags/example_sla_dag.py
[2026-08-21T11:47:38.829+0000] {logging_mixin.py:188} INFO - [2026-08-21T11:47:38.828+0000] {dag.py:3036} INFO - Sync 1 DAGs
[2026-08-21T11:47:38.851+0000] {logging_mixin.py:188} INFO - [2026-08-21T11:47:38.851+0000] {dag.py:3823} INFO - Setting next_dagrun for example_sla_dag to 2026-08-21 11:44:00+00:00, run_after=2026-08-21 11:46:00+00:00
[2026-08-21T11:47:38.910+0000] {processor.py:183} INFO - Processing /home/airflow/.local/lib/python3.8/site-packages/airflow/example_dags/example_sla_dag.py took 0.116 seconds
[2026-08-21T11:48:09.358+0000] {processor.py:161} INFO - Started process (PID=930) to work on /home/airflow/.local/lib/python3.8/site-packages/airflow/example_dags/example_sla_dag.py
[2026-08-21T11:48:09.359+0000] {processor.py:830} INFO - Processing file /home/airflow/.local/lib/python3.8/site-packages/airflow/example_dags/example_sla_dag.py for tasks to queue
[2026-08-21T11:48:09.361+0000] {logging_mixin.py:188} INFO - [2026-08-21T11:48:09.361+0000] {dagbag.py:538} INFO - Filling up the DagBag from /home/airflow/.local/lib/python3.8/site-packages/airflow/example_dags/example_sla_dag.py
[2026-08-21T11:48:09.369+0000] {processor.py:840} INFO - DAG(s) 'example_sla_dag' retrieved from /home/airflow/.local/lib/python3.8/site-packages/airflow/example_dags/example_sla_dag.py
[2026-08-21T11:48:09.393+0000] {logging_mixin.py:188} INFO - [2026-08-21T11:48:09.393+0000] {dag.py:3036} INFO - Sync 1 DAGs
[2026-08-21T11:48:09.419+0000] {logging_mixin.py:188} INFO - [2026-08-21T11:48:09.419+0000] {dag.py:3823} INFO - Setting next_dagrun for example_sla_dag to 2026-08-21 11:46:00+00:00, run_after=2026-08-21 11:48:00+00:00
[2026-08-21T11:48:09.512+0000] {processor.py:183} INFO - Processing /home/airflow/.local/lib/python3.8/site-packages/airflow/example_dags/example_sla_dag.py took 0.157 seconds
[2026-08-21T11:48:46.901+0000] {processor.py:161} INFO - Started process (PID=106) to work on /home/airflow/.local/lib/python3.8/site-packages/airflow/example_dags/example_sla_dag.py
[2026-08-21T11:48:46.903+0000] {processor.py:830} INFO - Processing file /home/airflow/.local/lib/python3.8/site-packages/airflow/example_dags/example_sla_dag.py for tasks to queue
[2026-08-21T11:48:46.905+0000] {logging_mixin.py:188} INFO - [2026-08-21T11:48:46.904+0000] {dagbag.py:538} INFO - Filling up the DagBag from /home/airflow/.local/lib/python3.8/site-packages/airflow/example_dags/example_sla_dag.py
[2026-08-21T11:48:46.914+0000] {processor.py:840} INFO - DAG(s) 'example_sla_dag' retrieved from /home/airflow/.local/lib/python3.8/site-packages/airflow/example_dags/example_sla_dag.py
[2026-08-21T11:48:46.934+0000] {logging_mixin.py:188} INFO - [2026-08-21T11:48:46.933+0000] {dag.py:3036} INFO - Sync 1 DAGs
[2026-08-21T11:48:46.956+0000] {logging_mixin.py:188} INFO - [2026-08-21T11:48:46.955+0000] {dag.py:3823} INFO - Setting next_dagrun for example_sla_dag to 2026-08-21 11:46:00+00:00, run_after=2026-08-21 11:48:00+00:00
[2026-08-21T11:48:47.044+0000] {processor.py:183} INFO - Processing /home/airflow/.local/lib/python3.8/site-packages/airflow/example_dags/example_sla_dag.py took 0.147 seconds
[2026-08-21T11:49:18.353+0000] {processor.py:161} INFO - Started process (PID=194) to work on /home/airflow/.local/lib/python3.8/site-packages/airflow/example_dags/example_sla_dag.py
[2026-08-21T11:49:18.354+0000] {processor.py:830} INFO - Processing file /home/airflow/.local/lib/python3.8/site-packages/airflow/example_dags/example_sla_dag.py for tasks to queue
[2026-08-21T11:49:18.356+0000] {logging_mixin.py:188} INFO - [2026-08-21T11:49:18.356+0000] {dagbag.py:538} INFO - Filling up the DagBag from /home/airflow/.local/lib/python3.8/site-packages/airflow/example_dags/example_sla_dag.py
[2026-08-21T11:49:18.365+0000] {processor.py:840} INFO - DAG(s) 'example_sla_dag' retrieved from /home/airflow/.local/lib/python3.8/site-packages/airflow/example_dags/example_sla_dag.py
[2026-08-21T11:49:18.385+0000] {logging_mixin.py:188} INFO - [2026-08-21T11:49:18.385+0000] {dag.py:3036} INFO - Sync 1 DAGs
[2026-08-21T11:49:18.411+0000] {logging_mixin.py:188} INFO - [2026-08-21T11:49:18.410+0000] {dag.py:3823} INFO - Setting next_dagrun for example_sla_dag to 2026-08-21 11:46:00+00:00, run_after=2026-08-21 11:48:00+00:00
[2026-08-21T11:49:18.460+0000] {processor.py:183} INFO - Processing /home/airflow/.local/lib/python3.8/site-packages/airflow/example_dags/example_sla_dag.py took 0.110 seconds
[2026-08-21T11:49:48.559+0000] {processor.py:161} INFO - Started process (PID=283) to work on /home/airflow/.local/lib/python3.8/site-packages/airflow/example_dags/example_sla_dag.py
[2026-08-21T11:49:48.561+0000] {processor.py:830} INFO - Processing file /home/airflow/.local/lib/python3.8/site-packages/airflow/example_dags/example_sla_dag.py for tasks to queue
[2026-08-21T11:49:48.563+0000] {logging_mixin.py:188} INFO - [2026-08-21T11:49:48.563+0000] {dagbag.py:538} INFO - Filling up the DagBag from /home/airflow/.local/lib/python3.8/site-packages/airflow/example_dags/example_sla_dag.py
[2026-08-21T11:49:48.573+0000] {processor.py:840} INFO - DAG(s) 'example_sla_dag' retrieved from /home/airflow/.local/lib/python3.8/site-packages/airflow/example_dags/example_sla_dag.py
[2026-08-21T11:49:48.595+0000] {logging_mixin.py:188} INFO - [2026-08-21T11:49:48.595+0000] {dag.py:3036} INFO - Sync 1 DAGs
[2026-08-21T11:49:48.621+0000] {logging_mixin.py:188} INFO - [2026-08-21T11:49:48.620+0000] {dag.py:3823} INFO - Setting next_dagrun for example_sla_dag to 2026-08-21 11:46:00+00:00, run_after=2026-08-21 11:48:00+00:00
[2026-08-21T11:49:48.642+0000] {processor.py:183} INFO - Processing /home/airflow/.local/lib/python3.8/site-packages/airflow/example_dags/example_sla_dag.py took 0.086 seconds
[2026-08-21T11:50:19.430+0000] {processor.py:161} INFO - Started process (PID=371) to work on /home/airflow/.local/lib/python3.8/site-packages/airflow/example_dags/example_sla_dag.py
[2026-08-21T11:50:19.431+0000] {processor.py:830} INFO - Processing file /home/airflow/.local/lib/python3.8/site-packages/airflow/example_dags/example_sla_dag.py for tasks to queue
[2026-08-21T11:50:19.434+0000] {logging_mixin.py:188} INFO - [2026-08-21T11:50:19.434+0000] {dagbag.py:538} INFO - Filling up the DagBag from /home/airflow/.local/lib/python3.8/site-packages/airflow/example_dags/example_sla_dag.py
[2026-08-21T11:50:19.444+0000] {processor.py:840} INFO - DAG(s) 'example_sla_dag' retrieved from /home/airflow/.local/lib/python3.8/site-packages/airflow/example_dags/example_sla_dag.py
[2026-08-21T11:50:19.464+0000] {logging_mixin.py:188} INFO - [2026-08-21T11:50:19.464+0000] {dag.py:3036} INFO - Sync 1 DAGs
[2026-08-21T11:50:19.487+0000] {logging_mixin.py:188} INFO - [2026-08-21T11:50:19.486+0000] {dag.py:3823} INFO - Setting next_dagrun for example_sla_dag to 2026-08-21 11:48:00+00:00, run_after=2026-08-21 11:50:00+00:00
[2026-08-21T11:50:19.505+0000] {processor.py:183} INFO - Processing /home/airflow/.local/lib/python3.8/site-packages/airflow/example_dags/example_sla_dag.py took 0.080 seconds
[2026-08-21T11:50:51.577+0000] {processor.py:161} INFO - Started process (PID=459) to work on /home/airflow/.local/lib/python3.8/site-packages/airflow/example_dags/example_sla_dag.py
[2026-08-21T11:50:51.578+0000] {processor.py:830} INFO - Processing file /home/airflow/.local/lib/python3.8/site-packages/airflow/example_dags/example_sla_dag.py for tasks to queue
[2026-08-21T11:50:51.580+0000] {logging_mixin.py:188} INFO - [2026-08-21T11:50:51.580+0000] {dagbag.py:538} INFO - Filling up the DagBag from /home/airflow/.local/lib/python3.8/site-packages/airflow/example_dags/example_sla_dag.py
[2026-08-21T11:50:51.591+0000] {processor.py:840} INFO - DAG(s) 'example_sla_dag' retrieved from /home/airflow/.local/lib/python3.8/site-packages/airflow/example_dags/example_sla_dag.py
[2026-08-21T11:50:51.613+0000] {logging_mixin.py:188} INFO - [2026-08-21T11:50:51.613+0000] {dag.py:3036} INFO - Sync 1 DAGs
[2026-08-21T11:50:51.643+0000] {logging_mixin.py:188} INFO - [2026-08-21T11:50:51.642+0000] {dag.py:3823} INFO - Setting next_dagrun for example_sla_dag to 2026-08-21 11:48:00+00:00, run_after=2026-08-21 11:50:00+00:00
[2026-08-21T11:50:51.671+0000] {processor.py:183} INFO - Processing /home/airflow/.local/lib/python3.8/site-packages/airflow/example_dags/example_sla_dag.py took 0.099 seconds
[2026-08-21T11:51:22.497+0000] {processor.py:161} INFO - Started process (PID=547) to work on /home/airflow/.local/lib/python3.8/site-packages/airflow/example_dags/example_sla_dag.py
[2026-08-21T11:51:22.498+0000] {processor.py:830} INFO - Processing file /home/airflow/.local/lib/python3.8/site-packages/airflow/example_dags/example_sla_dag.py for tasks to queue
[2026-08-21T11:51:22.500+0000] {logging_mixin.py:188} INFO - [2026-08-21T11:51:22.500+0000] {dagbag.py:538} INFO - Filling up the DagBag from /home/airflow/.local/lib/python3.8/site-packages/airflow/example_dags/example_sla_dag.py
[2026-08-21T11:51:22.508+0000] {processor.py:840} INFO - DAG(s) 'example_sla_dag' retrieved from /home/airflow/.local/lib/python3.8/site-packages/airflow/example_dags/example_sla_dag.py
[2026-08-21T11:51:22.527+0000] {logging_mixin.py:188} INFO - [2026-08-21T11:51:22.527+0000] {dag.py:3036} INFO - Sync 1 DAGs
[2026-08-21T11:51:22.550+0000] {logging_mixin.py:188} INFO - [2026-08-21T11:51:22.550+0000] {dag.py:3823} INFO - Setting next_dagrun for example_sla_dag to 2026-08-21 11:48:00+00:00, run_after=2026-08-21 11:50:00+00:00
[2026-08-21T11:51:22.568+0000] {processor.py:183} INFO - Processing /home/airflow/.local/lib/python3.8/site-packages/airflow/example_dags/example_sla_dag.py took 0.075 seconds
[2026-08-21T11:51:53.089+0000] {processor.py:161} INFO - Started process (PID=635) to work on /home/airflow/.local/lib/python3.8/site-packages/airflow/example_dags/example_sla_dag.py
[2026-08-21T11:51:53.090+0000] {processor.py:830} INFO - Processing file /home/airflow/.local/lib/python3.8/site-packages/airflow/example_dags/example_sla_dag.py for tasks to queue
[2026-08-21T11:51:53.093+0000] {logging_mixin.py:188} INFO - [2026-08-21T11:51:53.092+0000] {dagbag.py:538} INFO - Filling up the DagBag from /home/airflow/.local/lib/python3.8/site-packages/airflow/example_dags/example_sla_dag.py
[2026-08-21T11:51:53.102+0000] {processor.py:840} INFO - DAG(s) 'example_sla_dag' retrieved from /home/airflow/.local/lib/python3.8/site-packages/airflow/example_dags/example_sla_dag.py
[2026-08-21T11:51:53.122+0000] {logging_mixin.py:188} INFO - [2026-08-21T11:51:53.122+0000] {dag.py:3036} INFO - Sync 1 DAGs
[2026-08-21T11:51:53.145+0000] {logging_mixin.py:188} INFO - [2026-08-21T11:51:53.144+0000] {dag.py:3823} INFO - Setting next_dagrun for example_sla_dag to 2026-08-21 11:48:00+00:00, run_after=2026-08-21 11:50:00+00:00
[2026-08-21T11:51:53.164+0000] {processor.py:183} INFO - Processing /home/airflow/.local/lib/python3.8/site-packages/airflow/example_dags/example_sla_dag.py took 0.078 seconds
[2026-08-21T11:52:23.838+0000] {processor.py:161} INFO - Started process (PID=723) to work on /home/airflow/.local/lib/python3.8/site-packages/airflow/example_dags/example_sla_dag.py
[2026-08-21T11:52:23.839+0000] {processor.py:830} INFO - Processing file /home/airflow/.local/lib/python3.8/site-packages/airflow/example_dags/example_sla_dag.py for tasks to queue
[2026-08-21T11:52:23.841+0000] {logging_mixin.py:188} INFO - [2026-08-21T11:52:23.841+0000] {dagbag.py:538} INFO - Filling up the DagBag from /home/airflow/.local/lib/python3.8/site-packages/airflow/example_dags/example_sla_dag.py
[2026-08-21T11:52:23.849+0000] {processor.py:840} INFO - DAG(s) 'example_sla_dag' retrieved from /home/airflow/.local/lib/python3.8/site-packages/airflow/example_dags/example_sla_dag.py
[2026-08-21T11:52:23.871+0000] {logging_mixin.py:188} INFO - [2026-08-21T11:52:23.871+0000] {dag.py:3036} INFO - Sync 1 DAGs
[2026-08-21T11:52:23.894+0000] {logging_mixin.py:188} INFO - [2026-08-21T11:52:23.893+0000] {dag.py:3823} INFO - Setting next_dagrun for example_sla_dag to 2026-08-21 11:50:00+00:00, run_after=2026-08-21 11:52:00+00:00
[2026-08-21T11:52:23.913+0000] {processor.py:183} INFO - Processing /home/airflow/.local/lib/python3.8/site-packages/airflow/example_dags/example_sla_dag.py took 0.079 seconds
[2026-08-21T11:52:54.410+0000] {processor.py:161} INFO - Started process (PID=811) to work on /home/airflow/.local/lib/python3.8/site-packages/airflow/example_dags/example_sla_dag.py
[2026-08-21T11:52:54.411+0000] {processor.py:830} INFO - Processing file /home/airflow/.local/lib/python3.8/site-packages/airflow/example_dags/example_sla_dag.py for tasks to queue
[2026-08-21T11:52:54.413+0000] {logging_mixin.py:188} INFO - [2026-08-21T11:52:54.413+0000] {dagbag.py:538} INFO - Filling up the DagBag from /home/airflow/.local/lib/python3.8/site-packages/airflow/example_dags/example_sla_dag.py
[2026-08-21T11:52:54.421+0000] {processor.py:840} INFO - DAG(s) 'example_sla_dag' retrieved from /home/airflow/.local/lib/python3.8/site-packages/airflow/example_dags/example_sla_dag.py
[2026-08-21T11:52:54.441+0000] {logging_mixin.py:188} INFO - [2026-08-21T11:52:54.440+0000] {dag.py:3036} INFO - Sync 1 DAGs
[2026-08-21T11:52:54.463+0000] {logging_mixin.py:188} INFO - [2026-08-21T11:52:54.462+0000] {dag.py:3823} INFO - Setting next_dagrun for example_sla_dag to 2026-08-21 11:50:00+00:00, run_after=2026-08-21 11:52:00+00:00
[2026-08-21T11:52:54.481+0000] {processor.py:183} INFO - Processing /home/airflow/.local/lib/python3.8/site-packages/airflow/example_dags/example_sla_dag.py took 0.075 seconds
[2026-08-21T11:53:25.050+0000] {processor.py:161} INFO - Started process (PID=899) to work on /home/airflow/.local/lib/python3.8/site-packages/airflow/example_dags/example_sla_dag.py
[2026-08-21T11:53:25.051+0000] {processor.py:830} INFO - Processing file /home/airflow/.local/lib/python3.8/site-packages/airflow/example_dags/example_sla_dag.py for tasks to queue
[2026-08-21T11:53:25.053+0000] {logging_mixin.py:188} INFO - [2026-08-21T11:53:25.053+0000] {dagbag.py:538} INFO - Filling up the DagBag from /home/airflow/.local/lib/python3.8/site-packages/airflow/example_dags/example_sla_dag.py
[2026-08-21T11:53:25.062+0000] {processor.py:840} INFO - DAG(s) 'example_sla_dag' retrieved from /home/airflow/.local/lib/python3.8/site-packages/airflow/example_dags/example_sla_dag.py
[2026-08-21T11:53:25.081+0000] {logging_mixin.py:188} INFO - [2026-08-21T11:53:25.081+0000] {dag.py:3036} INFO - Sync 1 DAGs
[2026-08-21T11:53:25.103+0000] {logging_mixin.py:188} INFO - [2026-08-21T11:53:25.103+0000] {dag.py:3823} INFO - Setting next_dagrun for example_sla_dag to 2026-08-21 11:50:00+00:00, run_after=2026-08-21 11:52:00+00:00
[2026-08-21T11:53:25.122+0000] {processor.py:183} INFO - Processing /home/airflow/.local/lib/python3.8/site-packages/airflow/example_dags/example_sla_dag.py took 0.075 seconds
[2026-08-21T11:53:55.590+0000] {processor.py:161} INFO - Started process (PID=986) to work on /home/airflow/.local/lib/python3.8/site-packages/airflow/example_dags/example_sla_dag.py
[2026-08-21T11:53:55.592+0000] {processor.py:830} INFO - Processing file /home/airflow/.local/lib/python3.8/site-packages/airflow/example_dags/example_sla_dag.py for tasks to queue
[2026-08-21T11:53:55.594+0000] {logging_mixin.py:188} INFO - [2026-08-21T11:53:55.593+0000] {dagbag.py:538} INFO - Filling up the DagBag from /home/airflow/.local/lib/python3.8/site-packages/airflow/example_dags/example_sla_dag.py
[2026-08-21T11:53:55.602+0000] {processor.py:840} INFO - DAG(s) 'example_sla_dag' retrieved from /home/airflow/.local/lib/python3.8/site-packages/airflow/example_dags/example_sla_dag.py
[2026-08-21T11:53:55.621+0000] {logging_mixin.py:188} INFO - [2026-08-21T11:53:55.621+0000] {dag.py:3036} INFO - Sync 1 DAGs
[2026-08-21T11:53:55.646+0000] {logging_mixin.py:188} INFO - [2026-08-21T11:53:55.645+0000] {dag.py:3823} INFO - Setting next_dagrun for example_sla_dag to 2026-08-21 11:50:00+00:00, run_after=2026-08-21 11:52:00+00:00
[2026-08-21T11:53:55.664+0000] {processor.py:183} INFO - Processing /home/airflow/.local/lib/python3.8/site-packages/airflow/example_dags/example_sla_dag.py took 0.077 seconds
[2026-08-21T11:54:26.878+0000] {processor.py:161} INFO - Started process (PID=1073) to work on /home/airflow/.local/lib/python3.8/site-packages/airflow/example_dags/example_sla_dag.py
[2026-08-21T11:54:26.880+0000] {processor.py:830} INFO - Processing file /home/airflow/.local/lib/python3.8/site-packages/airflow/example_dags/example_sla_dag.py for tasks to queue
[2026-08-21T11:54:26.883+0000] {logging_mixin.py:188} INFO - [2026-08-21T11:54:26.883+0000] {dagbag.py:538} INFO - Filling up the DagBag from /home/airflow/.local/lib/python3.8/site-packages/airflow/example_dags/example_sla_dag.py
[2026-08-21T11:54:26.892+0000] {processor.py:840} INFO - DAG(s) 'example_sla_dag' retrieved from /home/airflow/.local/lib/python3.8/site-packages/airflow/example_dags/example_sla_dag.py
[2026-08-21T11:54:26.915+0000] {logging_mixin.py:188} INFO - [2026-08-21T11:54:26.915+0000] {dag.py:3036} INFO - Sync 1 DAGs
[2026-08-21T11:54:26.942+0000] {logging_mixin.py:188} INFO - [2026-08-21T11:54:26.941+0000] {dag.py:3823} INFO - Setting next_dagrun for example_sla_dag to 2026-08-21 11:52:00+00:00, run_after=2026-08-21 11:54:00+00:00
[2026-08-21T11:54:26.959+0000] {processor.py:183} INFO - Processing /home/airflow/.local/lib/python3.8/site-packages/airflow/example_dags/example_sla_dag.py took 0.086 seconds
[2026-08-21T11:54:58.253+0000] {processor.py:161} INFO - Started process (PID=1160) to work on /home/airflow/.local/lib/python3.8/site-packages/airflow/example_dags/example_sla_dag.py
[2026-08-21T11:54:58.255+0000] {processor.py:830} INFO - Processing file /home/airflow/.local/lib/python3.8/site-packages/airflow/example_dags/example_sla_dag.py for tasks to queue
[2026-08-21T11:54:58.257+0000] {logging_mixin.py:188} INFO - [2026-08-21T11:54:58.256+0000] {dagbag.py:538} INFO - Filling up the DagBag from /home/airflow/.local/lib/python3.8/site-packages/airflow/example_dags/example_sla_dag.py
[2026-08-21T11:54:58.265+0000] {processor.py:840} INFO - DAG(s) 'example_sla_dag' retrieved from /home/airflow/.local/lib/python3.8/site-packages/airflow/example_dags/example_sla_dag.py
[2026-08-21T11:54:58.286+0000] {logging_mixin.py:188} INFO - [2026-08-21T11:54:58.286+0000] {dag.py:3036} INFO - Sync 1 DAGs
[2026-08-21T11:54:58.311+0000] {logging_mixin.py:188} INFO - [2026-08-21T11:54:58.311+0000] {dag.py:3823} INFO - Setting next_dagrun for example_sla_dag to 2026-08-21 11:52:00+00:00, run_after=2026-08-21 11:54:00+00:00
[2026-08-21T11:54:58.333+0000] {processor.py:183} INFO - Processing /home/airflow/.local/lib/python3.8/site-packages/airflow/example_dags/example_sla_dag.py took 0.083 seconds
[2026-08-21T11:55:28.699+0000] {processor.py:161} INFO - Started process (PID=1248) to work on /home/airflow/.local/lib/python3.8/site-packages/airflow/example_dags/example_sla_dag.py
[2026-08-21T11:55:28.701+0000] {processor.py:830} INFO - Processing file /home/airflow/.local/lib/python3.8/site-packages/airflow/example_dags/example_sla_dag.py for tasks to queue
[2026-08-21T11:55:28.705+0000] {logging_mixin.py:188} INFO - [2026-08-21T11:55:28.704+0000] {dagbag.py:538} INFO - Filling up the DagBag from /home/airflow/.local/lib/python3.8/site-packages/airflow/example_dags/example_sla_dag.py
[2026-08-21T11:55:28.720+0000] {processor.py:840} INFO - DAG(s) 'example_sla_dag' retrieved from /home/airflow/.local/lib/python3.8/site-packages/airflow/example_dags/example_sla_dag.py
[2026-08-21T11:55:28.747+0000] {logging_mixin.py:188} INFO - [2026-08-21T11:55:28.747+0000] {dag.py:3036} INFO - Sync 1 DAGs
[2026-08-21T11:55:28.772+0000] {logging_mixin.py:188} INFO - [2026-08-21T11:55:28.772+0000] {dag.py:3823} INFO - Setting next_dagrun for example_sla_dag to 2026-08-21 11:52:00+00:00, run_after=2026-08-21 11:54:00+00:00
[2026-08-21T11:55:28.794+0000] {processor.py:183} INFO - Processing /home/airflow/.local/lib/python3.8/site-packages/airflow/example_dags/example_sla_dag.py took 0.101 seconds
[2026-08-21T11:55:59.916+0000] {processor.py:161} INFO - Started process (PID=1335) to work on /home/airflow/.local/lib/python3.8/site-packages/airflow/example_dags/example_sla_dag.py
[2026-08-21T11:55:59.917+0000] {processor.py:830} INFO - Processing file /home/airflow/.local/lib/python3.8/site-packages/airflow/example_dags/example_sla_dag.py for tasks to queue
[2026-08-21T11:55:59.919+0000] {logging_mixin.py:188} INFO - [2026-08-21T11:55:59.919+0000] {dagbag.py:538} INFO - Filling up the DagBag from /home/airflow/.local/lib/python3.8/site-packages/airflow/example_dags/example_sla_dag.py
[2026-08-21T11:55:59.928+0000] {processor.py:840} INFO - DAG(s) 'example_sla_dag' retrieved from /home/airflow/.local/lib/python3.8/site-packages/airflow/example_dags/example_sla_dag.py
[2026-08-21T11:55:59.949+0000] {logging_mixin.py:188} INFO - [2026-08-21T11:55:59.949+0000] {dag.py:3036} INFO - Sync 1 DAGs
[2026-08-21T11:55:59.972+0000] {logging_mixin.py:188} INFO - [2026-08-21T11:55:59.972+0000] {dag.py:3823} INFO - Setting next_dagrun for example_sla_dag to 2026-08-21 11:52:00+00:00, run_after=2026-08-21 11:54:00+00:00
[2026-08-21T11:55:59.991+0000] {processor.py:183} INFO - Processing /home/airflow/.local/lib/python3.8/site-packages/airflow/example_dags/example_sla_dag.py took 0.079 seconds
[2026-08-21T11:56:30.844+0000] {processor.py:161} INFO - Started process (PID=1422) to work on /home/airflow/.local/lib/python3.8/site-packages/airflow/example_dags/example_sla_dag.py
[2026-08-21T11:56:30.846+0000] {processor.py:830} INFO - Processing file /home/airflow/.local/lib/python3.8/site-packages/airflow/example_dags/example_sla_dag.py for tasks to queue
[2026-08-21T11:56:30.848+0000] {logging_mixin.py:188} INFO - [2026-08-21T11:56:30.848+0000] {dagbag.py:538} INFO - Filling up the DagBag from /home/airflow/.local/lib/python3.8/site-packages/airflow/example_dags/example_sla_dag.py
[2026-08-21T11:56:30.860+0000] {processor.py:840} INFO - DAG(s) 'example_sla_dag' retrieved from /home/airflow/.local/lib/python3.8/site-packages/airflow/example_dags/example_sla_dag.py
[2026-08-21T11:56:30.897+0000] {logging_mixin.py:188} INFO - [2026-08-21T11:56:30.896+0000] {dag.py:3036} INFO - Sync 1 DAGs
[2026-08-21T11:56:30.941+0000] {logging_mixin.py:188} INFO - [2026-08-21T11:56:30.941+0000] {dag.py:3823} INFO - Setting next_dagrun for example_sla_dag to 2026-08-21 11:54:00+00:00, run_after=2026-08-21 11:56:00+00:00
[2026-08-21T11:56:30.978+0000] {processor.py:183} INFO - Processing /home/airflow/.local/lib/python3.8/site-packages/airflow/example_dags/example_sla_dag.py took 0.141 seconds
[2026-08-21T11:57:03.804+0000] {processor.py:161} INFO - Started process (PID=1509) to work on /home/airflow/.local/lib/python3.8/site-packages/airflow/example_dags/example_sla_dag.py
[2026-08-21T11:57:03.806+0000] {processor.py:830} INFO - Processing file /home/airflow/.local/lib/python3.8/site-packages/airflow/example_dags/example_sla_dag.py for tasks to queue
[2026-08-21T11:57:03.809+0000] {logging_mixin.py:188} INFO - [2026-08-21T11:57:03.809+0000] {dagbag.py:538} INFO - Filling up the DagBag from /home/airflow/.local/lib/python3.8/site-packages/airflow/example_dags/example_sla_dag.py
[2026-08-21T11:57:03.823+0000] {processor.py:840} INFO - DAG(s) 'example_sla_dag' retrieved from /home/airflow/.local/lib/python3.8/site-packages/airflow/example_dags/example_sla_dag.py
[2026-08-21T11:57:03.846+0000] {logging_mixin.py:188} INFO - [2026-08-21T11:57:03.846+0000] {dag.py:3036} INFO - Sync 1 DAGs
[2026-08-21T11:57:03.874+0000] {logging_mixin.py:188} INFO - [2026-08-21T11:57:03.873+0000] {dag.py:3823} INFO - Setting next_dagrun for example_sla_dag to 2026-08-21 11:54:00+00:00, run_after=2026-08-21 11:56:00+00:00
[2026-08-21T11:57:03.900+0000] {processor.py:183} INFO - Processing /home/airflow/.local/lib/python3.8/site-packages/airflow/example_dags/example_sla_dag.py took 0.102 seconds
[2026-08-21T11:57:34.931+0000] {processor.py:161} INFO - Started process (PID=1597) to work on /home/airflow/.local/lib/python3.8/site-packages/airflow/example_dags/example_sla_dag.py
[2026-08-21T11:57:34.933+0000] {processor.py:830} INFO - Processing file /home/airflow/.local/lib/python3.8/site-packages/airflow/example_dags/example_sla_dag.py for tasks to queue
[2026-08-21T11:57:34.937+0000] {logging_mixin.py:188} INFO - [2026-08-21T11:57:34.936+0000] {dagbag.py:538} INFO - Filling up the DagBag from /home/airflow/.local/lib/python3.8/site-packages/airflow/example_dags/example_sla_dag.py
[2026-08-21T11:57:34.949+0000] {processor.py:840} INFO - DAG(s) 'example_sla_dag' retrieved from /home/airflow/.local/lib/python3.8/site-packages/airflow/example_dags/example_sla_dag.py
[2026-08-21T11:57:34.969+0000] {logging_mixin.py:188} INFO - [2026-08-21T11:57:34.968+0000] {dag.py:3036} INFO - Sync 1 DAGs
[2026-08-21T11:57:35.010+0000] {logging_mixin.py:188} INFO - [2026-08-21T11:57:35.009+0000] {dag.py:3823} INFO - Setting next_dagrun for example_sla_dag to 2026-08-21 11:54:00+00:00, run_after=2026-08-21 11:56:00+00:00
[2026-08-21T11:57:35.057+0000] {processor.py:183} INFO - Processing /home/airflow/.local/lib/python3.8/site-packages/airflow/example_dags/example_sla_dag.py took 0.131 seconds
[2026-08-21T11:58:05.597+0000] {processor.py:161} INFO - Started process (PID=1684) to work on /home/airflow/.local/lib/python3.8/site-packages/airflow/example_dags/example_sla_dag.py
[2026-08-21T11:58:05.602+0000] {processor.py:830} INFO - Processing file /home/airflow/.local/lib/python3.8/site-packages/airflow/example_dags/example_sla_dag.py for tasks to queue
[2026-08-21T11:58:05.606+0000] {logging_mixin.py:188} INFO - [2026-08-21T11:58:05.605+0000] {dagbag.py:538} INFO - Filling up the DagBag from /home/airflow/.local/lib/python3.8/site-packages/airflow/example_dags/example_sla_dag.py
[2026-08-21T11:58:05.622+0000] {processor.py:840} INFO - DAG(s) 'example_sla_dag' retrieved from /home/airflow/.local/lib/python3.8/site-packages/airflow/example_dags/example_sla_dag.py
[2026-08-21T11:58:05.642+0000] {logging_mixin.py:188} INFO - [2026-08-21T11:58:05.641+0000] {dag.py:3036} INFO - Sync 1 DAGs
[2026-08-21T11:58:05.686+0000] {logging_mixin.py:188} INFO - [2026-08-21T11:58:05.686+0000] {dag.py:3823} INFO - Setting next_dagrun for example_sla_dag to 2026-08-21 11:56:00+00:00, run_after=2026-08-21 11:58:00+00:00
[2026-08-21T11:58:05.725+0000] {processor.py:183} INFO - Processing /home/airflow/.local/lib/python3.8/site-packages/airflow/example_dags/example_sla_dag.py took 0.135 seconds
[2026-08-21T11:58:39.315+0000] {processor.py:161} INFO - Started process (PID=1771) to work on /home/airflow/.local/lib/python3.8/site-packages/airflow/example_dags/example_sla_dag.py
[2026-08-21T11:58:39.320+0000] {processor.py:830} INFO - Processing file /home/airflow/.local/lib/python3.8/site-packages/airflow/example_dags/example_sla_dag.py for tasks to queue
[2026-08-21T11:58:39.325+0000] {logging_mixin.py:188} INFO - [2026-08-21T11:58:39.324+0000] {dagbag.py:538} INFO - Filling up the DagBag from /home/airflow/.local/lib/python3.8/site-packages/airflow/example_dags/example_sla_dag.py
[2026-08-21T11:58:39.357+0000] {processor.py:840} INFO - DAG(s) 'example_sla_dag' retrieved from /home/airflow/.local/lib/python3.8/site-packages/airflow/example_dags/example_sla_dag.py
[2026-08-21T11:58:39.383+0000] {logging_mixin.py:188} INFO - [2026-08-21T11:58:39.383+0000] {dag.py:3036} INFO - Sync 1 DAGs
[2026-08-21T11:58:39.430+0000] {logging_mixin.py:188} INFO - [2026-08-21T11:58:39.430+0000] {dag.py:3823} INFO - Setting next_dagrun for example_sla_dag to 2026-08-21 11:56:00+00:00, run_after=2026-08-21 11:58:00+00:00
[2026-08-21T11:58:39.461+0000] {processor.py:183} INFO - Processing /home/airflow/.local/lib/python3.8/site-packages/airflow/example_dags/example_sla_dag.py took 0.158 seconds
[2026-08-21T11:59:09.676+0000] {processor.py:161} INFO - Started process (PID=1858) to work on /home/airflow/.local/lib/python3.8/site-packages/airflow/example_dags/example_sla_dag.py
[2026-08-21T11:59:09.677+0000] {processor.py:830} INFO - Processing file /home/airflow/.local/lib/python3.8/site-packages/airflow/example_dags/example_sla_dag.py for tasks to queue
[2026-08-21T11:59:09.680+0000] {logging_mixin.py:188} INFO - [2026-08-21T11:59:09.679+0000] {dagbag.py:538} INFO - Filling up the DagBag from /home/airflow/.local/lib/python3.8/site-packages/airflow/example_dags/example_sla_dag.py
[2026-08-21T11:59:09.691+0000] {processor.py:840} INFO - DAG(s) 'example_sla_dag' retrieved from /home/airflow/.local/lib/python3.8/site-packages/airflow/example_dags/example_sla_dag.py
[2026-08-21T11:59:09.810+0000] {logging_mixin.py:188} INFO - [2026-08-21T11:59:09.810+0000] {dag.py:3036} INFO - Sync 1 DAGs
[2026-08-21T11:59:09.834+0000] {logging_mixin.py:188} INFO - [2026-08-21T11:59:09.833+0000] {dag.py:3823} INFO - Setting next_dagrun for example_sla_dag to 2026-08-21 11:56:00+00:00, run_after=2026-08-21 11:58:00+00:00
[2026-08-21T11:59:09.861+0000] {processor.py:183} INFO - Processing /home/airflow/.local/lib/python3.8/site-packages/airflow/example_dags/example_sla_dag.py took 0.189 seconds
[2026-08-21T11:59:40.008+0000] {processor.py:161} INFO - Started process (PID=1945) to work on /home/airflow/.local/lib/python3.8/site-packages/airflow/example_dags/example_sla_dag.py
[2026-08-21T11:59:40.011+0000] {processor.py:830} INFO - Processing file /home/airflow/.local/lib/python3.8/site-packages/airflow/example_dags/example_sla_dag.py for tasks to queue
[2026-08-21T11:59:40.018+0000] {logging_mixin.py:188} INFO - [2026-08-21T11:59:40.017+0000] {dagbag.py:538} INFO - Filling up the DagBag from /home/airflow/.local/lib/python3.8/site-packages/airflow/example_dags/example_sla_dag.py
[2026-08-21T11:59:40.033+0000] {processor.py:840} INFO - DAG(s) 'example_sla_dag' retrieved from /home/airflow/.local/lib/python3.8/site-packages/airflow/example_dags/example_sla_dag.py
[2026-08-21T11:59:40.066+0000] {logging_mixin.py:188} INFO - [2026-08-21T11:59:40.065+0000] {dag.py:3036} INFO - Sync 1 DAGs
[2026-08-21T11:59:40.093+0000] {logging_mixin.py:188} INFO - [2026-08-21T11:59:40.093+0000] {dag.py:3823} INFO - Setting next_dagrun for example_sla_dag to 2026-08-21 11:56:00+00:00, run_after=2026-08-21 11:58:00+00:00
[2026-08-21T11:59:40.114+0000] {processor.py:183} INFO - Processing /home/airflow/.local/lib/python3.8/site-packages/airflow/example_dags/example_sla_dag.py took 0.111 seconds
[2026-08-21T12:00:10.463+0000] {processor.py:161} INFO - Started process (PID=2033) to work on /home/airflow/.local/lib/python3.8/site-packages/airflow/example_dags/example_sla_dag.py
[2026-08-21T12:00:10.464+0000] {processor.py:830} INFO - Processing file /home/airflow/.local/lib/python3.8/site-packages/airflow/example_dags/example_sla_dag.py for tasks to queue
[2026-08-21T12:00:10.467+0000] {logging_mixin.py:188} INFO - [2026-08-21T12:00:10.466+0000] {dagbag.py:538} INFO - Filling up the DagBag from /home/airflow/.local/lib/python3.8/site-packages/airflow/example_dags/example_sla_dag.py
[2026-08-21T12:00:10.478+0000] {processor.py:840} INFO - DAG(s) 'example_sla_dag' retrieved from /home/airflow/.local/lib/python3.8/site-packages/airflow/example_dags/example_sla_dag.py
[2026-08-21T12:00:10.503+0000] {logging_mixin.py:188} INFO - [2026-08-21T12:00:10.502+0000] {dag.py:3036} INFO - Sync 1 DAGs
[2026-08-21T12:00:10.532+0000] {logging_mixin.py:188} INFO - [2026-08-21T12:00:10.532+0000] {dag.py:3823} INFO - Setting next_dagrun for example_sla_dag to 2026-08-21 11:58:00+00:00, run_after=2026-08-21 12:00:00+00:00
[2026-08-21T12:00:10.553+0000] {processor.py:183} INFO - Processing /home/airflow/.local/lib/python3.8/site-packages/airflow/example_dags/example_sla_dag.py took 0.095 seconds
[2026-08-21T12:00:40.942+0000] {processor.py:161} INFO - Started process (PID=2120) to work on /home/airflow/.local/lib/python3.8/site-packages/airflow/example_dags/example_sla_dag.py
[2026-08-21T12:00:40.943+0000] {processor.py:830} INFO - Processing file /home/airflow/.local/lib/python3.8/site-packages/airflow/example_dags/example_sla_dag.py for tasks to queue
[2026-08-21T12:00:40.945+0000] {logging_mixin.py:188} INFO - [2026-08-21T12:00:40.945+0000] {dagbag.py:538} INFO - Filling up the DagBag from /home/airflow/.local/lib/python3.8/site-packages/airflow/example_dags/example_sla_dag.py
[2026-08-21T12:00:40.955+0000] {processor.py:840} INFO - DAG(s) 'example_sla_dag' retrieved from /home/airflow/.local/lib/python3.8/site-packages/airflow/example_dags/example_sla_dag.py
[2026-08-21T12:00:40.979+0000] {logging_mixin.py:188} INFO - [2026-08-21T12:00:40.979+0000] {dag.py:3036} INFO - Sync 1 DAGs
[2026-08-21T12:00:41.006+0000] {logging_mixin.py:188} INFO - [2026-08-21T12:00:41.006+0000] {dag.py:3823} INFO - Setting next_dagrun for example_sla_dag to 2026-08-21 11:58:00+00:00, run_after=2026-08-21 12:00:00+00:00
[2026-08-21T12:00:41.027+0000] {processor.py:183} INFO - Processing /home/airflow/.local/lib/python3.8/site-packages/airflow/example_dags/example_sla_dag.py took 0.089 seconds
[2026-08-21T12:01:12.144+0000] {processor.py:161} INFO - Started process (PID=2207) to work on /home/airflow/.local/lib/python3.8/site-packages/airflow/example_dags/example_sla_dag.py
[2026-08-21T12:01:12.145+0000] {processor.py:830} INFO - Processing file /home/airflow/.local/lib/python3.8/site-packages/airflow/example_dags/example_sla_dag.py for tasks to queue
[2026-08-21T12:01:12.148+0000] {logging_mixin.py:188} INFO - [2026-08-21T12:01:12.148+0000] {dagbag.py:538} INFO - Filling up the DagBag from /home/airflow/.local/lib/python3.8/site-packages/airflow/example_dags/example_sla_dag.py
[2026-08-21T12:01:12.161+0000] {processor.py:840} INFO - DAG(s) 'example_sla_dag' retrieved from /home/airflow/.local/lib/python3.8/site-packages/airflow/example_dags/example_sla_dag.py
[2026-08-21T12:01:12.183+0000] {logging_mixin.py:188} INFO - [2026-08-21T12:01:12.182+0000] {dag.py:3036} INFO - Sync 1 DAGs
[2026-08-21T12:01:12.207+0000] {logging_mixin.py:188} INFO - [2026-08-21T12:01:12.207+0000] {dag.py:3823} INFO - Setting next_dagrun for example_sla_dag to 2026-08-21 11:58:00+00:00, run_after=2026-08-21 12:00:00+00:00
[2026-08-21T12:01:12.226+0000] {processor.py:183} INFO - Processing /home/airflow/.local/lib/python3.8/site-packages/airflow/example_dags/example_sla_dag.py took 0.089 seconds
[2026-08-21T12:01:42.783+0000] {processor.py:161} INFO - Started process (PID=2294) to work on /home/airflow/.local/lib/python3.8/site-packages/airflow/example_dags/example_sla_dag.py
[2026-08-21T12:01:42.785+0000] {processor.py:830} INFO - Processing file /home/airflow/.local/lib/python3.8/site-packages/airflow/example_dags/example_sla_dag.py for tasks to queue
[2026-08-21T12:01:42.788+0000] {logging_mixin.py:188} INFO - [2026-08-21T12:01:42.787+0000] {dagbag.py:538} INFO - Filling up the DagBag from /home/airflow/.local/lib/python3.8/site-packages/airflow/example_dags/example_sla_dag.py
[2026-08-21T12:01:42.802+0000] {processor.py:840} INFO - DAG(s) 'example_sla_dag' retrieved from /home/airflow/.local/lib/python3.8/site-packages/airflow/example_dags/example_sla_dag.py
[2026-08-21T12:01:42.837+0000] {logging_mixin.py:188} INFO - [2026-08-21T12:01:42.836+0000] {dag.py:3036} INFO - Sync 1 DAGs
[2026-08-21T12:01:42.874+0000] {logging_mixin.py:188} INFO - [2026-08-21T12:01:42.874+0000] {dag.py:3823} INFO - Setting next_dagrun for example_sla_dag to 2026-08-21 11:58:00+00:00, run_after=2026-08-21 12:00:00+00:00
[2026-08-21T12:01:42.902+0000] {processor.py:183} INFO - Processing /home/airflow/.local/lib/python3.8/site-packages/airflow/example_dags/example_sla_dag.py took 0.126 seconds
[2026-08-21T12:02:13.360+0000] {processor.py:161} INFO - Started process (PID=2387) to work on /home/airflow/.local/lib/python3.8/site-packages/airflow/example_dags/example_sla_dag.py
[2026-08-21T12:02:13.361+0000] {processor.py:830} INFO - Processing file /home/airflow/.local/lib/python3.8/site-packages/airflow/example_dags/example_sla_dag.py for tasks to queue
[2026-08-21T12:02:13.363+0000] {logging_mixin.py:188} INFO - [2026-08-21T12:02:13.363+0000] {dagbag.py:538} INFO - Filling up the DagBag from /home/airflow/.local/lib/python3.8/site-packages/airflow/example_dags/example_sla_dag.py
[2026-08-21T12:02:13.372+0000] {processor.py:840} INFO - DAG(s) 'example_sla_dag' retrieved from /home/airflow/.local/lib/python3.8/site-packages/airflow/example_dags/example_sla_dag.py
[2026-08-21T12:02:13.393+0000] {logging_mixin.py:188} INFO - [2026-08-21T12:02:13.393+0000] {dag.py:3036} INFO - Sync 1 DAGs
[2026-08-21T12:02:13.419+0000] {logging_mixin.py:188} INFO - [2026-08-21T12:02:13.419+0000] {dag.py:3823} INFO - Setting next_dagrun for example_sla_dag to 2026-08-21 12:00:00+00:00, run_after=2026-08-21 12:02:00+00:00
[2026-08-21T12:02:13.439+0000] {processor.py:183} INFO - Processing /home/airflow/.local/lib/python3.8/site-packages/airflow/example_dags/example_sla_dag.py took 0.083 seconds
[2026-08-21T12:02:44.693+0000] {processor.py:161} INFO - Started process (PID=2474) to work on /home/airflow/.local/lib/python3.8/site-packages/airflow/example_dags/example_sla_dag.py
[2026-08-21T12:02:44.695+0000] {processor.py:830} INFO - Processing file /home/airflow/.local/lib/python3.8/site-packages/airflow/example_dags/example_sla_dag.py for tasks to queue
[2026-08-21T12:02:44.697+0000] {logging_mixin.py:188} INFO - [2026-08-21T12:02:44.697+0000] {dagbag.py:538} INFO - Filling up the DagBag from /home/airflow/.local/lib/python3.8/site-packages/airflow/example_dags/example_sla_dag.py
[2026-08-21T12:02:44.705+0000] {processor.py:840} INFO - DAG(s) 'example_sla_dag' retrieved from /home/airflow/.local/lib/python3.8/site-packages/airflow/example_dags/example_sla_dag.py
[2026-08-21T12:02:44.727+0000] {logging_mixin.py:188} INFO - [2026-08-21T12:02:44.727+0000] {dag.py:3036} INFO - Sync 1 DAGs
[2026-08-21T12:02:44.755+0000] {logging_mixin.py:188} INFO - [2026-08-21T12:02:44.755+0000] {dag.py:3823} INFO - Setting next_dagrun for example_sla_dag to 2026-08-21 12:00:00+00:00, run_after=2026-08-21 12:02:00+00:00
[2026-08-21T12:02:44.776+0000] {processor.py:183} INFO - Processing /home/airflow/.local/lib/python3.8/site-packages/airflow/example_dags/example_sla_dag.py took 0.087 seconds
[2026-08-21T12:03:15.105+0000] {processor.py:161} INFO - Started process (PID=2561) to work on /home/airflow/.local/lib/python3.8/site-packages/airflow/example_dags/example_sla_dag.py
[2026-08-21T12:03:15.106+0000] {processor.py:830} INFO - Processing file /home/airflow/.local/lib/python3.8/site-packages/airflow/example_dags/example_sla_dag.py for tasks to queue
[2026-08-21T12:03:15.108+0000] {logging_mixin.py:188} INFO - [2026-08-21T12:03:15.107+0000] {dagbag.py:538} INFO - Filling up the DagBag from /home/airflow/.local/lib/python3.8/site-packages/airflow/example_dags/example_sla_dag.py
[2026-08-21T12:03:15.116+0000] {processor.py:840} INFO - DAG(s) 'example_sla_dag' retrieved from /home/airflow/.local/lib/python3.8/site-packages/airflow/example_dags/example_sla_dag.py
[2026-08-21T12:03:15.135+0000] {logging_mixin.py:188} INFO - [2026-08-21T12:03:15.134+0000] {dag.py:3036} INFO - Sync 1 DAGs
[2026-08-21T12:03:15.157+0000] {logging_mixin.py:188} INFO - [2026-08-21T12:03:15.157+0000] {dag.py:3823} INFO - Setting next_dagrun for example_sla_dag to 2026-08-21 12:00:00+00:00, run_after=2026-08-21 12:02:00+00:00
[2026-08-21T12:03:15.177+0000] {processor.py:183} INFO - Processing /home/airflow/.local/lib/python3.8/site-packages/airflow/example_dags/example_sla_dag.py took 0.076 seconds
[2026-08-21T12:03:46.085+0000] {processor.py:161} INFO - Started process (PID=2648) to work on /home/airflow/.local/lib/python3.8/site-packages/airflow/example_dags/example_sla_dag.py
[2026-08-21T12:03:46.086+0000] {processor.py:830} INFO - Processing file /home/airflow/.local/lib/python3.8/site-packages/airflow/example_dags/example_sla_dag.py for tasks to queue
[2026-08-21T12:03:46.089+0000] {logging_mixin.py:188} INFO - [2026-08-21T12:03:46.089+0000] {dagbag.py:538} INFO - Filling up the DagBag from /home/airflow/.local/lib/python3.8/site-packages/airflow/example_dags/example_sla_dag.py
[2026-08-21T12:03:46.098+0000] {processor.py:840} INFO - DAG(s) 'example_sla_dag' retrieved from /home/airflow/.local/lib/python3.8/site-packages/airflow/example_dags/example_sla_dag.py
[2026-08-21T12:03:46.120+0000] {logging_mixin.py:188} INFO - [2026-08-21T12:03:46.120+0000] {dag.py:3036} INFO - Sync 1 DAGs
[2026-08-21T12:03:46.143+0000] {logging_mixin.py:188} INFO - [2026-08-21T12:03:46.143+0000] {dag.py:3823} INFO - Setting next_dagrun for example_sla_dag to 2026-08-21 12:00:00+00:00, run_after=2026-08-21 12:02:00+00:00
[2026-08-21T12:03:46.161+0000] {processor.py:183} INFO - Processing /home/airflow/.local/lib/python3.8/site-packages/airflow/example_dags/example_sla_dag.py took 0.079 seconds
[2026-08-21T12:04:17.424+0000] {processor.py:161} INFO - Started process (PID=2735) to work on /home/airflow/.local/lib/python3.8/site-packages/airflow/example_dags/example_sla_dag.py
[2026-08-21T12:04:17.425+0000] {processor.py:830} INFO - Processing file /home/airflow/.local/lib/python3.8/site-packages/airflow/example_dags/example_sla_dag.py for tasks to queue
[2026-08-21T12:04:17.427+0000] {logging_mixin.py:188} INFO - [2026-08-21T12:04:17.427+0000] {dagbag.py:538} INFO - Filling up the DagBag from /home/airflow/.local/lib/python3.8/site-packages/airflow/example_dags/example_sla_dag.py
[2026-08-21T12:04:17.436+0000] {processor.py:840} INFO - DAG(s) 'example_sla_dag' retrieved from /home/airflow/.local/lib/python3.8/site-packages/airflow/example_dags/example_sla_dag.py
[2026-08-21T12:04:17.455+0000] {logging_mixin.py:188} INFO - [2026-08-21T12:04:17.455+0000] {dag.py:3036} INFO - Sync 1 DAGs
[2026-08-21T12:04:17.478+0000] {logging_mixin.py:188} INFO - [2026-08-21T12:04:17.478+0000] {dag.py:3823} INFO - Setting next_dagrun for example_sla_dag to 2026-08-21 12:02:00+00:00, run_after=2026-08-21 12:04:00+00:00
[2026-08-21T12:04:17.497+0000] {processor.py:183} INFO - Processing /home/airflow/.local/lib/python3.8/site-packages/airflow/example_dags/example_sla_dag.py took 0.076 seconds
[2026-08-21T12:04:48.221+0000] {processor.py:161} INFO - Started process (PID=2822) to work on /home/airflow/.local/lib/python3.8/site-packages/airflow/example_dags/example_sla_dag.py
[2026-08-21T12:04:48.222+0000] {processor.py:830} INFO - Processing file /home/airflow/.local/lib/python3.8/site-packages/airflow/example_dags/example_sla_dag.py for tasks to queue
[2026-08-21T12:04:48.224+0000] {logging_mixin.py:188} INFO - [2026-08-21T12:04:48.224+0000] {dagbag.py:538} INFO - Filling up the DagBag from /home/airflow/.local/lib/python3.8/site-packages/airflow/example_dags/example_sla_dag.py
[2026-08-21T12:04:48.233+0000] {processor.py:840} INFO - DAG(s) 'example_sla_dag' retrieved from /home/airflow/.local/lib/python3.8/site-packages/airflow/example_dags/example_sla_dag.py
[2026-08-21T12:04:48.252+0000] {logging_mixin.py:188} INFO - [2026-08-21T12:04:48.252+0000] {dag.py:3036} INFO - Sync 1 DAGs
[2026-08-21T12:04:48.277+0000] {logging_mixin.py:188} INFO - [2026-08-21T12:04:48.277+0000] {dag.py:3823} INFO - Setting next_dagrun for example_sla_dag to 2026-08-21 12:02:00+00:00, run_after=2026-08-21 12:04:00+00:00
[2026-08-21T12:04:48.296+0000] {processor.py:183} INFO - Processing /home/airflow/.local/lib/python3.8/site-packages/airflow/example_dags/example_sla_dag.py took 0.078 seconds
[2026-08-21T12:05:24.308+0000] {processor.py:161} INFO - Started process (PID=2932) to work on /home/airflow/.local/lib/python3.8/site-packages/airflow/example_dags/example_sla_dag.py
[2026-08-21T12:05:24.310+0000] {processor.py:830} INFO - Processing file /home/airflow/.local/lib/python3.8/site-packages/airflow/example_dags/example_sla_dag.py for tasks to queue
[2026-08-21T12:05:24.313+0000] {logging_mixin.py:188} INFO - [2026-08-21T12:05:24.313+0000] {dagbag.py:538} INFO - Filling up the DagBag from /home/airflow/.local/lib/python3.8/site-packages/airflow/example_dags/example_sla_dag.py
[2026-08-21T12:05:24.540+0000] {processor.py:840} INFO - DAG(s) 'example_sla_dag' retrieved from /home/airflow/.local/lib/python3.8/site-packages/airflow/example_dags/example_sla_dag.py
[2026-08-21T12:05:24.569+0000] {logging_mixin.py:188} INFO - [2026-08-21T12:05:24.569+0000] {dag.py:3036} INFO - Sync 1 DAGs
[2026-08-21T12:05:24.614+0000] {logging_mixin.py:188} INFO - [2026-08-21T12:05:24.614+0000] {dag.py:3823} INFO - Setting next_dagrun for example_sla_dag to 2026-08-21 12:02:00+00:00, run_after=2026-08-21 12:04:00+00:00
[2026-08-21T12:05:24.647+0000] {processor.py:183} INFO - Processing /home/airflow/.local/lib/python3.8/site-packages/airflow/example_dags/example_sla_dag.py took 0.344 seconds
[2026-08-21T12:05:54.895+0000] {processor.py:161} INFO - Started process (PID=3023) to work on /home/airflow/.local/lib/python3.8/site-packages/airflow/example_dags/example_sla_dag.py
[2026-08-21T12:05:54.896+0000] {processor.py:830} INFO - Processing file /home/airflow/.local/lib/python3.8/site-packages/airflow/example_dags/example_sla_dag.py for tasks to queue
[2026-08-21T12:05:54.899+0000] {logging_mixin.py:188} INFO - [2026-08-21T12:05:54.898+0000] {dagbag.py:538} INFO - Filling up the DagBag from /home/airflow/.local/lib/python3.8/site-packages/airflow/example_dags/example_sla_dag.py
[2026-08-21T12:05:54.909+0000] {processor.py:840} INFO - DAG(s) 'example_sla_dag' retrieved from /home/airflow/.local/lib/python3.8/site-packages/airflow/example_dags/example_sla_dag.py
[2026-08-21T12:05:54.938+0000] {logging_mixin.py:188} INFO - [2026-08-21T12:05:54.937+0000] {dag.py:3036} INFO - Sync 1 DAGs
[2026-08-21T12:05:54.975+0000] {logging_mixin.py:188} INFO - [2026-08-21T12:05:54.974+0000] {dag.py:3823} INFO - Setting next_dagrun for example_sla_dag to 2026-08-21 12:02:00+00:00, run_after=2026-08-21 12:04:00+00:00
[2026-08-21T12:05:55.007+0000] {processor.py:183} INFO - Processing /home/airflow/.local/lib/python3.8/site-packages/airflow/example_dags/example_sla_dag.py took 0.117 seconds
[2026-08-21T12:06:25.316+0000] {processor.py:161} INFO - Started process (PID=3110) to work on /home/airflow/.local/lib/python3.8/site-packages/airflow/example_dags/example_sla_dag.py
[2026-08-21T12:06:25.317+0000] {processor.py:830} INFO - Processing file /home/airflow/.local/lib/python3.8/site-packages/airflow/example_dags/example_sla_dag.py for tasks to queue
[2026-08-21T12:06:25.319+0000] {logging_mixin.py:188} INFO - [2026-08-21T12:06:25.319+0000] {dagbag.py:538} INFO - Filling up the DagBag from /home/airflow/.local/lib/python3.8/site-packages/airflow/example_dags/example_sla_dag.py
[2026-08-21T12:06:25.328+0000] {processor.py:840} INFO - DAG(s) 'example_sla_dag' retrieved from /home/airflow/.local/lib/python3.8/site-packages/airflow/example_dags/example_sla_dag.py
[2026-08-21T12:06:25.349+0000] {logging_mixin.py:188} INFO - [2026-08-21T12:06:25.348+0000] {dag.py:3036} INFO - Sync 1 DAGs
[2026-08-21T12:06:25.374+0000] {logging_mixin.py:188} INFO - [2026-08-21T12:06:25.374+0000] {dag.py:3823} INFO - Setting next_dagrun for example_sla_dag to 2026-08-21 12:04:00+00:00, run_after=2026-08-21 12:06:00+00:00
[2026-08-21T12:06:25.392+0000] {processor.py:183} INFO - Processing /home/airflow/.local/lib/python3.8/site-packages/airflow/example_dags/example_sla_dag.py took 0.080 seconds
[2026-08-21T12:06:55.896+0000] {processor.py:161} INFO - Started process (PID=3197) to work on /home/airflow/.local/lib/python3.8/site-packages/airflow/example_dags/example_sla_dag.py
[2026-08-21T12:06:55.897+0000] {processor.py:830} INFO - Processing file /home/airflow/.local/lib/python3.8/site-packages/airflow/example_dags/example_sla_dag.py for tasks to queue
[2026-08-21T12:06:55.899+0000] {logging_mixin.py:188} INFO - [2026-08-21T12:06:55.899+0000] {dagbag.py:538} INFO - Filling up the DagBag from /home/airflow/.local/lib/python3.8/site-packages/airflow/example_dags/example_sla_dag.py
[2026-08-21T12:06:55.909+0000] {processor.py:840} INFO - DAG(s) 'example_sla_dag' retrieved from /home/airflow/.local/lib/python3.8/site-packages/airflow/example_dags/example_sla_dag.py
[2026-08-21T12:06:55.930+0000] {logging_mixin.py:188} INFO - [2026-08-21T12:06:55.930+0000] {dag.py:3036} INFO - Sync 1 DAGs
[2026-08-21T12:06:55.954+0000] {logging_mixin.py:188} INFO - [2026-08-21T12:06:55.953+0000] {dag.py:3823} INFO - Setting next_dagrun for example_sla_dag to 2026-08-21 12:04:00+00:00, run_after=2026-08-21 12:06:00+00:00
[2026-08-21T12:06:55.974+0000] {processor.py:183} INFO - Processing /home/airflow/.local/lib/python3.8/site-packages/airflow/example_dags/example_sla_dag.py took 0.081 seconds
[2026-08-21T12:07:26.225+0000] {processor.py:161} INFO - Started process (PID=3284) to work on /home/airflow/.local/lib/python3.8/site-packages/airflow/example_dags/example_sla_dag.py
[2026-08-21T12:07:26.226+0000] {processor.py:830} INFO - Processing file /home/airflow/.local/lib/python3.8/site-packages/airflow/example_dags/example_sla_dag.py for tasks to queue
[2026-08-21T12:07:26.229+0000] {logging_mixin.py:188} INFO - [2026-08-21T12:07:26.229+0000] {dagbag.py:538} INFO - Filling up the DagBag from /home/airflow/.local/lib/python3.8/site-packages/airflow/example_dags/example_sla_dag.py
[2026-08-21T12:07:26.241+0000] {processor.py:840} INFO - DAG(s) 'example_sla_dag' retrieved from /home/airflow/.local/lib/python3.8/site-packages/airflow/example_dags/example_sla_dag.py
[2026-08-21T12:07:26.264+0000] {logging_mixin.py:188} INFO - [2026-08-21T12:07:26.264+0000] {dag.py:3036} INFO - Sync 1 DAGs
[2026-08-21T12:07:26.295+0000] {logging_mixin.py:188} INFO - [2026-08-21T12:07:26.295+0000] {dag.py:3823} INFO - Setting next_dagrun for example_sla_dag to 2026-08-21 12:04:00+00:00, run_after=2026-08-21 12:06:00+00:00
[2026-08-21T12:07:26.322+0000] {processor.py:183} INFO - Processing /home/airflow/.local/lib/python3.8/site-packages/airflow/example_dags/example_sla_dag.py took 0.101 seconds
[2026-08-21T12:07:56.475+0000] {processor.py:161} INFO - Started process (PID=3371) to work on /home/airflow/.local/lib/python3.8/site-packages/airflow/example_dags/example_sla_dag.py
[2026-08-21T12:07:56.477+0000] {processor.py:830} INFO - Processing file /home/airflow/.local/lib/python3.8/site-packages/airflow/example_dags/example_sla_dag.py for tasks to queue
[2026-08-21T12:07:56.480+0000] {logging_mixin.py:188} INFO - [2026-08-21T12:07:56.479+0000] {dagbag.py:538} INFO - Filling up the DagBag from /home/airflow/.local/lib/python3.8/site-packages/airflow/example_dags/example_sla_dag.py
[2026-08-21T12:07:56.489+0000] {processor.py:840} INFO - DAG(s) 'example_sla_dag' retrieved from /home/airflow/.local/lib/python3.8/site-packages/airflow/example_dags/example_sla_dag.py
[2026-08-21T12:07:56.517+0000] {logging_mixin.py:188} INFO - [2026-08-21T12:07:56.516+0000] {dag.py:3036} INFO - Sync 1 DAGs
[2026-08-21T12:07:56.555+0000] {logging_mixin.py:188} INFO - [2026-08-21T12:07:56.554+0000] {dag.py:3823} INFO - Setting next_dagrun for example_sla_dag to 2026-08-21 12:04:00+00:00, run_after=2026-08-21 12:06:00+00:00
[2026-08-21T12:07:56.584+0000] {processor.py:183} INFO - Processing /home/airflow/.local/lib/python3.8/site-packages/airflow/example_dags/example_sla_dag.py took 0.113 seconds
[2026-08-21T12:08:27.889+0000] {processor.py:161} INFO - Started process (PID=3460) to work on /home/airflow/.local/lib/python3.8/site-packages/airflow/example_dags/example_sla_dag.py
[2026-08-21T12:08:27.890+0000] {processor.py:830} INFO - Processing file /home/airflow/.local/lib/python3.8/site-packages/airflow/example_dags/example_sla_dag.py for tasks to queue
[2026-08-21T12:08:27.894+0000] {logging_mixin.py:188} INFO - [2026-08-21T12:08:27.894+0000] {dagbag.py:538} INFO - Filling up the DagBag from /home/airflow/.local/lib/python3.8/site-packages/airflow/example_dags/example_sla_dag.py
[2026-08-21T12:08:27.911+0000] {processor.py:840} INFO - DAG(s) 'example_sla_dag' retrieved from /home/airflow/.local/lib/python3.8/site-packages/airflow/example_dags/example_sla_dag.py
[2026-08-21T12:08:27.936+0000] {logging_mixin.py:188} INFO - [2026-08-21T12:08:27.935+0000] {dag.py:3036} INFO - Sync 1 DAGs
[2026-08-21T12:08:27.964+0000] {logging_mixin.py:188} INFO - [2026-08-21T12:08:27.963+0000] {dag.py:3823} INFO - Setting next_dagrun for example_sla_dag to 2026-08-21 12:06:00+00:00, run_after=2026-08-21 12:08:00+00:00
[2026-08-21T12:08:27.982+0000] {processor.py:183} INFO - Processing /home/airflow/.local/lib/python3.8/site-packages/airflow/example_dags/example_sla_dag.py took 0.098 seconds
[2026-08-21T12:08:59.527+0000] {processor.py:161} INFO - Started process (PID=3551) to work on /home/airflow/.local/lib/python3.8/site-packages/airflow/example_dags/example_sla_dag.py
[2026-08-21T12:08:59.530+0000] {processor.py:830} INFO - Processing file /home/airflow/.local/lib/python3.8/site-packages/airflow/example_dags/example_sla_dag.py for tasks to queue
[2026-08-21T12:08:59.533+0000] {logging_mixin.py:188} INFO - [2026-08-21T12:08:59.533+0000] {dagbag.py:538} INFO - Filling up the DagBag from /home/airflow/.local/lib/python3.8/site-packages/airflow/example_dags/example_sla_dag.py
[2026-08-21T12:08:59.548+0000] {processor.py:840} INFO - DAG(s) 'example_sla_dag' retrieved from /home/airflow/.local/lib/python3.8/site-packages/airflow/example_dags/example_sla_dag.py
[2026-08-21T12:08:59.583+0000] {logging_mixin.py:188} INFO - [2026-08-21T12:08:59.582+0000] {dag.py:3036} INFO - Sync 1 DAGs
[2026-08-21T12:08:59.620+0000] {logging_mixin.py:188} INFO - [2026-08-21T12:08:59.620+0000] {dag.py:3823} INFO - Setting next_dagrun for example_sla_dag to 2026-08-21 12:06:00+00:00, run_after=2026-08-21 12:08:00+00:00
[2026-08-21T12:08:59.650+0000] {processor.py:183} INFO - Processing /home/airflow/.local/lib/python3.8/site-packages/airflow/example_dags/example_sla_dag.py took 0.129 seconds
[2026-08-21T12:09:30.321+0000] {processor.py:161} INFO - Started process (PID=3638) to work on /home/airflow/.local/lib/python3.8/site-packages/airflow/example_dags/example_sla_dag.py
[2026-08-21T12:09:30.322+0000] {processor.py:830} INFO - Processing file /home/airflow/.local/lib/python3.8/site-packages/airflow/example_dags/example_sla_dag.py for tasks to queue
[2026-08-21T12:09:30.325+0000] {logging_mixin.py:188} INFO - [2026-08-21T12:09:30.325+0000] {dagbag.py:538} INFO - Filling up the DagBag from /home/airflow/.local/lib/python3.8/site-packages/airflow/example_dags/example_sla_dag.py
[2026-08-21T12:09:30.334+0000] {processor.py:840} INFO - DAG(s) 'example_sla_dag' retrieved from /home/airflow/.local/lib/python3.8/site-packages/airflow/example_dags/example_sla_dag.py
[2026-08-21T12:09:30.357+0000] {logging_mixin.py:188} INFO - [2026-08-21T12:09:30.357+0000] {dag.py:3036} INFO - Sync 1 DAGs
[2026-08-21T12:09:30.383+0000] {logging_mixin.py:188} INFO - [2026-08-21T12:09:30.383+0000] {dag.py:3823} INFO - Setting next_dagrun for example_sla_dag to 2026-08-21 12:06:00+00:00, run_after=2026-08-21 12:08:00+00:00
[2026-08-21T12:09:30.407+0000] {processor.py:183} INFO - Processing /home/airflow/.local/lib/python3.8/site-packages/airflow/example_dags/example_sla_dag.py took 0.091 seconds
[2026-08-21T12:10:00.526+0000] {processor.py:161} INFO - Started process (PID=3725) to work on /home/airflow/.local/lib/python3.8/site-packages/airflow/example_dags/example_sla_dag.py
[2026-08-21T12:10:00.527+0000] {processor.py:830} INFO - Processing file /home/airflow/.local/lib/python3.8/site-packages/airflow/example_dags/example_sla_dag.py for tasks to queue
[2026-08-21T12:10:00.529+0000] {logging_mixin.py:188} INFO - [2026-08-21T12:10:00.529+0000] {dagbag.py:538} INFO - Filling up the DagBag from /home/airflow/.local/lib/python3.8/site-packages/airflow/example_dags/example_sla_dag.py
[2026-08-21T12:10:00.537+0000] {processor.py:840} INFO - DAG(s) 'example_sla_dag' retrieved from /home/airflow/.local/lib/python3.8/site-packages/airflow/example_dags/example_sla_dag.py
[2026-08-21T12:10:00.557+0000] {logging_mixin.py:188} INFO - [2026-08-21T12:10:00.557+0000] {dag.py:3036} INFO - Sync 1 DAGs
[2026-08-21T12:10:00.583+0000] {logging_mixin.py:188} INFO - [2026-08-21T12:10:00.583+0000] {dag.py:3823} INFO - Setting next_dagrun for example_sla_dag to 2026-08-21 12:08:00+00:00, run_after=2026-08-21 12:10:00+00:00
[2026-08-21T12:10:00.603+0000] {processor.py:183} INFO - Processing /home/airflow/.local/lib/python3.8/site-packages/airflow/example_dags/example_sla_dag.py took 0.081 seconds
[2026-08-21T12:10:31.360+0000] {processor.py:161} INFO - Started process (PID=3816) to work on /home/airflow/.local/lib/python3.8/site-packages/airflow/example_dags/example_sla_dag.py
[2026-08-21T12:10:31.362+0000] {processor.py:830} INFO - Processing file /home/airflow/.local/lib/python3.8/site-packages/airflow/example_dags/example_sla_dag.py for tasks to queue
[2026-08-21T12:10:31.364+0000] {logging_mixin.py:188} INFO - [2026-08-21T12:10:31.363+0000] {dagbag.py:538} INFO - Filling up the DagBag from /home/airflow/.local/lib/python3.8/site-packages/airflow/example_dags/example_sla_dag.py
[2026-08-21T12:10:31.374+0000] {processor.py:840} INFO - DAG(s) 'example_sla_dag' retrieved from /home/airflow/.local/lib/python3.8/site-packages/airflow/example_dags/example_sla_dag.py
[2026-08-21T12:10:31.395+0000] {logging_mixin.py:188} INFO - [2026-08-21T12:10:31.395+0000] {dag.py:3036} INFO - Sync 1 DAGs
[2026-08-21T12:10:31.422+0000] {logging_mixin.py:188} INFO - [2026-08-21T12:10:31.422+0000] {dag.py:3823} INFO - Setting next_dagrun for example_sla_dag to 2026-08-21 12:08:00+00:00, run_after=2026-08-21 12:10:00+00:00
[2026-08-21T12:10:31.442+0000] {processor.py:183} INFO - Processing /home/airflow/.local/lib/python3.8/site-packages/airflow/example_dags/example_sla_dag.py took 0.086 seconds
[2026-08-21T12:11:02.154+0000] {processor.py:161} INFO - Started process (PID=3904) to work on /home/airflow/.local/lib/python3.8/site-packages/airflow/example_dags/example_sla_dag.py
[2026-08-21T12:11:02.156+0000] {processor.py:830} INFO - Processing file /home/airflow/.local/lib/python3.8/site-packages/airflow/example_dags/example_sla_dag.py for tasks to queue
[2026-08-21T12:11:02.158+0000] {logging_mixin.py:188} INFO - [2026-08-21T12:11:02.157+0000] {dagbag.py:538} INFO - Filling up the DagBag from /home/airflow/.local/lib/python3.8/site-packages/airflow/example_dags/example_sla_dag.py
[2026-08-21T12:11:02.168+0000] {processor.py:840} INFO - DAG(s) 'example_sla_dag' retrieved from /home/airflow/.local/lib/python3.8/site-packages/airflow/example_dags/example_sla_dag.py
[2026-08-21T12:11:02.191+0000] {logging_mixin.py:188} INFO - [2026-08-21T12:11:02.191+0000] {dag.py:3036} INFO - Sync 1 DAGs
[2026-08-21T12:11:02.217+0000] {logging_mixin.py:188} INFO - [2026-08-21T12:11:02.217+0000] {dag.py:3823} INFO - Setting next_dagrun for example_sla_dag to 2026-08-21 12:08:00+00:00, run_after=2026-08-21 12:10:00+00:00
[2026-08-21T12:11:02.242+0000] {processor.py:183} INFO - Processing /home/airflow/.local/lib/python3.8/site-packages/airflow/example_dags/example_sla_dag.py took 0.091 seconds
[2026-08-21T12:11:32.898+0000] {processor.py:161} INFO - Started process (PID=3991) to work on /home/airflow/.local/lib/python3.8/site-packages/airflow/example_dags/example_sla_dag.py
[2026-08-21T12:11:32.899+0000] {processor.py:830} INFO - Processing file /home/airflow/.local/lib/python3.8/site-packages/airflow/example_dags/example_sla_dag.py for tasks to queue
[2026-08-21T12:11:32.902+0000] {logging_mixin.py:188} INFO - [2026-08-21T12:11:32.901+0000] {dagbag.py:538} INFO - Filling up the DagBag from /home/airflow/.local/lib/python3.8/site-packages/airflow/example_dags/example_sla_dag.py
[2026-08-21T12:11:32.911+0000] {processor.py:840} INFO - DAG(s) 'example_sla_dag' retrieved from /home/airflow/.local/lib/python3.8/site-packages/airflow/example_dags/example_sla_dag.py
[2026-08-21T12:11:32.931+0000] {logging_mixin.py:188} INFO - [2026-08-21T12:11:32.931+0000] {dag.py:3036} INFO - Sync 1 DAGs
[2026-08-21T12:11:32.954+0000] {logging_mixin.py:188} INFO - [2026-08-21T12:11:32.954+0000] {dag.py:3823} INFO - Setting next_dagrun for example_sla_dag to 2026-08-21 12:08:00+00:00, run_after=2026-08-21 12:10:00+00:00
[2026-08-21T12:11:32.973+0000] {processor.py:183} INFO - Processing /home/airflow/.local/lib/python3.8/site-packages/airflow/example_dags/example_sla_dag.py took 0.078 seconds
[2026-08-21T12:12:03.747+0000] {processor.py:161} INFO - Started process (PID=4078) to work on /home/airflow/.local/lib/python3.8/site-packages/airflow/example_dags/example_sla_dag.py
[2026-08-21T12:12:03.750+0000] {processor.py:830} INFO - Processing file /home/airflow/.local/lib/python3.8/site-packages/airflow/example_dags/example_sla_dag.py for tasks to queue
[2026-08-21T12:12:03.755+0000] {logging_mixin.py:188} INFO - [2026-08-21T12:12:03.755+0000] {dagbag.py:538} INFO - Filling up the DagBag from /home/airflow/.local/lib/python3.8/site-packages/airflow/example_dags/example_sla_dag.py
[2026-08-21T12:12:03.766+0000] {processor.py:840} INFO - DAG(s) 'example_sla_dag' retrieved from /home/airflow/.local/lib/python3.8/site-packages/airflow/example_dags/example_sla_dag.py
[2026-08-21T12:12:03.790+0000] {logging_mixin.py:188} INFO - [2026-08-21T12:12:03.789+0000] {dag.py:3036} INFO - Sync 1 DAGs
[2026-08-21T12:12:03.817+0000] {logging_mixin.py:188} INFO - [2026-08-21T12:12:03.817+0000] {dag.py:3823} INFO - Setting next_dagrun for example_sla_dag to 2026-08-21 12:10:00+00:00, run_after=2026-08-21 12:12:00+00:00
[2026-08-21T12:12:03.838+0000] {processor.py:183} INFO - Processing /home/airflow/.local/lib/python3.8/site-packages/airflow/example_dags/example_sla_dag.py took 0.096 seconds
[2026-08-21T12:12:34.494+0000] {processor.py:161} INFO - Started process (PID=4165) to work on /home/airflow/.local/lib/python3.8/site-packages/airflow/example_dags/example_sla_dag.py
[2026-08-21T12:12:34.496+0000] {processor.py:830} INFO - Processing file /home/airflow/.local/lib/python3.8/site-packages/airflow/example_dags/example_sla_dag.py for tasks to queue
[2026-08-21T12:12:34.498+0000] {logging_mixin.py:188} INFO - [2026-08-21T12:12:34.497+0000] {dagbag.py:538} INFO - Filling up the DagBag from /home/airflow/.local/lib/python3.8/site-packages/airflow/example_dags/example_sla_dag.py
[2026-08-21T12:12:34.506+0000] {processor.py:840} INFO - DAG(s) 'example_sla_dag' retrieved from /home/airflow/.local/lib/python3.8/site-packages/airflow/example_dags/example_sla_dag.py
[2026-08-21T12:12:34.526+0000] {logging_mixin.py:188} INFO - [2026-08-21T12:12:34.526+0000] {dag.py:3036} INFO - Sync 1 DAGs
[2026-08-21T12:12:34.549+0000] {logging_mixin.py:188} INFO - [2026-08-21T12:12:34.549+0000] {dag.py:3823} INFO - Setting next_dagrun for example_sla_dag to 2026-08-21 12:10:00+00:00, run_after=2026-08-21 12:12:00+00:00
[2026-08-21T12:12:34.566+0000] {processor.py:183} INFO - Processing /home/airflow/.local/lib/python3.8/site-packages/airflow/example_dags/example_sla_dag.py took 0.075 seconds
[2026-08-21T12:13:05.094+0000] {processor.py:161} INFO - Started process (PID=4252) to work on /home/airflow/.local/lib/python3.8/site-packages/airflow/example_dags/example_sla_dag.py
[2026-08-21T12:13:05.095+0000] {processor.py:830} INFO - Processing file /home/airflow/.local/lib/python3.8/site-packages/airflow/example_dags/example_sla_dag.py for tasks to queue
[2026-08-21T12:13:05.098+0000] {logging_mixin.py:188} INFO - [2026-08-21T12:13:05.097+0000] {dagbag.py:538} INFO - Filling up the DagBag from /home/airflow/.local/lib/python3.8/site-packages/airflow/example_dags/example_sla_dag.py
[2026-08-21T12:13:05.108+0000] {processor.py:840} INFO - DAG(s) 'example_sla_dag' retrieved from /home/airflow/.local/lib/python3.8/site-packages/airflow/example_dags/example_sla_dag.py
[2026-08-21T12:13:05.128+0000] {logging_mixin.py:188} INFO - [2026-08-21T12:13:05.128+0000] {dag.py:3036} INFO - Sync 1 DAGs
[2026-08-21T12:13:05.152+0000] {logging_mixin.py:188} INFO - [2026-08-21T12:13:05.151+0000] {dag.py:3823} INFO - Setting next_dagrun for example_sla_dag to 2026-08-21 12:10:00+00:00, run_after=2026-08-21 12:12:00+00:00
[2026-08-21T12:13:05.170+0000] {processor.py:183} INFO - Processing /home/airflow/.local/lib/python3.8/site-packages/airflow/example_dags/example_sla_dag.py took 0.080 seconds
[2026-08-21T12:13:35.533+0000] {processor.py:161} INFO - Started process (PID=4339) to work on /home/airflow/.local/lib/python3.8/site-packages/airflow/example_dags/example_sla_dag.py
[2026-08-21T12:13:35.535+0000] {processor.py:830} INFO - Processing file /home/airflow/.local/lib/python3.8/site-packages/airflow/example_dags/example_sla_dag.py for tasks to queue
[2026-08-21T12:13:35.537+0000] {logging_mixin.py:188} INFO - [2026-08-21T12:13:35.537+0000] {dagbag.py:538} INFO - Filling up the DagBag from /home/airflow/.local/lib/python3.8/site-packages/airflow/example_dags/example_sla_dag.py
[2026-08-21T12:13:35.548+0000] {processor.py:840} INFO - DAG(s) 'example_sla_dag' retrieved from /home/airflow/.local/lib/python3.8/site-packages/airflow/example_dags/example_sla_dag.py
[2026-08-21T12:13:35.572+0000] {logging_mixin.py:188} INFO - [2026-08-21T12:13:35.572+0000] {dag.py:3036} INFO - Sync 1 DAGs
[2026-08-21T12:13:35.601+0000] {logging_mixin.py:188} INFO - [2026-08-21T12:13:35.601+0000] {dag.py:3823} INFO - Setting next_dagrun for example_sla_dag to 2026-08-21 12:10:00+00:00, run_after=2026-08-21 12:12:00+00:00
[2026-08-21T12:13:35.621+0000] {processor.py:183} INFO - Processing /home/airflow/.local/lib/python3.8/site-packages/airflow/example_dags/example_sla_dag.py took 0.092 seconds
[2026-08-21T12:14:07.620+0000] {processor.py:161} INFO - Started process (PID=4427) to work on /home/airflow/.local/lib/python3.8/site-packages/airflow/example_dags/example_sla_dag.py
[2026-08-21T12:14:07.622+0000] {processor.py:830} INFO - Processing file /home/airflow/.local/lib/python3.8/site-packages/airflow/example_dags/example_sla_dag.py for tasks to queue
[2026-08-21T12:14:07.625+0000] {logging_mixin.py:188} INFO - [2026-08-21T12:14:07.624+0000] {dagbag.py:538} INFO - Filling up the DagBag from /home/airflow/.local/lib/python3.8/site-packages/airflow/example_dags/example_sla_dag.py
[2026-08-21T12:14:07.636+0000] {processor.py:840} INFO - DAG(s) 'example_sla_dag' retrieved from /home/airflow/.local/lib/python3.8/site-packages/airflow/example_dags/example_sla_dag.py
[2026-08-21T12:14:07.668+0000] {logging_mixin.py:188} INFO - [2026-08-21T12:14:07.668+0000] {dag.py:3036} INFO - Sync 1 DAGs
[2026-08-21T12:14:07.714+0000] {logging_mixin.py:188} INFO - [2026-08-21T12:14:07.714+0000] {dag.py:3823} INFO - Setting next_dagrun for example_sla_dag to 2026-08-21 12:12:00+00:00, run_after=2026-08-21 12:14:00+00:00
[2026-08-21T12:14:07.748+0000] {processor.py:183} INFO - Processing /home/airflow/.local/lib/python3.8/site-packages/airflow/example_dags/example_sla_dag.py took 0.133 seconds
[2026-08-21T12:14:38.179+0000] {processor.py:161} INFO - Started process (PID=4514) to work on /home/airflow/.local/lib/python3.8/site-packages/airflow/example_dags/example_sla_dag.py
[2026-08-21T12:14:38.181+0000] {processor.py:830} INFO - Processing file /home/airflow/.local/lib/python3.8/site-packages/airflow/example_dags/example_sla_dag.py for tasks to queue
[2026-08-21T12:14:38.183+0000] {logging_mixin.py:188} INFO - [2026-08-21T12:14:38.183+0000] {dagbag.py:538} INFO - Filling up the DagBag from /home/airflow/.local/lib/python3.8/site-packages/airflow/example_dags/example_sla_dag.py
[2026-08-21T12:14:38.192+0000] {processor.py:840} INFO - DAG(s) 'example_sla_dag' retrieved from /home/airflow/.local/lib/python3.8/site-packages/airflow/example_dags/example_sla_dag.py
[2026-08-21T12:14:38.213+0000] {logging_mixin.py:188} INFO - [2026-08-21T12:14:38.213+0000] {dag.py:3036} INFO - Sync 1 DAGs
[2026-08-21T12:14:38.237+0000] {logging_mixin.py:188} INFO - [2026-08-21T12:14:38.237+0000] {dag.py:3823} INFO - Setting next_dagrun for example_sla_dag to 2026-08-21 12:12:00+00:00, run_after=2026-08-21 12:14:00+00:00
[2026-08-21T12:14:38.254+0000] {processor.py:183} INFO - Processing /home/airflow/.local/lib/python3.8/site-packages/airflow/example_dags/example_sla_dag.py took 0.079 seconds
[2026-08-21T12:15:09.125+0000] {processor.py:161} INFO - Started process (PID=4601) to work on /home/airflow/.local/lib/python3.8/site-packages/airflow/example_dags/example_sla_dag.py
[2026-08-21T12:15:09.127+0000] {processor.py:830} INFO - Processing file /home/airflow/.local/lib/python3.8/site-packages/airflow/example_dags/example_sla_dag.py for tasks to queue
[2026-08-21T12:15:09.129+0000] {logging_mixin.py:188} INFO - [2026-08-21T12:15:09.128+0000] {dagbag.py:538} INFO - Filling up the DagBag from /home/airflow/.local/lib/python3.8/site-packages/airflow/example_dags/example_sla_dag.py
[2026-08-21T12:15:09.138+0000] {processor.py:840} INFO - DAG(s) 'example_sla_dag' retrieved from /home/airflow/.local/lib/python3.8/site-packages/airflow/example_dags/example_sla_dag.py
[2026-08-21T12:15:09.161+0000] {logging_mixin.py:188} INFO - [2026-08-21T12:15:09.160+0000] {dag.py:3036} INFO - Sync 1 DAGs
[2026-08-21T12:15:09.190+0000] {logging_mixin.py:188} INFO - [2026-08-21T12:15:09.190+0000] {dag.py:3823} INFO - Setting next_dagrun for example_sla_dag to 2026-08-21 12:12:00+00:00, run_after=2026-08-21 12:14:00+00:00
[2026-08-21T12:15:09.212+0000] {processor.py:183} INFO - Processing /home/airflow/.local/lib/python3.8/site-packages/airflow/example_dags/example_sla_dag.py took 0.090 seconds
[2026-08-21T12:15:39.395+0000] {processor.py:161} INFO - Started process (PID=4688) to work on /home/airflow/.local/lib/python3.8/site-packages/airflow/example_dags/example_sla_dag.py
[2026-08-21T12:15:39.397+0000] {processor.py:830} INFO - Processing file /home/airflow/.local/lib/python3.8/site-packages/airflow/example_dags/example_sla_dag.py for tasks to queue
[2026-08-21T12:15:39.400+0000] {logging_mixin.py:188} INFO - [2026-08-21T12:15:39.399+0000] {dagbag.py:538} INFO - Filling up the DagBag from /home/airflow/.local/lib/python3.8/site-packages/airflow/example_dags/example_sla_dag.py
[2026-08-21T12:15:39.412+0000] {processor.py:840} INFO - DAG(s) 'example_sla_dag' retrieved from /home/airflow/.local/lib/python3.8/site-packages/airflow/example_dags/example_sla_dag.py
[2026-08-21T12:15:39.435+0000] {logging_mixin.py:188} INFO - [2026-08-21T12:15:39.435+0000] {dag.py:3036} INFO - Sync 1 DAGs
[2026-08-21T12:15:39.462+0000] {logging_mixin.py:188} INFO - [2026-08-21T12:15:39.462+0000] {dag.py:3823} INFO - Setting next_dagrun for example_sla_dag to 2026-08-21 12:12:00+00:00, run_after=2026-08-21 12:14:00+00:00
[2026-08-21T12:15:39.483+0000] {processor.py:183} INFO - Processing /home/airflow/.local/lib/python3.8/site-packages/airflow/example_dags/example_sla_dag.py took 0.092 seconds
[2026-08-21T12:16:10.164+0000] {processor.py:161} INFO - Started process (PID=4775) to work on /home/airflow/.local/lib/python3.8/site-packages/airflow/example_dags/example_sla_dag.py
[2026-08-21T12:16:10.166+0000] {processor.py:830} INFO - Processing file /home/airflow/.local/lib/python3.8/site-packages/airflow/example_dags/example_sla_dag.py for tasks to queue
[2026-08-21T12:16:10.171+0000] {logging_mixin.py:188} INFO - [2026-08-21T12:16:10.171+0000] {dagbag.py:538} INFO - Filling up the DagBag from /home/airflow/.local/lib/python3.8/site-packages/airflow/example_dags/example_sla_dag.py
[2026-08-21T12:16:10.180+0000] {processor.py:840} INFO - DAG(s) 'example_sla_dag' retrieved from /home/airflow/.local/lib/python3.8/site-packages/airflow/example_dags/example_sla_dag.py
[2026-08-21T12:16:10.201+0000] {logging_mixin.py:188} INFO - [2026-08-21T12:16:10.201+0000] {dag.py:3036} INFO - Sync 1 DAGs
[2026-08-21T12:16:10.229+0000] {logging_mixin.py:188} INFO - [2026-08-21T12:16:10.229+0000] {dag.py:3823} INFO - Setting next_dagrun for example_sla_dag to 2026-08-21 12:14:00+00:00, run_after=2026-08-21 12:16:00+00:00
[2026-08-21T12:16:10.253+0000] {processor.py:183} INFO - Processing /home/airflow/.local/lib/python3.8/site-packages/airflow/example_dags/example_sla_dag.py took 0.092 seconds
[2026-08-21T12:16:41.573+0000] {processor.py:161} INFO - Started process (PID=4863) to work on /home/airflow/.local/lib/python3.8/site-packages/airflow/example_dags/example_sla_dag.py
[2026-08-21T12:16:41.574+0000] {processor.py:830} INFO - Processing file /home/airflow/.local/lib/python3.8/site-packages/airflow/example_dags/example_sla_dag.py for tasks to queue
[2026-08-21T12:16:41.577+0000] {logging_mixin.py:188} INFO - [2026-08-21T12:16:41.577+0000] {dagbag.py:538} INFO - Filling up the DagBag from /home/airflow/.local/lib/python3.8/site-packages/airflow/example_dags/example_sla_dag.py
[2026-08-21T12:16:41.586+0000] {processor.py:840} INFO - DAG(s) 'example_sla_dag' retrieved from /home/airflow/.local/lib/python3.8/site-packages/airflow/example_dags/example_sla_dag.py
[2026-08-21T12:16:41.606+0000] {logging_mixin.py:188} INFO - [2026-08-21T12:16:41.606+0000] {dag.py:3036} INFO - Sync 1 DAGs
[2026-08-21T12:16:41.630+0000] {logging_mixin.py:188} INFO - [2026-08-21T12:16:41.629+0000] {dag.py:3823} INFO - Setting next_dagrun for example_sla_dag to 2026-08-21 12:14:00+00:00, run_after=2026-08-21 12:16:00+00:00
[2026-08-21T12:16:41.648+0000] {processor.py:183} INFO - Processing /home/airflow/.local/lib/python3.8/site-packages/airflow/example_dags/example_sla_dag.py took 0.079 seconds
[2026-08-21T12:17:12.210+0000] {processor.py:161} INFO - Started process (PID=4950) to work on /home/airflow/.local/lib/python3.8/site-packages/airflow/example_dags/example_sla_dag.py
[2026-08-21T12:17:12.211+0000] {processor.py:830} INFO - Processing file /home/airflow/.local/lib/python3.8/site-packages/airflow/example_dags/example_sla_dag.py for tasks to queue
[2026-08-21T12:17:12.213+0000] {logging_mixin.py:188} INFO - [2026-08-21T12:17:12.212+0000] {dagbag.py:538} INFO - Filling up the DagBag from /home/airflow/.local/lib/python3.8/site-packages/airflow/example_dags/example_sla_dag.py
[2026-08-21T12:17:12.226+0000] {processor.py:840} INFO - DAG(s) 'example_sla_dag' retrieved from /home/airflow/.local/lib/python3.8/site-packages/airflow/example_dags/example_sla_dag.py
[2026-08-21T12:17:12.250+0000] {logging_mixin.py:188} INFO - [2026-08-21T12:17:12.250+0000] {dag.py:3036} INFO - Sync 1 DAGs
[2026-08-21T12:17:12.286+0000] {logging_mixin.py:188} INFO - [2026-08-21T12:17:12.286+0000] {dag.py:3823} INFO - Setting next_dagrun for example_sla_dag to 2026-08-21 12:14:00+00:00, run_after=2026-08-21 12:16:00+00:00
[2026-08-21T12:17:12.306+0000] {processor.py:183} INFO - Processing /home/airflow/.local/lib/python3.8/site-packages/airflow/example_dags/example_sla_dag.py took 0.100 seconds
[2026-08-21T12:17:42.618+0000] {processor.py:161} INFO - Started process (PID=5037) to work on /home/airflow/.local/lib/python3.8/site-packages/airflow/example_dags/example_sla_dag.py
[2026-08-21T12:17:42.619+0000] {processor.py:830} INFO - Processing file /home/airflow/.local/lib/python3.8/site-packages/airflow/example_dags/example_sla_dag.py for tasks to queue
[2026-08-21T12:17:42.621+0000] {logging_mixin.py:188} INFO - [2026-08-21T12:17:42.621+0000] {dagbag.py:538} INFO - Filling up the DagBag from /home/airflow/.local/lib/python3.8/site-packages/airflow/example_dags/example_sla_dag.py
[2026-08-21T12:17:42.633+0000] {processor.py:840} INFO - DAG(s) 'example_sla_dag' retrieved from /home/airflow/.local/lib/python3.8/site-packages/airflow/example_dags/example_sla_dag.py
[2026-08-21T12:17:42.657+0000] {logging_mixin.py:188} INFO - [2026-08-21T12:17:42.656+0000] {dag.py:3036} INFO - Sync 1 DAGs
[2026-08-21T12:17:42.685+0000] {logging_mixin.py:188} INFO - [2026-08-21T12:17:42.685+0000] {dag.py:3823} INFO - Setting next_dagrun for example_sla_dag to 2026-08-21 12:14:00+00:00, run_after=2026-08-21 12:16:00+00:00
[2026-08-21T12:17:42.706+0000] {processor.py:183} INFO - Processing /home/airflow/.local/lib/python3.8/site-packages/airflow/example_dags/example_sla_dag.py took 0.092 seconds
[2026-08-21T12:18:13.744+0000] {processor.py:161} INFO - Started process (PID=5124) to work on /home/airflow/.local/lib/python3.8/site-packages/airflow/example_dags/example_sla_dag.py
[2026-08-21T12:18:13.746+0000] {processor.py:830} INFO - Processing file /home/airflow/.local/lib/python3.8/site-packages/airflow/example_dags/example_sla_dag.py for tasks to queue
[2026-08-21T12:18:13.748+0000] {logging_mixin.py:188} INFO - [2026-08-21T12:18:13.748+0000] {dagbag.py:538} INFO - Filling up the DagBag from /home/airflow/.local/lib/python3.8/site-packages/airflow/example_dags/example_sla_dag.py
[2026-08-21T12:18:13.760+0000] {processor.py:840} INFO - DAG(s) 'example_sla_dag' retrieved from /home/airflow/.local/lib/python3.8/site-packages/airflow/example_dags/example_sla_dag.py
[2026-08-21T12:18:13.785+0000] {logging_mixin.py:188} INFO - [2026-08-21T12:18:13.784+0000] {dag.py:3036} INFO - Sync 1 DAGs
[2026-08-21T12:18:13.810+0000] {logging_mixin.py:188} INFO - [2026-08-21T12:18:13.810+0000] {dag.py:3823} INFO - Setting next_dagrun for example_sla_dag to 2026-08-21 12:16:00+00:00, run_after=2026-08-21 12:18:00+00:00
[2026-08-21T12:18:13.833+0000] {processor.py:183} INFO - Processing /home/airflow/.local/lib/python3.8/site-packages/airflow/example_dags/example_sla_dag.py took 0.092 seconds
[2026-08-21T12:18:44.408+0000] {processor.py:161} INFO - Started process (PID=5211) to work on /home/airflow/.local/lib/python3.8/site-packages/airflow/example_dags/example_sla_dag.py
[2026-08-21T12:18:44.410+0000] {processor.py:830} INFO - Processing file /home/airflow/.local/lib/python3.8/site-packages/airflow/example_dags/example_sla_dag.py for tasks to queue
[2026-08-21T12:18:44.412+0000] {logging_mixin.py:188} INFO - [2026-08-21T12:18:44.412+0000] {dagbag.py:538} INFO - Filling up the DagBag from /home/airflow/.local/lib/python3.8/site-packages/airflow/example_dags/example_sla_dag.py
[2026-08-21T12:18:44.423+0000] {processor.py:840} INFO - DAG(s) 'example_sla_dag' retrieved from /home/airflow/.local/lib/python3.8/site-packages/airflow/example_dags/example_sla_dag.py
[2026-08-21T12:18:44.445+0000] {logging_mixin.py:188} INFO - [2026-08-21T12:18:44.445+0000] {dag.py:3036} INFO - Sync 1 DAGs
[2026-08-21T12:18:44.472+0000] {logging_mixin.py:188} INFO - [2026-08-21T12:18:44.472+0000] {dag.py:3823} INFO - Setting next_dagrun for example_sla_dag to 2026-08-21 12:16:00+00:00, run_after=2026-08-21 12:18:00+00:00
[2026-08-21T12:18:44.495+0000] {processor.py:183} INFO - Processing /home/airflow/.local/lib/python3.8/site-packages/airflow/example_dags/example_sla_dag.py took 0.093 seconds
[2026-08-21T12:19:14.932+0000] {processor.py:161} INFO - Started process (PID=5298) to work on /home/airflow/.local/lib/python3.8/site-packages/airflow/example_dags/example_sla_dag.py
[2026-08-21T12:19:14.934+0000] {processor.py:830} INFO - Processing file /home/airflow/.local/lib/python3.8/site-packages/airflow/example_dags/example_sla_dag.py for tasks to queue
[2026-08-21T12:19:14.936+0000] {logging_mixin.py:188} INFO - [2026-08-21T12:19:14.936+0000] {dagbag.py:538} INFO - Filling up the DagBag from /home/airflow/.local/lib/python3.8/site-packages/airflow/example_dags/example_sla_dag.py
[2026-08-21T12:19:14.944+0000] {processor.py:840} INFO - DAG(s) 'example_sla_dag' retrieved from /home/airflow/.local/lib/python3.8/site-packages/airflow/example_dags/example_sla_dag.py
[2026-08-21T12:19:14.965+0000] {logging_mixin.py:188} INFO - [2026-08-21T12:19:14.964+0000] {dag.py:3036} INFO - Sync 1 DAGs
[2026-08-21T12:19:14.987+0000] {logging_mixin.py:188} INFO - [2026-08-21T12:19:14.987+0000] {dag.py:3823} INFO - Setting next_dagrun for example_sla_dag to 2026-08-21 12:16:00+00:00, run_after=2026-08-21 12:18:00+00:00
[2026-08-21T12:19:15.005+0000] {processor.py:183} INFO - Processing /home/airflow/.local/lib/python3.8/site-packages/airflow/example_dags/example_sla_dag.py took 0.076 seconds
[2026-08-21T12:19:45.063+0000] {processor.py:161} INFO - Started process (PID=5385) to work on /home/airflow/.local/lib/python3.8/site-packages/airflow/example_dags/example_sla_dag.py
[2026-08-21T12:19:45.065+0000] {processor.py:830} INFO - Processing file /home/airflow/.local/lib/python3.8/site-packages/airflow/example_dags/example_sla_dag.py for tasks to queue
[2026-08-21T12:19:45.067+0000] {logging_mixin.py:188} INFO - [2026-08-21T12:19:45.067+0000] {dagbag.py:538} INFO - Filling up the DagBag from /home/airflow/.local/lib/python3.8/site-packages/airflow/example_dags/example_sla_dag.py
[2026-08-21T12:19:45.077+0000] {processor.py:840} INFO - DAG(s) 'example_sla_dag' retrieved from /home/airflow/.local/lib/python3.8/site-packages/airflow/example_dags/example_sla_dag.py
[2026-08-21T12:19:45.098+0000] {logging_mixin.py:188} INFO - [2026-08-21T12:19:45.098+0000] {dag.py:3036} INFO - Sync 1 DAGs
[2026-08-21T12:19:45.121+0000] {logging_mixin.py:188} INFO - [2026-08-21T12:19:45.120+0000] {dag.py:3823} INFO - Setting next_dagrun for example_sla_dag to 2026-08-21 12:16:00+00:00, run_after=2026-08-21 12:18:00+00:00
[2026-08-21T12:19:45.139+0000] {processor.py:183} INFO - Processing /home/airflow/.local/lib/python3.8/site-packages/airflow/example_dags/example_sla_dag.py took 0.079 seconds
[2026-08-21T12:20:26.701+0000] {processor.py:161} INFO - Started process (PID=5478) to work on /home/airflow/.local/lib/python3.8/site-packages/airflow/example_dags/example_sla_dag.py
[2026-08-21T12:20:26.704+0000] {processor.py:830} INFO - Processing file /home/airflow/.local/lib/python3.8/site-packages/airflow/example_dags/example_sla_dag.py for tasks to queue
[2026-08-21T12:20:26.717+0000] {logging_mixin.py:188} INFO - [2026-08-21T12:20:26.716+0000] {dagbag.py:538} INFO - Filling up the DagBag from /home/airflow/.local/lib/python3.8/site-packages/airflow/example_dags/example_sla_dag.py
[2026-08-21T12:20:26.766+0000] {processor.py:840} INFO - DAG(s) 'example_sla_dag' retrieved from /home/airflow/.local/lib/python3.8/site-packages/airflow/example_dags/example_sla_dag.py
[2026-08-21T12:20:26.882+0000] {logging_mixin.py:188} INFO - [2026-08-21T12:20:26.881+0000] {dag.py:3036} INFO - Sync 1 DAGs
[2026-08-21T12:20:27.005+0000] {logging_mixin.py:188} INFO - [2026-08-21T12:20:27.004+0000] {dag.py:3823} INFO - Setting next_dagrun for example_sla_dag to 2026-08-21 12:18:00+00:00, run_after=2026-08-21 12:20:00+00:00
[2026-08-21T12:20:27.087+0000] {processor.py:183} INFO - Processing /home/airflow/.local/lib/python3.8/site-packages/airflow/example_dags/example_sla_dag.py took 0.452 seconds
[2026-08-21T12:20:58.579+0000] {processor.py:161} INFO - Started process (PID=5565) to work on /home/airflow/.local/lib/python3.8/site-packages/airflow/example_dags/example_sla_dag.py
[2026-08-21T12:20:58.585+0000] {processor.py:830} INFO - Processing file /home/airflow/.local/lib/python3.8/site-packages/airflow/example_dags/example_sla_dag.py for tasks to queue
[2026-08-21T12:20:58.591+0000] {logging_mixin.py:188} INFO - [2026-08-21T12:20:58.591+0000] {dagbag.py:538} INFO - Filling up the DagBag from /home/airflow/.local/lib/python3.8/site-packages/airflow/example_dags/example_sla_dag.py
[2026-08-21T12:20:58.615+0000] {processor.py:840} INFO - DAG(s) 'example_sla_dag' retrieved from /home/airflow/.local/lib/python3.8/site-packages/airflow/example_dags/example_sla_dag.py
[2026-08-21T12:20:58.675+0000] {logging_mixin.py:188} INFO - [2026-08-21T12:20:58.674+0000] {dag.py:3036} INFO - Sync 1 DAGs
[2026-08-21T12:20:58.731+0000] {logging_mixin.py:188} INFO - [2026-08-21T12:20:58.730+0000] {dag.py:3823} INFO - Setting next_dagrun for example_sla_dag to 2026-08-21 12:18:00+00:00, run_after=2026-08-21 12:20:00+00:00
[2026-08-21T12:20:58.777+0000] {processor.py:183} INFO - Processing /home/airflow/.local/lib/python3.8/site-packages/airflow/example_dags/example_sla_dag.py took 0.204 seconds
[2026-08-21T12:21:29.625+0000] {processor.py:161} INFO - Started process (PID=5652) to work on /home/airflow/.local/lib/python3.8/site-packages/airflow/example_dags/example_sla_dag.py
[2026-08-21T12:21:29.627+0000] {processor.py:830} INFO - Processing file /home/airflow/.local/lib/python3.8/site-packages/airflow/example_dags/example_sla_dag.py for tasks to queue
[2026-08-21T12:21:29.631+0000] {logging_mixin.py:188} INFO - [2026-08-21T12:21:29.631+0000] {dagbag.py:538} INFO - Filling up the DagBag from /home/airflow/.local/lib/python3.8/site-packages/airflow/example_dags/example_sla_dag.py
[2026-08-21T12:21:29.649+0000] {processor.py:840} INFO - DAG(s) 'example_sla_dag' retrieved from /home/airflow/.local/lib/python3.8/site-packages/airflow/example_dags/example_sla_dag.py
[2026-08-21T12:21:29.677+0000] {logging_mixin.py:188} INFO - [2026-08-21T12:21:29.677+0000] {dag.py:3036} INFO - Sync 1 DAGs
[2026-08-21T12:21:29.704+0000] {logging_mixin.py:188} INFO - [2026-08-21T12:21:29.704+0000] {dag.py:3823} INFO - Setting next_dagrun for example_sla_dag to 2026-08-21 12:18:00+00:00, run_after=2026-08-21 12:20:00+00:00
[2026-08-21T12:21:29.749+0000] {processor.py:183} INFO - Processing /home/airflow/.local/lib/python3.8/site-packages/airflow/example_dags/example_sla_dag.py took 0.127 seconds
[2026-08-21T12:22:00.042+0000] {processor.py:161} INFO - Started process (PID=5739) to work on /home/airflow/.local/lib/python3.8/site-packages/airflow/example_dags/example_sla_dag.py
[2026-08-21T12:22:00.043+0000] {processor.py:830} INFO - Processing file /home/airflow/.local/lib/python3.8/site-packages/airflow/example_dags/example_sla_dag.py for tasks to queue
[2026-08-21T12:22:00.045+0000] {logging_mixin.py:188} INFO - [2026-08-21T12:22:00.045+0000] {dagbag.py:538} INFO - Filling up the DagBag from /home/airflow/.local/lib/python3.8/site-packages/airflow/example_dags/example_sla_dag.py
[2026-08-21T12:22:00.058+0000] {processor.py:840} INFO - DAG(s) 'example_sla_dag' retrieved from /home/airflow/.local/lib/python3.8/site-packages/airflow/example_dags/example_sla_dag.py
[2026-08-21T12:22:00.080+0000] {logging_mixin.py:188} INFO - [2026-08-21T12:22:00.079+0000] {dag.py:3036} INFO - Sync 1 DAGs
[2026-08-21T12:22:00.106+0000] {logging_mixin.py:188} INFO - [2026-08-21T12:22:00.106+0000] {dag.py:3823} INFO - Setting next_dagrun for example_sla_dag to 2026-08-21 12:20:00+00:00, run_after=2026-08-21 12:22:00+00:00
[2026-08-21T12:22:00.171+0000] {processor.py:183} INFO - Processing /home/airflow/.local/lib/python3.8/site-packages/airflow/example_dags/example_sla_dag.py took 0.133 seconds
[2026-08-21T12:22:31.181+0000] {processor.py:161} INFO - Started process (PID=5827) to work on /home/airflow/.local/lib/python3.8/site-packages/airflow/example_dags/example_sla_dag.py
[2026-08-21T12:22:31.183+0000] {processor.py:830} INFO - Processing file /home/airflow/.local/lib/python3.8/site-packages/airflow/example_dags/example_sla_dag.py for tasks to queue
[2026-08-21T12:22:31.187+0000] {logging_mixin.py:188} INFO - [2026-08-21T12:22:31.187+0000] {dagbag.py:538} INFO - Filling up the DagBag from /home/airflow/.local/lib/python3.8/site-packages/airflow/example_dags/example_sla_dag.py
[2026-08-21T12:22:31.204+0000] {processor.py:840} INFO - DAG(s) 'example_sla_dag' retrieved from /home/airflow/.local/lib/python3.8/site-packages/airflow/example_dags/example_sla_dag.py
[2026-08-21T12:22:31.251+0000] {logging_mixin.py:188} INFO - [2026-08-21T12:22:31.250+0000] {dag.py:3036} INFO - Sync 1 DAGs
[2026-08-21T12:22:31.286+0000] {logging_mixin.py:188} INFO - [2026-08-21T12:22:31.286+0000] {dag.py:3823} INFO - Setting next_dagrun for example_sla_dag to 2026-08-21 12:20:00+00:00, run_after=2026-08-21 12:22:00+00:00
[2026-08-21T12:22:31.403+0000] {processor.py:183} INFO - Processing /home/airflow/.local/lib/python3.8/site-packages/airflow/example_dags/example_sla_dag.py took 0.228 seconds
[2026-08-21T12:23:01.483+0000] {processor.py:161} INFO - Started process (PID=5914) to work on /home/airflow/.local/lib/python3.8/site-packages/airflow/example_dags/example_sla_dag.py
[2026-08-21T12:23:01.485+0000] {processor.py:830} INFO - Processing file /home/airflow/.local/lib/python3.8/site-packages/airflow/example_dags/example_sla_dag.py for tasks to queue
[2026-08-21T12:23:01.487+0000] {logging_mixin.py:188} INFO - [2026-08-21T12:23:01.486+0000] {dagbag.py:538} INFO - Filling up the DagBag from /home/airflow/.local/lib/python3.8/site-packages/airflow/example_dags/example_sla_dag.py
[2026-08-21T12:23:01.496+0000] {processor.py:840} INFO - DAG(s) 'example_sla_dag' retrieved from /home/airflow/.local/lib/python3.8/site-packages/airflow/example_dags/example_sla_dag.py
[2026-08-21T12:23:01.515+0000] {logging_mixin.py:188} INFO - [2026-08-21T12:23:01.515+0000] {dag.py:3036} INFO - Sync 1 DAGs
[2026-08-21T12:23:01.538+0000] {logging_mixin.py:188} INFO - [2026-08-21T12:23:01.538+0000] {dag.py:3823} INFO - Setting next_dagrun for example_sla_dag to 2026-08-21 12:20:00+00:00, run_after=2026-08-21 12:22:00+00:00
[2026-08-21T12:23:01.595+0000] {processor.py:183} INFO - Processing /home/airflow/.local/lib/python3.8/site-packages/airflow/example_dags/example_sla_dag.py took 0.115 seconds
[2026-08-21T12:23:32.334+0000] {processor.py:161} INFO - Started process (PID=6001) to work on /home/airflow/.local/lib/python3.8/site-packages/airflow/example_dags/example_sla_dag.py
[2026-08-21T12:23:32.336+0000] {processor.py:830} INFO - Processing file /home/airflow/.local/lib/python3.8/site-packages/airflow/example_dags/example_sla_dag.py for tasks to queue
[2026-08-21T12:23:32.339+0000] {logging_mixin.py:188} INFO - [2026-08-21T12:23:32.339+0000] {dagbag.py:538} INFO - Filling up the DagBag from /home/airflow/.local/lib/python3.8/site-packages/airflow/example_dags/example_sla_dag.py
[2026-08-21T12:23:32.348+0000] {processor.py:840} INFO - DAG(s) 'example_sla_dag' retrieved from /home/airflow/.local/lib/python3.8/site-packages/airflow/example_dags/example_sla_dag.py
[2026-08-21T12:23:32.371+0000] {logging_mixin.py:188} INFO - [2026-08-21T12:23:32.371+0000] {dag.py:3036} INFO - Sync 1 DAGs
[2026-08-21T12:23:32.395+0000] {logging_mixin.py:188} INFO - [2026-08-21T12:23:32.395+0000] {dag.py:3823} INFO - Setting next_dagrun for example_sla_dag to 2026-08-21 12:20:00+00:00, run_after=2026-08-21 12:22:00+00:00
[2026-08-21T12:23:32.473+0000] {processor.py:183} INFO - Processing /home/airflow/.local/lib/python3.8/site-packages/airflow/example_dags/example_sla_dag.py took 0.144 seconds
[2026-08-21T12:24:02.541+0000] {processor.py:161} INFO - Started process (PID=6088) to work on /home/airflow/.local/lib/python3.8/site-packages/airflow/example_dags/example_sla_dag.py
[2026-08-21T12:24:02.542+0000] {processor.py:830} INFO - Processing file /home/airflow/.local/lib/python3.8/site-packages/airflow/example_dags/example_sla_dag.py for tasks to queue
[2026-08-21T12:24:02.545+0000] {logging_mixin.py:188} INFO - [2026-08-21T12:24:02.545+0000] {dagbag.py:538} INFO - Filling up the DagBag from /home/airflow/.local/lib/python3.8/site-packages/airflow/example_dags/example_sla_dag.py
[2026-08-21T12:24:02.554+0000] {processor.py:840} INFO - DAG(s) 'example_sla_dag' retrieved from /home/airflow/.local/lib/python3.8/site-packages/airflow/example_dags/example_sla_dag.py
[2026-08-21T12:24:02.579+0000] {logging_mixin.py:188} INFO - [2026-08-21T12:24:02.578+0000] {dag.py:3036} INFO - Sync 1 DAGs
[2026-08-21T12:24:02.603+0000] {logging_mixin.py:188} INFO - [2026-08-21T12:24:02.603+0000] {dag.py:3823} INFO - Setting next_dagrun for example_sla_dag to 2026-08-21 12:22:00+00:00, run_after=2026-08-21 12:24:00+00:00
[2026-08-21T12:24:02.625+0000] {processor.py:183} INFO - Processing /home/airflow/.local/lib/python3.8/site-packages/airflow/example_dags/example_sla_dag.py took 0.089 seconds
[2026-08-21T12:24:33.100+0000] {processor.py:161} INFO - Started process (PID=6175) to work on /home/airflow/.local/lib/python3.8/site-packages/airflow/example_dags/example_sla_dag.py
[2026-08-21T12:24:33.107+0000] {processor.py:830} INFO - Processing file /home/airflow/.local/lib/python3.8/site-packages/airflow/example_dags/example_sla_dag.py for tasks to queue
[2026-08-21T12:24:33.111+0000] {logging_mixin.py:188} INFO - [2026-08-21T12:24:33.111+0000] {dagbag.py:538} INFO - Filling up the DagBag from /home/airflow/.local/lib/python3.8/site-packages/airflow/example_dags/example_sla_dag.py
[2026-08-21T12:24:33.130+0000] {processor.py:840} INFO - DAG(s) 'example_sla_dag' retrieved from /home/airflow/.local/lib/python3.8/site-packages/airflow/example_dags/example_sla_dag.py
[2026-08-21T12:24:33.179+0000] {logging_mixin.py:188} INFO - [2026-08-21T12:24:33.179+0000] {dag.py:3036} INFO - Sync 1 DAGs
[2026-08-21T12:24:33.233+0000] {logging_mixin.py:188} INFO - [2026-08-21T12:24:33.233+0000] {dag.py:3823} INFO - Setting next_dagrun for example_sla_dag to 2026-08-21 12:22:00+00:00, run_after=2026-08-21 12:24:00+00:00
[2026-08-21T12:24:33.310+0000] {processor.py:183} INFO - Processing /home/airflow/.local/lib/python3.8/site-packages/airflow/example_dags/example_sla_dag.py took 0.216 seconds
[2026-08-21T12:25:03.551+0000] {processor.py:161} INFO - Started process (PID=6262) to work on /home/airflow/.local/lib/python3.8/site-packages/airflow/example_dags/example_sla_dag.py
[2026-08-21T12:25:03.553+0000] {processor.py:830} INFO - Processing file /home/airflow/.local/lib/python3.8/site-packages/airflow/example_dags/example_sla_dag.py for tasks to queue
[2026-08-21T12:25:03.555+0000] {logging_mixin.py:188} INFO - [2026-08-21T12:25:03.555+0000] {dagbag.py:538} INFO - Filling up the DagBag from /home/airflow/.local/lib/python3.8/site-packages/airflow/example_dags/example_sla_dag.py
[2026-08-21T12:25:03.565+0000] {processor.py:840} INFO - DAG(s) 'example_sla_dag' retrieved from /home/airflow/.local/lib/python3.8/site-packages/airflow/example_dags/example_sla_dag.py
[2026-08-21T12:25:03.587+0000] {logging_mixin.py:188} INFO - [2026-08-21T12:25:03.586+0000] {dag.py:3036} INFO - Sync 1 DAGs
[2026-08-21T12:25:03.610+0000] {logging_mixin.py:188} INFO - [2026-08-21T12:25:03.610+0000] {dag.py:3823} INFO - Setting next_dagrun for example_sla_dag to 2026-08-21 12:22:00+00:00, run_after=2026-08-21 12:24:00+00:00
[2026-08-21T12:25:03.658+0000] {processor.py:183} INFO - Processing /home/airflow/.local/lib/python3.8/site-packages/airflow/example_dags/example_sla_dag.py took 0.110 seconds
[2026-08-21T12:25:34.103+0000] {processor.py:161} INFO - Started process (PID=6349) to work on /home/airflow/.local/lib/python3.8/site-packages/airflow/example_dags/example_sla_dag.py
[2026-08-21T12:25:34.104+0000] {processor.py:830} INFO - Processing file /home/airflow/.local/lib/python3.8/site-packages/airflow/example_dags/example_sla_dag.py for tasks to queue
[2026-08-21T12:25:34.106+0000] {logging_mixin.py:188} INFO - [2026-08-21T12:25:34.106+0000] {dagbag.py:538} INFO - Filling up the DagBag from /home/airflow/.local/lib/python3.8/site-packages/airflow/example_dags/example_sla_dag.py
[2026-08-21T12:25:34.117+0000] {processor.py:840} INFO - DAG(s) 'example_sla_dag' retrieved from /home/airflow/.local/lib/python3.8/site-packages/airflow/example_dags/example_sla_dag.py
[2026-08-21T12:25:34.138+0000] {logging_mixin.py:188} INFO - [2026-08-21T12:25:34.138+0000] {dag.py:3036} INFO - Sync 1 DAGs
[2026-08-21T12:25:34.163+0000] {logging_mixin.py:188} INFO - [2026-08-21T12:25:34.163+0000] {dag.py:3823} INFO - Setting next_dagrun for example_sla_dag to 2026-08-21 12:22:00+00:00, run_after=2026-08-21 12:24:00+00:00
[2026-08-21T12:25:34.183+0000] {processor.py:183} INFO - Processing /home/airflow/.local/lib/python3.8/site-packages/airflow/example_dags/example_sla_dag.py took 0.084 seconds
[2026-08-21T12:26:04.362+0000] {processor.py:161} INFO - Started process (PID=6436) to work on /home/airflow/.local/lib/python3.8/site-packages/airflow/example_dags/example_sla_dag.py
[2026-08-21T12:26:04.363+0000] {processor.py:830} INFO - Processing file /home/airflow/.local/lib/python3.8/site-packages/airflow/example_dags/example_sla_dag.py for tasks to queue
[2026-08-21T12:26:04.366+0000] {logging_mixin.py:188} INFO - [2026-08-21T12:26:04.366+0000] {dagbag.py:538} INFO - Filling up the DagBag from /home/airflow/.local/lib/python3.8/site-packages/airflow/example_dags/example_sla_dag.py
[2026-08-21T12:26:04.380+0000] {processor.py:840} INFO - DAG(s) 'example_sla_dag' retrieved from /home/airflow/.local/lib/python3.8/site-packages/airflow/example_dags/example_sla_dag.py
[2026-08-21T12:26:04.404+0000] {logging_mixin.py:188} INFO - [2026-08-21T12:26:04.404+0000] {dag.py:3036} INFO - Sync 1 DAGs
[2026-08-21T12:26:04.428+0000] {logging_mixin.py:188} INFO - [2026-08-21T12:26:04.427+0000] {dag.py:3823} INFO - Setting next_dagrun for example_sla_dag to 2026-08-21 12:24:00+00:00, run_after=2026-08-21 12:26:00+00:00
[2026-08-21T12:26:04.447+0000] {processor.py:183} INFO - Processing /home/airflow/.local/lib/python3.8/site-packages/airflow/example_dags/example_sla_dag.py took 0.089 seconds
[2026-08-21T12:26:36.703+0000] {processor.py:161} INFO - Started process (PID=6523) to work on /home/airflow/.local/lib/python3.8/site-packages/airflow/example_dags/example_sla_dag.py
[2026-08-21T12:26:36.705+0000] {processor.py:830} INFO - Processing file /home/airflow/.local/lib/python3.8/site-packages/airflow/example_dags/example_sla_dag.py for tasks to queue
[2026-08-21T12:26:36.708+0000] {logging_mixin.py:188} INFO - [2026-08-21T12:26:36.708+0000] {dagbag.py:538} INFO - Filling up the DagBag from /home/airflow/.local/lib/python3.8/site-packages/airflow/example_dags/example_sla_dag.py
[2026-08-21T12:26:36.721+0000] {processor.py:840} INFO - DAG(s) 'example_sla_dag' retrieved from /home/airflow/.local/lib/python3.8/site-packages/airflow/example_dags/example_sla_dag.py
[2026-08-21T12:26:36.753+0000] {logging_mixin.py:188} INFO - [2026-08-21T12:26:36.753+0000] {dag.py:3036} INFO - Sync 1 DAGs
[2026-08-21T12:26:36.978+0000] {logging_mixin.py:188} INFO - [2026-08-21T12:26:36.978+0000] {dag.py:3823} INFO - Setting next_dagrun for example_sla_dag to 2026-08-21 12:24:00+00:00, run_after=2026-08-21 12:26:00+00:00
[2026-08-21T12:26:37.011+0000] {processor.py:183} INFO - Processing /home/airflow/.local/lib/python3.8/site-packages/airflow/example_dags/example_sla_dag.py took 0.313 seconds
[2026-08-21T12:27:07.250+0000] {processor.py:161} INFO - Started process (PID=6614) to work on /home/airflow/.local/lib/python3.8/site-packages/airflow/example_dags/example_sla_dag.py
[2026-08-21T12:27:07.253+0000] {processor.py:830} INFO - Processing file /home/airflow/.local/lib/python3.8/site-packages/airflow/example_dags/example_sla_dag.py for tasks to queue
[2026-08-21T12:27:07.257+0000] {logging_mixin.py:188} INFO - [2026-08-21T12:27:07.256+0000] {dagbag.py:538} INFO - Filling up the DagBag from /home/airflow/.local/lib/python3.8/site-packages/airflow/example_dags/example_sla_dag.py
[2026-08-21T12:27:07.274+0000] {processor.py:840} INFO - DAG(s) 'example_sla_dag' retrieved from /home/airflow/.local/lib/python3.8/site-packages/airflow/example_dags/example_sla_dag.py
[2026-08-21T12:27:07.312+0000] {logging_mixin.py:188} INFO - [2026-08-21T12:27:07.312+0000] {dag.py:3036} INFO - Sync 1 DAGs
[2026-08-21T12:27:07.360+0000] {logging_mixin.py:188} INFO - [2026-08-21T12:27:07.360+0000] {dag.py:3823} INFO - Setting next_dagrun for example_sla_dag to 2026-08-21 12:24:00+00:00, run_after=2026-08-21 12:26:00+00:00
[2026-08-21T12:27:07.403+0000] {processor.py:183} INFO - Processing /home/airflow/.local/lib/python3.8/site-packages/airflow/example_dags/example_sla_dag.py took 0.160 seconds
[2026-08-21T12:27:37.804+0000] {processor.py:161} INFO - Started process (PID=6701) to work on /home/airflow/.local/lib/python3.8/site-packages/airflow/example_dags/example_sla_dag.py
[2026-08-21T12:27:37.806+0000] {processor.py:830} INFO - Processing file /home/airflow/.local/lib/python3.8/site-packages/airflow/example_dags/example_sla_dag.py for tasks to queue
[2026-08-21T12:27:37.809+0000] {logging_mixin.py:188} INFO - [2026-08-21T12:27:37.808+0000] {dagbag.py:538} INFO - Filling up the DagBag from /home/airflow/.local/lib/python3.8/site-packages/airflow/example_dags/example_sla_dag.py
[2026-08-21T12:27:37.822+0000] {processor.py:840} INFO - DAG(s) 'example_sla_dag' retrieved from /home/airflow/.local/lib/python3.8/site-packages/airflow/example_dags/example_sla_dag.py
[2026-08-21T12:27:37.841+0000] {logging_mixin.py:188} INFO - [2026-08-21T12:27:37.841+0000] {dag.py:3036} INFO - Sync 1 DAGs
[2026-08-21T12:27:37.866+0000] {logging_mixin.py:188} INFO - [2026-08-21T12:27:37.866+0000] {dag.py:3823} INFO - Setting next_dagrun for example_sla_dag to 2026-08-21 12:24:00+00:00, run_after=2026-08-21 12:26:00+00:00
[2026-08-21T12:27:37.888+0000] {processor.py:183} INFO - Processing /home/airflow/.local/lib/python3.8/site-packages/airflow/example_dags/example_sla_dag.py took 0.088 seconds
[2026-08-21T12:28:08.361+0000] {processor.py:161} INFO - Started process (PID=6787) to work on /home/airflow/.local/lib/python3.8/site-packages/airflow/example_dags/example_sla_dag.py
[2026-08-21T12:28:08.362+0000] {processor.py:830} INFO - Processing file /home/airflow/.local/lib/python3.8/site-packages/airflow/example_dags/example_sla_dag.py for tasks to queue
[2026-08-21T12:28:08.364+0000] {logging_mixin.py:188} INFO - [2026-08-21T12:28:08.364+0000] {dagbag.py:538} INFO - Filling up the DagBag from /home/airflow/.local/lib/python3.8/site-packages/airflow/example_dags/example_sla_dag.py
[2026-08-21T12:28:08.373+0000] {processor.py:840} INFO - DAG(s) 'example_sla_dag' retrieved from /home/airflow/.local/lib/python3.8/site-packages/airflow/example_dags/example_sla_dag.py
[2026-08-21T12:28:08.397+0000] {logging_mixin.py:188} INFO - [2026-08-21T12:28:08.397+0000] {dag.py:3036} INFO - Sync 1 DAGs
[2026-08-21T12:28:08.426+0000] {logging_mixin.py:188} INFO - [2026-08-21T12:28:08.425+0000] {dag.py:3823} INFO - Setting next_dagrun for example_sla_dag to 2026-08-21 12:26:00+00:00, run_after=2026-08-21 12:28:00+00:00
[2026-08-21T12:28:08.453+0000] {processor.py:183} INFO - Processing /home/airflow/.local/lib/python3.8/site-packages/airflow/example_dags/example_sla_dag.py took 0.096 seconds
[2026-08-21T12:28:38.908+0000] {processor.py:161} INFO - Started process (PID=6874) to work on /home/airflow/.local/lib/python3.8/site-packages/airflow/example_dags/example_sla_dag.py
[2026-08-21T12:28:38.909+0000] {processor.py:830} INFO - Processing file /home/airflow/.local/lib/python3.8/site-packages/airflow/example_dags/example_sla_dag.py for tasks to queue
[2026-08-21T12:28:38.911+0000] {logging_mixin.py:188} INFO - [2026-08-21T12:28:38.911+0000] {dagbag.py:538} INFO - Filling up the DagBag from /home/airflow/.local/lib/python3.8/site-packages/airflow/example_dags/example_sla_dag.py
[2026-08-21T12:28:38.921+0000] {processor.py:840} INFO - DAG(s) 'example_sla_dag' retrieved from /home/airflow/.local/lib/python3.8/site-packages/airflow/example_dags/example_sla_dag.py
[2026-08-21T12:28:38.944+0000] {logging_mixin.py:188} INFO - [2026-08-21T12:28:38.944+0000] {dag.py:3036} INFO - Sync 1 DAGs
[2026-08-21T12:28:38.967+0000] {logging_mixin.py:188} INFO - [2026-08-21T12:28:38.967+0000] {dag.py:3823} INFO - Setting next_dagrun for example_sla_dag to 2026-08-21 12:26:00+00:00, run_after=2026-08-21 12:28:00+00:00
[2026-08-21T12:28:38.985+0000] {processor.py:183} INFO - Processing /home/airflow/.local/lib/python3.8/site-packages/airflow/example_dags/example_sla_dag.py took 0.080 seconds
[2026-08-21T12:29:09.409+0000] {processor.py:161} INFO - Started process (PID=6961) to work on /home/airflow/.local/lib/python3.8/site-packages/airflow/example_dags/example_sla_dag.py
[2026-08-21T12:29:09.410+0000] {processor.py:830} INFO - Processing file /home/airflow/.local/lib/python3.8/site-packages/airflow/example_dags/example_sla_dag.py for tasks to queue
[2026-08-21T12:29:09.412+0000] {logging_mixin.py:188} INFO - [2026-08-21T12:29:09.412+0000] {dagbag.py:538} INFO - Filling up the DagBag from /home/airflow/.local/lib/python3.8/site-packages/airflow/example_dags/example_sla_dag.py
[2026-08-21T12:29:09.423+0000] {processor.py:840} INFO - DAG(s) 'example_sla_dag' retrieved from /home/airflow/.local/lib/python3.8/site-packages/airflow/example_dags/example_sla_dag.py
[2026-08-21T12:29:09.445+0000] {logging_mixin.py:188} INFO - [2026-08-21T12:29:09.445+0000] {dag.py:3036} INFO - Sync 1 DAGs
[2026-08-21T12:29:09.470+0000] {logging_mixin.py:188} INFO - [2026-08-21T12:29:09.469+0000] {dag.py:3823} INFO - Setting next_dagrun for example_sla_dag to 2026-08-21 12:26:00+00:00, run_after=2026-08-21 12:28:00+00:00
[2026-08-21T12:29:09.489+0000] {processor.py:183} INFO - Processing /home/airflow/.local/lib/python3.8/site-packages/airflow/example_dags/example_sla_dag.py took 0.084 seconds
[2026-08-21T12:29:39.918+0000] {processor.py:161} INFO - Started process (PID=7048) to work on /home/airflow/.local/lib/python3.8/site-packages/airflow/example_dags/example_sla_dag.py
[2026-08-21T12:29:39.920+0000] {processor.py:830} INFO - Processing file /home/airflow/.local/lib/python3.8/site-packages/airflow/example_dags/example_sla_dag.py for tasks to queue
[2026-08-21T12:29:39.922+0000] {logging_mixin.py:188} INFO - [2026-08-21T12:29:39.921+0000] {dagbag.py:538} INFO - Filling up the DagBag from /home/airflow/.local/lib/python3.8/site-packages/airflow/example_dags/example_sla_dag.py
[2026-08-21T12:29:39.931+0000] {processor.py:840} INFO - DAG(s) 'example_sla_dag' retrieved from /home/airflow/.local/lib/python3.8/site-packages/airflow/example_dags/example_sla_dag.py
[2026-08-21T12:29:39.952+0000] {logging_mixin.py:188} INFO - [2026-08-21T12:29:39.951+0000] {dag.py:3036} INFO - Sync 1 DAGs
[2026-08-21T12:29:39.975+0000] {logging_mixin.py:188} INFO - [2026-08-21T12:29:39.975+0000] {dag.py:3823} INFO - Setting next_dagrun for example_sla_dag to 2026-08-21 12:26:00+00:00, run_after=2026-08-21 12:28:00+00:00
[2026-08-21T12:29:39.995+0000] {processor.py:183} INFO - Processing /home/airflow/.local/lib/python3.8/site-packages/airflow/example_dags/example_sla_dag.py took 0.079 seconds
[2026-08-21T12:30:10.341+0000] {processor.py:161} INFO - Started process (PID=7134) to work on /home/airflow/.local/lib/python3.8/site-packages/airflow/example_dags/example_sla_dag.py
[2026-08-21T12:30:10.342+0000] {processor.py:830} INFO - Processing file /home/airflow/.local/lib/python3.8/site-packages/airflow/example_dags/example_sla_dag.py for tasks to queue
[2026-08-21T12:30:10.345+0000] {logging_mixin.py:188} INFO - [2026-08-21T12:30:10.344+0000] {dagbag.py:538} INFO - Filling up the DagBag from /home/airflow/.local/lib/python3.8/site-packages/airflow/example_dags/example_sla_dag.py
[2026-08-21T12:30:10.354+0000] {processor.py:840} INFO - DAG(s) 'example_sla_dag' retrieved from /home/airflow/.local/lib/python3.8/site-packages/airflow/example_dags/example_sla_dag.py
[2026-08-21T12:30:10.376+0000] {logging_mixin.py:188} INFO - [2026-08-21T12:30:10.376+0000] {dag.py:3036} INFO - Sync 1 DAGs
[2026-08-21T12:30:10.404+0000] {logging_mixin.py:188} INFO - [2026-08-21T12:30:10.404+0000] {dag.py:3823} INFO - Setting next_dagrun for example_sla_dag to 2026-08-21 12:28:00+00:00, run_after=2026-08-21 12:30:00+00:00
[2026-08-21T12:30:10.425+0000] {processor.py:183} INFO - Processing /home/airflow/.local/lib/python3.8/site-packages/airflow/example_dags/example_sla_dag.py took 0.088 seconds
[2026-08-21T12:30:41.363+0000] {processor.py:161} INFO - Started process (PID=7223) to work on /home/airflow/.local/lib/python3.8/site-packages/airflow/example_dags/example_sla_dag.py
[2026-08-21T12:30:41.364+0000] {processor.py:830} INFO - Processing file /home/airflow/.local/lib/python3.8/site-packages/airflow/example_dags/example_sla_dag.py for tasks to queue
[2026-08-21T12:30:41.367+0000] {logging_mixin.py:188} INFO - [2026-08-21T12:30:41.366+0000] {dagbag.py:538} INFO - Filling up the DagBag from /home/airflow/.local/lib/python3.8/site-packages/airflow/example_dags/example_sla_dag.py
[2026-08-21T12:30:41.375+0000] {processor.py:840} INFO - DAG(s) 'example_sla_dag' retrieved from /home/airflow/.local/lib/python3.8/site-packages/airflow/example_dags/example_sla_dag.py
[2026-08-21T12:30:41.396+0000] {logging_mixin.py:188} INFO - [2026-08-21T12:30:41.396+0000] {dag.py:3036} INFO - Sync 1 DAGs
[2026-08-21T12:30:41.420+0000] {logging_mixin.py:188} INFO - [2026-08-21T12:30:41.420+0000] {dag.py:3823} INFO - Setting next_dagrun for example_sla_dag to 2026-08-21 12:28:00+00:00, run_after=2026-08-21 12:30:00+00:00
[2026-08-21T12:30:41.440+0000] {processor.py:183} INFO - Processing /home/airflow/.local/lib/python3.8/site-packages/airflow/example_dags/example_sla_dag.py took 0.081 seconds
[2026-08-21T12:31:11.936+0000] {processor.py:161} INFO - Started process (PID=7311) to work on /home/airflow/.local/lib/python3.8/site-packages/airflow/example_dags/example_sla_dag.py
[2026-08-21T12:31:11.938+0000] {processor.py:830} INFO - Processing file /home/airflow/.local/lib/python3.8/site-packages/airflow/example_dags/example_sla_dag.py for tasks to queue
[2026-08-21T12:31:11.940+0000] {logging_mixin.py:188} INFO - [2026-08-21T12:31:11.940+0000] {dagbag.py:538} INFO - Filling up the DagBag from /home/airflow/.local/lib/python3.8/site-packages/airflow/example_dags/example_sla_dag.py
[2026-08-21T12:31:11.950+0000] {processor.py:840} INFO - DAG(s) 'example_sla_dag' retrieved from /home/airflow/.local/lib/python3.8/site-packages/airflow/example_dags/example_sla_dag.py
[2026-08-21T12:31:11.970+0000] {logging_mixin.py:188} INFO - [2026-08-21T12:31:11.970+0000] {dag.py:3036} INFO - Sync 1 DAGs
[2026-08-21T12:31:11.996+0000] {logging_mixin.py:188} INFO - [2026-08-21T12:31:11.995+0000] {dag.py:3823} INFO - Setting next_dagrun for example_sla_dag to 2026-08-21 12:28:00+00:00, run_after=2026-08-21 12:30:00+00:00
[2026-08-21T12:31:12.019+0000] {processor.py:183} INFO - Processing /home/airflow/.local/lib/python3.8/site-packages/airflow/example_dags/example_sla_dag.py took 0.087 seconds
[2026-08-21T12:31:42.763+0000] {processor.py:161} INFO - Started process (PID=7398) to work on /home/airflow/.local/lib/python3.8/site-packages/airflow/example_dags/example_sla_dag.py
[2026-08-21T12:31:42.765+0000] {processor.py:830} INFO - Processing file /home/airflow/.local/lib/python3.8/site-packages/airflow/example_dags/example_sla_dag.py for tasks to queue
[2026-08-21T12:31:42.768+0000] {logging_mixin.py:188} INFO - [2026-08-21T12:31:42.767+0000] {dagbag.py:538} INFO - Filling up the DagBag from /home/airflow/.local/lib/python3.8/site-packages/airflow/example_dags/example_sla_dag.py
[2026-08-21T12:31:42.779+0000] {processor.py:840} INFO - DAG(s) 'example_sla_dag' retrieved from /home/airflow/.local/lib/python3.8/site-packages/airflow/example_dags/example_sla_dag.py
[2026-08-21T12:31:42.809+0000] {logging_mixin.py:188} INFO - [2026-08-21T12:31:42.809+0000] {dag.py:3036} INFO - Sync 1 DAGs
[2026-08-21T12:31:42.846+0000] {logging_mixin.py:188} INFO - [2026-08-21T12:31:42.846+0000] {dag.py:3823} INFO - Setting next_dagrun for example_sla_dag to 2026-08-21 12:28:00+00:00, run_after=2026-08-21 12:30:00+00:00
[2026-08-21T12:31:42.877+0000] {processor.py:183} INFO - Processing /home/airflow/.local/lib/python3.8/site-packages/airflow/example_dags/example_sla_dag.py took 0.120 seconds
