[2026-08-21T11:42:44.410+0000] {processor.py:161} INFO - Started process (PID=159) to work on /home/airflow/.local/lib/python3.8/site-packages/airflow/example_dags/example_trigger_controller_dag.py
[2026-08-21T11:42:44.416+0000] {processor.py:830} INFO - Processing file /home/airflow/.local/lib/python3.8/site-packages/airflow/example_dags/example_trigger_controller_dag.py for tasks to queue
[2026-08-21T11:42:44.431+0000] {logging_mixin.py:188} INFO - [2026-08-21T11:42:44.430+0000] {dagbag.py:538} INFO - Filling up the DagBag from /home/airflow/.local/lib/python3.8/site-packages/airflow/example_dags/example_trigger_controller_dag.py
[2026-08-21T11:42:44.485+0000] {processor.py:840} INFO - DAG(s) 'example_trigger_controller_dag' retrieved from /home/airflow/.local/lib/python3.8/site-packages/airflow/example_dags/example_trigger_controller_dag.py
[2026-08-21T11:42:44.941+0000] {logging_mixin.py:188} INFO - [2026-08-21T11:42:44.941+0000] {dag.py:3036} INFO - Sync 1 DAGs
[2026-08-21T11:42:45.093+0000] {logging_mixin.py:188} INFO - [2026-08-21T11:42:45.092+0000] {dag.py:3823} INFO - Setting next_dagrun for example_trigger_controller_dag to 2021-01-01 00:00:00+00:00, run_after=2021-01-01 00:00:00+00:00
[2026-08-21T11:42:45.207+0000] {processor.py:183} INFO - Processing /home/airflow/.local/lib/python3.8/site-packages/airflow/example_dags/example_trigger_controller_dag.py took 0.806 seconds
[2026-08-21T11:43:23.071+0000] {processor.py:161} INFO - Started process (PID=113) to work on /home/airflow/.local/lib/python3.8/site-packages/airflow/example_dags/example_trigger_controller_dag.py
[2026-08-21T11:43:23.079+0000] {processor.py:830} INFO - Processing file /home/airflow/.local/lib/python3.8/site-packages/airflow/example_dags/example_trigger_controller_dag.py for tasks to queue
[2026-08-21T11:43:23.085+0000] {logging_mixin.py:188} INFO - [2026-08-21T11:43:23.084+0000] {dagbag.py:538} INFO - Filling up the DagBag from /home/airflow/.local/lib/python3.8/site-packages/airflow/example_dags/example_trigger_controller_dag.py
[2026-08-21T11:43:23.100+0000] {processor.py:840} INFO - DAG(s) 'example_trigger_controller_dag' retrieved from /home/airflow/.local/lib/python3.8/site-packages/airflow/example_dags/example_trigger_controller_dag.py
[2026-08-21T11:43:23.152+0000] {logging_mixin.py:188} INFO - [2026-08-21T11:43:23.151+0000] {dag.py:3036} INFO - Sync 1 DAGs
[2026-08-21T11:43:23.199+0000] {logging_mixin.py:188} INFO - [2026-08-21T11:43:23.198+0000] {dag.py:3823} INFO - Setting next_dagrun for example_trigger_controller_dag to 2021-01-01 00:00:00+00:00, run_after=2021-01-01 00:00:00+00:00
[2026-08-21T11:43:23.250+0000] {processor.py:183} INFO - Processing /home/airflow/.local/lib/python3.8/site-packages/airflow/example_dags/example_trigger_controller_dag.py took 0.189 seconds
[2026-08-21T11:43:53.469+0000] {processor.py:161} INFO - Started process (PID=204) to work on /home/airflow/.local/lib/python3.8/site-packages/airflow/example_dags/example_trigger_controller_dag.py
[2026-08-21T11:43:53.473+0000] {processor.py:830} INFO - Processing file /home/airflow/.local/lib/python3.8/site-packages/airflow/example_dags/example_trigger_controller_dag.py for tasks to queue
[2026-08-21T11:43:53.479+0000] {logging_mixin.py:188} INFO - [2026-08-21T11:43:53.478+0000] {dagbag.py:538} INFO - Filling up the DagBag from /home/airflow/.local/lib/python3.8/site-packages/airflow/example_dags/example_trigger_controller_dag.py
[2026-08-21T11:43:53.490+0000] {processor.py:840} INFO - DAG(s) 'example_trigger_controller_dag' retrieved from /home/airflow/.local/lib/python3.8/site-packages/airflow/example_dags/example_trigger_controller_dag.py
[2026-08-21T11:43:53.531+0000] {logging_mixin.py:188} INFO - [2026-08-21T11:43:53.531+0000] {dag.py:3036} INFO - Sync 1 DAGs
[2026-08-21T11:43:53.568+0000] {logging_mixin.py:188} INFO - [2026-08-21T11:43:53.567+0000] {dag.py:3823} INFO - Setting next_dagrun for example_trigger_controller_dag to 2021-01-01 00:00:00+00:00, run_after=2021-01-01 00:00:00+00:00
[2026-08-21T11:43:53.600+0000] {processor.py:183} INFO - Processing /home/airflow/.local/lib/python3.8/site-packages/airflow/example_dags/example_trigger_controller_dag.py took 0.137 seconds
[2026-08-21T11:44:24.987+0000] {processor.py:161} INFO - Started process (PID=288) to work on /home/airflow/.local/lib/python3.8/site-packages/airflow/example_dags/example_trigger_controller_dag.py
[2026-08-21T11:44:24.988+0000] {processor.py:830} INFO - Processing file /home/airflow/.local/lib/python3.8/site-packages/airflow/example_dags/example_trigger_controller_dag.py for tasks to queue
[2026-08-21T11:44:24.990+0000] {logging_mixin.py:188} INFO - [2026-08-21T11:44:24.990+0000] {dagbag.py:538} INFO - Filling up the DagBag from /home/airflow/.local/lib/python3.8/site-packages/airflow/example_dags/example_trigger_controller_dag.py
[2026-08-21T11:44:24.998+0000] {processor.py:840} INFO - DAG(s) 'example_trigger_controller_dag' retrieved from /home/airflow/.local/lib/python3.8/site-packages/airflow/example_dags/example_trigger_controller_dag.py
[2026-08-21T11:44:25.017+0000] {logging_mixin.py:188} INFO - [2026-08-21T11:44:25.017+0000] {dag.py:3036} INFO - Sync 1 DAGs
[2026-08-21T11:44:25.046+0000] {logging_mixin.py:188} INFO - [2026-08-21T11:44:25.046+0000] {dag.py:3823} INFO - Setting next_dagrun for example_trigger_controller_dag to 2021-01-01 00:00:00+00:00, run_after=2021-01-01 00:00:00+00:00
[2026-08-21T11:44:25.066+0000] {processor.py:183} INFO - Processing /home/airflow/.local/lib/python3.8/site-packages/airflow/example_dags/example_trigger_controller_dag.py took 0.083 seconds
[2026-08-21T11:44:58.325+0000] {processor.py:161} INFO - Started process (PID=385) to work on /home/airflow/.local/lib/python3.8/site-packages/airflow/example_dags/example_trigger_controller_dag.py
[2026-08-21T11:44:58.328+0000] {processor.py:830} INFO - Processing file /home/airflow/.local/lib/python3.8/site-packages/airflow/example_dags/example_trigger_controller_dag.py for tasks to queue
[2026-08-21T11:44:58.332+0000] {logging_mixin.py:188} INFO - [2026-08-21T11:44:58.331+0000] {dagbag.py:538} INFO - Filling up the DagBag from /home/airflow/.local/lib/python3.8/site-packages/airflow/example_dags/example_trigger_controller_dag.py
[2026-08-21T11:44:58.349+0000] {processor.py:840} INFO - DAG(s) 'example_trigger_controller_dag' retrieved from /home/airflow/.local/lib/python3.8/site-packages/airflow/example_dags/example_trigger_controller_dag.py
[2026-08-21T11:44:58.446+0000] {logging_mixin.py:188} INFO - [2026-08-21T11:44:58.445+0000] {dag.py:3036} INFO - Sync 1 DAGs
[2026-08-21T11:44:58.538+0000] {logging_mixin.py:188} INFO - [2026-08-21T11:44:58.538+0000] {dag.py:3823} INFO - Setting next_dagrun for example_trigger_controller_dag to 2021-01-01 00:00:00+00:00, run_after=2021-01-01 00:00:00+00:00
[2026-08-21T11:44:58.603+0000] {processor.py:183} INFO - Processing /home/airflow/.local/lib/python3.8/site-packages/airflow/example_dags/example_trigger_controller_dag.py took 0.285 seconds
[2026-08-21T11:45:30.152+0000] {processor.py:161} INFO - Started process (PID=475) to work on /home/airflow/.local/lib/python3.8/site-packages/airflow/example_dags/example_trigger_controller_dag.py
[2026-08-21T11:45:30.153+0000] {processor.py:830} INFO - Processing file /home/airflow/.local/lib/python3.8/site-packages/airflow/example_dags/example_trigger_controller_dag.py for tasks to queue
[2026-08-21T11:45:30.158+0000] {logging_mixin.py:188} INFO - [2026-08-21T11:45:30.158+0000] {dagbag.py:538} INFO - Filling up the DagBag from /home/airflow/.local/lib/python3.8/site-packages/airflow/example_dags/example_trigger_controller_dag.py
[2026-08-21T11:45:30.165+0000] {processor.py:840} INFO - DAG(s) 'example_trigger_controller_dag' retrieved from /home/airflow/.local/lib/python3.8/site-packages/airflow/example_dags/example_trigger_controller_dag.py
[2026-08-21T11:45:30.322+0000] {logging_mixin.py:188} INFO - [2026-08-21T11:45:30.322+0000] {dag.py:3036} INFO - Sync 1 DAGs
[2026-08-21T11:45:30.347+0000] {logging_mixin.py:188} INFO - [2026-08-21T11:45:30.347+0000] {dag.py:3823} INFO - Setting next_dagrun for example_trigger_controller_dag to 2021-01-01 00:00:00+00:00, run_after=2021-01-01 00:00:00+00:00
[2026-08-21T11:45:30.413+0000] {processor.py:183} INFO - Processing /home/airflow/.local/lib/python3.8/site-packages/airflow/example_dags/example_trigger_controller_dag.py took 0.267 seconds
[2026-08-21T11:46:00.833+0000] {processor.py:161} INFO - Started process (PID=561) to work on /home/airflow/.local/lib/python3.8/site-packages/airflow/example_dags/example_trigger_controller_dag.py
[2026-08-21T11:46:00.834+0000] {processor.py:830} INFO - Processing file /home/airflow/.local/lib/python3.8/site-packages/airflow/example_dags/example_trigger_controller_dag.py for tasks to queue
[2026-08-21T11:46:00.836+0000] {logging_mixin.py:188} INFO - [2026-08-21T11:46:00.836+0000] {dagbag.py:538} INFO - Filling up the DagBag from /home/airflow/.local/lib/python3.8/site-packages/airflow/example_dags/example_trigger_controller_dag.py
[2026-08-21T11:46:00.843+0000] {processor.py:840} INFO - DAG(s) 'example_trigger_controller_dag' retrieved from /home/airflow/.local/lib/python3.8/site-packages/airflow/example_dags/example_trigger_controller_dag.py
[2026-08-21T11:46:00.858+0000] {logging_mixin.py:188} INFO - [2026-08-21T11:46:00.857+0000] {dag.py:3036} INFO - Sync 1 DAGs
[2026-08-21T11:46:00.897+0000] {logging_mixin.py:188} INFO - [2026-08-21T11:46:00.896+0000] {dag.py:3823} INFO - Setting next_dagrun for example_trigger_controller_dag to 2021-01-01 00:00:00+00:00, run_after=2021-01-01 00:00:00+00:00
[2026-08-21T11:46:01.095+0000] {processor.py:183} INFO - Processing /home/airflow/.local/lib/python3.8/site-packages/airflow/example_dags/example_trigger_controller_dag.py took 0.266 seconds
[2026-08-21T11:46:32.484+0000] {processor.py:161} INFO - Started process (PID=652) to work on /home/airflow/.local/lib/python3.8/site-packages/airflow/example_dags/example_trigger_controller_dag.py
[2026-08-21T11:46:32.487+0000] {processor.py:830} INFO - Processing file /home/airflow/.local/lib/python3.8/site-packages/airflow/example_dags/example_trigger_controller_dag.py for tasks to queue
[2026-08-21T11:46:32.489+0000] {logging_mixin.py:188} INFO - [2026-08-21T11:46:32.489+0000] {dagbag.py:538} INFO - Filling up the DagBag from /home/airflow/.local/lib/python3.8/site-packages/airflow/example_dags/example_trigger_controller_dag.py
[2026-08-21T11:46:32.496+0000] {processor.py:840} INFO - DAG(s) 'example_trigger_controller_dag' retrieved from /home/airflow/.local/lib/python3.8/site-packages/airflow/example_dags/example_trigger_controller_dag.py
[2026-08-21T11:46:32.512+0000] {logging_mixin.py:188} INFO - [2026-08-21T11:46:32.512+0000] {dag.py:3036} INFO - Sync 1 DAGs
[2026-08-21T11:46:32.537+0000] {logging_mixin.py:188} INFO - [2026-08-21T11:46:32.537+0000] {dag.py:3823} INFO - Setting next_dagrun for example_trigger_controller_dag to 2021-01-01 00:00:00+00:00, run_after=2021-01-01 00:00:00+00:00
[2026-08-21T11:46:32.560+0000] {processor.py:183} INFO - Processing /home/airflow/.local/lib/python3.8/site-packages/airflow/example_dags/example_trigger_controller_dag.py took 0.080 seconds
[2026-08-21T11:47:04.043+0000] {processor.py:161} INFO - Started process (PID=737) to work on /home/airflow/.local/lib/python3.8/site-packages/airflow/example_dags/example_trigger_controller_dag.py
[2026-08-21T11:47:04.044+0000] {processor.py:830} INFO - Processing file /home/airflow/.local/lib/python3.8/site-packages/airflow/example_dags/example_trigger_controller_dag.py for tasks to queue
[2026-08-21T11:47:04.047+0000] {logging_mixin.py:188} INFO - [2026-08-21T11:47:04.046+0000] {dagbag.py:538} INFO - Filling up the DagBag from /home/airflow/.local/lib/python3.8/site-packages/airflow/example_dags/example_trigger_controller_dag.py
[2026-08-21T11:47:04.053+0000] {processor.py:840} INFO - DAG(s) 'example_trigger_controller_dag' retrieved from /home/airflow/.local/lib/python3.8/site-packages/airflow/example_dags/example_trigger_controller_dag.py
[2026-08-21T11:47:04.154+0000] {logging_mixin.py:188} INFO - [2026-08-21T11:47:04.154+0000] {dag.py:3036} INFO - Sync 1 DAGs
[2026-08-21T11:47:04.312+0000] {logging_mixin.py:188} INFO - [2026-08-21T11:47:04.311+0000] {dag.py:3823} INFO - Setting next_dagrun for example_trigger_controller_dag to 2021-01-01 00:00:00+00:00, run_after=2021-01-01 00:00:00+00:00
[2026-08-21T11:47:04.331+0000] {processor.py:183} INFO - Processing /home/airflow/.local/lib/python3.8/site-packages/airflow/example_dags/example_trigger_controller_dag.py took 0.292 seconds
[2026-08-21T11:47:34.627+0000] {processor.py:161} INFO - Started process (PID=823) to work on /home/airflow/.local/lib/python3.8/site-packages/airflow/example_dags/example_trigger_controller_dag.py
[2026-08-21T11:47:34.629+0000] {processor.py:830} INFO - Processing file /home/airflow/.local/lib/python3.8/site-packages/airflow/example_dags/example_trigger_controller_dag.py for tasks to queue
[2026-08-21T11:47:34.631+0000] {logging_mixin.py:188} INFO - [2026-08-21T11:47:34.630+0000] {dagbag.py:538} INFO - Filling up the DagBag from /home/airflow/.local/lib/python3.8/site-packages/airflow/example_dags/example_trigger_controller_dag.py
[2026-08-21T11:47:34.635+0000] {processor.py:840} INFO - DAG(s) 'example_trigger_controller_dag' retrieved from /home/airflow/.local/lib/python3.8/site-packages/airflow/example_dags/example_trigger_controller_dag.py
[2026-08-21T11:47:34.654+0000] {logging_mixin.py:188} INFO - [2026-08-21T11:47:34.654+0000] {dag.py:3036} INFO - Sync 1 DAGs
[2026-08-21T11:47:34.675+0000] {logging_mixin.py:188} INFO - [2026-08-21T11:47:34.675+0000] {dag.py:3823} INFO - Setting next_dagrun for example_trigger_controller_dag to 2021-01-01 00:00:00+00:00, run_after=2021-01-01 00:00:00+00:00
[2026-08-21T11:47:34.724+0000] {processor.py:183} INFO - Processing /home/airflow/.local/lib/python3.8/site-packages/airflow/example_dags/example_trigger_controller_dag.py took 0.100 seconds
[2026-08-21T11:48:05.334+0000] {processor.py:161} INFO - Started process (PID=910) to work on /home/airflow/.local/lib/python3.8/site-packages/airflow/example_dags/example_trigger_controller_dag.py
[2026-08-21T11:48:05.335+0000] {processor.py:830} INFO - Processing file /home/airflow/.local/lib/python3.8/site-packages/airflow/example_dags/example_trigger_controller_dag.py for tasks to queue
[2026-08-21T11:48:05.337+0000] {logging_mixin.py:188} INFO - [2026-08-21T11:48:05.337+0000] {dagbag.py:538} INFO - Filling up the DagBag from /home/airflow/.local/lib/python3.8/site-packages/airflow/example_dags/example_trigger_controller_dag.py
[2026-08-21T11:48:05.342+0000] {processor.py:840} INFO - DAG(s) 'example_trigger_controller_dag' retrieved from /home/airflow/.local/lib/python3.8/site-packages/airflow/example_dags/example_trigger_controller_dag.py
[2026-08-21T11:48:05.362+0000] {logging_mixin.py:188} INFO - [2026-08-21T11:48:05.362+0000] {dag.py:3036} INFO - Sync 1 DAGs
[2026-08-21T11:48:05.383+0000] {logging_mixin.py:188} INFO - [2026-08-21T11:48:05.383+0000] {dag.py:3823} INFO - Setting next_dagrun for example_trigger_controller_dag to 2021-01-01 00:00:00+00:00, run_after=2021-01-01 00:00:00+00:00
[2026-08-21T11:48:05.439+0000] {processor.py:183} INFO - Processing /home/airflow/.local/lib/python3.8/site-packages/airflow/example_dags/example_trigger_controller_dag.py took 0.109 seconds
[2026-08-21T11:48:45.196+0000] {processor.py:161} INFO - Started process (PID=87) to work on /home/airflow/.local/lib/python3.8/site-packages/airflow/example_dags/example_trigger_controller_dag.py
[2026-08-21T11:48:45.197+0000] {processor.py:830} INFO - Processing file /home/airflow/.local/lib/python3.8/site-packages/airflow/example_dags/example_trigger_controller_dag.py for tasks to queue
[2026-08-21T11:48:45.200+0000] {logging_mixin.py:188} INFO - [2026-08-21T11:48:45.199+0000] {dagbag.py:538} INFO - Filling up the DagBag from /home/airflow/.local/lib/python3.8/site-packages/airflow/example_dags/example_trigger_controller_dag.py
[2026-08-21T11:48:45.208+0000] {processor.py:840} INFO - DAG(s) 'example_trigger_controller_dag' retrieved from /home/airflow/.local/lib/python3.8/site-packages/airflow/example_dags/example_trigger_controller_dag.py
[2026-08-21T11:48:45.231+0000] {logging_mixin.py:188} INFO - [2026-08-21T11:48:45.230+0000] {dag.py:3036} INFO - Sync 1 DAGs
[2026-08-21T11:48:45.257+0000] {logging_mixin.py:188} INFO - [2026-08-21T11:48:45.257+0000] {dag.py:3823} INFO - Setting next_dagrun for example_trigger_controller_dag to 2021-01-01 00:00:00+00:00, run_after=2021-01-01 00:00:00+00:00
[2026-08-21T11:48:45.352+0000] {processor.py:183} INFO - Processing /home/airflow/.local/lib/python3.8/site-packages/airflow/example_dags/example_trigger_controller_dag.py took 0.160 seconds
[2026-08-21T11:49:16.632+0000] {processor.py:161} INFO - Started process (PID=175) to work on /home/airflow/.local/lib/python3.8/site-packages/airflow/example_dags/example_trigger_controller_dag.py
[2026-08-21T11:49:16.633+0000] {processor.py:830} INFO - Processing file /home/airflow/.local/lib/python3.8/site-packages/airflow/example_dags/example_trigger_controller_dag.py for tasks to queue
[2026-08-21T11:49:16.636+0000] {logging_mixin.py:188} INFO - [2026-08-21T11:49:16.635+0000] {dagbag.py:538} INFO - Filling up the DagBag from /home/airflow/.local/lib/python3.8/site-packages/airflow/example_dags/example_trigger_controller_dag.py
[2026-08-21T11:49:16.640+0000] {processor.py:840} INFO - DAG(s) 'example_trigger_controller_dag' retrieved from /home/airflow/.local/lib/python3.8/site-packages/airflow/example_dags/example_trigger_controller_dag.py
[2026-08-21T11:49:16.662+0000] {logging_mixin.py:188} INFO - [2026-08-21T11:49:16.662+0000] {dag.py:3036} INFO - Sync 1 DAGs
[2026-08-21T11:49:16.691+0000] {logging_mixin.py:188} INFO - [2026-08-21T11:49:16.691+0000] {dag.py:3823} INFO - Setting next_dagrun for example_trigger_controller_dag to 2021-01-01 00:00:00+00:00, run_after=2021-01-01 00:00:00+00:00
[2026-08-21T11:49:16.746+0000] {processor.py:183} INFO - Processing /home/airflow/.local/lib/python3.8/site-packages/airflow/example_dags/example_trigger_controller_dag.py took 0.118 seconds
[2026-08-21T11:49:47.485+0000] {processor.py:161} INFO - Started process (PID=264) to work on /home/airflow/.local/lib/python3.8/site-packages/airflow/example_dags/example_trigger_controller_dag.py
[2026-08-21T11:49:47.486+0000] {processor.py:830} INFO - Processing file /home/airflow/.local/lib/python3.8/site-packages/airflow/example_dags/example_trigger_controller_dag.py for tasks to queue
[2026-08-21T11:49:47.488+0000] {logging_mixin.py:188} INFO - [2026-08-21T11:49:47.488+0000] {dagbag.py:538} INFO - Filling up the DagBag from /home/airflow/.local/lib/python3.8/site-packages/airflow/example_dags/example_trigger_controller_dag.py
[2026-08-21T11:49:47.499+0000] {processor.py:840} INFO - DAG(s) 'example_trigger_controller_dag' retrieved from /home/airflow/.local/lib/python3.8/site-packages/airflow/example_dags/example_trigger_controller_dag.py
[2026-08-21T11:49:47.519+0000] {logging_mixin.py:188} INFO - [2026-08-21T11:49:47.519+0000] {dag.py:3036} INFO - Sync 1 DAGs
[2026-08-21T11:49:47.539+0000] {logging_mixin.py:188} INFO - [2026-08-21T11:49:47.539+0000] {dag.py:3823} INFO - Setting next_dagrun for example_trigger_controller_dag to 2021-01-01 00:00:00+00:00, run_after=2021-01-01 00:00:00+00:00
[2026-08-21T11:49:47.560+0000] {processor.py:183} INFO - Processing /home/airflow/.local/lib/python3.8/site-packages/airflow/example_dags/example_trigger_controller_dag.py took 0.080 seconds
[2026-08-21T11:50:18.348+0000] {processor.py:161} INFO - Started process (PID=352) to work on /home/airflow/.local/lib/python3.8/site-packages/airflow/example_dags/example_trigger_controller_dag.py
[2026-08-21T11:50:18.349+0000] {processor.py:830} INFO - Processing file /home/airflow/.local/lib/python3.8/site-packages/airflow/example_dags/example_trigger_controller_dag.py for tasks to queue
[2026-08-21T11:50:18.351+0000] {logging_mixin.py:188} INFO - [2026-08-21T11:50:18.351+0000] {dagbag.py:538} INFO - Filling up the DagBag from /home/airflow/.local/lib/python3.8/site-packages/airflow/example_dags/example_trigger_controller_dag.py
[2026-08-21T11:50:18.357+0000] {processor.py:840} INFO - DAG(s) 'example_trigger_controller_dag' retrieved from /home/airflow/.local/lib/python3.8/site-packages/airflow/example_dags/example_trigger_controller_dag.py
[2026-08-21T11:50:18.377+0000] {logging_mixin.py:188} INFO - [2026-08-21T11:50:18.377+0000] {dag.py:3036} INFO - Sync 1 DAGs
[2026-08-21T11:50:18.398+0000] {logging_mixin.py:188} INFO - [2026-08-21T11:50:18.397+0000] {dag.py:3823} INFO - Setting next_dagrun for example_trigger_controller_dag to 2021-01-01 00:00:00+00:00, run_after=2021-01-01 00:00:00+00:00
[2026-08-21T11:50:18.417+0000] {processor.py:183} INFO - Processing /home/airflow/.local/lib/python3.8/site-packages/airflow/example_dags/example_trigger_controller_dag.py took 0.074 seconds
[2026-08-21T11:50:49.748+0000] {processor.py:161} INFO - Started process (PID=440) to work on /home/airflow/.local/lib/python3.8/site-packages/airflow/example_dags/example_trigger_controller_dag.py
[2026-08-21T11:50:49.749+0000] {processor.py:830} INFO - Processing file /home/airflow/.local/lib/python3.8/site-packages/airflow/example_dags/example_trigger_controller_dag.py for tasks to queue
[2026-08-21T11:50:49.751+0000] {logging_mixin.py:188} INFO - [2026-08-21T11:50:49.751+0000] {dagbag.py:538} INFO - Filling up the DagBag from /home/airflow/.local/lib/python3.8/site-packages/airflow/example_dags/example_trigger_controller_dag.py
[2026-08-21T11:50:49.758+0000] {processor.py:840} INFO - DAG(s) 'example_trigger_controller_dag' retrieved from /home/airflow/.local/lib/python3.8/site-packages/airflow/example_dags/example_trigger_controller_dag.py
[2026-08-21T11:50:49.785+0000] {logging_mixin.py:188} INFO - [2026-08-21T11:50:49.785+0000] {dag.py:3036} INFO - Sync 1 DAGs
[2026-08-21T11:50:49.807+0000] {logging_mixin.py:188} INFO - [2026-08-21T11:50:49.807+0000] {dag.py:3823} INFO - Setting next_dagrun for example_trigger_controller_dag to 2021-01-01 00:00:00+00:00, run_after=2021-01-01 00:00:00+00:00
[2026-08-21T11:50:49.825+0000] {processor.py:183} INFO - Processing /home/airflow/.local/lib/python3.8/site-packages/airflow/example_dags/example_trigger_controller_dag.py took 0.081 seconds
[2026-08-21T11:51:20.006+0000] {processor.py:161} INFO - Started process (PID=528) to work on /home/airflow/.local/lib/python3.8/site-packages/airflow/example_dags/example_trigger_controller_dag.py
[2026-08-21T11:51:20.008+0000] {processor.py:830} INFO - Processing file /home/airflow/.local/lib/python3.8/site-packages/airflow/example_dags/example_trigger_controller_dag.py for tasks to queue
[2026-08-21T11:51:20.010+0000] {logging_mixin.py:188} INFO - [2026-08-21T11:51:20.009+0000] {dagbag.py:538} INFO - Filling up the DagBag from /home/airflow/.local/lib/python3.8/site-packages/airflow/example_dags/example_trigger_controller_dag.py
[2026-08-21T11:51:20.014+0000] {processor.py:840} INFO - DAG(s) 'example_trigger_controller_dag' retrieved from /home/airflow/.local/lib/python3.8/site-packages/airflow/example_dags/example_trigger_controller_dag.py
[2026-08-21T11:51:20.033+0000] {logging_mixin.py:188} INFO - [2026-08-21T11:51:20.033+0000] {dag.py:3036} INFO - Sync 1 DAGs
[2026-08-21T11:51:20.052+0000] {logging_mixin.py:188} INFO - [2026-08-21T11:51:20.052+0000] {dag.py:3823} INFO - Setting next_dagrun for example_trigger_controller_dag to 2021-01-01 00:00:00+00:00, run_after=2021-01-01 00:00:00+00:00
[2026-08-21T11:51:20.068+0000] {processor.py:183} INFO - Processing /home/airflow/.local/lib/python3.8/site-packages/airflow/example_dags/example_trigger_controller_dag.py took 0.066 seconds
[2026-08-21T11:51:50.641+0000] {processor.py:161} INFO - Started process (PID=616) to work on /home/airflow/.local/lib/python3.8/site-packages/airflow/example_dags/example_trigger_controller_dag.py
[2026-08-21T11:51:50.642+0000] {processor.py:830} INFO - Processing file /home/airflow/.local/lib/python3.8/site-packages/airflow/example_dags/example_trigger_controller_dag.py for tasks to queue
[2026-08-21T11:51:50.644+0000] {logging_mixin.py:188} INFO - [2026-08-21T11:51:50.644+0000] {dagbag.py:538} INFO - Filling up the DagBag from /home/airflow/.local/lib/python3.8/site-packages/airflow/example_dags/example_trigger_controller_dag.py
[2026-08-21T11:51:50.652+0000] {processor.py:840} INFO - DAG(s) 'example_trigger_controller_dag' retrieved from /home/airflow/.local/lib/python3.8/site-packages/airflow/example_dags/example_trigger_controller_dag.py
[2026-08-21T11:51:50.675+0000] {logging_mixin.py:188} INFO - [2026-08-21T11:51:50.675+0000] {dag.py:3036} INFO - Sync 1 DAGs
[2026-08-21T11:51:50.703+0000] {logging_mixin.py:188} INFO - [2026-08-21T11:51:50.703+0000] {dag.py:3823} INFO - Setting next_dagrun for example_trigger_controller_dag to 2021-01-01 00:00:00+00:00, run_after=2021-01-01 00:00:00+00:00
[2026-08-21T11:51:50.723+0000] {processor.py:183} INFO - Processing /home/airflow/.local/lib/python3.8/site-packages/airflow/example_dags/example_trigger_controller_dag.py took 0.086 seconds
[2026-08-21T11:52:21.567+0000] {processor.py:161} INFO - Started process (PID=703) to work on /home/airflow/.local/lib/python3.8/site-packages/airflow/example_dags/example_trigger_controller_dag.py
[2026-08-21T11:52:21.569+0000] {processor.py:830} INFO - Processing file /home/airflow/.local/lib/python3.8/site-packages/airflow/example_dags/example_trigger_controller_dag.py for tasks to queue
[2026-08-21T11:52:21.572+0000] {logging_mixin.py:188} INFO - [2026-08-21T11:52:21.571+0000] {dagbag.py:538} INFO - Filling up the DagBag from /home/airflow/.local/lib/python3.8/site-packages/airflow/example_dags/example_trigger_controller_dag.py
[2026-08-21T11:52:21.577+0000] {processor.py:840} INFO - DAG(s) 'example_trigger_controller_dag' retrieved from /home/airflow/.local/lib/python3.8/site-packages/airflow/example_dags/example_trigger_controller_dag.py
[2026-08-21T11:52:21.598+0000] {logging_mixin.py:188} INFO - [2026-08-21T11:52:21.598+0000] {dag.py:3036} INFO - Sync 1 DAGs
[2026-08-21T11:52:21.619+0000] {logging_mixin.py:188} INFO - [2026-08-21T11:52:21.619+0000] {dag.py:3823} INFO - Setting next_dagrun for example_trigger_controller_dag to 2021-01-01 00:00:00+00:00, run_after=2021-01-01 00:00:00+00:00
[2026-08-21T11:52:21.638+0000] {processor.py:183} INFO - Processing /home/airflow/.local/lib/python3.8/site-packages/airflow/example_dags/example_trigger_controller_dag.py took 0.076 seconds
[2026-08-21T11:52:52.175+0000] {processor.py:161} INFO - Started process (PID=792) to work on /home/airflow/.local/lib/python3.8/site-packages/airflow/example_dags/example_trigger_controller_dag.py
[2026-08-21T11:52:52.176+0000] {processor.py:830} INFO - Processing file /home/airflow/.local/lib/python3.8/site-packages/airflow/example_dags/example_trigger_controller_dag.py for tasks to queue
[2026-08-21T11:52:52.178+0000] {logging_mixin.py:188} INFO - [2026-08-21T11:52:52.178+0000] {dagbag.py:538} INFO - Filling up the DagBag from /home/airflow/.local/lib/python3.8/site-packages/airflow/example_dags/example_trigger_controller_dag.py
[2026-08-21T11:52:52.183+0000] {processor.py:840} INFO - DAG(s) 'example_trigger_controller_dag' retrieved from /home/airflow/.local/lib/python3.8/site-packages/airflow/example_dags/example_trigger_controller_dag.py
[2026-08-21T11:52:52.203+0000] {logging_mixin.py:188} INFO - [2026-08-21T11:52:52.202+0000] {dag.py:3036} INFO - Sync 1 DAGs
[2026-08-21T11:52:52.222+0000] {logging_mixin.py:188} INFO - [2026-08-21T11:52:52.222+0000] {dag.py:3823} INFO - Setting next_dagrun for example_trigger_controller_dag to 2021-01-01 00:00:00+00:00, run_after=2021-01-01 00:00:00+00:00
[2026-08-21T11:52:52.239+0000] {processor.py:183} INFO - Processing /home/airflow/.local/lib/python3.8/site-packages/airflow/example_dags/example_trigger_controller_dag.py took 0.068 seconds
[2026-08-21T11:53:22.856+0000] {processor.py:161} INFO - Started process (PID=880) to work on /home/airflow/.local/lib/python3.8/site-packages/airflow/example_dags/example_trigger_controller_dag.py
[2026-08-21T11:53:22.857+0000] {processor.py:830} INFO - Processing file /home/airflow/.local/lib/python3.8/site-packages/airflow/example_dags/example_trigger_controller_dag.py for tasks to queue
[2026-08-21T11:53:22.859+0000] {logging_mixin.py:188} INFO - [2026-08-21T11:53:22.859+0000] {dagbag.py:538} INFO - Filling up the DagBag from /home/airflow/.local/lib/python3.8/site-packages/airflow/example_dags/example_trigger_controller_dag.py
[2026-08-21T11:53:22.864+0000] {processor.py:840} INFO - DAG(s) 'example_trigger_controller_dag' retrieved from /home/airflow/.local/lib/python3.8/site-packages/airflow/example_dags/example_trigger_controller_dag.py
[2026-08-21T11:53:22.888+0000] {logging_mixin.py:188} INFO - [2026-08-21T11:53:22.887+0000] {dag.py:3036} INFO - Sync 1 DAGs
[2026-08-21T11:53:22.915+0000] {logging_mixin.py:188} INFO - [2026-08-21T11:53:22.915+0000] {dag.py:3823} INFO - Setting next_dagrun for example_trigger_controller_dag to 2021-01-01 00:00:00+00:00, run_after=2021-01-01 00:00:00+00:00
[2026-08-21T11:53:22.937+0000] {processor.py:183} INFO - Processing /home/airflow/.local/lib/python3.8/site-packages/airflow/example_dags/example_trigger_controller_dag.py took 0.085 seconds
[2026-08-21T11:53:54.501+0000] {processor.py:161} INFO - Started process (PID=967) to work on /home/airflow/.local/lib/python3.8/site-packages/airflow/example_dags/example_trigger_controller_dag.py
[2026-08-21T11:53:54.502+0000] {processor.py:830} INFO - Processing file /home/airflow/.local/lib/python3.8/site-packages/airflow/example_dags/example_trigger_controller_dag.py for tasks to queue
[2026-08-21T11:53:54.505+0000] {logging_mixin.py:188} INFO - [2026-08-21T11:53:54.504+0000] {dagbag.py:538} INFO - Filling up the DagBag from /home/airflow/.local/lib/python3.8/site-packages/airflow/example_dags/example_trigger_controller_dag.py
[2026-08-21T11:53:54.510+0000] {processor.py:840} INFO - DAG(s) 'example_trigger_controller_dag' retrieved from /home/airflow/.local/lib/python3.8/site-packages/airflow/example_dags/example_trigger_controller_dag.py
[2026-08-21T11:53:54.529+0000] {logging_mixin.py:188} INFO - [2026-08-21T11:53:54.529+0000] {dag.py:3036} INFO - Sync 1 DAGs
[2026-08-21T11:53:54.547+0000] {logging_mixin.py:188} INFO - [2026-08-21T11:53:54.547+0000] {dag.py:3823} INFO - Setting next_dagrun for example_trigger_controller_dag to 2021-01-01 00:00:00+00:00, run_after=2021-01-01 00:00:00+00:00
[2026-08-21T11:53:54.563+0000] {processor.py:183} INFO - Processing /home/airflow/.local/lib/python3.8/site-packages/airflow/example_dags/example_trigger_controller_dag.py took 0.067 seconds
[2026-08-21T11:54:25.640+0000] {processor.py:161} INFO - Started process (PID=1054) to work on /home/airflow/.local/lib/python3.8/site-packages/airflow/example_dags/example_trigger_controller_dag.py
[2026-08-21T11:54:25.641+0000] {processor.py:830} INFO - Processing file /home/airflow/.local/lib/python3.8/site-packages/airflow/example_dags/example_trigger_controller_dag.py for tasks to queue
[2026-08-21T11:54:25.644+0000] {logging_mixin.py:188} INFO - [2026-08-21T11:54:25.643+0000] {dagbag.py:538} INFO - Filling up the DagBag from /home/airflow/.local/lib/python3.8/site-packages/airflow/example_dags/example_trigger_controller_dag.py
[2026-08-21T11:54:25.655+0000] {processor.py:840} INFO - DAG(s) 'example_trigger_controller_dag' retrieved from /home/airflow/.local/lib/python3.8/site-packages/airflow/example_dags/example_trigger_controller_dag.py
[2026-08-21T11:54:25.684+0000] {logging_mixin.py:188} INFO - [2026-08-21T11:54:25.683+0000] {dag.py:3036} INFO - Sync 1 DAGs
[2026-08-21T11:54:25.708+0000] {logging_mixin.py:188} INFO - [2026-08-21T11:54:25.708+0000] {dag.py:3823} INFO - Setting next_dagrun for example_trigger_controller_dag to 2021-01-01 00:00:00+00:00, run_after=2021-01-01 00:00:00+00:00
[2026-08-21T11:54:25.732+0000] {processor.py:183} INFO - Processing /home/airflow/.local/lib/python3.8/site-packages/airflow/example_dags/example_trigger_controller_dag.py took 0.096 seconds
[2026-08-21T11:54:56.715+0000] {processor.py:161} INFO - Started process (PID=1141) to work on /home/airflow/.local/lib/python3.8/site-packages/airflow/example_dags/example_trigger_controller_dag.py
[2026-08-21T11:54:56.717+0000] {processor.py:830} INFO - Processing file /home/airflow/.local/lib/python3.8/site-packages/airflow/example_dags/example_trigger_controller_dag.py for tasks to queue
[2026-08-21T11:54:56.720+0000] {logging_mixin.py:188} INFO - [2026-08-21T11:54:56.720+0000] {dagbag.py:538} INFO - Filling up the DagBag from /home/airflow/.local/lib/python3.8/site-packages/airflow/example_dags/example_trigger_controller_dag.py
[2026-08-21T11:54:56.726+0000] {processor.py:840} INFO - DAG(s) 'example_trigger_controller_dag' retrieved from /home/airflow/.local/lib/python3.8/site-packages/airflow/example_dags/example_trigger_controller_dag.py
[2026-08-21T11:54:56.750+0000] {logging_mixin.py:188} INFO - [2026-08-21T11:54:56.749+0000] {dag.py:3036} INFO - Sync 1 DAGs
[2026-08-21T11:54:56.774+0000] {logging_mixin.py:188} INFO - [2026-08-21T11:54:56.773+0000] {dag.py:3823} INFO - Setting next_dagrun for example_trigger_controller_dag to 2021-01-01 00:00:00+00:00, run_after=2021-01-01 00:00:00+00:00
[2026-08-21T11:54:56.794+0000] {processor.py:183} INFO - Processing /home/airflow/.local/lib/python3.8/site-packages/airflow/example_dags/example_trigger_controller_dag.py took 0.085 seconds
[2026-08-21T11:55:27.607+0000] {processor.py:161} INFO - Started process (PID=1229) to work on /home/airflow/.local/lib/python3.8/site-packages/airflow/example_dags/example_trigger_controller_dag.py
[2026-08-21T11:55:27.608+0000] {processor.py:830} INFO - Processing file /home/airflow/.local/lib/python3.8/site-packages/airflow/example_dags/example_trigger_controller_dag.py for tasks to queue
[2026-08-21T11:55:27.611+0000] {logging_mixin.py:188} INFO - [2026-08-21T11:55:27.610+0000] {dagbag.py:538} INFO - Filling up the DagBag from /home/airflow/.local/lib/python3.8/site-packages/airflow/example_dags/example_trigger_controller_dag.py
[2026-08-21T11:55:27.616+0000] {processor.py:840} INFO - DAG(s) 'example_trigger_controller_dag' retrieved from /home/airflow/.local/lib/python3.8/site-packages/airflow/example_dags/example_trigger_controller_dag.py
[2026-08-21T11:55:27.634+0000] {logging_mixin.py:188} INFO - [2026-08-21T11:55:27.634+0000] {dag.py:3036} INFO - Sync 1 DAGs
[2026-08-21T11:55:27.653+0000] {logging_mixin.py:188} INFO - [2026-08-21T11:55:27.653+0000] {dag.py:3823} INFO - Setting next_dagrun for example_trigger_controller_dag to 2021-01-01 00:00:00+00:00, run_after=2021-01-01 00:00:00+00:00
[2026-08-21T11:55:27.672+0000] {processor.py:183} INFO - Processing /home/airflow/.local/lib/python3.8/site-packages/airflow/example_dags/example_trigger_controller_dag.py took 0.068 seconds
[2026-08-21T11:55:58.755+0000] {processor.py:161} INFO - Started process (PID=1316) to work on /home/airflow/.local/lib/python3.8/site-packages/airflow/example_dags/example_trigger_controller_dag.py
[2026-08-21T11:55:58.757+0000] {processor.py:830} INFO - Processing file /home/airflow/.local/lib/python3.8/site-packages/airflow/example_dags/example_trigger_controller_dag.py for tasks to queue
[2026-08-21T11:55:58.759+0000] {logging_mixin.py:188} INFO - [2026-08-21T11:55:58.759+0000] {dagbag.py:538} INFO - Filling up the DagBag from /home/airflow/.local/lib/python3.8/site-packages/airflow/example_dags/example_trigger_controller_dag.py
[2026-08-21T11:55:58.765+0000] {processor.py:840} INFO - DAG(s) 'example_trigger_controller_dag' retrieved from /home/airflow/.local/lib/python3.8/site-packages/airflow/example_dags/example_trigger_controller_dag.py
[2026-08-21T11:55:58.790+0000] {logging_mixin.py:188} INFO - [2026-08-21T11:55:58.789+0000] {dag.py:3036} INFO - Sync 1 DAGs
[2026-08-21T11:55:58.814+0000] {logging_mixin.py:188} INFO - [2026-08-21T11:55:58.814+0000] {dag.py:3823} INFO - Setting next_dagrun for example_trigger_controller_dag to 2021-01-01 00:00:00+00:00, run_after=2021-01-01 00:00:00+00:00
[2026-08-21T11:55:58.833+0000] {processor.py:183} INFO - Processing /home/airflow/.local/lib/python3.8/site-packages/airflow/example_dags/example_trigger_controller_dag.py took 0.082 seconds
[2026-08-21T11:56:29.095+0000] {processor.py:161} INFO - Started process (PID=1403) to work on /home/airflow/.local/lib/python3.8/site-packages/airflow/example_dags/example_trigger_controller_dag.py
[2026-08-21T11:56:29.097+0000] {processor.py:830} INFO - Processing file /home/airflow/.local/lib/python3.8/site-packages/airflow/example_dags/example_trigger_controller_dag.py for tasks to queue
[2026-08-21T11:56:29.100+0000] {logging_mixin.py:188} INFO - [2026-08-21T11:56:29.099+0000] {dagbag.py:538} INFO - Filling up the DagBag from /home/airflow/.local/lib/python3.8/site-packages/airflow/example_dags/example_trigger_controller_dag.py
[2026-08-21T11:56:29.106+0000] {processor.py:840} INFO - DAG(s) 'example_trigger_controller_dag' retrieved from /home/airflow/.local/lib/python3.8/site-packages/airflow/example_dags/example_trigger_controller_dag.py
[2026-08-21T11:56:29.133+0000] {logging_mixin.py:188} INFO - [2026-08-21T11:56:29.133+0000] {dag.py:3036} INFO - Sync 1 DAGs
[2026-08-21T11:56:29.168+0000] {logging_mixin.py:188} INFO - [2026-08-21T11:56:29.168+0000] {dag.py:3823} INFO - Setting next_dagrun for example_trigger_controller_dag to 2021-01-01 00:00:00+00:00, run_after=2021-01-01 00:00:00+00:00
[2026-08-21T11:56:29.199+0000] {processor.py:183} INFO - Processing /home/airflow/.local/lib/python3.8/site-packages/airflow/example_dags/example_trigger_controller_dag.py took 0.109 seconds
[2026-08-21T11:57:01.792+0000] {processor.py:161} INFO - Started process (PID=1490) to work on /home/airflow/.local/lib/python3.8/site-packages/airflow/example_dags/example_trigger_controller_dag.py
[2026-08-21T11:57:01.793+0000] {processor.py:830} INFO - Processing file /home/airflow/.local/lib/python3.8/site-packages/airflow/example_dags/example_trigger_controller_dag.py for tasks to queue
[2026-08-21T11:57:01.795+0000] {logging_mixin.py:188} INFO - [2026-08-21T11:57:01.795+0000] {dagbag.py:538} INFO - Filling up the DagBag from /home/airflow/.local/lib/python3.8/site-packages/airflow/example_dags/example_trigger_controller_dag.py
[2026-08-21T11:57:01.800+0000] {processor.py:840} INFO - DAG(s) 'example_trigger_controller_dag' retrieved from /home/airflow/.local/lib/python3.8/site-packages/airflow/example_dags/example_trigger_controller_dag.py
[2026-08-21T11:57:01.823+0000] {logging_mixin.py:188} INFO - [2026-08-21T11:57:01.823+0000] {dag.py:3036} INFO - Sync 1 DAGs
[2026-08-21T11:57:01.844+0000] {logging_mixin.py:188} INFO - [2026-08-21T11:57:01.843+0000] {dag.py:3823} INFO - Setting next_dagrun for example_trigger_controller_dag to 2021-01-01 00:00:00+00:00, run_after=2021-01-01 00:00:00+00:00
[2026-08-21T11:57:01.864+0000] {processor.py:183} INFO - Processing /home/airflow/.local/lib/python3.8/site-packages/airflow/example_dags/example_trigger_controller_dag.py took 0.076 seconds
[2026-08-21T11:57:33.242+0000] {processor.py:161} INFO - Started process (PID=1578) to work on /home/airflow/.local/lib/python3.8/site-packages/airflow/example_dags/example_trigger_controller_dag.py
[2026-08-21T11:57:33.244+0000] {processor.py:830} INFO - Processing file /home/airflow/.local/lib/python3.8/site-packages/airflow/example_dags/example_trigger_controller_dag.py for tasks to queue
[2026-08-21T11:57:33.249+0000] {logging_mixin.py:188} INFO - [2026-08-21T11:57:33.248+0000] {dagbag.py:538} INFO - Filling up the DagBag from /home/airflow/.local/lib/python3.8/site-packages/airflow/example_dags/example_trigger_controller_dag.py
[2026-08-21T11:57:33.259+0000] {processor.py:840} INFO - DAG(s) 'example_trigger_controller_dag' retrieved from /home/airflow/.local/lib/python3.8/site-packages/airflow/example_dags/example_trigger_controller_dag.py
[2026-08-21T11:57:33.285+0000] {logging_mixin.py:188} INFO - [2026-08-21T11:57:33.284+0000] {dag.py:3036} INFO - Sync 1 DAGs
[2026-08-21T11:57:33.335+0000] {logging_mixin.py:188} INFO - [2026-08-21T11:57:33.335+0000] {dag.py:3823} INFO - Setting next_dagrun for example_trigger_controller_dag to 2021-01-01 00:00:00+00:00, run_after=2021-01-01 00:00:00+00:00
[2026-08-21T11:57:33.367+0000] {processor.py:183} INFO - Processing /home/airflow/.local/lib/python3.8/site-packages/airflow/example_dags/example_trigger_controller_dag.py took 0.133 seconds
[2026-08-21T11:58:04.026+0000] {processor.py:161} INFO - Started process (PID=1665) to work on /home/airflow/.local/lib/python3.8/site-packages/airflow/example_dags/example_trigger_controller_dag.py
[2026-08-21T11:58:04.027+0000] {processor.py:830} INFO - Processing file /home/airflow/.local/lib/python3.8/site-packages/airflow/example_dags/example_trigger_controller_dag.py for tasks to queue
[2026-08-21T11:58:04.030+0000] {logging_mixin.py:188} INFO - [2026-08-21T11:58:04.030+0000] {dagbag.py:538} INFO - Filling up the DagBag from /home/airflow/.local/lib/python3.8/site-packages/airflow/example_dags/example_trigger_controller_dag.py
[2026-08-21T11:58:04.038+0000] {processor.py:840} INFO - DAG(s) 'example_trigger_controller_dag' retrieved from /home/airflow/.local/lib/python3.8/site-packages/airflow/example_dags/example_trigger_controller_dag.py
[2026-08-21T11:58:04.058+0000] {logging_mixin.py:188} INFO - [2026-08-21T11:58:04.057+0000] {dag.py:3036} INFO - Sync 1 DAGs
[2026-08-21T11:58:04.091+0000] {logging_mixin.py:188} INFO - [2026-08-21T11:58:04.090+0000] {dag.py:3823} INFO - Setting next_dagrun for example_trigger_controller_dag to 2021-01-01 00:00:00+00:00, run_after=2021-01-01 00:00:00+00:00
[2026-08-21T11:58:04.122+0000] {processor.py:183} INFO - Processing /home/airflow/.local/lib/python3.8/site-packages/airflow/example_dags/example_trigger_controller_dag.py took 0.101 seconds
[2026-08-21T11:58:36.669+0000] {processor.py:161} INFO - Started process (PID=1752) to work on /home/airflow/.local/lib/python3.8/site-packages/airflow/example_dags/example_trigger_controller_dag.py
[2026-08-21T11:58:36.672+0000] {processor.py:830} INFO - Processing file /home/airflow/.local/lib/python3.8/site-packages/airflow/example_dags/example_trigger_controller_dag.py for tasks to queue
[2026-08-21T11:58:36.675+0000] {logging_mixin.py:188} INFO - [2026-08-21T11:58:36.675+0000] {dagbag.py:538} INFO - Filling up the DagBag from /home/airflow/.local/lib/python3.8/site-packages/airflow/example_dags/example_trigger_controller_dag.py
[2026-08-21T11:58:36.683+0000] {processor.py:840} INFO - DAG(s) 'example_trigger_controller_dag' retrieved from /home/airflow/.local/lib/python3.8/site-packages/airflow/example_dags/example_trigger_controller_dag.py
[2026-08-21T11:58:36.701+0000] {logging_mixin.py:188} INFO - [2026-08-21T11:58:36.701+0000] {dag.py:3036} INFO - Sync 1 DAGs
[2026-08-21T11:58:36.735+0000] {logging_mixin.py:188} INFO - [2026-08-21T11:58:36.734+0000] {dag.py:3823} INFO - Setting next_dagrun for example_trigger_controller_dag to 2021-01-01 00:00:00+00:00, run_after=2021-01-01 00:00:00+00:00
[2026-08-21T11:58:36.770+0000] {processor.py:183} INFO - Processing /home/airflow/.local/lib/python3.8/site-packages/airflow/example_dags/example_trigger_controller_dag.py took 0.107 seconds
[2026-08-21T11:59:07.725+0000] {processor.py:161} INFO - Started process (PID=1839) to work on /home/airflow/.local/lib/python3.8/site-packages/airflow/example_dags/example_trigger_controller_dag.py
[2026-08-21T11:59:07.727+0000] {processor.py:830} INFO - Processing file /home/airflow/.local/lib/python3.8/site-packages/airflow/example_dags/example_trigger_controller_dag.py for tasks to queue
[2026-08-21T11:59:07.729+0000] {logging_mixin.py:188} INFO - [2026-08-21T11:59:07.729+0000] {dagbag.py:538} INFO - Filling up the DagBag from /home/airflow/.local/lib/python3.8/site-packages/airflow/example_dags/example_trigger_controller_dag.py
[2026-08-21T11:59:07.735+0000] {processor.py:840} INFO - DAG(s) 'example_trigger_controller_dag' retrieved from /home/airflow/.local/lib/python3.8/site-packages/airflow/example_dags/example_trigger_controller_dag.py
[2026-08-21T11:59:07.836+0000] {logging_mixin.py:188} INFO - [2026-08-21T11:59:07.835+0000] {dag.py:3036} INFO - Sync 1 DAGs
[2026-08-21T11:59:07.856+0000] {logging_mixin.py:188} INFO - [2026-08-21T11:59:07.856+0000] {dag.py:3823} INFO - Setting next_dagrun for example_trigger_controller_dag to 2021-01-01 00:00:00+00:00, run_after=2021-01-01 00:00:00+00:00
[2026-08-21T11:59:07.877+0000] {processor.py:183} INFO - Processing /home/airflow/.local/lib/python3.8/site-packages/airflow/example_dags/example_trigger_controller_dag.py took 0.155 seconds
[2026-08-21T11:59:38.410+0000] {processor.py:161} INFO - Started process (PID=1926) to work on /home/airflow/.local/lib/python3.8/site-packages/airflow/example_dags/example_trigger_controller_dag.py
[2026-08-21T11:59:38.411+0000] {processor.py:830} INFO - Processing file /home/airflow/.local/lib/python3.8/site-packages/airflow/example_dags/example_trigger_controller_dag.py for tasks to queue
[2026-08-21T11:59:38.414+0000] {logging_mixin.py:188} INFO - [2026-08-21T11:59:38.413+0000] {dagbag.py:538} INFO - Filling up the DagBag from /home/airflow/.local/lib/python3.8/site-packages/airflow/example_dags/example_trigger_controller_dag.py
[2026-08-21T11:59:38.419+0000] {processor.py:840} INFO - DAG(s) 'example_trigger_controller_dag' retrieved from /home/airflow/.local/lib/python3.8/site-packages/airflow/example_dags/example_trigger_controller_dag.py
[2026-08-21T11:59:38.439+0000] {logging_mixin.py:188} INFO - [2026-08-21T11:59:38.439+0000] {dag.py:3036} INFO - Sync 1 DAGs
[2026-08-21T11:59:38.459+0000] {logging_mixin.py:188} INFO - [2026-08-21T11:59:38.458+0000] {dag.py:3823} INFO - Setting next_dagrun for example_trigger_controller_dag to 2021-01-01 00:00:00+00:00, run_after=2021-01-01 00:00:00+00:00
[2026-08-21T11:59:38.476+0000] {processor.py:183} INFO - Processing /home/airflow/.local/lib/python3.8/site-packages/airflow/example_dags/example_trigger_controller_dag.py took 0.070 seconds
[2026-08-21T12:00:08.689+0000] {processor.py:161} INFO - Started process (PID=2012) to work on /home/airflow/.local/lib/python3.8/site-packages/airflow/example_dags/example_trigger_controller_dag.py
[2026-08-21T12:00:08.690+0000] {processor.py:830} INFO - Processing file /home/airflow/.local/lib/python3.8/site-packages/airflow/example_dags/example_trigger_controller_dag.py for tasks to queue
[2026-08-21T12:00:08.693+0000] {logging_mixin.py:188} INFO - [2026-08-21T12:00:08.692+0000] {dagbag.py:538} INFO - Filling up the DagBag from /home/airflow/.local/lib/python3.8/site-packages/airflow/example_dags/example_trigger_controller_dag.py
[2026-08-21T12:00:08.699+0000] {processor.py:840} INFO - DAG(s) 'example_trigger_controller_dag' retrieved from /home/airflow/.local/lib/python3.8/site-packages/airflow/example_dags/example_trigger_controller_dag.py
[2026-08-21T12:00:08.721+0000] {logging_mixin.py:188} INFO - [2026-08-21T12:00:08.721+0000] {dag.py:3036} INFO - Sync 1 DAGs
[2026-08-21T12:00:08.749+0000] {logging_mixin.py:188} INFO - [2026-08-21T12:00:08.749+0000] {dag.py:3823} INFO - Setting next_dagrun for example_trigger_controller_dag to 2021-01-01 00:00:00+00:00, run_after=2021-01-01 00:00:00+00:00
[2026-08-21T12:00:08.772+0000] {processor.py:183} INFO - Processing /home/airflow/.local/lib/python3.8/site-packages/airflow/example_dags/example_trigger_controller_dag.py took 0.087 seconds
[2026-08-21T12:00:39.263+0000] {processor.py:161} INFO - Started process (PID=2099) to work on /home/airflow/.local/lib/python3.8/site-packages/airflow/example_dags/example_trigger_controller_dag.py
[2026-08-21T12:00:39.264+0000] {processor.py:830} INFO - Processing file /home/airflow/.local/lib/python3.8/site-packages/airflow/example_dags/example_trigger_controller_dag.py for tasks to queue
[2026-08-21T12:00:39.266+0000] {logging_mixin.py:188} INFO - [2026-08-21T12:00:39.266+0000] {dagbag.py:538} INFO - Filling up the DagBag from /home/airflow/.local/lib/python3.8/site-packages/airflow/example_dags/example_trigger_controller_dag.py
[2026-08-21T12:00:39.271+0000] {processor.py:840} INFO - DAG(s) 'example_trigger_controller_dag' retrieved from /home/airflow/.local/lib/python3.8/site-packages/airflow/example_dags/example_trigger_controller_dag.py
[2026-08-21T12:00:39.293+0000] {logging_mixin.py:188} INFO - [2026-08-21T12:00:39.293+0000] {dag.py:3036} INFO - Sync 1 DAGs
[2026-08-21T12:00:39.314+0000] {logging_mixin.py:188} INFO - [2026-08-21T12:00:39.314+0000] {dag.py:3823} INFO - Setting next_dagrun for example_trigger_controller_dag to 2021-01-01 00:00:00+00:00, run_after=2021-01-01 00:00:00+00:00
[2026-08-21T12:00:39.334+0000] {processor.py:183} INFO - Processing /home/airflow/.local/lib/python3.8/site-packages/airflow/example_dags/example_trigger_controller_dag.py took 0.076 seconds
[2026-08-21T12:01:10.314+0000] {processor.py:161} INFO - Started process (PID=2186) to work on /home/airflow/.local/lib/python3.8/site-packages/airflow/example_dags/example_trigger_controller_dag.py
[2026-08-21T12:01:10.315+0000] {processor.py:830} INFO - Processing file /home/airflow/.local/lib/python3.8/site-packages/airflow/example_dags/example_trigger_controller_dag.py for tasks to queue
[2026-08-21T12:01:10.317+0000] {logging_mixin.py:188} INFO - [2026-08-21T12:01:10.317+0000] {dagbag.py:538} INFO - Filling up the DagBag from /home/airflow/.local/lib/python3.8/site-packages/airflow/example_dags/example_trigger_controller_dag.py
[2026-08-21T12:01:10.322+0000] {processor.py:840} INFO - DAG(s) 'example_trigger_controller_dag' retrieved from /home/airflow/.local/lib/python3.8/site-packages/airflow/example_dags/example_trigger_controller_dag.py
[2026-08-21T12:01:10.344+0000] {logging_mixin.py:188} INFO - [2026-08-21T12:01:10.344+0000] {dag.py:3036} INFO - Sync 1 DAGs
[2026-08-21T12:01:10.366+0000] {logging_mixin.py:188} INFO - [2026-08-21T12:01:10.366+0000] {dag.py:3823} INFO - Setting next_dagrun for example_trigger_controller_dag to 2021-01-01 00:00:00+00:00, run_after=2021-01-01 00:00:00+00:00
[2026-08-21T12:01:10.385+0000] {processor.py:183} INFO - Processing /home/airflow/.local/lib/python3.8/site-packages/airflow/example_dags/example_trigger_controller_dag.py took 0.075 seconds
[2026-08-21T12:01:40.936+0000] {processor.py:161} INFO - Started process (PID=2273) to work on /home/airflow/.local/lib/python3.8/site-packages/airflow/example_dags/example_trigger_controller_dag.py
[2026-08-21T12:01:40.938+0000] {processor.py:830} INFO - Processing file /home/airflow/.local/lib/python3.8/site-packages/airflow/example_dags/example_trigger_controller_dag.py for tasks to queue
[2026-08-21T12:01:40.940+0000] {logging_mixin.py:188} INFO - [2026-08-21T12:01:40.939+0000] {dagbag.py:538} INFO - Filling up the DagBag from /home/airflow/.local/lib/python3.8/site-packages/airflow/example_dags/example_trigger_controller_dag.py
[2026-08-21T12:01:40.945+0000] {processor.py:840} INFO - DAG(s) 'example_trigger_controller_dag' retrieved from /home/airflow/.local/lib/python3.8/site-packages/airflow/example_dags/example_trigger_controller_dag.py
[2026-08-21T12:01:40.968+0000] {logging_mixin.py:188} INFO - [2026-08-21T12:01:40.968+0000] {dag.py:3036} INFO - Sync 1 DAGs
[2026-08-21T12:01:40.990+0000] {logging_mixin.py:188} INFO - [2026-08-21T12:01:40.990+0000] {dag.py:3823} INFO - Setting next_dagrun for example_trigger_controller_dag to 2021-01-01 00:00:00+00:00, run_after=2021-01-01 00:00:00+00:00
[2026-08-21T12:01:41.013+0000] {processor.py:183} INFO - Processing /home/airflow/.local/lib/python3.8/site-packages/airflow/example_dags/example_trigger_controller_dag.py took 0.081 seconds
[2026-08-21T12:02:11.453+0000] {processor.py:161} INFO - Started process (PID=2360) to work on /home/airflow/.local/lib/python3.8/site-packages/airflow/example_dags/example_trigger_controller_dag.py
[2026-08-21T12:02:11.455+0000] {processor.py:830} INFO - Processing file /home/airflow/.local/lib/python3.8/site-packages/airflow/example_dags/example_trigger_controller_dag.py for tasks to queue
[2026-08-21T12:02:11.457+0000] {logging_mixin.py:188} INFO - [2026-08-21T12:02:11.457+0000] {dagbag.py:538} INFO - Filling up the DagBag from /home/airflow/.local/lib/python3.8/site-packages/airflow/example_dags/example_trigger_controller_dag.py
[2026-08-21T12:02:11.463+0000] {processor.py:840} INFO - DAG(s) 'example_trigger_controller_dag' retrieved from /home/airflow/.local/lib/python3.8/site-packages/airflow/example_dags/example_trigger_controller_dag.py
[2026-08-21T12:02:11.486+0000] {logging_mixin.py:188} INFO - [2026-08-21T12:02:11.486+0000] {dag.py:3036} INFO - Sync 1 DAGs
[2026-08-21T12:02:11.508+0000] {logging_mixin.py:188} INFO - [2026-08-21T12:02:11.507+0000] {dag.py:3823} INFO - Setting next_dagrun for example_trigger_controller_dag to 2021-01-01 00:00:00+00:00, run_after=2021-01-01 00:00:00+00:00
[2026-08-21T12:02:11.527+0000] {processor.py:183} INFO - Processing /home/airflow/.local/lib/python3.8/site-packages/airflow/example_dags/example_trigger_controller_dag.py took 0.078 seconds
[2026-08-21T12:02:42.762+0000] {processor.py:161} INFO - Started process (PID=2447) to work on /home/airflow/.local/lib/python3.8/site-packages/airflow/example_dags/example_trigger_controller_dag.py
[2026-08-21T12:02:42.763+0000] {processor.py:830} INFO - Processing file /home/airflow/.local/lib/python3.8/site-packages/airflow/example_dags/example_trigger_controller_dag.py for tasks to queue
[2026-08-21T12:02:42.766+0000] {logging_mixin.py:188} INFO - [2026-08-21T12:02:42.765+0000] {dagbag.py:538} INFO - Filling up the DagBag from /home/airflow/.local/lib/python3.8/site-packages/airflow/example_dags/example_trigger_controller_dag.py
[2026-08-21T12:02:42.772+0000] {processor.py:840} INFO - DAG(s) 'example_trigger_controller_dag' retrieved from /home/airflow/.local/lib/python3.8/site-packages/airflow/example_dags/example_trigger_controller_dag.py
[2026-08-21T12:02:42.795+0000] {logging_mixin.py:188} INFO - [2026-08-21T12:02:42.795+0000] {dag.py:3036} INFO - Sync 1 DAGs
[2026-08-21T12:02:42.816+0000] {logging_mixin.py:188} INFO - [2026-08-21T12:02:42.816+0000] {dag.py:3823} INFO - Setting next_dagrun for example_trigger_controller_dag to 2021-01-01 00:00:00+00:00, run_after=2021-01-01 00:00:00+00:00
[2026-08-21T12:02:42.834+0000] {processor.py:183} INFO - Processing /home/airflow/.local/lib/python3.8/site-packages/airflow/example_dags/example_trigger_controller_dag.py took 0.076 seconds
[2026-08-21T12:03:13.654+0000] {processor.py:161} INFO - Started process (PID=2540) to work on /home/airflow/.local/lib/python3.8/site-packages/airflow/example_dags/example_trigger_controller_dag.py
[2026-08-21T12:03:13.655+0000] {processor.py:830} INFO - Processing file /home/airflow/.local/lib/python3.8/site-packages/airflow/example_dags/example_trigger_controller_dag.py for tasks to queue
[2026-08-21T12:03:13.657+0000] {logging_mixin.py:188} INFO - [2026-08-21T12:03:13.657+0000] {dagbag.py:538} INFO - Filling up the DagBag from /home/airflow/.local/lib/python3.8/site-packages/airflow/example_dags/example_trigger_controller_dag.py
[2026-08-21T12:03:13.662+0000] {processor.py:840} INFO - DAG(s) 'example_trigger_controller_dag' retrieved from /home/airflow/.local/lib/python3.8/site-packages/airflow/example_dags/example_trigger_controller_dag.py
[2026-08-21T12:03:13.683+0000] {logging_mixin.py:188} INFO - [2026-08-21T12:03:13.682+0000] {dag.py:3036} INFO - Sync 1 DAGs
[2026-08-21T12:03:13.703+0000] {logging_mixin.py:188} INFO - [2026-08-21T12:03:13.703+0000] {dag.py:3823} INFO - Setting next_dagrun for example_trigger_controller_dag to 2021-01-01 00:00:00+00:00, run_after=2021-01-01 00:00:00+00:00
[2026-08-21T12:03:13.722+0000] {processor.py:183} INFO - Processing /home/airflow/.local/lib/python3.8/site-packages/airflow/example_dags/example_trigger_controller_dag.py took 0.072 seconds
[2026-08-21T12:03:44.616+0000] {processor.py:161} INFO - Started process (PID=2627) to work on /home/airflow/.local/lib/python3.8/site-packages/airflow/example_dags/example_trigger_controller_dag.py
[2026-08-21T12:03:44.617+0000] {processor.py:830} INFO - Processing file /home/airflow/.local/lib/python3.8/site-packages/airflow/example_dags/example_trigger_controller_dag.py for tasks to queue
[2026-08-21T12:03:44.619+0000] {logging_mixin.py:188} INFO - [2026-08-21T12:03:44.619+0000] {dagbag.py:538} INFO - Filling up the DagBag from /home/airflow/.local/lib/python3.8/site-packages/airflow/example_dags/example_trigger_controller_dag.py
[2026-08-21T12:03:44.625+0000] {processor.py:840} INFO - DAG(s) 'example_trigger_controller_dag' retrieved from /home/airflow/.local/lib/python3.8/site-packages/airflow/example_dags/example_trigger_controller_dag.py
[2026-08-21T12:03:44.646+0000] {logging_mixin.py:188} INFO - [2026-08-21T12:03:44.646+0000] {dag.py:3036} INFO - Sync 1 DAGs
[2026-08-21T12:03:44.666+0000] {logging_mixin.py:188} INFO - [2026-08-21T12:03:44.666+0000] {dag.py:3823} INFO - Setting next_dagrun for example_trigger_controller_dag to 2021-01-01 00:00:00+00:00, run_after=2021-01-01 00:00:00+00:00
[2026-08-21T12:03:44.685+0000] {processor.py:183} INFO - Processing /home/airflow/.local/lib/python3.8/site-packages/airflow/example_dags/example_trigger_controller_dag.py took 0.073 seconds
[2026-08-21T12:04:15.822+0000] {processor.py:161} INFO - Started process (PID=2714) to work on /home/airflow/.local/lib/python3.8/site-packages/airflow/example_dags/example_trigger_controller_dag.py
[2026-08-21T12:04:15.824+0000] {processor.py:830} INFO - Processing file /home/airflow/.local/lib/python3.8/site-packages/airflow/example_dags/example_trigger_controller_dag.py for tasks to queue
[2026-08-21T12:04:15.826+0000] {logging_mixin.py:188} INFO - [2026-08-21T12:04:15.825+0000] {dagbag.py:538} INFO - Filling up the DagBag from /home/airflow/.local/lib/python3.8/site-packages/airflow/example_dags/example_trigger_controller_dag.py
[2026-08-21T12:04:15.830+0000] {processor.py:840} INFO - DAG(s) 'example_trigger_controller_dag' retrieved from /home/airflow/.local/lib/python3.8/site-packages/airflow/example_dags/example_trigger_controller_dag.py
[2026-08-21T12:04:15.852+0000] {logging_mixin.py:188} INFO - [2026-08-21T12:04:15.852+0000] {dag.py:3036} INFO - Sync 1 DAGs
[2026-08-21T12:04:15.873+0000] {logging_mixin.py:188} INFO - [2026-08-21T12:04:15.873+0000] {dag.py:3823} INFO - Setting next_dagrun for example_trigger_controller_dag to 2021-01-01 00:00:00+00:00, run_after=2021-01-01 00:00:00+00:00
[2026-08-21T12:04:15.894+0000] {processor.py:183} INFO - Processing /home/airflow/.local/lib/python3.8/site-packages/airflow/example_dags/example_trigger_controller_dag.py took 0.075 seconds
[2026-08-21T12:04:46.436+0000] {processor.py:161} INFO - Started process (PID=2800) to work on /home/airflow/.local/lib/python3.8/site-packages/airflow/example_dags/example_trigger_controller_dag.py
[2026-08-21T12:04:46.438+0000] {processor.py:830} INFO - Processing file /home/airflow/.local/lib/python3.8/site-packages/airflow/example_dags/example_trigger_controller_dag.py for tasks to queue
[2026-08-21T12:04:46.441+0000] {logging_mixin.py:188} INFO - [2026-08-21T12:04:46.440+0000] {dagbag.py:538} INFO - Filling up the DagBag from /home/airflow/.local/lib/python3.8/site-packages/airflow/example_dags/example_trigger_controller_dag.py
[2026-08-21T12:04:46.448+0000] {processor.py:840} INFO - DAG(s) 'example_trigger_controller_dag' retrieved from /home/airflow/.local/lib/python3.8/site-packages/airflow/example_dags/example_trigger_controller_dag.py
[2026-08-21T12:04:46.471+0000] {logging_mixin.py:188} INFO - [2026-08-21T12:04:46.471+0000] {dag.py:3036} INFO - Sync 1 DAGs
[2026-08-21T12:04:46.495+0000] {logging_mixin.py:188} INFO - [2026-08-21T12:04:46.495+0000] {dag.py:3823} INFO - Setting next_dagrun for example_trigger_controller_dag to 2021-01-01 00:00:00+00:00, run_after=2021-01-01 00:00:00+00:00
[2026-08-21T12:04:46.518+0000] {processor.py:183} INFO - Processing /home/airflow/.local/lib/python3.8/site-packages/airflow/example_dags/example_trigger_controller_dag.py took 0.088 seconds
[2026-08-21T12:05:20.000+0000] {processor.py:161} INFO - Started process (PID=2906) to work on /home/airflow/.local/lib/python3.8/site-packages/airflow/example_dags/example_trigger_controller_dag.py
[2026-08-21T12:05:20.003+0000] {processor.py:830} INFO - Processing file /home/airflow/.local/lib/python3.8/site-packages/airflow/example_dags/example_trigger_controller_dag.py for tasks to queue
[2026-08-21T12:05:20.010+0000] {logging_mixin.py:188} INFO - [2026-08-21T12:05:20.009+0000] {dagbag.py:538} INFO - Filling up the DagBag from /home/airflow/.local/lib/python3.8/site-packages/airflow/example_dags/example_trigger_controller_dag.py
[2026-08-21T12:05:20.020+0000] {processor.py:840} INFO - DAG(s) 'example_trigger_controller_dag' retrieved from /home/airflow/.local/lib/python3.8/site-packages/airflow/example_dags/example_trigger_controller_dag.py
[2026-08-21T12:05:20.063+0000] {logging_mixin.py:188} INFO - [2026-08-21T12:05:20.063+0000] {dag.py:3036} INFO - Sync 1 DAGs
[2026-08-21T12:05:20.466+0000] {logging_mixin.py:188} INFO - [2026-08-21T12:05:20.466+0000] {dag.py:3823} INFO - Setting next_dagrun for example_trigger_controller_dag to 2021-01-01 00:00:00+00:00, run_after=2021-01-01 00:00:00+00:00
[2026-08-21T12:05:20.548+0000] {processor.py:183} INFO - Processing /home/airflow/.local/lib/python3.8/site-packages/airflow/example_dags/example_trigger_controller_dag.py took 0.552 seconds
[2026-08-21T12:05:51.413+0000] {processor.py:161} INFO - Started process (PID=3003) to work on /home/airflow/.local/lib/python3.8/site-packages/airflow/example_dags/example_trigger_controller_dag.py
[2026-08-21T12:05:51.415+0000] {processor.py:830} INFO - Processing file /home/airflow/.local/lib/python3.8/site-packages/airflow/example_dags/example_trigger_controller_dag.py for tasks to queue
[2026-08-21T12:05:51.419+0000] {logging_mixin.py:188} INFO - [2026-08-21T12:05:51.419+0000] {dagbag.py:538} INFO - Filling up the DagBag from /home/airflow/.local/lib/python3.8/site-packages/airflow/example_dags/example_trigger_controller_dag.py
[2026-08-21T12:05:51.428+0000] {processor.py:840} INFO - DAG(s) 'example_trigger_controller_dag' retrieved from /home/airflow/.local/lib/python3.8/site-packages/airflow/example_dags/example_trigger_controller_dag.py
[2026-08-21T12:05:51.468+0000] {logging_mixin.py:188} INFO - [2026-08-21T12:05:51.467+0000] {dag.py:3036} INFO - Sync 1 DAGs
[2026-08-21T12:05:51.504+0000] {logging_mixin.py:188} INFO - [2026-08-21T12:05:51.503+0000] {dag.py:3823} INFO - Setting next_dagrun for example_trigger_controller_dag to 2021-01-01 00:00:00+00:00, run_after=2021-01-01 00:00:00+00:00
[2026-08-21T12:05:51.536+0000] {processor.py:183} INFO - Processing /home/airflow/.local/lib/python3.8/site-packages/airflow/example_dags/example_trigger_controller_dag.py took 0.129 seconds
[2026-08-21T12:06:22.087+0000] {processor.py:161} INFO - Started process (PID=3090) to work on /home/airflow/.local/lib/python3.8/site-packages/airflow/example_dags/example_trigger_controller_dag.py
[2026-08-21T12:06:22.088+0000] {processor.py:830} INFO - Processing file /home/airflow/.local/lib/python3.8/site-packages/airflow/example_dags/example_trigger_controller_dag.py for tasks to queue
[2026-08-21T12:06:22.091+0000] {logging_mixin.py:188} INFO - [2026-08-21T12:06:22.090+0000] {dagbag.py:538} INFO - Filling up the DagBag from /home/airflow/.local/lib/python3.8/site-packages/airflow/example_dags/example_trigger_controller_dag.py
[2026-08-21T12:06:22.096+0000] {processor.py:840} INFO - DAG(s) 'example_trigger_controller_dag' retrieved from /home/airflow/.local/lib/python3.8/site-packages/airflow/example_dags/example_trigger_controller_dag.py
[2026-08-21T12:06:22.121+0000] {logging_mixin.py:188} INFO - [2026-08-21T12:06:22.121+0000] {dag.py:3036} INFO - Sync 1 DAGs
[2026-08-21T12:06:22.147+0000] {logging_mixin.py:188} INFO - [2026-08-21T12:06:22.146+0000] {dag.py:3823} INFO - Setting next_dagrun for example_trigger_controller_dag to 2021-01-01 00:00:00+00:00, run_after=2021-01-01 00:00:00+00:00
[2026-08-21T12:06:22.167+0000] {processor.py:183} INFO - Processing /home/airflow/.local/lib/python3.8/site-packages/airflow/example_dags/example_trigger_controller_dag.py took 0.085 seconds
[2026-08-21T12:06:52.596+0000] {processor.py:161} INFO - Started process (PID=3177) to work on /home/airflow/.local/lib/python3.8/site-packages/airflow/example_dags/example_trigger_controller_dag.py
[2026-08-21T12:06:52.597+0000] {processor.py:830} INFO - Processing file /home/airflow/.local/lib/python3.8/site-packages/airflow/example_dags/example_trigger_controller_dag.py for tasks to queue
[2026-08-21T12:06:52.600+0000] {logging_mixin.py:188} INFO - [2026-08-21T12:06:52.599+0000] {dagbag.py:538} INFO - Filling up the DagBag from /home/airflow/.local/lib/python3.8/site-packages/airflow/example_dags/example_trigger_controller_dag.py
[2026-08-21T12:06:52.606+0000] {processor.py:840} INFO - DAG(s) 'example_trigger_controller_dag' retrieved from /home/airflow/.local/lib/python3.8/site-packages/airflow/example_dags/example_trigger_controller_dag.py
[2026-08-21T12:06:52.630+0000] {logging_mixin.py:188} INFO - [2026-08-21T12:06:52.629+0000] {dag.py:3036} INFO - Sync 1 DAGs
[2026-08-21T12:06:52.653+0000] {logging_mixin.py:188} INFO - [2026-08-21T12:06:52.653+0000] {dag.py:3823} INFO - Setting next_dagrun for example_trigger_controller_dag to 2021-01-01 00:00:00+00:00, run_after=2021-01-01 00:00:00+00:00
[2026-08-21T12:06:52.675+0000] {processor.py:183} INFO - Processing /home/airflow/.local/lib/python3.8/site-packages/airflow/example_dags/example_trigger_controller_dag.py took 0.084 seconds
[2026-08-21T12:07:23.189+0000] {processor.py:161} INFO - Started process (PID=3264) to work on /home/airflow/.local/lib/python3.8/site-packages/airflow/example_dags/example_trigger_controller_dag.py
[2026-08-21T12:07:23.190+0000] {processor.py:830} INFO - Processing file /home/airflow/.local/lib/python3.8/site-packages/airflow/example_dags/example_trigger_controller_dag.py for tasks to queue
[2026-08-21T12:07:23.193+0000] {logging_mixin.py:188} INFO - [2026-08-21T12:07:23.193+0000] {dagbag.py:538} INFO - Filling up the DagBag from /home/airflow/.local/lib/python3.8/site-packages/airflow/example_dags/example_trigger_controller_dag.py
[2026-08-21T12:07:23.198+0000] {processor.py:840} INFO - DAG(s) 'example_trigger_controller_dag' retrieved from /home/airflow/.local/lib/python3.8/site-packages/airflow/example_dags/example_trigger_controller_dag.py
[2026-08-21T12:07:23.219+0000] {logging_mixin.py:188} INFO - [2026-08-21T12:07:23.219+0000] {dag.py:3036} INFO - Sync 1 DAGs
[2026-08-21T12:07:23.240+0000] {logging_mixin.py:188} INFO - [2026-08-21T12:07:23.240+0000] {dag.py:3823} INFO - Setting next_dagrun for example_trigger_controller_dag to 2021-01-01 00:00:00+00:00, run_after=2021-01-01 00:00:00+00:00
[2026-08-21T12:07:23.262+0000] {processor.py:183} INFO - Processing /home/airflow/.local/lib/python3.8/site-packages/airflow/example_dags/example_trigger_controller_dag.py took 0.077 seconds
[2026-08-21T12:07:54.440+0000] {processor.py:161} INFO - Started process (PID=3351) to work on /home/airflow/.local/lib/python3.8/site-packages/airflow/example_dags/example_trigger_controller_dag.py
[2026-08-21T12:07:54.442+0000] {processor.py:830} INFO - Processing file /home/airflow/.local/lib/python3.8/site-packages/airflow/example_dags/example_trigger_controller_dag.py for tasks to queue
[2026-08-21T12:07:54.446+0000] {logging_mixin.py:188} INFO - [2026-08-21T12:07:54.445+0000] {dagbag.py:538} INFO - Filling up the DagBag from /home/airflow/.local/lib/python3.8/site-packages/airflow/example_dags/example_trigger_controller_dag.py
[2026-08-21T12:07:54.455+0000] {processor.py:840} INFO - DAG(s) 'example_trigger_controller_dag' retrieved from /home/airflow/.local/lib/python3.8/site-packages/airflow/example_dags/example_trigger_controller_dag.py
[2026-08-21T12:07:54.488+0000] {logging_mixin.py:188} INFO - [2026-08-21T12:07:54.487+0000] {dag.py:3036} INFO - Sync 1 DAGs
[2026-08-21T12:07:54.523+0000] {logging_mixin.py:188} INFO - [2026-08-21T12:07:54.522+0000] {dag.py:3823} INFO - Setting next_dagrun for example_trigger_controller_dag to 2021-01-01 00:00:00+00:00, run_after=2021-01-01 00:00:00+00:00
[2026-08-21T12:07:54.553+0000] {processor.py:183} INFO - Processing /home/airflow/.local/lib/python3.8/site-packages/airflow/example_dags/example_trigger_controller_dag.py took 0.120 seconds
[2026-08-21T12:08:26.126+0000] {processor.py:161} INFO - Started process (PID=3441) to work on /home/airflow/.local/lib/python3.8/site-packages/airflow/example_dags/example_trigger_controller_dag.py
[2026-08-21T12:08:26.128+0000] {processor.py:830} INFO - Processing file /home/airflow/.local/lib/python3.8/site-packages/airflow/example_dags/example_trigger_controller_dag.py for tasks to queue
[2026-08-21T12:08:26.131+0000] {logging_mixin.py:188} INFO - [2026-08-21T12:08:26.131+0000] {dagbag.py:538} INFO - Filling up the DagBag from /home/airflow/.local/lib/python3.8/site-packages/airflow/example_dags/example_trigger_controller_dag.py
[2026-08-21T12:08:26.136+0000] {processor.py:840} INFO - DAG(s) 'example_trigger_controller_dag' retrieved from /home/airflow/.local/lib/python3.8/site-packages/airflow/example_dags/example_trigger_controller_dag.py
[2026-08-21T12:08:26.156+0000] {logging_mixin.py:188} INFO - [2026-08-21T12:08:26.156+0000] {dag.py:3036} INFO - Sync 1 DAGs
[2026-08-21T12:08:26.185+0000] {logging_mixin.py:188} INFO - [2026-08-21T12:08:26.185+0000] {dag.py:3823} INFO - Setting next_dagrun for example_trigger_controller_dag to 2021-01-01 00:00:00+00:00, run_after=2021-01-01 00:00:00+00:00
[2026-08-21T12:08:26.210+0000] {processor.py:183} INFO - Processing /home/airflow/.local/lib/python3.8/site-packages/airflow/example_dags/example_trigger_controller_dag.py took 0.088 seconds
[2026-08-21T12:08:57.585+0000] {processor.py:161} INFO - Started process (PID=3532) to work on /home/airflow/.local/lib/python3.8/site-packages/airflow/example_dags/example_trigger_controller_dag.py
[2026-08-21T12:08:57.587+0000] {processor.py:830} INFO - Processing file /home/airflow/.local/lib/python3.8/site-packages/airflow/example_dags/example_trigger_controller_dag.py for tasks to queue
[2026-08-21T12:08:57.591+0000] {logging_mixin.py:188} INFO - [2026-08-21T12:08:57.590+0000] {dagbag.py:538} INFO - Filling up the DagBag from /home/airflow/.local/lib/python3.8/site-packages/airflow/example_dags/example_trigger_controller_dag.py
[2026-08-21T12:08:57.599+0000] {processor.py:840} INFO - DAG(s) 'example_trigger_controller_dag' retrieved from /home/airflow/.local/lib/python3.8/site-packages/airflow/example_dags/example_trigger_controller_dag.py
[2026-08-21T12:08:57.633+0000] {logging_mixin.py:188} INFO - [2026-08-21T12:08:57.633+0000] {dag.py:3036} INFO - Sync 1 DAGs
[2026-08-21T12:08:57.669+0000] {logging_mixin.py:188} INFO - [2026-08-21T12:08:57.669+0000] {dag.py:3823} INFO - Setting next_dagrun for example_trigger_controller_dag to 2021-01-01 00:00:00+00:00, run_after=2021-01-01 00:00:00+00:00
[2026-08-21T12:08:57.699+0000] {processor.py:183} INFO - Processing /home/airflow/.local/lib/python3.8/site-packages/airflow/example_dags/example_trigger_controller_dag.py took 0.120 seconds
[2026-08-21T12:09:27.890+0000] {processor.py:161} INFO - Started process (PID=3619) to work on /home/airflow/.local/lib/python3.8/site-packages/airflow/example_dags/example_trigger_controller_dag.py
[2026-08-21T12:09:27.891+0000] {processor.py:830} INFO - Processing file /home/airflow/.local/lib/python3.8/site-packages/airflow/example_dags/example_trigger_controller_dag.py for tasks to queue
[2026-08-21T12:09:27.894+0000] {logging_mixin.py:188} INFO - [2026-08-21T12:09:27.893+0000] {dagbag.py:538} INFO - Filling up the DagBag from /home/airflow/.local/lib/python3.8/site-packages/airflow/example_dags/example_trigger_controller_dag.py
[2026-08-21T12:09:27.899+0000] {processor.py:840} INFO - DAG(s) 'example_trigger_controller_dag' retrieved from /home/airflow/.local/lib/python3.8/site-packages/airflow/example_dags/example_trigger_controller_dag.py
[2026-08-21T12:09:27.919+0000] {logging_mixin.py:188} INFO - [2026-08-21T12:09:27.918+0000] {dag.py:3036} INFO - Sync 1 DAGs
[2026-08-21T12:09:27.938+0000] {logging_mixin.py:188} INFO - [2026-08-21T12:09:27.938+0000] {dag.py:3823} INFO - Setting next_dagrun for example_trigger_controller_dag to 2021-01-01 00:00:00+00:00, run_after=2021-01-01 00:00:00+00:00
[2026-08-21T12:09:27.958+0000] {processor.py:183} INFO - Processing /home/airflow/.local/lib/python3.8/site-packages/airflow/example_dags/example_trigger_controller_dag.py took 0.072 seconds
[2026-08-21T12:09:58.461+0000] {processor.py:161} INFO - Started process (PID=3706) to work on /home/airflow/.local/lib/python3.8/site-packages/airflow/example_dags/example_trigger_controller_dag.py
[2026-08-21T12:09:58.462+0000] {processor.py:830} INFO - Processing file /home/airflow/.local/lib/python3.8/site-packages/airflow/example_dags/example_trigger_controller_dag.py for tasks to queue
[2026-08-21T12:09:58.464+0000] {logging_mixin.py:188} INFO - [2026-08-21T12:09:58.464+0000] {dagbag.py:538} INFO - Filling up the DagBag from /home/airflow/.local/lib/python3.8/site-packages/airflow/example_dags/example_trigger_controller_dag.py
[2026-08-21T12:09:58.469+0000] {processor.py:840} INFO - DAG(s) 'example_trigger_controller_dag' retrieved from /home/airflow/.local/lib/python3.8/site-packages/airflow/example_dags/example_trigger_controller_dag.py
[2026-08-21T12:09:58.488+0000] {logging_mixin.py:188} INFO - [2026-08-21T12:09:58.488+0000] {dag.py:3036} INFO - Sync 1 DAGs
[2026-08-21T12:09:58.507+0000] {logging_mixin.py:188} INFO - [2026-08-21T12:09:58.506+0000] {dag.py:3823} INFO - Setting next_dagrun for example_trigger_controller_dag to 2021-01-01 00:00:00+00:00, run_after=2021-01-01 00:00:00+00:00
[2026-08-21T12:09:58.523+0000] {processor.py:183} INFO - Processing /home/airflow/.local/lib/python3.8/site-packages/airflow/example_dags/example_trigger_controller_dag.py took 0.066 seconds
[2026-08-21T12:10:30.004+0000] {processor.py:161} INFO - Started process (PID=3797) to work on /home/airflow/.local/lib/python3.8/site-packages/airflow/example_dags/example_trigger_controller_dag.py
[2026-08-21T12:10:30.012+0000] {processor.py:830} INFO - Processing file /home/airflow/.local/lib/python3.8/site-packages/airflow/example_dags/example_trigger_controller_dag.py for tasks to queue
[2026-08-21T12:10:30.015+0000] {logging_mixin.py:188} INFO - [2026-08-21T12:10:30.015+0000] {dagbag.py:538} INFO - Filling up the DagBag from /home/airflow/.local/lib/python3.8/site-packages/airflow/example_dags/example_trigger_controller_dag.py
[2026-08-21T12:10:30.023+0000] {processor.py:840} INFO - DAG(s) 'example_trigger_controller_dag' retrieved from /home/airflow/.local/lib/python3.8/site-packages/airflow/example_dags/example_trigger_controller_dag.py
[2026-08-21T12:10:30.046+0000] {logging_mixin.py:188} INFO - [2026-08-21T12:10:30.046+0000] {dag.py:3036} INFO - Sync 1 DAGs
[2026-08-21T12:10:30.071+0000] {logging_mixin.py:188} INFO - [2026-08-21T12:10:30.070+0000] {dag.py:3823} INFO - Setting next_dagrun for example_trigger_controller_dag to 2021-01-01 00:00:00+00:00, run_after=2021-01-01 00:00:00+00:00
[2026-08-21T12:10:30.097+0000] {processor.py:183} INFO - Processing /home/airflow/.local/lib/python3.8/site-packages/airflow/example_dags/example_trigger_controller_dag.py took 0.098 seconds
[2026-08-21T12:11:00.551+0000] {processor.py:161} INFO - Started process (PID=3885) to work on /home/airflow/.local/lib/python3.8/site-packages/airflow/example_dags/example_trigger_controller_dag.py
[2026-08-21T12:11:00.553+0000] {processor.py:830} INFO - Processing file /home/airflow/.local/lib/python3.8/site-packages/airflow/example_dags/example_trigger_controller_dag.py for tasks to queue
[2026-08-21T12:11:00.556+0000] {logging_mixin.py:188} INFO - [2026-08-21T12:11:00.555+0000] {dagbag.py:538} INFO - Filling up the DagBag from /home/airflow/.local/lib/python3.8/site-packages/airflow/example_dags/example_trigger_controller_dag.py
[2026-08-21T12:11:00.561+0000] {processor.py:840} INFO - DAG(s) 'example_trigger_controller_dag' retrieved from /home/airflow/.local/lib/python3.8/site-packages/airflow/example_dags/example_trigger_controller_dag.py
[2026-08-21T12:11:00.584+0000] {logging_mixin.py:188} INFO - [2026-08-21T12:11:00.583+0000] {dag.py:3036} INFO - Sync 1 DAGs
[2026-08-21T12:11:00.605+0000] {logging_mixin.py:188} INFO - [2026-08-21T12:11:00.605+0000] {dag.py:3823} INFO - Setting next_dagrun for example_trigger_controller_dag to 2021-01-01 00:00:00+00:00, run_after=2021-01-01 00:00:00+00:00
[2026-08-21T12:11:00.631+0000] {processor.py:183} INFO - Processing /home/airflow/.local/lib/python3.8/site-packages/airflow/example_dags/example_trigger_controller_dag.py took 0.084 seconds
[2026-08-21T12:11:31.797+0000] {processor.py:161} INFO - Started process (PID=3972) to work on /home/airflow/.local/lib/python3.8/site-packages/airflow/example_dags/example_trigger_controller_dag.py
[2026-08-21T12:11:31.798+0000] {processor.py:830} INFO - Processing file /home/airflow/.local/lib/python3.8/site-packages/airflow/example_dags/example_trigger_controller_dag.py for tasks to queue
[2026-08-21T12:11:31.800+0000] {logging_mixin.py:188} INFO - [2026-08-21T12:11:31.800+0000] {dagbag.py:538} INFO - Filling up the DagBag from /home/airflow/.local/lib/python3.8/site-packages/airflow/example_dags/example_trigger_controller_dag.py
[2026-08-21T12:11:31.805+0000] {processor.py:840} INFO - DAG(s) 'example_trigger_controller_dag' retrieved from /home/airflow/.local/lib/python3.8/site-packages/airflow/example_dags/example_trigger_controller_dag.py
[2026-08-21T12:11:31.824+0000] {logging_mixin.py:188} INFO - [2026-08-21T12:11:31.824+0000] {dag.py:3036} INFO - Sync 1 DAGs
[2026-08-21T12:11:31.842+0000] {logging_mixin.py:188} INFO - [2026-08-21T12:11:31.842+0000] {dag.py:3823} INFO - Setting next_dagrun for example_trigger_controller_dag to 2021-01-01 00:00:00+00:00, run_after=2021-01-01 00:00:00+00:00
[2026-08-21T12:11:31.859+0000] {processor.py:183} INFO - Processing /home/airflow/.local/lib/python3.8/site-packages/airflow/example_dags/example_trigger_controller_dag.py took 0.067 seconds
[2026-08-21T12:12:02.433+0000] {processor.py:161} INFO - Started process (PID=4059) to work on /home/airflow/.local/lib/python3.8/site-packages/airflow/example_dags/example_trigger_controller_dag.py
[2026-08-21T12:12:02.435+0000] {processor.py:830} INFO - Processing file /home/airflow/.local/lib/python3.8/site-packages/airflow/example_dags/example_trigger_controller_dag.py for tasks to queue
[2026-08-21T12:12:02.441+0000] {logging_mixin.py:188} INFO - [2026-08-21T12:12:02.440+0000] {dagbag.py:538} INFO - Filling up the DagBag from /home/airflow/.local/lib/python3.8/site-packages/airflow/example_dags/example_trigger_controller_dag.py
[2026-08-21T12:12:02.450+0000] {processor.py:840} INFO - DAG(s) 'example_trigger_controller_dag' retrieved from /home/airflow/.local/lib/python3.8/site-packages/airflow/example_dags/example_trigger_controller_dag.py
[2026-08-21T12:12:02.480+0000] {logging_mixin.py:188} INFO - [2026-08-21T12:12:02.480+0000] {dag.py:3036} INFO - Sync 1 DAGs
[2026-08-21T12:12:02.510+0000] {logging_mixin.py:188} INFO - [2026-08-21T12:12:02.509+0000] {dag.py:3823} INFO - Setting next_dagrun for example_trigger_controller_dag to 2021-01-01 00:00:00+00:00, run_after=2021-01-01 00:00:00+00:00
[2026-08-21T12:12:02.534+0000] {processor.py:183} INFO - Processing /home/airflow/.local/lib/python3.8/site-packages/airflow/example_dags/example_trigger_controller_dag.py took 0.107 seconds
[2026-08-21T12:12:33.399+0000] {processor.py:161} INFO - Started process (PID=4146) to work on /home/airflow/.local/lib/python3.8/site-packages/airflow/example_dags/example_trigger_controller_dag.py
[2026-08-21T12:12:33.401+0000] {processor.py:830} INFO - Processing file /home/airflow/.local/lib/python3.8/site-packages/airflow/example_dags/example_trigger_controller_dag.py for tasks to queue
[2026-08-21T12:12:33.403+0000] {logging_mixin.py:188} INFO - [2026-08-21T12:12:33.403+0000] {dagbag.py:538} INFO - Filling up the DagBag from /home/airflow/.local/lib/python3.8/site-packages/airflow/example_dags/example_trigger_controller_dag.py
[2026-08-21T12:12:33.408+0000] {processor.py:840} INFO - DAG(s) 'example_trigger_controller_dag' retrieved from /home/airflow/.local/lib/python3.8/site-packages/airflow/example_dags/example_trigger_controller_dag.py
[2026-08-21T12:12:33.428+0000] {logging_mixin.py:188} INFO - [2026-08-21T12:12:33.428+0000] {dag.py:3036} INFO - Sync 1 DAGs
[2026-08-21T12:12:33.448+0000] {logging_mixin.py:188} INFO - [2026-08-21T12:12:33.448+0000] {dag.py:3823} INFO - Setting next_dagrun for example_trigger_controller_dag to 2021-01-01 00:00:00+00:00, run_after=2021-01-01 00:00:00+00:00
[2026-08-21T12:12:33.466+0000] {processor.py:183} INFO - Processing /home/airflow/.local/lib/python3.8/site-packages/airflow/example_dags/example_trigger_controller_dag.py took 0.070 seconds
[2026-08-21T12:13:03.965+0000] {processor.py:161} INFO - Started process (PID=4233) to work on /home/airflow/.local/lib/python3.8/site-packages/airflow/example_dags/example_trigger_controller_dag.py
[2026-08-21T12:13:03.966+0000] {processor.py:830} INFO - Processing file /home/airflow/.local/lib/python3.8/site-packages/airflow/example_dags/example_trigger_controller_dag.py for tasks to queue
[2026-08-21T12:13:03.969+0000] {logging_mixin.py:188} INFO - [2026-08-21T12:13:03.968+0000] {dagbag.py:538} INFO - Filling up the DagBag from /home/airflow/.local/lib/python3.8/site-packages/airflow/example_dags/example_trigger_controller_dag.py
[2026-08-21T12:13:03.973+0000] {processor.py:840} INFO - DAG(s) 'example_trigger_controller_dag' retrieved from /home/airflow/.local/lib/python3.8/site-packages/airflow/example_dags/example_trigger_controller_dag.py
[2026-08-21T12:13:03.993+0000] {logging_mixin.py:188} INFO - [2026-08-21T12:13:03.993+0000] {dag.py:3036} INFO - Sync 1 DAGs
[2026-08-21T12:13:04.014+0000] {logging_mixin.py:188} INFO - [2026-08-21T12:13:04.013+0000] {dag.py:3823} INFO - Setting next_dagrun for example_trigger_controller_dag to 2021-01-01 00:00:00+00:00, run_after=2021-01-01 00:00:00+00:00
[2026-08-21T12:13:04.034+0000] {processor.py:183} INFO - Processing /home/airflow/.local/lib/python3.8/site-packages/airflow/example_dags/example_trigger_controller_dag.py took 0.073 seconds
[2026-08-21T12:13:34.420+0000] {processor.py:161} INFO - Started process (PID=4320) to work on /home/airflow/.local/lib/python3.8/site-packages/airflow/example_dags/example_trigger_controller_dag.py
[2026-08-21T12:13:34.421+0000] {processor.py:830} INFO - Processing file /home/airflow/.local/lib/python3.8/site-packages/airflow/example_dags/example_trigger_controller_dag.py for tasks to queue
[2026-08-21T12:13:34.424+0000] {logging_mixin.py:188} INFO - [2026-08-21T12:13:34.423+0000] {dagbag.py:538} INFO - Filling up the DagBag from /home/airflow/.local/lib/python3.8/site-packages/airflow/example_dags/example_trigger_controller_dag.py
[2026-08-21T12:13:34.429+0000] {processor.py:840} INFO - DAG(s) 'example_trigger_controller_dag' retrieved from /home/airflow/.local/lib/python3.8/site-packages/airflow/example_dags/example_trigger_controller_dag.py
[2026-08-21T12:13:34.449+0000] {logging_mixin.py:188} INFO - [2026-08-21T12:13:34.449+0000] {dag.py:3036} INFO - Sync 1 DAGs
[2026-08-21T12:13:34.470+0000] {logging_mixin.py:188} INFO - [2026-08-21T12:13:34.469+0000] {dag.py:3823} INFO - Setting next_dagrun for example_trigger_controller_dag to 2021-01-01 00:00:00+00:00, run_after=2021-01-01 00:00:00+00:00
[2026-08-21T12:13:34.489+0000] {processor.py:183} INFO - Processing /home/airflow/.local/lib/python3.8/site-packages/airflow/example_dags/example_trigger_controller_dag.py took 0.073 seconds
[2026-08-21T12:14:05.944+0000] {processor.py:161} INFO - Started process (PID=4408) to work on /home/airflow/.local/lib/python3.8/site-packages/airflow/example_dags/example_trigger_controller_dag.py
[2026-08-21T12:14:05.945+0000] {processor.py:830} INFO - Processing file /home/airflow/.local/lib/python3.8/site-packages/airflow/example_dags/example_trigger_controller_dag.py for tasks to queue
[2026-08-21T12:14:05.948+0000] {logging_mixin.py:188} INFO - [2026-08-21T12:14:05.947+0000] {dagbag.py:538} INFO - Filling up the DagBag from /home/airflow/.local/lib/python3.8/site-packages/airflow/example_dags/example_trigger_controller_dag.py
[2026-08-21T12:14:05.954+0000] {processor.py:840} INFO - DAG(s) 'example_trigger_controller_dag' retrieved from /home/airflow/.local/lib/python3.8/site-packages/airflow/example_dags/example_trigger_controller_dag.py
[2026-08-21T12:14:05.976+0000] {logging_mixin.py:188} INFO - [2026-08-21T12:14:05.975+0000] {dag.py:3036} INFO - Sync 1 DAGs
[2026-08-21T12:14:06.003+0000] {logging_mixin.py:188} INFO - [2026-08-21T12:14:06.002+0000] {dag.py:3823} INFO - Setting next_dagrun for example_trigger_controller_dag to 2021-01-01 00:00:00+00:00, run_after=2021-01-01 00:00:00+00:00
[2026-08-21T12:14:06.025+0000] {processor.py:183} INFO - Processing /home/airflow/.local/lib/python3.8/site-packages/airflow/example_dags/example_trigger_controller_dag.py took 0.085 seconds
[2026-08-21T12:14:36.644+0000] {processor.py:161} INFO - Started process (PID=4495) to work on /home/airflow/.local/lib/python3.8/site-packages/airflow/example_dags/example_trigger_controller_dag.py
[2026-08-21T12:14:36.646+0000] {processor.py:830} INFO - Processing file /home/airflow/.local/lib/python3.8/site-packages/airflow/example_dags/example_trigger_controller_dag.py for tasks to queue
[2026-08-21T12:14:36.649+0000] {logging_mixin.py:188} INFO - [2026-08-21T12:14:36.648+0000] {dagbag.py:538} INFO - Filling up the DagBag from /home/airflow/.local/lib/python3.8/site-packages/airflow/example_dags/example_trigger_controller_dag.py
[2026-08-21T12:14:36.655+0000] {processor.py:840} INFO - DAG(s) 'example_trigger_controller_dag' retrieved from /home/airflow/.local/lib/python3.8/site-packages/airflow/example_dags/example_trigger_controller_dag.py
[2026-08-21T12:14:36.682+0000] {logging_mixin.py:188} INFO - [2026-08-21T12:14:36.682+0000] {dag.py:3036} INFO - Sync 1 DAGs
[2026-08-21T12:14:36.705+0000] {logging_mixin.py:188} INFO - [2026-08-21T12:14:36.705+0000] {dag.py:3823} INFO - Setting next_dagrun for example_trigger_controller_dag to 2021-01-01 00:00:00+00:00, run_after=2021-01-01 00:00:00+00:00
[2026-08-21T12:14:36.724+0000] {processor.py:183} INFO - Processing /home/airflow/.local/lib/python3.8/site-packages/airflow/example_dags/example_trigger_controller_dag.py took 0.083 seconds
[2026-08-21T12:15:07.546+0000] {processor.py:161} INFO - Started process (PID=4582) to work on /home/airflow/.local/lib/python3.8/site-packages/airflow/example_dags/example_trigger_controller_dag.py
[2026-08-21T12:15:07.548+0000] {processor.py:830} INFO - Processing file /home/airflow/.local/lib/python3.8/site-packages/airflow/example_dags/example_trigger_controller_dag.py for tasks to queue
[2026-08-21T12:15:07.550+0000] {logging_mixin.py:188} INFO - [2026-08-21T12:15:07.550+0000] {dagbag.py:538} INFO - Filling up the DagBag from /home/airflow/.local/lib/python3.8/site-packages/airflow/example_dags/example_trigger_controller_dag.py
[2026-08-21T12:15:07.556+0000] {processor.py:840} INFO - DAG(s) 'example_trigger_controller_dag' retrieved from /home/airflow/.local/lib/python3.8/site-packages/airflow/example_dags/example_trigger_controller_dag.py
[2026-08-21T12:15:07.581+0000] {logging_mixin.py:188} INFO - [2026-08-21T12:15:07.581+0000] {dag.py:3036} INFO - Sync 1 DAGs
[2026-08-21T12:15:07.610+0000] {logging_mixin.py:188} INFO - [2026-08-21T12:15:07.609+0000] {dag.py:3823} INFO - Setting next_dagrun for example_trigger_controller_dag to 2021-01-01 00:00:00+00:00, run_after=2021-01-01 00:00:00+00:00
[2026-08-21T12:15:07.629+0000] {processor.py:183} INFO - Processing /home/airflow/.local/lib/python3.8/site-packages/airflow/example_dags/example_trigger_controller_dag.py took 0.087 seconds
[2026-08-21T12:15:37.855+0000] {processor.py:161} INFO - Started process (PID=4667) to work on /home/airflow/.local/lib/python3.8/site-packages/airflow/example_dags/example_trigger_controller_dag.py
[2026-08-21T12:15:37.856+0000] {processor.py:830} INFO - Processing file /home/airflow/.local/lib/python3.8/site-packages/airflow/example_dags/example_trigger_controller_dag.py for tasks to queue
[2026-08-21T12:15:37.858+0000] {logging_mixin.py:188} INFO - [2026-08-21T12:15:37.858+0000] {dagbag.py:538} INFO - Filling up the DagBag from /home/airflow/.local/lib/python3.8/site-packages/airflow/example_dags/example_trigger_controller_dag.py
[2026-08-21T12:15:37.863+0000] {processor.py:840} INFO - DAG(s) 'example_trigger_controller_dag' retrieved from /home/airflow/.local/lib/python3.8/site-packages/airflow/example_dags/example_trigger_controller_dag.py
[2026-08-21T12:15:37.883+0000] {logging_mixin.py:188} INFO - [2026-08-21T12:15:37.883+0000] {dag.py:3036} INFO - Sync 1 DAGs
[2026-08-21T12:15:37.904+0000] {logging_mixin.py:188} INFO - [2026-08-21T12:15:37.904+0000] {dag.py:3823} INFO - Setting next_dagrun for example_trigger_controller_dag to 2021-01-01 00:00:00+00:00, run_after=2021-01-01 00:00:00+00:00
[2026-08-21T12:15:37.924+0000] {processor.py:183} INFO - Processing /home/airflow/.local/lib/python3.8/site-packages/airflow/example_dags/example_trigger_controller_dag.py took 0.072 seconds
[2026-08-21T12:16:08.456+0000] {processor.py:161} INFO - Started process (PID=4754) to work on /home/airflow/.local/lib/python3.8/site-packages/airflow/example_dags/example_trigger_controller_dag.py
[2026-08-21T12:16:08.457+0000] {processor.py:830} INFO - Processing file /home/airflow/.local/lib/python3.8/site-packages/airflow/example_dags/example_trigger_controller_dag.py for tasks to queue
[2026-08-21T12:16:08.459+0000] {logging_mixin.py:188} INFO - [2026-08-21T12:16:08.459+0000] {dagbag.py:538} INFO - Filling up the DagBag from /home/airflow/.local/lib/python3.8/site-packages/airflow/example_dags/example_trigger_controller_dag.py
[2026-08-21T12:16:08.464+0000] {processor.py:840} INFO - DAG(s) 'example_trigger_controller_dag' retrieved from /home/airflow/.local/lib/python3.8/site-packages/airflow/example_dags/example_trigger_controller_dag.py
[2026-08-21T12:16:08.484+0000] {logging_mixin.py:188} INFO - [2026-08-21T12:16:08.483+0000] {dag.py:3036} INFO - Sync 1 DAGs
[2026-08-21T12:16:08.503+0000] {logging_mixin.py:188} INFO - [2026-08-21T12:16:08.502+0000] {dag.py:3823} INFO - Setting next_dagrun for example_trigger_controller_dag to 2021-01-01 00:00:00+00:00, run_after=2021-01-01 00:00:00+00:00
[2026-08-21T12:16:08.520+0000] {processor.py:183} INFO - Processing /home/airflow/.local/lib/python3.8/site-packages/airflow/example_dags/example_trigger_controller_dag.py took 0.068 seconds
[2026-08-21T12:16:39.933+0000] {processor.py:161} INFO - Started process (PID=4842) to work on /home/airflow/.local/lib/python3.8/site-packages/airflow/example_dags/example_trigger_controller_dag.py
[2026-08-21T12:16:39.935+0000] {processor.py:830} INFO - Processing file /home/airflow/.local/lib/python3.8/site-packages/airflow/example_dags/example_trigger_controller_dag.py for tasks to queue
[2026-08-21T12:16:39.938+0000] {logging_mixin.py:188} INFO - [2026-08-21T12:16:39.937+0000] {dagbag.py:538} INFO - Filling up the DagBag from /home/airflow/.local/lib/python3.8/site-packages/airflow/example_dags/example_trigger_controller_dag.py
[2026-08-21T12:16:39.944+0000] {processor.py:840} INFO - DAG(s) 'example_trigger_controller_dag' retrieved from /home/airflow/.local/lib/python3.8/site-packages/airflow/example_dags/example_trigger_controller_dag.py
[2026-08-21T12:16:39.972+0000] {logging_mixin.py:188} INFO - [2026-08-21T12:16:39.971+0000] {dag.py:3036} INFO - Sync 1 DAGs
[2026-08-21T12:16:39.998+0000] {logging_mixin.py:188} INFO - [2026-08-21T12:16:39.998+0000] {dag.py:3823} INFO - Setting next_dagrun for example_trigger_controller_dag to 2021-01-01 00:00:00+00:00, run_after=2021-01-01 00:00:00+00:00
[2026-08-21T12:16:40.169+0000] {processor.py:183} INFO - Processing /home/airflow/.local/lib/python3.8/site-packages/airflow/example_dags/example_trigger_controller_dag.py took 0.240 seconds
[2026-08-21T12:17:10.292+0000] {processor.py:161} INFO - Started process (PID=4929) to work on /home/airflow/.local/lib/python3.8/site-packages/airflow/example_dags/example_trigger_controller_dag.py
[2026-08-21T12:17:10.293+0000] {processor.py:830} INFO - Processing file /home/airflow/.local/lib/python3.8/site-packages/airflow/example_dags/example_trigger_controller_dag.py for tasks to queue
[2026-08-21T12:17:10.295+0000] {logging_mixin.py:188} INFO - [2026-08-21T12:17:10.295+0000] {dagbag.py:538} INFO - Filling up the DagBag from /home/airflow/.local/lib/python3.8/site-packages/airflow/example_dags/example_trigger_controller_dag.py
[2026-08-21T12:17:10.300+0000] {processor.py:840} INFO - DAG(s) 'example_trigger_controller_dag' retrieved from /home/airflow/.local/lib/python3.8/site-packages/airflow/example_dags/example_trigger_controller_dag.py
[2026-08-21T12:17:10.322+0000] {logging_mixin.py:188} INFO - [2026-08-21T12:17:10.322+0000] {dag.py:3036} INFO - Sync 1 DAGs
[2026-08-21T12:17:10.346+0000] {logging_mixin.py:188} INFO - [2026-08-21T12:17:10.345+0000] {dag.py:3823} INFO - Setting next_dagrun for example_trigger_controller_dag to 2021-01-01 00:00:00+00:00, run_after=2021-01-01 00:00:00+00:00
[2026-08-21T12:17:10.369+0000] {processor.py:183} INFO - Processing /home/airflow/.local/lib/python3.8/site-packages/airflow/example_dags/example_trigger_controller_dag.py took 0.080 seconds
[2026-08-21T12:17:40.603+0000] {processor.py:161} INFO - Started process (PID=5016) to work on /home/airflow/.local/lib/python3.8/site-packages/airflow/example_dags/example_trigger_controller_dag.py
[2026-08-21T12:17:40.604+0000] {processor.py:830} INFO - Processing file /home/airflow/.local/lib/python3.8/site-packages/airflow/example_dags/example_trigger_controller_dag.py for tasks to queue
[2026-08-21T12:17:40.607+0000] {logging_mixin.py:188} INFO - [2026-08-21T12:17:40.606+0000] {dagbag.py:538} INFO - Filling up the DagBag from /home/airflow/.local/lib/python3.8/site-packages/airflow/example_dags/example_trigger_controller_dag.py
[2026-08-21T12:17:40.612+0000] {processor.py:840} INFO - DAG(s) 'example_trigger_controller_dag' retrieved from /home/airflow/.local/lib/python3.8/site-packages/airflow/example_dags/example_trigger_controller_dag.py
[2026-08-21T12:17:40.632+0000] {logging_mixin.py:188} INFO - [2026-08-21T12:17:40.631+0000] {dag.py:3036} INFO - Sync 1 DAGs
[2026-08-21T12:17:40.651+0000] {logging_mixin.py:188} INFO - [2026-08-21T12:17:40.650+0000] {dag.py:3823} INFO - Setting next_dagrun for example_trigger_controller_dag to 2021-01-01 00:00:00+00:00, run_after=2021-01-01 00:00:00+00:00
[2026-08-21T12:17:40.667+0000] {processor.py:183} INFO - Processing /home/airflow/.local/lib/python3.8/site-packages/airflow/example_dags/example_trigger_controller_dag.py took 0.068 seconds
[2026-08-21T12:18:12.056+0000] {processor.py:161} INFO - Started process (PID=5103) to work on /home/airflow/.local/lib/python3.8/site-packages/airflow/example_dags/example_trigger_controller_dag.py
[2026-08-21T12:18:12.058+0000] {processor.py:830} INFO - Processing file /home/airflow/.local/lib/python3.8/site-packages/airflow/example_dags/example_trigger_controller_dag.py for tasks to queue
[2026-08-21T12:18:12.061+0000] {logging_mixin.py:188} INFO - [2026-08-21T12:18:12.060+0000] {dagbag.py:538} INFO - Filling up the DagBag from /home/airflow/.local/lib/python3.8/site-packages/airflow/example_dags/example_trigger_controller_dag.py
[2026-08-21T12:18:12.067+0000] {processor.py:840} INFO - DAG(s) 'example_trigger_controller_dag' retrieved from /home/airflow/.local/lib/python3.8/site-packages/airflow/example_dags/example_trigger_controller_dag.py
[2026-08-21T12:18:12.091+0000] {logging_mixin.py:188} INFO - [2026-08-21T12:18:12.091+0000] {dag.py:3036} INFO - Sync 1 DAGs
[2026-08-21T12:18:12.113+0000] {logging_mixin.py:188} INFO - [2026-08-21T12:18:12.113+0000] {dag.py:3823} INFO - Setting next_dagrun for example_trigger_controller_dag to 2021-01-01 00:00:00+00:00, run_after=2021-01-01 00:00:00+00:00
[2026-08-21T12:18:12.134+0000] {processor.py:183} INFO - Processing /home/airflow/.local/lib/python3.8/site-packages/airflow/example_dags/example_trigger_controller_dag.py took 0.082 seconds
[2026-08-21T12:18:42.755+0000] {processor.py:161} INFO - Started process (PID=5190) to work on /home/airflow/.local/lib/python3.8/site-packages/airflow/example_dags/example_trigger_controller_dag.py
[2026-08-21T12:18:42.757+0000] {processor.py:830} INFO - Processing file /home/airflow/.local/lib/python3.8/site-packages/airflow/example_dags/example_trigger_controller_dag.py for tasks to queue
[2026-08-21T12:18:42.759+0000] {logging_mixin.py:188} INFO - [2026-08-21T12:18:42.759+0000] {dagbag.py:538} INFO - Filling up the DagBag from /home/airflow/.local/lib/python3.8/site-packages/airflow/example_dags/example_trigger_controller_dag.py
[2026-08-21T12:18:42.764+0000] {processor.py:840} INFO - DAG(s) 'example_trigger_controller_dag' retrieved from /home/airflow/.local/lib/python3.8/site-packages/airflow/example_dags/example_trigger_controller_dag.py
[2026-08-21T12:18:42.787+0000] {logging_mixin.py:188} INFO - [2026-08-21T12:18:42.787+0000] {dag.py:3036} INFO - Sync 1 DAGs
[2026-08-21T12:18:42.812+0000] {logging_mixin.py:188} INFO - [2026-08-21T12:18:42.811+0000] {dag.py:3823} INFO - Setting next_dagrun for example_trigger_controller_dag to 2021-01-01 00:00:00+00:00, run_after=2021-01-01 00:00:00+00:00
[2026-08-21T12:18:42.832+0000] {processor.py:183} INFO - Processing /home/airflow/.local/lib/python3.8/site-packages/airflow/example_dags/example_trigger_controller_dag.py took 0.081 seconds
[2026-08-21T12:19:13.289+0000] {processor.py:161} INFO - Started process (PID=5277) to work on /home/airflow/.local/lib/python3.8/site-packages/airflow/example_dags/example_trigger_controller_dag.py
[2026-08-21T12:19:13.290+0000] {processor.py:830} INFO - Processing file /home/airflow/.local/lib/python3.8/site-packages/airflow/example_dags/example_trigger_controller_dag.py for tasks to queue
[2026-08-21T12:19:13.297+0000] {logging_mixin.py:188} INFO - [2026-08-21T12:19:13.297+0000] {dagbag.py:538} INFO - Filling up the DagBag from /home/airflow/.local/lib/python3.8/site-packages/airflow/example_dags/example_trigger_controller_dag.py
[2026-08-21T12:19:13.304+0000] {processor.py:840} INFO - DAG(s) 'example_trigger_controller_dag' retrieved from /home/airflow/.local/lib/python3.8/site-packages/airflow/example_dags/example_trigger_controller_dag.py
[2026-08-21T12:19:13.334+0000] {logging_mixin.py:188} INFO - [2026-08-21T12:19:13.334+0000] {dag.py:3036} INFO - Sync 1 DAGs
[2026-08-21T12:19:13.366+0000] {logging_mixin.py:188} INFO - [2026-08-21T12:19:13.365+0000] {dag.py:3823} INFO - Setting next_dagrun for example_trigger_controller_dag to 2021-01-01 00:00:00+00:00, run_after=2021-01-01 00:00:00+00:00
[2026-08-21T12:19:13.393+0000] {processor.py:183} INFO - Processing /home/airflow/.local/lib/python3.8/site-packages/airflow/example_dags/example_trigger_controller_dag.py took 0.109 seconds
[2026-08-21T12:19:43.642+0000] {processor.py:161} INFO - Started process (PID=5364) to work on /home/airflow/.local/lib/python3.8/site-packages/airflow/example_dags/example_trigger_controller_dag.py
[2026-08-21T12:19:43.644+0000] {processor.py:830} INFO - Processing file /home/airflow/.local/lib/python3.8/site-packages/airflow/example_dags/example_trigger_controller_dag.py for tasks to queue
[2026-08-21T12:19:43.646+0000] {logging_mixin.py:188} INFO - [2026-08-21T12:19:43.646+0000] {dagbag.py:538} INFO - Filling up the DagBag from /home/airflow/.local/lib/python3.8/site-packages/airflow/example_dags/example_trigger_controller_dag.py
[2026-08-21T12:19:43.652+0000] {processor.py:840} INFO - DAG(s) 'example_trigger_controller_dag' retrieved from /home/airflow/.local/lib/python3.8/site-packages/airflow/example_dags/example_trigger_controller_dag.py
[2026-08-21T12:19:43.677+0000] {logging_mixin.py:188} INFO - [2026-08-21T12:19:43.677+0000] {dag.py:3036} INFO - Sync 1 DAGs
[2026-08-21T12:19:43.699+0000] {logging_mixin.py:188} INFO - [2026-08-21T12:19:43.698+0000] {dag.py:3823} INFO - Setting next_dagrun for example_trigger_controller_dag to 2021-01-01 00:00:00+00:00, run_after=2021-01-01 00:00:00+00:00
[2026-08-21T12:19:43.719+0000] {processor.py:183} INFO - Processing /home/airflow/.local/lib/python3.8/site-packages/airflow/example_dags/example_trigger_controller_dag.py took 0.081 seconds
[2026-08-21T12:20:18.802+0000] {processor.py:161} INFO - Started process (PID=5457) to work on /home/airflow/.local/lib/python3.8/site-packages/airflow/example_dags/example_trigger_controller_dag.py
[2026-08-21T12:20:18.804+0000] {processor.py:830} INFO - Processing file /home/airflow/.local/lib/python3.8/site-packages/airflow/example_dags/example_trigger_controller_dag.py for tasks to queue
[2026-08-21T12:20:18.810+0000] {logging_mixin.py:188} INFO - [2026-08-21T12:20:18.808+0000] {dagbag.py:538} INFO - Filling up the DagBag from /home/airflow/.local/lib/python3.8/site-packages/airflow/example_dags/example_trigger_controller_dag.py
[2026-08-21T12:20:18.827+0000] {processor.py:840} INFO - DAG(s) 'example_trigger_controller_dag' retrieved from /home/airflow/.local/lib/python3.8/site-packages/airflow/example_dags/example_trigger_controller_dag.py
[2026-08-21T12:20:18.908+0000] {logging_mixin.py:188} INFO - [2026-08-21T12:20:18.908+0000] {dag.py:3036} INFO - Sync 1 DAGs
[2026-08-21T12:20:18.986+0000] {logging_mixin.py:188} INFO - [2026-08-21T12:20:18.985+0000] {dag.py:3823} INFO - Setting next_dagrun for example_trigger_controller_dag to 2021-01-01 00:00:00+00:00, run_after=2021-01-01 00:00:00+00:00
[2026-08-21T12:20:19.080+0000] {processor.py:183} INFO - Processing /home/airflow/.local/lib/python3.8/site-packages/airflow/example_dags/example_trigger_controller_dag.py took 0.284 seconds
[2026-08-21T12:20:52.399+0000] {processor.py:161} INFO - Started process (PID=5544) to work on /home/airflow/.local/lib/python3.8/site-packages/airflow/example_dags/example_trigger_controller_dag.py
[2026-08-21T12:20:52.402+0000] {processor.py:830} INFO - Processing file /home/airflow/.local/lib/python3.8/site-packages/airflow/example_dags/example_trigger_controller_dag.py for tasks to queue
[2026-08-21T12:20:52.418+0000] {logging_mixin.py:188} INFO - [2026-08-21T12:20:52.417+0000] {dagbag.py:538} INFO - Filling up the DagBag from /home/airflow/.local/lib/python3.8/site-packages/airflow/example_dags/example_trigger_controller_dag.py
[2026-08-21T12:20:52.463+0000] {processor.py:840} INFO - DAG(s) 'example_trigger_controller_dag' retrieved from /home/airflow/.local/lib/python3.8/site-packages/airflow/example_dags/example_trigger_controller_dag.py
[2026-08-21T12:20:52.548+0000] {logging_mixin.py:188} INFO - [2026-08-21T12:20:52.548+0000] {dag.py:3036} INFO - Sync 1 DAGs
[2026-08-21T12:20:52.624+0000] {logging_mixin.py:188} INFO - [2026-08-21T12:20:52.624+0000] {dag.py:3823} INFO - Setting next_dagrun for example_trigger_controller_dag to 2021-01-01 00:00:00+00:00, run_after=2021-01-01 00:00:00+00:00
[2026-08-21T12:20:52.733+0000] {processor.py:183} INFO - Processing /home/airflow/.local/lib/python3.8/site-packages/airflow/example_dags/example_trigger_controller_dag.py took 0.353 seconds
[2026-08-21T12:21:23.231+0000] {processor.py:161} INFO - Started process (PID=5631) to work on /home/airflow/.local/lib/python3.8/site-packages/airflow/example_dags/example_trigger_controller_dag.py
[2026-08-21T12:21:23.233+0000] {processor.py:830} INFO - Processing file /home/airflow/.local/lib/python3.8/site-packages/airflow/example_dags/example_trigger_controller_dag.py for tasks to queue
[2026-08-21T12:21:23.235+0000] {logging_mixin.py:188} INFO - [2026-08-21T12:21:23.235+0000] {dagbag.py:538} INFO - Filling up the DagBag from /home/airflow/.local/lib/python3.8/site-packages/airflow/example_dags/example_trigger_controller_dag.py
[2026-08-21T12:21:23.244+0000] {processor.py:840} INFO - DAG(s) 'example_trigger_controller_dag' retrieved from /home/airflow/.local/lib/python3.8/site-packages/airflow/example_dags/example_trigger_controller_dag.py
[2026-08-21T12:21:23.274+0000] {logging_mixin.py:188} INFO - [2026-08-21T12:21:23.274+0000] {dag.py:3036} INFO - Sync 1 DAGs
[2026-08-21T12:21:23.296+0000] {logging_mixin.py:188} INFO - [2026-08-21T12:21:23.296+0000] {dag.py:3823} INFO - Setting next_dagrun for example_trigger_controller_dag to 2021-01-01 00:00:00+00:00, run_after=2021-01-01 00:00:00+00:00
[2026-08-21T12:21:23.396+0000] {processor.py:183} INFO - Processing /home/airflow/.local/lib/python3.8/site-packages/airflow/example_dags/example_trigger_controller_dag.py took 0.169 seconds
[2026-08-21T12:21:53.713+0000] {processor.py:161} INFO - Started process (PID=5718) to work on /home/airflow/.local/lib/python3.8/site-packages/airflow/example_dags/example_trigger_controller_dag.py
[2026-08-21T12:21:53.719+0000] {processor.py:830} INFO - Processing file /home/airflow/.local/lib/python3.8/site-packages/airflow/example_dags/example_trigger_controller_dag.py for tasks to queue
[2026-08-21T12:21:53.722+0000] {logging_mixin.py:188} INFO - [2026-08-21T12:21:53.722+0000] {dagbag.py:538} INFO - Filling up the DagBag from /home/airflow/.local/lib/python3.8/site-packages/airflow/example_dags/example_trigger_controller_dag.py
[2026-08-21T12:21:53.729+0000] {processor.py:840} INFO - DAG(s) 'example_trigger_controller_dag' retrieved from /home/airflow/.local/lib/python3.8/site-packages/airflow/example_dags/example_trigger_controller_dag.py
[2026-08-21T12:21:53.752+0000] {logging_mixin.py:188} INFO - [2026-08-21T12:21:53.752+0000] {dag.py:3036} INFO - Sync 1 DAGs
[2026-08-21T12:21:53.776+0000] {logging_mixin.py:188} INFO - [2026-08-21T12:21:53.776+0000] {dag.py:3823} INFO - Setting next_dagrun for example_trigger_controller_dag to 2021-01-01 00:00:00+00:00, run_after=2021-01-01 00:00:00+00:00
[2026-08-21T12:21:53.824+0000] {processor.py:183} INFO - Processing /home/airflow/.local/lib/python3.8/site-packages/airflow/example_dags/example_trigger_controller_dag.py took 0.121 seconds
[2026-08-21T12:22:23.896+0000] {processor.py:161} INFO - Started process (PID=5804) to work on /home/airflow/.local/lib/python3.8/site-packages/airflow/example_dags/example_trigger_controller_dag.py
[2026-08-21T12:22:23.898+0000] {processor.py:830} INFO - Processing file /home/airflow/.local/lib/python3.8/site-packages/airflow/example_dags/example_trigger_controller_dag.py for tasks to queue
[2026-08-21T12:22:23.901+0000] {logging_mixin.py:188} INFO - [2026-08-21T12:22:23.900+0000] {dagbag.py:538} INFO - Filling up the DagBag from /home/airflow/.local/lib/python3.8/site-packages/airflow/example_dags/example_trigger_controller_dag.py
[2026-08-21T12:22:23.909+0000] {processor.py:840} INFO - DAG(s) 'example_trigger_controller_dag' retrieved from /home/airflow/.local/lib/python3.8/site-packages/airflow/example_dags/example_trigger_controller_dag.py
[2026-08-21T12:22:23.932+0000] {logging_mixin.py:188} INFO - [2026-08-21T12:22:23.932+0000] {dag.py:3036} INFO - Sync 1 DAGs
[2026-08-21T12:22:23.953+0000] {logging_mixin.py:188} INFO - [2026-08-21T12:22:23.953+0000] {dag.py:3823} INFO - Setting next_dagrun for example_trigger_controller_dag to 2021-01-01 00:00:00+00:00, run_after=2021-01-01 00:00:00+00:00
[2026-08-21T12:22:24.013+0000] {processor.py:183} INFO - Processing /home/airflow/.local/lib/python3.8/site-packages/airflow/example_dags/example_trigger_controller_dag.py took 0.122 seconds
[2026-08-21T12:22:54.124+0000] {processor.py:161} INFO - Started process (PID=5891) to work on /home/airflow/.local/lib/python3.8/site-packages/airflow/example_dags/example_trigger_controller_dag.py
[2026-08-21T12:22:54.126+0000] {processor.py:830} INFO - Processing file /home/airflow/.local/lib/python3.8/site-packages/airflow/example_dags/example_trigger_controller_dag.py for tasks to queue
[2026-08-21T12:22:54.129+0000] {logging_mixin.py:188} INFO - [2026-08-21T12:22:54.129+0000] {dagbag.py:538} INFO - Filling up the DagBag from /home/airflow/.local/lib/python3.8/site-packages/airflow/example_dags/example_trigger_controller_dag.py
[2026-08-21T12:22:54.137+0000] {processor.py:840} INFO - DAG(s) 'example_trigger_controller_dag' retrieved from /home/airflow/.local/lib/python3.8/site-packages/airflow/example_dags/example_trigger_controller_dag.py
[2026-08-21T12:22:54.170+0000] {logging_mixin.py:188} INFO - [2026-08-21T12:22:54.170+0000] {dag.py:3036} INFO - Sync 1 DAGs
[2026-08-21T12:22:54.205+0000] {logging_mixin.py:188} INFO - [2026-08-21T12:22:54.205+0000] {dag.py:3823} INFO - Setting next_dagrun for example_trigger_controller_dag to 2021-01-01 00:00:00+00:00, run_after=2021-01-01 00:00:00+00:00
[2026-08-21T12:22:54.241+0000] {processor.py:183} INFO - Processing /home/airflow/.local/lib/python3.8/site-packages/airflow/example_dags/example_trigger_controller_dag.py took 0.122 seconds
[2026-08-21T12:23:25.526+0000] {processor.py:161} INFO - Started process (PID=5978) to work on /home/airflow/.local/lib/python3.8/site-packages/airflow/example_dags/example_trigger_controller_dag.py
[2026-08-21T12:23:25.528+0000] {processor.py:830} INFO - Processing file /home/airflow/.local/lib/python3.8/site-packages/airflow/example_dags/example_trigger_controller_dag.py for tasks to queue
[2026-08-21T12:23:25.531+0000] {logging_mixin.py:188} INFO - [2026-08-21T12:23:25.531+0000] {dagbag.py:538} INFO - Filling up the DagBag from /home/airflow/.local/lib/python3.8/site-packages/airflow/example_dags/example_trigger_controller_dag.py
[2026-08-21T12:23:25.541+0000] {processor.py:840} INFO - DAG(s) 'example_trigger_controller_dag' retrieved from /home/airflow/.local/lib/python3.8/site-packages/airflow/example_dags/example_trigger_controller_dag.py
[2026-08-21T12:23:25.572+0000] {logging_mixin.py:188} INFO - [2026-08-21T12:23:25.571+0000] {dag.py:3036} INFO - Sync 1 DAGs
[2026-08-21T12:23:25.594+0000] {logging_mixin.py:188} INFO - [2026-08-21T12:23:25.593+0000] {dag.py:3823} INFO - Setting next_dagrun for example_trigger_controller_dag to 2021-01-01 00:00:00+00:00, run_after=2021-01-01 00:00:00+00:00
[2026-08-21T12:23:25.651+0000] {processor.py:183} INFO - Processing /home/airflow/.local/lib/python3.8/site-packages/airflow/example_dags/example_trigger_controller_dag.py took 0.130 seconds
[2026-08-21T12:23:56.741+0000] {processor.py:161} INFO - Started process (PID=6065) to work on /home/airflow/.local/lib/python3.8/site-packages/airflow/example_dags/example_trigger_controller_dag.py
[2026-08-21T12:23:56.743+0000] {processor.py:830} INFO - Processing file /home/airflow/.local/lib/python3.8/site-packages/airflow/example_dags/example_trigger_controller_dag.py for tasks to queue
[2026-08-21T12:23:56.746+0000] {logging_mixin.py:188} INFO - [2026-08-21T12:23:56.746+0000] {dagbag.py:538} INFO - Filling up the DagBag from /home/airflow/.local/lib/python3.8/site-packages/airflow/example_dags/example_trigger_controller_dag.py
[2026-08-21T12:23:56.753+0000] {processor.py:840} INFO - DAG(s) 'example_trigger_controller_dag' retrieved from /home/airflow/.local/lib/python3.8/site-packages/airflow/example_dags/example_trigger_controller_dag.py
[2026-08-21T12:23:56.790+0000] {logging_mixin.py:188} INFO - [2026-08-21T12:23:56.789+0000] {dag.py:3036} INFO - Sync 1 DAGs
[2026-08-21T12:23:56.834+0000] {logging_mixin.py:188} INFO - [2026-08-21T12:23:56.834+0000] {dag.py:3823} INFO - Setting next_dagrun for example_trigger_controller_dag to 2021-01-01 00:00:00+00:00, run_after=2021-01-01 00:00:00+00:00
[2026-08-21T12:23:56.929+0000] {processor.py:183} INFO - Processing /home/airflow/.local/lib/python3.8/site-packages/airflow/example_dags/example_trigger_controller_dag.py took 0.192 seconds
[2026-08-21T12:24:28.446+0000] {processor.py:161} INFO - Started process (PID=6153) to work on /home/airflow/.local/lib/python3.8/site-packages/airflow/example_dags/example_trigger_controller_dag.py
[2026-08-21T12:24:28.447+0000] {processor.py:830} INFO - Processing file /home/airflow/.local/lib/python3.8/site-packages/airflow/example_dags/example_trigger_controller_dag.py for tasks to queue
[2026-08-21T12:24:28.450+0000] {logging_mixin.py:188} INFO - [2026-08-21T12:24:28.450+0000] {dagbag.py:538} INFO - Filling up the DagBag from /home/airflow/.local/lib/python3.8/site-packages/airflow/example_dags/example_trigger_controller_dag.py
[2026-08-21T12:24:28.455+0000] {processor.py:840} INFO - DAG(s) 'example_trigger_controller_dag' retrieved from /home/airflow/.local/lib/python3.8/site-packages/airflow/example_dags/example_trigger_controller_dag.py
[2026-08-21T12:24:28.476+0000] {logging_mixin.py:188} INFO - [2026-08-21T12:24:28.476+0000] {dag.py:3036} INFO - Sync 1 DAGs
[2026-08-21T12:24:28.497+0000] {logging_mixin.py:188} INFO - [2026-08-21T12:24:28.497+0000] {dag.py:3823} INFO - Setting next_dagrun for example_trigger_controller_dag to 2021-01-01 00:00:00+00:00, run_after=2021-01-01 00:00:00+00:00
[2026-08-21T12:24:28.595+0000] {processor.py:183} INFO - Processing /home/airflow/.local/lib/python3.8/site-packages/airflow/example_dags/example_trigger_controller_dag.py took 0.152 seconds
[2026-08-21T12:24:59.229+0000] {processor.py:161} INFO - Started process (PID=6240) to work on /home/airflow/.local/lib/python3.8/site-packages/airflow/example_dags/example_trigger_controller_dag.py
[2026-08-21T12:24:59.230+0000] {processor.py:830} INFO - Processing file /home/airflow/.local/lib/python3.8/site-packages/airflow/example_dags/example_trigger_controller_dag.py for tasks to queue
[2026-08-21T12:24:59.232+0000] {logging_mixin.py:188} INFO - [2026-08-21T12:24:59.232+0000] {dagbag.py:538} INFO - Filling up the DagBag from /home/airflow/.local/lib/python3.8/site-packages/airflow/example_dags/example_trigger_controller_dag.py
[2026-08-21T12:24:59.238+0000] {processor.py:840} INFO - DAG(s) 'example_trigger_controller_dag' retrieved from /home/airflow/.local/lib/python3.8/site-packages/airflow/example_dags/example_trigger_controller_dag.py
[2026-08-21T12:24:59.258+0000] {logging_mixin.py:188} INFO - [2026-08-21T12:24:59.258+0000] {dag.py:3036} INFO - Sync 1 DAGs
[2026-08-21T12:24:59.279+0000] {logging_mixin.py:188} INFO - [2026-08-21T12:24:59.278+0000] {dag.py:3823} INFO - Setting next_dagrun for example_trigger_controller_dag to 2021-01-01 00:00:00+00:00, run_after=2021-01-01 00:00:00+00:00
[2026-08-21T12:24:59.332+0000] {processor.py:183} INFO - Processing /home/airflow/.local/lib/python3.8/site-packages/airflow/example_dags/example_trigger_controller_dag.py took 0.107 seconds
[2026-08-21T12:25:29.670+0000] {processor.py:161} INFO - Started process (PID=6326) to work on /home/airflow/.local/lib/python3.8/site-packages/airflow/example_dags/example_trigger_controller_dag.py
[2026-08-21T12:25:29.672+0000] {processor.py:830} INFO - Processing file /home/airflow/.local/lib/python3.8/site-packages/airflow/example_dags/example_trigger_controller_dag.py for tasks to queue
[2026-08-21T12:25:29.675+0000] {logging_mixin.py:188} INFO - [2026-08-21T12:25:29.675+0000] {dagbag.py:538} INFO - Filling up the DagBag from /home/airflow/.local/lib/python3.8/site-packages/airflow/example_dags/example_trigger_controller_dag.py
[2026-08-21T12:25:29.681+0000] {processor.py:840} INFO - DAG(s) 'example_trigger_controller_dag' retrieved from /home/airflow/.local/lib/python3.8/site-packages/airflow/example_dags/example_trigger_controller_dag.py
[2026-08-21T12:25:29.707+0000] {logging_mixin.py:188} INFO - [2026-08-21T12:25:29.707+0000] {dag.py:3036} INFO - Sync 1 DAGs
[2026-08-21T12:25:29.734+0000] {logging_mixin.py:188} INFO - [2026-08-21T12:25:29.734+0000] {dag.py:3823} INFO - Setting next_dagrun for example_trigger_controller_dag to 2021-01-01 00:00:00+00:00, run_after=2021-01-01 00:00:00+00:00
[2026-08-21T12:25:29.762+0000] {processor.py:183} INFO - Processing /home/airflow/.local/lib/python3.8/site-packages/airflow/example_dags/example_trigger_controller_dag.py took 0.096 seconds
[2026-08-21T12:26:02.294+0000] {processor.py:161} INFO - Started process (PID=6415) to work on /home/airflow/.local/lib/python3.8/site-packages/airflow/example_dags/example_trigger_controller_dag.py
[2026-08-21T12:26:02.296+0000] {processor.py:830} INFO - Processing file /home/airflow/.local/lib/python3.8/site-packages/airflow/example_dags/example_trigger_controller_dag.py for tasks to queue
[2026-08-21T12:26:02.299+0000] {logging_mixin.py:188} INFO - [2026-08-21T12:26:02.298+0000] {dagbag.py:538} INFO - Filling up the DagBag from /home/airflow/.local/lib/python3.8/site-packages/airflow/example_dags/example_trigger_controller_dag.py
[2026-08-21T12:26:02.305+0000] {processor.py:840} INFO - DAG(s) 'example_trigger_controller_dag' retrieved from /home/airflow/.local/lib/python3.8/site-packages/airflow/example_dags/example_trigger_controller_dag.py
[2026-08-21T12:26:02.328+0000] {logging_mixin.py:188} INFO - [2026-08-21T12:26:02.328+0000] {dag.py:3036} INFO - Sync 1 DAGs
[2026-08-21T12:26:02.512+0000] {logging_mixin.py:188} INFO - [2026-08-21T12:26:02.511+0000] {dag.py:3823} INFO - Setting next_dagrun for example_trigger_controller_dag to 2021-01-01 00:00:00+00:00, run_after=2021-01-01 00:00:00+00:00
[2026-08-21T12:26:02.535+0000] {processor.py:183} INFO - Processing /home/airflow/.local/lib/python3.8/site-packages/airflow/example_dags/example_trigger_controller_dag.py took 0.244 seconds
[2026-08-21T12:26:33.126+0000] {processor.py:161} INFO - Started process (PID=6502) to work on /home/airflow/.local/lib/python3.8/site-packages/airflow/example_dags/example_trigger_controller_dag.py
[2026-08-21T12:26:33.128+0000] {processor.py:830} INFO - Processing file /home/airflow/.local/lib/python3.8/site-packages/airflow/example_dags/example_trigger_controller_dag.py for tasks to queue
[2026-08-21T12:26:33.130+0000] {logging_mixin.py:188} INFO - [2026-08-21T12:26:33.130+0000] {dagbag.py:538} INFO - Filling up the DagBag from /home/airflow/.local/lib/python3.8/site-packages/airflow/example_dags/example_trigger_controller_dag.py
[2026-08-21T12:26:33.135+0000] {processor.py:840} INFO - DAG(s) 'example_trigger_controller_dag' retrieved from /home/airflow/.local/lib/python3.8/site-packages/airflow/example_dags/example_trigger_controller_dag.py
[2026-08-21T12:26:33.157+0000] {logging_mixin.py:188} INFO - [2026-08-21T12:26:33.157+0000] {dag.py:3036} INFO - Sync 1 DAGs
[2026-08-21T12:26:33.179+0000] {logging_mixin.py:188} INFO - [2026-08-21T12:26:33.179+0000] {dag.py:3823} INFO - Setting next_dagrun for example_trigger_controller_dag to 2021-01-01 00:00:00+00:00, run_after=2021-01-01 00:00:00+00:00
[2026-08-21T12:26:33.372+0000] {processor.py:183} INFO - Processing /home/airflow/.local/lib/python3.8/site-packages/airflow/example_dags/example_trigger_controller_dag.py took 0.251 seconds
[2026-08-21T12:27:03.638+0000] {processor.py:161} INFO - Started process (PID=6593) to work on /home/airflow/.local/lib/python3.8/site-packages/airflow/example_dags/example_trigger_controller_dag.py
[2026-08-21T12:27:03.640+0000] {processor.py:830} INFO - Processing file /home/airflow/.local/lib/python3.8/site-packages/airflow/example_dags/example_trigger_controller_dag.py for tasks to queue
[2026-08-21T12:27:03.644+0000] {logging_mixin.py:188} INFO - [2026-08-21T12:27:03.644+0000] {dagbag.py:538} INFO - Filling up the DagBag from /home/airflow/.local/lib/python3.8/site-packages/airflow/example_dags/example_trigger_controller_dag.py
[2026-08-21T12:27:03.655+0000] {processor.py:840} INFO - DAG(s) 'example_trigger_controller_dag' retrieved from /home/airflow/.local/lib/python3.8/site-packages/airflow/example_dags/example_trigger_controller_dag.py
[2026-08-21T12:27:03.693+0000] {logging_mixin.py:188} INFO - [2026-08-21T12:27:03.692+0000] {dag.py:3036} INFO - Sync 1 DAGs
[2026-08-21T12:27:03.731+0000] {logging_mixin.py:188} INFO - [2026-08-21T12:27:03.731+0000] {dag.py:3823} INFO - Setting next_dagrun for example_trigger_controller_dag to 2021-01-01 00:00:00+00:00, run_after=2021-01-01 00:00:00+00:00
[2026-08-21T12:27:03.758+0000] {processor.py:183} INFO - Processing /home/airflow/.local/lib/python3.8/site-packages/airflow/example_dags/example_trigger_controller_dag.py took 0.125 seconds
[2026-08-21T12:27:34.146+0000] {processor.py:161} INFO - Started process (PID=6680) to work on /home/airflow/.local/lib/python3.8/site-packages/airflow/example_dags/example_trigger_controller_dag.py
[2026-08-21T12:27:34.147+0000] {processor.py:830} INFO - Processing file /home/airflow/.local/lib/python3.8/site-packages/airflow/example_dags/example_trigger_controller_dag.py for tasks to queue
[2026-08-21T12:27:34.149+0000] {logging_mixin.py:188} INFO - [2026-08-21T12:27:34.149+0000] {dagbag.py:538} INFO - Filling up the DagBag from /home/airflow/.local/lib/python3.8/site-packages/airflow/example_dags/example_trigger_controller_dag.py
[2026-08-21T12:27:34.157+0000] {processor.py:840} INFO - DAG(s) 'example_trigger_controller_dag' retrieved from /home/airflow/.local/lib/python3.8/site-packages/airflow/example_dags/example_trigger_controller_dag.py
[2026-08-21T12:27:34.183+0000] {logging_mixin.py:188} INFO - [2026-08-21T12:27:34.182+0000] {dag.py:3036} INFO - Sync 1 DAGs
[2026-08-21T12:27:34.210+0000] {logging_mixin.py:188} INFO - [2026-08-21T12:27:34.210+0000] {dag.py:3823} INFO - Setting next_dagrun for example_trigger_controller_dag to 2021-01-01 00:00:00+00:00, run_after=2021-01-01 00:00:00+00:00
[2026-08-21T12:27:34.231+0000] {processor.py:183} INFO - Processing /home/airflow/.local/lib/python3.8/site-packages/airflow/example_dags/example_trigger_controller_dag.py took 0.089 seconds
[2026-08-21T12:28:05.049+0000] {processor.py:161} INFO - Started process (PID=6767) to work on /home/airflow/.local/lib/python3.8/site-packages/airflow/example_dags/example_trigger_controller_dag.py
[2026-08-21T12:28:05.051+0000] {processor.py:830} INFO - Processing file /home/airflow/.local/lib/python3.8/site-packages/airflow/example_dags/example_trigger_controller_dag.py for tasks to queue
[2026-08-21T12:28:05.053+0000] {logging_mixin.py:188} INFO - [2026-08-21T12:28:05.052+0000] {dagbag.py:538} INFO - Filling up the DagBag from /home/airflow/.local/lib/python3.8/site-packages/airflow/example_dags/example_trigger_controller_dag.py
[2026-08-21T12:28:05.058+0000] {processor.py:840} INFO - DAG(s) 'example_trigger_controller_dag' retrieved from /home/airflow/.local/lib/python3.8/site-packages/airflow/example_dags/example_trigger_controller_dag.py
[2026-08-21T12:28:05.079+0000] {logging_mixin.py:188} INFO - [2026-08-21T12:28:05.079+0000] {dag.py:3036} INFO - Sync 1 DAGs
[2026-08-21T12:28:05.101+0000] {logging_mixin.py:188} INFO - [2026-08-21T12:28:05.101+0000] {dag.py:3823} INFO - Setting next_dagrun for example_trigger_controller_dag to 2021-01-01 00:00:00+00:00, run_after=2021-01-01 00:00:00+00:00
[2026-08-21T12:28:05.126+0000] {processor.py:183} INFO - Processing /home/airflow/.local/lib/python3.8/site-packages/airflow/example_dags/example_trigger_controller_dag.py took 0.080 seconds
[2026-08-21T12:28:35.451+0000] {processor.py:161} INFO - Started process (PID=6854) to work on /home/airflow/.local/lib/python3.8/site-packages/airflow/example_dags/example_trigger_controller_dag.py
[2026-08-21T12:28:35.454+0000] {processor.py:830} INFO - Processing file /home/airflow/.local/lib/python3.8/site-packages/airflow/example_dags/example_trigger_controller_dag.py for tasks to queue
[2026-08-21T12:28:35.461+0000] {logging_mixin.py:188} INFO - [2026-08-21T12:28:35.460+0000] {dagbag.py:538} INFO - Filling up the DagBag from /home/airflow/.local/lib/python3.8/site-packages/airflow/example_dags/example_trigger_controller_dag.py
[2026-08-21T12:28:35.466+0000] {processor.py:840} INFO - DAG(s) 'example_trigger_controller_dag' retrieved from /home/airflow/.local/lib/python3.8/site-packages/airflow/example_dags/example_trigger_controller_dag.py
[2026-08-21T12:28:35.486+0000] {logging_mixin.py:188} INFO - [2026-08-21T12:28:35.486+0000] {dag.py:3036} INFO - Sync 1 DAGs
[2026-08-21T12:28:35.507+0000] {logging_mixin.py:188} INFO - [2026-08-21T12:28:35.507+0000] {dag.py:3823} INFO - Setting next_dagrun for example_trigger_controller_dag to 2021-01-01 00:00:00+00:00, run_after=2021-01-01 00:00:00+00:00
[2026-08-21T12:28:35.526+0000] {processor.py:183} INFO - Processing /home/airflow/.local/lib/python3.8/site-packages/airflow/example_dags/example_trigger_controller_dag.py took 0.079 seconds
[2026-08-21T12:29:06.790+0000] {processor.py:161} INFO - Started process (PID=6941) to work on /home/airflow/.local/lib/python3.8/site-packages/airflow/example_dags/example_trigger_controller_dag.py
[2026-08-21T12:29:06.792+0000] {processor.py:830} INFO - Processing file /home/airflow/.local/lib/python3.8/site-packages/airflow/example_dags/example_trigger_controller_dag.py for tasks to queue
[2026-08-21T12:29:06.795+0000] {logging_mixin.py:188} INFO - [2026-08-21T12:29:06.794+0000] {dagbag.py:538} INFO - Filling up the DagBag from /home/airflow/.local/lib/python3.8/site-packages/airflow/example_dags/example_trigger_controller_dag.py
[2026-08-21T12:29:06.801+0000] {processor.py:840} INFO - DAG(s) 'example_trigger_controller_dag' retrieved from /home/airflow/.local/lib/python3.8/site-packages/airflow/example_dags/example_trigger_controller_dag.py
[2026-08-21T12:29:06.826+0000] {logging_mixin.py:188} INFO - [2026-08-21T12:29:06.825+0000] {dag.py:3036} INFO - Sync 1 DAGs
[2026-08-21T12:29:06.852+0000] {logging_mixin.py:188} INFO - [2026-08-21T12:29:06.852+0000] {dag.py:3823} INFO - Setting next_dagrun for example_trigger_controller_dag to 2021-01-01 00:00:00+00:00, run_after=2021-01-01 00:00:00+00:00
[2026-08-21T12:29:06.878+0000] {processor.py:183} INFO - Processing /home/airflow/.local/lib/python3.8/site-packages/airflow/example_dags/example_trigger_controller_dag.py took 0.092 seconds
[2026-08-21T12:29:38.093+0000] {processor.py:161} INFO - Started process (PID=7028) to work on /home/airflow/.local/lib/python3.8/site-packages/airflow/example_dags/example_trigger_controller_dag.py
[2026-08-21T12:29:38.095+0000] {processor.py:830} INFO - Processing file /home/airflow/.local/lib/python3.8/site-packages/airflow/example_dags/example_trigger_controller_dag.py for tasks to queue
[2026-08-21T12:29:38.097+0000] {logging_mixin.py:188} INFO - [2026-08-21T12:29:38.097+0000] {dagbag.py:538} INFO - Filling up the DagBag from /home/airflow/.local/lib/python3.8/site-packages/airflow/example_dags/example_trigger_controller_dag.py
[2026-08-21T12:29:38.102+0000] {processor.py:840} INFO - DAG(s) 'example_trigger_controller_dag' retrieved from /home/airflow/.local/lib/python3.8/site-packages/airflow/example_dags/example_trigger_controller_dag.py
[2026-08-21T12:29:38.128+0000] {logging_mixin.py:188} INFO - [2026-08-21T12:29:38.128+0000] {dag.py:3036} INFO - Sync 1 DAGs
[2026-08-21T12:29:38.152+0000] {logging_mixin.py:188} INFO - [2026-08-21T12:29:38.152+0000] {dag.py:3823} INFO - Setting next_dagrun for example_trigger_controller_dag to 2021-01-01 00:00:00+00:00, run_after=2021-01-01 00:00:00+00:00
[2026-08-21T12:29:38.174+0000] {processor.py:183} INFO - Processing /home/airflow/.local/lib/python3.8/site-packages/airflow/example_dags/example_trigger_controller_dag.py took 0.084 seconds
[2026-08-21T12:30:09.121+0000] {processor.py:161} INFO - Started process (PID=7115) to work on /home/airflow/.local/lib/python3.8/site-packages/airflow/example_dags/example_trigger_controller_dag.py
[2026-08-21T12:30:09.123+0000] {processor.py:830} INFO - Processing file /home/airflow/.local/lib/python3.8/site-packages/airflow/example_dags/example_trigger_controller_dag.py for tasks to queue
[2026-08-21T12:30:09.126+0000] {logging_mixin.py:188} INFO - [2026-08-21T12:30:09.125+0000] {dagbag.py:538} INFO - Filling up the DagBag from /home/airflow/.local/lib/python3.8/site-packages/airflow/example_dags/example_trigger_controller_dag.py
[2026-08-21T12:30:09.132+0000] {processor.py:840} INFO - DAG(s) 'example_trigger_controller_dag' retrieved from /home/airflow/.local/lib/python3.8/site-packages/airflow/example_dags/example_trigger_controller_dag.py
[2026-08-21T12:30:09.154+0000] {logging_mixin.py:188} INFO - [2026-08-21T12:30:09.154+0000] {dag.py:3036} INFO - Sync 1 DAGs
[2026-08-21T12:30:09.175+0000] {logging_mixin.py:188} INFO - [2026-08-21T12:30:09.174+0000] {dag.py:3823} INFO - Setting next_dagrun for example_trigger_controller_dag to 2021-01-01 00:00:00+00:00, run_after=2021-01-01 00:00:00+00:00
[2026-08-21T12:30:09.203+0000] {processor.py:183} INFO - Processing /home/airflow/.local/lib/python3.8/site-packages/airflow/example_dags/example_trigger_controller_dag.py took 0.086 seconds
[2026-08-21T12:30:39.797+0000] {processor.py:161} INFO - Started process (PID=7202) to work on /home/airflow/.local/lib/python3.8/site-packages/airflow/example_dags/example_trigger_controller_dag.py
[2026-08-21T12:30:39.799+0000] {processor.py:830} INFO - Processing file /home/airflow/.local/lib/python3.8/site-packages/airflow/example_dags/example_trigger_controller_dag.py for tasks to queue
[2026-08-21T12:30:39.801+0000] {logging_mixin.py:188} INFO - [2026-08-21T12:30:39.800+0000] {dagbag.py:538} INFO - Filling up the DagBag from /home/airflow/.local/lib/python3.8/site-packages/airflow/example_dags/example_trigger_controller_dag.py
[2026-08-21T12:30:39.807+0000] {processor.py:840} INFO - DAG(s) 'example_trigger_controller_dag' retrieved from /home/airflow/.local/lib/python3.8/site-packages/airflow/example_dags/example_trigger_controller_dag.py
[2026-08-21T12:30:39.828+0000] {logging_mixin.py:188} INFO - [2026-08-21T12:30:39.827+0000] {dag.py:3036} INFO - Sync 1 DAGs
[2026-08-21T12:30:39.850+0000] {logging_mixin.py:188} INFO - [2026-08-21T12:30:39.849+0000] {dag.py:3823} INFO - Setting next_dagrun for example_trigger_controller_dag to 2021-01-01 00:00:00+00:00, run_after=2021-01-01 00:00:00+00:00
[2026-08-21T12:30:39.872+0000] {processor.py:183} INFO - Processing /home/airflow/.local/lib/python3.8/site-packages/airflow/example_dags/example_trigger_controller_dag.py took 0.078 seconds
[2026-08-21T12:31:10.267+0000] {processor.py:161} INFO - Started process (PID=7290) to work on /home/airflow/.local/lib/python3.8/site-packages/airflow/example_dags/example_trigger_controller_dag.py
[2026-08-21T12:31:10.268+0000] {processor.py:830} INFO - Processing file /home/airflow/.local/lib/python3.8/site-packages/airflow/example_dags/example_trigger_controller_dag.py for tasks to queue
[2026-08-21T12:31:10.271+0000] {logging_mixin.py:188} INFO - [2026-08-21T12:31:10.270+0000] {dagbag.py:538} INFO - Filling up the DagBag from /home/airflow/.local/lib/python3.8/site-packages/airflow/example_dags/example_trigger_controller_dag.py
[2026-08-21T12:31:10.275+0000] {processor.py:840} INFO - DAG(s) 'example_trigger_controller_dag' retrieved from /home/airflow/.local/lib/python3.8/site-packages/airflow/example_dags/example_trigger_controller_dag.py
[2026-08-21T12:31:10.296+0000] {logging_mixin.py:188} INFO - [2026-08-21T12:31:10.295+0000] {dag.py:3036} INFO - Sync 1 DAGs
[2026-08-21T12:31:10.316+0000] {logging_mixin.py:188} INFO - [2026-08-21T12:31:10.316+0000] {dag.py:3823} INFO - Setting next_dagrun for example_trigger_controller_dag to 2021-01-01 00:00:00+00:00, run_after=2021-01-01 00:00:00+00:00
[2026-08-21T12:31:10.339+0000] {processor.py:183} INFO - Processing /home/airflow/.local/lib/python3.8/site-packages/airflow/example_dags/example_trigger_controller_dag.py took 0.075 seconds
[2026-08-21T12:31:41.027+0000] {processor.py:161} INFO - Started process (PID=7377) to work on /home/airflow/.local/lib/python3.8/site-packages/airflow/example_dags/example_trigger_controller_dag.py
[2026-08-21T12:31:41.028+0000] {processor.py:830} INFO - Processing file /home/airflow/.local/lib/python3.8/site-packages/airflow/example_dags/example_trigger_controller_dag.py for tasks to queue
[2026-08-21T12:31:41.030+0000] {logging_mixin.py:188} INFO - [2026-08-21T12:31:41.030+0000] {dagbag.py:538} INFO - Filling up the DagBag from /home/airflow/.local/lib/python3.8/site-packages/airflow/example_dags/example_trigger_controller_dag.py
[2026-08-21T12:31:41.037+0000] {processor.py:840} INFO - DAG(s) 'example_trigger_controller_dag' retrieved from /home/airflow/.local/lib/python3.8/site-packages/airflow/example_dags/example_trigger_controller_dag.py
[2026-08-21T12:31:41.063+0000] {logging_mixin.py:188} INFO - [2026-08-21T12:31:41.063+0000] {dag.py:3036} INFO - Sync 1 DAGs
[2026-08-21T12:31:41.086+0000] {logging_mixin.py:188} INFO - [2026-08-21T12:31:41.086+0000] {dag.py:3823} INFO - Setting next_dagrun for example_trigger_controller_dag to 2021-01-01 00:00:00+00:00, run_after=2021-01-01 00:00:00+00:00
[2026-08-21T12:31:41.106+0000] {processor.py:183} INFO - Processing /home/airflow/.local/lib/python3.8/site-packages/airflow/example_dags/example_trigger_controller_dag.py took 0.083 seconds
