[2026-08-21T11:42:41.460+0000] {processor.py:161} INFO - Started process (PID=145) to work on /home/airflow/.local/lib/python3.8/site-packages/airflow/example_dags/example_latest_only_with_trigger.py
[2026-08-21T11:42:41.467+0000] {processor.py:830} INFO - Processing file /home/airflow/.local/lib/python3.8/site-packages/airflow/example_dags/example_latest_only_with_trigger.py for tasks to queue
[2026-08-21T11:42:41.472+0000] {logging_mixin.py:188} INFO - [2026-08-21T11:42:41.471+0000] {dagbag.py:538} INFO - Filling up the DagBag from /home/airflow/.local/lib/python3.8/site-packages/airflow/example_dags/example_latest_only_with_trigger.py
[2026-08-21T11:42:41.504+0000] {processor.py:840} INFO - DAG(s) 'latest_only_with_trigger' retrieved from /home/airflow/.local/lib/python3.8/site-packages/airflow/example_dags/example_latest_only_with_trigger.py
[2026-08-21T11:42:42.302+0000] {logging_mixin.py:188} INFO - [2026-08-21T11:42:42.298+0000] {dag.py:3036} INFO - Sync 1 DAGs
[2026-08-21T11:42:42.399+0000] {logging_mixin.py:188} INFO - [2026-08-21T11:42:42.398+0000] {dag.py:3823} INFO - Setting next_dagrun for latest_only_with_trigger to 2026-08-21 04:00:00+00:00, run_after=2026-08-21 08:00:00+00:00
[2026-08-21T11:42:42.524+0000] {processor.py:183} INFO - Processing /home/airflow/.local/lib/python3.8/site-packages/airflow/example_dags/example_latest_only_with_trigger.py took 1.084 seconds
[2026-08-21T11:43:22.117+0000] {processor.py:161} INFO - Started process (PID=107) to work on /home/airflow/.local/lib/python3.8/site-packages/airflow/example_dags/example_latest_only_with_trigger.py
[2026-08-21T11:43:22.119+0000] {processor.py:830} INFO - Processing file /home/airflow/.local/lib/python3.8/site-packages/airflow/example_dags/example_latest_only_with_trigger.py for tasks to queue
[2026-08-21T11:43:22.123+0000] {logging_mixin.py:188} INFO - [2026-08-21T11:43:22.122+0000] {dagbag.py:538} INFO - Filling up the DagBag from /home/airflow/.local/lib/python3.8/site-packages/airflow/example_dags/example_latest_only_with_trigger.py
[2026-08-21T11:43:22.138+0000] {processor.py:840} INFO - DAG(s) 'latest_only_with_trigger' retrieved from /home/airflow/.local/lib/python3.8/site-packages/airflow/example_dags/example_latest_only_with_trigger.py
[2026-08-21T11:43:22.170+0000] {logging_mixin.py:188} INFO - [2026-08-21T11:43:22.170+0000] {dag.py:3036} INFO - Sync 1 DAGs
[2026-08-21T11:43:22.204+0000] {logging_mixin.py:188} INFO - [2026-08-21T11:43:22.203+0000] {dag.py:3823} INFO - Setting next_dagrun for latest_only_with_trigger to 2026-08-21 04:00:00+00:00, run_after=2026-08-21 08:00:00+00:00
[2026-08-21T11:43:22.234+0000] {processor.py:183} INFO - Processing /home/airflow/.local/lib/python3.8/site-packages/airflow/example_dags/example_latest_only_with_trigger.py took 0.121 seconds
[2026-08-21T11:43:52.532+0000] {processor.py:161} INFO - Started process (PID=197) to work on /home/airflow/.local/lib/python3.8/site-packages/airflow/example_dags/example_latest_only_with_trigger.py
[2026-08-21T11:43:52.533+0000] {processor.py:830} INFO - Processing file /home/airflow/.local/lib/python3.8/site-packages/airflow/example_dags/example_latest_only_with_trigger.py for tasks to queue
[2026-08-21T11:43:52.536+0000] {logging_mixin.py:188} INFO - [2026-08-21T11:43:52.536+0000] {dagbag.py:538} INFO - Filling up the DagBag from /home/airflow/.local/lib/python3.8/site-packages/airflow/example_dags/example_latest_only_with_trigger.py
[2026-08-21T11:43:52.543+0000] {processor.py:840} INFO - DAG(s) 'latest_only_with_trigger' retrieved from /home/airflow/.local/lib/python3.8/site-packages/airflow/example_dags/example_latest_only_with_trigger.py
[2026-08-21T11:43:52.572+0000] {logging_mixin.py:188} INFO - [2026-08-21T11:43:52.572+0000] {dag.py:3036} INFO - Sync 1 DAGs
[2026-08-21T11:43:52.598+0000] {logging_mixin.py:188} INFO - [2026-08-21T11:43:52.598+0000] {dag.py:3823} INFO - Setting next_dagrun for latest_only_with_trigger to 2026-08-21 04:00:00+00:00, run_after=2026-08-21 08:00:00+00:00
[2026-08-21T11:43:52.620+0000] {processor.py:183} INFO - Processing /home/airflow/.local/lib/python3.8/site-packages/airflow/example_dags/example_latest_only_with_trigger.py took 0.092 seconds
[2026-08-21T11:44:23.666+0000] {processor.py:161} INFO - Started process (PID=281) to work on /home/airflow/.local/lib/python3.8/site-packages/airflow/example_dags/example_latest_only_with_trigger.py
[2026-08-21T11:44:23.667+0000] {processor.py:830} INFO - Processing file /home/airflow/.local/lib/python3.8/site-packages/airflow/example_dags/example_latest_only_with_trigger.py for tasks to queue
[2026-08-21T11:44:23.670+0000] {logging_mixin.py:188} INFO - [2026-08-21T11:44:23.669+0000] {dagbag.py:538} INFO - Filling up the DagBag from /home/airflow/.local/lib/python3.8/site-packages/airflow/example_dags/example_latest_only_with_trigger.py
[2026-08-21T11:44:23.675+0000] {processor.py:840} INFO - DAG(s) 'latest_only_with_trigger' retrieved from /home/airflow/.local/lib/python3.8/site-packages/airflow/example_dags/example_latest_only_with_trigger.py
[2026-08-21T11:44:23.687+0000] {logging_mixin.py:188} INFO - [2026-08-21T11:44:23.687+0000] {dag.py:3036} INFO - Sync 1 DAGs
[2026-08-21T11:44:23.714+0000] {logging_mixin.py:188} INFO - [2026-08-21T11:44:23.714+0000] {dag.py:3823} INFO - Setting next_dagrun for latest_only_with_trigger to 2026-08-21 04:00:00+00:00, run_after=2026-08-21 08:00:00+00:00
[2026-08-21T11:44:23.931+0000] {processor.py:183} INFO - Processing /home/airflow/.local/lib/python3.8/site-packages/airflow/example_dags/example_latest_only_with_trigger.py took 0.269 seconds
[2026-08-21T11:44:56.000+0000] {processor.py:161} INFO - Started process (PID=367) to work on /home/airflow/.local/lib/python3.8/site-packages/airflow/example_dags/example_latest_only_with_trigger.py
[2026-08-21T11:44:56.002+0000] {processor.py:830} INFO - Processing file /home/airflow/.local/lib/python3.8/site-packages/airflow/example_dags/example_latest_only_with_trigger.py for tasks to queue
[2026-08-21T11:44:56.004+0000] {logging_mixin.py:188} INFO - [2026-08-21T11:44:56.004+0000] {dagbag.py:538} INFO - Filling up the DagBag from /home/airflow/.local/lib/python3.8/site-packages/airflow/example_dags/example_latest_only_with_trigger.py
[2026-08-21T11:44:56.010+0000] {processor.py:840} INFO - DAG(s) 'latest_only_with_trigger' retrieved from /home/airflow/.local/lib/python3.8/site-packages/airflow/example_dags/example_latest_only_with_trigger.py
[2026-08-21T11:44:56.025+0000] {logging_mixin.py:188} INFO - [2026-08-21T11:44:56.025+0000] {dag.py:3036} INFO - Sync 1 DAGs
[2026-08-21T11:44:56.050+0000] {logging_mixin.py:188} INFO - [2026-08-21T11:44:56.050+0000] {dag.py:3823} INFO - Setting next_dagrun for latest_only_with_trigger to 2026-08-21 04:00:00+00:00, run_after=2026-08-21 08:00:00+00:00
[2026-08-21T11:44:56.597+0000] {processor.py:183} INFO - Processing /home/airflow/.local/lib/python3.8/site-packages/airflow/example_dags/example_latest_only_with_trigger.py took 0.600 seconds
[2026-08-21T11:45:27.133+0000] {processor.py:161} INFO - Started process (PID=466) to work on /home/airflow/.local/lib/python3.8/site-packages/airflow/example_dags/example_latest_only_with_trigger.py
[2026-08-21T11:45:27.134+0000] {processor.py:830} INFO - Processing file /home/airflow/.local/lib/python3.8/site-packages/airflow/example_dags/example_latest_only_with_trigger.py for tasks to queue
[2026-08-21T11:45:27.136+0000] {logging_mixin.py:188} INFO - [2026-08-21T11:45:27.136+0000] {dagbag.py:538} INFO - Filling up the DagBag from /home/airflow/.local/lib/python3.8/site-packages/airflow/example_dags/example_latest_only_with_trigger.py
[2026-08-21T11:45:27.142+0000] {processor.py:840} INFO - DAG(s) 'latest_only_with_trigger' retrieved from /home/airflow/.local/lib/python3.8/site-packages/airflow/example_dags/example_latest_only_with_trigger.py
[2026-08-21T11:45:27.232+0000] {logging_mixin.py:188} INFO - [2026-08-21T11:45:27.231+0000] {dag.py:3036} INFO - Sync 1 DAGs
[2026-08-21T11:45:27.253+0000] {logging_mixin.py:188} INFO - [2026-08-21T11:45:27.253+0000] {dag.py:3823} INFO - Setting next_dagrun for latest_only_with_trigger to 2026-08-21 04:00:00+00:00, run_after=2026-08-21 08:00:00+00:00
[2026-08-21T11:45:27.861+0000] {processor.py:183} INFO - Processing /home/airflow/.local/lib/python3.8/site-packages/airflow/example_dags/example_latest_only_with_trigger.py took 0.732 seconds
[2026-08-21T11:45:58.621+0000] {processor.py:161} INFO - Started process (PID=552) to work on /home/airflow/.local/lib/python3.8/site-packages/airflow/example_dags/example_latest_only_with_trigger.py
[2026-08-21T11:45:58.623+0000] {processor.py:830} INFO - Processing file /home/airflow/.local/lib/python3.8/site-packages/airflow/example_dags/example_latest_only_with_trigger.py for tasks to queue
[2026-08-21T11:45:58.626+0000] {logging_mixin.py:188} INFO - [2026-08-21T11:45:58.625+0000] {dagbag.py:538} INFO - Filling up the DagBag from /home/airflow/.local/lib/python3.8/site-packages/airflow/example_dags/example_latest_only_with_trigger.py
[2026-08-21T11:45:58.632+0000] {processor.py:840} INFO - DAG(s) 'latest_only_with_trigger' retrieved from /home/airflow/.local/lib/python3.8/site-packages/airflow/example_dags/example_latest_only_with_trigger.py
[2026-08-21T11:45:58.647+0000] {logging_mixin.py:188} INFO - [2026-08-21T11:45:58.647+0000] {dag.py:3036} INFO - Sync 1 DAGs
[2026-08-21T11:45:58.672+0000] {logging_mixin.py:188} INFO - [2026-08-21T11:45:58.672+0000] {dag.py:3823} INFO - Setting next_dagrun for latest_only_with_trigger to 2026-08-21 04:00:00+00:00, run_after=2026-08-21 08:00:00+00:00
[2026-08-21T11:45:58.694+0000] {processor.py:183} INFO - Processing /home/airflow/.local/lib/python3.8/site-packages/airflow/example_dags/example_latest_only_with_trigger.py took 0.077 seconds
[2026-08-21T11:46:29.156+0000] {processor.py:161} INFO - Started process (PID=643) to work on /home/airflow/.local/lib/python3.8/site-packages/airflow/example_dags/example_latest_only_with_trigger.py
[2026-08-21T11:46:29.157+0000] {processor.py:830} INFO - Processing file /home/airflow/.local/lib/python3.8/site-packages/airflow/example_dags/example_latest_only_with_trigger.py for tasks to queue
[2026-08-21T11:46:29.159+0000] {logging_mixin.py:188} INFO - [2026-08-21T11:46:29.159+0000] {dagbag.py:538} INFO - Filling up the DagBag from /home/airflow/.local/lib/python3.8/site-packages/airflow/example_dags/example_latest_only_with_trigger.py
[2026-08-21T11:46:29.165+0000] {processor.py:840} INFO - DAG(s) 'latest_only_with_trigger' retrieved from /home/airflow/.local/lib/python3.8/site-packages/airflow/example_dags/example_latest_only_with_trigger.py
[2026-08-21T11:46:29.176+0000] {logging_mixin.py:188} INFO - [2026-08-21T11:46:29.176+0000] {dag.py:3036} INFO - Sync 1 DAGs
[2026-08-21T11:46:29.198+0000] {logging_mixin.py:188} INFO - [2026-08-21T11:46:29.197+0000] {dag.py:3823} INFO - Setting next_dagrun for latest_only_with_trigger to 2026-08-21 04:00:00+00:00, run_after=2026-08-21 08:00:00+00:00
[2026-08-21T11:46:29.289+0000] {processor.py:183} INFO - Processing /home/airflow/.local/lib/python3.8/site-packages/airflow/example_dags/example_latest_only_with_trigger.py took 0.137 seconds
[2026-08-21T11:46:59.664+0000] {processor.py:161} INFO - Started process (PID=728) to work on /home/airflow/.local/lib/python3.8/site-packages/airflow/example_dags/example_latest_only_with_trigger.py
[2026-08-21T11:46:59.665+0000] {processor.py:830} INFO - Processing file /home/airflow/.local/lib/python3.8/site-packages/airflow/example_dags/example_latest_only_with_trigger.py for tasks to queue
[2026-08-21T11:46:59.667+0000] {logging_mixin.py:188} INFO - [2026-08-21T11:46:59.667+0000] {dagbag.py:538} INFO - Filling up the DagBag from /home/airflow/.local/lib/python3.8/site-packages/airflow/example_dags/example_latest_only_with_trigger.py
[2026-08-21T11:46:59.673+0000] {processor.py:840} INFO - DAG(s) 'latest_only_with_trigger' retrieved from /home/airflow/.local/lib/python3.8/site-packages/airflow/example_dags/example_latest_only_with_trigger.py
[2026-08-21T11:46:59.774+0000] {logging_mixin.py:188} INFO - [2026-08-21T11:46:59.773+0000] {dag.py:3036} INFO - Sync 1 DAGs
[2026-08-21T11:46:59.794+0000] {logging_mixin.py:188} INFO - [2026-08-21T11:46:59.794+0000] {dag.py:3823} INFO - Setting next_dagrun for latest_only_with_trigger to 2026-08-21 04:00:00+00:00, run_after=2026-08-21 08:00:00+00:00
[2026-08-21T11:47:00.012+0000] {processor.py:183} INFO - Processing /home/airflow/.local/lib/python3.8/site-packages/airflow/example_dags/example_latest_only_with_trigger.py took 0.352 seconds
[2026-08-21T11:47:30.106+0000] {processor.py:161} INFO - Started process (PID=813) to work on /home/airflow/.local/lib/python3.8/site-packages/airflow/example_dags/example_latest_only_with_trigger.py
[2026-08-21T11:47:30.107+0000] {processor.py:830} INFO - Processing file /home/airflow/.local/lib/python3.8/site-packages/airflow/example_dags/example_latest_only_with_trigger.py for tasks to queue
[2026-08-21T11:47:30.109+0000] {logging_mixin.py:188} INFO - [2026-08-21T11:47:30.109+0000] {dagbag.py:538} INFO - Filling up the DagBag from /home/airflow/.local/lib/python3.8/site-packages/airflow/example_dags/example_latest_only_with_trigger.py
[2026-08-21T11:47:30.116+0000] {processor.py:840} INFO - DAG(s) 'latest_only_with_trigger' retrieved from /home/airflow/.local/lib/python3.8/site-packages/airflow/example_dags/example_latest_only_with_trigger.py
[2026-08-21T11:47:30.139+0000] {logging_mixin.py:188} INFO - [2026-08-21T11:47:30.138+0000] {dag.py:3036} INFO - Sync 1 DAGs
[2026-08-21T11:47:30.159+0000] {logging_mixin.py:188} INFO - [2026-08-21T11:47:30.159+0000] {dag.py:3823} INFO - Setting next_dagrun for latest_only_with_trigger to 2026-08-21 04:00:00+00:00, run_after=2026-08-21 08:00:00+00:00
[2026-08-21T11:47:30.217+0000] {processor.py:183} INFO - Processing /home/airflow/.local/lib/python3.8/site-packages/airflow/example_dags/example_latest_only_with_trigger.py took 0.115 seconds
[2026-08-21T11:48:00.381+0000] {processor.py:161} INFO - Started process (PID=899) to work on /home/airflow/.local/lib/python3.8/site-packages/airflow/example_dags/example_latest_only_with_trigger.py
[2026-08-21T11:48:00.382+0000] {processor.py:830} INFO - Processing file /home/airflow/.local/lib/python3.8/site-packages/airflow/example_dags/example_latest_only_with_trigger.py for tasks to queue
[2026-08-21T11:48:00.384+0000] {logging_mixin.py:188} INFO - [2026-08-21T11:48:00.384+0000] {dagbag.py:538} INFO - Filling up the DagBag from /home/airflow/.local/lib/python3.8/site-packages/airflow/example_dags/example_latest_only_with_trigger.py
[2026-08-21T11:48:00.390+0000] {processor.py:840} INFO - DAG(s) 'latest_only_with_trigger' retrieved from /home/airflow/.local/lib/python3.8/site-packages/airflow/example_dags/example_latest_only_with_trigger.py
[2026-08-21T11:48:00.412+0000] {logging_mixin.py:188} INFO - [2026-08-21T11:48:00.412+0000] {dag.py:3036} INFO - Sync 1 DAGs
[2026-08-21T11:48:00.433+0000] {logging_mixin.py:188} INFO - [2026-08-21T11:48:00.433+0000] {dag.py:3823} INFO - Setting next_dagrun for latest_only_with_trigger to 2026-08-21 04:00:00+00:00, run_after=2026-08-21 08:00:00+00:00
[2026-08-21T11:48:00.453+0000] {processor.py:183} INFO - Processing /home/airflow/.local/lib/python3.8/site-packages/airflow/example_dags/example_latest_only_with_trigger.py took 0.076 seconds
[2026-08-21T11:48:44.701+0000] {processor.py:161} INFO - Started process (PID=82) to work on /home/airflow/.local/lib/python3.8/site-packages/airflow/example_dags/example_latest_only_with_trigger.py
[2026-08-21T11:48:44.702+0000] {processor.py:830} INFO - Processing file /home/airflow/.local/lib/python3.8/site-packages/airflow/example_dags/example_latest_only_with_trigger.py for tasks to queue
[2026-08-21T11:48:44.704+0000] {logging_mixin.py:188} INFO - [2026-08-21T11:48:44.704+0000] {dagbag.py:538} INFO - Filling up the DagBag from /home/airflow/.local/lib/python3.8/site-packages/airflow/example_dags/example_latest_only_with_trigger.py
[2026-08-21T11:48:44.712+0000] {processor.py:840} INFO - DAG(s) 'latest_only_with_trigger' retrieved from /home/airflow/.local/lib/python3.8/site-packages/airflow/example_dags/example_latest_only_with_trigger.py
[2026-08-21T11:48:44.734+0000] {logging_mixin.py:188} INFO - [2026-08-21T11:48:44.734+0000] {dag.py:3036} INFO - Sync 1 DAGs
[2026-08-21T11:48:44.754+0000] {logging_mixin.py:188} INFO - [2026-08-21T11:48:44.754+0000] {dag.py:3823} INFO - Setting next_dagrun for latest_only_with_trigger to 2026-08-21 04:00:00+00:00, run_after=2026-08-21 08:00:00+00:00
[2026-08-21T11:48:44.809+0000] {processor.py:183} INFO - Processing /home/airflow/.local/lib/python3.8/site-packages/airflow/example_dags/example_latest_only_with_trigger.py took 0.111 seconds
[2026-08-21T11:49:16.224+0000] {processor.py:161} INFO - Started process (PID=170) to work on /home/airflow/.local/lib/python3.8/site-packages/airflow/example_dags/example_latest_only_with_trigger.py
[2026-08-21T11:49:16.225+0000] {processor.py:830} INFO - Processing file /home/airflow/.local/lib/python3.8/site-packages/airflow/example_dags/example_latest_only_with_trigger.py for tasks to queue
[2026-08-21T11:49:16.227+0000] {logging_mixin.py:188} INFO - [2026-08-21T11:49:16.227+0000] {dagbag.py:538} INFO - Filling up the DagBag from /home/airflow/.local/lib/python3.8/site-packages/airflow/example_dags/example_latest_only_with_trigger.py
[2026-08-21T11:49:16.235+0000] {processor.py:840} INFO - DAG(s) 'latest_only_with_trigger' retrieved from /home/airflow/.local/lib/python3.8/site-packages/airflow/example_dags/example_latest_only_with_trigger.py
[2026-08-21T11:49:16.259+0000] {logging_mixin.py:188} INFO - [2026-08-21T11:49:16.259+0000] {dag.py:3036} INFO - Sync 1 DAGs
[2026-08-21T11:49:16.283+0000] {logging_mixin.py:188} INFO - [2026-08-21T11:49:16.283+0000] {dag.py:3823} INFO - Setting next_dagrun for latest_only_with_trigger to 2026-08-21 04:00:00+00:00, run_after=2026-08-21 08:00:00+00:00
[2026-08-21T11:49:16.339+0000] {processor.py:183} INFO - Processing /home/airflow/.local/lib/python3.8/site-packages/airflow/example_dags/example_latest_only_with_trigger.py took 0.119 seconds
[2026-08-21T11:49:47.105+0000] {processor.py:161} INFO - Started process (PID=259) to work on /home/airflow/.local/lib/python3.8/site-packages/airflow/example_dags/example_latest_only_with_trigger.py
[2026-08-21T11:49:47.106+0000] {processor.py:830} INFO - Processing file /home/airflow/.local/lib/python3.8/site-packages/airflow/example_dags/example_latest_only_with_trigger.py for tasks to queue
[2026-08-21T11:49:47.108+0000] {logging_mixin.py:188} INFO - [2026-08-21T11:49:47.108+0000] {dagbag.py:538} INFO - Filling up the DagBag from /home/airflow/.local/lib/python3.8/site-packages/airflow/example_dags/example_latest_only_with_trigger.py
[2026-08-21T11:49:47.114+0000] {processor.py:840} INFO - DAG(s) 'latest_only_with_trigger' retrieved from /home/airflow/.local/lib/python3.8/site-packages/airflow/example_dags/example_latest_only_with_trigger.py
[2026-08-21T11:49:47.137+0000] {logging_mixin.py:188} INFO - [2026-08-21T11:49:47.137+0000] {dag.py:3036} INFO - Sync 1 DAGs
[2026-08-21T11:49:47.161+0000] {logging_mixin.py:188} INFO - [2026-08-21T11:49:47.161+0000] {dag.py:3823} INFO - Setting next_dagrun for latest_only_with_trigger to 2026-08-21 04:00:00+00:00, run_after=2026-08-21 08:00:00+00:00
[2026-08-21T11:49:47.181+0000] {processor.py:183} INFO - Processing /home/airflow/.local/lib/python3.8/site-packages/airflow/example_dags/example_latest_only_with_trigger.py took 0.081 seconds
[2026-08-21T11:50:17.998+0000] {processor.py:161} INFO - Started process (PID=347) to work on /home/airflow/.local/lib/python3.8/site-packages/airflow/example_dags/example_latest_only_with_trigger.py
[2026-08-21T11:50:17.999+0000] {processor.py:830} INFO - Processing file /home/airflow/.local/lib/python3.8/site-packages/airflow/example_dags/example_latest_only_with_trigger.py for tasks to queue
[2026-08-21T11:50:18.001+0000] {logging_mixin.py:188} INFO - [2026-08-21T11:50:18.001+0000] {dagbag.py:538} INFO - Filling up the DagBag from /home/airflow/.local/lib/python3.8/site-packages/airflow/example_dags/example_latest_only_with_trigger.py
[2026-08-21T11:50:18.007+0000] {processor.py:840} INFO - DAG(s) 'latest_only_with_trigger' retrieved from /home/airflow/.local/lib/python3.8/site-packages/airflow/example_dags/example_latest_only_with_trigger.py
[2026-08-21T11:50:18.028+0000] {logging_mixin.py:188} INFO - [2026-08-21T11:50:18.028+0000] {dag.py:3036} INFO - Sync 1 DAGs
[2026-08-21T11:50:18.046+0000] {logging_mixin.py:188} INFO - [2026-08-21T11:50:18.046+0000] {dag.py:3823} INFO - Setting next_dagrun for latest_only_with_trigger to 2026-08-21 04:00:00+00:00, run_after=2026-08-21 08:00:00+00:00
[2026-08-21T11:50:18.064+0000] {processor.py:183} INFO - Processing /home/airflow/.local/lib/python3.8/site-packages/airflow/example_dags/example_latest_only_with_trigger.py took 0.070 seconds
[2026-08-21T11:50:49.381+0000] {processor.py:161} INFO - Started process (PID=435) to work on /home/airflow/.local/lib/python3.8/site-packages/airflow/example_dags/example_latest_only_with_trigger.py
[2026-08-21T11:50:49.382+0000] {processor.py:830} INFO - Processing file /home/airflow/.local/lib/python3.8/site-packages/airflow/example_dags/example_latest_only_with_trigger.py for tasks to queue
[2026-08-21T11:50:49.385+0000] {logging_mixin.py:188} INFO - [2026-08-21T11:50:49.384+0000] {dagbag.py:538} INFO - Filling up the DagBag from /home/airflow/.local/lib/python3.8/site-packages/airflow/example_dags/example_latest_only_with_trigger.py
[2026-08-21T11:50:49.393+0000] {processor.py:840} INFO - DAG(s) 'latest_only_with_trigger' retrieved from /home/airflow/.local/lib/python3.8/site-packages/airflow/example_dags/example_latest_only_with_trigger.py
[2026-08-21T11:50:49.421+0000] {logging_mixin.py:188} INFO - [2026-08-21T11:50:49.421+0000] {dag.py:3036} INFO - Sync 1 DAGs
[2026-08-21T11:50:49.449+0000] {logging_mixin.py:188} INFO - [2026-08-21T11:50:49.449+0000] {dag.py:3823} INFO - Setting next_dagrun for latest_only_with_trigger to 2026-08-21 04:00:00+00:00, run_after=2026-08-21 08:00:00+00:00
[2026-08-21T11:50:49.471+0000] {processor.py:183} INFO - Processing /home/airflow/.local/lib/python3.8/site-packages/airflow/example_dags/example_latest_only_with_trigger.py took 0.097 seconds
[2026-08-21T11:51:19.736+0000] {processor.py:161} INFO - Started process (PID=524) to work on /home/airflow/.local/lib/python3.8/site-packages/airflow/example_dags/example_latest_only_with_trigger.py
[2026-08-21T11:51:19.737+0000] {processor.py:830} INFO - Processing file /home/airflow/.local/lib/python3.8/site-packages/airflow/example_dags/example_latest_only_with_trigger.py for tasks to queue
[2026-08-21T11:51:19.739+0000] {logging_mixin.py:188} INFO - [2026-08-21T11:51:19.739+0000] {dagbag.py:538} INFO - Filling up the DagBag from /home/airflow/.local/lib/python3.8/site-packages/airflow/example_dags/example_latest_only_with_trigger.py
[2026-08-21T11:51:19.745+0000] {processor.py:840} INFO - DAG(s) 'latest_only_with_trigger' retrieved from /home/airflow/.local/lib/python3.8/site-packages/airflow/example_dags/example_latest_only_with_trigger.py
[2026-08-21T11:51:19.766+0000] {logging_mixin.py:188} INFO - [2026-08-21T11:51:19.766+0000] {dag.py:3036} INFO - Sync 1 DAGs
[2026-08-21T11:51:19.787+0000] {logging_mixin.py:188} INFO - [2026-08-21T11:51:19.787+0000] {dag.py:3823} INFO - Setting next_dagrun for latest_only_with_trigger to 2026-08-21 04:00:00+00:00, run_after=2026-08-21 08:00:00+00:00
[2026-08-21T11:51:19.805+0000] {processor.py:183} INFO - Processing /home/airflow/.local/lib/python3.8/site-packages/airflow/example_dags/example_latest_only_with_trigger.py took 0.072 seconds
[2026-08-21T11:51:50.140+0000] {processor.py:161} INFO - Started process (PID=611) to work on /home/airflow/.local/lib/python3.8/site-packages/airflow/example_dags/example_latest_only_with_trigger.py
[2026-08-21T11:51:50.141+0000] {processor.py:830} INFO - Processing file /home/airflow/.local/lib/python3.8/site-packages/airflow/example_dags/example_latest_only_with_trigger.py for tasks to queue
[2026-08-21T11:51:50.143+0000] {logging_mixin.py:188} INFO - [2026-08-21T11:51:50.143+0000] {dagbag.py:538} INFO - Filling up the DagBag from /home/airflow/.local/lib/python3.8/site-packages/airflow/example_dags/example_latest_only_with_trigger.py
[2026-08-21T11:51:50.149+0000] {processor.py:840} INFO - DAG(s) 'latest_only_with_trigger' retrieved from /home/airflow/.local/lib/python3.8/site-packages/airflow/example_dags/example_latest_only_with_trigger.py
[2026-08-21T11:51:50.172+0000] {logging_mixin.py:188} INFO - [2026-08-21T11:51:50.172+0000] {dag.py:3036} INFO - Sync 1 DAGs
[2026-08-21T11:51:50.194+0000] {logging_mixin.py:188} INFO - [2026-08-21T11:51:50.193+0000] {dag.py:3823} INFO - Setting next_dagrun for latest_only_with_trigger to 2026-08-21 04:00:00+00:00, run_after=2026-08-21 08:00:00+00:00
[2026-08-21T11:51:50.212+0000] {processor.py:183} INFO - Processing /home/airflow/.local/lib/python3.8/site-packages/airflow/example_dags/example_latest_only_with_trigger.py took 0.076 seconds
[2026-08-21T11:52:21.296+0000] {processor.py:161} INFO - Started process (PID=699) to work on /home/airflow/.local/lib/python3.8/site-packages/airflow/example_dags/example_latest_only_with_trigger.py
[2026-08-21T11:52:21.297+0000] {processor.py:830} INFO - Processing file /home/airflow/.local/lib/python3.8/site-packages/airflow/example_dags/example_latest_only_with_trigger.py for tasks to queue
[2026-08-21T11:52:21.299+0000] {logging_mixin.py:188} INFO - [2026-08-21T11:52:21.299+0000] {dagbag.py:538} INFO - Filling up the DagBag from /home/airflow/.local/lib/python3.8/site-packages/airflow/example_dags/example_latest_only_with_trigger.py
[2026-08-21T11:52:21.309+0000] {processor.py:840} INFO - DAG(s) 'latest_only_with_trigger' retrieved from /home/airflow/.local/lib/python3.8/site-packages/airflow/example_dags/example_latest_only_with_trigger.py
[2026-08-21T11:52:21.335+0000] {logging_mixin.py:188} INFO - [2026-08-21T11:52:21.335+0000] {dag.py:3036} INFO - Sync 1 DAGs
[2026-08-21T11:52:21.364+0000] {logging_mixin.py:188} INFO - [2026-08-21T11:52:21.364+0000] {dag.py:3823} INFO - Setting next_dagrun for latest_only_with_trigger to 2026-08-21 04:00:00+00:00, run_after=2026-08-21 08:00:00+00:00
[2026-08-21T11:52:21.387+0000] {processor.py:183} INFO - Processing /home/airflow/.local/lib/python3.8/site-packages/airflow/example_dags/example_latest_only_with_trigger.py took 0.098 seconds
[2026-08-21T11:52:51.850+0000] {processor.py:161} INFO - Started process (PID=787) to work on /home/airflow/.local/lib/python3.8/site-packages/airflow/example_dags/example_latest_only_with_trigger.py
[2026-08-21T11:52:51.851+0000] {processor.py:830} INFO - Processing file /home/airflow/.local/lib/python3.8/site-packages/airflow/example_dags/example_latest_only_with_trigger.py for tasks to queue
[2026-08-21T11:52:51.854+0000] {logging_mixin.py:188} INFO - [2026-08-21T11:52:51.853+0000] {dagbag.py:538} INFO - Filling up the DagBag from /home/airflow/.local/lib/python3.8/site-packages/airflow/example_dags/example_latest_only_with_trigger.py
[2026-08-21T11:52:51.860+0000] {processor.py:840} INFO - DAG(s) 'latest_only_with_trigger' retrieved from /home/airflow/.local/lib/python3.8/site-packages/airflow/example_dags/example_latest_only_with_trigger.py
[2026-08-21T11:52:51.886+0000] {logging_mixin.py:188} INFO - [2026-08-21T11:52:51.886+0000] {dag.py:3036} INFO - Sync 1 DAGs
[2026-08-21T11:52:51.907+0000] {logging_mixin.py:188} INFO - [2026-08-21T11:52:51.907+0000] {dag.py:3823} INFO - Setting next_dagrun for latest_only_with_trigger to 2026-08-21 04:00:00+00:00, run_after=2026-08-21 08:00:00+00:00
[2026-08-21T11:52:51.924+0000] {processor.py:183} INFO - Processing /home/airflow/.local/lib/python3.8/site-packages/airflow/example_dags/example_latest_only_with_trigger.py took 0.077 seconds
[2026-08-21T11:53:22.454+0000] {processor.py:161} INFO - Started process (PID=875) to work on /home/airflow/.local/lib/python3.8/site-packages/airflow/example_dags/example_latest_only_with_trigger.py
[2026-08-21T11:53:22.455+0000] {processor.py:830} INFO - Processing file /home/airflow/.local/lib/python3.8/site-packages/airflow/example_dags/example_latest_only_with_trigger.py for tasks to queue
[2026-08-21T11:53:22.457+0000] {logging_mixin.py:188} INFO - [2026-08-21T11:53:22.456+0000] {dagbag.py:538} INFO - Filling up the DagBag from /home/airflow/.local/lib/python3.8/site-packages/airflow/example_dags/example_latest_only_with_trigger.py
[2026-08-21T11:53:22.462+0000] {processor.py:840} INFO - DAG(s) 'latest_only_with_trigger' retrieved from /home/airflow/.local/lib/python3.8/site-packages/airflow/example_dags/example_latest_only_with_trigger.py
[2026-08-21T11:53:22.482+0000] {logging_mixin.py:188} INFO - [2026-08-21T11:53:22.482+0000] {dag.py:3036} INFO - Sync 1 DAGs
[2026-08-21T11:53:22.503+0000] {logging_mixin.py:188} INFO - [2026-08-21T11:53:22.503+0000] {dag.py:3823} INFO - Setting next_dagrun for latest_only_with_trigger to 2026-08-21 04:00:00+00:00, run_after=2026-08-21 08:00:00+00:00
[2026-08-21T11:53:22.521+0000] {processor.py:183} INFO - Processing /home/airflow/.local/lib/python3.8/site-packages/airflow/example_dags/example_latest_only_with_trigger.py took 0.070 seconds
[2026-08-21T11:53:54.092+0000] {processor.py:161} INFO - Started process (PID=962) to work on /home/airflow/.local/lib/python3.8/site-packages/airflow/example_dags/example_latest_only_with_trigger.py
[2026-08-21T11:53:54.094+0000] {processor.py:830} INFO - Processing file /home/airflow/.local/lib/python3.8/site-packages/airflow/example_dags/example_latest_only_with_trigger.py for tasks to queue
[2026-08-21T11:53:54.096+0000] {logging_mixin.py:188} INFO - [2026-08-21T11:53:54.096+0000] {dagbag.py:538} INFO - Filling up the DagBag from /home/airflow/.local/lib/python3.8/site-packages/airflow/example_dags/example_latest_only_with_trigger.py
[2026-08-21T11:53:54.101+0000] {processor.py:840} INFO - DAG(s) 'latest_only_with_trigger' retrieved from /home/airflow/.local/lib/python3.8/site-packages/airflow/example_dags/example_latest_only_with_trigger.py
[2026-08-21T11:53:54.121+0000] {logging_mixin.py:188} INFO - [2026-08-21T11:53:54.121+0000] {dag.py:3036} INFO - Sync 1 DAGs
[2026-08-21T11:53:54.140+0000] {logging_mixin.py:188} INFO - [2026-08-21T11:53:54.140+0000] {dag.py:3823} INFO - Setting next_dagrun for latest_only_with_trigger to 2026-08-21 04:00:00+00:00, run_after=2026-08-21 08:00:00+00:00
[2026-08-21T11:53:54.161+0000] {processor.py:183} INFO - Processing /home/airflow/.local/lib/python3.8/site-packages/airflow/example_dags/example_latest_only_with_trigger.py took 0.072 seconds
[2026-08-21T11:54:25.191+0000] {processor.py:161} INFO - Started process (PID=1049) to work on /home/airflow/.local/lib/python3.8/site-packages/airflow/example_dags/example_latest_only_with_trigger.py
[2026-08-21T11:54:25.192+0000] {processor.py:830} INFO - Processing file /home/airflow/.local/lib/python3.8/site-packages/airflow/example_dags/example_latest_only_with_trigger.py for tasks to queue
[2026-08-21T11:54:25.195+0000] {logging_mixin.py:188} INFO - [2026-08-21T11:54:25.194+0000] {dagbag.py:538} INFO - Filling up the DagBag from /home/airflow/.local/lib/python3.8/site-packages/airflow/example_dags/example_latest_only_with_trigger.py
[2026-08-21T11:54:25.201+0000] {processor.py:840} INFO - DAG(s) 'latest_only_with_trigger' retrieved from /home/airflow/.local/lib/python3.8/site-packages/airflow/example_dags/example_latest_only_with_trigger.py
[2026-08-21T11:54:25.222+0000] {logging_mixin.py:188} INFO - [2026-08-21T11:54:25.222+0000] {dag.py:3036} INFO - Sync 1 DAGs
[2026-08-21T11:54:25.242+0000] {logging_mixin.py:188} INFO - [2026-08-21T11:54:25.241+0000] {dag.py:3823} INFO - Setting next_dagrun for latest_only_with_trigger to 2026-08-21 04:00:00+00:00, run_after=2026-08-21 08:00:00+00:00
[2026-08-21T11:54:25.261+0000] {processor.py:183} INFO - Processing /home/airflow/.local/lib/python3.8/site-packages/airflow/example_dags/example_latest_only_with_trigger.py took 0.073 seconds
[2026-08-21T11:54:56.207+0000] {processor.py:161} INFO - Started process (PID=1136) to work on /home/airflow/.local/lib/python3.8/site-packages/airflow/example_dags/example_latest_only_with_trigger.py
[2026-08-21T11:54:56.208+0000] {processor.py:830} INFO - Processing file /home/airflow/.local/lib/python3.8/site-packages/airflow/example_dags/example_latest_only_with_trigger.py for tasks to queue
[2026-08-21T11:54:56.210+0000] {logging_mixin.py:188} INFO - [2026-08-21T11:54:56.210+0000] {dagbag.py:538} INFO - Filling up the DagBag from /home/airflow/.local/lib/python3.8/site-packages/airflow/example_dags/example_latest_only_with_trigger.py
[2026-08-21T11:54:56.216+0000] {processor.py:840} INFO - DAG(s) 'latest_only_with_trigger' retrieved from /home/airflow/.local/lib/python3.8/site-packages/airflow/example_dags/example_latest_only_with_trigger.py
[2026-08-21T11:54:56.239+0000] {logging_mixin.py:188} INFO - [2026-08-21T11:54:56.238+0000] {dag.py:3036} INFO - Sync 1 DAGs
[2026-08-21T11:54:56.265+0000] {logging_mixin.py:188} INFO - [2026-08-21T11:54:56.265+0000] {dag.py:3823} INFO - Setting next_dagrun for latest_only_with_trigger to 2026-08-21 04:00:00+00:00, run_after=2026-08-21 08:00:00+00:00
[2026-08-21T11:54:56.285+0000] {processor.py:183} INFO - Processing /home/airflow/.local/lib/python3.8/site-packages/airflow/example_dags/example_latest_only_with_trigger.py took 0.082 seconds
[2026-08-21T11:55:27.314+0000] {processor.py:161} INFO - Started process (PID=1224) to work on /home/airflow/.local/lib/python3.8/site-packages/airflow/example_dags/example_latest_only_with_trigger.py
[2026-08-21T11:55:27.316+0000] {processor.py:830} INFO - Processing file /home/airflow/.local/lib/python3.8/site-packages/airflow/example_dags/example_latest_only_with_trigger.py for tasks to queue
[2026-08-21T11:55:27.320+0000] {logging_mixin.py:188} INFO - [2026-08-21T11:55:27.319+0000] {dagbag.py:538} INFO - Filling up the DagBag from /home/airflow/.local/lib/python3.8/site-packages/airflow/example_dags/example_latest_only_with_trigger.py
[2026-08-21T11:55:27.326+0000] {processor.py:840} INFO - DAG(s) 'latest_only_with_trigger' retrieved from /home/airflow/.local/lib/python3.8/site-packages/airflow/example_dags/example_latest_only_with_trigger.py
[2026-08-21T11:55:27.346+0000] {logging_mixin.py:188} INFO - [2026-08-21T11:55:27.346+0000] {dag.py:3036} INFO - Sync 1 DAGs
[2026-08-21T11:55:27.366+0000] {logging_mixin.py:188} INFO - [2026-08-21T11:55:27.366+0000] {dag.py:3823} INFO - Setting next_dagrun for latest_only_with_trigger to 2026-08-21 04:00:00+00:00, run_after=2026-08-21 08:00:00+00:00
[2026-08-21T11:55:27.385+0000] {processor.py:183} INFO - Processing /home/airflow/.local/lib/python3.8/site-packages/airflow/example_dags/example_latest_only_with_trigger.py took 0.074 seconds
[2026-08-21T11:55:58.264+0000] {processor.py:161} INFO - Started process (PID=1311) to work on /home/airflow/.local/lib/python3.8/site-packages/airflow/example_dags/example_latest_only_with_trigger.py
[2026-08-21T11:55:58.265+0000] {processor.py:830} INFO - Processing file /home/airflow/.local/lib/python3.8/site-packages/airflow/example_dags/example_latest_only_with_trigger.py for tasks to queue
[2026-08-21T11:55:58.268+0000] {logging_mixin.py:188} INFO - [2026-08-21T11:55:58.267+0000] {dagbag.py:538} INFO - Filling up the DagBag from /home/airflow/.local/lib/python3.8/site-packages/airflow/example_dags/example_latest_only_with_trigger.py
[2026-08-21T11:55:58.274+0000] {processor.py:840} INFO - DAG(s) 'latest_only_with_trigger' retrieved from /home/airflow/.local/lib/python3.8/site-packages/airflow/example_dags/example_latest_only_with_trigger.py
[2026-08-21T11:55:58.301+0000] {logging_mixin.py:188} INFO - [2026-08-21T11:55:58.301+0000] {dag.py:3036} INFO - Sync 1 DAGs
[2026-08-21T11:55:58.327+0000] {logging_mixin.py:188} INFO - [2026-08-21T11:55:58.326+0000] {dag.py:3823} INFO - Setting next_dagrun for latest_only_with_trigger to 2026-08-21 04:00:00+00:00, run_after=2026-08-21 08:00:00+00:00
[2026-08-21T11:55:58.352+0000] {processor.py:183} INFO - Processing /home/airflow/.local/lib/python3.8/site-packages/airflow/example_dags/example_latest_only_with_trigger.py took 0.092 seconds
[2026-08-21T11:56:28.636+0000] {processor.py:161} INFO - Started process (PID=1398) to work on /home/airflow/.local/lib/python3.8/site-packages/airflow/example_dags/example_latest_only_with_trigger.py
[2026-08-21T11:56:28.637+0000] {processor.py:830} INFO - Processing file /home/airflow/.local/lib/python3.8/site-packages/airflow/example_dags/example_latest_only_with_trigger.py for tasks to queue
[2026-08-21T11:56:28.642+0000] {logging_mixin.py:188} INFO - [2026-08-21T11:56:28.641+0000] {dagbag.py:538} INFO - Filling up the DagBag from /home/airflow/.local/lib/python3.8/site-packages/airflow/example_dags/example_latest_only_with_trigger.py
[2026-08-21T11:56:28.648+0000] {processor.py:840} INFO - DAG(s) 'latest_only_with_trigger' retrieved from /home/airflow/.local/lib/python3.8/site-packages/airflow/example_dags/example_latest_only_with_trigger.py
[2026-08-21T11:56:28.675+0000] {logging_mixin.py:188} INFO - [2026-08-21T11:56:28.674+0000] {dag.py:3036} INFO - Sync 1 DAGs
[2026-08-21T11:56:28.710+0000] {logging_mixin.py:188} INFO - [2026-08-21T11:56:28.710+0000] {dag.py:3823} INFO - Setting next_dagrun for latest_only_with_trigger to 2026-08-21 04:00:00+00:00, run_after=2026-08-21 08:00:00+00:00
[2026-08-21T11:56:28.738+0000] {processor.py:183} INFO - Processing /home/airflow/.local/lib/python3.8/site-packages/airflow/example_dags/example_latest_only_with_trigger.py took 0.106 seconds
[2026-08-21T11:57:01.328+0000] {processor.py:161} INFO - Started process (PID=1485) to work on /home/airflow/.local/lib/python3.8/site-packages/airflow/example_dags/example_latest_only_with_trigger.py
[2026-08-21T11:57:01.330+0000] {processor.py:830} INFO - Processing file /home/airflow/.local/lib/python3.8/site-packages/airflow/example_dags/example_latest_only_with_trigger.py for tasks to queue
[2026-08-21T11:57:01.333+0000] {logging_mixin.py:188} INFO - [2026-08-21T11:57:01.332+0000] {dagbag.py:538} INFO - Filling up the DagBag from /home/airflow/.local/lib/python3.8/site-packages/airflow/example_dags/example_latest_only_with_trigger.py
[2026-08-21T11:57:01.343+0000] {processor.py:840} INFO - DAG(s) 'latest_only_with_trigger' retrieved from /home/airflow/.local/lib/python3.8/site-packages/airflow/example_dags/example_latest_only_with_trigger.py
[2026-08-21T11:57:01.374+0000] {logging_mixin.py:188} INFO - [2026-08-21T11:57:01.374+0000] {dag.py:3036} INFO - Sync 1 DAGs
[2026-08-21T11:57:01.399+0000] {logging_mixin.py:188} INFO - [2026-08-21T11:57:01.399+0000] {dag.py:3823} INFO - Setting next_dagrun for latest_only_with_trigger to 2026-08-21 04:00:00+00:00, run_after=2026-08-21 08:00:00+00:00
[2026-08-21T11:57:01.431+0000] {processor.py:183} INFO - Processing /home/airflow/.local/lib/python3.8/site-packages/airflow/example_dags/example_latest_only_with_trigger.py took 0.108 seconds
[2026-08-21T11:57:32.747+0000] {processor.py:161} INFO - Started process (PID=1573) to work on /home/airflow/.local/lib/python3.8/site-packages/airflow/example_dags/example_latest_only_with_trigger.py
[2026-08-21T11:57:32.749+0000] {processor.py:830} INFO - Processing file /home/airflow/.local/lib/python3.8/site-packages/airflow/example_dags/example_latest_only_with_trigger.py for tasks to queue
[2026-08-21T11:57:32.754+0000] {logging_mixin.py:188} INFO - [2026-08-21T11:57:32.753+0000] {dagbag.py:538} INFO - Filling up the DagBag from /home/airflow/.local/lib/python3.8/site-packages/airflow/example_dags/example_latest_only_with_trigger.py
[2026-08-21T11:57:32.766+0000] {processor.py:840} INFO - DAG(s) 'latest_only_with_trigger' retrieved from /home/airflow/.local/lib/python3.8/site-packages/airflow/example_dags/example_latest_only_with_trigger.py
[2026-08-21T11:57:32.817+0000] {logging_mixin.py:188} INFO - [2026-08-21T11:57:32.816+0000] {dag.py:3036} INFO - Sync 1 DAGs
[2026-08-21T11:57:32.869+0000] {logging_mixin.py:188} INFO - [2026-08-21T11:57:32.868+0000] {dag.py:3823} INFO - Setting next_dagrun for latest_only_with_trigger to 2026-08-21 04:00:00+00:00, run_after=2026-08-21 08:00:00+00:00
[2026-08-21T11:57:32.909+0000] {processor.py:183} INFO - Processing /home/airflow/.local/lib/python3.8/site-packages/airflow/example_dags/example_latest_only_with_trigger.py took 0.169 seconds
[2026-08-21T11:58:03.472+0000] {processor.py:161} INFO - Started process (PID=1660) to work on /home/airflow/.local/lib/python3.8/site-packages/airflow/example_dags/example_latest_only_with_trigger.py
[2026-08-21T11:58:03.473+0000] {processor.py:830} INFO - Processing file /home/airflow/.local/lib/python3.8/site-packages/airflow/example_dags/example_latest_only_with_trigger.py for tasks to queue
[2026-08-21T11:58:03.476+0000] {logging_mixin.py:188} INFO - [2026-08-21T11:58:03.476+0000] {dagbag.py:538} INFO - Filling up the DagBag from /home/airflow/.local/lib/python3.8/site-packages/airflow/example_dags/example_latest_only_with_trigger.py
[2026-08-21T11:58:03.485+0000] {processor.py:840} INFO - DAG(s) 'latest_only_with_trigger' retrieved from /home/airflow/.local/lib/python3.8/site-packages/airflow/example_dags/example_latest_only_with_trigger.py
[2026-08-21T11:58:03.504+0000] {logging_mixin.py:188} INFO - [2026-08-21T11:58:03.504+0000] {dag.py:3036} INFO - Sync 1 DAGs
[2026-08-21T11:58:03.535+0000] {logging_mixin.py:188} INFO - [2026-08-21T11:58:03.534+0000] {dag.py:3823} INFO - Setting next_dagrun for latest_only_with_trigger to 2026-08-21 04:00:00+00:00, run_after=2026-08-21 08:00:00+00:00
[2026-08-21T11:58:03.564+0000] {processor.py:183} INFO - Processing /home/airflow/.local/lib/python3.8/site-packages/airflow/example_dags/example_latest_only_with_trigger.py took 0.098 seconds
[2026-08-21T11:58:35.589+0000] {processor.py:161} INFO - Started process (PID=1747) to work on /home/airflow/.local/lib/python3.8/site-packages/airflow/example_dags/example_latest_only_with_trigger.py
[2026-08-21T11:58:35.591+0000] {processor.py:830} INFO - Processing file /home/airflow/.local/lib/python3.8/site-packages/airflow/example_dags/example_latest_only_with_trigger.py for tasks to queue
[2026-08-21T11:58:35.594+0000] {logging_mixin.py:188} INFO - [2026-08-21T11:58:35.594+0000] {dagbag.py:538} INFO - Filling up the DagBag from /home/airflow/.local/lib/python3.8/site-packages/airflow/example_dags/example_latest_only_with_trigger.py
[2026-08-21T11:58:35.602+0000] {processor.py:840} INFO - DAG(s) 'latest_only_with_trigger' retrieved from /home/airflow/.local/lib/python3.8/site-packages/airflow/example_dags/example_latest_only_with_trigger.py
[2026-08-21T11:58:35.618+0000] {logging_mixin.py:188} INFO - [2026-08-21T11:58:35.618+0000] {dag.py:3036} INFO - Sync 1 DAGs
[2026-08-21T11:58:35.658+0000] {logging_mixin.py:188} INFO - [2026-08-21T11:58:35.657+0000] {dag.py:3823} INFO - Setting next_dagrun for latest_only_with_trigger to 2026-08-21 04:00:00+00:00, run_after=2026-08-21 08:00:00+00:00
[2026-08-21T11:58:35.688+0000] {processor.py:183} INFO - Processing /home/airflow/.local/lib/python3.8/site-packages/airflow/example_dags/example_latest_only_with_trigger.py took 0.103 seconds
[2026-08-21T11:59:06.601+0000] {processor.py:161} INFO - Started process (PID=1832) to work on /home/airflow/.local/lib/python3.8/site-packages/airflow/example_dags/example_latest_only_with_trigger.py
[2026-08-21T11:59:06.602+0000] {processor.py:830} INFO - Processing file /home/airflow/.local/lib/python3.8/site-packages/airflow/example_dags/example_latest_only_with_trigger.py for tasks to queue
[2026-08-21T11:59:06.604+0000] {logging_mixin.py:188} INFO - [2026-08-21T11:59:06.604+0000] {dagbag.py:538} INFO - Filling up the DagBag from /home/airflow/.local/lib/python3.8/site-packages/airflow/example_dags/example_latest_only_with_trigger.py
[2026-08-21T11:59:06.610+0000] {processor.py:840} INFO - DAG(s) 'latest_only_with_trigger' retrieved from /home/airflow/.local/lib/python3.8/site-packages/airflow/example_dags/example_latest_only_with_trigger.py
[2026-08-21T11:59:06.700+0000] {logging_mixin.py:188} INFO - [2026-08-21T11:59:06.700+0000] {dag.py:3036} INFO - Sync 1 DAGs
[2026-08-21T11:59:06.717+0000] {logging_mixin.py:188} INFO - [2026-08-21T11:59:06.717+0000] {dag.py:3823} INFO - Setting next_dagrun for latest_only_with_trigger to 2026-08-21 04:00:00+00:00, run_after=2026-08-21 08:00:00+00:00
[2026-08-21T11:59:06.735+0000] {processor.py:183} INFO - Processing /home/airflow/.local/lib/python3.8/site-packages/airflow/example_dags/example_latest_only_with_trigger.py took 0.137 seconds
[2026-08-21T11:59:36.859+0000] {processor.py:161} INFO - Started process (PID=1919) to work on /home/airflow/.local/lib/python3.8/site-packages/airflow/example_dags/example_latest_only_with_trigger.py
[2026-08-21T11:59:36.860+0000] {processor.py:830} INFO - Processing file /home/airflow/.local/lib/python3.8/site-packages/airflow/example_dags/example_latest_only_with_trigger.py for tasks to queue
[2026-08-21T11:59:36.862+0000] {logging_mixin.py:188} INFO - [2026-08-21T11:59:36.862+0000] {dagbag.py:538} INFO - Filling up the DagBag from /home/airflow/.local/lib/python3.8/site-packages/airflow/example_dags/example_latest_only_with_trigger.py
[2026-08-21T11:59:36.868+0000] {processor.py:840} INFO - DAG(s) 'latest_only_with_trigger' retrieved from /home/airflow/.local/lib/python3.8/site-packages/airflow/example_dags/example_latest_only_with_trigger.py
[2026-08-21T11:59:36.888+0000] {logging_mixin.py:188} INFO - [2026-08-21T11:59:36.888+0000] {dag.py:3036} INFO - Sync 1 DAGs
[2026-08-21T11:59:36.907+0000] {logging_mixin.py:188} INFO - [2026-08-21T11:59:36.907+0000] {dag.py:3823} INFO - Setting next_dagrun for latest_only_with_trigger to 2026-08-21 04:00:00+00:00, run_after=2026-08-21 08:00:00+00:00
[2026-08-21T11:59:36.925+0000] {processor.py:183} INFO - Processing /home/airflow/.local/lib/python3.8/site-packages/airflow/example_dags/example_latest_only_with_trigger.py took 0.070 seconds
[2026-08-21T12:00:07.451+0000] {processor.py:161} INFO - Started process (PID=2007) to work on /home/airflow/.local/lib/python3.8/site-packages/airflow/example_dags/example_latest_only_with_trigger.py
[2026-08-21T12:00:07.452+0000] {processor.py:830} INFO - Processing file /home/airflow/.local/lib/python3.8/site-packages/airflow/example_dags/example_latest_only_with_trigger.py for tasks to queue
[2026-08-21T12:00:07.454+0000] {logging_mixin.py:188} INFO - [2026-08-21T12:00:07.454+0000] {dagbag.py:538} INFO - Filling up the DagBag from /home/airflow/.local/lib/python3.8/site-packages/airflow/example_dags/example_latest_only_with_trigger.py
[2026-08-21T12:00:07.460+0000] {processor.py:840} INFO - DAG(s) 'latest_only_with_trigger' retrieved from /home/airflow/.local/lib/python3.8/site-packages/airflow/example_dags/example_latest_only_with_trigger.py
[2026-08-21T12:00:07.483+0000] {logging_mixin.py:188} INFO - [2026-08-21T12:00:07.483+0000] {dag.py:3036} INFO - Sync 1 DAGs
[2026-08-21T12:00:07.504+0000] {logging_mixin.py:188} INFO - [2026-08-21T12:00:07.504+0000] {dag.py:3823} INFO - Setting next_dagrun for latest_only_with_trigger to 2026-08-21 08:00:00+00:00, run_after=2026-08-21 12:00:00+00:00
[2026-08-21T12:00:07.521+0000] {processor.py:183} INFO - Processing /home/airflow/.local/lib/python3.8/site-packages/airflow/example_dags/example_latest_only_with_trigger.py took 0.074 seconds
[2026-08-21T12:00:38.852+0000] {processor.py:161} INFO - Started process (PID=2094) to work on /home/airflow/.local/lib/python3.8/site-packages/airflow/example_dags/example_latest_only_with_trigger.py
[2026-08-21T12:00:38.853+0000] {processor.py:830} INFO - Processing file /home/airflow/.local/lib/python3.8/site-packages/airflow/example_dags/example_latest_only_with_trigger.py for tasks to queue
[2026-08-21T12:00:38.855+0000] {logging_mixin.py:188} INFO - [2026-08-21T12:00:38.855+0000] {dagbag.py:538} INFO - Filling up the DagBag from /home/airflow/.local/lib/python3.8/site-packages/airflow/example_dags/example_latest_only_with_trigger.py
[2026-08-21T12:00:38.862+0000] {processor.py:840} INFO - DAG(s) 'latest_only_with_trigger' retrieved from /home/airflow/.local/lib/python3.8/site-packages/airflow/example_dags/example_latest_only_with_trigger.py
[2026-08-21T12:00:38.887+0000] {logging_mixin.py:188} INFO - [2026-08-21T12:00:38.886+0000] {dag.py:3036} INFO - Sync 1 DAGs
[2026-08-21T12:00:38.911+0000] {logging_mixin.py:188} INFO - [2026-08-21T12:00:38.910+0000] {dag.py:3823} INFO - Setting next_dagrun for latest_only_with_trigger to 2026-08-21 08:00:00+00:00, run_after=2026-08-21 12:00:00+00:00
[2026-08-21T12:00:38.937+0000] {processor.py:183} INFO - Processing /home/airflow/.local/lib/python3.8/site-packages/airflow/example_dags/example_latest_only_with_trigger.py took 0.090 seconds
[2026-08-21T12:01:09.894+0000] {processor.py:161} INFO - Started process (PID=2181) to work on /home/airflow/.local/lib/python3.8/site-packages/airflow/example_dags/example_latest_only_with_trigger.py
[2026-08-21T12:01:09.896+0000] {processor.py:830} INFO - Processing file /home/airflow/.local/lib/python3.8/site-packages/airflow/example_dags/example_latest_only_with_trigger.py for tasks to queue
[2026-08-21T12:01:09.899+0000] {logging_mixin.py:188} INFO - [2026-08-21T12:01:09.898+0000] {dagbag.py:538} INFO - Filling up the DagBag from /home/airflow/.local/lib/python3.8/site-packages/airflow/example_dags/example_latest_only_with_trigger.py
[2026-08-21T12:01:09.907+0000] {processor.py:840} INFO - DAG(s) 'latest_only_with_trigger' retrieved from /home/airflow/.local/lib/python3.8/site-packages/airflow/example_dags/example_latest_only_with_trigger.py
[2026-08-21T12:01:09.933+0000] {logging_mixin.py:188} INFO - [2026-08-21T12:01:09.933+0000] {dag.py:3036} INFO - Sync 1 DAGs
[2026-08-21T12:01:09.955+0000] {logging_mixin.py:188} INFO - [2026-08-21T12:01:09.955+0000] {dag.py:3823} INFO - Setting next_dagrun for latest_only_with_trigger to 2026-08-21 08:00:00+00:00, run_after=2026-08-21 12:00:00+00:00
[2026-08-21T12:01:09.973+0000] {processor.py:183} INFO - Processing /home/airflow/.local/lib/python3.8/site-packages/airflow/example_dags/example_latest_only_with_trigger.py took 0.083 seconds
[2026-08-21T12:01:40.563+0000] {processor.py:161} INFO - Started process (PID=2268) to work on /home/airflow/.local/lib/python3.8/site-packages/airflow/example_dags/example_latest_only_with_trigger.py
[2026-08-21T12:01:40.565+0000] {processor.py:830} INFO - Processing file /home/airflow/.local/lib/python3.8/site-packages/airflow/example_dags/example_latest_only_with_trigger.py for tasks to queue
[2026-08-21T12:01:40.568+0000] {logging_mixin.py:188} INFO - [2026-08-21T12:01:40.567+0000] {dagbag.py:538} INFO - Filling up the DagBag from /home/airflow/.local/lib/python3.8/site-packages/airflow/example_dags/example_latest_only_with_trigger.py
[2026-08-21T12:01:40.575+0000] {processor.py:840} INFO - DAG(s) 'latest_only_with_trigger' retrieved from /home/airflow/.local/lib/python3.8/site-packages/airflow/example_dags/example_latest_only_with_trigger.py
[2026-08-21T12:01:40.601+0000] {logging_mixin.py:188} INFO - [2026-08-21T12:01:40.601+0000] {dag.py:3036} INFO - Sync 1 DAGs
[2026-08-21T12:01:40.623+0000] {logging_mixin.py:188} INFO - [2026-08-21T12:01:40.623+0000] {dag.py:3823} INFO - Setting next_dagrun for latest_only_with_trigger to 2026-08-21 08:00:00+00:00, run_after=2026-08-21 12:00:00+00:00
[2026-08-21T12:01:40.649+0000] {processor.py:183} INFO - Processing /home/airflow/.local/lib/python3.8/site-packages/airflow/example_dags/example_latest_only_with_trigger.py took 0.091 seconds
[2026-08-21T12:02:11.164+0000] {processor.py:161} INFO - Started process (PID=2355) to work on /home/airflow/.local/lib/python3.8/site-packages/airflow/example_dags/example_latest_only_with_trigger.py
[2026-08-21T12:02:11.165+0000] {processor.py:830} INFO - Processing file /home/airflow/.local/lib/python3.8/site-packages/airflow/example_dags/example_latest_only_with_trigger.py for tasks to queue
[2026-08-21T12:02:11.168+0000] {logging_mixin.py:188} INFO - [2026-08-21T12:02:11.167+0000] {dagbag.py:538} INFO - Filling up the DagBag from /home/airflow/.local/lib/python3.8/site-packages/airflow/example_dags/example_latest_only_with_trigger.py
[2026-08-21T12:02:11.174+0000] {processor.py:840} INFO - DAG(s) 'latest_only_with_trigger' retrieved from /home/airflow/.local/lib/python3.8/site-packages/airflow/example_dags/example_latest_only_with_trigger.py
[2026-08-21T12:02:11.195+0000] {logging_mixin.py:188} INFO - [2026-08-21T12:02:11.194+0000] {dag.py:3036} INFO - Sync 1 DAGs
[2026-08-21T12:02:11.216+0000] {logging_mixin.py:188} INFO - [2026-08-21T12:02:11.216+0000] {dag.py:3823} INFO - Setting next_dagrun for latest_only_with_trigger to 2026-08-21 08:00:00+00:00, run_after=2026-08-21 12:00:00+00:00
[2026-08-21T12:02:11.236+0000] {processor.py:183} INFO - Processing /home/airflow/.local/lib/python3.8/site-packages/airflow/example_dags/example_latest_only_with_trigger.py took 0.076 seconds
[2026-08-21T12:02:42.445+0000] {processor.py:161} INFO - Started process (PID=2442) to work on /home/airflow/.local/lib/python3.8/site-packages/airflow/example_dags/example_latest_only_with_trigger.py
[2026-08-21T12:02:42.446+0000] {processor.py:830} INFO - Processing file /home/airflow/.local/lib/python3.8/site-packages/airflow/example_dags/example_latest_only_with_trigger.py for tasks to queue
[2026-08-21T12:02:42.448+0000] {logging_mixin.py:188} INFO - [2026-08-21T12:02:42.448+0000] {dagbag.py:538} INFO - Filling up the DagBag from /home/airflow/.local/lib/python3.8/site-packages/airflow/example_dags/example_latest_only_with_trigger.py
[2026-08-21T12:02:42.454+0000] {processor.py:840} INFO - DAG(s) 'latest_only_with_trigger' retrieved from /home/airflow/.local/lib/python3.8/site-packages/airflow/example_dags/example_latest_only_with_trigger.py
[2026-08-21T12:02:42.479+0000] {logging_mixin.py:188} INFO - [2026-08-21T12:02:42.479+0000] {dag.py:3036} INFO - Sync 1 DAGs
[2026-08-21T12:02:42.501+0000] {logging_mixin.py:188} INFO - [2026-08-21T12:02:42.501+0000] {dag.py:3823} INFO - Setting next_dagrun for latest_only_with_trigger to 2026-08-21 08:00:00+00:00, run_after=2026-08-21 12:00:00+00:00
[2026-08-21T12:02:42.522+0000] {processor.py:183} INFO - Processing /home/airflow/.local/lib/python3.8/site-packages/airflow/example_dags/example_latest_only_with_trigger.py took 0.081 seconds
[2026-08-21T12:03:13.271+0000] {processor.py:161} INFO - Started process (PID=2529) to work on /home/airflow/.local/lib/python3.8/site-packages/airflow/example_dags/example_latest_only_with_trigger.py
[2026-08-21T12:03:13.272+0000] {processor.py:830} INFO - Processing file /home/airflow/.local/lib/python3.8/site-packages/airflow/example_dags/example_latest_only_with_trigger.py for tasks to queue
[2026-08-21T12:03:13.274+0000] {logging_mixin.py:188} INFO - [2026-08-21T12:03:13.274+0000] {dagbag.py:538} INFO - Filling up the DagBag from /home/airflow/.local/lib/python3.8/site-packages/airflow/example_dags/example_latest_only_with_trigger.py
[2026-08-21T12:03:13.280+0000] {processor.py:840} INFO - DAG(s) 'latest_only_with_trigger' retrieved from /home/airflow/.local/lib/python3.8/site-packages/airflow/example_dags/example_latest_only_with_trigger.py
[2026-08-21T12:03:13.301+0000] {logging_mixin.py:188} INFO - [2026-08-21T12:03:13.300+0000] {dag.py:3036} INFO - Sync 1 DAGs
[2026-08-21T12:03:13.320+0000] {logging_mixin.py:188} INFO - [2026-08-21T12:03:13.320+0000] {dag.py:3823} INFO - Setting next_dagrun for latest_only_with_trigger to 2026-08-21 08:00:00+00:00, run_after=2026-08-21 12:00:00+00:00
[2026-08-21T12:03:13.339+0000] {processor.py:183} INFO - Processing /home/airflow/.local/lib/python3.8/site-packages/airflow/example_dags/example_latest_only_with_trigger.py took 0.071 seconds
[2026-08-21T12:03:44.257+0000] {processor.py:161} INFO - Started process (PID=2622) to work on /home/airflow/.local/lib/python3.8/site-packages/airflow/example_dags/example_latest_only_with_trigger.py
[2026-08-21T12:03:44.258+0000] {processor.py:830} INFO - Processing file /home/airflow/.local/lib/python3.8/site-packages/airflow/example_dags/example_latest_only_with_trigger.py for tasks to queue
[2026-08-21T12:03:44.260+0000] {logging_mixin.py:188} INFO - [2026-08-21T12:03:44.260+0000] {dagbag.py:538} INFO - Filling up the DagBag from /home/airflow/.local/lib/python3.8/site-packages/airflow/example_dags/example_latest_only_with_trigger.py
[2026-08-21T12:03:44.266+0000] {processor.py:840} INFO - DAG(s) 'latest_only_with_trigger' retrieved from /home/airflow/.local/lib/python3.8/site-packages/airflow/example_dags/example_latest_only_with_trigger.py
[2026-08-21T12:03:44.287+0000] {logging_mixin.py:188} INFO - [2026-08-21T12:03:44.287+0000] {dag.py:3036} INFO - Sync 1 DAGs
[2026-08-21T12:03:44.307+0000] {logging_mixin.py:188} INFO - [2026-08-21T12:03:44.306+0000] {dag.py:3823} INFO - Setting next_dagrun for latest_only_with_trigger to 2026-08-21 08:00:00+00:00, run_after=2026-08-21 12:00:00+00:00
[2026-08-21T12:03:44.325+0000] {processor.py:183} INFO - Processing /home/airflow/.local/lib/python3.8/site-packages/airflow/example_dags/example_latest_only_with_trigger.py took 0.071 seconds
[2026-08-21T12:04:15.460+0000] {processor.py:161} INFO - Started process (PID=2709) to work on /home/airflow/.local/lib/python3.8/site-packages/airflow/example_dags/example_latest_only_with_trigger.py
[2026-08-21T12:04:15.461+0000] {processor.py:830} INFO - Processing file /home/airflow/.local/lib/python3.8/site-packages/airflow/example_dags/example_latest_only_with_trigger.py for tasks to queue
[2026-08-21T12:04:15.463+0000] {logging_mixin.py:188} INFO - [2026-08-21T12:04:15.463+0000] {dagbag.py:538} INFO - Filling up the DagBag from /home/airflow/.local/lib/python3.8/site-packages/airflow/example_dags/example_latest_only_with_trigger.py
[2026-08-21T12:04:15.469+0000] {processor.py:840} INFO - DAG(s) 'latest_only_with_trigger' retrieved from /home/airflow/.local/lib/python3.8/site-packages/airflow/example_dags/example_latest_only_with_trigger.py
[2026-08-21T12:04:15.495+0000] {logging_mixin.py:188} INFO - [2026-08-21T12:04:15.495+0000] {dag.py:3036} INFO - Sync 1 DAGs
[2026-08-21T12:04:15.519+0000] {logging_mixin.py:188} INFO - [2026-08-21T12:04:15.519+0000] {dag.py:3823} INFO - Setting next_dagrun for latest_only_with_trigger to 2026-08-21 08:00:00+00:00, run_after=2026-08-21 12:00:00+00:00
[2026-08-21T12:04:15.548+0000] {processor.py:183} INFO - Processing /home/airflow/.local/lib/python3.8/site-packages/airflow/example_dags/example_latest_only_with_trigger.py took 0.092 seconds
[2026-08-21T12:04:46.165+0000] {processor.py:161} INFO - Started process (PID=2796) to work on /home/airflow/.local/lib/python3.8/site-packages/airflow/example_dags/example_latest_only_with_trigger.py
[2026-08-21T12:04:46.167+0000] {processor.py:830} INFO - Processing file /home/airflow/.local/lib/python3.8/site-packages/airflow/example_dags/example_latest_only_with_trigger.py for tasks to queue
[2026-08-21T12:04:46.169+0000] {logging_mixin.py:188} INFO - [2026-08-21T12:04:46.168+0000] {dagbag.py:538} INFO - Filling up the DagBag from /home/airflow/.local/lib/python3.8/site-packages/airflow/example_dags/example_latest_only_with_trigger.py
[2026-08-21T12:04:46.175+0000] {processor.py:840} INFO - DAG(s) 'latest_only_with_trigger' retrieved from /home/airflow/.local/lib/python3.8/site-packages/airflow/example_dags/example_latest_only_with_trigger.py
[2026-08-21T12:04:46.198+0000] {logging_mixin.py:188} INFO - [2026-08-21T12:04:46.197+0000] {dag.py:3036} INFO - Sync 1 DAGs
[2026-08-21T12:04:46.219+0000] {logging_mixin.py:188} INFO - [2026-08-21T12:04:46.219+0000] {dag.py:3823} INFO - Setting next_dagrun for latest_only_with_trigger to 2026-08-21 08:00:00+00:00, run_after=2026-08-21 12:00:00+00:00
[2026-08-21T12:04:46.242+0000] {processor.py:183} INFO - Processing /home/airflow/.local/lib/python3.8/site-packages/airflow/example_dags/example_latest_only_with_trigger.py took 0.080 seconds
[2026-08-21T12:05:19.066+0000] {processor.py:161} INFO - Started process (PID=2896) to work on /home/airflow/.local/lib/python3.8/site-packages/airflow/example_dags/example_latest_only_with_trigger.py
[2026-08-21T12:05:19.068+0000] {processor.py:830} INFO - Processing file /home/airflow/.local/lib/python3.8/site-packages/airflow/example_dags/example_latest_only_with_trigger.py for tasks to queue
[2026-08-21T12:05:19.071+0000] {logging_mixin.py:188} INFO - [2026-08-21T12:05:19.071+0000] {dagbag.py:538} INFO - Filling up the DagBag from /home/airflow/.local/lib/python3.8/site-packages/airflow/example_dags/example_latest_only_with_trigger.py
[2026-08-21T12:05:19.082+0000] {processor.py:840} INFO - DAG(s) 'latest_only_with_trigger' retrieved from /home/airflow/.local/lib/python3.8/site-packages/airflow/example_dags/example_latest_only_with_trigger.py
[2026-08-21T12:05:19.114+0000] {logging_mixin.py:188} INFO - [2026-08-21T12:05:19.113+0000] {dag.py:3036} INFO - Sync 1 DAGs
[2026-08-21T12:05:19.333+0000] {logging_mixin.py:188} INFO - [2026-08-21T12:05:19.333+0000] {dag.py:3823} INFO - Setting next_dagrun for latest_only_with_trigger to 2026-08-21 08:00:00+00:00, run_after=2026-08-21 12:00:00+00:00
[2026-08-21T12:05:19.353+0000] {processor.py:183} INFO - Processing /home/airflow/.local/lib/python3.8/site-packages/airflow/example_dags/example_latest_only_with_trigger.py took 0.293 seconds
[2026-08-21T12:05:49.835+0000] {processor.py:161} INFO - Started process (PID=2997) to work on /home/airflow/.local/lib/python3.8/site-packages/airflow/example_dags/example_latest_only_with_trigger.py
[2026-08-21T12:05:49.837+0000] {processor.py:830} INFO - Processing file /home/airflow/.local/lib/python3.8/site-packages/airflow/example_dags/example_latest_only_with_trigger.py for tasks to queue
[2026-08-21T12:05:49.840+0000] {logging_mixin.py:188} INFO - [2026-08-21T12:05:49.839+0000] {dagbag.py:538} INFO - Filling up the DagBag from /home/airflow/.local/lib/python3.8/site-packages/airflow/example_dags/example_latest_only_with_trigger.py
[2026-08-21T12:05:49.851+0000] {processor.py:840} INFO - DAG(s) 'latest_only_with_trigger' retrieved from /home/airflow/.local/lib/python3.8/site-packages/airflow/example_dags/example_latest_only_with_trigger.py
[2026-08-21T12:05:49.876+0000] {logging_mixin.py:188} INFO - [2026-08-21T12:05:49.876+0000] {dag.py:3036} INFO - Sync 1 DAGs
[2026-08-21T12:05:49.904+0000] {logging_mixin.py:188} INFO - [2026-08-21T12:05:49.903+0000] {dag.py:3823} INFO - Setting next_dagrun for latest_only_with_trigger to 2026-08-21 08:00:00+00:00, run_after=2026-08-21 12:00:00+00:00
[2026-08-21T12:05:49.929+0000] {processor.py:183} INFO - Processing /home/airflow/.local/lib/python3.8/site-packages/airflow/example_dags/example_latest_only_with_trigger.py took 0.099 seconds
[2026-08-21T12:06:20.333+0000] {processor.py:161} INFO - Started process (PID=3084) to work on /home/airflow/.local/lib/python3.8/site-packages/airflow/example_dags/example_latest_only_with_trigger.py
[2026-08-21T12:06:20.334+0000] {processor.py:830} INFO - Processing file /home/airflow/.local/lib/python3.8/site-packages/airflow/example_dags/example_latest_only_with_trigger.py for tasks to queue
[2026-08-21T12:06:20.337+0000] {logging_mixin.py:188} INFO - [2026-08-21T12:06:20.337+0000] {dagbag.py:538} INFO - Filling up the DagBag from /home/airflow/.local/lib/python3.8/site-packages/airflow/example_dags/example_latest_only_with_trigger.py
[2026-08-21T12:06:20.344+0000] {processor.py:840} INFO - DAG(s) 'latest_only_with_trigger' retrieved from /home/airflow/.local/lib/python3.8/site-packages/airflow/example_dags/example_latest_only_with_trigger.py
[2026-08-21T12:06:20.369+0000] {logging_mixin.py:188} INFO - [2026-08-21T12:06:20.369+0000] {dag.py:3036} INFO - Sync 1 DAGs
[2026-08-21T12:06:20.395+0000] {logging_mixin.py:188} INFO - [2026-08-21T12:06:20.395+0000] {dag.py:3823} INFO - Setting next_dagrun for latest_only_with_trigger to 2026-08-21 08:00:00+00:00, run_after=2026-08-21 12:00:00+00:00
[2026-08-21T12:06:20.419+0000] {processor.py:183} INFO - Processing /home/airflow/.local/lib/python3.8/site-packages/airflow/example_dags/example_latest_only_with_trigger.py took 0.089 seconds
[2026-08-21T12:06:50.734+0000] {processor.py:161} INFO - Started process (PID=3171) to work on /home/airflow/.local/lib/python3.8/site-packages/airflow/example_dags/example_latest_only_with_trigger.py
[2026-08-21T12:06:50.736+0000] {processor.py:830} INFO - Processing file /home/airflow/.local/lib/python3.8/site-packages/airflow/example_dags/example_latest_only_with_trigger.py for tasks to queue
[2026-08-21T12:06:50.738+0000] {logging_mixin.py:188} INFO - [2026-08-21T12:06:50.738+0000] {dagbag.py:538} INFO - Filling up the DagBag from /home/airflow/.local/lib/python3.8/site-packages/airflow/example_dags/example_latest_only_with_trigger.py
[2026-08-21T12:06:50.745+0000] {processor.py:840} INFO - DAG(s) 'latest_only_with_trigger' retrieved from /home/airflow/.local/lib/python3.8/site-packages/airflow/example_dags/example_latest_only_with_trigger.py
[2026-08-21T12:06:50.769+0000] {logging_mixin.py:188} INFO - [2026-08-21T12:06:50.769+0000] {dag.py:3036} INFO - Sync 1 DAGs
[2026-08-21T12:06:50.790+0000] {logging_mixin.py:188} INFO - [2026-08-21T12:06:50.790+0000] {dag.py:3823} INFO - Setting next_dagrun for latest_only_with_trigger to 2026-08-21 08:00:00+00:00, run_after=2026-08-21 12:00:00+00:00
[2026-08-21T12:06:50.809+0000] {processor.py:183} INFO - Processing /home/airflow/.local/lib/python3.8/site-packages/airflow/example_dags/example_latest_only_with_trigger.py took 0.079 seconds
[2026-08-21T12:07:21.155+0000] {processor.py:161} INFO - Started process (PID=3258) to work on /home/airflow/.local/lib/python3.8/site-packages/airflow/example_dags/example_latest_only_with_trigger.py
[2026-08-21T12:07:21.157+0000] {processor.py:830} INFO - Processing file /home/airflow/.local/lib/python3.8/site-packages/airflow/example_dags/example_latest_only_with_trigger.py for tasks to queue
[2026-08-21T12:07:21.159+0000] {logging_mixin.py:188} INFO - [2026-08-21T12:07:21.158+0000] {dagbag.py:538} INFO - Filling up the DagBag from /home/airflow/.local/lib/python3.8/site-packages/airflow/example_dags/example_latest_only_with_trigger.py
[2026-08-21T12:07:21.165+0000] {processor.py:840} INFO - DAG(s) 'latest_only_with_trigger' retrieved from /home/airflow/.local/lib/python3.8/site-packages/airflow/example_dags/example_latest_only_with_trigger.py
[2026-08-21T12:07:21.193+0000] {logging_mixin.py:188} INFO - [2026-08-21T12:07:21.192+0000] {dag.py:3036} INFO - Sync 1 DAGs
[2026-08-21T12:07:21.213+0000] {logging_mixin.py:188} INFO - [2026-08-21T12:07:21.212+0000] {dag.py:3823} INFO - Setting next_dagrun for latest_only_with_trigger to 2026-08-21 08:00:00+00:00, run_after=2026-08-21 12:00:00+00:00
[2026-08-21T12:07:21.232+0000] {processor.py:183} INFO - Processing /home/airflow/.local/lib/python3.8/site-packages/airflow/example_dags/example_latest_only_with_trigger.py took 0.080 seconds
[2026-08-21T12:07:53.727+0000] {processor.py:161} INFO - Started process (PID=3345) to work on /home/airflow/.local/lib/python3.8/site-packages/airflow/example_dags/example_latest_only_with_trigger.py
[2026-08-21T12:07:53.729+0000] {processor.py:830} INFO - Processing file /home/airflow/.local/lib/python3.8/site-packages/airflow/example_dags/example_latest_only_with_trigger.py for tasks to queue
[2026-08-21T12:07:53.732+0000] {logging_mixin.py:188} INFO - [2026-08-21T12:07:53.731+0000] {dagbag.py:538} INFO - Filling up the DagBag from /home/airflow/.local/lib/python3.8/site-packages/airflow/example_dags/example_latest_only_with_trigger.py
[2026-08-21T12:07:53.741+0000] {processor.py:840} INFO - DAG(s) 'latest_only_with_trigger' retrieved from /home/airflow/.local/lib/python3.8/site-packages/airflow/example_dags/example_latest_only_with_trigger.py
[2026-08-21T12:07:53.773+0000] {logging_mixin.py:188} INFO - [2026-08-21T12:07:53.773+0000] {dag.py:3036} INFO - Sync 1 DAGs
[2026-08-21T12:07:53.812+0000] {logging_mixin.py:188} INFO - [2026-08-21T12:07:53.811+0000] {dag.py:3823} INFO - Setting next_dagrun for latest_only_with_trigger to 2026-08-21 08:00:00+00:00, run_after=2026-08-21 12:00:00+00:00
[2026-08-21T12:07:53.841+0000] {processor.py:183} INFO - Processing /home/airflow/.local/lib/python3.8/site-packages/airflow/example_dags/example_latest_only_with_trigger.py took 0.120 seconds
[2026-08-21T12:08:25.774+0000] {processor.py:161} INFO - Started process (PID=3436) to work on /home/airflow/.local/lib/python3.8/site-packages/airflow/example_dags/example_latest_only_with_trigger.py
[2026-08-21T12:08:25.775+0000] {processor.py:830} INFO - Processing file /home/airflow/.local/lib/python3.8/site-packages/airflow/example_dags/example_latest_only_with_trigger.py for tasks to queue
[2026-08-21T12:08:25.777+0000] {logging_mixin.py:188} INFO - [2026-08-21T12:08:25.777+0000] {dagbag.py:538} INFO - Filling up the DagBag from /home/airflow/.local/lib/python3.8/site-packages/airflow/example_dags/example_latest_only_with_trigger.py
[2026-08-21T12:08:25.786+0000] {processor.py:840} INFO - DAG(s) 'latest_only_with_trigger' retrieved from /home/airflow/.local/lib/python3.8/site-packages/airflow/example_dags/example_latest_only_with_trigger.py
[2026-08-21T12:08:25.809+0000] {logging_mixin.py:188} INFO - [2026-08-21T12:08:25.809+0000] {dag.py:3036} INFO - Sync 1 DAGs
[2026-08-21T12:08:25.835+0000] {logging_mixin.py:188} INFO - [2026-08-21T12:08:25.835+0000] {dag.py:3823} INFO - Setting next_dagrun for latest_only_with_trigger to 2026-08-21 08:00:00+00:00, run_after=2026-08-21 12:00:00+00:00
[2026-08-21T12:08:25.859+0000] {processor.py:183} INFO - Processing /home/airflow/.local/lib/python3.8/site-packages/airflow/example_dags/example_latest_only_with_trigger.py took 0.089 seconds
[2026-08-21T12:08:57.093+0000] {processor.py:161} INFO - Started process (PID=3527) to work on /home/airflow/.local/lib/python3.8/site-packages/airflow/example_dags/example_latest_only_with_trigger.py
[2026-08-21T12:08:57.094+0000] {processor.py:830} INFO - Processing file /home/airflow/.local/lib/python3.8/site-packages/airflow/example_dags/example_latest_only_with_trigger.py for tasks to queue
[2026-08-21T12:08:57.097+0000] {logging_mixin.py:188} INFO - [2026-08-21T12:08:57.097+0000] {dagbag.py:538} INFO - Filling up the DagBag from /home/airflow/.local/lib/python3.8/site-packages/airflow/example_dags/example_latest_only_with_trigger.py
[2026-08-21T12:08:57.107+0000] {processor.py:840} INFO - DAG(s) 'latest_only_with_trigger' retrieved from /home/airflow/.local/lib/python3.8/site-packages/airflow/example_dags/example_latest_only_with_trigger.py
[2026-08-21T12:08:57.139+0000] {logging_mixin.py:188} INFO - [2026-08-21T12:08:57.139+0000] {dag.py:3036} INFO - Sync 1 DAGs
[2026-08-21T12:08:57.175+0000] {logging_mixin.py:188} INFO - [2026-08-21T12:08:57.175+0000] {dag.py:3823} INFO - Setting next_dagrun for latest_only_with_trigger to 2026-08-21 08:00:00+00:00, run_after=2026-08-21 12:00:00+00:00
[2026-08-21T12:08:57.209+0000] {processor.py:183} INFO - Processing /home/airflow/.local/lib/python3.8/site-packages/airflow/example_dags/example_latest_only_with_trigger.py took 0.122 seconds
[2026-08-21T12:09:27.564+0000] {processor.py:161} INFO - Started process (PID=3614) to work on /home/airflow/.local/lib/python3.8/site-packages/airflow/example_dags/example_latest_only_with_trigger.py
[2026-08-21T12:09:27.566+0000] {processor.py:830} INFO - Processing file /home/airflow/.local/lib/python3.8/site-packages/airflow/example_dags/example_latest_only_with_trigger.py for tasks to queue
[2026-08-21T12:09:27.568+0000] {logging_mixin.py:188} INFO - [2026-08-21T12:09:27.568+0000] {dagbag.py:538} INFO - Filling up the DagBag from /home/airflow/.local/lib/python3.8/site-packages/airflow/example_dags/example_latest_only_with_trigger.py
[2026-08-21T12:09:27.575+0000] {processor.py:840} INFO - DAG(s) 'latest_only_with_trigger' retrieved from /home/airflow/.local/lib/python3.8/site-packages/airflow/example_dags/example_latest_only_with_trigger.py
[2026-08-21T12:09:27.597+0000] {logging_mixin.py:188} INFO - [2026-08-21T12:09:27.597+0000] {dag.py:3036} INFO - Sync 1 DAGs
[2026-08-21T12:09:27.618+0000] {logging_mixin.py:188} INFO - [2026-08-21T12:09:27.618+0000] {dag.py:3823} INFO - Setting next_dagrun for latest_only_with_trigger to 2026-08-21 08:00:00+00:00, run_after=2026-08-21 12:00:00+00:00
[2026-08-21T12:09:27.646+0000] {processor.py:183} INFO - Processing /home/airflow/.local/lib/python3.8/site-packages/airflow/example_dags/example_latest_only_with_trigger.py took 0.086 seconds
[2026-08-21T12:09:58.098+0000] {processor.py:161} INFO - Started process (PID=3701) to work on /home/airflow/.local/lib/python3.8/site-packages/airflow/example_dags/example_latest_only_with_trigger.py
[2026-08-21T12:09:58.099+0000] {processor.py:830} INFO - Processing file /home/airflow/.local/lib/python3.8/site-packages/airflow/example_dags/example_latest_only_with_trigger.py for tasks to queue
[2026-08-21T12:09:58.101+0000] {logging_mixin.py:188} INFO - [2026-08-21T12:09:58.101+0000] {dagbag.py:538} INFO - Filling up the DagBag from /home/airflow/.local/lib/python3.8/site-packages/airflow/example_dags/example_latest_only_with_trigger.py
[2026-08-21T12:09:58.107+0000] {processor.py:840} INFO - DAG(s) 'latest_only_with_trigger' retrieved from /home/airflow/.local/lib/python3.8/site-packages/airflow/example_dags/example_latest_only_with_trigger.py
[2026-08-21T12:09:58.129+0000] {logging_mixin.py:188} INFO - [2026-08-21T12:09:58.129+0000] {dag.py:3036} INFO - Sync 1 DAGs
[2026-08-21T12:09:58.150+0000] {logging_mixin.py:188} INFO - [2026-08-21T12:09:58.150+0000] {dag.py:3823} INFO - Setting next_dagrun for latest_only_with_trigger to 2026-08-21 08:00:00+00:00, run_after=2026-08-21 12:00:00+00:00
[2026-08-21T12:09:58.169+0000] {processor.py:183} INFO - Processing /home/airflow/.local/lib/python3.8/site-packages/airflow/example_dags/example_latest_only_with_trigger.py took 0.075 seconds
[2026-08-21T12:10:29.628+0000] {processor.py:161} INFO - Started process (PID=3792) to work on /home/airflow/.local/lib/python3.8/site-packages/airflow/example_dags/example_latest_only_with_trigger.py
[2026-08-21T12:10:29.629+0000] {processor.py:830} INFO - Processing file /home/airflow/.local/lib/python3.8/site-packages/airflow/example_dags/example_latest_only_with_trigger.py for tasks to queue
[2026-08-21T12:10:29.631+0000] {logging_mixin.py:188} INFO - [2026-08-21T12:10:29.631+0000] {dagbag.py:538} INFO - Filling up the DagBag from /home/airflow/.local/lib/python3.8/site-packages/airflow/example_dags/example_latest_only_with_trigger.py
[2026-08-21T12:10:29.639+0000] {processor.py:840} INFO - DAG(s) 'latest_only_with_trigger' retrieved from /home/airflow/.local/lib/python3.8/site-packages/airflow/example_dags/example_latest_only_with_trigger.py
[2026-08-21T12:10:29.670+0000] {logging_mixin.py:188} INFO - [2026-08-21T12:10:29.670+0000] {dag.py:3036} INFO - Sync 1 DAGs
[2026-08-21T12:10:29.694+0000] {logging_mixin.py:188} INFO - [2026-08-21T12:10:29.694+0000] {dag.py:3823} INFO - Setting next_dagrun for latest_only_with_trigger to 2026-08-21 08:00:00+00:00, run_after=2026-08-21 12:00:00+00:00
[2026-08-21T12:10:29.720+0000] {processor.py:183} INFO - Processing /home/airflow/.local/lib/python3.8/site-packages/airflow/example_dags/example_latest_only_with_trigger.py took 0.097 seconds
[2026-08-21T12:11:00.112+0000] {processor.py:161} INFO - Started process (PID=3880) to work on /home/airflow/.local/lib/python3.8/site-packages/airflow/example_dags/example_latest_only_with_trigger.py
[2026-08-21T12:11:00.113+0000] {processor.py:830} INFO - Processing file /home/airflow/.local/lib/python3.8/site-packages/airflow/example_dags/example_latest_only_with_trigger.py for tasks to queue
[2026-08-21T12:11:00.115+0000] {logging_mixin.py:188} INFO - [2026-08-21T12:11:00.115+0000] {dagbag.py:538} INFO - Filling up the DagBag from /home/airflow/.local/lib/python3.8/site-packages/airflow/example_dags/example_latest_only_with_trigger.py
[2026-08-21T12:11:00.121+0000] {processor.py:840} INFO - DAG(s) 'latest_only_with_trigger' retrieved from /home/airflow/.local/lib/python3.8/site-packages/airflow/example_dags/example_latest_only_with_trigger.py
[2026-08-21T12:11:00.146+0000] {logging_mixin.py:188} INFO - [2026-08-21T12:11:00.145+0000] {dag.py:3036} INFO - Sync 1 DAGs
[2026-08-21T12:11:00.170+0000] {logging_mixin.py:188} INFO - [2026-08-21T12:11:00.170+0000] {dag.py:3823} INFO - Setting next_dagrun for latest_only_with_trigger to 2026-08-21 08:00:00+00:00, run_after=2026-08-21 12:00:00+00:00
[2026-08-21T12:11:00.190+0000] {processor.py:183} INFO - Processing /home/airflow/.local/lib/python3.8/site-packages/airflow/example_dags/example_latest_only_with_trigger.py took 0.082 seconds
[2026-08-21T12:11:31.494+0000] {processor.py:161} INFO - Started process (PID=3967) to work on /home/airflow/.local/lib/python3.8/site-packages/airflow/example_dags/example_latest_only_with_trigger.py
[2026-08-21T12:11:31.496+0000] {processor.py:830} INFO - Processing file /home/airflow/.local/lib/python3.8/site-packages/airflow/example_dags/example_latest_only_with_trigger.py for tasks to queue
[2026-08-21T12:11:31.498+0000] {logging_mixin.py:188} INFO - [2026-08-21T12:11:31.498+0000] {dagbag.py:538} INFO - Filling up the DagBag from /home/airflow/.local/lib/python3.8/site-packages/airflow/example_dags/example_latest_only_with_trigger.py
[2026-08-21T12:11:31.507+0000] {processor.py:840} INFO - DAG(s) 'latest_only_with_trigger' retrieved from /home/airflow/.local/lib/python3.8/site-packages/airflow/example_dags/example_latest_only_with_trigger.py
[2026-08-21T12:11:31.529+0000] {logging_mixin.py:188} INFO - [2026-08-21T12:11:31.529+0000] {dag.py:3036} INFO - Sync 1 DAGs
[2026-08-21T12:11:31.549+0000] {logging_mixin.py:188} INFO - [2026-08-21T12:11:31.549+0000] {dag.py:3823} INFO - Setting next_dagrun for latest_only_with_trigger to 2026-08-21 08:00:00+00:00, run_after=2026-08-21 12:00:00+00:00
[2026-08-21T12:11:31.567+0000] {processor.py:183} INFO - Processing /home/airflow/.local/lib/python3.8/site-packages/airflow/example_dags/example_latest_only_with_trigger.py took 0.078 seconds
[2026-08-21T12:12:01.978+0000] {processor.py:161} INFO - Started process (PID=4054) to work on /home/airflow/.local/lib/python3.8/site-packages/airflow/example_dags/example_latest_only_with_trigger.py
[2026-08-21T12:12:01.979+0000] {processor.py:830} INFO - Processing file /home/airflow/.local/lib/python3.8/site-packages/airflow/example_dags/example_latest_only_with_trigger.py for tasks to queue
[2026-08-21T12:12:01.981+0000] {logging_mixin.py:188} INFO - [2026-08-21T12:12:01.981+0000] {dagbag.py:538} INFO - Filling up the DagBag from /home/airflow/.local/lib/python3.8/site-packages/airflow/example_dags/example_latest_only_with_trigger.py
[2026-08-21T12:12:01.987+0000] {processor.py:840} INFO - DAG(s) 'latest_only_with_trigger' retrieved from /home/airflow/.local/lib/python3.8/site-packages/airflow/example_dags/example_latest_only_with_trigger.py
[2026-08-21T12:12:02.016+0000] {logging_mixin.py:188} INFO - [2026-08-21T12:12:02.016+0000] {dag.py:3036} INFO - Sync 1 DAGs
[2026-08-21T12:12:02.039+0000] {logging_mixin.py:188} INFO - [2026-08-21T12:12:02.038+0000] {dag.py:3823} INFO - Setting next_dagrun for latest_only_with_trigger to 2026-08-21 08:00:00+00:00, run_after=2026-08-21 12:00:00+00:00
[2026-08-21T12:12:02.059+0000] {processor.py:183} INFO - Processing /home/airflow/.local/lib/python3.8/site-packages/airflow/example_dags/example_latest_only_with_trigger.py took 0.085 seconds
[2026-08-21T12:12:32.945+0000] {processor.py:161} INFO - Started process (PID=4141) to work on /home/airflow/.local/lib/python3.8/site-packages/airflow/example_dags/example_latest_only_with_trigger.py
[2026-08-21T12:12:32.946+0000] {processor.py:830} INFO - Processing file /home/airflow/.local/lib/python3.8/site-packages/airflow/example_dags/example_latest_only_with_trigger.py for tasks to queue
[2026-08-21T12:12:32.949+0000] {logging_mixin.py:188} INFO - [2026-08-21T12:12:32.948+0000] {dagbag.py:538} INFO - Filling up the DagBag from /home/airflow/.local/lib/python3.8/site-packages/airflow/example_dags/example_latest_only_with_trigger.py
[2026-08-21T12:12:32.955+0000] {processor.py:840} INFO - DAG(s) 'latest_only_with_trigger' retrieved from /home/airflow/.local/lib/python3.8/site-packages/airflow/example_dags/example_latest_only_with_trigger.py
[2026-08-21T12:12:32.977+0000] {logging_mixin.py:188} INFO - [2026-08-21T12:12:32.977+0000] {dag.py:3036} INFO - Sync 1 DAGs
[2026-08-21T12:12:32.997+0000] {logging_mixin.py:188} INFO - [2026-08-21T12:12:32.997+0000] {dag.py:3823} INFO - Setting next_dagrun for latest_only_with_trigger to 2026-08-21 08:00:00+00:00, run_after=2026-08-21 12:00:00+00:00
[2026-08-21T12:12:33.017+0000] {processor.py:183} INFO - Processing /home/airflow/.local/lib/python3.8/site-packages/airflow/example_dags/example_latest_only_with_trigger.py took 0.076 seconds
[2026-08-21T12:13:03.607+0000] {processor.py:161} INFO - Started process (PID=4228) to work on /home/airflow/.local/lib/python3.8/site-packages/airflow/example_dags/example_latest_only_with_trigger.py
[2026-08-21T12:13:03.609+0000] {processor.py:830} INFO - Processing file /home/airflow/.local/lib/python3.8/site-packages/airflow/example_dags/example_latest_only_with_trigger.py for tasks to queue
[2026-08-21T12:13:03.611+0000] {logging_mixin.py:188} INFO - [2026-08-21T12:13:03.610+0000] {dagbag.py:538} INFO - Filling up the DagBag from /home/airflow/.local/lib/python3.8/site-packages/airflow/example_dags/example_latest_only_with_trigger.py
[2026-08-21T12:13:03.617+0000] {processor.py:840} INFO - DAG(s) 'latest_only_with_trigger' retrieved from /home/airflow/.local/lib/python3.8/site-packages/airflow/example_dags/example_latest_only_with_trigger.py
[2026-08-21T12:13:03.639+0000] {logging_mixin.py:188} INFO - [2026-08-21T12:13:03.639+0000] {dag.py:3036} INFO - Sync 1 DAGs
[2026-08-21T12:13:03.663+0000] {logging_mixin.py:188} INFO - [2026-08-21T12:13:03.663+0000] {dag.py:3823} INFO - Setting next_dagrun for latest_only_with_trigger to 2026-08-21 08:00:00+00:00, run_after=2026-08-21 12:00:00+00:00
[2026-08-21T12:13:03.681+0000] {processor.py:183} INFO - Processing /home/airflow/.local/lib/python3.8/site-packages/airflow/example_dags/example_latest_only_with_trigger.py took 0.077 seconds
[2026-08-21T12:13:33.971+0000] {processor.py:161} INFO - Started process (PID=4315) to work on /home/airflow/.local/lib/python3.8/site-packages/airflow/example_dags/example_latest_only_with_trigger.py
[2026-08-21T12:13:33.973+0000] {processor.py:830} INFO - Processing file /home/airflow/.local/lib/python3.8/site-packages/airflow/example_dags/example_latest_only_with_trigger.py for tasks to queue
[2026-08-21T12:13:33.975+0000] {logging_mixin.py:188} INFO - [2026-08-21T12:13:33.975+0000] {dagbag.py:538} INFO - Filling up the DagBag from /home/airflow/.local/lib/python3.8/site-packages/airflow/example_dags/example_latest_only_with_trigger.py
[2026-08-21T12:13:33.981+0000] {processor.py:840} INFO - DAG(s) 'latest_only_with_trigger' retrieved from /home/airflow/.local/lib/python3.8/site-packages/airflow/example_dags/example_latest_only_with_trigger.py
[2026-08-21T12:13:34.002+0000] {logging_mixin.py:188} INFO - [2026-08-21T12:13:34.002+0000] {dag.py:3036} INFO - Sync 1 DAGs
[2026-08-21T12:13:34.023+0000] {logging_mixin.py:188} INFO - [2026-08-21T12:13:34.023+0000] {dag.py:3823} INFO - Setting next_dagrun for latest_only_with_trigger to 2026-08-21 08:00:00+00:00, run_after=2026-08-21 12:00:00+00:00
[2026-08-21T12:13:34.045+0000] {processor.py:183} INFO - Processing /home/airflow/.local/lib/python3.8/site-packages/airflow/example_dags/example_latest_only_with_trigger.py took 0.077 seconds
[2026-08-21T12:14:05.296+0000] {processor.py:161} INFO - Started process (PID=4401) to work on /home/airflow/.local/lib/python3.8/site-packages/airflow/example_dags/example_latest_only_with_trigger.py
[2026-08-21T12:14:05.298+0000] {processor.py:830} INFO - Processing file /home/airflow/.local/lib/python3.8/site-packages/airflow/example_dags/example_latest_only_with_trigger.py for tasks to queue
[2026-08-21T12:14:05.301+0000] {logging_mixin.py:188} INFO - [2026-08-21T12:14:05.300+0000] {dagbag.py:538} INFO - Filling up the DagBag from /home/airflow/.local/lib/python3.8/site-packages/airflow/example_dags/example_latest_only_with_trigger.py
[2026-08-21T12:14:05.307+0000] {processor.py:840} INFO - DAG(s) 'latest_only_with_trigger' retrieved from /home/airflow/.local/lib/python3.8/site-packages/airflow/example_dags/example_latest_only_with_trigger.py
[2026-08-21T12:14:05.330+0000] {logging_mixin.py:188} INFO - [2026-08-21T12:14:05.329+0000] {dag.py:3036} INFO - Sync 1 DAGs
[2026-08-21T12:14:05.353+0000] {logging_mixin.py:188} INFO - [2026-08-21T12:14:05.353+0000] {dag.py:3823} INFO - Setting next_dagrun for latest_only_with_trigger to 2026-08-21 08:00:00+00:00, run_after=2026-08-21 12:00:00+00:00
[2026-08-21T12:14:05.374+0000] {processor.py:183} INFO - Processing /home/airflow/.local/lib/python3.8/site-packages/airflow/example_dags/example_latest_only_with_trigger.py took 0.081 seconds
[2026-08-21T12:14:36.045+0000] {processor.py:161} INFO - Started process (PID=4488) to work on /home/airflow/.local/lib/python3.8/site-packages/airflow/example_dags/example_latest_only_with_trigger.py
[2026-08-21T12:14:36.046+0000] {processor.py:830} INFO - Processing file /home/airflow/.local/lib/python3.8/site-packages/airflow/example_dags/example_latest_only_with_trigger.py for tasks to queue
[2026-08-21T12:14:36.049+0000] {logging_mixin.py:188} INFO - [2026-08-21T12:14:36.048+0000] {dagbag.py:538} INFO - Filling up the DagBag from /home/airflow/.local/lib/python3.8/site-packages/airflow/example_dags/example_latest_only_with_trigger.py
[2026-08-21T12:14:36.055+0000] {processor.py:840} INFO - DAG(s) 'latest_only_with_trigger' retrieved from /home/airflow/.local/lib/python3.8/site-packages/airflow/example_dags/example_latest_only_with_trigger.py
[2026-08-21T12:14:36.077+0000] {logging_mixin.py:188} INFO - [2026-08-21T12:14:36.077+0000] {dag.py:3036} INFO - Sync 1 DAGs
[2026-08-21T12:14:36.100+0000] {logging_mixin.py:188} INFO - [2026-08-21T12:14:36.099+0000] {dag.py:3823} INFO - Setting next_dagrun for latest_only_with_trigger to 2026-08-21 08:00:00+00:00, run_after=2026-08-21 12:00:00+00:00
[2026-08-21T12:14:36.118+0000] {processor.py:183} INFO - Processing /home/airflow/.local/lib/python3.8/site-packages/airflow/example_dags/example_latest_only_with_trigger.py took 0.077 seconds
[2026-08-21T12:15:06.840+0000] {processor.py:161} INFO - Started process (PID=4575) to work on /home/airflow/.local/lib/python3.8/site-packages/airflow/example_dags/example_latest_only_with_trigger.py
[2026-08-21T12:15:06.843+0000] {processor.py:830} INFO - Processing file /home/airflow/.local/lib/python3.8/site-packages/airflow/example_dags/example_latest_only_with_trigger.py for tasks to queue
[2026-08-21T12:15:06.846+0000] {logging_mixin.py:188} INFO - [2026-08-21T12:15:06.846+0000] {dagbag.py:538} INFO - Filling up the DagBag from /home/airflow/.local/lib/python3.8/site-packages/airflow/example_dags/example_latest_only_with_trigger.py
[2026-08-21T12:15:06.857+0000] {processor.py:840} INFO - DAG(s) 'latest_only_with_trigger' retrieved from /home/airflow/.local/lib/python3.8/site-packages/airflow/example_dags/example_latest_only_with_trigger.py
[2026-08-21T12:15:06.900+0000] {logging_mixin.py:188} INFO - [2026-08-21T12:15:06.899+0000] {dag.py:3036} INFO - Sync 1 DAGs
[2026-08-21T12:15:06.940+0000] {logging_mixin.py:188} INFO - [2026-08-21T12:15:06.939+0000] {dag.py:3823} INFO - Setting next_dagrun for latest_only_with_trigger to 2026-08-21 08:00:00+00:00, run_after=2026-08-21 12:00:00+00:00
[2026-08-21T12:15:06.967+0000] {processor.py:183} INFO - Processing /home/airflow/.local/lib/python3.8/site-packages/airflow/example_dags/example_latest_only_with_trigger.py took 0.132 seconds
[2026-08-21T12:15:37.482+0000] {processor.py:161} INFO - Started process (PID=4662) to work on /home/airflow/.local/lib/python3.8/site-packages/airflow/example_dags/example_latest_only_with_trigger.py
[2026-08-21T12:15:37.484+0000] {processor.py:830} INFO - Processing file /home/airflow/.local/lib/python3.8/site-packages/airflow/example_dags/example_latest_only_with_trigger.py for tasks to queue
[2026-08-21T12:15:37.486+0000] {logging_mixin.py:188} INFO - [2026-08-21T12:15:37.485+0000] {dagbag.py:538} INFO - Filling up the DagBag from /home/airflow/.local/lib/python3.8/site-packages/airflow/example_dags/example_latest_only_with_trigger.py
[2026-08-21T12:15:37.491+0000] {processor.py:840} INFO - DAG(s) 'latest_only_with_trigger' retrieved from /home/airflow/.local/lib/python3.8/site-packages/airflow/example_dags/example_latest_only_with_trigger.py
[2026-08-21T12:15:37.512+0000] {logging_mixin.py:188} INFO - [2026-08-21T12:15:37.512+0000] {dag.py:3036} INFO - Sync 1 DAGs
[2026-08-21T12:15:37.533+0000] {logging_mixin.py:188} INFO - [2026-08-21T12:15:37.533+0000] {dag.py:3823} INFO - Setting next_dagrun for latest_only_with_trigger to 2026-08-21 08:00:00+00:00, run_after=2026-08-21 12:00:00+00:00
[2026-08-21T12:15:37.552+0000] {processor.py:183} INFO - Processing /home/airflow/.local/lib/python3.8/site-packages/airflow/example_dags/example_latest_only_with_trigger.py took 0.073 seconds
[2026-08-21T12:16:08.022+0000] {processor.py:161} INFO - Started process (PID=4749) to work on /home/airflow/.local/lib/python3.8/site-packages/airflow/example_dags/example_latest_only_with_trigger.py
[2026-08-21T12:16:08.023+0000] {processor.py:830} INFO - Processing file /home/airflow/.local/lib/python3.8/site-packages/airflow/example_dags/example_latest_only_with_trigger.py for tasks to queue
[2026-08-21T12:16:08.025+0000] {logging_mixin.py:188} INFO - [2026-08-21T12:16:08.025+0000] {dagbag.py:538} INFO - Filling up the DagBag from /home/airflow/.local/lib/python3.8/site-packages/airflow/example_dags/example_latest_only_with_trigger.py
[2026-08-21T12:16:08.031+0000] {processor.py:840} INFO - DAG(s) 'latest_only_with_trigger' retrieved from /home/airflow/.local/lib/python3.8/site-packages/airflow/example_dags/example_latest_only_with_trigger.py
[2026-08-21T12:16:08.052+0000] {logging_mixin.py:188} INFO - [2026-08-21T12:16:08.052+0000] {dag.py:3036} INFO - Sync 1 DAGs
[2026-08-21T12:16:08.073+0000] {logging_mixin.py:188} INFO - [2026-08-21T12:16:08.073+0000] {dag.py:3823} INFO - Setting next_dagrun for latest_only_with_trigger to 2026-08-21 08:00:00+00:00, run_after=2026-08-21 12:00:00+00:00
[2026-08-21T12:16:08.093+0000] {processor.py:183} INFO - Processing /home/airflow/.local/lib/python3.8/site-packages/airflow/example_dags/example_latest_only_with_trigger.py took 0.075 seconds
[2026-08-21T12:16:39.327+0000] {processor.py:161} INFO - Started process (PID=4837) to work on /home/airflow/.local/lib/python3.8/site-packages/airflow/example_dags/example_latest_only_with_trigger.py
[2026-08-21T12:16:39.328+0000] {processor.py:830} INFO - Processing file /home/airflow/.local/lib/python3.8/site-packages/airflow/example_dags/example_latest_only_with_trigger.py for tasks to queue
[2026-08-21T12:16:39.330+0000] {logging_mixin.py:188} INFO - [2026-08-21T12:16:39.330+0000] {dagbag.py:538} INFO - Filling up the DagBag from /home/airflow/.local/lib/python3.8/site-packages/airflow/example_dags/example_latest_only_with_trigger.py
[2026-08-21T12:16:39.337+0000] {processor.py:840} INFO - DAG(s) 'latest_only_with_trigger' retrieved from /home/airflow/.local/lib/python3.8/site-packages/airflow/example_dags/example_latest_only_with_trigger.py
[2026-08-21T12:16:39.360+0000] {logging_mixin.py:188} INFO - [2026-08-21T12:16:39.360+0000] {dag.py:3036} INFO - Sync 1 DAGs
[2026-08-21T12:16:39.382+0000] {logging_mixin.py:188} INFO - [2026-08-21T12:16:39.382+0000] {dag.py:3823} INFO - Setting next_dagrun for latest_only_with_trigger to 2026-08-21 08:00:00+00:00, run_after=2026-08-21 12:00:00+00:00
[2026-08-21T12:16:39.535+0000] {processor.py:183} INFO - Processing /home/airflow/.local/lib/python3.8/site-packages/airflow/example_dags/example_latest_only_with_trigger.py took 0.213 seconds
[2026-08-21T12:17:09.782+0000] {processor.py:161} INFO - Started process (PID=4924) to work on /home/airflow/.local/lib/python3.8/site-packages/airflow/example_dags/example_latest_only_with_trigger.py
[2026-08-21T12:17:09.784+0000] {processor.py:830} INFO - Processing file /home/airflow/.local/lib/python3.8/site-packages/airflow/example_dags/example_latest_only_with_trigger.py for tasks to queue
[2026-08-21T12:17:09.786+0000] {logging_mixin.py:188} INFO - [2026-08-21T12:17:09.786+0000] {dagbag.py:538} INFO - Filling up the DagBag from /home/airflow/.local/lib/python3.8/site-packages/airflow/example_dags/example_latest_only_with_trigger.py
[2026-08-21T12:17:09.792+0000] {processor.py:840} INFO - DAG(s) 'latest_only_with_trigger' retrieved from /home/airflow/.local/lib/python3.8/site-packages/airflow/example_dags/example_latest_only_with_trigger.py
[2026-08-21T12:17:09.814+0000] {logging_mixin.py:188} INFO - [2026-08-21T12:17:09.814+0000] {dag.py:3036} INFO - Sync 1 DAGs
[2026-08-21T12:17:09.836+0000] {logging_mixin.py:188} INFO - [2026-08-21T12:17:09.836+0000] {dag.py:3823} INFO - Setting next_dagrun for latest_only_with_trigger to 2026-08-21 08:00:00+00:00, run_after=2026-08-21 12:00:00+00:00
[2026-08-21T12:17:09.857+0000] {processor.py:183} INFO - Processing /home/airflow/.local/lib/python3.8/site-packages/airflow/example_dags/example_latest_only_with_trigger.py took 0.079 seconds
[2026-08-21T12:17:40.236+0000] {processor.py:161} INFO - Started process (PID=5011) to work on /home/airflow/.local/lib/python3.8/site-packages/airflow/example_dags/example_latest_only_with_trigger.py
[2026-08-21T12:17:40.237+0000] {processor.py:830} INFO - Processing file /home/airflow/.local/lib/python3.8/site-packages/airflow/example_dags/example_latest_only_with_trigger.py for tasks to queue
[2026-08-21T12:17:40.239+0000] {logging_mixin.py:188} INFO - [2026-08-21T12:17:40.239+0000] {dagbag.py:538} INFO - Filling up the DagBag from /home/airflow/.local/lib/python3.8/site-packages/airflow/example_dags/example_latest_only_with_trigger.py
[2026-08-21T12:17:40.245+0000] {processor.py:840} INFO - DAG(s) 'latest_only_with_trigger' retrieved from /home/airflow/.local/lib/python3.8/site-packages/airflow/example_dags/example_latest_only_with_trigger.py
[2026-08-21T12:17:40.267+0000] {logging_mixin.py:188} INFO - [2026-08-21T12:17:40.267+0000] {dag.py:3036} INFO - Sync 1 DAGs
[2026-08-21T12:17:40.289+0000] {logging_mixin.py:188} INFO - [2026-08-21T12:17:40.289+0000] {dag.py:3823} INFO - Setting next_dagrun for latest_only_with_trigger to 2026-08-21 08:00:00+00:00, run_after=2026-08-21 12:00:00+00:00
[2026-08-21T12:17:40.308+0000] {processor.py:183} INFO - Processing /home/airflow/.local/lib/python3.8/site-packages/airflow/example_dags/example_latest_only_with_trigger.py took 0.076 seconds
[2026-08-21T12:18:11.363+0000] {processor.py:161} INFO - Started process (PID=5098) to work on /home/airflow/.local/lib/python3.8/site-packages/airflow/example_dags/example_latest_only_with_trigger.py
[2026-08-21T12:18:11.365+0000] {processor.py:830} INFO - Processing file /home/airflow/.local/lib/python3.8/site-packages/airflow/example_dags/example_latest_only_with_trigger.py for tasks to queue
[2026-08-21T12:18:11.368+0000] {logging_mixin.py:188} INFO - [2026-08-21T12:18:11.367+0000] {dagbag.py:538} INFO - Filling up the DagBag from /home/airflow/.local/lib/python3.8/site-packages/airflow/example_dags/example_latest_only_with_trigger.py
[2026-08-21T12:18:11.373+0000] {processor.py:840} INFO - DAG(s) 'latest_only_with_trigger' retrieved from /home/airflow/.local/lib/python3.8/site-packages/airflow/example_dags/example_latest_only_with_trigger.py
[2026-08-21T12:18:11.394+0000] {logging_mixin.py:188} INFO - [2026-08-21T12:18:11.394+0000] {dag.py:3036} INFO - Sync 1 DAGs
[2026-08-21T12:18:11.438+0000] {logging_mixin.py:188} INFO - [2026-08-21T12:18:11.438+0000] {dag.py:3823} INFO - Setting next_dagrun for latest_only_with_trigger to 2026-08-21 08:00:00+00:00, run_after=2026-08-21 12:00:00+00:00
[2026-08-21T12:18:11.491+0000] {processor.py:183} INFO - Processing /home/airflow/.local/lib/python3.8/site-packages/airflow/example_dags/example_latest_only_with_trigger.py took 0.131 seconds
[2026-08-21T12:18:42.327+0000] {processor.py:161} INFO - Started process (PID=5185) to work on /home/airflow/.local/lib/python3.8/site-packages/airflow/example_dags/example_latest_only_with_trigger.py
[2026-08-21T12:18:42.329+0000] {processor.py:830} INFO - Processing file /home/airflow/.local/lib/python3.8/site-packages/airflow/example_dags/example_latest_only_with_trigger.py for tasks to queue
[2026-08-21T12:18:42.332+0000] {logging_mixin.py:188} INFO - [2026-08-21T12:18:42.331+0000] {dagbag.py:538} INFO - Filling up the DagBag from /home/airflow/.local/lib/python3.8/site-packages/airflow/example_dags/example_latest_only_with_trigger.py
[2026-08-21T12:18:42.341+0000] {processor.py:840} INFO - DAG(s) 'latest_only_with_trigger' retrieved from /home/airflow/.local/lib/python3.8/site-packages/airflow/example_dags/example_latest_only_with_trigger.py
[2026-08-21T12:18:42.372+0000] {logging_mixin.py:188} INFO - [2026-08-21T12:18:42.371+0000] {dag.py:3036} INFO - Sync 1 DAGs
[2026-08-21T12:18:42.401+0000] {logging_mixin.py:188} INFO - [2026-08-21T12:18:42.401+0000] {dag.py:3823} INFO - Setting next_dagrun for latest_only_with_trigger to 2026-08-21 08:00:00+00:00, run_after=2026-08-21 12:00:00+00:00
[2026-08-21T12:18:42.422+0000] {processor.py:183} INFO - Processing /home/airflow/.local/lib/python3.8/site-packages/airflow/example_dags/example_latest_only_with_trigger.py took 0.100 seconds
[2026-08-21T12:19:12.939+0000] {processor.py:161} INFO - Started process (PID=5272) to work on /home/airflow/.local/lib/python3.8/site-packages/airflow/example_dags/example_latest_only_with_trigger.py
[2026-08-21T12:19:12.940+0000] {processor.py:830} INFO - Processing file /home/airflow/.local/lib/python3.8/site-packages/airflow/example_dags/example_latest_only_with_trigger.py for tasks to queue
[2026-08-21T12:19:12.943+0000] {logging_mixin.py:188} INFO - [2026-08-21T12:19:12.942+0000] {dagbag.py:538} INFO - Filling up the DagBag from /home/airflow/.local/lib/python3.8/site-packages/airflow/example_dags/example_latest_only_with_trigger.py
[2026-08-21T12:19:12.949+0000] {processor.py:840} INFO - DAG(s) 'latest_only_with_trigger' retrieved from /home/airflow/.local/lib/python3.8/site-packages/airflow/example_dags/example_latest_only_with_trigger.py
[2026-08-21T12:19:12.972+0000] {logging_mixin.py:188} INFO - [2026-08-21T12:19:12.972+0000] {dag.py:3036} INFO - Sync 1 DAGs
[2026-08-21T12:19:13.001+0000] {logging_mixin.py:188} INFO - [2026-08-21T12:19:13.000+0000] {dag.py:3823} INFO - Setting next_dagrun for latest_only_with_trigger to 2026-08-21 08:00:00+00:00, run_after=2026-08-21 12:00:00+00:00
[2026-08-21T12:19:13.020+0000] {processor.py:183} INFO - Processing /home/airflow/.local/lib/python3.8/site-packages/airflow/example_dags/example_latest_only_with_trigger.py took 0.086 seconds
[2026-08-21T12:19:43.237+0000] {processor.py:161} INFO - Started process (PID=5359) to work on /home/airflow/.local/lib/python3.8/site-packages/airflow/example_dags/example_latest_only_with_trigger.py
[2026-08-21T12:19:43.239+0000] {processor.py:830} INFO - Processing file /home/airflow/.local/lib/python3.8/site-packages/airflow/example_dags/example_latest_only_with_trigger.py for tasks to queue
[2026-08-21T12:19:43.241+0000] {logging_mixin.py:188} INFO - [2026-08-21T12:19:43.241+0000] {dagbag.py:538} INFO - Filling up the DagBag from /home/airflow/.local/lib/python3.8/site-packages/airflow/example_dags/example_latest_only_with_trigger.py
[2026-08-21T12:19:43.248+0000] {processor.py:840} INFO - DAG(s) 'latest_only_with_trigger' retrieved from /home/airflow/.local/lib/python3.8/site-packages/airflow/example_dags/example_latest_only_with_trigger.py
[2026-08-21T12:19:43.276+0000] {logging_mixin.py:188} INFO - [2026-08-21T12:19:43.275+0000] {dag.py:3036} INFO - Sync 1 DAGs
[2026-08-21T12:19:43.300+0000] {logging_mixin.py:188} INFO - [2026-08-21T12:19:43.299+0000] {dag.py:3823} INFO - Setting next_dagrun for latest_only_with_trigger to 2026-08-21 08:00:00+00:00, run_after=2026-08-21 12:00:00+00:00
[2026-08-21T12:19:43.321+0000] {processor.py:183} INFO - Processing /home/airflow/.local/lib/python3.8/site-packages/airflow/example_dags/example_latest_only_with_trigger.py took 0.089 seconds
[2026-08-21T12:20:17.409+0000] {processor.py:161} INFO - Started process (PID=5452) to work on /home/airflow/.local/lib/python3.8/site-packages/airflow/example_dags/example_latest_only_with_trigger.py
[2026-08-21T12:20:17.423+0000] {processor.py:830} INFO - Processing file /home/airflow/.local/lib/python3.8/site-packages/airflow/example_dags/example_latest_only_with_trigger.py for tasks to queue
[2026-08-21T12:20:17.437+0000] {logging_mixin.py:188} INFO - [2026-08-21T12:20:17.437+0000] {dagbag.py:538} INFO - Filling up the DagBag from /home/airflow/.local/lib/python3.8/site-packages/airflow/example_dags/example_latest_only_with_trigger.py
[2026-08-21T12:20:17.466+0000] {processor.py:840} INFO - DAG(s) 'latest_only_with_trigger' retrieved from /home/airflow/.local/lib/python3.8/site-packages/airflow/example_dags/example_latest_only_with_trigger.py
[2026-08-21T12:20:17.556+0000] {logging_mixin.py:188} INFO - [2026-08-21T12:20:17.556+0000] {dag.py:3036} INFO - Sync 1 DAGs
[2026-08-21T12:20:17.669+0000] {logging_mixin.py:188} INFO - [2026-08-21T12:20:17.669+0000] {dag.py:3823} INFO - Setting next_dagrun for latest_only_with_trigger to 2026-08-21 08:00:00+00:00, run_after=2026-08-21 12:00:00+00:00
[2026-08-21T12:20:17.784+0000] {processor.py:183} INFO - Processing /home/airflow/.local/lib/python3.8/site-packages/airflow/example_dags/example_latest_only_with_trigger.py took 0.391 seconds
[2026-08-21T12:20:49.705+0000] {processor.py:161} INFO - Started process (PID=5538) to work on /home/airflow/.local/lib/python3.8/site-packages/airflow/example_dags/example_latest_only_with_trigger.py
[2026-08-21T12:20:49.708+0000] {processor.py:830} INFO - Processing file /home/airflow/.local/lib/python3.8/site-packages/airflow/example_dags/example_latest_only_with_trigger.py for tasks to queue
[2026-08-21T12:20:49.712+0000] {logging_mixin.py:188} INFO - [2026-08-21T12:20:49.712+0000] {dagbag.py:538} INFO - Filling up the DagBag from /home/airflow/.local/lib/python3.8/site-packages/airflow/example_dags/example_latest_only_with_trigger.py
[2026-08-21T12:20:49.742+0000] {processor.py:840} INFO - DAG(s) 'latest_only_with_trigger' retrieved from /home/airflow/.local/lib/python3.8/site-packages/airflow/example_dags/example_latest_only_with_trigger.py
[2026-08-21T12:20:49.829+0000] {logging_mixin.py:188} INFO - [2026-08-21T12:20:49.828+0000] {dag.py:3036} INFO - Sync 1 DAGs
[2026-08-21T12:20:49.948+0000] {logging_mixin.py:188} INFO - [2026-08-21T12:20:49.947+0000] {dag.py:3823} INFO - Setting next_dagrun for latest_only_with_trigger to 2026-08-21 08:00:00+00:00, run_after=2026-08-21 12:00:00+00:00
[2026-08-21T12:20:50.030+0000] {processor.py:183} INFO - Processing /home/airflow/.local/lib/python3.8/site-packages/airflow/example_dags/example_latest_only_with_trigger.py took 0.342 seconds
[2026-08-21T12:21:20.207+0000] {processor.py:161} INFO - Started process (PID=5624) to work on /home/airflow/.local/lib/python3.8/site-packages/airflow/example_dags/example_latest_only_with_trigger.py
[2026-08-21T12:21:20.208+0000] {processor.py:830} INFO - Processing file /home/airflow/.local/lib/python3.8/site-packages/airflow/example_dags/example_latest_only_with_trigger.py for tasks to queue
[2026-08-21T12:21:20.211+0000] {logging_mixin.py:188} INFO - [2026-08-21T12:21:20.211+0000] {dagbag.py:538} INFO - Filling up the DagBag from /home/airflow/.local/lib/python3.8/site-packages/airflow/example_dags/example_latest_only_with_trigger.py
[2026-08-21T12:21:20.219+0000] {processor.py:840} INFO - DAG(s) 'latest_only_with_trigger' retrieved from /home/airflow/.local/lib/python3.8/site-packages/airflow/example_dags/example_latest_only_with_trigger.py
[2026-08-21T12:21:20.257+0000] {logging_mixin.py:188} INFO - [2026-08-21T12:21:20.256+0000] {dag.py:3036} INFO - Sync 1 DAGs
[2026-08-21T12:21:20.285+0000] {logging_mixin.py:188} INFO - [2026-08-21T12:21:20.285+0000] {dag.py:3823} INFO - Setting next_dagrun for latest_only_with_trigger to 2026-08-21 08:00:00+00:00, run_after=2026-08-21 12:00:00+00:00
[2026-08-21T12:21:20.359+0000] {processor.py:183} INFO - Processing /home/airflow/.local/lib/python3.8/site-packages/airflow/example_dags/example_latest_only_with_trigger.py took 0.157 seconds
[2026-08-21T12:21:50.938+0000] {processor.py:161} INFO - Started process (PID=5711) to work on /home/airflow/.local/lib/python3.8/site-packages/airflow/example_dags/example_latest_only_with_trigger.py
[2026-08-21T12:21:50.939+0000] {processor.py:830} INFO - Processing file /home/airflow/.local/lib/python3.8/site-packages/airflow/example_dags/example_latest_only_with_trigger.py for tasks to queue
[2026-08-21T12:21:50.942+0000] {logging_mixin.py:188} INFO - [2026-08-21T12:21:50.941+0000] {dagbag.py:538} INFO - Filling up the DagBag from /home/airflow/.local/lib/python3.8/site-packages/airflow/example_dags/example_latest_only_with_trigger.py
[2026-08-21T12:21:50.949+0000] {processor.py:840} INFO - DAG(s) 'latest_only_with_trigger' retrieved from /home/airflow/.local/lib/python3.8/site-packages/airflow/example_dags/example_latest_only_with_trigger.py
[2026-08-21T12:21:50.971+0000] {logging_mixin.py:188} INFO - [2026-08-21T12:21:50.971+0000] {dag.py:3036} INFO - Sync 1 DAGs
[2026-08-21T12:21:50.992+0000] {logging_mixin.py:188} INFO - [2026-08-21T12:21:50.992+0000] {dag.py:3823} INFO - Setting next_dagrun for latest_only_with_trigger to 2026-08-21 08:00:00+00:00, run_after=2026-08-21 12:00:00+00:00
[2026-08-21T12:21:51.010+0000] {processor.py:183} INFO - Processing /home/airflow/.local/lib/python3.8/site-packages/airflow/example_dags/example_latest_only_with_trigger.py took 0.077 seconds
[2026-08-21T12:22:21.873+0000] {processor.py:161} INFO - Started process (PID=5799) to work on /home/airflow/.local/lib/python3.8/site-packages/airflow/example_dags/example_latest_only_with_trigger.py
[2026-08-21T12:22:21.875+0000] {processor.py:830} INFO - Processing file /home/airflow/.local/lib/python3.8/site-packages/airflow/example_dags/example_latest_only_with_trigger.py for tasks to queue
[2026-08-21T12:22:21.877+0000] {logging_mixin.py:188} INFO - [2026-08-21T12:22:21.877+0000] {dagbag.py:538} INFO - Filling up the DagBag from /home/airflow/.local/lib/python3.8/site-packages/airflow/example_dags/example_latest_only_with_trigger.py
[2026-08-21T12:22:21.884+0000] {processor.py:840} INFO - DAG(s) 'latest_only_with_trigger' retrieved from /home/airflow/.local/lib/python3.8/site-packages/airflow/example_dags/example_latest_only_with_trigger.py
[2026-08-21T12:22:21.906+0000] {logging_mixin.py:188} INFO - [2026-08-21T12:22:21.906+0000] {dag.py:3036} INFO - Sync 1 DAGs
[2026-08-21T12:22:21.931+0000] {logging_mixin.py:188} INFO - [2026-08-21T12:22:21.931+0000] {dag.py:3823} INFO - Setting next_dagrun for latest_only_with_trigger to 2026-08-21 08:00:00+00:00, run_after=2026-08-21 12:00:00+00:00
[2026-08-21T12:22:21.954+0000] {processor.py:183} INFO - Processing /home/airflow/.local/lib/python3.8/site-packages/airflow/example_dags/example_latest_only_with_trigger.py took 0.084 seconds
[2026-08-21T12:22:53.635+0000] {processor.py:161} INFO - Started process (PID=5886) to work on /home/airflow/.local/lib/python3.8/site-packages/airflow/example_dags/example_latest_only_with_trigger.py
[2026-08-21T12:22:53.637+0000] {processor.py:830} INFO - Processing file /home/airflow/.local/lib/python3.8/site-packages/airflow/example_dags/example_latest_only_with_trigger.py for tasks to queue
[2026-08-21T12:22:53.642+0000] {logging_mixin.py:188} INFO - [2026-08-21T12:22:53.642+0000] {dagbag.py:538} INFO - Filling up the DagBag from /home/airflow/.local/lib/python3.8/site-packages/airflow/example_dags/example_latest_only_with_trigger.py
[2026-08-21T12:22:53.651+0000] {processor.py:840} INFO - DAG(s) 'latest_only_with_trigger' retrieved from /home/airflow/.local/lib/python3.8/site-packages/airflow/example_dags/example_latest_only_with_trigger.py
[2026-08-21T12:22:53.681+0000] {logging_mixin.py:188} INFO - [2026-08-21T12:22:53.681+0000] {dag.py:3036} INFO - Sync 1 DAGs
[2026-08-21T12:22:53.708+0000] {logging_mixin.py:188} INFO - [2026-08-21T12:22:53.707+0000] {dag.py:3823} INFO - Setting next_dagrun for latest_only_with_trigger to 2026-08-21 08:00:00+00:00, run_after=2026-08-21 12:00:00+00:00
[2026-08-21T12:22:53.730+0000] {processor.py:183} INFO - Processing /home/airflow/.local/lib/python3.8/site-packages/airflow/example_dags/example_latest_only_with_trigger.py took 0.100 seconds
[2026-08-21T12:23:24.979+0000] {processor.py:161} INFO - Started process (PID=5973) to work on /home/airflow/.local/lib/python3.8/site-packages/airflow/example_dags/example_latest_only_with_trigger.py
[2026-08-21T12:23:24.981+0000] {processor.py:830} INFO - Processing file /home/airflow/.local/lib/python3.8/site-packages/airflow/example_dags/example_latest_only_with_trigger.py for tasks to queue
[2026-08-21T12:23:24.985+0000] {logging_mixin.py:188} INFO - [2026-08-21T12:23:24.984+0000] {dagbag.py:538} INFO - Filling up the DagBag from /home/airflow/.local/lib/python3.8/site-packages/airflow/example_dags/example_latest_only_with_trigger.py
[2026-08-21T12:23:24.995+0000] {processor.py:840} INFO - DAG(s) 'latest_only_with_trigger' retrieved from /home/airflow/.local/lib/python3.8/site-packages/airflow/example_dags/example_latest_only_with_trigger.py
[2026-08-21T12:23:25.030+0000] {logging_mixin.py:188} INFO - [2026-08-21T12:23:25.030+0000] {dag.py:3036} INFO - Sync 1 DAGs
[2026-08-21T12:23:25.066+0000] {logging_mixin.py:188} INFO - [2026-08-21T12:23:25.065+0000] {dag.py:3823} INFO - Setting next_dagrun for latest_only_with_trigger to 2026-08-21 08:00:00+00:00, run_after=2026-08-21 12:00:00+00:00
[2026-08-21T12:23:25.123+0000] {processor.py:183} INFO - Processing /home/airflow/.local/lib/python3.8/site-packages/airflow/example_dags/example_latest_only_with_trigger.py took 0.148 seconds
[2026-08-21T12:23:56.334+0000] {processor.py:161} INFO - Started process (PID=6060) to work on /home/airflow/.local/lib/python3.8/site-packages/airflow/example_dags/example_latest_only_with_trigger.py
[2026-08-21T12:23:56.335+0000] {processor.py:830} INFO - Processing file /home/airflow/.local/lib/python3.8/site-packages/airflow/example_dags/example_latest_only_with_trigger.py for tasks to queue
[2026-08-21T12:23:56.337+0000] {logging_mixin.py:188} INFO - [2026-08-21T12:23:56.337+0000] {dagbag.py:538} INFO - Filling up the DagBag from /home/airflow/.local/lib/python3.8/site-packages/airflow/example_dags/example_latest_only_with_trigger.py
[2026-08-21T12:23:56.345+0000] {processor.py:840} INFO - DAG(s) 'latest_only_with_trigger' retrieved from /home/airflow/.local/lib/python3.8/site-packages/airflow/example_dags/example_latest_only_with_trigger.py
[2026-08-21T12:23:56.367+0000] {logging_mixin.py:188} INFO - [2026-08-21T12:23:56.367+0000] {dag.py:3036} INFO - Sync 1 DAGs
[2026-08-21T12:23:56.389+0000] {logging_mixin.py:188} INFO - [2026-08-21T12:23:56.388+0000] {dag.py:3823} INFO - Setting next_dagrun for latest_only_with_trigger to 2026-08-21 08:00:00+00:00, run_after=2026-08-21 12:00:00+00:00
[2026-08-21T12:23:56.454+0000] {processor.py:183} INFO - Processing /home/airflow/.local/lib/python3.8/site-packages/airflow/example_dags/example_latest_only_with_trigger.py took 0.124 seconds
[2026-08-21T12:24:27.405+0000] {processor.py:161} INFO - Started process (PID=6147) to work on /home/airflow/.local/lib/python3.8/site-packages/airflow/example_dags/example_latest_only_with_trigger.py
[2026-08-21T12:24:27.407+0000] {processor.py:830} INFO - Processing file /home/airflow/.local/lib/python3.8/site-packages/airflow/example_dags/example_latest_only_with_trigger.py for tasks to queue
[2026-08-21T12:24:27.409+0000] {logging_mixin.py:188} INFO - [2026-08-21T12:24:27.408+0000] {dagbag.py:538} INFO - Filling up the DagBag from /home/airflow/.local/lib/python3.8/site-packages/airflow/example_dags/example_latest_only_with_trigger.py
[2026-08-21T12:24:27.415+0000] {processor.py:840} INFO - DAG(s) 'latest_only_with_trigger' retrieved from /home/airflow/.local/lib/python3.8/site-packages/airflow/example_dags/example_latest_only_with_trigger.py
[2026-08-21T12:24:27.442+0000] {logging_mixin.py:188} INFO - [2026-08-21T12:24:27.442+0000] {dag.py:3036} INFO - Sync 1 DAGs
[2026-08-21T12:24:27.468+0000] {logging_mixin.py:188} INFO - [2026-08-21T12:24:27.468+0000] {dag.py:3823} INFO - Setting next_dagrun for latest_only_with_trigger to 2026-08-21 08:00:00+00:00, run_after=2026-08-21 12:00:00+00:00
[2026-08-21T12:24:27.537+0000] {processor.py:183} INFO - Processing /home/airflow/.local/lib/python3.8/site-packages/airflow/example_dags/example_latest_only_with_trigger.py took 0.137 seconds
[2026-08-21T12:24:57.786+0000] {processor.py:161} INFO - Started process (PID=6234) to work on /home/airflow/.local/lib/python3.8/site-packages/airflow/example_dags/example_latest_only_with_trigger.py
[2026-08-21T12:24:57.788+0000] {processor.py:830} INFO - Processing file /home/airflow/.local/lib/python3.8/site-packages/airflow/example_dags/example_latest_only_with_trigger.py for tasks to queue
[2026-08-21T12:24:57.790+0000] {logging_mixin.py:188} INFO - [2026-08-21T12:24:57.790+0000] {dagbag.py:538} INFO - Filling up the DagBag from /home/airflow/.local/lib/python3.8/site-packages/airflow/example_dags/example_latest_only_with_trigger.py
[2026-08-21T12:24:57.796+0000] {processor.py:840} INFO - DAG(s) 'latest_only_with_trigger' retrieved from /home/airflow/.local/lib/python3.8/site-packages/airflow/example_dags/example_latest_only_with_trigger.py
[2026-08-21T12:24:57.817+0000] {logging_mixin.py:188} INFO - [2026-08-21T12:24:57.817+0000] {dag.py:3036} INFO - Sync 1 DAGs
[2026-08-21T12:24:57.839+0000] {logging_mixin.py:188} INFO - [2026-08-21T12:24:57.838+0000] {dag.py:3823} INFO - Setting next_dagrun for latest_only_with_trigger to 2026-08-21 08:00:00+00:00, run_after=2026-08-21 12:00:00+00:00
[2026-08-21T12:24:57.894+0000] {processor.py:183} INFO - Processing /home/airflow/.local/lib/python3.8/site-packages/airflow/example_dags/example_latest_only_with_trigger.py took 0.111 seconds
[2026-08-21T12:25:29.248+0000] {processor.py:161} INFO - Started process (PID=6321) to work on /home/airflow/.local/lib/python3.8/site-packages/airflow/example_dags/example_latest_only_with_trigger.py
[2026-08-21T12:25:29.250+0000] {processor.py:830} INFO - Processing file /home/airflow/.local/lib/python3.8/site-packages/airflow/example_dags/example_latest_only_with_trigger.py for tasks to queue
[2026-08-21T12:25:29.254+0000] {logging_mixin.py:188} INFO - [2026-08-21T12:25:29.253+0000] {dagbag.py:538} INFO - Filling up the DagBag from /home/airflow/.local/lib/python3.8/site-packages/airflow/example_dags/example_latest_only_with_trigger.py
[2026-08-21T12:25:29.263+0000] {processor.py:840} INFO - DAG(s) 'latest_only_with_trigger' retrieved from /home/airflow/.local/lib/python3.8/site-packages/airflow/example_dags/example_latest_only_with_trigger.py
[2026-08-21T12:25:29.296+0000] {logging_mixin.py:188} INFO - [2026-08-21T12:25:29.296+0000] {dag.py:3036} INFO - Sync 1 DAGs
[2026-08-21T12:25:29.333+0000] {logging_mixin.py:188} INFO - [2026-08-21T12:25:29.332+0000] {dag.py:3823} INFO - Setting next_dagrun for latest_only_with_trigger to 2026-08-21 08:00:00+00:00, run_after=2026-08-21 12:00:00+00:00
[2026-08-21T12:25:29.359+0000] {processor.py:183} INFO - Processing /home/airflow/.local/lib/python3.8/site-packages/airflow/example_dags/example_latest_only_with_trigger.py took 0.116 seconds
[2026-08-21T12:26:01.491+0000] {processor.py:161} INFO - Started process (PID=6410) to work on /home/airflow/.local/lib/python3.8/site-packages/airflow/example_dags/example_latest_only_with_trigger.py
[2026-08-21T12:26:01.493+0000] {processor.py:830} INFO - Processing file /home/airflow/.local/lib/python3.8/site-packages/airflow/example_dags/example_latest_only_with_trigger.py for tasks to queue
[2026-08-21T12:26:01.496+0000] {logging_mixin.py:188} INFO - [2026-08-21T12:26:01.495+0000] {dagbag.py:538} INFO - Filling up the DagBag from /home/airflow/.local/lib/python3.8/site-packages/airflow/example_dags/example_latest_only_with_trigger.py
[2026-08-21T12:26:01.505+0000] {processor.py:840} INFO - DAG(s) 'latest_only_with_trigger' retrieved from /home/airflow/.local/lib/python3.8/site-packages/airflow/example_dags/example_latest_only_with_trigger.py
[2026-08-21T12:26:01.530+0000] {logging_mixin.py:188} INFO - [2026-08-21T12:26:01.530+0000] {dag.py:3036} INFO - Sync 1 DAGs
[2026-08-21T12:26:01.730+0000] {logging_mixin.py:188} INFO - [2026-08-21T12:26:01.730+0000] {dag.py:3823} INFO - Setting next_dagrun for latest_only_with_trigger to 2026-08-21 08:00:00+00:00, run_after=2026-08-21 12:00:00+00:00
[2026-08-21T12:26:01.751+0000] {processor.py:183} INFO - Processing /home/airflow/.local/lib/python3.8/site-packages/airflow/example_dags/example_latest_only_with_trigger.py took 0.264 seconds
[2026-08-21T12:26:32.369+0000] {processor.py:161} INFO - Started process (PID=6497) to work on /home/airflow/.local/lib/python3.8/site-packages/airflow/example_dags/example_latest_only_with_trigger.py
[2026-08-21T12:26:32.370+0000] {processor.py:830} INFO - Processing file /home/airflow/.local/lib/python3.8/site-packages/airflow/example_dags/example_latest_only_with_trigger.py for tasks to queue
[2026-08-21T12:26:32.372+0000] {logging_mixin.py:188} INFO - [2026-08-21T12:26:32.372+0000] {dagbag.py:538} INFO - Filling up the DagBag from /home/airflow/.local/lib/python3.8/site-packages/airflow/example_dags/example_latest_only_with_trigger.py
[2026-08-21T12:26:32.379+0000] {processor.py:840} INFO - DAG(s) 'latest_only_with_trigger' retrieved from /home/airflow/.local/lib/python3.8/site-packages/airflow/example_dags/example_latest_only_with_trigger.py
[2026-08-21T12:26:32.403+0000] {logging_mixin.py:188} INFO - [2026-08-21T12:26:32.402+0000] {dag.py:3036} INFO - Sync 1 DAGs
[2026-08-21T12:26:32.428+0000] {logging_mixin.py:188} INFO - [2026-08-21T12:26:32.428+0000] {dag.py:3823} INFO - Setting next_dagrun for latest_only_with_trigger to 2026-08-21 08:00:00+00:00, run_after=2026-08-21 12:00:00+00:00
[2026-08-21T12:26:32.633+0000] {processor.py:183} INFO - Processing /home/airflow/.local/lib/python3.8/site-packages/airflow/example_dags/example_latest_only_with_trigger.py took 0.268 seconds
[2026-08-21T12:27:03.069+0000] {processor.py:161} INFO - Started process (PID=6588) to work on /home/airflow/.local/lib/python3.8/site-packages/airflow/example_dags/example_latest_only_with_trigger.py
[2026-08-21T12:27:03.071+0000] {processor.py:830} INFO - Processing file /home/airflow/.local/lib/python3.8/site-packages/airflow/example_dags/example_latest_only_with_trigger.py for tasks to queue
[2026-08-21T12:27:03.074+0000] {logging_mixin.py:188} INFO - [2026-08-21T12:27:03.073+0000] {dagbag.py:538} INFO - Filling up the DagBag from /home/airflow/.local/lib/python3.8/site-packages/airflow/example_dags/example_latest_only_with_trigger.py
[2026-08-21T12:27:03.087+0000] {processor.py:840} INFO - DAG(s) 'latest_only_with_trigger' retrieved from /home/airflow/.local/lib/python3.8/site-packages/airflow/example_dags/example_latest_only_with_trigger.py
[2026-08-21T12:27:03.132+0000] {logging_mixin.py:188} INFO - [2026-08-21T12:27:03.132+0000] {dag.py:3036} INFO - Sync 1 DAGs
[2026-08-21T12:27:03.174+0000] {logging_mixin.py:188} INFO - [2026-08-21T12:27:03.174+0000] {dag.py:3823} INFO - Setting next_dagrun for latest_only_with_trigger to 2026-08-21 08:00:00+00:00, run_after=2026-08-21 12:00:00+00:00
[2026-08-21T12:27:03.201+0000] {processor.py:183} INFO - Processing /home/airflow/.local/lib/python3.8/site-packages/airflow/example_dags/example_latest_only_with_trigger.py took 0.140 seconds
[2026-08-21T12:27:33.361+0000] {processor.py:161} INFO - Started process (PID=6675) to work on /home/airflow/.local/lib/python3.8/site-packages/airflow/example_dags/example_latest_only_with_trigger.py
[2026-08-21T12:27:33.362+0000] {processor.py:830} INFO - Processing file /home/airflow/.local/lib/python3.8/site-packages/airflow/example_dags/example_latest_only_with_trigger.py for tasks to queue
[2026-08-21T12:27:33.364+0000] {logging_mixin.py:188} INFO - [2026-08-21T12:27:33.364+0000] {dagbag.py:538} INFO - Filling up the DagBag from /home/airflow/.local/lib/python3.8/site-packages/airflow/example_dags/example_latest_only_with_trigger.py
[2026-08-21T12:27:33.370+0000] {processor.py:840} INFO - DAG(s) 'latest_only_with_trigger' retrieved from /home/airflow/.local/lib/python3.8/site-packages/airflow/example_dags/example_latest_only_with_trigger.py
[2026-08-21T12:27:33.394+0000] {logging_mixin.py:188} INFO - [2026-08-21T12:27:33.393+0000] {dag.py:3036} INFO - Sync 1 DAGs
[2026-08-21T12:27:33.417+0000] {logging_mixin.py:188} INFO - [2026-08-21T12:27:33.417+0000] {dag.py:3823} INFO - Setting next_dagrun for latest_only_with_trigger to 2026-08-21 08:00:00+00:00, run_after=2026-08-21 12:00:00+00:00
[2026-08-21T12:27:33.437+0000] {processor.py:183} INFO - Processing /home/airflow/.local/lib/python3.8/site-packages/airflow/example_dags/example_latest_only_with_trigger.py took 0.080 seconds
[2026-08-21T12:28:04.679+0000] {processor.py:161} INFO - Started process (PID=6762) to work on /home/airflow/.local/lib/python3.8/site-packages/airflow/example_dags/example_latest_only_with_trigger.py
[2026-08-21T12:28:04.680+0000] {processor.py:830} INFO - Processing file /home/airflow/.local/lib/python3.8/site-packages/airflow/example_dags/example_latest_only_with_trigger.py for tasks to queue
[2026-08-21T12:28:04.683+0000] {logging_mixin.py:188} INFO - [2026-08-21T12:28:04.682+0000] {dagbag.py:538} INFO - Filling up the DagBag from /home/airflow/.local/lib/python3.8/site-packages/airflow/example_dags/example_latest_only_with_trigger.py
[2026-08-21T12:28:04.689+0000] {processor.py:840} INFO - DAG(s) 'latest_only_with_trigger' retrieved from /home/airflow/.local/lib/python3.8/site-packages/airflow/example_dags/example_latest_only_with_trigger.py
[2026-08-21T12:28:04.718+0000] {logging_mixin.py:188} INFO - [2026-08-21T12:28:04.718+0000] {dag.py:3036} INFO - Sync 1 DAGs
[2026-08-21T12:28:04.744+0000] {logging_mixin.py:188} INFO - [2026-08-21T12:28:04.743+0000] {dag.py:3823} INFO - Setting next_dagrun for latest_only_with_trigger to 2026-08-21 08:00:00+00:00, run_after=2026-08-21 12:00:00+00:00
[2026-08-21T12:28:04.773+0000] {processor.py:183} INFO - Processing /home/airflow/.local/lib/python3.8/site-packages/airflow/example_dags/example_latest_only_with_trigger.py took 0.098 seconds
[2026-08-21T12:28:35.141+0000] {processor.py:161} INFO - Started process (PID=6849) to work on /home/airflow/.local/lib/python3.8/site-packages/airflow/example_dags/example_latest_only_with_trigger.py
[2026-08-21T12:28:35.142+0000] {processor.py:830} INFO - Processing file /home/airflow/.local/lib/python3.8/site-packages/airflow/example_dags/example_latest_only_with_trigger.py for tasks to queue
[2026-08-21T12:28:35.144+0000] {logging_mixin.py:188} INFO - [2026-08-21T12:28:35.144+0000] {dagbag.py:538} INFO - Filling up the DagBag from /home/airflow/.local/lib/python3.8/site-packages/airflow/example_dags/example_latest_only_with_trigger.py
[2026-08-21T12:28:35.151+0000] {processor.py:840} INFO - DAG(s) 'latest_only_with_trigger' retrieved from /home/airflow/.local/lib/python3.8/site-packages/airflow/example_dags/example_latest_only_with_trigger.py
[2026-08-21T12:28:35.176+0000] {logging_mixin.py:188} INFO - [2026-08-21T12:28:35.175+0000] {dag.py:3036} INFO - Sync 1 DAGs
[2026-08-21T12:28:35.199+0000] {logging_mixin.py:188} INFO - [2026-08-21T12:28:35.198+0000] {dag.py:3823} INFO - Setting next_dagrun for latest_only_with_trigger to 2026-08-21 08:00:00+00:00, run_after=2026-08-21 12:00:00+00:00
[2026-08-21T12:28:35.222+0000] {processor.py:183} INFO - Processing /home/airflow/.local/lib/python3.8/site-packages/airflow/example_dags/example_latest_only_with_trigger.py took 0.085 seconds
[2026-08-21T12:29:06.438+0000] {processor.py:161} INFO - Started process (PID=6936) to work on /home/airflow/.local/lib/python3.8/site-packages/airflow/example_dags/example_latest_only_with_trigger.py
[2026-08-21T12:29:06.439+0000] {processor.py:830} INFO - Processing file /home/airflow/.local/lib/python3.8/site-packages/airflow/example_dags/example_latest_only_with_trigger.py for tasks to queue
[2026-08-21T12:29:06.441+0000] {logging_mixin.py:188} INFO - [2026-08-21T12:29:06.441+0000] {dagbag.py:538} INFO - Filling up the DagBag from /home/airflow/.local/lib/python3.8/site-packages/airflow/example_dags/example_latest_only_with_trigger.py
[2026-08-21T12:29:06.448+0000] {processor.py:840} INFO - DAG(s) 'latest_only_with_trigger' retrieved from /home/airflow/.local/lib/python3.8/site-packages/airflow/example_dags/example_latest_only_with_trigger.py
[2026-08-21T12:29:06.471+0000] {logging_mixin.py:188} INFO - [2026-08-21T12:29:06.471+0000] {dag.py:3036} INFO - Sync 1 DAGs
[2026-08-21T12:29:06.494+0000] {logging_mixin.py:188} INFO - [2026-08-21T12:29:06.494+0000] {dag.py:3823} INFO - Setting next_dagrun for latest_only_with_trigger to 2026-08-21 08:00:00+00:00, run_after=2026-08-21 12:00:00+00:00
[2026-08-21T12:29:06.533+0000] {processor.py:183} INFO - Processing /home/airflow/.local/lib/python3.8/site-packages/airflow/example_dags/example_latest_only_with_trigger.py took 0.098 seconds
[2026-08-21T12:29:37.784+0000] {processor.py:161} INFO - Started process (PID=7023) to work on /home/airflow/.local/lib/python3.8/site-packages/airflow/example_dags/example_latest_only_with_trigger.py
[2026-08-21T12:29:37.786+0000] {processor.py:830} INFO - Processing file /home/airflow/.local/lib/python3.8/site-packages/airflow/example_dags/example_latest_only_with_trigger.py for tasks to queue
[2026-08-21T12:29:37.789+0000] {logging_mixin.py:188} INFO - [2026-08-21T12:29:37.788+0000] {dagbag.py:538} INFO - Filling up the DagBag from /home/airflow/.local/lib/python3.8/site-packages/airflow/example_dags/example_latest_only_with_trigger.py
[2026-08-21T12:29:37.796+0000] {processor.py:840} INFO - DAG(s) 'latest_only_with_trigger' retrieved from /home/airflow/.local/lib/python3.8/site-packages/airflow/example_dags/example_latest_only_with_trigger.py
[2026-08-21T12:29:37.819+0000] {logging_mixin.py:188} INFO - [2026-08-21T12:29:37.819+0000] {dag.py:3036} INFO - Sync 1 DAGs
[2026-08-21T12:29:37.843+0000] {logging_mixin.py:188} INFO - [2026-08-21T12:29:37.843+0000] {dag.py:3823} INFO - Setting next_dagrun for latest_only_with_trigger to 2026-08-21 08:00:00+00:00, run_after=2026-08-21 12:00:00+00:00
[2026-08-21T12:29:37.864+0000] {processor.py:183} INFO - Processing /home/airflow/.local/lib/python3.8/site-packages/airflow/example_dags/example_latest_only_with_trigger.py took 0.084 seconds
[2026-08-21T12:30:08.780+0000] {processor.py:161} INFO - Started process (PID=7110) to work on /home/airflow/.local/lib/python3.8/site-packages/airflow/example_dags/example_latest_only_with_trigger.py
[2026-08-21T12:30:08.781+0000] {processor.py:830} INFO - Processing file /home/airflow/.local/lib/python3.8/site-packages/airflow/example_dags/example_latest_only_with_trigger.py for tasks to queue
[2026-08-21T12:30:08.784+0000] {logging_mixin.py:188} INFO - [2026-08-21T12:30:08.783+0000] {dagbag.py:538} INFO - Filling up the DagBag from /home/airflow/.local/lib/python3.8/site-packages/airflow/example_dags/example_latest_only_with_trigger.py
[2026-08-21T12:30:08.790+0000] {processor.py:840} INFO - DAG(s) 'latest_only_with_trigger' retrieved from /home/airflow/.local/lib/python3.8/site-packages/airflow/example_dags/example_latest_only_with_trigger.py
[2026-08-21T12:30:08.811+0000] {logging_mixin.py:188} INFO - [2026-08-21T12:30:08.811+0000] {dag.py:3036} INFO - Sync 1 DAGs
[2026-08-21T12:30:08.832+0000] {logging_mixin.py:188} INFO - [2026-08-21T12:30:08.832+0000] {dag.py:3823} INFO - Setting next_dagrun for latest_only_with_trigger to 2026-08-21 08:00:00+00:00, run_after=2026-08-21 12:00:00+00:00
[2026-08-21T12:30:08.853+0000] {processor.py:183} INFO - Processing /home/airflow/.local/lib/python3.8/site-packages/airflow/example_dags/example_latest_only_with_trigger.py took 0.076 seconds
[2026-08-21T12:30:39.303+0000] {processor.py:161} INFO - Started process (PID=7197) to work on /home/airflow/.local/lib/python3.8/site-packages/airflow/example_dags/example_latest_only_with_trigger.py
[2026-08-21T12:30:39.304+0000] {processor.py:830} INFO - Processing file /home/airflow/.local/lib/python3.8/site-packages/airflow/example_dags/example_latest_only_with_trigger.py for tasks to queue
[2026-08-21T12:30:39.306+0000] {logging_mixin.py:188} INFO - [2026-08-21T12:30:39.306+0000] {dagbag.py:538} INFO - Filling up the DagBag from /home/airflow/.local/lib/python3.8/site-packages/airflow/example_dags/example_latest_only_with_trigger.py
[2026-08-21T12:30:39.313+0000] {processor.py:840} INFO - DAG(s) 'latest_only_with_trigger' retrieved from /home/airflow/.local/lib/python3.8/site-packages/airflow/example_dags/example_latest_only_with_trigger.py
[2026-08-21T12:30:39.336+0000] {logging_mixin.py:188} INFO - [2026-08-21T12:30:39.336+0000] {dag.py:3036} INFO - Sync 1 DAGs
[2026-08-21T12:30:39.366+0000] {logging_mixin.py:188} INFO - [2026-08-21T12:30:39.365+0000] {dag.py:3823} INFO - Setting next_dagrun for latest_only_with_trigger to 2026-08-21 08:00:00+00:00, run_after=2026-08-21 12:00:00+00:00
[2026-08-21T12:30:39.399+0000] {processor.py:183} INFO - Processing /home/airflow/.local/lib/python3.8/site-packages/airflow/example_dags/example_latest_only_with_trigger.py took 0.100 seconds
[2026-08-21T12:31:09.911+0000] {processor.py:161} INFO - Started process (PID=7285) to work on /home/airflow/.local/lib/python3.8/site-packages/airflow/example_dags/example_latest_only_with_trigger.py
[2026-08-21T12:31:09.912+0000] {processor.py:830} INFO - Processing file /home/airflow/.local/lib/python3.8/site-packages/airflow/example_dags/example_latest_only_with_trigger.py for tasks to queue
[2026-08-21T12:31:09.915+0000] {logging_mixin.py:188} INFO - [2026-08-21T12:31:09.914+0000] {dagbag.py:538} INFO - Filling up the DagBag from /home/airflow/.local/lib/python3.8/site-packages/airflow/example_dags/example_latest_only_with_trigger.py
[2026-08-21T12:31:09.920+0000] {processor.py:840} INFO - DAG(s) 'latest_only_with_trigger' retrieved from /home/airflow/.local/lib/python3.8/site-packages/airflow/example_dags/example_latest_only_with_trigger.py
[2026-08-21T12:31:09.941+0000] {logging_mixin.py:188} INFO - [2026-08-21T12:31:09.940+0000] {dag.py:3036} INFO - Sync 1 DAGs
[2026-08-21T12:31:09.961+0000] {logging_mixin.py:188} INFO - [2026-08-21T12:31:09.961+0000] {dag.py:3823} INFO - Setting next_dagrun for latest_only_with_trigger to 2026-08-21 08:00:00+00:00, run_after=2026-08-21 12:00:00+00:00
[2026-08-21T12:31:09.984+0000] {processor.py:183} INFO - Processing /home/airflow/.local/lib/python3.8/site-packages/airflow/example_dags/example_latest_only_with_trigger.py took 0.076 seconds
[2026-08-21T12:31:40.597+0000] {processor.py:161} INFO - Started process (PID=7372) to work on /home/airflow/.local/lib/python3.8/site-packages/airflow/example_dags/example_latest_only_with_trigger.py
[2026-08-21T12:31:40.598+0000] {processor.py:830} INFO - Processing file /home/airflow/.local/lib/python3.8/site-packages/airflow/example_dags/example_latest_only_with_trigger.py for tasks to queue
[2026-08-21T12:31:40.600+0000] {logging_mixin.py:188} INFO - [2026-08-21T12:31:40.600+0000] {dagbag.py:538} INFO - Filling up the DagBag from /home/airflow/.local/lib/python3.8/site-packages/airflow/example_dags/example_latest_only_with_trigger.py
[2026-08-21T12:31:40.606+0000] {processor.py:840} INFO - DAG(s) 'latest_only_with_trigger' retrieved from /home/airflow/.local/lib/python3.8/site-packages/airflow/example_dags/example_latest_only_with_trigger.py
[2026-08-21T12:31:40.628+0000] {logging_mixin.py:188} INFO - [2026-08-21T12:31:40.627+0000] {dag.py:3036} INFO - Sync 1 DAGs
[2026-08-21T12:31:40.649+0000] {logging_mixin.py:188} INFO - [2026-08-21T12:31:40.649+0000] {dag.py:3823} INFO - Setting next_dagrun for latest_only_with_trigger to 2026-08-21 08:00:00+00:00, run_after=2026-08-21 12:00:00+00:00
[2026-08-21T12:31:40.686+0000] {processor.py:183} INFO - Processing /home/airflow/.local/lib/python3.8/site-packages/airflow/example_dags/example_latest_only_with_trigger.py took 0.093 seconds
