[2026-08-21T11:42:43.280+0000] {processor.py:161} INFO - Started process (PID=157) to work on /home/airflow/.local/lib/python3.8/site-packages/airflow/example_dags/example_datasets.py
[2026-08-21T11:42:43.286+0000] {processor.py:830} INFO - Processing file /home/airflow/.local/lib/python3.8/site-packages/airflow/example_dags/example_datasets.py for tasks to queue
[2026-08-21T11:42:43.297+0000] {logging_mixin.py:188} INFO - [2026-08-21T11:42:43.296+0000] {dagbag.py:538} INFO - Filling up the DagBag from /home/airflow/.local/lib/python3.8/site-packages/airflow/example_dags/example_datasets.py
[2026-08-21T11:42:43.369+0000] {processor.py:840} INFO - DAG(s) 'dataset_consumes_1_never_scheduled', 'dataset_consumes_1', 'dataset_produces_1', 'dataset_produces_2', 'dataset_consumes_1_and_2', 'dataset_consumes_unknown_never_scheduled' retrieved from /home/airflow/.local/lib/python3.8/site-packages/airflow/example_dags/example_datasets.py
[2026-08-21T11:42:44.252+0000] {logging_mixin.py:188} INFO - [2026-08-21T11:42:44.252+0000] {dag.py:3036} INFO - Sync 6 DAGs
[2026-08-21T11:42:44.332+0000] {logging_mixin.py:188} INFO - [2026-08-21T11:42:44.332+0000] {dag.py:3823} INFO - Setting next_dagrun for dataset_consumes_1 to None, run_after=None
[2026-08-21T11:42:44.340+0000] {logging_mixin.py:188} INFO - [2026-08-21T11:42:44.339+0000] {dag.py:3823} INFO - Setting next_dagrun for dataset_consumes_1_and_2 to None, run_after=None
[2026-08-21T11:42:44.350+0000] {logging_mixin.py:188} INFO - [2026-08-21T11:42:44.349+0000] {dag.py:3823} INFO - Setting next_dagrun for dataset_consumes_1_never_scheduled to None, run_after=None
[2026-08-21T11:42:44.361+0000] {logging_mixin.py:188} INFO - [2026-08-21T11:42:44.361+0000] {dag.py:3823} INFO - Setting next_dagrun for dataset_consumes_unknown_never_scheduled to None, run_after=None
[2026-08-21T11:42:44.373+0000] {logging_mixin.py:188} INFO - [2026-08-21T11:42:44.373+0000] {dag.py:3823} INFO - Setting next_dagrun for dataset_produces_1 to 2026-08-20 00:00:00+00:00, run_after=2026-08-21 00:00:00+00:00
[2026-08-21T11:42:44.383+0000] {logging_mixin.py:188} INFO - [2026-08-21T11:42:44.381+0000] {dag.py:3823} INFO - Setting next_dagrun for dataset_produces_2 to None, run_after=None
[2026-08-21T11:42:44.528+0000] {processor.py:183} INFO - Processing /home/airflow/.local/lib/python3.8/site-packages/airflow/example_dags/example_datasets.py took 1.259 seconds
[2026-08-21T11:43:22.674+0000] {processor.py:161} INFO - Started process (PID=111) to work on /home/airflow/.local/lib/python3.8/site-packages/airflow/example_dags/example_datasets.py
[2026-08-21T11:43:22.676+0000] {processor.py:830} INFO - Processing file /home/airflow/.local/lib/python3.8/site-packages/airflow/example_dags/example_datasets.py for tasks to queue
[2026-08-21T11:43:22.679+0000] {logging_mixin.py:188} INFO - [2026-08-21T11:43:22.678+0000] {dagbag.py:538} INFO - Filling up the DagBag from /home/airflow/.local/lib/python3.8/site-packages/airflow/example_dags/example_datasets.py
[2026-08-21T11:43:22.696+0000] {processor.py:840} INFO - DAG(s) 'dataset_consumes_1', 'dataset_consumes_1_and_2', 'dataset_produces_1', 'dataset_produces_2', 'dataset_consumes_unknown_never_scheduled', 'dataset_consumes_1_never_scheduled' retrieved from /home/airflow/.local/lib/python3.8/site-packages/airflow/example_dags/example_datasets.py
[2026-08-21T11:43:22.762+0000] {logging_mixin.py:188} INFO - [2026-08-21T11:43:22.762+0000] {dag.py:3036} INFO - Sync 6 DAGs
[2026-08-21T11:43:22.797+0000] {logging_mixin.py:188} INFO - [2026-08-21T11:43:22.796+0000] {dag.py:3823} INFO - Setting next_dagrun for dataset_consumes_1 to None, run_after=None
[2026-08-21T11:43:22.802+0000] {logging_mixin.py:188} INFO - [2026-08-21T11:43:22.802+0000] {dag.py:3823} INFO - Setting next_dagrun for dataset_consumes_1_and_2 to None, run_after=None
[2026-08-21T11:43:22.805+0000] {logging_mixin.py:188} INFO - [2026-08-21T11:43:22.804+0000] {dag.py:3823} INFO - Setting next_dagrun for dataset_consumes_1_never_scheduled to None, run_after=None
[2026-08-21T11:43:22.808+0000] {logging_mixin.py:188} INFO - [2026-08-21T11:43:22.807+0000] {dag.py:3823} INFO - Setting next_dagrun for dataset_consumes_unknown_never_scheduled to None, run_after=None
[2026-08-21T11:43:22.812+0000] {logging_mixin.py:188} INFO - [2026-08-21T11:43:22.812+0000] {dag.py:3823} INFO - Setting next_dagrun for dataset_produces_1 to 2026-08-20 00:00:00+00:00, run_after=2026-08-21 00:00:00+00:00
[2026-08-21T11:43:22.815+0000] {logging_mixin.py:188} INFO - [2026-08-21T11:43:22.815+0000] {dag.py:3823} INFO - Setting next_dagrun for dataset_produces_2 to None, run_after=None
[2026-08-21T11:43:22.873+0000] {processor.py:183} INFO - Processing /home/airflow/.local/lib/python3.8/site-packages/airflow/example_dags/example_datasets.py took 0.203 seconds
[2026-08-21T11:43:52.979+0000] {processor.py:161} INFO - Started process (PID=200) to work on /home/airflow/.local/lib/python3.8/site-packages/airflow/example_dags/example_datasets.py
[2026-08-21T11:43:52.980+0000] {processor.py:830} INFO - Processing file /home/airflow/.local/lib/python3.8/site-packages/airflow/example_dags/example_datasets.py for tasks to queue
[2026-08-21T11:43:52.983+0000] {logging_mixin.py:188} INFO - [2026-08-21T11:43:52.982+0000] {dagbag.py:538} INFO - Filling up the DagBag from /home/airflow/.local/lib/python3.8/site-packages/airflow/example_dags/example_datasets.py
[2026-08-21T11:43:52.995+0000] {processor.py:840} INFO - DAG(s) 'dataset_produces_1', 'dataset_consumes_1', 'dataset_consumes_unknown_never_scheduled', 'dataset_produces_2', 'dataset_consumes_1_and_2', 'dataset_consumes_1_never_scheduled' retrieved from /home/airflow/.local/lib/python3.8/site-packages/airflow/example_dags/example_datasets.py
[2026-08-21T11:43:53.060+0000] {logging_mixin.py:188} INFO - [2026-08-21T11:43:53.060+0000] {dag.py:3036} INFO - Sync 6 DAGs
[2026-08-21T11:43:53.094+0000] {logging_mixin.py:188} INFO - [2026-08-21T11:43:53.094+0000] {dag.py:3823} INFO - Setting next_dagrun for dataset_consumes_1 to None, run_after=None
[2026-08-21T11:43:53.099+0000] {logging_mixin.py:188} INFO - [2026-08-21T11:43:53.099+0000] {dag.py:3823} INFO - Setting next_dagrun for dataset_consumes_1_and_2 to None, run_after=None
[2026-08-21T11:43:53.102+0000] {logging_mixin.py:188} INFO - [2026-08-21T11:43:53.102+0000] {dag.py:3823} INFO - Setting next_dagrun for dataset_consumes_1_never_scheduled to None, run_after=None
[2026-08-21T11:43:53.104+0000] {logging_mixin.py:188} INFO - [2026-08-21T11:43:53.104+0000] {dag.py:3823} INFO - Setting next_dagrun for dataset_consumes_unknown_never_scheduled to None, run_after=None
[2026-08-21T11:43:53.107+0000] {logging_mixin.py:188} INFO - [2026-08-21T11:43:53.107+0000] {dag.py:3823} INFO - Setting next_dagrun for dataset_produces_1 to 2026-08-20 00:00:00+00:00, run_after=2026-08-21 00:00:00+00:00
[2026-08-21T11:43:53.110+0000] {logging_mixin.py:188} INFO - [2026-08-21T11:43:53.109+0000] {dag.py:3823} INFO - Setting next_dagrun for dataset_produces_2 to None, run_after=None
[2026-08-21T11:43:53.148+0000] {processor.py:183} INFO - Processing /home/airflow/.local/lib/python3.8/site-packages/airflow/example_dags/example_datasets.py took 0.174 seconds
[2026-08-21T11:44:24.545+0000] {processor.py:161} INFO - Started process (PID=286) to work on /home/airflow/.local/lib/python3.8/site-packages/airflow/example_dags/example_datasets.py
[2026-08-21T11:44:24.546+0000] {processor.py:830} INFO - Processing file /home/airflow/.local/lib/python3.8/site-packages/airflow/example_dags/example_datasets.py for tasks to queue
[2026-08-21T11:44:24.548+0000] {logging_mixin.py:188} INFO - [2026-08-21T11:44:24.548+0000] {dagbag.py:538} INFO - Filling up the DagBag from /home/airflow/.local/lib/python3.8/site-packages/airflow/example_dags/example_datasets.py
[2026-08-21T11:44:24.557+0000] {processor.py:840} INFO - DAG(s) 'dataset_produces_2', 'dataset_consumes_1', 'dataset_consumes_1_and_2', 'dataset_consumes_1_never_scheduled', 'dataset_consumes_unknown_never_scheduled', 'dataset_produces_1' retrieved from /home/airflow/.local/lib/python3.8/site-packages/airflow/example_dags/example_datasets.py
[2026-08-21T11:44:24.691+0000] {logging_mixin.py:188} INFO - [2026-08-21T11:44:24.690+0000] {dag.py:3036} INFO - Sync 6 DAGs
[2026-08-21T11:44:24.715+0000] {logging_mixin.py:188} INFO - [2026-08-21T11:44:24.715+0000] {dag.py:3823} INFO - Setting next_dagrun for dataset_consumes_1 to None, run_after=None
[2026-08-21T11:44:24.720+0000] {logging_mixin.py:188} INFO - [2026-08-21T11:44:24.719+0000] {dag.py:3823} INFO - Setting next_dagrun for dataset_consumes_1_and_2 to None, run_after=None
[2026-08-21T11:44:24.721+0000] {logging_mixin.py:188} INFO - [2026-08-21T11:44:24.721+0000] {dag.py:3823} INFO - Setting next_dagrun for dataset_consumes_1_never_scheduled to None, run_after=None
[2026-08-21T11:44:24.723+0000] {logging_mixin.py:188} INFO - [2026-08-21T11:44:24.722+0000] {dag.py:3823} INFO - Setting next_dagrun for dataset_consumes_unknown_never_scheduled to None, run_after=None
[2026-08-21T11:44:24.725+0000] {logging_mixin.py:188} INFO - [2026-08-21T11:44:24.725+0000] {dag.py:3823} INFO - Setting next_dagrun for dataset_produces_1 to 2026-08-20 00:00:00+00:00, run_after=2026-08-21 00:00:00+00:00
[2026-08-21T11:44:24.727+0000] {logging_mixin.py:188} INFO - [2026-08-21T11:44:24.727+0000] {dag.py:3823} INFO - Setting next_dagrun for dataset_produces_2 to None, run_after=None
[2026-08-21T11:44:24.805+0000] {processor.py:183} INFO - Processing /home/airflow/.local/lib/python3.8/site-packages/airflow/example_dags/example_datasets.py took 0.264 seconds
[2026-08-21T11:44:57.808+0000] {processor.py:161} INFO - Started process (PID=379) to work on /home/airflow/.local/lib/python3.8/site-packages/airflow/example_dags/example_datasets.py
[2026-08-21T11:44:57.813+0000] {processor.py:830} INFO - Processing file /home/airflow/.local/lib/python3.8/site-packages/airflow/example_dags/example_datasets.py for tasks to queue
[2026-08-21T11:44:57.819+0000] {logging_mixin.py:188} INFO - [2026-08-21T11:44:57.819+0000] {dagbag.py:538} INFO - Filling up the DagBag from /home/airflow/.local/lib/python3.8/site-packages/airflow/example_dags/example_datasets.py
[2026-08-21T11:44:57.875+0000] {processor.py:840} INFO - DAG(s) 'dataset_consumes_1', 'dataset_consumes_1_never_scheduled', 'dataset_consumes_unknown_never_scheduled', 'dataset_consumes_1_and_2', 'dataset_produces_1', 'dataset_produces_2' retrieved from /home/airflow/.local/lib/python3.8/site-packages/airflow/example_dags/example_datasets.py
[2026-08-21T11:44:57.945+0000] {logging_mixin.py:188} INFO - [2026-08-21T11:44:57.945+0000] {dag.py:3036} INFO - Sync 6 DAGs
[2026-08-21T11:44:58.026+0000] {logging_mixin.py:188} INFO - [2026-08-21T11:44:58.025+0000] {dag.py:3823} INFO - Setting next_dagrun for dataset_consumes_1 to None, run_after=None
[2026-08-21T11:44:58.041+0000] {logging_mixin.py:188} INFO - [2026-08-21T11:44:58.041+0000] {dag.py:3823} INFO - Setting next_dagrun for dataset_consumes_1_and_2 to None, run_after=None
[2026-08-21T11:44:58.052+0000] {logging_mixin.py:188} INFO - [2026-08-21T11:44:58.050+0000] {dag.py:3823} INFO - Setting next_dagrun for dataset_consumes_1_never_scheduled to None, run_after=None
[2026-08-21T11:44:58.055+0000] {logging_mixin.py:188} INFO - [2026-08-21T11:44:58.055+0000] {dag.py:3823} INFO - Setting next_dagrun for dataset_consumes_unknown_never_scheduled to None, run_after=None
[2026-08-21T11:44:58.061+0000] {logging_mixin.py:188} INFO - [2026-08-21T11:44:58.061+0000] {dag.py:3823} INFO - Setting next_dagrun for dataset_produces_1 to 2026-08-20 00:00:00+00:00, run_after=2026-08-21 00:00:00+00:00
[2026-08-21T11:44:58.069+0000] {logging_mixin.py:188} INFO - [2026-08-21T11:44:58.068+0000] {dag.py:3823} INFO - Setting next_dagrun for dataset_produces_2 to None, run_after=None
[2026-08-21T11:44:58.231+0000] {processor.py:183} INFO - Processing /home/airflow/.local/lib/python3.8/site-packages/airflow/example_dags/example_datasets.py took 0.433 seconds
[2026-08-21T11:45:29.611+0000] {processor.py:161} INFO - Started process (PID=473) to work on /home/airflow/.local/lib/python3.8/site-packages/airflow/example_dags/example_datasets.py
[2026-08-21T11:45:29.612+0000] {processor.py:830} INFO - Processing file /home/airflow/.local/lib/python3.8/site-packages/airflow/example_dags/example_datasets.py for tasks to queue
[2026-08-21T11:45:29.615+0000] {logging_mixin.py:188} INFO - [2026-08-21T11:45:29.614+0000] {dagbag.py:538} INFO - Filling up the DagBag from /home/airflow/.local/lib/python3.8/site-packages/airflow/example_dags/example_datasets.py
[2026-08-21T11:45:29.625+0000] {processor.py:840} INFO - DAG(s) 'dataset_produces_2', 'dataset_consumes_unknown_never_scheduled', 'dataset_produces_1', 'dataset_consumes_1_never_scheduled', 'dataset_consumes_1', 'dataset_consumes_1_and_2' retrieved from /home/airflow/.local/lib/python3.8/site-packages/airflow/example_dags/example_datasets.py
[2026-08-21T11:45:29.771+0000] {logging_mixin.py:188} INFO - [2026-08-21T11:45:29.770+0000] {dag.py:3036} INFO - Sync 6 DAGs
[2026-08-21T11:45:29.792+0000] {logging_mixin.py:188} INFO - [2026-08-21T11:45:29.792+0000] {dag.py:3823} INFO - Setting next_dagrun for dataset_consumes_1 to None, run_after=None
[2026-08-21T11:45:29.797+0000] {logging_mixin.py:188} INFO - [2026-08-21T11:45:29.797+0000] {dag.py:3823} INFO - Setting next_dagrun for dataset_consumes_1_and_2 to None, run_after=None
[2026-08-21T11:45:29.803+0000] {logging_mixin.py:188} INFO - [2026-08-21T11:45:29.802+0000] {dag.py:3823} INFO - Setting next_dagrun for dataset_consumes_1_never_scheduled to None, run_after=None
[2026-08-21T11:45:29.806+0000] {logging_mixin.py:188} INFO - [2026-08-21T11:45:29.805+0000] {dag.py:3823} INFO - Setting next_dagrun for dataset_consumes_unknown_never_scheduled to None, run_after=None
[2026-08-21T11:45:29.811+0000] {logging_mixin.py:188} INFO - [2026-08-21T11:45:29.810+0000] {dag.py:3823} INFO - Setting next_dagrun for dataset_produces_1 to 2026-08-20 00:00:00+00:00, run_after=2026-08-21 00:00:00+00:00
[2026-08-21T11:45:29.813+0000] {logging_mixin.py:188} INFO - [2026-08-21T11:45:29.813+0000] {dag.py:3823} INFO - Setting next_dagrun for dataset_produces_2 to None, run_after=None
[2026-08-21T11:45:29.972+0000] {processor.py:183} INFO - Processing /home/airflow/.local/lib/python3.8/site-packages/airflow/example_dags/example_datasets.py took 0.367 seconds
[2026-08-21T11:46:00.572+0000] {processor.py:161} INFO - Started process (PID=559) to work on /home/airflow/.local/lib/python3.8/site-packages/airflow/example_dags/example_datasets.py
[2026-08-21T11:46:00.574+0000] {processor.py:830} INFO - Processing file /home/airflow/.local/lib/python3.8/site-packages/airflow/example_dags/example_datasets.py for tasks to queue
[2026-08-21T11:46:00.578+0000] {logging_mixin.py:188} INFO - [2026-08-21T11:46:00.577+0000] {dagbag.py:538} INFO - Filling up the DagBag from /home/airflow/.local/lib/python3.8/site-packages/airflow/example_dags/example_datasets.py
[2026-08-21T11:46:00.594+0000] {processor.py:840} INFO - DAG(s) 'dataset_consumes_1_and_2', 'dataset_consumes_unknown_never_scheduled', 'dataset_produces_2', 'dataset_produces_1', 'dataset_consumes_1', 'dataset_consumes_1_never_scheduled' retrieved from /home/airflow/.local/lib/python3.8/site-packages/airflow/example_dags/example_datasets.py
[2026-08-21T11:46:00.618+0000] {logging_mixin.py:188} INFO - [2026-08-21T11:46:00.618+0000] {dag.py:3036} INFO - Sync 6 DAGs
[2026-08-21T11:46:00.653+0000] {logging_mixin.py:188} INFO - [2026-08-21T11:46:00.653+0000] {dag.py:3823} INFO - Setting next_dagrun for dataset_consumes_1 to None, run_after=None
[2026-08-21T11:46:00.660+0000] {logging_mixin.py:188} INFO - [2026-08-21T11:46:00.660+0000] {dag.py:3823} INFO - Setting next_dagrun for dataset_consumes_1_and_2 to None, run_after=None
[2026-08-21T11:46:00.663+0000] {logging_mixin.py:188} INFO - [2026-08-21T11:46:00.663+0000] {dag.py:3823} INFO - Setting next_dagrun for dataset_consumes_1_never_scheduled to None, run_after=None
[2026-08-21T11:46:00.665+0000] {logging_mixin.py:188} INFO - [2026-08-21T11:46:00.665+0000] {dag.py:3823} INFO - Setting next_dagrun for dataset_consumes_unknown_never_scheduled to None, run_after=None
[2026-08-21T11:46:00.670+0000] {logging_mixin.py:188} INFO - [2026-08-21T11:46:00.669+0000] {dag.py:3823} INFO - Setting next_dagrun for dataset_produces_1 to 2026-08-20 00:00:00+00:00, run_after=2026-08-21 00:00:00+00:00
[2026-08-21T11:46:00.673+0000] {logging_mixin.py:188} INFO - [2026-08-21T11:46:00.673+0000] {dag.py:3823} INFO - Setting next_dagrun for dataset_produces_2 to None, run_after=None
[2026-08-21T11:46:00.795+0000] {processor.py:183} INFO - Processing /home/airflow/.local/lib/python3.8/site-packages/airflow/example_dags/example_datasets.py took 0.230 seconds
[2026-08-21T11:46:32.353+0000] {processor.py:161} INFO - Started process (PID=650) to work on /home/airflow/.local/lib/python3.8/site-packages/airflow/example_dags/example_datasets.py
[2026-08-21T11:46:32.355+0000] {processor.py:830} INFO - Processing file /home/airflow/.local/lib/python3.8/site-packages/airflow/example_dags/example_datasets.py for tasks to queue
[2026-08-21T11:46:32.357+0000] {logging_mixin.py:188} INFO - [2026-08-21T11:46:32.356+0000] {dagbag.py:538} INFO - Filling up the DagBag from /home/airflow/.local/lib/python3.8/site-packages/airflow/example_dags/example_datasets.py
[2026-08-21T11:46:32.369+0000] {processor.py:840} INFO - DAG(s) 'dataset_produces_2', 'dataset_consumes_1', 'dataset_consumes_1_and_2', 'dataset_produces_1', 'dataset_consumes_unknown_never_scheduled', 'dataset_consumes_1_never_scheduled' retrieved from /home/airflow/.local/lib/python3.8/site-packages/airflow/example_dags/example_datasets.py
[2026-08-21T11:46:32.388+0000] {logging_mixin.py:188} INFO - [2026-08-21T11:46:32.387+0000] {dag.py:3036} INFO - Sync 6 DAGs
[2026-08-21T11:46:32.416+0000] {logging_mixin.py:188} INFO - [2026-08-21T11:46:32.415+0000] {dag.py:3823} INFO - Setting next_dagrun for dataset_consumes_1 to None, run_after=None
[2026-08-21T11:46:32.420+0000] {logging_mixin.py:188} INFO - [2026-08-21T11:46:32.420+0000] {dag.py:3823} INFO - Setting next_dagrun for dataset_consumes_1_and_2 to None, run_after=None
[2026-08-21T11:46:32.423+0000] {logging_mixin.py:188} INFO - [2026-08-21T11:46:32.423+0000] {dag.py:3823} INFO - Setting next_dagrun for dataset_consumes_1_never_scheduled to None, run_after=None
[2026-08-21T11:46:32.425+0000] {logging_mixin.py:188} INFO - [2026-08-21T11:46:32.425+0000] {dag.py:3823} INFO - Setting next_dagrun for dataset_consumes_unknown_never_scheduled to None, run_after=None
[2026-08-21T11:46:32.429+0000] {logging_mixin.py:188} INFO - [2026-08-21T11:46:32.429+0000] {dag.py:3823} INFO - Setting next_dagrun for dataset_produces_1 to 2026-08-20 00:00:00+00:00, run_after=2026-08-21 00:00:00+00:00
[2026-08-21T11:46:32.432+0000] {logging_mixin.py:188} INFO - [2026-08-21T11:46:32.432+0000] {dag.py:3823} INFO - Setting next_dagrun for dataset_produces_2 to None, run_after=None
[2026-08-21T11:46:32.474+0000] {processor.py:183} INFO - Processing /home/airflow/.local/lib/python3.8/site-packages/airflow/example_dags/example_datasets.py took 0.124 seconds
[2026-08-21T11:47:03.689+0000] {processor.py:161} INFO - Started process (PID=735) to work on /home/airflow/.local/lib/python3.8/site-packages/airflow/example_dags/example_datasets.py
[2026-08-21T11:47:03.691+0000] {processor.py:830} INFO - Processing file /home/airflow/.local/lib/python3.8/site-packages/airflow/example_dags/example_datasets.py for tasks to queue
[2026-08-21T11:47:03.695+0000] {logging_mixin.py:188} INFO - [2026-08-21T11:47:03.695+0000] {dagbag.py:538} INFO - Filling up the DagBag from /home/airflow/.local/lib/python3.8/site-packages/airflow/example_dags/example_datasets.py
[2026-08-21T11:47:03.706+0000] {processor.py:840} INFO - DAG(s) 'dataset_consumes_1_and_2', 'dataset_consumes_1', 'dataset_produces_1', 'dataset_consumes_unknown_never_scheduled', 'dataset_produces_2', 'dataset_consumes_1_never_scheduled' retrieved from /home/airflow/.local/lib/python3.8/site-packages/airflow/example_dags/example_datasets.py
[2026-08-21T11:47:04.005+0000] {logging_mixin.py:188} INFO - [2026-08-21T11:47:04.005+0000] {dag.py:3036} INFO - Sync 6 DAGs
[2026-08-21T11:47:04.026+0000] {logging_mixin.py:188} INFO - [2026-08-21T11:47:04.025+0000] {dag.py:3823} INFO - Setting next_dagrun for dataset_consumes_1 to None, run_after=None
[2026-08-21T11:47:04.030+0000] {logging_mixin.py:188} INFO - [2026-08-21T11:47:04.030+0000] {dag.py:3823} INFO - Setting next_dagrun for dataset_consumes_1_and_2 to None, run_after=None
[2026-08-21T11:47:04.032+0000] {logging_mixin.py:188} INFO - [2026-08-21T11:47:04.032+0000] {dag.py:3823} INFO - Setting next_dagrun for dataset_consumes_1_never_scheduled to None, run_after=None
[2026-08-21T11:47:04.034+0000] {logging_mixin.py:188} INFO - [2026-08-21T11:47:04.034+0000] {dag.py:3823} INFO - Setting next_dagrun for dataset_consumes_unknown_never_scheduled to None, run_after=None
[2026-08-21T11:47:04.038+0000] {logging_mixin.py:188} INFO - [2026-08-21T11:47:04.038+0000] {dag.py:3823} INFO - Setting next_dagrun for dataset_produces_1 to 2026-08-20 00:00:00+00:00, run_after=2026-08-21 00:00:00+00:00
[2026-08-21T11:47:04.040+0000] {logging_mixin.py:188} INFO - [2026-08-21T11:47:04.040+0000] {dag.py:3823} INFO - Setting next_dagrun for dataset_produces_2 to None, run_after=None
[2026-08-21T11:47:04.074+0000] {processor.py:183} INFO - Processing /home/airflow/.local/lib/python3.8/site-packages/airflow/example_dags/example_datasets.py took 0.388 seconds
[2026-08-21T11:47:34.405+0000] {processor.py:161} INFO - Started process (PID=821) to work on /home/airflow/.local/lib/python3.8/site-packages/airflow/example_dags/example_datasets.py
[2026-08-21T11:47:34.407+0000] {processor.py:830} INFO - Processing file /home/airflow/.local/lib/python3.8/site-packages/airflow/example_dags/example_datasets.py for tasks to queue
[2026-08-21T11:47:34.409+0000] {logging_mixin.py:188} INFO - [2026-08-21T11:47:34.408+0000] {dagbag.py:538} INFO - Filling up the DagBag from /home/airflow/.local/lib/python3.8/site-packages/airflow/example_dags/example_datasets.py
[2026-08-21T11:47:34.419+0000] {processor.py:840} INFO - DAG(s) 'dataset_consumes_1_never_scheduled', 'dataset_consumes_1', 'dataset_consumes_unknown_never_scheduled', 'dataset_produces_1', 'dataset_consumes_1_and_2', 'dataset_produces_2' retrieved from /home/airflow/.local/lib/python3.8/site-packages/airflow/example_dags/example_datasets.py
[2026-08-21T11:47:34.456+0000] {logging_mixin.py:188} INFO - [2026-08-21T11:47:34.456+0000] {dag.py:3036} INFO - Sync 6 DAGs
[2026-08-21T11:47:34.481+0000] {logging_mixin.py:188} INFO - [2026-08-21T11:47:34.481+0000] {dag.py:3823} INFO - Setting next_dagrun for dataset_consumes_1 to None, run_after=None
[2026-08-21T11:47:34.486+0000] {logging_mixin.py:188} INFO - [2026-08-21T11:47:34.485+0000] {dag.py:3823} INFO - Setting next_dagrun for dataset_consumes_1_and_2 to None, run_after=None
[2026-08-21T11:47:34.488+0000] {logging_mixin.py:188} INFO - [2026-08-21T11:47:34.488+0000] {dag.py:3823} INFO - Setting next_dagrun for dataset_consumes_1_never_scheduled to None, run_after=None
[2026-08-21T11:47:34.489+0000] {logging_mixin.py:188} INFO - [2026-08-21T11:47:34.489+0000] {dag.py:3823} INFO - Setting next_dagrun for dataset_consumes_unknown_never_scheduled to None, run_after=None
[2026-08-21T11:47:34.493+0000] {logging_mixin.py:188} INFO - [2026-08-21T11:47:34.492+0000] {dag.py:3823} INFO - Setting next_dagrun for dataset_produces_1 to 2026-08-20 00:00:00+00:00, run_after=2026-08-21 00:00:00+00:00
[2026-08-21T11:47:34.494+0000] {logging_mixin.py:188} INFO - [2026-08-21T11:47:34.494+0000] {dag.py:3823} INFO - Setting next_dagrun for dataset_produces_2 to None, run_after=None
[2026-08-21T11:47:34.578+0000] {processor.py:183} INFO - Processing /home/airflow/.local/lib/python3.8/site-packages/airflow/example_dags/example_datasets.py took 0.176 seconds
[2026-08-21T11:48:05.159+0000] {processor.py:161} INFO - Started process (PID=908) to work on /home/airflow/.local/lib/python3.8/site-packages/airflow/example_dags/example_datasets.py
[2026-08-21T11:48:05.161+0000] {processor.py:830} INFO - Processing file /home/airflow/.local/lib/python3.8/site-packages/airflow/example_dags/example_datasets.py for tasks to queue
[2026-08-21T11:48:05.163+0000] {logging_mixin.py:188} INFO - [2026-08-21T11:48:05.162+0000] {dagbag.py:538} INFO - Filling up the DagBag from /home/airflow/.local/lib/python3.8/site-packages/airflow/example_dags/example_datasets.py
[2026-08-21T11:48:05.172+0000] {processor.py:840} INFO - DAG(s) 'dataset_consumes_1_never_scheduled', 'dataset_consumes_1', 'dataset_consumes_unknown_never_scheduled', 'dataset_produces_1', 'dataset_produces_2', 'dataset_consumes_1_and_2' retrieved from /home/airflow/.local/lib/python3.8/site-packages/airflow/example_dags/example_datasets.py
[2026-08-21T11:48:05.203+0000] {logging_mixin.py:188} INFO - [2026-08-21T11:48:05.203+0000] {dag.py:3036} INFO - Sync 6 DAGs
[2026-08-21T11:48:05.223+0000] {logging_mixin.py:188} INFO - [2026-08-21T11:48:05.223+0000] {dag.py:3823} INFO - Setting next_dagrun for dataset_consumes_1 to None, run_after=None
[2026-08-21T11:48:05.227+0000] {logging_mixin.py:188} INFO - [2026-08-21T11:48:05.227+0000] {dag.py:3823} INFO - Setting next_dagrun for dataset_consumes_1_and_2 to None, run_after=None
[2026-08-21T11:48:05.229+0000] {logging_mixin.py:188} INFO - [2026-08-21T11:48:05.228+0000] {dag.py:3823} INFO - Setting next_dagrun for dataset_consumes_1_never_scheduled to None, run_after=None
[2026-08-21T11:48:05.230+0000] {logging_mixin.py:188} INFO - [2026-08-21T11:48:05.230+0000] {dag.py:3823} INFO - Setting next_dagrun for dataset_consumes_unknown_never_scheduled to None, run_after=None
[2026-08-21T11:48:05.233+0000] {logging_mixin.py:188} INFO - [2026-08-21T11:48:05.233+0000] {dag.py:3823} INFO - Setting next_dagrun for dataset_produces_1 to 2026-08-20 00:00:00+00:00, run_after=2026-08-21 00:00:00+00:00
[2026-08-21T11:48:05.234+0000] {logging_mixin.py:188} INFO - [2026-08-21T11:48:05.234+0000] {dag.py:3823} INFO - Setting next_dagrun for dataset_produces_2 to None, run_after=None
[2026-08-21T11:48:05.297+0000] {processor.py:183} INFO - Processing /home/airflow/.local/lib/python3.8/site-packages/airflow/example_dags/example_datasets.py took 0.141 seconds
[2026-08-21T11:48:45.003+0000] {processor.py:161} INFO - Started process (PID=85) to work on /home/airflow/.local/lib/python3.8/site-packages/airflow/example_dags/example_datasets.py
[2026-08-21T11:48:45.005+0000] {processor.py:830} INFO - Processing file /home/airflow/.local/lib/python3.8/site-packages/airflow/example_dags/example_datasets.py for tasks to queue
[2026-08-21T11:48:45.008+0000] {logging_mixin.py:188} INFO - [2026-08-21T11:48:45.007+0000] {dagbag.py:538} INFO - Filling up the DagBag from /home/airflow/.local/lib/python3.8/site-packages/airflow/example_dags/example_datasets.py
[2026-08-21T11:48:45.026+0000] {processor.py:840} INFO - DAG(s) 'dataset_consumes_1_never_scheduled', 'dataset_consumes_1_and_2', 'dataset_produces_2', 'dataset_consumes_1', 'dataset_consumes_unknown_never_scheduled', 'dataset_produces_1' retrieved from /home/airflow/.local/lib/python3.8/site-packages/airflow/example_dags/example_datasets.py
[2026-08-21T11:48:45.072+0000] {logging_mixin.py:188} INFO - [2026-08-21T11:48:45.072+0000] {dag.py:3036} INFO - Sync 6 DAGs
[2026-08-21T11:48:45.098+0000] {logging_mixin.py:188} INFO - [2026-08-21T11:48:45.098+0000] {dag.py:3823} INFO - Setting next_dagrun for dataset_consumes_1 to None, run_after=None
[2026-08-21T11:48:45.103+0000] {logging_mixin.py:188} INFO - [2026-08-21T11:48:45.103+0000] {dag.py:3823} INFO - Setting next_dagrun for dataset_consumes_1_and_2 to None, run_after=None
[2026-08-21T11:48:45.105+0000] {logging_mixin.py:188} INFO - [2026-08-21T11:48:45.105+0000] {dag.py:3823} INFO - Setting next_dagrun for dataset_consumes_1_never_scheduled to None, run_after=None
[2026-08-21T11:48:45.107+0000] {logging_mixin.py:188} INFO - [2026-08-21T11:48:45.107+0000] {dag.py:3823} INFO - Setting next_dagrun for dataset_consumes_unknown_never_scheduled to None, run_after=None
[2026-08-21T11:48:45.111+0000] {logging_mixin.py:188} INFO - [2026-08-21T11:48:45.110+0000] {dag.py:3823} INFO - Setting next_dagrun for dataset_produces_1 to 2026-08-20 00:00:00+00:00, run_after=2026-08-21 00:00:00+00:00
[2026-08-21T11:48:45.112+0000] {logging_mixin.py:188} INFO - [2026-08-21T11:48:45.112+0000] {dag.py:3823} INFO - Setting next_dagrun for dataset_produces_2 to None, run_after=None
[2026-08-21T11:48:45.199+0000] {processor.py:183} INFO - Processing /home/airflow/.local/lib/python3.8/site-packages/airflow/example_dags/example_datasets.py took 0.199 seconds
[2026-08-21T11:49:16.409+0000] {processor.py:161} INFO - Started process (PID=173) to work on /home/airflow/.local/lib/python3.8/site-packages/airflow/example_dags/example_datasets.py
[2026-08-21T11:49:16.411+0000] {processor.py:830} INFO - Processing file /home/airflow/.local/lib/python3.8/site-packages/airflow/example_dags/example_datasets.py for tasks to queue
[2026-08-21T11:49:16.413+0000] {logging_mixin.py:188} INFO - [2026-08-21T11:49:16.412+0000] {dagbag.py:538} INFO - Filling up the DagBag from /home/airflow/.local/lib/python3.8/site-packages/airflow/example_dags/example_datasets.py
[2026-08-21T11:49:16.425+0000] {processor.py:840} INFO - DAG(s) 'dataset_consumes_unknown_never_scheduled', 'dataset_consumes_1', 'dataset_consumes_1_never_scheduled', 'dataset_produces_1', 'dataset_produces_2', 'dataset_consumes_1_and_2' retrieved from /home/airflow/.local/lib/python3.8/site-packages/airflow/example_dags/example_datasets.py
[2026-08-21T11:49:16.471+0000] {logging_mixin.py:188} INFO - [2026-08-21T11:49:16.470+0000] {dag.py:3036} INFO - Sync 6 DAGs
[2026-08-21T11:49:16.495+0000] {logging_mixin.py:188} INFO - [2026-08-21T11:49:16.495+0000] {dag.py:3823} INFO - Setting next_dagrun for dataset_consumes_1 to None, run_after=None
[2026-08-21T11:49:16.502+0000] {logging_mixin.py:188} INFO - [2026-08-21T11:49:16.502+0000] {dag.py:3823} INFO - Setting next_dagrun for dataset_consumes_1_and_2 to None, run_after=None
[2026-08-21T11:49:16.506+0000] {logging_mixin.py:188} INFO - [2026-08-21T11:49:16.505+0000] {dag.py:3823} INFO - Setting next_dagrun for dataset_consumes_1_never_scheduled to None, run_after=None
[2026-08-21T11:49:16.508+0000] {logging_mixin.py:188} INFO - [2026-08-21T11:49:16.508+0000] {dag.py:3823} INFO - Setting next_dagrun for dataset_consumes_unknown_never_scheduled to None, run_after=None
[2026-08-21T11:49:16.513+0000] {logging_mixin.py:188} INFO - [2026-08-21T11:49:16.513+0000] {dag.py:3823} INFO - Setting next_dagrun for dataset_produces_1 to 2026-08-20 00:00:00+00:00, run_after=2026-08-21 00:00:00+00:00
[2026-08-21T11:49:16.515+0000] {logging_mixin.py:188} INFO - [2026-08-21T11:49:16.515+0000] {dag.py:3823} INFO - Setting next_dagrun for dataset_produces_2 to None, run_after=None
[2026-08-21T11:49:16.586+0000] {processor.py:183} INFO - Processing /home/airflow/.local/lib/python3.8/site-packages/airflow/example_dags/example_datasets.py took 0.180 seconds
[2026-08-21T11:49:47.322+0000] {processor.py:161} INFO - Started process (PID=262) to work on /home/airflow/.local/lib/python3.8/site-packages/airflow/example_dags/example_datasets.py
[2026-08-21T11:49:47.323+0000] {processor.py:830} INFO - Processing file /home/airflow/.local/lib/python3.8/site-packages/airflow/example_dags/example_datasets.py for tasks to queue
[2026-08-21T11:49:47.326+0000] {logging_mixin.py:188} INFO - [2026-08-21T11:49:47.325+0000] {dagbag.py:538} INFO - Filling up the DagBag from /home/airflow/.local/lib/python3.8/site-packages/airflow/example_dags/example_datasets.py
[2026-08-21T11:49:47.336+0000] {processor.py:840} INFO - DAG(s) 'dataset_produces_1', 'dataset_produces_2', 'dataset_consumes_1_never_scheduled', 'dataset_consumes_1', 'dataset_consumes_unknown_never_scheduled', 'dataset_consumes_1_and_2' retrieved from /home/airflow/.local/lib/python3.8/site-packages/airflow/example_dags/example_datasets.py
[2026-08-21T11:49:47.378+0000] {logging_mixin.py:188} INFO - [2026-08-21T11:49:47.377+0000] {dag.py:3036} INFO - Sync 6 DAGs
[2026-08-21T11:49:47.403+0000] {logging_mixin.py:188} INFO - [2026-08-21T11:49:47.402+0000] {dag.py:3823} INFO - Setting next_dagrun for dataset_consumes_1 to None, run_after=None
[2026-08-21T11:49:47.408+0000] {logging_mixin.py:188} INFO - [2026-08-21T11:49:47.408+0000] {dag.py:3823} INFO - Setting next_dagrun for dataset_consumes_1_and_2 to None, run_after=None
[2026-08-21T11:49:47.411+0000] {logging_mixin.py:188} INFO - [2026-08-21T11:49:47.410+0000] {dag.py:3823} INFO - Setting next_dagrun for dataset_consumes_1_never_scheduled to None, run_after=None
[2026-08-21T11:49:47.413+0000] {logging_mixin.py:188} INFO - [2026-08-21T11:49:47.412+0000] {dag.py:3823} INFO - Setting next_dagrun for dataset_consumes_unknown_never_scheduled to None, run_after=None
[2026-08-21T11:49:47.416+0000] {logging_mixin.py:188} INFO - [2026-08-21T11:49:47.415+0000] {dag.py:3823} INFO - Setting next_dagrun for dataset_produces_1 to 2026-08-20 00:00:00+00:00, run_after=2026-08-21 00:00:00+00:00
[2026-08-21T11:49:47.418+0000] {logging_mixin.py:188} INFO - [2026-08-21T11:49:47.417+0000] {dag.py:3823} INFO - Setting next_dagrun for dataset_produces_2 to None, run_after=None
[2026-08-21T11:49:47.451+0000] {processor.py:183} INFO - Processing /home/airflow/.local/lib/python3.8/site-packages/airflow/example_dags/example_datasets.py took 0.133 seconds
[2026-08-21T11:50:18.212+0000] {processor.py:161} INFO - Started process (PID=350) to work on /home/airflow/.local/lib/python3.8/site-packages/airflow/example_dags/example_datasets.py
[2026-08-21T11:50:18.214+0000] {processor.py:830} INFO - Processing file /home/airflow/.local/lib/python3.8/site-packages/airflow/example_dags/example_datasets.py for tasks to queue
[2026-08-21T11:50:18.216+0000] {logging_mixin.py:188} INFO - [2026-08-21T11:50:18.215+0000] {dagbag.py:538} INFO - Filling up the DagBag from /home/airflow/.local/lib/python3.8/site-packages/airflow/example_dags/example_datasets.py
[2026-08-21T11:50:18.224+0000] {processor.py:840} INFO - DAG(s) 'dataset_consumes_unknown_never_scheduled', 'dataset_consumes_1', 'dataset_produces_2', 'dataset_produces_1', 'dataset_consumes_1_never_scheduled', 'dataset_consumes_1_and_2' retrieved from /home/airflow/.local/lib/python3.8/site-packages/airflow/example_dags/example_datasets.py
[2026-08-21T11:50:18.255+0000] {logging_mixin.py:188} INFO - [2026-08-21T11:50:18.255+0000] {dag.py:3036} INFO - Sync 6 DAGs
[2026-08-21T11:50:18.275+0000] {logging_mixin.py:188} INFO - [2026-08-21T11:50:18.275+0000] {dag.py:3823} INFO - Setting next_dagrun for dataset_consumes_1 to None, run_after=None
[2026-08-21T11:50:18.278+0000] {logging_mixin.py:188} INFO - [2026-08-21T11:50:18.278+0000] {dag.py:3823} INFO - Setting next_dagrun for dataset_consumes_1_and_2 to None, run_after=None
[2026-08-21T11:50:18.280+0000] {logging_mixin.py:188} INFO - [2026-08-21T11:50:18.280+0000] {dag.py:3823} INFO - Setting next_dagrun for dataset_consumes_1_never_scheduled to None, run_after=None
[2026-08-21T11:50:18.281+0000] {logging_mixin.py:188} INFO - [2026-08-21T11:50:18.281+0000] {dag.py:3823} INFO - Setting next_dagrun for dataset_consumes_unknown_never_scheduled to None, run_after=None
[2026-08-21T11:50:18.284+0000] {logging_mixin.py:188} INFO - [2026-08-21T11:50:18.284+0000] {dag.py:3823} INFO - Setting next_dagrun for dataset_produces_1 to 2026-08-20 00:00:00+00:00, run_after=2026-08-21 00:00:00+00:00
[2026-08-21T11:50:18.285+0000] {logging_mixin.py:188} INFO - [2026-08-21T11:50:18.285+0000] {dag.py:3823} INFO - Setting next_dagrun for dataset_produces_2 to None, run_after=None
[2026-08-21T11:50:18.312+0000] {processor.py:183} INFO - Processing /home/airflow/.local/lib/python3.8/site-packages/airflow/example_dags/example_datasets.py took 0.103 seconds
[2026-08-21T11:50:49.623+0000] {processor.py:161} INFO - Started process (PID=438) to work on /home/airflow/.local/lib/python3.8/site-packages/airflow/example_dags/example_datasets.py
[2026-08-21T11:50:49.625+0000] {processor.py:830} INFO - Processing file /home/airflow/.local/lib/python3.8/site-packages/airflow/example_dags/example_datasets.py for tasks to queue
[2026-08-21T11:50:49.627+0000] {logging_mixin.py:188} INFO - [2026-08-21T11:50:49.627+0000] {dagbag.py:538} INFO - Filling up the DagBag from /home/airflow/.local/lib/python3.8/site-packages/airflow/example_dags/example_datasets.py
[2026-08-21T11:50:49.637+0000] {processor.py:840} INFO - DAG(s) 'dataset_consumes_unknown_never_scheduled', 'dataset_consumes_1_and_2', 'dataset_produces_2', 'dataset_consumes_1', 'dataset_produces_1', 'dataset_consumes_1_never_scheduled' retrieved from /home/airflow/.local/lib/python3.8/site-packages/airflow/example_dags/example_datasets.py
[2026-08-21T11:50:49.683+0000] {logging_mixin.py:188} INFO - [2026-08-21T11:50:49.683+0000] {dag.py:3036} INFO - Sync 6 DAGs
[2026-08-21T11:50:49.706+0000] {logging_mixin.py:188} INFO - [2026-08-21T11:50:49.705+0000] {dag.py:3823} INFO - Setting next_dagrun for dataset_consumes_1 to None, run_after=None
[2026-08-21T11:50:49.709+0000] {logging_mixin.py:188} INFO - [2026-08-21T11:50:49.709+0000] {dag.py:3823} INFO - Setting next_dagrun for dataset_consumes_1_and_2 to None, run_after=None
[2026-08-21T11:50:49.711+0000] {logging_mixin.py:188} INFO - [2026-08-21T11:50:49.711+0000] {dag.py:3823} INFO - Setting next_dagrun for dataset_consumes_1_never_scheduled to None, run_after=None
[2026-08-21T11:50:49.713+0000] {logging_mixin.py:188} INFO - [2026-08-21T11:50:49.713+0000] {dag.py:3823} INFO - Setting next_dagrun for dataset_consumes_unknown_never_scheduled to None, run_after=None
[2026-08-21T11:50:49.718+0000] {logging_mixin.py:188} INFO - [2026-08-21T11:50:49.718+0000] {dag.py:3823} INFO - Setting next_dagrun for dataset_produces_1 to 2026-08-20 00:00:00+00:00, run_after=2026-08-21 00:00:00+00:00
[2026-08-21T11:50:49.721+0000] {logging_mixin.py:188} INFO - [2026-08-21T11:50:49.721+0000] {dag.py:3823} INFO - Setting next_dagrun for dataset_produces_2 to None, run_after=None
[2026-08-21T11:50:49.764+0000] {processor.py:183} INFO - Processing /home/airflow/.local/lib/python3.8/site-packages/airflow/example_dags/example_datasets.py took 0.145 seconds
[2026-08-21T11:51:19.846+0000] {processor.py:161} INFO - Started process (PID=526) to work on /home/airflow/.local/lib/python3.8/site-packages/airflow/example_dags/example_datasets.py
[2026-08-21T11:51:19.847+0000] {processor.py:830} INFO - Processing file /home/airflow/.local/lib/python3.8/site-packages/airflow/example_dags/example_datasets.py for tasks to queue
[2026-08-21T11:51:19.849+0000] {logging_mixin.py:188} INFO - [2026-08-21T11:51:19.848+0000] {dagbag.py:538} INFO - Filling up the DagBag from /home/airflow/.local/lib/python3.8/site-packages/airflow/example_dags/example_datasets.py
[2026-08-21T11:51:19.859+0000] {processor.py:840} INFO - DAG(s) 'dataset_consumes_1', 'dataset_consumes_1_and_2', 'dataset_produces_1', 'dataset_consumes_unknown_never_scheduled', 'dataset_consumes_1_never_scheduled', 'dataset_produces_2' retrieved from /home/airflow/.local/lib/python3.8/site-packages/airflow/example_dags/example_datasets.py
[2026-08-21T11:51:19.896+0000] {logging_mixin.py:188} INFO - [2026-08-21T11:51:19.896+0000] {dag.py:3036} INFO - Sync 6 DAGs
[2026-08-21T11:51:19.917+0000] {logging_mixin.py:188} INFO - [2026-08-21T11:51:19.917+0000] {dag.py:3823} INFO - Setting next_dagrun for dataset_consumes_1 to None, run_after=None
[2026-08-21T11:51:19.920+0000] {logging_mixin.py:188} INFO - [2026-08-21T11:51:19.920+0000] {dag.py:3823} INFO - Setting next_dagrun for dataset_consumes_1_and_2 to None, run_after=None
[2026-08-21T11:51:19.922+0000] {logging_mixin.py:188} INFO - [2026-08-21T11:51:19.922+0000] {dag.py:3823} INFO - Setting next_dagrun for dataset_consumes_1_never_scheduled to None, run_after=None
[2026-08-21T11:51:19.923+0000] {logging_mixin.py:188} INFO - [2026-08-21T11:51:19.923+0000] {dag.py:3823} INFO - Setting next_dagrun for dataset_consumes_unknown_never_scheduled to None, run_after=None
[2026-08-21T11:51:19.926+0000] {logging_mixin.py:188} INFO - [2026-08-21T11:51:19.926+0000] {dag.py:3823} INFO - Setting next_dagrun for dataset_produces_1 to 2026-08-20 00:00:00+00:00, run_after=2026-08-21 00:00:00+00:00
[2026-08-21T11:51:19.928+0000] {logging_mixin.py:188} INFO - [2026-08-21T11:51:19.927+0000] {dag.py:3823} INFO - Setting next_dagrun for dataset_produces_2 to None, run_after=None
[2026-08-21T11:51:19.955+0000] {processor.py:183} INFO - Processing /home/airflow/.local/lib/python3.8/site-packages/airflow/example_dags/example_datasets.py took 0.113 seconds
[2026-08-21T11:51:50.488+0000] {processor.py:161} INFO - Started process (PID=614) to work on /home/airflow/.local/lib/python3.8/site-packages/airflow/example_dags/example_datasets.py
[2026-08-21T11:51:50.489+0000] {processor.py:830} INFO - Processing file /home/airflow/.local/lib/python3.8/site-packages/airflow/example_dags/example_datasets.py for tasks to queue
[2026-08-21T11:51:50.491+0000] {logging_mixin.py:188} INFO - [2026-08-21T11:51:50.490+0000] {dagbag.py:538} INFO - Filling up the DagBag from /home/airflow/.local/lib/python3.8/site-packages/airflow/example_dags/example_datasets.py
[2026-08-21T11:51:50.500+0000] {processor.py:840} INFO - DAG(s) 'dataset_consumes_1_never_scheduled', 'dataset_produces_2', 'dataset_consumes_1_and_2', 'dataset_consumes_unknown_never_scheduled', 'dataset_produces_1', 'dataset_consumes_1' retrieved from /home/airflow/.local/lib/python3.8/site-packages/airflow/example_dags/example_datasets.py
[2026-08-21T11:51:50.537+0000] {logging_mixin.py:188} INFO - [2026-08-21T11:51:50.536+0000] {dag.py:3036} INFO - Sync 6 DAGs
[2026-08-21T11:51:50.560+0000] {logging_mixin.py:188} INFO - [2026-08-21T11:51:50.560+0000] {dag.py:3823} INFO - Setting next_dagrun for dataset_consumes_1 to None, run_after=None
[2026-08-21T11:51:50.564+0000] {logging_mixin.py:188} INFO - [2026-08-21T11:51:50.564+0000] {dag.py:3823} INFO - Setting next_dagrun for dataset_consumes_1_and_2 to None, run_after=None
[2026-08-21T11:51:50.567+0000] {logging_mixin.py:188} INFO - [2026-08-21T11:51:50.566+0000] {dag.py:3823} INFO - Setting next_dagrun for dataset_consumes_1_never_scheduled to None, run_after=None
[2026-08-21T11:51:50.568+0000] {logging_mixin.py:188} INFO - [2026-08-21T11:51:50.568+0000] {dag.py:3823} INFO - Setting next_dagrun for dataset_consumes_unknown_never_scheduled to None, run_after=None
[2026-08-21T11:51:50.571+0000] {logging_mixin.py:188} INFO - [2026-08-21T11:51:50.571+0000] {dag.py:3823} INFO - Setting next_dagrun for dataset_produces_1 to 2026-08-20 00:00:00+00:00, run_after=2026-08-21 00:00:00+00:00
[2026-08-21T11:51:50.572+0000] {logging_mixin.py:188} INFO - [2026-08-21T11:51:50.572+0000] {dag.py:3823} INFO - Setting next_dagrun for dataset_produces_2 to None, run_after=None
[2026-08-21T11:51:50.603+0000] {processor.py:183} INFO - Processing /home/airflow/.local/lib/python3.8/site-packages/airflow/example_dags/example_datasets.py took 0.118 seconds
[2026-08-21T11:52:21.527+0000] {processor.py:161} INFO - Started process (PID=702) to work on /home/airflow/.local/lib/python3.8/site-packages/airflow/example_dags/example_datasets.py
[2026-08-21T11:52:21.528+0000] {processor.py:830} INFO - Processing file /home/airflow/.local/lib/python3.8/site-packages/airflow/example_dags/example_datasets.py for tasks to queue
[2026-08-21T11:52:21.531+0000] {logging_mixin.py:188} INFO - [2026-08-21T11:52:21.530+0000] {dagbag.py:538} INFO - Filling up the DagBag from /home/airflow/.local/lib/python3.8/site-packages/airflow/example_dags/example_datasets.py
[2026-08-21T11:52:21.541+0000] {processor.py:840} INFO - DAG(s) 'dataset_consumes_1', 'dataset_consumes_1_and_2', 'dataset_consumes_unknown_never_scheduled', 'dataset_consumes_1_never_scheduled', 'dataset_produces_1', 'dataset_produces_2' retrieved from /home/airflow/.local/lib/python3.8/site-packages/airflow/example_dags/example_datasets.py
[2026-08-21T11:52:21.578+0000] {logging_mixin.py:188} INFO - [2026-08-21T11:52:21.578+0000] {dag.py:3036} INFO - Sync 6 DAGs
[2026-08-21T11:52:21.601+0000] {logging_mixin.py:188} INFO - [2026-08-21T11:52:21.600+0000] {dag.py:3823} INFO - Setting next_dagrun for dataset_consumes_1 to None, run_after=None
[2026-08-21T11:52:21.605+0000] {logging_mixin.py:188} INFO - [2026-08-21T11:52:21.605+0000] {dag.py:3823} INFO - Setting next_dagrun for dataset_consumes_1_and_2 to None, run_after=None
[2026-08-21T11:52:21.607+0000] {logging_mixin.py:188} INFO - [2026-08-21T11:52:21.606+0000] {dag.py:3823} INFO - Setting next_dagrun for dataset_consumes_1_never_scheduled to None, run_after=None
[2026-08-21T11:52:21.608+0000] {logging_mixin.py:188} INFO - [2026-08-21T11:52:21.608+0000] {dag.py:3823} INFO - Setting next_dagrun for dataset_consumes_unknown_never_scheduled to None, run_after=None
[2026-08-21T11:52:21.612+0000] {logging_mixin.py:188} INFO - [2026-08-21T11:52:21.611+0000] {dag.py:3823} INFO - Setting next_dagrun for dataset_produces_1 to 2026-08-20 00:00:00+00:00, run_after=2026-08-21 00:00:00+00:00
[2026-08-21T11:52:21.613+0000] {logging_mixin.py:188} INFO - [2026-08-21T11:52:21.613+0000] {dag.py:3823} INFO - Setting next_dagrun for dataset_produces_2 to None, run_after=None
[2026-08-21T11:52:21.645+0000] {processor.py:183} INFO - Processing /home/airflow/.local/lib/python3.8/site-packages/airflow/example_dags/example_datasets.py took 0.122 seconds
[2026-08-21T11:52:52.019+0000] {processor.py:161} INFO - Started process (PID=790) to work on /home/airflow/.local/lib/python3.8/site-packages/airflow/example_dags/example_datasets.py
[2026-08-21T11:52:52.023+0000] {processor.py:830} INFO - Processing file /home/airflow/.local/lib/python3.8/site-packages/airflow/example_dags/example_datasets.py for tasks to queue
[2026-08-21T11:52:52.025+0000] {logging_mixin.py:188} INFO - [2026-08-21T11:52:52.024+0000] {dagbag.py:538} INFO - Filling up the DagBag from /home/airflow/.local/lib/python3.8/site-packages/airflow/example_dags/example_datasets.py
[2026-08-21T11:52:52.034+0000] {processor.py:840} INFO - DAG(s) 'dataset_consumes_1', 'dataset_produces_1', 'dataset_consumes_1_never_scheduled', 'dataset_consumes_1_and_2', 'dataset_consumes_unknown_never_scheduled', 'dataset_produces_2' retrieved from /home/airflow/.local/lib/python3.8/site-packages/airflow/example_dags/example_datasets.py
[2026-08-21T11:52:52.073+0000] {logging_mixin.py:188} INFO - [2026-08-21T11:52:52.073+0000] {dag.py:3036} INFO - Sync 6 DAGs
[2026-08-21T11:52:52.098+0000] {logging_mixin.py:188} INFO - [2026-08-21T11:52:52.098+0000] {dag.py:3823} INFO - Setting next_dagrun for dataset_consumes_1 to None, run_after=None
[2026-08-21T11:52:52.102+0000] {logging_mixin.py:188} INFO - [2026-08-21T11:52:52.102+0000] {dag.py:3823} INFO - Setting next_dagrun for dataset_consumes_1_and_2 to None, run_after=None
[2026-08-21T11:52:52.103+0000] {logging_mixin.py:188} INFO - [2026-08-21T11:52:52.103+0000] {dag.py:3823} INFO - Setting next_dagrun for dataset_consumes_1_never_scheduled to None, run_after=None
[2026-08-21T11:52:52.105+0000] {logging_mixin.py:188} INFO - [2026-08-21T11:52:52.104+0000] {dag.py:3823} INFO - Setting next_dagrun for dataset_consumes_unknown_never_scheduled to None, run_after=None
[2026-08-21T11:52:52.107+0000] {logging_mixin.py:188} INFO - [2026-08-21T11:52:52.107+0000] {dag.py:3823} INFO - Setting next_dagrun for dataset_produces_1 to 2026-08-20 00:00:00+00:00, run_after=2026-08-21 00:00:00+00:00
[2026-08-21T11:52:52.109+0000] {logging_mixin.py:188} INFO - [2026-08-21T11:52:52.109+0000] {dag.py:3823} INFO - Setting next_dagrun for dataset_produces_2 to None, run_after=None
[2026-08-21T11:52:52.143+0000] {processor.py:183} INFO - Processing /home/airflow/.local/lib/python3.8/site-packages/airflow/example_dags/example_datasets.py took 0.127 seconds
[2026-08-21T11:53:22.692+0000] {processor.py:161} INFO - Started process (PID=878) to work on /home/airflow/.local/lib/python3.8/site-packages/airflow/example_dags/example_datasets.py
[2026-08-21T11:53:22.693+0000] {processor.py:830} INFO - Processing file /home/airflow/.local/lib/python3.8/site-packages/airflow/example_dags/example_datasets.py for tasks to queue
[2026-08-21T11:53:22.696+0000] {logging_mixin.py:188} INFO - [2026-08-21T11:53:22.695+0000] {dagbag.py:538} INFO - Filling up the DagBag from /home/airflow/.local/lib/python3.8/site-packages/airflow/example_dags/example_datasets.py
[2026-08-21T11:53:22.705+0000] {processor.py:840} INFO - DAG(s) 'dataset_produces_1', 'dataset_produces_2', 'dataset_consumes_1', 'dataset_consumes_1_and_2', 'dataset_consumes_1_never_scheduled', 'dataset_consumes_unknown_never_scheduled' retrieved from /home/airflow/.local/lib/python3.8/site-packages/airflow/example_dags/example_datasets.py
[2026-08-21T11:53:22.745+0000] {logging_mixin.py:188} INFO - [2026-08-21T11:53:22.745+0000] {dag.py:3036} INFO - Sync 6 DAGs
[2026-08-21T11:53:22.774+0000] {logging_mixin.py:188} INFO - [2026-08-21T11:53:22.773+0000] {dag.py:3823} INFO - Setting next_dagrun for dataset_consumes_1 to None, run_after=None
[2026-08-21T11:53:22.779+0000] {logging_mixin.py:188} INFO - [2026-08-21T11:53:22.778+0000] {dag.py:3823} INFO - Setting next_dagrun for dataset_consumes_1_and_2 to None, run_after=None
[2026-08-21T11:53:22.780+0000] {logging_mixin.py:188} INFO - [2026-08-21T11:53:22.780+0000] {dag.py:3823} INFO - Setting next_dagrun for dataset_consumes_1_never_scheduled to None, run_after=None
[2026-08-21T11:53:22.782+0000] {logging_mixin.py:188} INFO - [2026-08-21T11:53:22.782+0000] {dag.py:3823} INFO - Setting next_dagrun for dataset_consumes_unknown_never_scheduled to None, run_after=None
[2026-08-21T11:53:22.786+0000] {logging_mixin.py:188} INFO - [2026-08-21T11:53:22.786+0000] {dag.py:3823} INFO - Setting next_dagrun for dataset_produces_1 to 2026-08-20 00:00:00+00:00, run_after=2026-08-21 00:00:00+00:00
[2026-08-21T11:53:22.789+0000] {logging_mixin.py:188} INFO - [2026-08-21T11:53:22.789+0000] {dag.py:3823} INFO - Setting next_dagrun for dataset_produces_2 to None, run_after=None
[2026-08-21T11:53:22.825+0000] {processor.py:183} INFO - Processing /home/airflow/.local/lib/python3.8/site-packages/airflow/example_dags/example_datasets.py took 0.137 seconds
[2026-08-21T11:53:54.353+0000] {processor.py:161} INFO - Started process (PID=965) to work on /home/airflow/.local/lib/python3.8/site-packages/airflow/example_dags/example_datasets.py
[2026-08-21T11:53:54.354+0000] {processor.py:830} INFO - Processing file /home/airflow/.local/lib/python3.8/site-packages/airflow/example_dags/example_datasets.py for tasks to queue
[2026-08-21T11:53:54.356+0000] {logging_mixin.py:188} INFO - [2026-08-21T11:53:54.356+0000] {dagbag.py:538} INFO - Filling up the DagBag from /home/airflow/.local/lib/python3.8/site-packages/airflow/example_dags/example_datasets.py
[2026-08-21T11:53:54.366+0000] {processor.py:840} INFO - DAG(s) 'dataset_produces_1', 'dataset_produces_2', 'dataset_consumes_1_never_scheduled', 'dataset_consumes_1', 'dataset_consumes_unknown_never_scheduled', 'dataset_consumes_1_and_2' retrieved from /home/airflow/.local/lib/python3.8/site-packages/airflow/example_dags/example_datasets.py
[2026-08-21T11:53:54.404+0000] {logging_mixin.py:188} INFO - [2026-08-21T11:53:54.404+0000] {dag.py:3036} INFO - Sync 6 DAGs
[2026-08-21T11:53:54.426+0000] {logging_mixin.py:188} INFO - [2026-08-21T11:53:54.425+0000] {dag.py:3823} INFO - Setting next_dagrun for dataset_consumes_1 to None, run_after=None
[2026-08-21T11:53:54.429+0000] {logging_mixin.py:188} INFO - [2026-08-21T11:53:54.429+0000] {dag.py:3823} INFO - Setting next_dagrun for dataset_consumes_1_and_2 to None, run_after=None
[2026-08-21T11:53:54.435+0000] {logging_mixin.py:188} INFO - [2026-08-21T11:53:54.435+0000] {dag.py:3823} INFO - Setting next_dagrun for dataset_consumes_1_never_scheduled to None, run_after=None
[2026-08-21T11:53:54.436+0000] {logging_mixin.py:188} INFO - [2026-08-21T11:53:54.436+0000] {dag.py:3823} INFO - Setting next_dagrun for dataset_consumes_unknown_never_scheduled to None, run_after=None
[2026-08-21T11:53:54.439+0000] {logging_mixin.py:188} INFO - [2026-08-21T11:53:54.439+0000] {dag.py:3823} INFO - Setting next_dagrun for dataset_produces_1 to 2026-08-20 00:00:00+00:00, run_after=2026-08-21 00:00:00+00:00
[2026-08-21T11:53:54.441+0000] {logging_mixin.py:188} INFO - [2026-08-21T11:53:54.441+0000] {dag.py:3823} INFO - Setting next_dagrun for dataset_produces_2 to None, run_after=None
[2026-08-21T11:53:54.468+0000] {processor.py:183} INFO - Processing /home/airflow/.local/lib/python3.8/site-packages/airflow/example_dags/example_datasets.py took 0.119 seconds
[2026-08-21T11:54:25.468+0000] {processor.py:161} INFO - Started process (PID=1052) to work on /home/airflow/.local/lib/python3.8/site-packages/airflow/example_dags/example_datasets.py
[2026-08-21T11:54:25.469+0000] {processor.py:830} INFO - Processing file /home/airflow/.local/lib/python3.8/site-packages/airflow/example_dags/example_datasets.py for tasks to queue
[2026-08-21T11:54:25.471+0000] {logging_mixin.py:188} INFO - [2026-08-21T11:54:25.471+0000] {dagbag.py:538} INFO - Filling up the DagBag from /home/airflow/.local/lib/python3.8/site-packages/airflow/example_dags/example_datasets.py
[2026-08-21T11:54:25.482+0000] {processor.py:840} INFO - DAG(s) 'dataset_consumes_1_never_scheduled', 'dataset_consumes_unknown_never_scheduled', 'dataset_consumes_1_and_2', 'dataset_consumes_1', 'dataset_produces_2', 'dataset_produces_1' retrieved from /home/airflow/.local/lib/python3.8/site-packages/airflow/example_dags/example_datasets.py
[2026-08-21T11:54:25.528+0000] {logging_mixin.py:188} INFO - [2026-08-21T11:54:25.528+0000] {dag.py:3036} INFO - Sync 6 DAGs
[2026-08-21T11:54:25.554+0000] {logging_mixin.py:188} INFO - [2026-08-21T11:54:25.553+0000] {dag.py:3823} INFO - Setting next_dagrun for dataset_consumes_1 to None, run_after=None
[2026-08-21T11:54:25.560+0000] {logging_mixin.py:188} INFO - [2026-08-21T11:54:25.559+0000] {dag.py:3823} INFO - Setting next_dagrun for dataset_consumes_1_and_2 to None, run_after=None
[2026-08-21T11:54:25.563+0000] {logging_mixin.py:188} INFO - [2026-08-21T11:54:25.562+0000] {dag.py:3823} INFO - Setting next_dagrun for dataset_consumes_1_never_scheduled to None, run_after=None
[2026-08-21T11:54:25.565+0000] {logging_mixin.py:188} INFO - [2026-08-21T11:54:25.565+0000] {dag.py:3823} INFO - Setting next_dagrun for dataset_consumes_unknown_never_scheduled to None, run_after=None
[2026-08-21T11:54:25.568+0000] {logging_mixin.py:188} INFO - [2026-08-21T11:54:25.568+0000] {dag.py:3823} INFO - Setting next_dagrun for dataset_produces_1 to 2026-08-20 00:00:00+00:00, run_after=2026-08-21 00:00:00+00:00
[2026-08-21T11:54:25.571+0000] {logging_mixin.py:188} INFO - [2026-08-21T11:54:25.571+0000] {dag.py:3823} INFO - Setting next_dagrun for dataset_produces_2 to None, run_after=None
[2026-08-21T11:54:25.604+0000] {processor.py:183} INFO - Processing /home/airflow/.local/lib/python3.8/site-packages/airflow/example_dags/example_datasets.py took 0.140 seconds
[2026-08-21T11:54:56.493+0000] {processor.py:161} INFO - Started process (PID=1139) to work on /home/airflow/.local/lib/python3.8/site-packages/airflow/example_dags/example_datasets.py
[2026-08-21T11:54:56.495+0000] {processor.py:830} INFO - Processing file /home/airflow/.local/lib/python3.8/site-packages/airflow/example_dags/example_datasets.py for tasks to queue
[2026-08-21T11:54:56.497+0000] {logging_mixin.py:188} INFO - [2026-08-21T11:54:56.496+0000] {dagbag.py:538} INFO - Filling up the DagBag from /home/airflow/.local/lib/python3.8/site-packages/airflow/example_dags/example_datasets.py
[2026-08-21T11:54:56.506+0000] {processor.py:840} INFO - DAG(s) 'dataset_consumes_1_never_scheduled', 'dataset_consumes_unknown_never_scheduled', 'dataset_consumes_1_and_2', 'dataset_produces_2', 'dataset_produces_1', 'dataset_consumes_1' retrieved from /home/airflow/.local/lib/python3.8/site-packages/airflow/example_dags/example_datasets.py
[2026-08-21T11:54:56.557+0000] {logging_mixin.py:188} INFO - [2026-08-21T11:54:56.556+0000] {dag.py:3036} INFO - Sync 6 DAGs
[2026-08-21T11:54:56.592+0000] {logging_mixin.py:188} INFO - [2026-08-21T11:54:56.591+0000] {dag.py:3823} INFO - Setting next_dagrun for dataset_consumes_1 to None, run_after=None
[2026-08-21T11:54:56.597+0000] {logging_mixin.py:188} INFO - [2026-08-21T11:54:56.596+0000] {dag.py:3823} INFO - Setting next_dagrun for dataset_consumes_1_and_2 to None, run_after=None
[2026-08-21T11:54:56.598+0000] {logging_mixin.py:188} INFO - [2026-08-21T11:54:56.598+0000] {dag.py:3823} INFO - Setting next_dagrun for dataset_consumes_1_never_scheduled to None, run_after=None
[2026-08-21T11:54:56.600+0000] {logging_mixin.py:188} INFO - [2026-08-21T11:54:56.600+0000] {dag.py:3823} INFO - Setting next_dagrun for dataset_consumes_unknown_never_scheduled to None, run_after=None
[2026-08-21T11:54:56.605+0000] {logging_mixin.py:188} INFO - [2026-08-21T11:54:56.604+0000] {dag.py:3823} INFO - Setting next_dagrun for dataset_produces_1 to 2026-08-20 00:00:00+00:00, run_after=2026-08-21 00:00:00+00:00
[2026-08-21T11:54:56.607+0000] {logging_mixin.py:188} INFO - [2026-08-21T11:54:56.607+0000] {dag.py:3823} INFO - Setting next_dagrun for dataset_produces_2 to None, run_after=None
[2026-08-21T11:54:56.648+0000] {processor.py:183} INFO - Processing /home/airflow/.local/lib/python3.8/site-packages/airflow/example_dags/example_datasets.py took 0.158 seconds
[2026-08-21T11:55:27.466+0000] {processor.py:161} INFO - Started process (PID=1227) to work on /home/airflow/.local/lib/python3.8/site-packages/airflow/example_dags/example_datasets.py
[2026-08-21T11:55:27.467+0000] {processor.py:830} INFO - Processing file /home/airflow/.local/lib/python3.8/site-packages/airflow/example_dags/example_datasets.py for tasks to queue
[2026-08-21T11:55:27.469+0000] {logging_mixin.py:188} INFO - [2026-08-21T11:55:27.469+0000] {dagbag.py:538} INFO - Filling up the DagBag from /home/airflow/.local/lib/python3.8/site-packages/airflow/example_dags/example_datasets.py
[2026-08-21T11:55:27.479+0000] {processor.py:840} INFO - DAG(s) 'dataset_consumes_1_and_2', 'dataset_consumes_unknown_never_scheduled', 'dataset_consumes_1_never_scheduled', 'dataset_produces_2', 'dataset_consumes_1', 'dataset_produces_1' retrieved from /home/airflow/.local/lib/python3.8/site-packages/airflow/example_dags/example_datasets.py
[2026-08-21T11:55:27.516+0000] {logging_mixin.py:188} INFO - [2026-08-21T11:55:27.516+0000] {dag.py:3036} INFO - Sync 6 DAGs
[2026-08-21T11:55:27.537+0000] {logging_mixin.py:188} INFO - [2026-08-21T11:55:27.536+0000] {dag.py:3823} INFO - Setting next_dagrun for dataset_consumes_1 to None, run_after=None
[2026-08-21T11:55:27.541+0000] {logging_mixin.py:188} INFO - [2026-08-21T11:55:27.541+0000] {dag.py:3823} INFO - Setting next_dagrun for dataset_consumes_1_and_2 to None, run_after=None
[2026-08-21T11:55:27.543+0000] {logging_mixin.py:188} INFO - [2026-08-21T11:55:27.543+0000] {dag.py:3823} INFO - Setting next_dagrun for dataset_consumes_1_never_scheduled to None, run_after=None
[2026-08-21T11:55:27.544+0000] {logging_mixin.py:188} INFO - [2026-08-21T11:55:27.544+0000] {dag.py:3823} INFO - Setting next_dagrun for dataset_consumes_unknown_never_scheduled to None, run_after=None
[2026-08-21T11:55:27.547+0000] {logging_mixin.py:188} INFO - [2026-08-21T11:55:27.547+0000] {dag.py:3823} INFO - Setting next_dagrun for dataset_produces_1 to 2026-08-20 00:00:00+00:00, run_after=2026-08-21 00:00:00+00:00
[2026-08-21T11:55:27.549+0000] {logging_mixin.py:188} INFO - [2026-08-21T11:55:27.549+0000] {dag.py:3823} INFO - Setting next_dagrun for dataset_produces_2 to None, run_after=None
[2026-08-21T11:55:27.577+0000] {processor.py:183} INFO - Processing /home/airflow/.local/lib/python3.8/site-packages/airflow/example_dags/example_datasets.py took 0.115 seconds
[2026-08-21T11:55:58.648+0000] {processor.py:161} INFO - Started process (PID=1314) to work on /home/airflow/.local/lib/python3.8/site-packages/airflow/example_dags/example_datasets.py
[2026-08-21T11:55:58.650+0000] {processor.py:830} INFO - Processing file /home/airflow/.local/lib/python3.8/site-packages/airflow/example_dags/example_datasets.py for tasks to queue
[2026-08-21T11:55:58.653+0000] {logging_mixin.py:188} INFO - [2026-08-21T11:55:58.652+0000] {dagbag.py:538} INFO - Filling up the DagBag from /home/airflow/.local/lib/python3.8/site-packages/airflow/example_dags/example_datasets.py
[2026-08-21T11:55:58.663+0000] {processor.py:840} INFO - DAG(s) 'dataset_produces_1', 'dataset_consumes_1', 'dataset_consumes_1_and_2', 'dataset_produces_2', 'dataset_consumes_unknown_never_scheduled', 'dataset_consumes_1_never_scheduled' retrieved from /home/airflow/.local/lib/python3.8/site-packages/airflow/example_dags/example_datasets.py
[2026-08-21T11:55:58.700+0000] {logging_mixin.py:188} INFO - [2026-08-21T11:55:58.700+0000] {dag.py:3036} INFO - Sync 6 DAGs
[2026-08-21T11:55:58.722+0000] {logging_mixin.py:188} INFO - [2026-08-21T11:55:58.721+0000] {dag.py:3823} INFO - Setting next_dagrun for dataset_consumes_1 to None, run_after=None
[2026-08-21T11:55:58.726+0000] {logging_mixin.py:188} INFO - [2026-08-21T11:55:58.726+0000] {dag.py:3823} INFO - Setting next_dagrun for dataset_consumes_1_and_2 to None, run_after=None
[2026-08-21T11:55:58.728+0000] {logging_mixin.py:188} INFO - [2026-08-21T11:55:58.728+0000] {dag.py:3823} INFO - Setting next_dagrun for dataset_consumes_1_never_scheduled to None, run_after=None
[2026-08-21T11:55:58.731+0000] {logging_mixin.py:188} INFO - [2026-08-21T11:55:58.730+0000] {dag.py:3823} INFO - Setting next_dagrun for dataset_consumes_unknown_never_scheduled to None, run_after=None
[2026-08-21T11:55:58.734+0000] {logging_mixin.py:188} INFO - [2026-08-21T11:55:58.734+0000] {dag.py:3823} INFO - Setting next_dagrun for dataset_produces_1 to 2026-08-20 00:00:00+00:00, run_after=2026-08-21 00:00:00+00:00
[2026-08-21T11:55:58.736+0000] {logging_mixin.py:188} INFO - [2026-08-21T11:55:58.736+0000] {dag.py:3823} INFO - Setting next_dagrun for dataset_produces_2 to None, run_after=None
[2026-08-21T11:55:58.770+0000] {processor.py:183} INFO - Processing /home/airflow/.local/lib/python3.8/site-packages/airflow/example_dags/example_datasets.py took 0.126 seconds
[2026-08-21T11:56:28.920+0000] {processor.py:161} INFO - Started process (PID=1401) to work on /home/airflow/.local/lib/python3.8/site-packages/airflow/example_dags/example_datasets.py
[2026-08-21T11:56:28.921+0000] {processor.py:830} INFO - Processing file /home/airflow/.local/lib/python3.8/site-packages/airflow/example_dags/example_datasets.py for tasks to queue
[2026-08-21T11:56:28.923+0000] {logging_mixin.py:188} INFO - [2026-08-21T11:56:28.923+0000] {dagbag.py:538} INFO - Filling up the DagBag from /home/airflow/.local/lib/python3.8/site-packages/airflow/example_dags/example_datasets.py
[2026-08-21T11:56:28.934+0000] {processor.py:840} INFO - DAG(s) 'dataset_consumes_1_and_2', 'dataset_consumes_1', 'dataset_consumes_1_never_scheduled', 'dataset_produces_2', 'dataset_produces_1', 'dataset_consumes_unknown_never_scheduled' retrieved from /home/airflow/.local/lib/python3.8/site-packages/airflow/example_dags/example_datasets.py
[2026-08-21T11:56:28.975+0000] {logging_mixin.py:188} INFO - [2026-08-21T11:56:28.975+0000] {dag.py:3036} INFO - Sync 6 DAGs
[2026-08-21T11:56:29.004+0000] {logging_mixin.py:188} INFO - [2026-08-21T11:56:29.003+0000] {dag.py:3823} INFO - Setting next_dagrun for dataset_consumes_1 to None, run_after=None
[2026-08-21T11:56:29.010+0000] {logging_mixin.py:188} INFO - [2026-08-21T11:56:29.010+0000] {dag.py:3823} INFO - Setting next_dagrun for dataset_consumes_1_and_2 to None, run_after=None
[2026-08-21T11:56:29.012+0000] {logging_mixin.py:188} INFO - [2026-08-21T11:56:29.012+0000] {dag.py:3823} INFO - Setting next_dagrun for dataset_consumes_1_never_scheduled to None, run_after=None
[2026-08-21T11:56:29.014+0000] {logging_mixin.py:188} INFO - [2026-08-21T11:56:29.014+0000] {dag.py:3823} INFO - Setting next_dagrun for dataset_consumes_unknown_never_scheduled to None, run_after=None
[2026-08-21T11:56:29.018+0000] {logging_mixin.py:188} INFO - [2026-08-21T11:56:29.018+0000] {dag.py:3823} INFO - Setting next_dagrun for dataset_produces_1 to 2026-08-20 00:00:00+00:00, run_after=2026-08-21 00:00:00+00:00
[2026-08-21T11:56:29.021+0000] {logging_mixin.py:188} INFO - [2026-08-21T11:56:29.021+0000] {dag.py:3823} INFO - Setting next_dagrun for dataset_produces_2 to None, run_after=None
[2026-08-21T11:56:29.056+0000] {processor.py:183} INFO - Processing /home/airflow/.local/lib/python3.8/site-packages/airflow/example_dags/example_datasets.py took 0.140 seconds
[2026-08-21T11:57:01.601+0000] {processor.py:161} INFO - Started process (PID=1488) to work on /home/airflow/.local/lib/python3.8/site-packages/airflow/example_dags/example_datasets.py
[2026-08-21T11:57:01.603+0000] {processor.py:830} INFO - Processing file /home/airflow/.local/lib/python3.8/site-packages/airflow/example_dags/example_datasets.py for tasks to queue
[2026-08-21T11:57:01.605+0000] {logging_mixin.py:188} INFO - [2026-08-21T11:57:01.605+0000] {dagbag.py:538} INFO - Filling up the DagBag from /home/airflow/.local/lib/python3.8/site-packages/airflow/example_dags/example_datasets.py
[2026-08-21T11:57:01.622+0000] {processor.py:840} INFO - DAG(s) 'dataset_consumes_1_never_scheduled', 'dataset_produces_2', 'dataset_produces_1', 'dataset_consumes_1', 'dataset_consumes_unknown_never_scheduled', 'dataset_consumes_1_and_2' retrieved from /home/airflow/.local/lib/python3.8/site-packages/airflow/example_dags/example_datasets.py
[2026-08-21T11:57:01.673+0000] {logging_mixin.py:188} INFO - [2026-08-21T11:57:01.672+0000] {dag.py:3036} INFO - Sync 6 DAGs
[2026-08-21T11:57:01.700+0000] {logging_mixin.py:188} INFO - [2026-08-21T11:57:01.699+0000] {dag.py:3823} INFO - Setting next_dagrun for dataset_consumes_1 to None, run_after=None
[2026-08-21T11:57:01.704+0000] {logging_mixin.py:188} INFO - [2026-08-21T11:57:01.703+0000] {dag.py:3823} INFO - Setting next_dagrun for dataset_consumes_1_and_2 to None, run_after=None
[2026-08-21T11:57:01.706+0000] {logging_mixin.py:188} INFO - [2026-08-21T11:57:01.706+0000] {dag.py:3823} INFO - Setting next_dagrun for dataset_consumes_1_never_scheduled to None, run_after=None
[2026-08-21T11:57:01.708+0000] {logging_mixin.py:188} INFO - [2026-08-21T11:57:01.707+0000] {dag.py:3823} INFO - Setting next_dagrun for dataset_consumes_unknown_never_scheduled to None, run_after=None
[2026-08-21T11:57:01.711+0000] {logging_mixin.py:188} INFO - [2026-08-21T11:57:01.711+0000] {dag.py:3823} INFO - Setting next_dagrun for dataset_produces_1 to 2026-08-20 00:00:00+00:00, run_after=2026-08-21 00:00:00+00:00
[2026-08-21T11:57:01.713+0000] {logging_mixin.py:188} INFO - [2026-08-21T11:57:01.713+0000] {dag.py:3823} INFO - Setting next_dagrun for dataset_produces_2 to None, run_after=None
[2026-08-21T11:57:01.749+0000] {processor.py:183} INFO - Processing /home/airflow/.local/lib/python3.8/site-packages/airflow/example_dags/example_datasets.py took 0.152 seconds
[2026-08-21T11:57:32.991+0000] {processor.py:161} INFO - Started process (PID=1576) to work on /home/airflow/.local/lib/python3.8/site-packages/airflow/example_dags/example_datasets.py
[2026-08-21T11:57:32.993+0000] {processor.py:830} INFO - Processing file /home/airflow/.local/lib/python3.8/site-packages/airflow/example_dags/example_datasets.py for tasks to queue
[2026-08-21T11:57:32.997+0000] {logging_mixin.py:188} INFO - [2026-08-21T11:57:32.996+0000] {dagbag.py:538} INFO - Filling up the DagBag from /home/airflow/.local/lib/python3.8/site-packages/airflow/example_dags/example_datasets.py
[2026-08-21T11:57:33.014+0000] {processor.py:840} INFO - DAG(s) 'dataset_consumes_1', 'dataset_produces_1', 'dataset_produces_2', 'dataset_consumes_1_and_2', 'dataset_consumes_1_never_scheduled', 'dataset_consumes_unknown_never_scheduled' retrieved from /home/airflow/.local/lib/python3.8/site-packages/airflow/example_dags/example_datasets.py
[2026-08-21T11:57:33.043+0000] {logging_mixin.py:188} INFO - [2026-08-21T11:57:33.043+0000] {dag.py:3036} INFO - Sync 6 DAGs
[2026-08-21T11:57:33.101+0000] {logging_mixin.py:188} INFO - [2026-08-21T11:57:33.101+0000] {dag.py:3823} INFO - Setting next_dagrun for dataset_consumes_1 to None, run_after=None
[2026-08-21T11:57:33.108+0000] {logging_mixin.py:188} INFO - [2026-08-21T11:57:33.108+0000] {dag.py:3823} INFO - Setting next_dagrun for dataset_consumes_1_and_2 to None, run_after=None
[2026-08-21T11:57:33.111+0000] {logging_mixin.py:188} INFO - [2026-08-21T11:57:33.111+0000] {dag.py:3823} INFO - Setting next_dagrun for dataset_consumes_1_never_scheduled to None, run_after=None
[2026-08-21T11:57:33.114+0000] {logging_mixin.py:188} INFO - [2026-08-21T11:57:33.113+0000] {dag.py:3823} INFO - Setting next_dagrun for dataset_consumes_unknown_never_scheduled to None, run_after=None
[2026-08-21T11:57:33.118+0000] {logging_mixin.py:188} INFO - [2026-08-21T11:57:33.118+0000] {dag.py:3823} INFO - Setting next_dagrun for dataset_produces_1 to 2026-08-20 00:00:00+00:00, run_after=2026-08-21 00:00:00+00:00
[2026-08-21T11:57:33.122+0000] {logging_mixin.py:188} INFO - [2026-08-21T11:57:33.121+0000] {dag.py:3823} INFO - Setting next_dagrun for dataset_produces_2 to None, run_after=None
[2026-08-21T11:57:33.183+0000] {processor.py:183} INFO - Processing /home/airflow/.local/lib/python3.8/site-packages/airflow/example_dags/example_datasets.py took 0.198 seconds
[2026-08-21T11:58:03.849+0000] {processor.py:161} INFO - Started process (PID=1663) to work on /home/airflow/.local/lib/python3.8/site-packages/airflow/example_dags/example_datasets.py
[2026-08-21T11:58:03.851+0000] {processor.py:830} INFO - Processing file /home/airflow/.local/lib/python3.8/site-packages/airflow/example_dags/example_datasets.py for tasks to queue
[2026-08-21T11:58:03.854+0000] {logging_mixin.py:188} INFO - [2026-08-21T11:58:03.853+0000] {dagbag.py:538} INFO - Filling up the DagBag from /home/airflow/.local/lib/python3.8/site-packages/airflow/example_dags/example_datasets.py
[2026-08-21T11:58:03.868+0000] {processor.py:840} INFO - DAG(s) 'dataset_consumes_1', 'dataset_consumes_1_never_scheduled', 'dataset_produces_2', 'dataset_consumes_unknown_never_scheduled', 'dataset_consumes_1_and_2', 'dataset_produces_1' retrieved from /home/airflow/.local/lib/python3.8/site-packages/airflow/example_dags/example_datasets.py
[2026-08-21T11:58:03.891+0000] {logging_mixin.py:188} INFO - [2026-08-21T11:58:03.891+0000] {dag.py:3036} INFO - Sync 6 DAGs
[2026-08-21T11:58:03.929+0000] {logging_mixin.py:188} INFO - [2026-08-21T11:58:03.928+0000] {dag.py:3823} INFO - Setting next_dagrun for dataset_consumes_1 to None, run_after=None
[2026-08-21T11:58:03.934+0000] {logging_mixin.py:188} INFO - [2026-08-21T11:58:03.934+0000] {dag.py:3823} INFO - Setting next_dagrun for dataset_consumes_1_and_2 to None, run_after=None
[2026-08-21T11:58:03.936+0000] {logging_mixin.py:188} INFO - [2026-08-21T11:58:03.936+0000] {dag.py:3823} INFO - Setting next_dagrun for dataset_consumes_1_never_scheduled to None, run_after=None
[2026-08-21T11:58:03.938+0000] {logging_mixin.py:188} INFO - [2026-08-21T11:58:03.938+0000] {dag.py:3823} INFO - Setting next_dagrun for dataset_consumes_unknown_never_scheduled to None, run_after=None
[2026-08-21T11:58:03.941+0000] {logging_mixin.py:188} INFO - [2026-08-21T11:58:03.941+0000] {dag.py:3823} INFO - Setting next_dagrun for dataset_produces_1 to 2026-08-20 00:00:00+00:00, run_after=2026-08-21 00:00:00+00:00
[2026-08-21T11:58:03.943+0000] {logging_mixin.py:188} INFO - [2026-08-21T11:58:03.943+0000] {dag.py:3823} INFO - Setting next_dagrun for dataset_produces_2 to None, run_after=None
[2026-08-21T11:58:03.987+0000] {processor.py:183} INFO - Processing /home/airflow/.local/lib/python3.8/site-packages/airflow/example_dags/example_datasets.py took 0.144 seconds
[2026-08-21T11:58:36.393+0000] {processor.py:161} INFO - Started process (PID=1750) to work on /home/airflow/.local/lib/python3.8/site-packages/airflow/example_dags/example_datasets.py
[2026-08-21T11:58:36.394+0000] {processor.py:830} INFO - Processing file /home/airflow/.local/lib/python3.8/site-packages/airflow/example_dags/example_datasets.py for tasks to queue
[2026-08-21T11:58:36.397+0000] {logging_mixin.py:188} INFO - [2026-08-21T11:58:36.396+0000] {dagbag.py:538} INFO - Filling up the DagBag from /home/airflow/.local/lib/python3.8/site-packages/airflow/example_dags/example_datasets.py
[2026-08-21T11:58:36.411+0000] {processor.py:840} INFO - DAG(s) 'dataset_produces_2', 'dataset_consumes_1_never_scheduled', 'dataset_consumes_1', 'dataset_consumes_unknown_never_scheduled', 'dataset_consumes_1_and_2', 'dataset_produces_1' retrieved from /home/airflow/.local/lib/python3.8/site-packages/airflow/example_dags/example_datasets.py
[2026-08-21T11:58:36.459+0000] {logging_mixin.py:188} INFO - [2026-08-21T11:58:36.453+0000] {dag.py:3036} INFO - Sync 6 DAGs
[2026-08-21T11:58:36.505+0000] {logging_mixin.py:188} INFO - [2026-08-21T11:58:36.504+0000] {dag.py:3823} INFO - Setting next_dagrun for dataset_consumes_1 to None, run_after=None
[2026-08-21T11:58:36.511+0000] {logging_mixin.py:188} INFO - [2026-08-21T11:58:36.511+0000] {dag.py:3823} INFO - Setting next_dagrun for dataset_consumes_1_and_2 to None, run_after=None
[2026-08-21T11:58:36.513+0000] {logging_mixin.py:188} INFO - [2026-08-21T11:58:36.513+0000] {dag.py:3823} INFO - Setting next_dagrun for dataset_consumes_1_never_scheduled to None, run_after=None
[2026-08-21T11:58:36.516+0000] {logging_mixin.py:188} INFO - [2026-08-21T11:58:36.515+0000] {dag.py:3823} INFO - Setting next_dagrun for dataset_consumes_unknown_never_scheduled to None, run_after=None
[2026-08-21T11:58:36.520+0000] {logging_mixin.py:188} INFO - [2026-08-21T11:58:36.520+0000] {dag.py:3823} INFO - Setting next_dagrun for dataset_produces_1 to 2026-08-20 00:00:00+00:00, run_after=2026-08-21 00:00:00+00:00
[2026-08-21T11:58:36.524+0000] {logging_mixin.py:188} INFO - [2026-08-21T11:58:36.524+0000] {dag.py:3823} INFO - Setting next_dagrun for dataset_produces_2 to None, run_after=None
[2026-08-21T11:58:36.586+0000] {processor.py:183} INFO - Processing /home/airflow/.local/lib/python3.8/site-packages/airflow/example_dags/example_datasets.py took 0.199 seconds
[2026-08-21T11:59:07.542+0000] {processor.py:161} INFO - Started process (PID=1837) to work on /home/airflow/.local/lib/python3.8/site-packages/airflow/example_dags/example_datasets.py
[2026-08-21T11:59:07.544+0000] {processor.py:830} INFO - Processing file /home/airflow/.local/lib/python3.8/site-packages/airflow/example_dags/example_datasets.py for tasks to queue
[2026-08-21T11:59:07.546+0000] {logging_mixin.py:188} INFO - [2026-08-21T11:59:07.545+0000] {dagbag.py:538} INFO - Filling up the DagBag from /home/airflow/.local/lib/python3.8/site-packages/airflow/example_dags/example_datasets.py
[2026-08-21T11:59:07.556+0000] {processor.py:840} INFO - DAG(s) 'dataset_produces_2', 'dataset_consumes_1_and_2', 'dataset_produces_1', 'dataset_consumes_unknown_never_scheduled', 'dataset_consumes_1_never_scheduled', 'dataset_consumes_1' retrieved from /home/airflow/.local/lib/python3.8/site-packages/airflow/example_dags/example_datasets.py
[2026-08-21T11:59:07.724+0000] {logging_mixin.py:188} INFO - [2026-08-21T11:59:07.723+0000] {dag.py:3036} INFO - Sync 6 DAGs
[2026-08-21T11:59:07.744+0000] {logging_mixin.py:188} INFO - [2026-08-21T11:59:07.743+0000] {dag.py:3823} INFO - Setting next_dagrun for dataset_consumes_1 to None, run_after=None
[2026-08-21T11:59:07.747+0000] {logging_mixin.py:188} INFO - [2026-08-21T11:59:07.747+0000] {dag.py:3823} INFO - Setting next_dagrun for dataset_consumes_1_and_2 to None, run_after=None
[2026-08-21T11:59:07.749+0000] {logging_mixin.py:188} INFO - [2026-08-21T11:59:07.749+0000] {dag.py:3823} INFO - Setting next_dagrun for dataset_consumes_1_never_scheduled to None, run_after=None
[2026-08-21T11:59:07.752+0000] {logging_mixin.py:188} INFO - [2026-08-21T11:59:07.751+0000] {dag.py:3823} INFO - Setting next_dagrun for dataset_consumes_unknown_never_scheduled to None, run_after=None
[2026-08-21T11:59:07.755+0000] {logging_mixin.py:188} INFO - [2026-08-21T11:59:07.755+0000] {dag.py:3823} INFO - Setting next_dagrun for dataset_produces_1 to 2026-08-20 00:00:00+00:00, run_after=2026-08-21 00:00:00+00:00
[2026-08-21T11:59:07.757+0000] {logging_mixin.py:188} INFO - [2026-08-21T11:59:07.757+0000] {dag.py:3823} INFO - Setting next_dagrun for dataset_produces_2 to None, run_after=None
[2026-08-21T11:59:07.792+0000] {processor.py:183} INFO - Processing /home/airflow/.local/lib/python3.8/site-packages/airflow/example_dags/example_datasets.py took 0.253 seconds
[2026-08-21T11:59:38.126+0000] {processor.py:161} INFO - Started process (PID=1923) to work on /home/airflow/.local/lib/python3.8/site-packages/airflow/example_dags/example_datasets.py
[2026-08-21T11:59:38.127+0000] {processor.py:830} INFO - Processing file /home/airflow/.local/lib/python3.8/site-packages/airflow/example_dags/example_datasets.py for tasks to queue
[2026-08-21T11:59:38.130+0000] {logging_mixin.py:188} INFO - [2026-08-21T11:59:38.129+0000] {dagbag.py:538} INFO - Filling up the DagBag from /home/airflow/.local/lib/python3.8/site-packages/airflow/example_dags/example_datasets.py
[2026-08-21T11:59:38.146+0000] {processor.py:840} INFO - DAG(s) 'dataset_produces_2', 'dataset_produces_1', 'dataset_consumes_1', 'dataset_consumes_1_and_2', 'dataset_consumes_1_never_scheduled', 'dataset_consumes_unknown_never_scheduled' retrieved from /home/airflow/.local/lib/python3.8/site-packages/airflow/example_dags/example_datasets.py
[2026-08-21T11:59:38.195+0000] {logging_mixin.py:188} INFO - [2026-08-21T11:59:38.195+0000] {dag.py:3036} INFO - Sync 6 DAGs
[2026-08-21T11:59:38.221+0000] {logging_mixin.py:188} INFO - [2026-08-21T11:59:38.221+0000] {dag.py:3823} INFO - Setting next_dagrun for dataset_consumes_1 to None, run_after=None
[2026-08-21T11:59:38.225+0000] {logging_mixin.py:188} INFO - [2026-08-21T11:59:38.225+0000] {dag.py:3823} INFO - Setting next_dagrun for dataset_consumes_1_and_2 to None, run_after=None
[2026-08-21T11:59:38.227+0000] {logging_mixin.py:188} INFO - [2026-08-21T11:59:38.227+0000] {dag.py:3823} INFO - Setting next_dagrun for dataset_consumes_1_never_scheduled to None, run_after=None
[2026-08-21T11:59:38.229+0000] {logging_mixin.py:188} INFO - [2026-08-21T11:59:38.229+0000] {dag.py:3823} INFO - Setting next_dagrun for dataset_consumes_unknown_never_scheduled to None, run_after=None
[2026-08-21T11:59:38.231+0000] {logging_mixin.py:188} INFO - [2026-08-21T11:59:38.231+0000] {dag.py:3823} INFO - Setting next_dagrun for dataset_produces_1 to 2026-08-20 00:00:00+00:00, run_after=2026-08-21 00:00:00+00:00
[2026-08-21T11:59:38.233+0000] {logging_mixin.py:188} INFO - [2026-08-21T11:59:38.233+0000] {dag.py:3823} INFO - Setting next_dagrun for dataset_produces_2 to None, run_after=None
[2026-08-21T11:59:38.265+0000] {processor.py:183} INFO - Processing /home/airflow/.local/lib/python3.8/site-packages/airflow/example_dags/example_datasets.py took 0.143 seconds
[2026-08-21T12:00:08.586+0000] {processor.py:161} INFO - Started process (PID=2010) to work on /home/airflow/.local/lib/python3.8/site-packages/airflow/example_dags/example_datasets.py
[2026-08-21T12:00:08.587+0000] {processor.py:830} INFO - Processing file /home/airflow/.local/lib/python3.8/site-packages/airflow/example_dags/example_datasets.py for tasks to queue
[2026-08-21T12:00:08.589+0000] {logging_mixin.py:188} INFO - [2026-08-21T12:00:08.589+0000] {dagbag.py:538} INFO - Filling up the DagBag from /home/airflow/.local/lib/python3.8/site-packages/airflow/example_dags/example_datasets.py
[2026-08-21T12:00:08.599+0000] {processor.py:840} INFO - DAG(s) 'dataset_consumes_unknown_never_scheduled', 'dataset_consumes_1_never_scheduled', 'dataset_produces_2', 'dataset_produces_1', 'dataset_consumes_1', 'dataset_consumes_1_and_2' retrieved from /home/airflow/.local/lib/python3.8/site-packages/airflow/example_dags/example_datasets.py
[2026-08-21T12:00:08.636+0000] {logging_mixin.py:188} INFO - [2026-08-21T12:00:08.636+0000] {dag.py:3036} INFO - Sync 6 DAGs
[2026-08-21T12:00:08.659+0000] {logging_mixin.py:188} INFO - [2026-08-21T12:00:08.658+0000] {dag.py:3823} INFO - Setting next_dagrun for dataset_consumes_1 to None, run_after=None
[2026-08-21T12:00:08.664+0000] {logging_mixin.py:188} INFO - [2026-08-21T12:00:08.664+0000] {dag.py:3823} INFO - Setting next_dagrun for dataset_consumes_1_and_2 to None, run_after=None
[2026-08-21T12:00:08.666+0000] {logging_mixin.py:188} INFO - [2026-08-21T12:00:08.666+0000] {dag.py:3823} INFO - Setting next_dagrun for dataset_consumes_1_never_scheduled to None, run_after=None
[2026-08-21T12:00:08.669+0000] {logging_mixin.py:188} INFO - [2026-08-21T12:00:08.669+0000] {dag.py:3823} INFO - Setting next_dagrun for dataset_consumes_unknown_never_scheduled to None, run_after=None
[2026-08-21T12:00:08.672+0000] {logging_mixin.py:188} INFO - [2026-08-21T12:00:08.672+0000] {dag.py:3823} INFO - Setting next_dagrun for dataset_produces_1 to 2026-08-20 00:00:00+00:00, run_after=2026-08-21 00:00:00+00:00
[2026-08-21T12:00:08.675+0000] {logging_mixin.py:188} INFO - [2026-08-21T12:00:08.675+0000] {dag.py:3823} INFO - Setting next_dagrun for dataset_produces_2 to None, run_after=None
[2026-08-21T12:00:08.714+0000] {processor.py:183} INFO - Processing /home/airflow/.local/lib/python3.8/site-packages/airflow/example_dags/example_datasets.py took 0.132 seconds
[2026-08-21T12:00:39.105+0000] {processor.py:161} INFO - Started process (PID=2097) to work on /home/airflow/.local/lib/python3.8/site-packages/airflow/example_dags/example_datasets.py
[2026-08-21T12:00:39.106+0000] {processor.py:830} INFO - Processing file /home/airflow/.local/lib/python3.8/site-packages/airflow/example_dags/example_datasets.py for tasks to queue
[2026-08-21T12:00:39.109+0000] {logging_mixin.py:188} INFO - [2026-08-21T12:00:39.108+0000] {dagbag.py:538} INFO - Filling up the DagBag from /home/airflow/.local/lib/python3.8/site-packages/airflow/example_dags/example_datasets.py
[2026-08-21T12:00:39.119+0000] {processor.py:840} INFO - DAG(s) 'dataset_consumes_1', 'dataset_consumes_1_never_scheduled', 'dataset_consumes_1_and_2', 'dataset_produces_2', 'dataset_consumes_unknown_never_scheduled', 'dataset_produces_1' retrieved from /home/airflow/.local/lib/python3.8/site-packages/airflow/example_dags/example_datasets.py
[2026-08-21T12:00:39.160+0000] {logging_mixin.py:188} INFO - [2026-08-21T12:00:39.160+0000] {dag.py:3036} INFO - Sync 6 DAGs
[2026-08-21T12:00:39.183+0000] {logging_mixin.py:188} INFO - [2026-08-21T12:00:39.183+0000] {dag.py:3823} INFO - Setting next_dagrun for dataset_consumes_1 to None, run_after=None
[2026-08-21T12:00:39.187+0000] {logging_mixin.py:188} INFO - [2026-08-21T12:00:39.187+0000] {dag.py:3823} INFO - Setting next_dagrun for dataset_consumes_1_and_2 to None, run_after=None
[2026-08-21T12:00:39.189+0000] {logging_mixin.py:188} INFO - [2026-08-21T12:00:39.189+0000] {dag.py:3823} INFO - Setting next_dagrun for dataset_consumes_1_never_scheduled to None, run_after=None
[2026-08-21T12:00:39.190+0000] {logging_mixin.py:188} INFO - [2026-08-21T12:00:39.190+0000] {dag.py:3823} INFO - Setting next_dagrun for dataset_consumes_unknown_never_scheduled to None, run_after=None
[2026-08-21T12:00:39.194+0000] {logging_mixin.py:188} INFO - [2026-08-21T12:00:39.193+0000] {dag.py:3823} INFO - Setting next_dagrun for dataset_produces_1 to 2026-08-20 00:00:00+00:00, run_after=2026-08-21 00:00:00+00:00
[2026-08-21T12:00:39.196+0000] {logging_mixin.py:188} INFO - [2026-08-21T12:00:39.195+0000] {dag.py:3823} INFO - Setting next_dagrun for dataset_produces_2 to None, run_after=None
[2026-08-21T12:00:39.224+0000] {processor.py:183} INFO - Processing /home/airflow/.local/lib/python3.8/site-packages/airflow/example_dags/example_datasets.py took 0.124 seconds
[2026-08-21T12:01:10.158+0000] {processor.py:161} INFO - Started process (PID=2184) to work on /home/airflow/.local/lib/python3.8/site-packages/airflow/example_dags/example_datasets.py
[2026-08-21T12:01:10.159+0000] {processor.py:830} INFO - Processing file /home/airflow/.local/lib/python3.8/site-packages/airflow/example_dags/example_datasets.py for tasks to queue
[2026-08-21T12:01:10.162+0000] {logging_mixin.py:188} INFO - [2026-08-21T12:01:10.161+0000] {dagbag.py:538} INFO - Filling up the DagBag from /home/airflow/.local/lib/python3.8/site-packages/airflow/example_dags/example_datasets.py
[2026-08-21T12:01:10.172+0000] {processor.py:840} INFO - DAG(s) 'dataset_consumes_1', 'dataset_produces_2', 'dataset_consumes_1_and_2', 'dataset_consumes_unknown_never_scheduled', 'dataset_produces_1', 'dataset_consumes_1_never_scheduled' retrieved from /home/airflow/.local/lib/python3.8/site-packages/airflow/example_dags/example_datasets.py
[2026-08-21T12:01:10.206+0000] {logging_mixin.py:188} INFO - [2026-08-21T12:01:10.206+0000] {dag.py:3036} INFO - Sync 6 DAGs
[2026-08-21T12:01:10.228+0000] {logging_mixin.py:188} INFO - [2026-08-21T12:01:10.228+0000] {dag.py:3823} INFO - Setting next_dagrun for dataset_consumes_1 to None, run_after=None
[2026-08-21T12:01:10.232+0000] {logging_mixin.py:188} INFO - [2026-08-21T12:01:10.231+0000] {dag.py:3823} INFO - Setting next_dagrun for dataset_consumes_1_and_2 to None, run_after=None
[2026-08-21T12:01:10.233+0000] {logging_mixin.py:188} INFO - [2026-08-21T12:01:10.233+0000] {dag.py:3823} INFO - Setting next_dagrun for dataset_consumes_1_never_scheduled to None, run_after=None
[2026-08-21T12:01:10.234+0000] {logging_mixin.py:188} INFO - [2026-08-21T12:01:10.234+0000] {dag.py:3823} INFO - Setting next_dagrun for dataset_consumes_unknown_never_scheduled to None, run_after=None
[2026-08-21T12:01:10.237+0000] {logging_mixin.py:188} INFO - [2026-08-21T12:01:10.237+0000] {dag.py:3823} INFO - Setting next_dagrun for dataset_produces_1 to 2026-08-20 00:00:00+00:00, run_after=2026-08-21 00:00:00+00:00
[2026-08-21T12:01:10.239+0000] {logging_mixin.py:188} INFO - [2026-08-21T12:01:10.239+0000] {dag.py:3823} INFO - Setting next_dagrun for dataset_produces_2 to None, run_after=None
[2026-08-21T12:01:10.277+0000] {processor.py:183} INFO - Processing /home/airflow/.local/lib/python3.8/site-packages/airflow/example_dags/example_datasets.py took 0.124 seconds
[2026-08-21T12:01:40.780+0000] {processor.py:161} INFO - Started process (PID=2271) to work on /home/airflow/.local/lib/python3.8/site-packages/airflow/example_dags/example_datasets.py
[2026-08-21T12:01:40.782+0000] {processor.py:830} INFO - Processing file /home/airflow/.local/lib/python3.8/site-packages/airflow/example_dags/example_datasets.py for tasks to queue
[2026-08-21T12:01:40.784+0000] {logging_mixin.py:188} INFO - [2026-08-21T12:01:40.784+0000] {dagbag.py:538} INFO - Filling up the DagBag from /home/airflow/.local/lib/python3.8/site-packages/airflow/example_dags/example_datasets.py
[2026-08-21T12:01:40.793+0000] {processor.py:840} INFO - DAG(s) 'dataset_consumes_1_never_scheduled', 'dataset_produces_2', 'dataset_consumes_unknown_never_scheduled', 'dataset_consumes_1_and_2', 'dataset_consumes_1', 'dataset_produces_1' retrieved from /home/airflow/.local/lib/python3.8/site-packages/airflow/example_dags/example_datasets.py
[2026-08-21T12:01:40.830+0000] {logging_mixin.py:188} INFO - [2026-08-21T12:01:40.830+0000] {dag.py:3036} INFO - Sync 6 DAGs
[2026-08-21T12:01:40.851+0000] {logging_mixin.py:188} INFO - [2026-08-21T12:01:40.851+0000] {dag.py:3823} INFO - Setting next_dagrun for dataset_consumes_1 to None, run_after=None
[2026-08-21T12:01:40.855+0000] {logging_mixin.py:188} INFO - [2026-08-21T12:01:40.855+0000] {dag.py:3823} INFO - Setting next_dagrun for dataset_consumes_1_and_2 to None, run_after=None
[2026-08-21T12:01:40.857+0000] {logging_mixin.py:188} INFO - [2026-08-21T12:01:40.857+0000] {dag.py:3823} INFO - Setting next_dagrun for dataset_consumes_1_never_scheduled to None, run_after=None
[2026-08-21T12:01:40.858+0000] {logging_mixin.py:188} INFO - [2026-08-21T12:01:40.858+0000] {dag.py:3823} INFO - Setting next_dagrun for dataset_consumes_unknown_never_scheduled to None, run_after=None
[2026-08-21T12:01:40.860+0000] {logging_mixin.py:188} INFO - [2026-08-21T12:01:40.860+0000] {dag.py:3823} INFO - Setting next_dagrun for dataset_produces_1 to 2026-08-20 00:00:00+00:00, run_after=2026-08-21 00:00:00+00:00
[2026-08-21T12:01:40.861+0000] {logging_mixin.py:188} INFO - [2026-08-21T12:01:40.861+0000] {dag.py:3823} INFO - Setting next_dagrun for dataset_produces_2 to None, run_after=None
[2026-08-21T12:01:40.888+0000] {processor.py:183} INFO - Processing /home/airflow/.local/lib/python3.8/site-packages/airflow/example_dags/example_datasets.py took 0.112 seconds
[2026-08-21T12:02:11.298+0000] {processor.py:161} INFO - Started process (PID=2358) to work on /home/airflow/.local/lib/python3.8/site-packages/airflow/example_dags/example_datasets.py
[2026-08-21T12:02:11.299+0000] {processor.py:830} INFO - Processing file /home/airflow/.local/lib/python3.8/site-packages/airflow/example_dags/example_datasets.py for tasks to queue
[2026-08-21T12:02:11.302+0000] {logging_mixin.py:188} INFO - [2026-08-21T12:02:11.301+0000] {dagbag.py:538} INFO - Filling up the DagBag from /home/airflow/.local/lib/python3.8/site-packages/airflow/example_dags/example_datasets.py
[2026-08-21T12:02:11.312+0000] {processor.py:840} INFO - DAG(s) 'dataset_consumes_1', 'dataset_produces_1', 'dataset_consumes_1_and_2', 'dataset_consumes_1_never_scheduled', 'dataset_produces_2', 'dataset_consumes_unknown_never_scheduled' retrieved from /home/airflow/.local/lib/python3.8/site-packages/airflow/example_dags/example_datasets.py
[2026-08-21T12:02:11.351+0000] {logging_mixin.py:188} INFO - [2026-08-21T12:02:11.350+0000] {dag.py:3036} INFO - Sync 6 DAGs
[2026-08-21T12:02:11.377+0000] {logging_mixin.py:188} INFO - [2026-08-21T12:02:11.376+0000] {dag.py:3823} INFO - Setting next_dagrun for dataset_consumes_1 to None, run_after=None
[2026-08-21T12:02:11.381+0000] {logging_mixin.py:188} INFO - [2026-08-21T12:02:11.381+0000] {dag.py:3823} INFO - Setting next_dagrun for dataset_consumes_1_and_2 to None, run_after=None
[2026-08-21T12:02:11.383+0000] {logging_mixin.py:188} INFO - [2026-08-21T12:02:11.382+0000] {dag.py:3823} INFO - Setting next_dagrun for dataset_consumes_1_never_scheduled to None, run_after=None
[2026-08-21T12:02:11.384+0000] {logging_mixin.py:188} INFO - [2026-08-21T12:02:11.384+0000] {dag.py:3823} INFO - Setting next_dagrun for dataset_consumes_unknown_never_scheduled to None, run_after=None
[2026-08-21T12:02:11.387+0000] {logging_mixin.py:188} INFO - [2026-08-21T12:02:11.387+0000] {dag.py:3823} INFO - Setting next_dagrun for dataset_produces_1 to 2026-08-20 00:00:00+00:00, run_after=2026-08-21 00:00:00+00:00
[2026-08-21T12:02:11.389+0000] {logging_mixin.py:188} INFO - [2026-08-21T12:02:11.389+0000] {dag.py:3823} INFO - Setting next_dagrun for dataset_produces_2 to None, run_after=None
[2026-08-21T12:02:11.422+0000] {processor.py:183} INFO - Processing /home/airflow/.local/lib/python3.8/site-packages/airflow/example_dags/example_datasets.py took 0.127 seconds
[2026-08-21T12:02:42.659+0000] {processor.py:161} INFO - Started process (PID=2445) to work on /home/airflow/.local/lib/python3.8/site-packages/airflow/example_dags/example_datasets.py
[2026-08-21T12:02:42.660+0000] {processor.py:830} INFO - Processing file /home/airflow/.local/lib/python3.8/site-packages/airflow/example_dags/example_datasets.py for tasks to queue
[2026-08-21T12:02:42.662+0000] {logging_mixin.py:188} INFO - [2026-08-21T12:02:42.662+0000] {dagbag.py:538} INFO - Filling up the DagBag from /home/airflow/.local/lib/python3.8/site-packages/airflow/example_dags/example_datasets.py
[2026-08-21T12:02:42.672+0000] {processor.py:840} INFO - DAG(s) 'dataset_consumes_1', 'dataset_consumes_1_and_2', 'dataset_consumes_unknown_never_scheduled', 'dataset_consumes_1_never_scheduled', 'dataset_produces_1', 'dataset_produces_2' retrieved from /home/airflow/.local/lib/python3.8/site-packages/airflow/example_dags/example_datasets.py
[2026-08-21T12:02:42.707+0000] {logging_mixin.py:188} INFO - [2026-08-21T12:02:42.706+0000] {dag.py:3036} INFO - Sync 6 DAGs
[2026-08-21T12:02:42.729+0000] {logging_mixin.py:188} INFO - [2026-08-21T12:02:42.729+0000] {dag.py:3823} INFO - Setting next_dagrun for dataset_consumes_1 to None, run_after=None
[2026-08-21T12:02:42.732+0000] {logging_mixin.py:188} INFO - [2026-08-21T12:02:42.732+0000] {dag.py:3823} INFO - Setting next_dagrun for dataset_consumes_1_and_2 to None, run_after=None
[2026-08-21T12:02:42.734+0000] {logging_mixin.py:188} INFO - [2026-08-21T12:02:42.734+0000] {dag.py:3823} INFO - Setting next_dagrun for dataset_consumes_1_never_scheduled to None, run_after=None
[2026-08-21T12:02:42.736+0000] {logging_mixin.py:188} INFO - [2026-08-21T12:02:42.735+0000] {dag.py:3823} INFO - Setting next_dagrun for dataset_consumes_unknown_never_scheduled to None, run_after=None
[2026-08-21T12:02:42.739+0000] {logging_mixin.py:188} INFO - [2026-08-21T12:02:42.739+0000] {dag.py:3823} INFO - Setting next_dagrun for dataset_produces_1 to 2026-08-20 00:00:00+00:00, run_after=2026-08-21 00:00:00+00:00
[2026-08-21T12:02:42.741+0000] {logging_mixin.py:188} INFO - [2026-08-21T12:02:42.741+0000] {dag.py:3823} INFO - Setting next_dagrun for dataset_produces_2 to None, run_after=None
[2026-08-21T12:02:42.774+0000] {processor.py:183} INFO - Processing /home/airflow/.local/lib/python3.8/site-packages/airflow/example_dags/example_datasets.py took 0.119 seconds
[2026-08-21T12:03:13.498+0000] {processor.py:161} INFO - Started process (PID=2538) to work on /home/airflow/.local/lib/python3.8/site-packages/airflow/example_dags/example_datasets.py
[2026-08-21T12:03:13.499+0000] {processor.py:830} INFO - Processing file /home/airflow/.local/lib/python3.8/site-packages/airflow/example_dags/example_datasets.py for tasks to queue
[2026-08-21T12:03:13.502+0000] {logging_mixin.py:188} INFO - [2026-08-21T12:03:13.501+0000] {dagbag.py:538} INFO - Filling up the DagBag from /home/airflow/.local/lib/python3.8/site-packages/airflow/example_dags/example_datasets.py
[2026-08-21T12:03:13.511+0000] {processor.py:840} INFO - DAG(s) 'dataset_produces_2', 'dataset_consumes_unknown_never_scheduled', 'dataset_consumes_1', 'dataset_consumes_1_never_scheduled', 'dataset_produces_1', 'dataset_consumes_1_and_2' retrieved from /home/airflow/.local/lib/python3.8/site-packages/airflow/example_dags/example_datasets.py
[2026-08-21T12:03:13.548+0000] {logging_mixin.py:188} INFO - [2026-08-21T12:03:13.548+0000] {dag.py:3036} INFO - Sync 6 DAGs
[2026-08-21T12:03:13.576+0000] {logging_mixin.py:188} INFO - [2026-08-21T12:03:13.575+0000] {dag.py:3823} INFO - Setting next_dagrun for dataset_consumes_1 to None, run_after=None
[2026-08-21T12:03:13.579+0000] {logging_mixin.py:188} INFO - [2026-08-21T12:03:13.579+0000] {dag.py:3823} INFO - Setting next_dagrun for dataset_consumes_1_and_2 to None, run_after=None
[2026-08-21T12:03:13.581+0000] {logging_mixin.py:188} INFO - [2026-08-21T12:03:13.581+0000] {dag.py:3823} INFO - Setting next_dagrun for dataset_consumes_1_never_scheduled to None, run_after=None
[2026-08-21T12:03:13.583+0000] {logging_mixin.py:188} INFO - [2026-08-21T12:03:13.583+0000] {dag.py:3823} INFO - Setting next_dagrun for dataset_consumes_unknown_never_scheduled to None, run_after=None
[2026-08-21T12:03:13.586+0000] {logging_mixin.py:188} INFO - [2026-08-21T12:03:13.586+0000] {dag.py:3823} INFO - Setting next_dagrun for dataset_produces_1 to 2026-08-20 00:00:00+00:00, run_after=2026-08-21 00:00:00+00:00
[2026-08-21T12:03:13.589+0000] {logging_mixin.py:188} INFO - [2026-08-21T12:03:13.589+0000] {dag.py:3823} INFO - Setting next_dagrun for dataset_produces_2 to None, run_after=None
[2026-08-21T12:03:13.624+0000] {processor.py:183} INFO - Processing /home/airflow/.local/lib/python3.8/site-packages/airflow/example_dags/example_datasets.py took 0.129 seconds
[2026-08-21T12:03:44.473+0000] {processor.py:161} INFO - Started process (PID=2625) to work on /home/airflow/.local/lib/python3.8/site-packages/airflow/example_dags/example_datasets.py
[2026-08-21T12:03:44.474+0000] {processor.py:830} INFO - Processing file /home/airflow/.local/lib/python3.8/site-packages/airflow/example_dags/example_datasets.py for tasks to queue
[2026-08-21T12:03:44.477+0000] {logging_mixin.py:188} INFO - [2026-08-21T12:03:44.476+0000] {dagbag.py:538} INFO - Filling up the DagBag from /home/airflow/.local/lib/python3.8/site-packages/airflow/example_dags/example_datasets.py
[2026-08-21T12:03:44.486+0000] {processor.py:840} INFO - DAG(s) 'dataset_consumes_1_and_2', 'dataset_consumes_1', 'dataset_consumes_1_never_scheduled', 'dataset_produces_2', 'dataset_produces_1', 'dataset_consumes_unknown_never_scheduled' retrieved from /home/airflow/.local/lib/python3.8/site-packages/airflow/example_dags/example_datasets.py
[2026-08-21T12:03:44.524+0000] {logging_mixin.py:188} INFO - [2026-08-21T12:03:44.523+0000] {dag.py:3036} INFO - Sync 6 DAGs
[2026-08-21T12:03:44.545+0000] {logging_mixin.py:188} INFO - [2026-08-21T12:03:44.545+0000] {dag.py:3823} INFO - Setting next_dagrun for dataset_consumes_1 to None, run_after=None
[2026-08-21T12:03:44.550+0000] {logging_mixin.py:188} INFO - [2026-08-21T12:03:44.549+0000] {dag.py:3823} INFO - Setting next_dagrun for dataset_consumes_1_and_2 to None, run_after=None
[2026-08-21T12:03:44.551+0000] {logging_mixin.py:188} INFO - [2026-08-21T12:03:44.551+0000] {dag.py:3823} INFO - Setting next_dagrun for dataset_consumes_1_never_scheduled to None, run_after=None
[2026-08-21T12:03:44.553+0000] {logging_mixin.py:188} INFO - [2026-08-21T12:03:44.553+0000] {dag.py:3823} INFO - Setting next_dagrun for dataset_consumes_unknown_never_scheduled to None, run_after=None
[2026-08-21T12:03:44.556+0000] {logging_mixin.py:188} INFO - [2026-08-21T12:03:44.555+0000] {dag.py:3823} INFO - Setting next_dagrun for dataset_produces_1 to 2026-08-20 00:00:00+00:00, run_after=2026-08-21 00:00:00+00:00
[2026-08-21T12:03:44.557+0000] {logging_mixin.py:188} INFO - [2026-08-21T12:03:44.557+0000] {dag.py:3823} INFO - Setting next_dagrun for dataset_produces_2 to None, run_after=None
[2026-08-21T12:03:44.586+0000] {processor.py:183} INFO - Processing /home/airflow/.local/lib/python3.8/site-packages/airflow/example_dags/example_datasets.py took 0.116 seconds
[2026-08-21T12:04:15.696+0000] {processor.py:161} INFO - Started process (PID=2712) to work on /home/airflow/.local/lib/python3.8/site-packages/airflow/example_dags/example_datasets.py
[2026-08-21T12:04:15.698+0000] {processor.py:830} INFO - Processing file /home/airflow/.local/lib/python3.8/site-packages/airflow/example_dags/example_datasets.py for tasks to queue
[2026-08-21T12:04:15.700+0000] {logging_mixin.py:188} INFO - [2026-08-21T12:04:15.700+0000] {dagbag.py:538} INFO - Filling up the DagBag from /home/airflow/.local/lib/python3.8/site-packages/airflow/example_dags/example_datasets.py
[2026-08-21T12:04:15.713+0000] {processor.py:840} INFO - DAG(s) 'dataset_produces_2', 'dataset_consumes_1', 'dataset_consumes_unknown_never_scheduled', 'dataset_consumes_1_never_scheduled', 'dataset_produces_1', 'dataset_consumes_1_and_2' retrieved from /home/airflow/.local/lib/python3.8/site-packages/airflow/example_dags/example_datasets.py
[2026-08-21T12:04:15.751+0000] {logging_mixin.py:188} INFO - [2026-08-21T12:04:15.751+0000] {dag.py:3036} INFO - Sync 6 DAGs
[2026-08-21T12:04:15.772+0000] {logging_mixin.py:188} INFO - [2026-08-21T12:04:15.772+0000] {dag.py:3823} INFO - Setting next_dagrun for dataset_consumes_1 to None, run_after=None
[2026-08-21T12:04:15.776+0000] {logging_mixin.py:188} INFO - [2026-08-21T12:04:15.776+0000] {dag.py:3823} INFO - Setting next_dagrun for dataset_consumes_1_and_2 to None, run_after=None
[2026-08-21T12:04:15.778+0000] {logging_mixin.py:188} INFO - [2026-08-21T12:04:15.778+0000] {dag.py:3823} INFO - Setting next_dagrun for dataset_consumes_1_never_scheduled to None, run_after=None
[2026-08-21T12:04:15.780+0000] {logging_mixin.py:188} INFO - [2026-08-21T12:04:15.780+0000] {dag.py:3823} INFO - Setting next_dagrun for dataset_consumes_unknown_never_scheduled to None, run_after=None
[2026-08-21T12:04:15.785+0000] {logging_mixin.py:188} INFO - [2026-08-21T12:04:15.785+0000] {dag.py:3823} INFO - Setting next_dagrun for dataset_produces_1 to 2026-08-20 00:00:00+00:00, run_after=2026-08-21 00:00:00+00:00
[2026-08-21T12:04:15.787+0000] {logging_mixin.py:188} INFO - [2026-08-21T12:04:15.786+0000] {dag.py:3823} INFO - Setting next_dagrun for dataset_produces_2 to None, run_after=None
[2026-08-21T12:04:15.949+0000] {processor.py:183} INFO - Processing /home/airflow/.local/lib/python3.8/site-packages/airflow/example_dags/example_datasets.py took 0.256 seconds
[2026-08-21T12:04:46.553+0000] {processor.py:161} INFO - Started process (PID=2801) to work on /home/airflow/.local/lib/python3.8/site-packages/airflow/example_dags/example_datasets.py
[2026-08-21T12:04:46.554+0000] {processor.py:830} INFO - Processing file /home/airflow/.local/lib/python3.8/site-packages/airflow/example_dags/example_datasets.py for tasks to queue
[2026-08-21T12:04:46.556+0000] {logging_mixin.py:188} INFO - [2026-08-21T12:04:46.556+0000] {dagbag.py:538} INFO - Filling up the DagBag from /home/airflow/.local/lib/python3.8/site-packages/airflow/example_dags/example_datasets.py
[2026-08-21T12:04:46.566+0000] {processor.py:840} INFO - DAG(s) 'dataset_consumes_1_and_2', 'dataset_consumes_1_never_scheduled', 'dataset_produces_2', 'dataset_consumes_unknown_never_scheduled', 'dataset_consumes_1', 'dataset_produces_1' retrieved from /home/airflow/.local/lib/python3.8/site-packages/airflow/example_dags/example_datasets.py
[2026-08-21T12:04:46.599+0000] {logging_mixin.py:188} INFO - [2026-08-21T12:04:46.599+0000] {dag.py:3036} INFO - Sync 6 DAGs
[2026-08-21T12:04:46.620+0000] {logging_mixin.py:188} INFO - [2026-08-21T12:04:46.620+0000] {dag.py:3823} INFO - Setting next_dagrun for dataset_consumes_1 to None, run_after=None
[2026-08-21T12:04:46.624+0000] {logging_mixin.py:188} INFO - [2026-08-21T12:04:46.624+0000] {dag.py:3823} INFO - Setting next_dagrun for dataset_consumes_1_and_2 to None, run_after=None
[2026-08-21T12:04:46.626+0000] {logging_mixin.py:188} INFO - [2026-08-21T12:04:46.625+0000] {dag.py:3823} INFO - Setting next_dagrun for dataset_consumes_1_never_scheduled to None, run_after=None
[2026-08-21T12:04:46.627+0000] {logging_mixin.py:188} INFO - [2026-08-21T12:04:46.627+0000] {dag.py:3823} INFO - Setting next_dagrun for dataset_consumes_unknown_never_scheduled to None, run_after=None
[2026-08-21T12:04:46.630+0000] {logging_mixin.py:188} INFO - [2026-08-21T12:04:46.630+0000] {dag.py:3823} INFO - Setting next_dagrun for dataset_produces_1 to 2026-08-20 00:00:00+00:00, run_after=2026-08-21 00:00:00+00:00
[2026-08-21T12:04:46.631+0000] {logging_mixin.py:188} INFO - [2026-08-21T12:04:46.631+0000] {dag.py:3823} INFO - Setting next_dagrun for dataset_produces_2 to None, run_after=None
[2026-08-21T12:04:46.662+0000] {processor.py:183} INFO - Processing /home/airflow/.local/lib/python3.8/site-packages/airflow/example_dags/example_datasets.py took 0.114 seconds
[2026-08-21T12:05:19.635+0000] {processor.py:161} INFO - Started process (PID=2899) to work on /home/airflow/.local/lib/python3.8/site-packages/airflow/example_dags/example_datasets.py
[2026-08-21T12:05:19.636+0000] {processor.py:830} INFO - Processing file /home/airflow/.local/lib/python3.8/site-packages/airflow/example_dags/example_datasets.py for tasks to queue
[2026-08-21T12:05:19.638+0000] {logging_mixin.py:188} INFO - [2026-08-21T12:05:19.638+0000] {dagbag.py:538} INFO - Filling up the DagBag from /home/airflow/.local/lib/python3.8/site-packages/airflow/example_dags/example_datasets.py
[2026-08-21T12:05:19.648+0000] {processor.py:840} INFO - DAG(s) 'dataset_produces_1', 'dataset_consumes_1_never_scheduled', 'dataset_produces_2', 'dataset_consumes_1', 'dataset_consumes_1_and_2', 'dataset_consumes_unknown_never_scheduled' retrieved from /home/airflow/.local/lib/python3.8/site-packages/airflow/example_dags/example_datasets.py
[2026-08-21T12:05:19.683+0000] {logging_mixin.py:188} INFO - [2026-08-21T12:05:19.682+0000] {dag.py:3036} INFO - Sync 6 DAGs
[2026-08-21T12:05:19.862+0000] {logging_mixin.py:188} INFO - [2026-08-21T12:05:19.861+0000] {dag.py:3823} INFO - Setting next_dagrun for dataset_consumes_1 to None, run_after=None
[2026-08-21T12:05:19.869+0000] {logging_mixin.py:188} INFO - [2026-08-21T12:05:19.869+0000] {dag.py:3823} INFO - Setting next_dagrun for dataset_consumes_1_and_2 to None, run_after=None
[2026-08-21T12:05:19.872+0000] {logging_mixin.py:188} INFO - [2026-08-21T12:05:19.871+0000] {dag.py:3823} INFO - Setting next_dagrun for dataset_consumes_1_never_scheduled to None, run_after=None
[2026-08-21T12:05:19.876+0000] {logging_mixin.py:188} INFO - [2026-08-21T12:05:19.875+0000] {dag.py:3823} INFO - Setting next_dagrun for dataset_consumes_unknown_never_scheduled to None, run_after=None
[2026-08-21T12:05:19.888+0000] {logging_mixin.py:188} INFO - [2026-08-21T12:05:19.887+0000] {dag.py:3823} INFO - Setting next_dagrun for dataset_produces_1 to 2026-08-20 00:00:00+00:00, run_after=2026-08-21 00:00:00+00:00
[2026-08-21T12:05:19.892+0000] {logging_mixin.py:188} INFO - [2026-08-21T12:05:19.892+0000] {dag.py:3823} INFO - Setting next_dagrun for dataset_produces_2 to None, run_after=None
[2026-08-21T12:05:19.945+0000] {processor.py:183} INFO - Processing /home/airflow/.local/lib/python3.8/site-packages/airflow/example_dags/example_datasets.py took 0.314 seconds
[2026-08-21T12:05:50.075+0000] {processor.py:161} INFO - Started process (PID=3000) to work on /home/airflow/.local/lib/python3.8/site-packages/airflow/example_dags/example_datasets.py
[2026-08-21T12:05:50.076+0000] {processor.py:830} INFO - Processing file /home/airflow/.local/lib/python3.8/site-packages/airflow/example_dags/example_datasets.py for tasks to queue
[2026-08-21T12:05:50.079+0000] {logging_mixin.py:188} INFO - [2026-08-21T12:05:50.078+0000] {dagbag.py:538} INFO - Filling up the DagBag from /home/airflow/.local/lib/python3.8/site-packages/airflow/example_dags/example_datasets.py
[2026-08-21T12:05:50.091+0000] {processor.py:840} INFO - DAG(s) 'dataset_consumes_unknown_never_scheduled', 'dataset_produces_1', 'dataset_consumes_1_never_scheduled', 'dataset_consumes_1', 'dataset_consumes_1_and_2', 'dataset_produces_2' retrieved from /home/airflow/.local/lib/python3.8/site-packages/airflow/example_dags/example_datasets.py
[2026-08-21T12:05:50.135+0000] {logging_mixin.py:188} INFO - [2026-08-21T12:05:50.135+0000] {dag.py:3036} INFO - Sync 6 DAGs
[2026-08-21T12:05:50.160+0000] {logging_mixin.py:188} INFO - [2026-08-21T12:05:50.160+0000] {dag.py:3823} INFO - Setting next_dagrun for dataset_consumes_1 to None, run_after=None
[2026-08-21T12:05:50.166+0000] {logging_mixin.py:188} INFO - [2026-08-21T12:05:50.166+0000] {dag.py:3823} INFO - Setting next_dagrun for dataset_consumes_1_and_2 to None, run_after=None
[2026-08-21T12:05:50.169+0000] {logging_mixin.py:188} INFO - [2026-08-21T12:05:50.169+0000] {dag.py:3823} INFO - Setting next_dagrun for dataset_consumes_1_never_scheduled to None, run_after=None
[2026-08-21T12:05:50.172+0000] {logging_mixin.py:188} INFO - [2026-08-21T12:05:50.172+0000] {dag.py:3823} INFO - Setting next_dagrun for dataset_consumes_unknown_never_scheduled to None, run_after=None
[2026-08-21T12:05:50.176+0000] {logging_mixin.py:188} INFO - [2026-08-21T12:05:50.176+0000] {dag.py:3823} INFO - Setting next_dagrun for dataset_produces_1 to 2026-08-20 00:00:00+00:00, run_after=2026-08-21 00:00:00+00:00
[2026-08-21T12:05:50.180+0000] {logging_mixin.py:188} INFO - [2026-08-21T12:05:50.180+0000] {dag.py:3823} INFO - Setting next_dagrun for dataset_produces_2 to None, run_after=None
[2026-08-21T12:05:50.231+0000] {processor.py:183} INFO - Processing /home/airflow/.local/lib/python3.8/site-packages/airflow/example_dags/example_datasets.py took 0.161 seconds
[2026-08-21T12:06:20.524+0000] {processor.py:161} INFO - Started process (PID=3087) to work on /home/airflow/.local/lib/python3.8/site-packages/airflow/example_dags/example_datasets.py
[2026-08-21T12:06:20.525+0000] {processor.py:830} INFO - Processing file /home/airflow/.local/lib/python3.8/site-packages/airflow/example_dags/example_datasets.py for tasks to queue
[2026-08-21T12:06:20.528+0000] {logging_mixin.py:188} INFO - [2026-08-21T12:06:20.527+0000] {dagbag.py:538} INFO - Filling up the DagBag from /home/airflow/.local/lib/python3.8/site-packages/airflow/example_dags/example_datasets.py
[2026-08-21T12:06:20.539+0000] {processor.py:840} INFO - DAG(s) 'dataset_consumes_1_and_2', 'dataset_produces_1', 'dataset_produces_2', 'dataset_consumes_unknown_never_scheduled', 'dataset_consumes_1_never_scheduled', 'dataset_consumes_1' retrieved from /home/airflow/.local/lib/python3.8/site-packages/airflow/example_dags/example_datasets.py
[2026-08-21T12:06:20.586+0000] {logging_mixin.py:188} INFO - [2026-08-21T12:06:20.586+0000] {dag.py:3036} INFO - Sync 6 DAGs
[2026-08-21T12:06:20.611+0000] {logging_mixin.py:188} INFO - [2026-08-21T12:06:20.611+0000] {dag.py:3823} INFO - Setting next_dagrun for dataset_consumes_1 to None, run_after=None
[2026-08-21T12:06:20.615+0000] {logging_mixin.py:188} INFO - [2026-08-21T12:06:20.615+0000] {dag.py:3823} INFO - Setting next_dagrun for dataset_consumes_1_and_2 to None, run_after=None
[2026-08-21T12:06:20.617+0000] {logging_mixin.py:188} INFO - [2026-08-21T12:06:20.617+0000] {dag.py:3823} INFO - Setting next_dagrun for dataset_consumes_1_never_scheduled to None, run_after=None
[2026-08-21T12:06:20.619+0000] {logging_mixin.py:188} INFO - [2026-08-21T12:06:20.619+0000] {dag.py:3823} INFO - Setting next_dagrun for dataset_consumes_unknown_never_scheduled to None, run_after=None
[2026-08-21T12:06:20.623+0000] {logging_mixin.py:188} INFO - [2026-08-21T12:06:20.622+0000] {dag.py:3823} INFO - Setting next_dagrun for dataset_produces_1 to 2026-08-20 00:00:00+00:00, run_after=2026-08-21 00:00:00+00:00
[2026-08-21T12:06:20.625+0000] {logging_mixin.py:188} INFO - [2026-08-21T12:06:20.625+0000] {dag.py:3823} INFO - Setting next_dagrun for dataset_produces_2 to None, run_after=None
[2026-08-21T12:06:20.660+0000] {processor.py:183} INFO - Processing /home/airflow/.local/lib/python3.8/site-packages/airflow/example_dags/example_datasets.py took 0.140 seconds
[2026-08-21T12:06:50.904+0000] {processor.py:161} INFO - Started process (PID=3174) to work on /home/airflow/.local/lib/python3.8/site-packages/airflow/example_dags/example_datasets.py
[2026-08-21T12:06:50.906+0000] {processor.py:830} INFO - Processing file /home/airflow/.local/lib/python3.8/site-packages/airflow/example_dags/example_datasets.py for tasks to queue
[2026-08-21T12:06:50.908+0000] {logging_mixin.py:188} INFO - [2026-08-21T12:06:50.907+0000] {dagbag.py:538} INFO - Filling up the DagBag from /home/airflow/.local/lib/python3.8/site-packages/airflow/example_dags/example_datasets.py
[2026-08-21T12:06:50.918+0000] {processor.py:840} INFO - DAG(s) 'dataset_produces_2', 'dataset_consumes_1_never_scheduled', 'dataset_consumes_1_and_2', 'dataset_produces_1', 'dataset_consumes_unknown_never_scheduled', 'dataset_consumes_1' retrieved from /home/airflow/.local/lib/python3.8/site-packages/airflow/example_dags/example_datasets.py
[2026-08-21T12:06:50.956+0000] {logging_mixin.py:188} INFO - [2026-08-21T12:06:50.956+0000] {dag.py:3036} INFO - Sync 6 DAGs
[2026-08-21T12:06:50.977+0000] {logging_mixin.py:188} INFO - [2026-08-21T12:06:50.977+0000] {dag.py:3823} INFO - Setting next_dagrun for dataset_consumes_1 to None, run_after=None
[2026-08-21T12:06:50.981+0000] {logging_mixin.py:188} INFO - [2026-08-21T12:06:50.980+0000] {dag.py:3823} INFO - Setting next_dagrun for dataset_consumes_1_and_2 to None, run_after=None
[2026-08-21T12:06:50.982+0000] {logging_mixin.py:188} INFO - [2026-08-21T12:06:50.982+0000] {dag.py:3823} INFO - Setting next_dagrun for dataset_consumes_1_never_scheduled to None, run_after=None
[2026-08-21T12:06:50.984+0000] {logging_mixin.py:188} INFO - [2026-08-21T12:06:50.984+0000] {dag.py:3823} INFO - Setting next_dagrun for dataset_consumes_unknown_never_scheduled to None, run_after=None
[2026-08-21T12:06:50.987+0000] {logging_mixin.py:188} INFO - [2026-08-21T12:06:50.987+0000] {dag.py:3823} INFO - Setting next_dagrun for dataset_produces_1 to 2026-08-20 00:00:00+00:00, run_after=2026-08-21 00:00:00+00:00
[2026-08-21T12:06:50.989+0000] {logging_mixin.py:188} INFO - [2026-08-21T12:06:50.989+0000] {dag.py:3823} INFO - Setting next_dagrun for dataset_produces_2 to None, run_after=None
[2026-08-21T12:06:51.021+0000] {processor.py:183} INFO - Processing /home/airflow/.local/lib/python3.8/site-packages/airflow/example_dags/example_datasets.py took 0.121 seconds
[2026-08-21T12:07:21.384+0000] {processor.py:161} INFO - Started process (PID=3261) to work on /home/airflow/.local/lib/python3.8/site-packages/airflow/example_dags/example_datasets.py
[2026-08-21T12:07:21.385+0000] {processor.py:830} INFO - Processing file /home/airflow/.local/lib/python3.8/site-packages/airflow/example_dags/example_datasets.py for tasks to queue
[2026-08-21T12:07:21.388+0000] {logging_mixin.py:188} INFO - [2026-08-21T12:07:21.387+0000] {dagbag.py:538} INFO - Filling up the DagBag from /home/airflow/.local/lib/python3.8/site-packages/airflow/example_dags/example_datasets.py
[2026-08-21T12:07:21.397+0000] {processor.py:840} INFO - DAG(s) 'dataset_consumes_unknown_never_scheduled', 'dataset_consumes_1_and_2', 'dataset_produces_1', 'dataset_consumes_1_never_scheduled', 'dataset_consumes_1', 'dataset_produces_2' retrieved from /home/airflow/.local/lib/python3.8/site-packages/airflow/example_dags/example_datasets.py
[2026-08-21T12:07:21.432+0000] {logging_mixin.py:188} INFO - [2026-08-21T12:07:21.432+0000] {dag.py:3036} INFO - Sync 6 DAGs
[2026-08-21T12:07:21.453+0000] {logging_mixin.py:188} INFO - [2026-08-21T12:07:21.452+0000] {dag.py:3823} INFO - Setting next_dagrun for dataset_consumes_1 to None, run_after=None
[2026-08-21T12:07:21.458+0000] {logging_mixin.py:188} INFO - [2026-08-21T12:07:21.458+0000] {dag.py:3823} INFO - Setting next_dagrun for dataset_consumes_1_and_2 to None, run_after=None
[2026-08-21T12:07:21.460+0000] {logging_mixin.py:188} INFO - [2026-08-21T12:07:21.460+0000] {dag.py:3823} INFO - Setting next_dagrun for dataset_consumes_1_never_scheduled to None, run_after=None
[2026-08-21T12:07:21.464+0000] {logging_mixin.py:188} INFO - [2026-08-21T12:07:21.463+0000] {dag.py:3823} INFO - Setting next_dagrun for dataset_consumes_unknown_never_scheduled to None, run_after=None
[2026-08-21T12:07:21.471+0000] {logging_mixin.py:188} INFO - [2026-08-21T12:07:21.471+0000] {dag.py:3823} INFO - Setting next_dagrun for dataset_produces_1 to 2026-08-20 00:00:00+00:00, run_after=2026-08-21 00:00:00+00:00
[2026-08-21T12:07:21.474+0000] {logging_mixin.py:188} INFO - [2026-08-21T12:07:21.473+0000] {dag.py:3823} INFO - Setting next_dagrun for dataset_produces_2 to None, run_after=None
[2026-08-21T12:07:21.508+0000] {processor.py:183} INFO - Processing /home/airflow/.local/lib/python3.8/site-packages/airflow/example_dags/example_datasets.py took 0.128 seconds
[2026-08-21T12:07:54.058+0000] {processor.py:161} INFO - Started process (PID=3348) to work on /home/airflow/.local/lib/python3.8/site-packages/airflow/example_dags/example_datasets.py
[2026-08-21T12:07:54.060+0000] {processor.py:830} INFO - Processing file /home/airflow/.local/lib/python3.8/site-packages/airflow/example_dags/example_datasets.py for tasks to queue
[2026-08-21T12:07:54.065+0000] {logging_mixin.py:188} INFO - [2026-08-21T12:07:54.064+0000] {dagbag.py:538} INFO - Filling up the DagBag from /home/airflow/.local/lib/python3.8/site-packages/airflow/example_dags/example_datasets.py
[2026-08-21T12:07:54.087+0000] {processor.py:840} INFO - DAG(s) 'dataset_produces_2', 'dataset_consumes_1_and_2', 'dataset_produces_1', 'dataset_consumes_1_never_scheduled', 'dataset_consumes_unknown_never_scheduled', 'dataset_consumes_1' retrieved from /home/airflow/.local/lib/python3.8/site-packages/airflow/example_dags/example_datasets.py
[2026-08-21T12:07:54.168+0000] {logging_mixin.py:188} INFO - [2026-08-21T12:07:54.167+0000] {dag.py:3036} INFO - Sync 6 DAGs
[2026-08-21T12:07:54.208+0000] {logging_mixin.py:188} INFO - [2026-08-21T12:07:54.208+0000] {dag.py:3823} INFO - Setting next_dagrun for dataset_consumes_1 to None, run_after=None
[2026-08-21T12:07:54.216+0000] {logging_mixin.py:188} INFO - [2026-08-21T12:07:54.215+0000] {dag.py:3823} INFO - Setting next_dagrun for dataset_consumes_1_and_2 to None, run_after=None
[2026-08-21T12:07:54.219+0000] {logging_mixin.py:188} INFO - [2026-08-21T12:07:54.219+0000] {dag.py:3823} INFO - Setting next_dagrun for dataset_consumes_1_never_scheduled to None, run_after=None
[2026-08-21T12:07:54.223+0000] {logging_mixin.py:188} INFO - [2026-08-21T12:07:54.222+0000] {dag.py:3823} INFO - Setting next_dagrun for dataset_consumes_unknown_never_scheduled to None, run_after=None
[2026-08-21T12:07:54.227+0000] {logging_mixin.py:188} INFO - [2026-08-21T12:07:54.227+0000] {dag.py:3823} INFO - Setting next_dagrun for dataset_produces_1 to 2026-08-20 00:00:00+00:00, run_after=2026-08-21 00:00:00+00:00
[2026-08-21T12:07:54.230+0000] {logging_mixin.py:188} INFO - [2026-08-21T12:07:54.230+0000] {dag.py:3823} INFO - Setting next_dagrun for dataset_produces_2 to None, run_after=None
[2026-08-21T12:07:54.278+0000] {processor.py:183} INFO - Processing /home/airflow/.local/lib/python3.8/site-packages/airflow/example_dags/example_datasets.py took 0.226 seconds
[2026-08-21T12:08:25.977+0000] {processor.py:161} INFO - Started process (PID=3439) to work on /home/airflow/.local/lib/python3.8/site-packages/airflow/example_dags/example_datasets.py
[2026-08-21T12:08:25.978+0000] {processor.py:830} INFO - Processing file /home/airflow/.local/lib/python3.8/site-packages/airflow/example_dags/example_datasets.py for tasks to queue
[2026-08-21T12:08:25.981+0000] {logging_mixin.py:188} INFO - [2026-08-21T12:08:25.980+0000] {dagbag.py:538} INFO - Filling up the DagBag from /home/airflow/.local/lib/python3.8/site-packages/airflow/example_dags/example_datasets.py
[2026-08-21T12:08:25.993+0000] {processor.py:840} INFO - DAG(s) 'dataset_produces_1', 'dataset_consumes_1', 'dataset_produces_2', 'dataset_consumes_1_never_scheduled', 'dataset_consumes_1_and_2', 'dataset_consumes_unknown_never_scheduled' retrieved from /home/airflow/.local/lib/python3.8/site-packages/airflow/example_dags/example_datasets.py
[2026-08-21T12:08:26.033+0000] {logging_mixin.py:188} INFO - [2026-08-21T12:08:26.033+0000] {dag.py:3036} INFO - Sync 6 DAGs
[2026-08-21T12:08:26.056+0000] {logging_mixin.py:188} INFO - [2026-08-21T12:08:26.056+0000] {dag.py:3823} INFO - Setting next_dagrun for dataset_consumes_1 to None, run_after=None
[2026-08-21T12:08:26.060+0000] {logging_mixin.py:188} INFO - [2026-08-21T12:08:26.060+0000] {dag.py:3823} INFO - Setting next_dagrun for dataset_consumes_1_and_2 to None, run_after=None
[2026-08-21T12:08:26.062+0000] {logging_mixin.py:188} INFO - [2026-08-21T12:08:26.062+0000] {dag.py:3823} INFO - Setting next_dagrun for dataset_consumes_1_never_scheduled to None, run_after=None
[2026-08-21T12:08:26.064+0000] {logging_mixin.py:188} INFO - [2026-08-21T12:08:26.064+0000] {dag.py:3823} INFO - Setting next_dagrun for dataset_consumes_unknown_never_scheduled to None, run_after=None
[2026-08-21T12:08:26.067+0000] {logging_mixin.py:188} INFO - [2026-08-21T12:08:26.067+0000] {dag.py:3823} INFO - Setting next_dagrun for dataset_produces_1 to 2026-08-20 00:00:00+00:00, run_after=2026-08-21 00:00:00+00:00
[2026-08-21T12:08:26.070+0000] {logging_mixin.py:188} INFO - [2026-08-21T12:08:26.070+0000] {dag.py:3823} INFO - Setting next_dagrun for dataset_produces_2 to None, run_after=None
[2026-08-21T12:08:26.104+0000] {processor.py:183} INFO - Processing /home/airflow/.local/lib/python3.8/site-packages/airflow/example_dags/example_datasets.py took 0.132 seconds
[2026-08-21T12:08:57.391+0000] {processor.py:161} INFO - Started process (PID=3530) to work on /home/airflow/.local/lib/python3.8/site-packages/airflow/example_dags/example_datasets.py
[2026-08-21T12:08:57.392+0000] {processor.py:830} INFO - Processing file /home/airflow/.local/lib/python3.8/site-packages/airflow/example_dags/example_datasets.py for tasks to queue
[2026-08-21T12:08:57.395+0000] {logging_mixin.py:188} INFO - [2026-08-21T12:08:57.394+0000] {dagbag.py:538} INFO - Filling up the DagBag from /home/airflow/.local/lib/python3.8/site-packages/airflow/example_dags/example_datasets.py
[2026-08-21T12:08:57.407+0000] {processor.py:840} INFO - DAG(s) 'dataset_consumes_1', 'dataset_produces_1', 'dataset_consumes_1_and_2', 'dataset_consumes_unknown_never_scheduled', 'dataset_produces_2', 'dataset_consumes_1_never_scheduled' retrieved from /home/airflow/.local/lib/python3.8/site-packages/airflow/example_dags/example_datasets.py
[2026-08-21T12:08:57.457+0000] {logging_mixin.py:188} INFO - [2026-08-21T12:08:57.457+0000] {dag.py:3036} INFO - Sync 6 DAGs
[2026-08-21T12:08:57.491+0000] {logging_mixin.py:188} INFO - [2026-08-21T12:08:57.491+0000] {dag.py:3823} INFO - Setting next_dagrun for dataset_consumes_1 to None, run_after=None
[2026-08-21T12:08:57.496+0000] {logging_mixin.py:188} INFO - [2026-08-21T12:08:57.495+0000] {dag.py:3823} INFO - Setting next_dagrun for dataset_consumes_1_and_2 to None, run_after=None
[2026-08-21T12:08:57.499+0000] {logging_mixin.py:188} INFO - [2026-08-21T12:08:57.498+0000] {dag.py:3823} INFO - Setting next_dagrun for dataset_consumes_1_never_scheduled to None, run_after=None
[2026-08-21T12:08:57.501+0000] {logging_mixin.py:188} INFO - [2026-08-21T12:08:57.501+0000] {dag.py:3823} INFO - Setting next_dagrun for dataset_consumes_unknown_never_scheduled to None, run_after=None
[2026-08-21T12:08:57.505+0000] {logging_mixin.py:188} INFO - [2026-08-21T12:08:57.505+0000] {dag.py:3823} INFO - Setting next_dagrun for dataset_produces_1 to 2026-08-20 00:00:00+00:00, run_after=2026-08-21 00:00:00+00:00
[2026-08-21T12:08:57.509+0000] {logging_mixin.py:188} INFO - [2026-08-21T12:08:57.508+0000] {dag.py:3823} INFO - Setting next_dagrun for dataset_produces_2 to None, run_after=None
[2026-08-21T12:08:57.561+0000] {processor.py:183} INFO - Processing /home/airflow/.local/lib/python3.8/site-packages/airflow/example_dags/example_datasets.py took 0.175 seconds
[2026-08-21T12:09:27.720+0000] {processor.py:161} INFO - Started process (PID=3617) to work on /home/airflow/.local/lib/python3.8/site-packages/airflow/example_dags/example_datasets.py
[2026-08-21T12:09:27.722+0000] {processor.py:830} INFO - Processing file /home/airflow/.local/lib/python3.8/site-packages/airflow/example_dags/example_datasets.py for tasks to queue
[2026-08-21T12:09:27.724+0000] {logging_mixin.py:188} INFO - [2026-08-21T12:09:27.723+0000] {dagbag.py:538} INFO - Filling up the DagBag from /home/airflow/.local/lib/python3.8/site-packages/airflow/example_dags/example_datasets.py
[2026-08-21T12:09:27.734+0000] {processor.py:840} INFO - DAG(s) 'dataset_consumes_1_never_scheduled', 'dataset_consumes_unknown_never_scheduled', 'dataset_consumes_1_and_2', 'dataset_produces_1', 'dataset_produces_2', 'dataset_consumes_1' retrieved from /home/airflow/.local/lib/python3.8/site-packages/airflow/example_dags/example_datasets.py
[2026-08-21T12:09:27.772+0000] {logging_mixin.py:188} INFO - [2026-08-21T12:09:27.772+0000] {dag.py:3036} INFO - Sync 6 DAGs
[2026-08-21T12:09:27.794+0000] {logging_mixin.py:188} INFO - [2026-08-21T12:09:27.794+0000] {dag.py:3823} INFO - Setting next_dagrun for dataset_consumes_1 to None, run_after=None
[2026-08-21T12:09:27.798+0000] {logging_mixin.py:188} INFO - [2026-08-21T12:09:27.798+0000] {dag.py:3823} INFO - Setting next_dagrun for dataset_consumes_1_and_2 to None, run_after=None
[2026-08-21T12:09:27.800+0000] {logging_mixin.py:188} INFO - [2026-08-21T12:09:27.800+0000] {dag.py:3823} INFO - Setting next_dagrun for dataset_consumes_1_never_scheduled to None, run_after=None
[2026-08-21T12:09:27.801+0000] {logging_mixin.py:188} INFO - [2026-08-21T12:09:27.801+0000] {dag.py:3823} INFO - Setting next_dagrun for dataset_consumes_unknown_never_scheduled to None, run_after=None
[2026-08-21T12:09:27.804+0000] {logging_mixin.py:188} INFO - [2026-08-21T12:09:27.804+0000] {dag.py:3823} INFO - Setting next_dagrun for dataset_produces_1 to 2026-08-20 00:00:00+00:00, run_after=2026-08-21 00:00:00+00:00
[2026-08-21T12:09:27.806+0000] {logging_mixin.py:188} INFO - [2026-08-21T12:09:27.806+0000] {dag.py:3823} INFO - Setting next_dagrun for dataset_produces_2 to None, run_after=None
[2026-08-21T12:09:27.834+0000] {processor.py:183} INFO - Processing /home/airflow/.local/lib/python3.8/site-packages/airflow/example_dags/example_datasets.py took 0.118 seconds
[2026-08-21T12:09:58.308+0000] {processor.py:161} INFO - Started process (PID=3704) to work on /home/airflow/.local/lib/python3.8/site-packages/airflow/example_dags/example_datasets.py
[2026-08-21T12:09:58.309+0000] {processor.py:830} INFO - Processing file /home/airflow/.local/lib/python3.8/site-packages/airflow/example_dags/example_datasets.py for tasks to queue
[2026-08-21T12:09:58.312+0000] {logging_mixin.py:188} INFO - [2026-08-21T12:09:58.311+0000] {dagbag.py:538} INFO - Filling up the DagBag from /home/airflow/.local/lib/python3.8/site-packages/airflow/example_dags/example_datasets.py
[2026-08-21T12:09:58.321+0000] {processor.py:840} INFO - DAG(s) 'dataset_consumes_unknown_never_scheduled', 'dataset_consumes_1_never_scheduled', 'dataset_consumes_1_and_2', 'dataset_consumes_1', 'dataset_produces_1', 'dataset_produces_2' retrieved from /home/airflow/.local/lib/python3.8/site-packages/airflow/example_dags/example_datasets.py
[2026-08-21T12:09:58.357+0000] {logging_mixin.py:188} INFO - [2026-08-21T12:09:58.356+0000] {dag.py:3036} INFO - Sync 6 DAGs
[2026-08-21T12:09:58.378+0000] {logging_mixin.py:188} INFO - [2026-08-21T12:09:58.377+0000] {dag.py:3823} INFO - Setting next_dagrun for dataset_consumes_1 to None, run_after=None
[2026-08-21T12:09:58.381+0000] {logging_mixin.py:188} INFO - [2026-08-21T12:09:58.381+0000] {dag.py:3823} INFO - Setting next_dagrun for dataset_consumes_1_and_2 to None, run_after=None
[2026-08-21T12:09:58.387+0000] {logging_mixin.py:188} INFO - [2026-08-21T12:09:58.387+0000] {dag.py:3823} INFO - Setting next_dagrun for dataset_consumes_1_never_scheduled to None, run_after=None
[2026-08-21T12:09:58.389+0000] {logging_mixin.py:188} INFO - [2026-08-21T12:09:58.389+0000] {dag.py:3823} INFO - Setting next_dagrun for dataset_consumes_unknown_never_scheduled to None, run_after=None
[2026-08-21T12:09:58.392+0000] {logging_mixin.py:188} INFO - [2026-08-21T12:09:58.391+0000] {dag.py:3823} INFO - Setting next_dagrun for dataset_produces_1 to 2026-08-20 00:00:00+00:00, run_after=2026-08-21 00:00:00+00:00
[2026-08-21T12:09:58.396+0000] {logging_mixin.py:188} INFO - [2026-08-21T12:09:58.396+0000] {dag.py:3823} INFO - Setting next_dagrun for dataset_produces_2 to None, run_after=None
[2026-08-21T12:09:58.426+0000] {processor.py:183} INFO - Processing /home/airflow/.local/lib/python3.8/site-packages/airflow/example_dags/example_datasets.py took 0.122 seconds
[2026-08-21T12:10:29.814+0000] {processor.py:161} INFO - Started process (PID=3795) to work on /home/airflow/.local/lib/python3.8/site-packages/airflow/example_dags/example_datasets.py
[2026-08-21T12:10:29.815+0000] {processor.py:830} INFO - Processing file /home/airflow/.local/lib/python3.8/site-packages/airflow/example_dags/example_datasets.py for tasks to queue
[2026-08-21T12:10:29.818+0000] {logging_mixin.py:188} INFO - [2026-08-21T12:10:29.818+0000] {dagbag.py:538} INFO - Filling up the DagBag from /home/airflow/.local/lib/python3.8/site-packages/airflow/example_dags/example_datasets.py
[2026-08-21T12:10:29.828+0000] {processor.py:840} INFO - DAG(s) 'dataset_consumes_1', 'dataset_produces_2', 'dataset_consumes_1_never_scheduled', 'dataset_produces_1', 'dataset_consumes_unknown_never_scheduled', 'dataset_consumes_1_and_2' retrieved from /home/airflow/.local/lib/python3.8/site-packages/airflow/example_dags/example_datasets.py
[2026-08-21T12:10:29.871+0000] {logging_mixin.py:188} INFO - [2026-08-21T12:10:29.870+0000] {dag.py:3036} INFO - Sync 6 DAGs
[2026-08-21T12:10:29.897+0000] {logging_mixin.py:188} INFO - [2026-08-21T12:10:29.896+0000] {dag.py:3823} INFO - Setting next_dagrun for dataset_consumes_1 to None, run_after=None
[2026-08-21T12:10:29.902+0000] {logging_mixin.py:188} INFO - [2026-08-21T12:10:29.901+0000] {dag.py:3823} INFO - Setting next_dagrun for dataset_consumes_1_and_2 to None, run_after=None
[2026-08-21T12:10:29.904+0000] {logging_mixin.py:188} INFO - [2026-08-21T12:10:29.904+0000] {dag.py:3823} INFO - Setting next_dagrun for dataset_consumes_1_never_scheduled to None, run_after=None
[2026-08-21T12:10:29.906+0000] {logging_mixin.py:188} INFO - [2026-08-21T12:10:29.906+0000] {dag.py:3823} INFO - Setting next_dagrun for dataset_consumes_unknown_never_scheduled to None, run_after=None
[2026-08-21T12:10:29.910+0000] {logging_mixin.py:188} INFO - [2026-08-21T12:10:29.910+0000] {dag.py:3823} INFO - Setting next_dagrun for dataset_produces_1 to 2026-08-20 00:00:00+00:00, run_after=2026-08-21 00:00:00+00:00
[2026-08-21T12:10:29.913+0000] {logging_mixin.py:188} INFO - [2026-08-21T12:10:29.912+0000] {dag.py:3823} INFO - Setting next_dagrun for dataset_produces_2 to None, run_after=None
[2026-08-21T12:10:29.956+0000] {processor.py:183} INFO - Processing /home/airflow/.local/lib/python3.8/site-packages/airflow/example_dags/example_datasets.py took 0.146 seconds
[2026-08-21T12:11:00.370+0000] {processor.py:161} INFO - Started process (PID=3883) to work on /home/airflow/.local/lib/python3.8/site-packages/airflow/example_dags/example_datasets.py
[2026-08-21T12:11:00.371+0000] {processor.py:830} INFO - Processing file /home/airflow/.local/lib/python3.8/site-packages/airflow/example_dags/example_datasets.py for tasks to queue
[2026-08-21T12:11:00.374+0000] {logging_mixin.py:188} INFO - [2026-08-21T12:11:00.373+0000] {dagbag.py:538} INFO - Filling up the DagBag from /home/airflow/.local/lib/python3.8/site-packages/airflow/example_dags/example_datasets.py
[2026-08-21T12:11:00.385+0000] {processor.py:840} INFO - DAG(s) 'dataset_produces_1', 'dataset_consumes_1_and_2', 'dataset_produces_2', 'dataset_consumes_unknown_never_scheduled', 'dataset_consumes_1', 'dataset_consumes_1_never_scheduled' retrieved from /home/airflow/.local/lib/python3.8/site-packages/airflow/example_dags/example_datasets.py
[2026-08-21T12:11:00.424+0000] {logging_mixin.py:188} INFO - [2026-08-21T12:11:00.424+0000] {dag.py:3036} INFO - Sync 6 DAGs
[2026-08-21T12:11:00.452+0000] {logging_mixin.py:188} INFO - [2026-08-21T12:11:00.452+0000] {dag.py:3823} INFO - Setting next_dagrun for dataset_consumes_1 to None, run_after=None
[2026-08-21T12:11:00.458+0000] {logging_mixin.py:188} INFO - [2026-08-21T12:11:00.458+0000] {dag.py:3823} INFO - Setting next_dagrun for dataset_consumes_1_and_2 to None, run_after=None
[2026-08-21T12:11:00.461+0000] {logging_mixin.py:188} INFO - [2026-08-21T12:11:00.461+0000] {dag.py:3823} INFO - Setting next_dagrun for dataset_consumes_1_never_scheduled to None, run_after=None
[2026-08-21T12:11:00.464+0000] {logging_mixin.py:188} INFO - [2026-08-21T12:11:00.464+0000] {dag.py:3823} INFO - Setting next_dagrun for dataset_consumes_unknown_never_scheduled to None, run_after=None
[2026-08-21T12:11:00.468+0000] {logging_mixin.py:188} INFO - [2026-08-21T12:11:00.468+0000] {dag.py:3823} INFO - Setting next_dagrun for dataset_produces_1 to 2026-08-20 00:00:00+00:00, run_after=2026-08-21 00:00:00+00:00
[2026-08-21T12:11:00.470+0000] {logging_mixin.py:188} INFO - [2026-08-21T12:11:00.470+0000] {dag.py:3823} INFO - Setting next_dagrun for dataset_produces_2 to None, run_after=None
[2026-08-21T12:11:00.511+0000] {processor.py:183} INFO - Processing /home/airflow/.local/lib/python3.8/site-packages/airflow/example_dags/example_datasets.py took 0.145 seconds
[2026-08-21T12:11:31.647+0000] {processor.py:161} INFO - Started process (PID=3970) to work on /home/airflow/.local/lib/python3.8/site-packages/airflow/example_dags/example_datasets.py
[2026-08-21T12:11:31.648+0000] {processor.py:830} INFO - Processing file /home/airflow/.local/lib/python3.8/site-packages/airflow/example_dags/example_datasets.py for tasks to queue
[2026-08-21T12:11:31.650+0000] {logging_mixin.py:188} INFO - [2026-08-21T12:11:31.650+0000] {dagbag.py:538} INFO - Filling up the DagBag from /home/airflow/.local/lib/python3.8/site-packages/airflow/example_dags/example_datasets.py
[2026-08-21T12:11:31.660+0000] {processor.py:840} INFO - DAG(s) 'dataset_produces_2', 'dataset_consumes_1', 'dataset_consumes_1_and_2', 'dataset_consumes_1_never_scheduled', 'dataset_produces_1', 'dataset_consumes_unknown_never_scheduled' retrieved from /home/airflow/.local/lib/python3.8/site-packages/airflow/example_dags/example_datasets.py
[2026-08-21T12:11:31.698+0000] {logging_mixin.py:188} INFO - [2026-08-21T12:11:31.698+0000] {dag.py:3036} INFO - Sync 6 DAGs
[2026-08-21T12:11:31.719+0000] {logging_mixin.py:188} INFO - [2026-08-21T12:11:31.719+0000] {dag.py:3823} INFO - Setting next_dagrun for dataset_consumes_1 to None, run_after=None
[2026-08-21T12:11:31.723+0000] {logging_mixin.py:188} INFO - [2026-08-21T12:11:31.723+0000] {dag.py:3823} INFO - Setting next_dagrun for dataset_consumes_1_and_2 to None, run_after=None
[2026-08-21T12:11:31.724+0000] {logging_mixin.py:188} INFO - [2026-08-21T12:11:31.724+0000] {dag.py:3823} INFO - Setting next_dagrun for dataset_consumes_1_never_scheduled to None, run_after=None
[2026-08-21T12:11:31.726+0000] {logging_mixin.py:188} INFO - [2026-08-21T12:11:31.726+0000] {dag.py:3823} INFO - Setting next_dagrun for dataset_consumes_unknown_never_scheduled to None, run_after=None
[2026-08-21T12:11:31.729+0000] {logging_mixin.py:188} INFO - [2026-08-21T12:11:31.728+0000] {dag.py:3823} INFO - Setting next_dagrun for dataset_produces_1 to 2026-08-20 00:00:00+00:00, run_after=2026-08-21 00:00:00+00:00
[2026-08-21T12:11:31.730+0000] {logging_mixin.py:188} INFO - [2026-08-21T12:11:31.730+0000] {dag.py:3823} INFO - Setting next_dagrun for dataset_produces_2 to None, run_after=None
[2026-08-21T12:11:31.759+0000] {processor.py:183} INFO - Processing /home/airflow/.local/lib/python3.8/site-packages/airflow/example_dags/example_datasets.py took 0.116 seconds
[2026-08-21T12:12:02.273+0000] {processor.py:161} INFO - Started process (PID=4057) to work on /home/airflow/.local/lib/python3.8/site-packages/airflow/example_dags/example_datasets.py
[2026-08-21T12:12:02.275+0000] {processor.py:830} INFO - Processing file /home/airflow/.local/lib/python3.8/site-packages/airflow/example_dags/example_datasets.py for tasks to queue
[2026-08-21T12:12:02.277+0000] {logging_mixin.py:188} INFO - [2026-08-21T12:12:02.277+0000] {dagbag.py:538} INFO - Filling up the DagBag from /home/airflow/.local/lib/python3.8/site-packages/airflow/example_dags/example_datasets.py
[2026-08-21T12:12:02.288+0000] {processor.py:840} INFO - DAG(s) 'dataset_consumes_1_and_2', 'dataset_produces_2', 'dataset_consumes_unknown_never_scheduled', 'dataset_produces_1', 'dataset_consumes_1_never_scheduled', 'dataset_consumes_1' retrieved from /home/airflow/.local/lib/python3.8/site-packages/airflow/example_dags/example_datasets.py
[2026-08-21T12:12:02.331+0000] {logging_mixin.py:188} INFO - [2026-08-21T12:12:02.331+0000] {dag.py:3036} INFO - Sync 6 DAGs
[2026-08-21T12:12:02.354+0000] {logging_mixin.py:188} INFO - [2026-08-21T12:12:02.353+0000] {dag.py:3823} INFO - Setting next_dagrun for dataset_consumes_1 to None, run_after=None
[2026-08-21T12:12:02.358+0000] {logging_mixin.py:188} INFO - [2026-08-21T12:12:02.358+0000] {dag.py:3823} INFO - Setting next_dagrun for dataset_consumes_1_and_2 to None, run_after=None
[2026-08-21T12:12:02.360+0000] {logging_mixin.py:188} INFO - [2026-08-21T12:12:02.360+0000] {dag.py:3823} INFO - Setting next_dagrun for dataset_consumes_1_never_scheduled to None, run_after=None
[2026-08-21T12:12:02.361+0000] {logging_mixin.py:188} INFO - [2026-08-21T12:12:02.361+0000] {dag.py:3823} INFO - Setting next_dagrun for dataset_consumes_unknown_never_scheduled to None, run_after=None
[2026-08-21T12:12:02.365+0000] {logging_mixin.py:188} INFO - [2026-08-21T12:12:02.364+0000] {dag.py:3823} INFO - Setting next_dagrun for dataset_produces_1 to 2026-08-20 00:00:00+00:00, run_after=2026-08-21 00:00:00+00:00
[2026-08-21T12:12:02.366+0000] {logging_mixin.py:188} INFO - [2026-08-21T12:12:02.366+0000] {dag.py:3823} INFO - Setting next_dagrun for dataset_produces_2 to None, run_after=None
[2026-08-21T12:12:02.399+0000] {processor.py:183} INFO - Processing /home/airflow/.local/lib/python3.8/site-packages/airflow/example_dags/example_datasets.py took 0.130 seconds
[2026-08-21T12:12:33.152+0000] {processor.py:161} INFO - Started process (PID=4144) to work on /home/airflow/.local/lib/python3.8/site-packages/airflow/example_dags/example_datasets.py
[2026-08-21T12:12:33.153+0000] {processor.py:830} INFO - Processing file /home/airflow/.local/lib/python3.8/site-packages/airflow/example_dags/example_datasets.py for tasks to queue
[2026-08-21T12:12:33.155+0000] {logging_mixin.py:188} INFO - [2026-08-21T12:12:33.155+0000] {dagbag.py:538} INFO - Filling up the DagBag from /home/airflow/.local/lib/python3.8/site-packages/airflow/example_dags/example_datasets.py
[2026-08-21T12:12:33.165+0000] {processor.py:840} INFO - DAG(s) 'dataset_consumes_1_never_scheduled', 'dataset_consumes_unknown_never_scheduled', 'dataset_consumes_1_and_2', 'dataset_produces_2', 'dataset_produces_1', 'dataset_consumes_1' retrieved from /home/airflow/.local/lib/python3.8/site-packages/airflow/example_dags/example_datasets.py
[2026-08-21T12:12:33.197+0000] {logging_mixin.py:188} INFO - [2026-08-21T12:12:33.196+0000] {dag.py:3036} INFO - Sync 6 DAGs
[2026-08-21T12:12:33.216+0000] {logging_mixin.py:188} INFO - [2026-08-21T12:12:33.215+0000] {dag.py:3823} INFO - Setting next_dagrun for dataset_consumes_1 to None, run_after=None
[2026-08-21T12:12:33.219+0000] {logging_mixin.py:188} INFO - [2026-08-21T12:12:33.219+0000] {dag.py:3823} INFO - Setting next_dagrun for dataset_consumes_1_and_2 to None, run_after=None
[2026-08-21T12:12:33.220+0000] {logging_mixin.py:188} INFO - [2026-08-21T12:12:33.220+0000] {dag.py:3823} INFO - Setting next_dagrun for dataset_consumes_1_never_scheduled to None, run_after=None
[2026-08-21T12:12:33.222+0000] {logging_mixin.py:188} INFO - [2026-08-21T12:12:33.221+0000] {dag.py:3823} INFO - Setting next_dagrun for dataset_consumes_unknown_never_scheduled to None, run_after=None
[2026-08-21T12:12:33.224+0000] {logging_mixin.py:188} INFO - [2026-08-21T12:12:33.224+0000] {dag.py:3823} INFO - Setting next_dagrun for dataset_produces_1 to 2026-08-20 00:00:00+00:00, run_after=2026-08-21 00:00:00+00:00
[2026-08-21T12:12:33.226+0000] {logging_mixin.py:188} INFO - [2026-08-21T12:12:33.225+0000] {dag.py:3823} INFO - Setting next_dagrun for dataset_produces_2 to None, run_after=None
[2026-08-21T12:12:33.252+0000] {processor.py:183} INFO - Processing /home/airflow/.local/lib/python3.8/site-packages/airflow/example_dags/example_datasets.py took 0.103 seconds
[2026-08-21T12:13:03.825+0000] {processor.py:161} INFO - Started process (PID=4231) to work on /home/airflow/.local/lib/python3.8/site-packages/airflow/example_dags/example_datasets.py
[2026-08-21T12:13:03.826+0000] {processor.py:830} INFO - Processing file /home/airflow/.local/lib/python3.8/site-packages/airflow/example_dags/example_datasets.py for tasks to queue
[2026-08-21T12:13:03.828+0000] {logging_mixin.py:188} INFO - [2026-08-21T12:13:03.828+0000] {dagbag.py:538} INFO - Filling up the DagBag from /home/airflow/.local/lib/python3.8/site-packages/airflow/example_dags/example_datasets.py
[2026-08-21T12:13:03.838+0000] {processor.py:840} INFO - DAG(s) 'dataset_consumes_1_and_2', 'dataset_consumes_1', 'dataset_consumes_1_never_scheduled', 'dataset_produces_2', 'dataset_produces_1', 'dataset_consumes_unknown_never_scheduled' retrieved from /home/airflow/.local/lib/python3.8/site-packages/airflow/example_dags/example_datasets.py
[2026-08-21T12:13:03.872+0000] {logging_mixin.py:188} INFO - [2026-08-21T12:13:03.872+0000] {dag.py:3036} INFO - Sync 6 DAGs
[2026-08-21T12:13:03.891+0000] {logging_mixin.py:188} INFO - [2026-08-21T12:13:03.891+0000] {dag.py:3823} INFO - Setting next_dagrun for dataset_consumes_1 to None, run_after=None
[2026-08-21T12:13:03.895+0000] {logging_mixin.py:188} INFO - [2026-08-21T12:13:03.895+0000] {dag.py:3823} INFO - Setting next_dagrun for dataset_consumes_1_and_2 to None, run_after=None
[2026-08-21T12:13:03.897+0000] {logging_mixin.py:188} INFO - [2026-08-21T12:13:03.897+0000] {dag.py:3823} INFO - Setting next_dagrun for dataset_consumes_1_never_scheduled to None, run_after=None
[2026-08-21T12:13:03.899+0000] {logging_mixin.py:188} INFO - [2026-08-21T12:13:03.898+0000] {dag.py:3823} INFO - Setting next_dagrun for dataset_consumes_unknown_never_scheduled to None, run_after=None
[2026-08-21T12:13:03.901+0000] {logging_mixin.py:188} INFO - [2026-08-21T12:13:03.901+0000] {dag.py:3823} INFO - Setting next_dagrun for dataset_produces_1 to 2026-08-20 00:00:00+00:00, run_after=2026-08-21 00:00:00+00:00
[2026-08-21T12:13:03.903+0000] {logging_mixin.py:188} INFO - [2026-08-21T12:13:03.903+0000] {dag.py:3823} INFO - Setting next_dagrun for dataset_produces_2 to None, run_after=None
[2026-08-21T12:13:03.936+0000] {processor.py:183} INFO - Processing /home/airflow/.local/lib/python3.8/site-packages/airflow/example_dags/example_datasets.py took 0.114 seconds
[2026-08-21T12:13:34.301+0000] {processor.py:161} INFO - Started process (PID=4318) to work on /home/airflow/.local/lib/python3.8/site-packages/airflow/example_dags/example_datasets.py
[2026-08-21T12:13:34.302+0000] {processor.py:830} INFO - Processing file /home/airflow/.local/lib/python3.8/site-packages/airflow/example_dags/example_datasets.py for tasks to queue
[2026-08-21T12:13:34.305+0000] {logging_mixin.py:188} INFO - [2026-08-21T12:13:34.304+0000] {dagbag.py:538} INFO - Filling up the DagBag from /home/airflow/.local/lib/python3.8/site-packages/airflow/example_dags/example_datasets.py
[2026-08-21T12:13:34.314+0000] {processor.py:840} INFO - DAG(s) 'dataset_consumes_1_and_2', 'dataset_consumes_1_never_scheduled', 'dataset_consumes_unknown_never_scheduled', 'dataset_consumes_1', 'dataset_produces_1', 'dataset_produces_2' retrieved from /home/airflow/.local/lib/python3.8/site-packages/airflow/example_dags/example_datasets.py
[2026-08-21T12:13:34.349+0000] {logging_mixin.py:188} INFO - [2026-08-21T12:13:34.349+0000] {dag.py:3036} INFO - Sync 6 DAGs
[2026-08-21T12:13:34.369+0000] {logging_mixin.py:188} INFO - [2026-08-21T12:13:34.369+0000] {dag.py:3823} INFO - Setting next_dagrun for dataset_consumes_1 to None, run_after=None
[2026-08-21T12:13:34.374+0000] {logging_mixin.py:188} INFO - [2026-08-21T12:13:34.373+0000] {dag.py:3823} INFO - Setting next_dagrun for dataset_consumes_1_and_2 to None, run_after=None
[2026-08-21T12:13:34.375+0000] {logging_mixin.py:188} INFO - [2026-08-21T12:13:34.375+0000] {dag.py:3823} INFO - Setting next_dagrun for dataset_consumes_1_never_scheduled to None, run_after=None
[2026-08-21T12:13:34.377+0000] {logging_mixin.py:188} INFO - [2026-08-21T12:13:34.377+0000] {dag.py:3823} INFO - Setting next_dagrun for dataset_consumes_unknown_never_scheduled to None, run_after=None
[2026-08-21T12:13:34.379+0000] {logging_mixin.py:188} INFO - [2026-08-21T12:13:34.379+0000] {dag.py:3823} INFO - Setting next_dagrun for dataset_produces_1 to 2026-08-20 00:00:00+00:00, run_after=2026-08-21 00:00:00+00:00
[2026-08-21T12:13:34.381+0000] {logging_mixin.py:188} INFO - [2026-08-21T12:13:34.381+0000] {dag.py:3823} INFO - Setting next_dagrun for dataset_produces_2 to None, run_after=None
[2026-08-21T12:13:34.415+0000] {processor.py:183} INFO - Processing /home/airflow/.local/lib/python3.8/site-packages/airflow/example_dags/example_datasets.py took 0.117 seconds
[2026-08-21T12:14:05.644+0000] {processor.py:161} INFO - Started process (PID=4406) to work on /home/airflow/.local/lib/python3.8/site-packages/airflow/example_dags/example_datasets.py
[2026-08-21T12:14:05.646+0000] {processor.py:830} INFO - Processing file /home/airflow/.local/lib/python3.8/site-packages/airflow/example_dags/example_datasets.py for tasks to queue
[2026-08-21T12:14:05.648+0000] {logging_mixin.py:188} INFO - [2026-08-21T12:14:05.648+0000] {dagbag.py:538} INFO - Filling up the DagBag from /home/airflow/.local/lib/python3.8/site-packages/airflow/example_dags/example_datasets.py
[2026-08-21T12:14:05.658+0000] {processor.py:840} INFO - DAG(s) 'dataset_consumes_unknown_never_scheduled', 'dataset_produces_2', 'dataset_produces_1', 'dataset_consumes_1', 'dataset_consumes_1_and_2', 'dataset_consumes_1_never_scheduled' retrieved from /home/airflow/.local/lib/python3.8/site-packages/airflow/example_dags/example_datasets.py
[2026-08-21T12:14:05.697+0000] {logging_mixin.py:188} INFO - [2026-08-21T12:14:05.697+0000] {dag.py:3036} INFO - Sync 6 DAGs
[2026-08-21T12:14:05.720+0000] {logging_mixin.py:188} INFO - [2026-08-21T12:14:05.719+0000] {dag.py:3823} INFO - Setting next_dagrun for dataset_consumes_1 to None, run_after=None
[2026-08-21T12:14:05.724+0000] {logging_mixin.py:188} INFO - [2026-08-21T12:14:05.724+0000] {dag.py:3823} INFO - Setting next_dagrun for dataset_consumes_1_and_2 to None, run_after=None
[2026-08-21T12:14:05.726+0000] {logging_mixin.py:188} INFO - [2026-08-21T12:14:05.726+0000] {dag.py:3823} INFO - Setting next_dagrun for dataset_consumes_1_never_scheduled to None, run_after=None
[2026-08-21T12:14:05.728+0000] {logging_mixin.py:188} INFO - [2026-08-21T12:14:05.728+0000] {dag.py:3823} INFO - Setting next_dagrun for dataset_consumes_unknown_never_scheduled to None, run_after=None
[2026-08-21T12:14:05.731+0000] {logging_mixin.py:188} INFO - [2026-08-21T12:14:05.731+0000] {dag.py:3823} INFO - Setting next_dagrun for dataset_produces_1 to 2026-08-20 00:00:00+00:00, run_after=2026-08-21 00:00:00+00:00
[2026-08-21T12:14:05.733+0000] {logging_mixin.py:188} INFO - [2026-08-21T12:14:05.732+0000] {dag.py:3823} INFO - Setting next_dagrun for dataset_produces_2 to None, run_after=None
[2026-08-21T12:14:05.765+0000] {processor.py:183} INFO - Processing /home/airflow/.local/lib/python3.8/site-packages/airflow/example_dags/example_datasets.py took 0.125 seconds
[2026-08-21T12:14:36.378+0000] {processor.py:161} INFO - Started process (PID=4491) to work on /home/airflow/.local/lib/python3.8/site-packages/airflow/example_dags/example_datasets.py
[2026-08-21T12:14:36.379+0000] {processor.py:830} INFO - Processing file /home/airflow/.local/lib/python3.8/site-packages/airflow/example_dags/example_datasets.py for tasks to queue
[2026-08-21T12:14:36.384+0000] {logging_mixin.py:188} INFO - [2026-08-21T12:14:36.383+0000] {dagbag.py:538} INFO - Filling up the DagBag from /home/airflow/.local/lib/python3.8/site-packages/airflow/example_dags/example_datasets.py
[2026-08-21T12:14:36.394+0000] {processor.py:840} INFO - DAG(s) 'dataset_consumes_1', 'dataset_consumes_1_and_2', 'dataset_produces_2', 'dataset_consumes_1_never_scheduled', 'dataset_produces_1', 'dataset_consumes_unknown_never_scheduled' retrieved from /home/airflow/.local/lib/python3.8/site-packages/airflow/example_dags/example_datasets.py
[2026-08-21T12:14:36.436+0000] {logging_mixin.py:188} INFO - [2026-08-21T12:14:36.436+0000] {dag.py:3036} INFO - Sync 6 DAGs
[2026-08-21T12:14:36.459+0000] {logging_mixin.py:188} INFO - [2026-08-21T12:14:36.459+0000] {dag.py:3823} INFO - Setting next_dagrun for dataset_consumes_1 to None, run_after=None
[2026-08-21T12:14:36.463+0000] {logging_mixin.py:188} INFO - [2026-08-21T12:14:36.463+0000] {dag.py:3823} INFO - Setting next_dagrun for dataset_consumes_1_and_2 to None, run_after=None
[2026-08-21T12:14:36.465+0000] {logging_mixin.py:188} INFO - [2026-08-21T12:14:36.464+0000] {dag.py:3823} INFO - Setting next_dagrun for dataset_consumes_1_never_scheduled to None, run_after=None
[2026-08-21T12:14:36.467+0000] {logging_mixin.py:188} INFO - [2026-08-21T12:14:36.466+0000] {dag.py:3823} INFO - Setting next_dagrun for dataset_consumes_unknown_never_scheduled to None, run_after=None
[2026-08-21T12:14:36.471+0000] {logging_mixin.py:188} INFO - [2026-08-21T12:14:36.470+0000] {dag.py:3823} INFO - Setting next_dagrun for dataset_produces_1 to 2026-08-20 00:00:00+00:00, run_after=2026-08-21 00:00:00+00:00
[2026-08-21T12:14:36.473+0000] {logging_mixin.py:188} INFO - [2026-08-21T12:14:36.473+0000] {dag.py:3823} INFO - Setting next_dagrun for dataset_produces_2 to None, run_after=None
[2026-08-21T12:14:36.507+0000] {processor.py:183} INFO - Processing /home/airflow/.local/lib/python3.8/site-packages/airflow/example_dags/example_datasets.py took 0.133 seconds
[2026-08-21T12:15:07.278+0000] {processor.py:161} INFO - Started process (PID=4579) to work on /home/airflow/.local/lib/python3.8/site-packages/airflow/example_dags/example_datasets.py
[2026-08-21T12:15:07.279+0000] {processor.py:830} INFO - Processing file /home/airflow/.local/lib/python3.8/site-packages/airflow/example_dags/example_datasets.py for tasks to queue
[2026-08-21T12:15:07.282+0000] {logging_mixin.py:188} INFO - [2026-08-21T12:15:07.282+0000] {dagbag.py:538} INFO - Filling up the DagBag from /home/airflow/.local/lib/python3.8/site-packages/airflow/example_dags/example_datasets.py
[2026-08-21T12:15:07.296+0000] {processor.py:840} INFO - DAG(s) 'dataset_consumes_unknown_never_scheduled', 'dataset_consumes_1', 'dataset_consumes_1_and_2', 'dataset_consumes_1_never_scheduled', 'dataset_produces_1', 'dataset_produces_2' retrieved from /home/airflow/.local/lib/python3.8/site-packages/airflow/example_dags/example_datasets.py
[2026-08-21T12:15:07.333+0000] {logging_mixin.py:188} INFO - [2026-08-21T12:15:07.333+0000] {dag.py:3036} INFO - Sync 6 DAGs
[2026-08-21T12:15:07.354+0000] {logging_mixin.py:188} INFO - [2026-08-21T12:15:07.354+0000] {dag.py:3823} INFO - Setting next_dagrun for dataset_consumes_1 to None, run_after=None
[2026-08-21T12:15:07.358+0000] {logging_mixin.py:188} INFO - [2026-08-21T12:15:07.358+0000] {dag.py:3823} INFO - Setting next_dagrun for dataset_consumes_1_and_2 to None, run_after=None
[2026-08-21T12:15:07.360+0000] {logging_mixin.py:188} INFO - [2026-08-21T12:15:07.360+0000] {dag.py:3823} INFO - Setting next_dagrun for dataset_consumes_1_never_scheduled to None, run_after=None
[2026-08-21T12:15:07.361+0000] {logging_mixin.py:188} INFO - [2026-08-21T12:15:07.361+0000] {dag.py:3823} INFO - Setting next_dagrun for dataset_consumes_unknown_never_scheduled to None, run_after=None
[2026-08-21T12:15:07.364+0000] {logging_mixin.py:188} INFO - [2026-08-21T12:15:07.364+0000] {dag.py:3823} INFO - Setting next_dagrun for dataset_produces_1 to 2026-08-20 00:00:00+00:00, run_after=2026-08-21 00:00:00+00:00
[2026-08-21T12:15:07.366+0000] {logging_mixin.py:188} INFO - [2026-08-21T12:15:07.366+0000] {dag.py:3823} INFO - Setting next_dagrun for dataset_produces_2 to None, run_after=None
[2026-08-21T12:15:07.398+0000] {processor.py:183} INFO - Processing /home/airflow/.local/lib/python3.8/site-packages/airflow/example_dags/example_datasets.py took 0.125 seconds
[2026-08-21T12:15:37.714+0000] {processor.py:161} INFO - Started process (PID=4665) to work on /home/airflow/.local/lib/python3.8/site-packages/airflow/example_dags/example_datasets.py
[2026-08-21T12:15:37.716+0000] {processor.py:830} INFO - Processing file /home/airflow/.local/lib/python3.8/site-packages/airflow/example_dags/example_datasets.py for tasks to queue
[2026-08-21T12:15:37.718+0000] {logging_mixin.py:188} INFO - [2026-08-21T12:15:37.717+0000] {dagbag.py:538} INFO - Filling up the DagBag from /home/airflow/.local/lib/python3.8/site-packages/airflow/example_dags/example_datasets.py
[2026-08-21T12:15:37.727+0000] {processor.py:840} INFO - DAG(s) 'dataset_consumes_1_never_scheduled', 'dataset_consumes_1', 'dataset_consumes_unknown_never_scheduled', 'dataset_consumes_1_and_2', 'dataset_produces_2', 'dataset_produces_1' retrieved from /home/airflow/.local/lib/python3.8/site-packages/airflow/example_dags/example_datasets.py
[2026-08-21T12:15:37.762+0000] {logging_mixin.py:188} INFO - [2026-08-21T12:15:37.762+0000] {dag.py:3036} INFO - Sync 6 DAGs
[2026-08-21T12:15:37.784+0000] {logging_mixin.py:188} INFO - [2026-08-21T12:15:37.784+0000] {dag.py:3823} INFO - Setting next_dagrun for dataset_consumes_1 to None, run_after=None
[2026-08-21T12:15:37.788+0000] {logging_mixin.py:188} INFO - [2026-08-21T12:15:37.788+0000] {dag.py:3823} INFO - Setting next_dagrun for dataset_consumes_1_and_2 to None, run_after=None
[2026-08-21T12:15:37.790+0000] {logging_mixin.py:188} INFO - [2026-08-21T12:15:37.790+0000] {dag.py:3823} INFO - Setting next_dagrun for dataset_consumes_1_never_scheduled to None, run_after=None
[2026-08-21T12:15:37.792+0000] {logging_mixin.py:188} INFO - [2026-08-21T12:15:37.792+0000] {dag.py:3823} INFO - Setting next_dagrun for dataset_consumes_unknown_never_scheduled to None, run_after=None
[2026-08-21T12:15:37.795+0000] {logging_mixin.py:188} INFO - [2026-08-21T12:15:37.795+0000] {dag.py:3823} INFO - Setting next_dagrun for dataset_produces_1 to 2026-08-20 00:00:00+00:00, run_after=2026-08-21 00:00:00+00:00
[2026-08-21T12:15:37.797+0000] {logging_mixin.py:188} INFO - [2026-08-21T12:15:37.797+0000] {dag.py:3823} INFO - Setting next_dagrun for dataset_produces_2 to None, run_after=None
[2026-08-21T12:15:37.827+0000] {processor.py:183} INFO - Processing /home/airflow/.local/lib/python3.8/site-packages/airflow/example_dags/example_datasets.py took 0.116 seconds
[2026-08-21T12:16:08.313+0000] {processor.py:161} INFO - Started process (PID=4752) to work on /home/airflow/.local/lib/python3.8/site-packages/airflow/example_dags/example_datasets.py
[2026-08-21T12:16:08.314+0000] {processor.py:830} INFO - Processing file /home/airflow/.local/lib/python3.8/site-packages/airflow/example_dags/example_datasets.py for tasks to queue
[2026-08-21T12:16:08.316+0000] {logging_mixin.py:188} INFO - [2026-08-21T12:16:08.316+0000] {dagbag.py:538} INFO - Filling up the DagBag from /home/airflow/.local/lib/python3.8/site-packages/airflow/example_dags/example_datasets.py
[2026-08-21T12:16:08.327+0000] {processor.py:840} INFO - DAG(s) 'dataset_consumes_1_and_2', 'dataset_consumes_1', 'dataset_consumes_unknown_never_scheduled', 'dataset_produces_2', 'dataset_consumes_1_never_scheduled', 'dataset_produces_1' retrieved from /home/airflow/.local/lib/python3.8/site-packages/airflow/example_dags/example_datasets.py
[2026-08-21T12:16:08.363+0000] {logging_mixin.py:188} INFO - [2026-08-21T12:16:08.362+0000] {dag.py:3036} INFO - Sync 6 DAGs
[2026-08-21T12:16:08.384+0000] {logging_mixin.py:188} INFO - [2026-08-21T12:16:08.384+0000] {dag.py:3823} INFO - Setting next_dagrun for dataset_consumes_1 to None, run_after=None
[2026-08-21T12:16:08.388+0000] {logging_mixin.py:188} INFO - [2026-08-21T12:16:08.388+0000] {dag.py:3823} INFO - Setting next_dagrun for dataset_consumes_1_and_2 to None, run_after=None
[2026-08-21T12:16:08.390+0000] {logging_mixin.py:188} INFO - [2026-08-21T12:16:08.389+0000] {dag.py:3823} INFO - Setting next_dagrun for dataset_consumes_1_never_scheduled to None, run_after=None
[2026-08-21T12:16:08.391+0000] {logging_mixin.py:188} INFO - [2026-08-21T12:16:08.391+0000] {dag.py:3823} INFO - Setting next_dagrun for dataset_consumes_unknown_never_scheduled to None, run_after=None
[2026-08-21T12:16:08.394+0000] {logging_mixin.py:188} INFO - [2026-08-21T12:16:08.394+0000] {dag.py:3823} INFO - Setting next_dagrun for dataset_produces_1 to 2026-08-20 00:00:00+00:00, run_after=2026-08-21 00:00:00+00:00
[2026-08-21T12:16:08.396+0000] {logging_mixin.py:188} INFO - [2026-08-21T12:16:08.396+0000] {dag.py:3823} INFO - Setting next_dagrun for dataset_produces_2 to None, run_after=None
[2026-08-21T12:16:08.426+0000] {processor.py:183} INFO - Processing /home/airflow/.local/lib/python3.8/site-packages/airflow/example_dags/example_datasets.py took 0.116 seconds
[2026-08-21T12:16:39.788+0000] {processor.py:161} INFO - Started process (PID=4840) to work on /home/airflow/.local/lib/python3.8/site-packages/airflow/example_dags/example_datasets.py
[2026-08-21T12:16:39.789+0000] {processor.py:830} INFO - Processing file /home/airflow/.local/lib/python3.8/site-packages/airflow/example_dags/example_datasets.py for tasks to queue
[2026-08-21T12:16:39.791+0000] {logging_mixin.py:188} INFO - [2026-08-21T12:16:39.791+0000] {dagbag.py:538} INFO - Filling up the DagBag from /home/airflow/.local/lib/python3.8/site-packages/airflow/example_dags/example_datasets.py
[2026-08-21T12:16:39.801+0000] {processor.py:840} INFO - DAG(s) 'dataset_produces_1', 'dataset_consumes_unknown_never_scheduled', 'dataset_consumes_1_and_2', 'dataset_consumes_1_never_scheduled', 'dataset_produces_2', 'dataset_consumes_1' retrieved from /home/airflow/.local/lib/python3.8/site-packages/airflow/example_dags/example_datasets.py
[2026-08-21T12:16:39.836+0000] {logging_mixin.py:188} INFO - [2026-08-21T12:16:39.836+0000] {dag.py:3036} INFO - Sync 6 DAGs
[2026-08-21T12:16:39.857+0000] {logging_mixin.py:188} INFO - [2026-08-21T12:16:39.857+0000] {dag.py:3823} INFO - Setting next_dagrun for dataset_consumes_1 to None, run_after=None
[2026-08-21T12:16:39.861+0000] {logging_mixin.py:188} INFO - [2026-08-21T12:16:39.861+0000] {dag.py:3823} INFO - Setting next_dagrun for dataset_consumes_1_and_2 to None, run_after=None
[2026-08-21T12:16:39.863+0000] {logging_mixin.py:188} INFO - [2026-08-21T12:16:39.862+0000] {dag.py:3823} INFO - Setting next_dagrun for dataset_consumes_1_never_scheduled to None, run_after=None
[2026-08-21T12:16:39.864+0000] {logging_mixin.py:188} INFO - [2026-08-21T12:16:39.864+0000] {dag.py:3823} INFO - Setting next_dagrun for dataset_consumes_unknown_never_scheduled to None, run_after=None
[2026-08-21T12:16:39.866+0000] {logging_mixin.py:188} INFO - [2026-08-21T12:16:39.866+0000] {dag.py:3823} INFO - Setting next_dagrun for dataset_produces_1 to 2026-08-20 00:00:00+00:00, run_after=2026-08-21 00:00:00+00:00
[2026-08-21T12:16:39.868+0000] {logging_mixin.py:188} INFO - [2026-08-21T12:16:39.868+0000] {dag.py:3823} INFO - Setting next_dagrun for dataset_produces_2 to None, run_after=None
[2026-08-21T12:16:39.896+0000] {processor.py:183} INFO - Processing /home/airflow/.local/lib/python3.8/site-packages/airflow/example_dags/example_datasets.py took 0.111 seconds
[2026-08-21T12:17:10.125+0000] {processor.py:161} INFO - Started process (PID=4927) to work on /home/airflow/.local/lib/python3.8/site-packages/airflow/example_dags/example_datasets.py
[2026-08-21T12:17:10.126+0000] {processor.py:830} INFO - Processing file /home/airflow/.local/lib/python3.8/site-packages/airflow/example_dags/example_datasets.py for tasks to queue
[2026-08-21T12:17:10.128+0000] {logging_mixin.py:188} INFO - [2026-08-21T12:17:10.128+0000] {dagbag.py:538} INFO - Filling up the DagBag from /home/airflow/.local/lib/python3.8/site-packages/airflow/example_dags/example_datasets.py
[2026-08-21T12:17:10.139+0000] {processor.py:840} INFO - DAG(s) 'dataset_consumes_1', 'dataset_consumes_1_and_2', 'dataset_produces_1', 'dataset_produces_2', 'dataset_consumes_unknown_never_scheduled', 'dataset_consumes_1_never_scheduled' retrieved from /home/airflow/.local/lib/python3.8/site-packages/airflow/example_dags/example_datasets.py
[2026-08-21T12:17:10.179+0000] {logging_mixin.py:188} INFO - [2026-08-21T12:17:10.178+0000] {dag.py:3036} INFO - Sync 6 DAGs
[2026-08-21T12:17:10.203+0000] {logging_mixin.py:188} INFO - [2026-08-21T12:17:10.203+0000] {dag.py:3823} INFO - Setting next_dagrun for dataset_consumes_1 to None, run_after=None
[2026-08-21T12:17:10.207+0000] {logging_mixin.py:188} INFO - [2026-08-21T12:17:10.207+0000] {dag.py:3823} INFO - Setting next_dagrun for dataset_consumes_1_and_2 to None, run_after=None
[2026-08-21T12:17:10.209+0000] {logging_mixin.py:188} INFO - [2026-08-21T12:17:10.209+0000] {dag.py:3823} INFO - Setting next_dagrun for dataset_consumes_1_never_scheduled to None, run_after=None
[2026-08-21T12:17:10.210+0000] {logging_mixin.py:188} INFO - [2026-08-21T12:17:10.210+0000] {dag.py:3823} INFO - Setting next_dagrun for dataset_consumes_unknown_never_scheduled to None, run_after=None
[2026-08-21T12:17:10.213+0000] {logging_mixin.py:188} INFO - [2026-08-21T12:17:10.212+0000] {dag.py:3823} INFO - Setting next_dagrun for dataset_produces_1 to 2026-08-20 00:00:00+00:00, run_after=2026-08-21 00:00:00+00:00
[2026-08-21T12:17:10.214+0000] {logging_mixin.py:188} INFO - [2026-08-21T12:17:10.214+0000] {dag.py:3823} INFO - Setting next_dagrun for dataset_produces_2 to None, run_after=None
[2026-08-21T12:17:10.244+0000] {processor.py:183} INFO - Processing /home/airflow/.local/lib/python3.8/site-packages/airflow/example_dags/example_datasets.py took 0.123 seconds
[2026-08-21T12:17:40.465+0000] {processor.py:161} INFO - Started process (PID=5014) to work on /home/airflow/.local/lib/python3.8/site-packages/airflow/example_dags/example_datasets.py
[2026-08-21T12:17:40.466+0000] {processor.py:830} INFO - Processing file /home/airflow/.local/lib/python3.8/site-packages/airflow/example_dags/example_datasets.py for tasks to queue
[2026-08-21T12:17:40.468+0000] {logging_mixin.py:188} INFO - [2026-08-21T12:17:40.468+0000] {dagbag.py:538} INFO - Filling up the DagBag from /home/airflow/.local/lib/python3.8/site-packages/airflow/example_dags/example_datasets.py
[2026-08-21T12:17:40.479+0000] {processor.py:840} INFO - DAG(s) 'dataset_produces_1', 'dataset_consumes_unknown_never_scheduled', 'dataset_consumes_1_and_2', 'dataset_consumes_1', 'dataset_consumes_1_never_scheduled', 'dataset_produces_2' retrieved from /home/airflow/.local/lib/python3.8/site-packages/airflow/example_dags/example_datasets.py
[2026-08-21T12:17:40.515+0000] {logging_mixin.py:188} INFO - [2026-08-21T12:17:40.514+0000] {dag.py:3036} INFO - Sync 6 DAGs
[2026-08-21T12:17:40.535+0000] {logging_mixin.py:188} INFO - [2026-08-21T12:17:40.535+0000] {dag.py:3823} INFO - Setting next_dagrun for dataset_consumes_1 to None, run_after=None
[2026-08-21T12:17:40.539+0000] {logging_mixin.py:188} INFO - [2026-08-21T12:17:40.539+0000] {dag.py:3823} INFO - Setting next_dagrun for dataset_consumes_1_and_2 to None, run_after=None
[2026-08-21T12:17:40.541+0000] {logging_mixin.py:188} INFO - [2026-08-21T12:17:40.541+0000] {dag.py:3823} INFO - Setting next_dagrun for dataset_consumes_1_never_scheduled to None, run_after=None
[2026-08-21T12:17:40.543+0000] {logging_mixin.py:188} INFO - [2026-08-21T12:17:40.542+0000] {dag.py:3823} INFO - Setting next_dagrun for dataset_consumes_unknown_never_scheduled to None, run_after=None
[2026-08-21T12:17:40.545+0000] {logging_mixin.py:188} INFO - [2026-08-21T12:17:40.545+0000] {dag.py:3823} INFO - Setting next_dagrun for dataset_produces_1 to 2026-08-20 00:00:00+00:00, run_after=2026-08-21 00:00:00+00:00
[2026-08-21T12:17:40.547+0000] {logging_mixin.py:188} INFO - [2026-08-21T12:17:40.547+0000] {dag.py:3823} INFO - Setting next_dagrun for dataset_produces_2 to None, run_after=None
[2026-08-21T12:17:40.577+0000] {processor.py:183} INFO - Processing /home/airflow/.local/lib/python3.8/site-packages/airflow/example_dags/example_datasets.py took 0.115 seconds
[2026-08-21T12:18:11.747+0000] {processor.py:161} INFO - Started process (PID=5101) to work on /home/airflow/.local/lib/python3.8/site-packages/airflow/example_dags/example_datasets.py
[2026-08-21T12:18:11.874+0000] {processor.py:830} INFO - Processing file /home/airflow/.local/lib/python3.8/site-packages/airflow/example_dags/example_datasets.py for tasks to queue
[2026-08-21T12:18:11.878+0000] {logging_mixin.py:188} INFO - [2026-08-21T12:18:11.878+0000] {dagbag.py:538} INFO - Filling up the DagBag from /home/airflow/.local/lib/python3.8/site-packages/airflow/example_dags/example_datasets.py
[2026-08-21T12:18:11.892+0000] {processor.py:840} INFO - DAG(s) 'dataset_produces_2', 'dataset_consumes_1', 'dataset_consumes_1_never_scheduled', 'dataset_consumes_1_and_2', 'dataset_consumes_unknown_never_scheduled', 'dataset_produces_1' retrieved from /home/airflow/.local/lib/python3.8/site-packages/airflow/example_dags/example_datasets.py
[2026-08-21T12:18:11.932+0000] {logging_mixin.py:188} INFO - [2026-08-21T12:18:11.932+0000] {dag.py:3036} INFO - Sync 6 DAGs
[2026-08-21T12:18:11.954+0000] {logging_mixin.py:188} INFO - [2026-08-21T12:18:11.954+0000] {dag.py:3823} INFO - Setting next_dagrun for dataset_consumes_1 to None, run_after=None
[2026-08-21T12:18:11.958+0000] {logging_mixin.py:188} INFO - [2026-08-21T12:18:11.958+0000] {dag.py:3823} INFO - Setting next_dagrun for dataset_consumes_1_and_2 to None, run_after=None
[2026-08-21T12:18:11.959+0000] {logging_mixin.py:188} INFO - [2026-08-21T12:18:11.959+0000] {dag.py:3823} INFO - Setting next_dagrun for dataset_consumes_1_never_scheduled to None, run_after=None
[2026-08-21T12:18:11.961+0000] {logging_mixin.py:188} INFO - [2026-08-21T12:18:11.961+0000] {dag.py:3823} INFO - Setting next_dagrun for dataset_consumes_unknown_never_scheduled to None, run_after=None
[2026-08-21T12:18:11.964+0000] {logging_mixin.py:188} INFO - [2026-08-21T12:18:11.964+0000] {dag.py:3823} INFO - Setting next_dagrun for dataset_produces_1 to 2026-08-20 00:00:00+00:00, run_after=2026-08-21 00:00:00+00:00
[2026-08-21T12:18:11.966+0000] {logging_mixin.py:188} INFO - [2026-08-21T12:18:11.966+0000] {dag.py:3823} INFO - Setting next_dagrun for dataset_produces_2 to None, run_after=None
[2026-08-21T12:18:12.012+0000] {processor.py:183} INFO - Processing /home/airflow/.local/lib/python3.8/site-packages/airflow/example_dags/example_datasets.py took 0.269 seconds
[2026-08-21T12:18:42.590+0000] {processor.py:161} INFO - Started process (PID=5188) to work on /home/airflow/.local/lib/python3.8/site-packages/airflow/example_dags/example_datasets.py
[2026-08-21T12:18:42.591+0000] {processor.py:830} INFO - Processing file /home/airflow/.local/lib/python3.8/site-packages/airflow/example_dags/example_datasets.py for tasks to queue
[2026-08-21T12:18:42.593+0000] {logging_mixin.py:188} INFO - [2026-08-21T12:18:42.593+0000] {dagbag.py:538} INFO - Filling up the DagBag from /home/airflow/.local/lib/python3.8/site-packages/airflow/example_dags/example_datasets.py
[2026-08-21T12:18:42.607+0000] {processor.py:840} INFO - DAG(s) 'dataset_produces_2', 'dataset_consumes_unknown_never_scheduled', 'dataset_produces_1', 'dataset_consumes_1_never_scheduled', 'dataset_consumes_1_and_2', 'dataset_consumes_1' retrieved from /home/airflow/.local/lib/python3.8/site-packages/airflow/example_dags/example_datasets.py
[2026-08-21T12:18:42.648+0000] {logging_mixin.py:188} INFO - [2026-08-21T12:18:42.648+0000] {dag.py:3036} INFO - Sync 6 DAGs
[2026-08-21T12:18:42.673+0000] {logging_mixin.py:188} INFO - [2026-08-21T12:18:42.673+0000] {dag.py:3823} INFO - Setting next_dagrun for dataset_consumes_1 to None, run_after=None
[2026-08-21T12:18:42.677+0000] {logging_mixin.py:188} INFO - [2026-08-21T12:18:42.677+0000] {dag.py:3823} INFO - Setting next_dagrun for dataset_consumes_1_and_2 to None, run_after=None
[2026-08-21T12:18:42.679+0000] {logging_mixin.py:188} INFO - [2026-08-21T12:18:42.679+0000] {dag.py:3823} INFO - Setting next_dagrun for dataset_consumes_1_never_scheduled to None, run_after=None
[2026-08-21T12:18:42.682+0000] {logging_mixin.py:188} INFO - [2026-08-21T12:18:42.681+0000] {dag.py:3823} INFO - Setting next_dagrun for dataset_consumes_unknown_never_scheduled to None, run_after=None
[2026-08-21T12:18:42.685+0000] {logging_mixin.py:188} INFO - [2026-08-21T12:18:42.685+0000] {dag.py:3823} INFO - Setting next_dagrun for dataset_produces_1 to 2026-08-20 00:00:00+00:00, run_after=2026-08-21 00:00:00+00:00
[2026-08-21T12:18:42.689+0000] {logging_mixin.py:188} INFO - [2026-08-21T12:18:42.689+0000] {dag.py:3823} INFO - Setting next_dagrun for dataset_produces_2 to None, run_after=None
[2026-08-21T12:18:42.722+0000] {processor.py:183} INFO - Processing /home/airflow/.local/lib/python3.8/site-packages/airflow/example_dags/example_datasets.py took 0.137 seconds
[2026-08-21T12:19:13.093+0000] {processor.py:161} INFO - Started process (PID=5275) to work on /home/airflow/.local/lib/python3.8/site-packages/airflow/example_dags/example_datasets.py
[2026-08-21T12:19:13.094+0000] {processor.py:830} INFO - Processing file /home/airflow/.local/lib/python3.8/site-packages/airflow/example_dags/example_datasets.py for tasks to queue
[2026-08-21T12:19:13.096+0000] {logging_mixin.py:188} INFO - [2026-08-21T12:19:13.096+0000] {dagbag.py:538} INFO - Filling up the DagBag from /home/airflow/.local/lib/python3.8/site-packages/airflow/example_dags/example_datasets.py
[2026-08-21T12:19:13.106+0000] {processor.py:840} INFO - DAG(s) 'dataset_produces_2', 'dataset_consumes_1_and_2', 'dataset_produces_1', 'dataset_consumes_unknown_never_scheduled', 'dataset_consumes_1', 'dataset_consumes_1_never_scheduled' retrieved from /home/airflow/.local/lib/python3.8/site-packages/airflow/example_dags/example_datasets.py
[2026-08-21T12:19:13.148+0000] {logging_mixin.py:188} INFO - [2026-08-21T12:19:13.148+0000] {dag.py:3036} INFO - Sync 6 DAGs
[2026-08-21T12:19:13.176+0000] {logging_mixin.py:188} INFO - [2026-08-21T12:19:13.176+0000] {dag.py:3823} INFO - Setting next_dagrun for dataset_consumes_1 to None, run_after=None
[2026-08-21T12:19:13.182+0000] {logging_mixin.py:188} INFO - [2026-08-21T12:19:13.182+0000] {dag.py:3823} INFO - Setting next_dagrun for dataset_consumes_1_and_2 to None, run_after=None
[2026-08-21T12:19:13.184+0000] {logging_mixin.py:188} INFO - [2026-08-21T12:19:13.184+0000] {dag.py:3823} INFO - Setting next_dagrun for dataset_consumes_1_never_scheduled to None, run_after=None
[2026-08-21T12:19:13.186+0000] {logging_mixin.py:188} INFO - [2026-08-21T12:19:13.186+0000] {dag.py:3823} INFO - Setting next_dagrun for dataset_consumes_unknown_never_scheduled to None, run_after=None
[2026-08-21T12:19:13.190+0000] {logging_mixin.py:188} INFO - [2026-08-21T12:19:13.189+0000] {dag.py:3823} INFO - Setting next_dagrun for dataset_produces_1 to 2026-08-20 00:00:00+00:00, run_after=2026-08-21 00:00:00+00:00
[2026-08-21T12:19:13.192+0000] {logging_mixin.py:188} INFO - [2026-08-21T12:19:13.192+0000] {dag.py:3823} INFO - Setting next_dagrun for dataset_produces_2 to None, run_after=None
[2026-08-21T12:19:13.242+0000] {processor.py:183} INFO - Processing /home/airflow/.local/lib/python3.8/site-packages/airflow/example_dags/example_datasets.py took 0.153 seconds
[2026-08-21T12:19:43.488+0000] {processor.py:161} INFO - Started process (PID=5362) to work on /home/airflow/.local/lib/python3.8/site-packages/airflow/example_dags/example_datasets.py
[2026-08-21T12:19:43.489+0000] {processor.py:830} INFO - Processing file /home/airflow/.local/lib/python3.8/site-packages/airflow/example_dags/example_datasets.py for tasks to queue
[2026-08-21T12:19:43.491+0000] {logging_mixin.py:188} INFO - [2026-08-21T12:19:43.491+0000] {dagbag.py:538} INFO - Filling up the DagBag from /home/airflow/.local/lib/python3.8/site-packages/airflow/example_dags/example_datasets.py
[2026-08-21T12:19:43.501+0000] {processor.py:840} INFO - DAG(s) 'dataset_consumes_1_never_scheduled', 'dataset_produces_2', 'dataset_consumes_unknown_never_scheduled', 'dataset_produces_1', 'dataset_consumes_1_and_2', 'dataset_consumes_1' retrieved from /home/airflow/.local/lib/python3.8/site-packages/airflow/example_dags/example_datasets.py
[2026-08-21T12:19:43.542+0000] {logging_mixin.py:188} INFO - [2026-08-21T12:19:43.541+0000] {dag.py:3036} INFO - Sync 6 DAGs
[2026-08-21T12:19:43.565+0000] {logging_mixin.py:188} INFO - [2026-08-21T12:19:43.565+0000] {dag.py:3823} INFO - Setting next_dagrun for dataset_consumes_1 to None, run_after=None
[2026-08-21T12:19:43.569+0000] {logging_mixin.py:188} INFO - [2026-08-21T12:19:43.569+0000] {dag.py:3823} INFO - Setting next_dagrun for dataset_consumes_1_and_2 to None, run_after=None
[2026-08-21T12:19:43.571+0000] {logging_mixin.py:188} INFO - [2026-08-21T12:19:43.571+0000] {dag.py:3823} INFO - Setting next_dagrun for dataset_consumes_1_never_scheduled to None, run_after=None
[2026-08-21T12:19:43.573+0000] {logging_mixin.py:188} INFO - [2026-08-21T12:19:43.572+0000] {dag.py:3823} INFO - Setting next_dagrun for dataset_consumes_unknown_never_scheduled to None, run_after=None
[2026-08-21T12:19:43.576+0000] {logging_mixin.py:188} INFO - [2026-08-21T12:19:43.575+0000] {dag.py:3823} INFO - Setting next_dagrun for dataset_produces_1 to 2026-08-20 00:00:00+00:00, run_after=2026-08-21 00:00:00+00:00
[2026-08-21T12:19:43.577+0000] {logging_mixin.py:188} INFO - [2026-08-21T12:19:43.577+0000] {dag.py:3823} INFO - Setting next_dagrun for dataset_produces_2 to None, run_after=None
[2026-08-21T12:19:43.610+0000] {processor.py:183} INFO - Processing /home/airflow/.local/lib/python3.8/site-packages/airflow/example_dags/example_datasets.py took 0.126 seconds
[2026-08-21T12:20:18.137+0000] {processor.py:161} INFO - Started process (PID=5455) to work on /home/airflow/.local/lib/python3.8/site-packages/airflow/example_dags/example_datasets.py
[2026-08-21T12:20:18.140+0000] {processor.py:830} INFO - Processing file /home/airflow/.local/lib/python3.8/site-packages/airflow/example_dags/example_datasets.py for tasks to queue
[2026-08-21T12:20:18.145+0000] {logging_mixin.py:188} INFO - [2026-08-21T12:20:18.144+0000] {dagbag.py:538} INFO - Filling up the DagBag from /home/airflow/.local/lib/python3.8/site-packages/airflow/example_dags/example_datasets.py
[2026-08-21T12:20:18.174+0000] {processor.py:840} INFO - DAG(s) 'dataset_produces_1', 'dataset_consumes_1_never_scheduled', 'dataset_consumes_1_and_2', 'dataset_produces_2', 'dataset_consumes_1', 'dataset_consumes_unknown_never_scheduled' retrieved from /home/airflow/.local/lib/python3.8/site-packages/airflow/example_dags/example_datasets.py
[2026-08-21T12:20:18.320+0000] {logging_mixin.py:188} INFO - [2026-08-21T12:20:18.319+0000] {dag.py:3036} INFO - Sync 6 DAGs
[2026-08-21T12:20:18.423+0000] {logging_mixin.py:188} INFO - [2026-08-21T12:20:18.422+0000] {dag.py:3823} INFO - Setting next_dagrun for dataset_consumes_1 to None, run_after=None
[2026-08-21T12:20:18.435+0000] {logging_mixin.py:188} INFO - [2026-08-21T12:20:18.435+0000] {dag.py:3823} INFO - Setting next_dagrun for dataset_consumes_1_and_2 to None, run_after=None
[2026-08-21T12:20:18.443+0000] {logging_mixin.py:188} INFO - [2026-08-21T12:20:18.443+0000] {dag.py:3823} INFO - Setting next_dagrun for dataset_consumes_1_never_scheduled to None, run_after=None
[2026-08-21T12:20:18.452+0000] {logging_mixin.py:188} INFO - [2026-08-21T12:20:18.451+0000] {dag.py:3823} INFO - Setting next_dagrun for dataset_consumes_unknown_never_scheduled to None, run_after=None
[2026-08-21T12:20:18.461+0000] {logging_mixin.py:188} INFO - [2026-08-21T12:20:18.460+0000] {dag.py:3823} INFO - Setting next_dagrun for dataset_produces_1 to 2026-08-20 00:00:00+00:00, run_after=2026-08-21 00:00:00+00:00
[2026-08-21T12:20:18.473+0000] {logging_mixin.py:188} INFO - [2026-08-21T12:20:18.473+0000] {dag.py:3823} INFO - Setting next_dagrun for dataset_produces_2 to None, run_after=None
[2026-08-21T12:20:18.641+0000] {processor.py:183} INFO - Processing /home/airflow/.local/lib/python3.8/site-packages/airflow/example_dags/example_datasets.py took 0.511 seconds
[2026-08-21T12:20:51.062+0000] {processor.py:161} INFO - Started process (PID=5542) to work on /home/airflow/.local/lib/python3.8/site-packages/airflow/example_dags/example_datasets.py
[2026-08-21T12:20:51.093+0000] {processor.py:830} INFO - Processing file /home/airflow/.local/lib/python3.8/site-packages/airflow/example_dags/example_datasets.py for tasks to queue
[2026-08-21T12:20:51.097+0000] {logging_mixin.py:188} INFO - [2026-08-21T12:20:51.097+0000] {dagbag.py:538} INFO - Filling up the DagBag from /home/airflow/.local/lib/python3.8/site-packages/airflow/example_dags/example_datasets.py
[2026-08-21T12:20:51.155+0000] {processor.py:840} INFO - DAG(s) 'dataset_produces_1', 'dataset_consumes_1_never_scheduled', 'dataset_consumes_1_and_2', 'dataset_consumes_unknown_never_scheduled', 'dataset_produces_2', 'dataset_consumes_1' retrieved from /home/airflow/.local/lib/python3.8/site-packages/airflow/example_dags/example_datasets.py
[2026-08-21T12:20:51.593+0000] {logging_mixin.py:188} INFO - [2026-08-21T12:20:51.592+0000] {dag.py:3036} INFO - Sync 6 DAGs
[2026-08-21T12:20:51.691+0000] {logging_mixin.py:188} INFO - [2026-08-21T12:20:51.690+0000] {dag.py:3823} INFO - Setting next_dagrun for dataset_consumes_1 to None, run_after=None
[2026-08-21T12:20:51.707+0000] {logging_mixin.py:188} INFO - [2026-08-21T12:20:51.707+0000] {dag.py:3823} INFO - Setting next_dagrun for dataset_consumes_1_and_2 to None, run_after=None
[2026-08-21T12:20:51.722+0000] {logging_mixin.py:188} INFO - [2026-08-21T12:20:51.721+0000] {dag.py:3823} INFO - Setting next_dagrun for dataset_consumes_1_never_scheduled to None, run_after=None
[2026-08-21T12:20:51.726+0000] {logging_mixin.py:188} INFO - [2026-08-21T12:20:51.726+0000] {dag.py:3823} INFO - Setting next_dagrun for dataset_consumes_unknown_never_scheduled to None, run_after=None
[2026-08-21T12:20:51.745+0000] {logging_mixin.py:188} INFO - [2026-08-21T12:20:51.745+0000] {dag.py:3823} INFO - Setting next_dagrun for dataset_produces_1 to 2026-08-20 00:00:00+00:00, run_after=2026-08-21 00:00:00+00:00
[2026-08-21T12:20:51.750+0000] {logging_mixin.py:188} INFO - [2026-08-21T12:20:51.750+0000] {dag.py:3823} INFO - Setting next_dagrun for dataset_produces_2 to None, run_after=None
[2026-08-21T12:20:51.926+0000] {processor.py:183} INFO - Processing /home/airflow/.local/lib/python3.8/site-packages/airflow/example_dags/example_datasets.py took 0.871 seconds
[2026-08-21T12:21:22.884+0000] {processor.py:161} INFO - Started process (PID=5628) to work on /home/airflow/.local/lib/python3.8/site-packages/airflow/example_dags/example_datasets.py
[2026-08-21T12:21:22.885+0000] {processor.py:830} INFO - Processing file /home/airflow/.local/lib/python3.8/site-packages/airflow/example_dags/example_datasets.py for tasks to queue
[2026-08-21T12:21:22.887+0000] {logging_mixin.py:188} INFO - [2026-08-21T12:21:22.887+0000] {dagbag.py:538} INFO - Filling up the DagBag from /home/airflow/.local/lib/python3.8/site-packages/airflow/example_dags/example_datasets.py
[2026-08-21T12:21:22.899+0000] {processor.py:840} INFO - DAG(s) 'dataset_produces_2', 'dataset_consumes_1', 'dataset_consumes_1_and_2', 'dataset_produces_1', 'dataset_consumes_unknown_never_scheduled', 'dataset_consumes_1_never_scheduled' retrieved from /home/airflow/.local/lib/python3.8/site-packages/airflow/example_dags/example_datasets.py
[2026-08-21T12:21:22.940+0000] {logging_mixin.py:188} INFO - [2026-08-21T12:21:22.940+0000] {dag.py:3036} INFO - Sync 6 DAGs
[2026-08-21T12:21:22.963+0000] {logging_mixin.py:188} INFO - [2026-08-21T12:21:22.963+0000] {dag.py:3823} INFO - Setting next_dagrun for dataset_consumes_1 to None, run_after=None
[2026-08-21T12:21:22.967+0000] {logging_mixin.py:188} INFO - [2026-08-21T12:21:22.967+0000] {dag.py:3823} INFO - Setting next_dagrun for dataset_consumes_1_and_2 to None, run_after=None
[2026-08-21T12:21:22.969+0000] {logging_mixin.py:188} INFO - [2026-08-21T12:21:22.969+0000] {dag.py:3823} INFO - Setting next_dagrun for dataset_consumes_1_never_scheduled to None, run_after=None
[2026-08-21T12:21:22.971+0000] {logging_mixin.py:188} INFO - [2026-08-21T12:21:22.971+0000] {dag.py:3823} INFO - Setting next_dagrun for dataset_consumes_unknown_never_scheduled to None, run_after=None
[2026-08-21T12:21:22.974+0000] {logging_mixin.py:188} INFO - [2026-08-21T12:21:22.974+0000] {dag.py:3823} INFO - Setting next_dagrun for dataset_produces_1 to 2026-08-20 00:00:00+00:00, run_after=2026-08-21 00:00:00+00:00
[2026-08-21T12:21:22.976+0000] {logging_mixin.py:188} INFO - [2026-08-21T12:21:22.976+0000] {dag.py:3823} INFO - Setting next_dagrun for dataset_produces_2 to None, run_after=None
[2026-08-21T12:21:23.042+0000] {processor.py:183} INFO - Processing /home/airflow/.local/lib/python3.8/site-packages/airflow/example_dags/example_datasets.py took 0.161 seconds
[2026-08-21T12:21:53.387+0000] {processor.py:161} INFO - Started process (PID=5715) to work on /home/airflow/.local/lib/python3.8/site-packages/airflow/example_dags/example_datasets.py
[2026-08-21T12:21:53.388+0000] {processor.py:830} INFO - Processing file /home/airflow/.local/lib/python3.8/site-packages/airflow/example_dags/example_datasets.py for tasks to queue
[2026-08-21T12:21:53.390+0000] {logging_mixin.py:188} INFO - [2026-08-21T12:21:53.390+0000] {dagbag.py:538} INFO - Filling up the DagBag from /home/airflow/.local/lib/python3.8/site-packages/airflow/example_dags/example_datasets.py
[2026-08-21T12:21:53.400+0000] {processor.py:840} INFO - DAG(s) 'dataset_consumes_1', 'dataset_produces_1', 'dataset_consumes_unknown_never_scheduled', 'dataset_produces_2', 'dataset_consumes_1_and_2', 'dataset_consumes_1_never_scheduled' retrieved from /home/airflow/.local/lib/python3.8/site-packages/airflow/example_dags/example_datasets.py
[2026-08-21T12:21:53.438+0000] {logging_mixin.py:188} INFO - [2026-08-21T12:21:53.438+0000] {dag.py:3036} INFO - Sync 6 DAGs
[2026-08-21T12:21:53.461+0000] {logging_mixin.py:188} INFO - [2026-08-21T12:21:53.461+0000] {dag.py:3823} INFO - Setting next_dagrun for dataset_consumes_1 to None, run_after=None
[2026-08-21T12:21:53.465+0000] {logging_mixin.py:188} INFO - [2026-08-21T12:21:53.465+0000] {dag.py:3823} INFO - Setting next_dagrun for dataset_consumes_1_and_2 to None, run_after=None
[2026-08-21T12:21:53.467+0000] {logging_mixin.py:188} INFO - [2026-08-21T12:21:53.467+0000] {dag.py:3823} INFO - Setting next_dagrun for dataset_consumes_1_never_scheduled to None, run_after=None
[2026-08-21T12:21:53.469+0000] {logging_mixin.py:188} INFO - [2026-08-21T12:21:53.469+0000] {dag.py:3823} INFO - Setting next_dagrun for dataset_consumes_unknown_never_scheduled to None, run_after=None
[2026-08-21T12:21:53.472+0000] {logging_mixin.py:188} INFO - [2026-08-21T12:21:53.471+0000] {dag.py:3823} INFO - Setting next_dagrun for dataset_produces_1 to 2026-08-20 00:00:00+00:00, run_after=2026-08-21 00:00:00+00:00
[2026-08-21T12:21:53.473+0000] {logging_mixin.py:188} INFO - [2026-08-21T12:21:53.473+0000] {dag.py:3823} INFO - Setting next_dagrun for dataset_produces_2 to None, run_after=None
[2026-08-21T12:21:53.530+0000] {processor.py:183} INFO - Processing /home/airflow/.local/lib/python3.8/site-packages/airflow/example_dags/example_datasets.py took 0.147 seconds
[2026-08-21T12:22:23.710+0000] {processor.py:161} INFO - Started process (PID=5802) to work on /home/airflow/.local/lib/python3.8/site-packages/airflow/example_dags/example_datasets.py
[2026-08-21T12:22:23.711+0000] {processor.py:830} INFO - Processing file /home/airflow/.local/lib/python3.8/site-packages/airflow/example_dags/example_datasets.py for tasks to queue
[2026-08-21T12:22:23.714+0000] {logging_mixin.py:188} INFO - [2026-08-21T12:22:23.714+0000] {dagbag.py:538} INFO - Filling up the DagBag from /home/airflow/.local/lib/python3.8/site-packages/airflow/example_dags/example_datasets.py
[2026-08-21T12:22:23.731+0000] {processor.py:840} INFO - DAG(s) 'dataset_consumes_1_never_scheduled', 'dataset_produces_2', 'dataset_consumes_unknown_never_scheduled', 'dataset_consumes_1_and_2', 'dataset_produces_1', 'dataset_consumes_1' retrieved from /home/airflow/.local/lib/python3.8/site-packages/airflow/example_dags/example_datasets.py
[2026-08-21T12:22:23.774+0000] {logging_mixin.py:188} INFO - [2026-08-21T12:22:23.774+0000] {dag.py:3036} INFO - Sync 6 DAGs
[2026-08-21T12:22:23.808+0000] {logging_mixin.py:188} INFO - [2026-08-21T12:22:23.808+0000] {dag.py:3823} INFO - Setting next_dagrun for dataset_consumes_1 to None, run_after=None
[2026-08-21T12:22:23.816+0000] {logging_mixin.py:188} INFO - [2026-08-21T12:22:23.815+0000] {dag.py:3823} INFO - Setting next_dagrun for dataset_consumes_1_and_2 to None, run_after=None
[2026-08-21T12:22:23.818+0000] {logging_mixin.py:188} INFO - [2026-08-21T12:22:23.818+0000] {dag.py:3823} INFO - Setting next_dagrun for dataset_consumes_1_never_scheduled to None, run_after=None
[2026-08-21T12:22:23.820+0000] {logging_mixin.py:188} INFO - [2026-08-21T12:22:23.820+0000] {dag.py:3823} INFO - Setting next_dagrun for dataset_consumes_unknown_never_scheduled to None, run_after=None
[2026-08-21T12:22:23.824+0000] {logging_mixin.py:188} INFO - [2026-08-21T12:22:23.823+0000] {dag.py:3823} INFO - Setting next_dagrun for dataset_produces_1 to 2026-08-20 00:00:00+00:00, run_after=2026-08-21 00:00:00+00:00
[2026-08-21T12:22:23.826+0000] {logging_mixin.py:188} INFO - [2026-08-21T12:22:23.826+0000] {dag.py:3823} INFO - Setting next_dagrun for dataset_produces_2 to None, run_after=None
[2026-08-21T12:22:23.905+0000] {processor.py:183} INFO - Processing /home/airflow/.local/lib/python3.8/site-packages/airflow/example_dags/example_datasets.py took 0.199 seconds
[2026-08-21T12:22:54.124+0000] {processor.py:161} INFO - Started process (PID=5890) to work on /home/airflow/.local/lib/python3.8/site-packages/airflow/example_dags/example_datasets.py
[2026-08-21T12:22:54.125+0000] {processor.py:830} INFO - Processing file /home/airflow/.local/lib/python3.8/site-packages/airflow/example_dags/example_datasets.py for tasks to queue
[2026-08-21T12:22:54.129+0000] {logging_mixin.py:188} INFO - [2026-08-21T12:22:54.128+0000] {dagbag.py:538} INFO - Filling up the DagBag from /home/airflow/.local/lib/python3.8/site-packages/airflow/example_dags/example_datasets.py
[2026-08-21T12:22:54.143+0000] {processor.py:840} INFO - DAG(s) 'dataset_produces_1', 'dataset_consumes_1', 'dataset_produces_2', 'dataset_consumes_unknown_never_scheduled', 'dataset_consumes_1_never_scheduled', 'dataset_consumes_1_and_2' retrieved from /home/airflow/.local/lib/python3.8/site-packages/airflow/example_dags/example_datasets.py
[2026-08-21T12:22:54.203+0000] {logging_mixin.py:188} INFO - [2026-08-21T12:22:54.203+0000] {dag.py:3036} INFO - Sync 6 DAGs
[2026-08-21T12:22:54.241+0000] {logging_mixin.py:188} INFO - [2026-08-21T12:22:54.241+0000] {dag.py:3823} INFO - Setting next_dagrun for dataset_consumes_1 to None, run_after=None
[2026-08-21T12:22:54.250+0000] {logging_mixin.py:188} INFO - [2026-08-21T12:22:54.249+0000] {dag.py:3823} INFO - Setting next_dagrun for dataset_consumes_1_and_2 to None, run_after=None
[2026-08-21T12:22:54.253+0000] {logging_mixin.py:188} INFO - [2026-08-21T12:22:54.253+0000] {dag.py:3823} INFO - Setting next_dagrun for dataset_consumes_1_never_scheduled to None, run_after=None
[2026-08-21T12:22:54.258+0000] {logging_mixin.py:188} INFO - [2026-08-21T12:22:54.258+0000] {dag.py:3823} INFO - Setting next_dagrun for dataset_consumes_unknown_never_scheduled to None, run_after=None
[2026-08-21T12:22:54.264+0000] {logging_mixin.py:188} INFO - [2026-08-21T12:22:54.264+0000] {dag.py:3823} INFO - Setting next_dagrun for dataset_produces_1 to 2026-08-20 00:00:00+00:00, run_after=2026-08-21 00:00:00+00:00
[2026-08-21T12:22:54.268+0000] {logging_mixin.py:188} INFO - [2026-08-21T12:22:54.267+0000] {dag.py:3823} INFO - Setting next_dagrun for dataset_produces_2 to None, run_after=None
[2026-08-21T12:22:54.330+0000] {processor.py:183} INFO - Processing /home/airflow/.local/lib/python3.8/site-packages/airflow/example_dags/example_datasets.py took 0.211 seconds
[2026-08-21T12:23:25.238+0000] {processor.py:161} INFO - Started process (PID=5976) to work on /home/airflow/.local/lib/python3.8/site-packages/airflow/example_dags/example_datasets.py
[2026-08-21T12:23:25.240+0000] {processor.py:830} INFO - Processing file /home/airflow/.local/lib/python3.8/site-packages/airflow/example_dags/example_datasets.py for tasks to queue
[2026-08-21T12:23:25.242+0000] {logging_mixin.py:188} INFO - [2026-08-21T12:23:25.242+0000] {dagbag.py:538} INFO - Filling up the DagBag from /home/airflow/.local/lib/python3.8/site-packages/airflow/example_dags/example_datasets.py
[2026-08-21T12:23:25.252+0000] {processor.py:840} INFO - DAG(s) 'dataset_consumes_1_never_scheduled', 'dataset_consumes_1_and_2', 'dataset_consumes_unknown_never_scheduled', 'dataset_consumes_1', 'dataset_produces_1', 'dataset_produces_2' retrieved from /home/airflow/.local/lib/python3.8/site-packages/airflow/example_dags/example_datasets.py
[2026-08-21T12:23:25.295+0000] {logging_mixin.py:188} INFO - [2026-08-21T12:23:25.295+0000] {dag.py:3036} INFO - Sync 6 DAGs
[2026-08-21T12:23:25.324+0000] {logging_mixin.py:188} INFO - [2026-08-21T12:23:25.324+0000] {dag.py:3823} INFO - Setting next_dagrun for dataset_consumes_1 to None, run_after=None
[2026-08-21T12:23:25.330+0000] {logging_mixin.py:188} INFO - [2026-08-21T12:23:25.329+0000] {dag.py:3823} INFO - Setting next_dagrun for dataset_consumes_1_and_2 to None, run_after=None
[2026-08-21T12:23:25.332+0000] {logging_mixin.py:188} INFO - [2026-08-21T12:23:25.332+0000] {dag.py:3823} INFO - Setting next_dagrun for dataset_consumes_1_never_scheduled to None, run_after=None
[2026-08-21T12:23:25.336+0000] {logging_mixin.py:188} INFO - [2026-08-21T12:23:25.335+0000] {dag.py:3823} INFO - Setting next_dagrun for dataset_consumes_unknown_never_scheduled to None, run_after=None
[2026-08-21T12:23:25.341+0000] {logging_mixin.py:188} INFO - [2026-08-21T12:23:25.341+0000] {dag.py:3823} INFO - Setting next_dagrun for dataset_produces_1 to 2026-08-20 00:00:00+00:00, run_after=2026-08-21 00:00:00+00:00
[2026-08-21T12:23:25.343+0000] {logging_mixin.py:188} INFO - [2026-08-21T12:23:25.343+0000] {dag.py:3823} INFO - Setting next_dagrun for dataset_produces_2 to None, run_after=None
[2026-08-21T12:23:25.481+0000] {processor.py:183} INFO - Processing /home/airflow/.local/lib/python3.8/site-packages/airflow/example_dags/example_datasets.py took 0.246 seconds
[2026-08-21T12:23:56.563+0000] {processor.py:161} INFO - Started process (PID=6063) to work on /home/airflow/.local/lib/python3.8/site-packages/airflow/example_dags/example_datasets.py
[2026-08-21T12:23:56.564+0000] {processor.py:830} INFO - Processing file /home/airflow/.local/lib/python3.8/site-packages/airflow/example_dags/example_datasets.py for tasks to queue
[2026-08-21T12:23:56.566+0000] {logging_mixin.py:188} INFO - [2026-08-21T12:23:56.565+0000] {dagbag.py:538} INFO - Filling up the DagBag from /home/airflow/.local/lib/python3.8/site-packages/airflow/example_dags/example_datasets.py
[2026-08-21T12:23:56.575+0000] {processor.py:840} INFO - DAG(s) 'dataset_consumes_1', 'dataset_produces_1', 'dataset_consumes_unknown_never_scheduled', 'dataset_consumes_1_and_2', 'dataset_consumes_1_never_scheduled', 'dataset_produces_2' retrieved from /home/airflow/.local/lib/python3.8/site-packages/airflow/example_dags/example_datasets.py
[2026-08-21T12:23:56.614+0000] {logging_mixin.py:188} INFO - [2026-08-21T12:23:56.614+0000] {dag.py:3036} INFO - Sync 6 DAGs
[2026-08-21T12:23:56.636+0000] {logging_mixin.py:188} INFO - [2026-08-21T12:23:56.635+0000] {dag.py:3823} INFO - Setting next_dagrun for dataset_consumes_1 to None, run_after=None
[2026-08-21T12:23:56.639+0000] {logging_mixin.py:188} INFO - [2026-08-21T12:23:56.639+0000] {dag.py:3823} INFO - Setting next_dagrun for dataset_consumes_1_and_2 to None, run_after=None
[2026-08-21T12:23:56.641+0000] {logging_mixin.py:188} INFO - [2026-08-21T12:23:56.641+0000] {dag.py:3823} INFO - Setting next_dagrun for dataset_consumes_1_never_scheduled to None, run_after=None
[2026-08-21T12:23:56.643+0000] {logging_mixin.py:188} INFO - [2026-08-21T12:23:56.642+0000] {dag.py:3823} INFO - Setting next_dagrun for dataset_consumes_unknown_never_scheduled to None, run_after=None
[2026-08-21T12:23:56.645+0000] {logging_mixin.py:188} INFO - [2026-08-21T12:23:56.645+0000] {dag.py:3823} INFO - Setting next_dagrun for dataset_produces_1 to 2026-08-20 00:00:00+00:00, run_after=2026-08-21 00:00:00+00:00
[2026-08-21T12:23:56.647+0000] {logging_mixin.py:188} INFO - [2026-08-21T12:23:56.647+0000] {dag.py:3823} INFO - Setting next_dagrun for dataset_produces_2 to None, run_after=None
[2026-08-21T12:23:56.712+0000] {processor.py:183} INFO - Processing /home/airflow/.local/lib/python3.8/site-packages/airflow/example_dags/example_datasets.py took 0.153 seconds
[2026-08-21T12:24:27.778+0000] {processor.py:161} INFO - Started process (PID=6150) to work on /home/airflow/.local/lib/python3.8/site-packages/airflow/example_dags/example_datasets.py
[2026-08-21T12:24:27.780+0000] {processor.py:830} INFO - Processing file /home/airflow/.local/lib/python3.8/site-packages/airflow/example_dags/example_datasets.py for tasks to queue
[2026-08-21T12:24:27.782+0000] {logging_mixin.py:188} INFO - [2026-08-21T12:24:27.782+0000] {dagbag.py:538} INFO - Filling up the DagBag from /home/airflow/.local/lib/python3.8/site-packages/airflow/example_dags/example_datasets.py
[2026-08-21T12:24:27.791+0000] {processor.py:840} INFO - DAG(s) 'dataset_consumes_1', 'dataset_produces_1', 'dataset_consumes_1_and_2', 'dataset_produces_2', 'dataset_consumes_1_never_scheduled', 'dataset_consumes_unknown_never_scheduled' retrieved from /home/airflow/.local/lib/python3.8/site-packages/airflow/example_dags/example_datasets.py
[2026-08-21T12:24:27.824+0000] {logging_mixin.py:188} INFO - [2026-08-21T12:24:27.824+0000] {dag.py:3036} INFO - Sync 6 DAGs
[2026-08-21T12:24:27.849+0000] {logging_mixin.py:188} INFO - [2026-08-21T12:24:27.848+0000] {dag.py:3823} INFO - Setting next_dagrun for dataset_consumes_1 to None, run_after=None
[2026-08-21T12:24:27.853+0000] {logging_mixin.py:188} INFO - [2026-08-21T12:24:27.853+0000] {dag.py:3823} INFO - Setting next_dagrun for dataset_consumes_1_and_2 to None, run_after=None
[2026-08-21T12:24:27.855+0000] {logging_mixin.py:188} INFO - [2026-08-21T12:24:27.854+0000] {dag.py:3823} INFO - Setting next_dagrun for dataset_consumes_1_never_scheduled to None, run_after=None
[2026-08-21T12:24:27.856+0000] {logging_mixin.py:188} INFO - [2026-08-21T12:24:27.856+0000] {dag.py:3823} INFO - Setting next_dagrun for dataset_consumes_unknown_never_scheduled to None, run_after=None
[2026-08-21T12:24:27.860+0000] {logging_mixin.py:188} INFO - [2026-08-21T12:24:27.860+0000] {dag.py:3823} INFO - Setting next_dagrun for dataset_produces_1 to 2026-08-20 00:00:00+00:00, run_after=2026-08-21 00:00:00+00:00
[2026-08-21T12:24:27.862+0000] {logging_mixin.py:188} INFO - [2026-08-21T12:24:27.861+0000] {dag.py:3823} INFO - Setting next_dagrun for dataset_produces_2 to None, run_after=None
[2026-08-21T12:24:28.209+0000] {processor.py:183} INFO - Processing /home/airflow/.local/lib/python3.8/site-packages/airflow/example_dags/example_datasets.py took 0.434 seconds
[2026-08-21T12:24:58.262+0000] {processor.py:161} INFO - Started process (PID=6237) to work on /home/airflow/.local/lib/python3.8/site-packages/airflow/example_dags/example_datasets.py
[2026-08-21T12:24:58.263+0000] {processor.py:830} INFO - Processing file /home/airflow/.local/lib/python3.8/site-packages/airflow/example_dags/example_datasets.py for tasks to queue
[2026-08-21T12:24:58.265+0000] {logging_mixin.py:188} INFO - [2026-08-21T12:24:58.265+0000] {dagbag.py:538} INFO - Filling up the DagBag from /home/airflow/.local/lib/python3.8/site-packages/airflow/example_dags/example_datasets.py
[2026-08-21T12:24:58.275+0000] {processor.py:840} INFO - DAG(s) 'dataset_consumes_1_and_2', 'dataset_consumes_1_never_scheduled', 'dataset_consumes_unknown_never_scheduled', 'dataset_produces_1', 'dataset_consumes_1', 'dataset_produces_2' retrieved from /home/airflow/.local/lib/python3.8/site-packages/airflow/example_dags/example_datasets.py
[2026-08-21T12:24:58.308+0000] {logging_mixin.py:188} INFO - [2026-08-21T12:24:58.308+0000] {dag.py:3036} INFO - Sync 6 DAGs
[2026-08-21T12:24:58.329+0000] {logging_mixin.py:188} INFO - [2026-08-21T12:24:58.329+0000] {dag.py:3823} INFO - Setting next_dagrun for dataset_consumes_1 to None, run_after=None
[2026-08-21T12:24:58.333+0000] {logging_mixin.py:188} INFO - [2026-08-21T12:24:58.333+0000] {dag.py:3823} INFO - Setting next_dagrun for dataset_consumes_1_and_2 to None, run_after=None
[2026-08-21T12:24:58.335+0000] {logging_mixin.py:188} INFO - [2026-08-21T12:24:58.335+0000] {dag.py:3823} INFO - Setting next_dagrun for dataset_consumes_1_never_scheduled to None, run_after=None
[2026-08-21T12:24:58.336+0000] {logging_mixin.py:188} INFO - [2026-08-21T12:24:58.336+0000] {dag.py:3823} INFO - Setting next_dagrun for dataset_consumes_unknown_never_scheduled to None, run_after=None
[2026-08-21T12:24:58.339+0000] {logging_mixin.py:188} INFO - [2026-08-21T12:24:58.338+0000] {dag.py:3823} INFO - Setting next_dagrun for dataset_produces_1 to 2026-08-20 00:00:00+00:00, run_after=2026-08-21 00:00:00+00:00
[2026-08-21T12:24:58.340+0000] {logging_mixin.py:188} INFO - [2026-08-21T12:24:58.340+0000] {dag.py:3823} INFO - Setting next_dagrun for dataset_produces_2 to None, run_after=None
[2026-08-21T12:24:58.411+0000] {processor.py:183} INFO - Processing /home/airflow/.local/lib/python3.8/site-packages/airflow/example_dags/example_datasets.py took 0.153 seconds
[2026-08-21T12:25:29.501+0000] {processor.py:161} INFO - Started process (PID=6324) to work on /home/airflow/.local/lib/python3.8/site-packages/airflow/example_dags/example_datasets.py
[2026-08-21T12:25:29.504+0000] {processor.py:830} INFO - Processing file /home/airflow/.local/lib/python3.8/site-packages/airflow/example_dags/example_datasets.py for tasks to queue
[2026-08-21T12:25:29.508+0000] {logging_mixin.py:188} INFO - [2026-08-21T12:25:29.507+0000] {dagbag.py:538} INFO - Filling up the DagBag from /home/airflow/.local/lib/python3.8/site-packages/airflow/example_dags/example_datasets.py
[2026-08-21T12:25:29.521+0000] {processor.py:840} INFO - DAG(s) 'dataset_consumes_1_never_scheduled', 'dataset_produces_2', 'dataset_consumes_1', 'dataset_produces_1', 'dataset_consumes_1_and_2', 'dataset_consumes_unknown_never_scheduled' retrieved from /home/airflow/.local/lib/python3.8/site-packages/airflow/example_dags/example_datasets.py
[2026-08-21T12:25:29.562+0000] {logging_mixin.py:188} INFO - [2026-08-21T12:25:29.562+0000] {dag.py:3036} INFO - Sync 6 DAGs
[2026-08-21T12:25:29.589+0000] {logging_mixin.py:188} INFO - [2026-08-21T12:25:29.589+0000] {dag.py:3823} INFO - Setting next_dagrun for dataset_consumes_1 to None, run_after=None
[2026-08-21T12:25:29.595+0000] {logging_mixin.py:188} INFO - [2026-08-21T12:25:29.594+0000] {dag.py:3823} INFO - Setting next_dagrun for dataset_consumes_1_and_2 to None, run_after=None
[2026-08-21T12:25:29.597+0000] {logging_mixin.py:188} INFO - [2026-08-21T12:25:29.597+0000] {dag.py:3823} INFO - Setting next_dagrun for dataset_consumes_1_never_scheduled to None, run_after=None
[2026-08-21T12:25:29.599+0000] {logging_mixin.py:188} INFO - [2026-08-21T12:25:29.599+0000] {dag.py:3823} INFO - Setting next_dagrun for dataset_consumes_unknown_never_scheduled to None, run_after=None
[2026-08-21T12:25:29.602+0000] {logging_mixin.py:188} INFO - [2026-08-21T12:25:29.602+0000] {dag.py:3823} INFO - Setting next_dagrun for dataset_produces_1 to 2026-08-20 00:00:00+00:00, run_after=2026-08-21 00:00:00+00:00
[2026-08-21T12:25:29.604+0000] {logging_mixin.py:188} INFO - [2026-08-21T12:25:29.604+0000] {dag.py:3823} INFO - Setting next_dagrun for dataset_produces_2 to None, run_after=None
[2026-08-21T12:25:29.642+0000] {processor.py:183} INFO - Processing /home/airflow/.local/lib/python3.8/site-packages/airflow/example_dags/example_datasets.py took 0.146 seconds
[2026-08-21T12:26:01.891+0000] {processor.py:161} INFO - Started process (PID=6413) to work on /home/airflow/.local/lib/python3.8/site-packages/airflow/example_dags/example_datasets.py
[2026-08-21T12:26:01.892+0000] {processor.py:830} INFO - Processing file /home/airflow/.local/lib/python3.8/site-packages/airflow/example_dags/example_datasets.py for tasks to queue
[2026-08-21T12:26:01.895+0000] {logging_mixin.py:188} INFO - [2026-08-21T12:26:01.895+0000] {dagbag.py:538} INFO - Filling up the DagBag from /home/airflow/.local/lib/python3.8/site-packages/airflow/example_dags/example_datasets.py
[2026-08-21T12:26:01.908+0000] {processor.py:840} INFO - DAG(s) 'dataset_consumes_unknown_never_scheduled', 'dataset_produces_1', 'dataset_produces_2', 'dataset_consumes_1_never_scheduled', 'dataset_consumes_1', 'dataset_consumes_1_and_2' retrieved from /home/airflow/.local/lib/python3.8/site-packages/airflow/example_dags/example_datasets.py
[2026-08-21T12:26:01.970+0000] {logging_mixin.py:188} INFO - [2026-08-21T12:26:01.970+0000] {dag.py:3036} INFO - Sync 6 DAGs
[2026-08-21T12:26:02.201+0000] {logging_mixin.py:188} INFO - [2026-08-21T12:26:02.201+0000] {dag.py:3823} INFO - Setting next_dagrun for dataset_consumes_1 to None, run_after=None
[2026-08-21T12:26:02.206+0000] {logging_mixin.py:188} INFO - [2026-08-21T12:26:02.205+0000] {dag.py:3823} INFO - Setting next_dagrun for dataset_consumes_1_and_2 to None, run_after=None
[2026-08-21T12:26:02.208+0000] {logging_mixin.py:188} INFO - [2026-08-21T12:26:02.208+0000] {dag.py:3823} INFO - Setting next_dagrun for dataset_consumes_1_never_scheduled to None, run_after=None
[2026-08-21T12:26:02.211+0000] {logging_mixin.py:188} INFO - [2026-08-21T12:26:02.210+0000] {dag.py:3823} INFO - Setting next_dagrun for dataset_consumes_unknown_never_scheduled to None, run_after=None
[2026-08-21T12:26:02.214+0000] {logging_mixin.py:188} INFO - [2026-08-21T12:26:02.214+0000] {dag.py:3823} INFO - Setting next_dagrun for dataset_produces_1 to 2026-08-20 00:00:00+00:00, run_after=2026-08-21 00:00:00+00:00
[2026-08-21T12:26:02.216+0000] {logging_mixin.py:188} INFO - [2026-08-21T12:26:02.216+0000] {dag.py:3823} INFO - Setting next_dagrun for dataset_produces_2 to None, run_after=None
[2026-08-21T12:26:02.259+0000] {processor.py:183} INFO - Processing /home/airflow/.local/lib/python3.8/site-packages/airflow/example_dags/example_datasets.py took 0.373 seconds
[2026-08-21T12:26:32.794+0000] {processor.py:161} INFO - Started process (PID=6500) to work on /home/airflow/.local/lib/python3.8/site-packages/airflow/example_dags/example_datasets.py
[2026-08-21T12:26:32.796+0000] {processor.py:830} INFO - Processing file /home/airflow/.local/lib/python3.8/site-packages/airflow/example_dags/example_datasets.py for tasks to queue
[2026-08-21T12:26:32.799+0000] {logging_mixin.py:188} INFO - [2026-08-21T12:26:32.799+0000] {dagbag.py:538} INFO - Filling up the DagBag from /home/airflow/.local/lib/python3.8/site-packages/airflow/example_dags/example_datasets.py
[2026-08-21T12:26:32.812+0000] {processor.py:840} INFO - DAG(s) 'dataset_produces_1', 'dataset_consumes_1_and_2', 'dataset_produces_2', 'dataset_consumes_1_never_scheduled', 'dataset_consumes_unknown_never_scheduled', 'dataset_consumes_1' retrieved from /home/airflow/.local/lib/python3.8/site-packages/airflow/example_dags/example_datasets.py
[2026-08-21T12:26:32.850+0000] {logging_mixin.py:188} INFO - [2026-08-21T12:26:32.850+0000] {dag.py:3036} INFO - Sync 6 DAGs
[2026-08-21T12:26:32.873+0000] {logging_mixin.py:188} INFO - [2026-08-21T12:26:32.873+0000] {dag.py:3823} INFO - Setting next_dagrun for dataset_consumes_1 to None, run_after=None
[2026-08-21T12:26:33.032+0000] {logging_mixin.py:188} INFO - [2026-08-21T12:26:33.032+0000] {dag.py:3823} INFO - Setting next_dagrun for dataset_consumes_1_and_2 to None, run_after=None
[2026-08-21T12:26:33.034+0000] {logging_mixin.py:188} INFO - [2026-08-21T12:26:33.034+0000] {dag.py:3823} INFO - Setting next_dagrun for dataset_consumes_1_never_scheduled to None, run_after=None
[2026-08-21T12:26:33.036+0000] {logging_mixin.py:188} INFO - [2026-08-21T12:26:33.036+0000] {dag.py:3823} INFO - Setting next_dagrun for dataset_consumes_unknown_never_scheduled to None, run_after=None
[2026-08-21T12:26:33.039+0000] {logging_mixin.py:188} INFO - [2026-08-21T12:26:33.039+0000] {dag.py:3823} INFO - Setting next_dagrun for dataset_produces_1 to 2026-08-20 00:00:00+00:00, run_after=2026-08-21 00:00:00+00:00
[2026-08-21T12:26:33.042+0000] {logging_mixin.py:188} INFO - [2026-08-21T12:26:33.041+0000] {dag.py:3823} INFO - Setting next_dagrun for dataset_produces_2 to None, run_after=None
[2026-08-21T12:26:33.071+0000] {processor.py:183} INFO - Processing /home/airflow/.local/lib/python3.8/site-packages/airflow/example_dags/example_datasets.py took 0.282 seconds
[2026-08-21T12:27:03.392+0000] {processor.py:161} INFO - Started process (PID=6591) to work on /home/airflow/.local/lib/python3.8/site-packages/airflow/example_dags/example_datasets.py
[2026-08-21T12:27:03.393+0000] {processor.py:830} INFO - Processing file /home/airflow/.local/lib/python3.8/site-packages/airflow/example_dags/example_datasets.py for tasks to queue
[2026-08-21T12:27:03.396+0000] {logging_mixin.py:188} INFO - [2026-08-21T12:27:03.396+0000] {dagbag.py:538} INFO - Filling up the DagBag from /home/airflow/.local/lib/python3.8/site-packages/airflow/example_dags/example_datasets.py
[2026-08-21T12:27:03.409+0000] {processor.py:840} INFO - DAG(s) 'dataset_produces_1', 'dataset_consumes_unknown_never_scheduled', 'dataset_consumes_1', 'dataset_consumes_1_never_scheduled', 'dataset_consumes_1_and_2', 'dataset_produces_2' retrieved from /home/airflow/.local/lib/python3.8/site-packages/airflow/example_dags/example_datasets.py
[2026-08-21T12:27:03.459+0000] {logging_mixin.py:188} INFO - [2026-08-21T12:27:03.459+0000] {dag.py:3036} INFO - Sync 6 DAGs
[2026-08-21T12:27:03.494+0000] {logging_mixin.py:188} INFO - [2026-08-21T12:27:03.493+0000] {dag.py:3823} INFO - Setting next_dagrun for dataset_consumes_1 to None, run_after=None
[2026-08-21T12:27:03.499+0000] {logging_mixin.py:188} INFO - [2026-08-21T12:27:03.499+0000] {dag.py:3823} INFO - Setting next_dagrun for dataset_consumes_1_and_2 to None, run_after=None
[2026-08-21T12:27:03.502+0000] {logging_mixin.py:188} INFO - [2026-08-21T12:27:03.502+0000] {dag.py:3823} INFO - Setting next_dagrun for dataset_consumes_1_never_scheduled to None, run_after=None
[2026-08-21T12:27:03.506+0000] {logging_mixin.py:188} INFO - [2026-08-21T12:27:03.505+0000] {dag.py:3823} INFO - Setting next_dagrun for dataset_consumes_unknown_never_scheduled to None, run_after=None
[2026-08-21T12:27:03.511+0000] {logging_mixin.py:188} INFO - [2026-08-21T12:27:03.511+0000] {dag.py:3823} INFO - Setting next_dagrun for dataset_produces_1 to 2026-08-20 00:00:00+00:00, run_after=2026-08-21 00:00:00+00:00
[2026-08-21T12:27:03.513+0000] {logging_mixin.py:188} INFO - [2026-08-21T12:27:03.513+0000] {dag.py:3823} INFO - Setting next_dagrun for dataset_produces_2 to None, run_after=None
[2026-08-21T12:27:03.566+0000] {processor.py:183} INFO - Processing /home/airflow/.local/lib/python3.8/site-packages/airflow/example_dags/example_datasets.py took 0.180 seconds
[2026-08-21T12:27:34.026+0000] {processor.py:161} INFO - Started process (PID=6678) to work on /home/airflow/.local/lib/python3.8/site-packages/airflow/example_dags/example_datasets.py
[2026-08-21T12:27:34.027+0000] {processor.py:830} INFO - Processing file /home/airflow/.local/lib/python3.8/site-packages/airflow/example_dags/example_datasets.py for tasks to queue
[2026-08-21T12:27:34.030+0000] {logging_mixin.py:188} INFO - [2026-08-21T12:27:34.029+0000] {dagbag.py:538} INFO - Filling up the DagBag from /home/airflow/.local/lib/python3.8/site-packages/airflow/example_dags/example_datasets.py
[2026-08-21T12:27:34.043+0000] {processor.py:840} INFO - DAG(s) 'dataset_consumes_1_and_2', 'dataset_consumes_1_never_scheduled', 'dataset_consumes_unknown_never_scheduled', 'dataset_consumes_1', 'dataset_produces_2', 'dataset_produces_1' retrieved from /home/airflow/.local/lib/python3.8/site-packages/airflow/example_dags/example_datasets.py
[2026-08-21T12:27:34.084+0000] {logging_mixin.py:188} INFO - [2026-08-21T12:27:34.084+0000] {dag.py:3036} INFO - Sync 6 DAGs
[2026-08-21T12:27:34.110+0000] {logging_mixin.py:188} INFO - [2026-08-21T12:27:34.110+0000] {dag.py:3823} INFO - Setting next_dagrun for dataset_consumes_1 to None, run_after=None
[2026-08-21T12:27:34.114+0000] {logging_mixin.py:188} INFO - [2026-08-21T12:27:34.114+0000] {dag.py:3823} INFO - Setting next_dagrun for dataset_consumes_1_and_2 to None, run_after=None
[2026-08-21T12:27:34.115+0000] {logging_mixin.py:188} INFO - [2026-08-21T12:27:34.115+0000] {dag.py:3823} INFO - Setting next_dagrun for dataset_consumes_1_never_scheduled to None, run_after=None
[2026-08-21T12:27:34.118+0000] {logging_mixin.py:188} INFO - [2026-08-21T12:27:34.118+0000] {dag.py:3823} INFO - Setting next_dagrun for dataset_consumes_unknown_never_scheduled to None, run_after=None
[2026-08-21T12:27:34.122+0000] {logging_mixin.py:188} INFO - [2026-08-21T12:27:34.122+0000] {dag.py:3823} INFO - Setting next_dagrun for dataset_produces_1 to 2026-08-20 00:00:00+00:00, run_after=2026-08-21 00:00:00+00:00
[2026-08-21T12:27:34.126+0000] {logging_mixin.py:188} INFO - [2026-08-21T12:27:34.126+0000] {dag.py:3823} INFO - Setting next_dagrun for dataset_produces_2 to None, run_after=None
[2026-08-21T12:27:34.165+0000] {processor.py:183} INFO - Processing /home/airflow/.local/lib/python3.8/site-packages/airflow/example_dags/example_datasets.py took 0.147 seconds
[2026-08-21T12:28:04.975+0000] {processor.py:161} INFO - Started process (PID=6766) to work on /home/airflow/.local/lib/python3.8/site-packages/airflow/example_dags/example_datasets.py
[2026-08-21T12:28:04.976+0000] {processor.py:830} INFO - Processing file /home/airflow/.local/lib/python3.8/site-packages/airflow/example_dags/example_datasets.py for tasks to queue
[2026-08-21T12:28:04.979+0000] {logging_mixin.py:188} INFO - [2026-08-21T12:28:04.978+0000] {dagbag.py:538} INFO - Filling up the DagBag from /home/airflow/.local/lib/python3.8/site-packages/airflow/example_dags/example_datasets.py
[2026-08-21T12:28:04.988+0000] {processor.py:840} INFO - DAG(s) 'dataset_consumes_unknown_never_scheduled', 'dataset_produces_1', 'dataset_consumes_1_never_scheduled', 'dataset_consumes_1', 'dataset_produces_2', 'dataset_consumes_1_and_2' retrieved from /home/airflow/.local/lib/python3.8/site-packages/airflow/example_dags/example_datasets.py
[2026-08-21T12:28:05.027+0000] {logging_mixin.py:188} INFO - [2026-08-21T12:28:05.027+0000] {dag.py:3036} INFO - Sync 6 DAGs
[2026-08-21T12:28:05.052+0000] {logging_mixin.py:188} INFO - [2026-08-21T12:28:05.052+0000] {dag.py:3823} INFO - Setting next_dagrun for dataset_consumes_1 to None, run_after=None
[2026-08-21T12:28:05.056+0000] {logging_mixin.py:188} INFO - [2026-08-21T12:28:05.056+0000] {dag.py:3823} INFO - Setting next_dagrun for dataset_consumes_1_and_2 to None, run_after=None
[2026-08-21T12:28:05.057+0000] {logging_mixin.py:188} INFO - [2026-08-21T12:28:05.057+0000] {dag.py:3823} INFO - Setting next_dagrun for dataset_consumes_1_never_scheduled to None, run_after=None
[2026-08-21T12:28:05.059+0000] {logging_mixin.py:188} INFO - [2026-08-21T12:28:05.059+0000] {dag.py:3823} INFO - Setting next_dagrun for dataset_consumes_unknown_never_scheduled to None, run_after=None
[2026-08-21T12:28:05.062+0000] {logging_mixin.py:188} INFO - [2026-08-21T12:28:05.062+0000] {dag.py:3823} INFO - Setting next_dagrun for dataset_produces_1 to 2026-08-20 00:00:00+00:00, run_after=2026-08-21 00:00:00+00:00
[2026-08-21T12:28:05.064+0000] {logging_mixin.py:188} INFO - [2026-08-21T12:28:05.064+0000] {dag.py:3823} INFO - Setting next_dagrun for dataset_produces_2 to None, run_after=None
[2026-08-21T12:28:05.094+0000] {processor.py:183} INFO - Processing /home/airflow/.local/lib/python3.8/site-packages/airflow/example_dags/example_datasets.py took 0.122 seconds
[2026-08-21T12:28:35.302+0000] {processor.py:161} INFO - Started process (PID=6852) to work on /home/airflow/.local/lib/python3.8/site-packages/airflow/example_dags/example_datasets.py
[2026-08-21T12:28:35.303+0000] {processor.py:830} INFO - Processing file /home/airflow/.local/lib/python3.8/site-packages/airflow/example_dags/example_datasets.py for tasks to queue
[2026-08-21T12:28:35.305+0000] {logging_mixin.py:188} INFO - [2026-08-21T12:28:35.305+0000] {dagbag.py:538} INFO - Filling up the DagBag from /home/airflow/.local/lib/python3.8/site-packages/airflow/example_dags/example_datasets.py
[2026-08-21T12:28:35.315+0000] {processor.py:840} INFO - DAG(s) 'dataset_produces_1', 'dataset_consumes_unknown_never_scheduled', 'dataset_consumes_1_never_scheduled', 'dataset_consumes_1', 'dataset_consumes_1_and_2', 'dataset_produces_2' retrieved from /home/airflow/.local/lib/python3.8/site-packages/airflow/example_dags/example_datasets.py
[2026-08-21T12:28:35.356+0000] {logging_mixin.py:188} INFO - [2026-08-21T12:28:35.355+0000] {dag.py:3036} INFO - Sync 6 DAGs
[2026-08-21T12:28:35.380+0000] {logging_mixin.py:188} INFO - [2026-08-21T12:28:35.380+0000] {dag.py:3823} INFO - Setting next_dagrun for dataset_consumes_1 to None, run_after=None
[2026-08-21T12:28:35.384+0000] {logging_mixin.py:188} INFO - [2026-08-21T12:28:35.384+0000] {dag.py:3823} INFO - Setting next_dagrun for dataset_consumes_1_and_2 to None, run_after=None
[2026-08-21T12:28:35.386+0000] {logging_mixin.py:188} INFO - [2026-08-21T12:28:35.385+0000] {dag.py:3823} INFO - Setting next_dagrun for dataset_consumes_1_never_scheduled to None, run_after=None
[2026-08-21T12:28:35.387+0000] {logging_mixin.py:188} INFO - [2026-08-21T12:28:35.387+0000] {dag.py:3823} INFO - Setting next_dagrun for dataset_consumes_unknown_never_scheduled to None, run_after=None
[2026-08-21T12:28:35.390+0000] {logging_mixin.py:188} INFO - [2026-08-21T12:28:35.389+0000] {dag.py:3823} INFO - Setting next_dagrun for dataset_produces_1 to 2026-08-20 00:00:00+00:00, run_after=2026-08-21 00:00:00+00:00
[2026-08-21T12:28:35.391+0000] {logging_mixin.py:188} INFO - [2026-08-21T12:28:35.391+0000] {dag.py:3823} INFO - Setting next_dagrun for dataset_produces_2 to None, run_after=None
[2026-08-21T12:28:35.420+0000] {processor.py:183} INFO - Processing /home/airflow/.local/lib/python3.8/site-packages/airflow/example_dags/example_datasets.py took 0.122 seconds
[2026-08-21T12:29:06.597+0000] {processor.py:161} INFO - Started process (PID=6939) to work on /home/airflow/.local/lib/python3.8/site-packages/airflow/example_dags/example_datasets.py
[2026-08-21T12:29:06.599+0000] {processor.py:830} INFO - Processing file /home/airflow/.local/lib/python3.8/site-packages/airflow/example_dags/example_datasets.py for tasks to queue
[2026-08-21T12:29:06.602+0000] {logging_mixin.py:188} INFO - [2026-08-21T12:29:06.601+0000] {dagbag.py:538} INFO - Filling up the DagBag from /home/airflow/.local/lib/python3.8/site-packages/airflow/example_dags/example_datasets.py
[2026-08-21T12:29:06.614+0000] {processor.py:840} INFO - DAG(s) 'dataset_consumes_unknown_never_scheduled', 'dataset_produces_2', 'dataset_consumes_1_and_2', 'dataset_consumes_1', 'dataset_produces_1', 'dataset_consumes_1_never_scheduled' retrieved from /home/airflow/.local/lib/python3.8/site-packages/airflow/example_dags/example_datasets.py
[2026-08-21T12:29:06.672+0000] {logging_mixin.py:188} INFO - [2026-08-21T12:29:06.671+0000] {dag.py:3036} INFO - Sync 6 DAGs
[2026-08-21T12:29:06.700+0000] {logging_mixin.py:188} INFO - [2026-08-21T12:29:06.699+0000] {dag.py:3823} INFO - Setting next_dagrun for dataset_consumes_1 to None, run_after=None
[2026-08-21T12:29:06.706+0000] {logging_mixin.py:188} INFO - [2026-08-21T12:29:06.706+0000] {dag.py:3823} INFO - Setting next_dagrun for dataset_consumes_1_and_2 to None, run_after=None
[2026-08-21T12:29:06.710+0000] {logging_mixin.py:188} INFO - [2026-08-21T12:29:06.709+0000] {dag.py:3823} INFO - Setting next_dagrun for dataset_consumes_1_never_scheduled to None, run_after=None
[2026-08-21T12:29:06.712+0000] {logging_mixin.py:188} INFO - [2026-08-21T12:29:06.711+0000] {dag.py:3823} INFO - Setting next_dagrun for dataset_consumes_unknown_never_scheduled to None, run_after=None
[2026-08-21T12:29:06.715+0000] {logging_mixin.py:188} INFO - [2026-08-21T12:29:06.715+0000] {dag.py:3823} INFO - Setting next_dagrun for dataset_produces_1 to 2026-08-20 00:00:00+00:00, run_after=2026-08-21 00:00:00+00:00
[2026-08-21T12:29:06.718+0000] {logging_mixin.py:188} INFO - [2026-08-21T12:29:06.717+0000] {dag.py:3823} INFO - Setting next_dagrun for dataset_produces_2 to None, run_after=None
[2026-08-21T12:29:06.755+0000] {processor.py:183} INFO - Processing /home/airflow/.local/lib/python3.8/site-packages/airflow/example_dags/example_datasets.py took 0.162 seconds
[2026-08-21T12:29:37.933+0000] {processor.py:161} INFO - Started process (PID=7026) to work on /home/airflow/.local/lib/python3.8/site-packages/airflow/example_dags/example_datasets.py
[2026-08-21T12:29:37.935+0000] {processor.py:830} INFO - Processing file /home/airflow/.local/lib/python3.8/site-packages/airflow/example_dags/example_datasets.py for tasks to queue
[2026-08-21T12:29:37.938+0000] {logging_mixin.py:188} INFO - [2026-08-21T12:29:37.938+0000] {dagbag.py:538} INFO - Filling up the DagBag from /home/airflow/.local/lib/python3.8/site-packages/airflow/example_dags/example_datasets.py
[2026-08-21T12:29:37.948+0000] {processor.py:840} INFO - DAG(s) 'dataset_produces_2', 'dataset_consumes_1', 'dataset_consumes_unknown_never_scheduled', 'dataset_consumes_1_and_2', 'dataset_consumes_1_never_scheduled', 'dataset_produces_1' retrieved from /home/airflow/.local/lib/python3.8/site-packages/airflow/example_dags/example_datasets.py
[2026-08-21T12:29:37.988+0000] {logging_mixin.py:188} INFO - [2026-08-21T12:29:37.988+0000] {dag.py:3036} INFO - Sync 6 DAGs
[2026-08-21T12:29:38.018+0000] {logging_mixin.py:188} INFO - [2026-08-21T12:29:38.018+0000] {dag.py:3823} INFO - Setting next_dagrun for dataset_consumes_1 to None, run_after=None
[2026-08-21T12:29:38.022+0000] {logging_mixin.py:188} INFO - [2026-08-21T12:29:38.022+0000] {dag.py:3823} INFO - Setting next_dagrun for dataset_consumes_1_and_2 to None, run_after=None
[2026-08-21T12:29:38.024+0000] {logging_mixin.py:188} INFO - [2026-08-21T12:29:38.023+0000] {dag.py:3823} INFO - Setting next_dagrun for dataset_consumes_1_never_scheduled to None, run_after=None
[2026-08-21T12:29:38.025+0000] {logging_mixin.py:188} INFO - [2026-08-21T12:29:38.025+0000] {dag.py:3823} INFO - Setting next_dagrun for dataset_consumes_unknown_never_scheduled to None, run_after=None
[2026-08-21T12:29:38.028+0000] {logging_mixin.py:188} INFO - [2026-08-21T12:29:38.028+0000] {dag.py:3823} INFO - Setting next_dagrun for dataset_produces_1 to 2026-08-20 00:00:00+00:00, run_after=2026-08-21 00:00:00+00:00
[2026-08-21T12:29:38.030+0000] {logging_mixin.py:188} INFO - [2026-08-21T12:29:38.030+0000] {dag.py:3823} INFO - Setting next_dagrun for dataset_produces_2 to None, run_after=None
[2026-08-21T12:29:38.060+0000] {processor.py:183} INFO - Processing /home/airflow/.local/lib/python3.8/site-packages/airflow/example_dags/example_datasets.py took 0.130 seconds
[2026-08-21T12:30:08.992+0000] {processor.py:161} INFO - Started process (PID=7113) to work on /home/airflow/.local/lib/python3.8/site-packages/airflow/example_dags/example_datasets.py
[2026-08-21T12:30:08.993+0000] {processor.py:830} INFO - Processing file /home/airflow/.local/lib/python3.8/site-packages/airflow/example_dags/example_datasets.py for tasks to queue
[2026-08-21T12:30:08.996+0000] {logging_mixin.py:188} INFO - [2026-08-21T12:30:08.995+0000] {dagbag.py:538} INFO - Filling up the DagBag from /home/airflow/.local/lib/python3.8/site-packages/airflow/example_dags/example_datasets.py
[2026-08-21T12:30:09.008+0000] {processor.py:840} INFO - DAG(s) 'dataset_consumes_unknown_never_scheduled', 'dataset_consumes_1_and_2', 'dataset_produces_1', 'dataset_consumes_1', 'dataset_produces_2', 'dataset_consumes_1_never_scheduled' retrieved from /home/airflow/.local/lib/python3.8/site-packages/airflow/example_dags/example_datasets.py
[2026-08-21T12:30:09.045+0000] {logging_mixin.py:188} INFO - [2026-08-21T12:30:09.045+0000] {dag.py:3036} INFO - Sync 6 DAGs
[2026-08-21T12:30:09.069+0000] {logging_mixin.py:188} INFO - [2026-08-21T12:30:09.069+0000] {dag.py:3823} INFO - Setting next_dagrun for dataset_consumes_1 to None, run_after=None
[2026-08-21T12:30:09.073+0000] {logging_mixin.py:188} INFO - [2026-08-21T12:30:09.073+0000] {dag.py:3823} INFO - Setting next_dagrun for dataset_consumes_1_and_2 to None, run_after=None
[2026-08-21T12:30:09.075+0000] {logging_mixin.py:188} INFO - [2026-08-21T12:30:09.075+0000] {dag.py:3823} INFO - Setting next_dagrun for dataset_consumes_1_never_scheduled to None, run_after=None
[2026-08-21T12:30:09.077+0000] {logging_mixin.py:188} INFO - [2026-08-21T12:30:09.076+0000] {dag.py:3823} INFO - Setting next_dagrun for dataset_consumes_unknown_never_scheduled to None, run_after=None
[2026-08-21T12:30:09.080+0000] {logging_mixin.py:188} INFO - [2026-08-21T12:30:09.079+0000] {dag.py:3823} INFO - Setting next_dagrun for dataset_produces_1 to 2026-08-20 00:00:00+00:00, run_after=2026-08-21 00:00:00+00:00
[2026-08-21T12:30:09.081+0000] {logging_mixin.py:188} INFO - [2026-08-21T12:30:09.081+0000] {dag.py:3823} INFO - Setting next_dagrun for dataset_produces_2 to None, run_after=None
[2026-08-21T12:30:09.115+0000] {processor.py:183} INFO - Processing /home/airflow/.local/lib/python3.8/site-packages/airflow/example_dags/example_datasets.py took 0.127 seconds
[2026-08-21T12:30:39.610+0000] {processor.py:161} INFO - Started process (PID=7200) to work on /home/airflow/.local/lib/python3.8/site-packages/airflow/example_dags/example_datasets.py
[2026-08-21T12:30:39.612+0000] {processor.py:830} INFO - Processing file /home/airflow/.local/lib/python3.8/site-packages/airflow/example_dags/example_datasets.py for tasks to queue
[2026-08-21T12:30:39.617+0000] {logging_mixin.py:188} INFO - [2026-08-21T12:30:39.616+0000] {dagbag.py:538} INFO - Filling up the DagBag from /home/airflow/.local/lib/python3.8/site-packages/airflow/example_dags/example_datasets.py
[2026-08-21T12:30:39.636+0000] {processor.py:840} INFO - DAG(s) 'dataset_consumes_1_never_scheduled', 'dataset_consumes_unknown_never_scheduled', 'dataset_consumes_1_and_2', 'dataset_produces_1', 'dataset_consumes_1', 'dataset_produces_2' retrieved from /home/airflow/.local/lib/python3.8/site-packages/airflow/example_dags/example_datasets.py
[2026-08-21T12:30:39.695+0000] {logging_mixin.py:188} INFO - [2026-08-21T12:30:39.694+0000] {dag.py:3036} INFO - Sync 6 DAGs
[2026-08-21T12:30:39.717+0000] {logging_mixin.py:188} INFO - [2026-08-21T12:30:39.717+0000] {dag.py:3823} INFO - Setting next_dagrun for dataset_consumes_1 to None, run_after=None
[2026-08-21T12:30:39.722+0000] {logging_mixin.py:188} INFO - [2026-08-21T12:30:39.722+0000] {dag.py:3823} INFO - Setting next_dagrun for dataset_consumes_1_and_2 to None, run_after=None
[2026-08-21T12:30:39.724+0000] {logging_mixin.py:188} INFO - [2026-08-21T12:30:39.724+0000] {dag.py:3823} INFO - Setting next_dagrun for dataset_consumes_1_never_scheduled to None, run_after=None
[2026-08-21T12:30:39.726+0000] {logging_mixin.py:188} INFO - [2026-08-21T12:30:39.726+0000] {dag.py:3823} INFO - Setting next_dagrun for dataset_consumes_unknown_never_scheduled to None, run_after=None
[2026-08-21T12:30:39.729+0000] {logging_mixin.py:188} INFO - [2026-08-21T12:30:39.729+0000] {dag.py:3823} INFO - Setting next_dagrun for dataset_produces_1 to 2026-08-20 00:00:00+00:00, run_after=2026-08-21 00:00:00+00:00
[2026-08-21T12:30:39.731+0000] {logging_mixin.py:188} INFO - [2026-08-21T12:30:39.731+0000] {dag.py:3823} INFO - Setting next_dagrun for dataset_produces_2 to None, run_after=None
[2026-08-21T12:30:39.766+0000] {processor.py:183} INFO - Processing /home/airflow/.local/lib/python3.8/site-packages/airflow/example_dags/example_datasets.py took 0.162 seconds
[2026-08-21T12:31:10.126+0000] {processor.py:161} INFO - Started process (PID=7288) to work on /home/airflow/.local/lib/python3.8/site-packages/airflow/example_dags/example_datasets.py
[2026-08-21T12:31:10.128+0000] {processor.py:830} INFO - Processing file /home/airflow/.local/lib/python3.8/site-packages/airflow/example_dags/example_datasets.py for tasks to queue
[2026-08-21T12:31:10.132+0000] {logging_mixin.py:188} INFO - [2026-08-21T12:31:10.131+0000] {dagbag.py:538} INFO - Filling up the DagBag from /home/airflow/.local/lib/python3.8/site-packages/airflow/example_dags/example_datasets.py
[2026-08-21T12:31:10.141+0000] {processor.py:840} INFO - DAG(s) 'dataset_produces_2', 'dataset_consumes_1', 'dataset_consumes_unknown_never_scheduled', 'dataset_produces_1', 'dataset_consumes_1_and_2', 'dataset_consumes_1_never_scheduled' retrieved from /home/airflow/.local/lib/python3.8/site-packages/airflow/example_dags/example_datasets.py
[2026-08-21T12:31:10.177+0000] {logging_mixin.py:188} INFO - [2026-08-21T12:31:10.177+0000] {dag.py:3036} INFO - Sync 6 DAGs
[2026-08-21T12:31:10.198+0000] {logging_mixin.py:188} INFO - [2026-08-21T12:31:10.198+0000] {dag.py:3823} INFO - Setting next_dagrun for dataset_consumes_1 to None, run_after=None
[2026-08-21T12:31:10.203+0000] {logging_mixin.py:188} INFO - [2026-08-21T12:31:10.203+0000] {dag.py:3823} INFO - Setting next_dagrun for dataset_consumes_1_and_2 to None, run_after=None
[2026-08-21T12:31:10.205+0000] {logging_mixin.py:188} INFO - [2026-08-21T12:31:10.205+0000] {dag.py:3823} INFO - Setting next_dagrun for dataset_consumes_1_never_scheduled to None, run_after=None
[2026-08-21T12:31:10.206+0000] {logging_mixin.py:188} INFO - [2026-08-21T12:31:10.206+0000] {dag.py:3823} INFO - Setting next_dagrun for dataset_consumes_unknown_never_scheduled to None, run_after=None
[2026-08-21T12:31:10.209+0000] {logging_mixin.py:188} INFO - [2026-08-21T12:31:10.209+0000] {dag.py:3823} INFO - Setting next_dagrun for dataset_produces_1 to 2026-08-20 00:00:00+00:00, run_after=2026-08-21 00:00:00+00:00
[2026-08-21T12:31:10.211+0000] {logging_mixin.py:188} INFO - [2026-08-21T12:31:10.211+0000] {dag.py:3823} INFO - Setting next_dagrun for dataset_produces_2 to None, run_after=None
[2026-08-21T12:31:10.242+0000] {processor.py:183} INFO - Processing /home/airflow/.local/lib/python3.8/site-packages/airflow/example_dags/example_datasets.py took 0.119 seconds
[2026-08-21T12:31:40.867+0000] {processor.py:161} INFO - Started process (PID=7375) to work on /home/airflow/.local/lib/python3.8/site-packages/airflow/example_dags/example_datasets.py
[2026-08-21T12:31:40.868+0000] {processor.py:830} INFO - Processing file /home/airflow/.local/lib/python3.8/site-packages/airflow/example_dags/example_datasets.py for tasks to queue
[2026-08-21T12:31:40.870+0000] {logging_mixin.py:188} INFO - [2026-08-21T12:31:40.870+0000] {dagbag.py:538} INFO - Filling up the DagBag from /home/airflow/.local/lib/python3.8/site-packages/airflow/example_dags/example_datasets.py
[2026-08-21T12:31:40.882+0000] {processor.py:840} INFO - DAG(s) 'dataset_consumes_unknown_never_scheduled', 'dataset_produces_2', 'dataset_produces_1', 'dataset_consumes_1_and_2', 'dataset_consumes_1', 'dataset_consumes_1_never_scheduled' retrieved from /home/airflow/.local/lib/python3.8/site-packages/airflow/example_dags/example_datasets.py
[2026-08-21T12:31:40.919+0000] {logging_mixin.py:188} INFO - [2026-08-21T12:31:40.918+0000] {dag.py:3036} INFO - Sync 6 DAGs
[2026-08-21T12:31:40.942+0000] {logging_mixin.py:188} INFO - [2026-08-21T12:31:40.941+0000] {dag.py:3823} INFO - Setting next_dagrun for dataset_consumes_1 to None, run_after=None
[2026-08-21T12:31:40.945+0000] {logging_mixin.py:188} INFO - [2026-08-21T12:31:40.945+0000] {dag.py:3823} INFO - Setting next_dagrun for dataset_consumes_1_and_2 to None, run_after=None
[2026-08-21T12:31:40.947+0000] {logging_mixin.py:188} INFO - [2026-08-21T12:31:40.947+0000] {dag.py:3823} INFO - Setting next_dagrun for dataset_consumes_1_never_scheduled to None, run_after=None
[2026-08-21T12:31:40.949+0000] {logging_mixin.py:188} INFO - [2026-08-21T12:31:40.948+0000] {dag.py:3823} INFO - Setting next_dagrun for dataset_consumes_unknown_never_scheduled to None, run_after=None
[2026-08-21T12:31:40.951+0000] {logging_mixin.py:188} INFO - [2026-08-21T12:31:40.951+0000] {dag.py:3823} INFO - Setting next_dagrun for dataset_produces_1 to 2026-08-20 00:00:00+00:00, run_after=2026-08-21 00:00:00+00:00
[2026-08-21T12:31:40.953+0000] {logging_mixin.py:188} INFO - [2026-08-21T12:31:40.952+0000] {dag.py:3823} INFO - Setting next_dagrun for dataset_produces_2 to None, run_after=None
[2026-08-21T12:31:40.984+0000] {processor.py:183} INFO - Processing /home/airflow/.local/lib/python3.8/site-packages/airflow/example_dags/example_datasets.py took 0.121 seconds
