[2026-08-21T11:42:47.348+0000] {processor.py:161} INFO - Started process (PID=170) to work on /home/airflow/.local/lib/python3.8/site-packages/airflow/example_dags/example_time_delta_sensor_async.py
[2026-08-21T11:42:47.350+0000] {processor.py:830} INFO - Processing file /home/airflow/.local/lib/python3.8/site-packages/airflow/example_dags/example_time_delta_sensor_async.py for tasks to queue
[2026-08-21T11:42:47.363+0000] {logging_mixin.py:188} INFO - [2026-08-21T11:42:47.363+0000] {dagbag.py:538} INFO - Filling up the DagBag from /home/airflow/.local/lib/python3.8/site-packages/airflow/example_dags/example_time_delta_sensor_async.py
[2026-08-21T11:42:47.387+0000] {processor.py:840} INFO - DAG(s) 'example_time_delta_sensor_async' retrieved from /home/airflow/.local/lib/python3.8/site-packages/airflow/example_dags/example_time_delta_sensor_async.py
[2026-08-21T11:42:48.292+0000] {logging_mixin.py:188} INFO - [2026-08-21T11:42:48.292+0000] {dag.py:3036} INFO - Sync 1 DAGs
[2026-08-21T11:42:48.457+0000] {logging_mixin.py:188} INFO - [2026-08-21T11:42:48.457+0000] {dag.py:3823} INFO - Setting next_dagrun for example_time_delta_sensor_async to None, run_after=None
[2026-08-21T11:42:48.618+0000] {processor.py:183} INFO - Processing /home/airflow/.local/lib/python3.8/site-packages/airflow/example_dags/example_time_delta_sensor_async.py took 1.284 seconds
[2026-08-21T11:43:23.780+0000] {processor.py:161} INFO - Started process (PID=119) to work on /home/airflow/.local/lib/python3.8/site-packages/airflow/example_dags/example_time_delta_sensor_async.py
[2026-08-21T11:43:23.783+0000] {processor.py:830} INFO - Processing file /home/airflow/.local/lib/python3.8/site-packages/airflow/example_dags/example_time_delta_sensor_async.py for tasks to queue
[2026-08-21T11:43:23.788+0000] {logging_mixin.py:188} INFO - [2026-08-21T11:43:23.787+0000] {dagbag.py:538} INFO - Filling up the DagBag from /home/airflow/.local/lib/python3.8/site-packages/airflow/example_dags/example_time_delta_sensor_async.py
[2026-08-21T11:43:23.804+0000] {processor.py:840} INFO - DAG(s) 'example_time_delta_sensor_async' retrieved from /home/airflow/.local/lib/python3.8/site-packages/airflow/example_dags/example_time_delta_sensor_async.py
[2026-08-21T11:43:23.848+0000] {logging_mixin.py:188} INFO - [2026-08-21T11:43:23.847+0000] {dag.py:3036} INFO - Sync 1 DAGs
[2026-08-21T11:43:23.876+0000] {logging_mixin.py:188} INFO - [2026-08-21T11:43:23.876+0000] {dag.py:3823} INFO - Setting next_dagrun for example_time_delta_sensor_async to None, run_after=None
[2026-08-21T11:43:23.912+0000] {processor.py:183} INFO - Processing /home/airflow/.local/lib/python3.8/site-packages/airflow/example_dags/example_time_delta_sensor_async.py took 0.139 seconds
[2026-08-21T11:43:54.334+0000] {processor.py:161} INFO - Started process (PID=210) to work on /home/airflow/.local/lib/python3.8/site-packages/airflow/example_dags/example_time_delta_sensor_async.py
[2026-08-21T11:43:54.336+0000] {processor.py:830} INFO - Processing file /home/airflow/.local/lib/python3.8/site-packages/airflow/example_dags/example_time_delta_sensor_async.py for tasks to queue
[2026-08-21T11:43:54.339+0000] {logging_mixin.py:188} INFO - [2026-08-21T11:43:54.339+0000] {dagbag.py:538} INFO - Filling up the DagBag from /home/airflow/.local/lib/python3.8/site-packages/airflow/example_dags/example_time_delta_sensor_async.py
[2026-08-21T11:43:54.347+0000] {processor.py:840} INFO - DAG(s) 'example_time_delta_sensor_async' retrieved from /home/airflow/.local/lib/python3.8/site-packages/airflow/example_dags/example_time_delta_sensor_async.py
[2026-08-21T11:43:54.382+0000] {logging_mixin.py:188} INFO - [2026-08-21T11:43:54.381+0000] {dag.py:3036} INFO - Sync 1 DAGs
[2026-08-21T11:43:54.406+0000] {logging_mixin.py:188} INFO - [2026-08-21T11:43:54.406+0000] {dag.py:3823} INFO - Setting next_dagrun for example_time_delta_sensor_async to None, run_after=None
[2026-08-21T11:43:54.451+0000] {processor.py:183} INFO - Processing /home/airflow/.local/lib/python3.8/site-packages/airflow/example_dags/example_time_delta_sensor_async.py took 0.122 seconds
[2026-08-21T11:44:25.747+0000] {processor.py:161} INFO - Started process (PID=296) to work on /home/airflow/.local/lib/python3.8/site-packages/airflow/example_dags/example_time_delta_sensor_async.py
[2026-08-21T11:44:25.749+0000] {processor.py:830} INFO - Processing file /home/airflow/.local/lib/python3.8/site-packages/airflow/example_dags/example_time_delta_sensor_async.py for tasks to queue
[2026-08-21T11:44:25.751+0000] {logging_mixin.py:188} INFO - [2026-08-21T11:44:25.751+0000] {dagbag.py:538} INFO - Filling up the DagBag from /home/airflow/.local/lib/python3.8/site-packages/airflow/example_dags/example_time_delta_sensor_async.py
[2026-08-21T11:44:25.757+0000] {processor.py:840} INFO - DAG(s) 'example_time_delta_sensor_async' retrieved from /home/airflow/.local/lib/python3.8/site-packages/airflow/example_dags/example_time_delta_sensor_async.py
[2026-08-21T11:44:25.772+0000] {logging_mixin.py:188} INFO - [2026-08-21T11:44:25.772+0000] {dag.py:3036} INFO - Sync 1 DAGs
[2026-08-21T11:44:25.789+0000] {logging_mixin.py:188} INFO - [2026-08-21T11:44:25.788+0000] {dag.py:3823} INFO - Setting next_dagrun for example_time_delta_sensor_async to None, run_after=None
[2026-08-21T11:44:25.815+0000] {processor.py:183} INFO - Processing /home/airflow/.local/lib/python3.8/site-packages/airflow/example_dags/example_time_delta_sensor_async.py took 0.071 seconds
[2026-08-21T11:44:59.616+0000] {processor.py:161} INFO - Started process (PID=391) to work on /home/airflow/.local/lib/python3.8/site-packages/airflow/example_dags/example_time_delta_sensor_async.py
[2026-08-21T11:44:59.619+0000] {processor.py:830} INFO - Processing file /home/airflow/.local/lib/python3.8/site-packages/airflow/example_dags/example_time_delta_sensor_async.py for tasks to queue
[2026-08-21T11:44:59.623+0000] {logging_mixin.py:188} INFO - [2026-08-21T11:44:59.622+0000] {dagbag.py:538} INFO - Filling up the DagBag from /home/airflow/.local/lib/python3.8/site-packages/airflow/example_dags/example_time_delta_sensor_async.py
[2026-08-21T11:44:59.634+0000] {processor.py:840} INFO - DAG(s) 'example_time_delta_sensor_async' retrieved from /home/airflow/.local/lib/python3.8/site-packages/airflow/example_dags/example_time_delta_sensor_async.py
[2026-08-21T11:44:59.680+0000] {logging_mixin.py:188} INFO - [2026-08-21T11:44:59.679+0000] {dag.py:3036} INFO - Sync 1 DAGs
[2026-08-21T11:44:59.720+0000] {logging_mixin.py:188} INFO - [2026-08-21T11:44:59.719+0000] {dag.py:3823} INFO - Setting next_dagrun for example_time_delta_sensor_async to None, run_after=None
[2026-08-21T11:44:59.779+0000] {processor.py:183} INFO - Processing /home/airflow/.local/lib/python3.8/site-packages/airflow/example_dags/example_time_delta_sensor_async.py took 0.171 seconds
[2026-08-21T11:45:31.284+0000] {processor.py:161} INFO - Started process (PID=481) to work on /home/airflow/.local/lib/python3.8/site-packages/airflow/example_dags/example_time_delta_sensor_async.py
[2026-08-21T11:45:31.286+0000] {processor.py:830} INFO - Processing file /home/airflow/.local/lib/python3.8/site-packages/airflow/example_dags/example_time_delta_sensor_async.py for tasks to queue
[2026-08-21T11:45:31.288+0000] {logging_mixin.py:188} INFO - [2026-08-21T11:45:31.288+0000] {dagbag.py:538} INFO - Filling up the DagBag from /home/airflow/.local/lib/python3.8/site-packages/airflow/example_dags/example_time_delta_sensor_async.py
[2026-08-21T11:45:31.293+0000] {processor.py:840} INFO - DAG(s) 'example_time_delta_sensor_async' retrieved from /home/airflow/.local/lib/python3.8/site-packages/airflow/example_dags/example_time_delta_sensor_async.py
[2026-08-21T11:45:31.385+0000] {logging_mixin.py:188} INFO - [2026-08-21T11:45:31.384+0000] {dag.py:3036} INFO - Sync 1 DAGs
[2026-08-21T11:45:31.393+0000] {logging_mixin.py:188} INFO - [2026-08-21T11:45:31.393+0000] {dag.py:3823} INFO - Setting next_dagrun for example_time_delta_sensor_async to None, run_after=None
[2026-08-21T11:45:31.618+0000] {processor.py:183} INFO - Processing /home/airflow/.local/lib/python3.8/site-packages/airflow/example_dags/example_time_delta_sensor_async.py took 0.337 seconds
[2026-08-21T11:46:02.628+0000] {processor.py:161} INFO - Started process (PID=567) to work on /home/airflow/.local/lib/python3.8/site-packages/airflow/example_dags/example_time_delta_sensor_async.py
[2026-08-21T11:46:02.630+0000] {processor.py:830} INFO - Processing file /home/airflow/.local/lib/python3.8/site-packages/airflow/example_dags/example_time_delta_sensor_async.py for tasks to queue
[2026-08-21T11:46:02.632+0000] {logging_mixin.py:188} INFO - [2026-08-21T11:46:02.632+0000] {dagbag.py:538} INFO - Filling up the DagBag from /home/airflow/.local/lib/python3.8/site-packages/airflow/example_dags/example_time_delta_sensor_async.py
[2026-08-21T11:46:02.637+0000] {processor.py:840} INFO - DAG(s) 'example_time_delta_sensor_async' retrieved from /home/airflow/.local/lib/python3.8/site-packages/airflow/example_dags/example_time_delta_sensor_async.py
[2026-08-21T11:46:02.650+0000] {logging_mixin.py:188} INFO - [2026-08-21T11:46:02.650+0000] {dag.py:3036} INFO - Sync 1 DAGs
[2026-08-21T11:46:02.664+0000] {logging_mixin.py:188} INFO - [2026-08-21T11:46:02.663+0000] {dag.py:3823} INFO - Setting next_dagrun for example_time_delta_sensor_async to None, run_after=None
[2026-08-21T11:46:02.721+0000] {processor.py:183} INFO - Processing /home/airflow/.local/lib/python3.8/site-packages/airflow/example_dags/example_time_delta_sensor_async.py took 0.096 seconds
[2026-08-21T11:46:32.865+0000] {processor.py:161} INFO - Started process (PID=658) to work on /home/airflow/.local/lib/python3.8/site-packages/airflow/example_dags/example_time_delta_sensor_async.py
[2026-08-21T11:46:32.866+0000] {processor.py:830} INFO - Processing file /home/airflow/.local/lib/python3.8/site-packages/airflow/example_dags/example_time_delta_sensor_async.py for tasks to queue
[2026-08-21T11:46:32.868+0000] {logging_mixin.py:188} INFO - [2026-08-21T11:46:32.868+0000] {dagbag.py:538} INFO - Filling up the DagBag from /home/airflow/.local/lib/python3.8/site-packages/airflow/example_dags/example_time_delta_sensor_async.py
[2026-08-21T11:46:32.874+0000] {processor.py:840} INFO - DAG(s) 'example_time_delta_sensor_async' retrieved from /home/airflow/.local/lib/python3.8/site-packages/airflow/example_dags/example_time_delta_sensor_async.py
[2026-08-21T11:46:32.887+0000] {logging_mixin.py:188} INFO - [2026-08-21T11:46:32.887+0000] {dag.py:3036} INFO - Sync 1 DAGs
[2026-08-21T11:46:32.901+0000] {logging_mixin.py:188} INFO - [2026-08-21T11:46:32.901+0000] {dag.py:3823} INFO - Setting next_dagrun for example_time_delta_sensor_async to None, run_after=None
[2026-08-21T11:46:32.921+0000] {processor.py:183} INFO - Processing /home/airflow/.local/lib/python3.8/site-packages/airflow/example_dags/example_time_delta_sensor_async.py took 0.060 seconds
[2026-08-21T11:47:05.073+0000] {processor.py:161} INFO - Started process (PID=743) to work on /home/airflow/.local/lib/python3.8/site-packages/airflow/example_dags/example_time_delta_sensor_async.py
[2026-08-21T11:47:05.075+0000] {processor.py:830} INFO - Processing file /home/airflow/.local/lib/python3.8/site-packages/airflow/example_dags/example_time_delta_sensor_async.py for tasks to queue
[2026-08-21T11:47:05.077+0000] {logging_mixin.py:188} INFO - [2026-08-21T11:47:05.077+0000] {dagbag.py:538} INFO - Filling up the DagBag from /home/airflow/.local/lib/python3.8/site-packages/airflow/example_dags/example_time_delta_sensor_async.py
[2026-08-21T11:47:05.083+0000] {processor.py:840} INFO - DAG(s) 'example_time_delta_sensor_async' retrieved from /home/airflow/.local/lib/python3.8/site-packages/airflow/example_dags/example_time_delta_sensor_async.py
[2026-08-21T11:47:05.185+0000] {logging_mixin.py:188} INFO - [2026-08-21T11:47:05.185+0000] {dag.py:3036} INFO - Sync 1 DAGs
[2026-08-21T11:47:05.352+0000] {logging_mixin.py:188} INFO - [2026-08-21T11:47:05.351+0000] {dag.py:3823} INFO - Setting next_dagrun for example_time_delta_sensor_async to None, run_after=None
[2026-08-21T11:47:05.379+0000] {processor.py:183} INFO - Processing /home/airflow/.local/lib/python3.8/site-packages/airflow/example_dags/example_time_delta_sensor_async.py took 0.309 seconds
[2026-08-21T11:47:35.697+0000] {processor.py:161} INFO - Started process (PID=829) to work on /home/airflow/.local/lib/python3.8/site-packages/airflow/example_dags/example_time_delta_sensor_async.py
[2026-08-21T11:47:35.699+0000] {processor.py:830} INFO - Processing file /home/airflow/.local/lib/python3.8/site-packages/airflow/example_dags/example_time_delta_sensor_async.py for tasks to queue
[2026-08-21T11:47:35.701+0000] {logging_mixin.py:188} INFO - [2026-08-21T11:47:35.701+0000] {dagbag.py:538} INFO - Filling up the DagBag from /home/airflow/.local/lib/python3.8/site-packages/airflow/example_dags/example_time_delta_sensor_async.py
[2026-08-21T11:47:35.707+0000] {processor.py:840} INFO - DAG(s) 'example_time_delta_sensor_async' retrieved from /home/airflow/.local/lib/python3.8/site-packages/airflow/example_dags/example_time_delta_sensor_async.py
[2026-08-21T11:47:35.730+0000] {logging_mixin.py:188} INFO - [2026-08-21T11:47:35.729+0000] {dag.py:3036} INFO - Sync 1 DAGs
[2026-08-21T11:47:35.741+0000] {logging_mixin.py:188} INFO - [2026-08-21T11:47:35.740+0000] {dag.py:3823} INFO - Setting next_dagrun for example_time_delta_sensor_async to None, run_after=None
[2026-08-21T11:47:35.861+0000] {processor.py:183} INFO - Processing /home/airflow/.local/lib/python3.8/site-packages/airflow/example_dags/example_time_delta_sensor_async.py took 0.167 seconds
[2026-08-21T11:48:05.910+0000] {processor.py:161} INFO - Started process (PID=916) to work on /home/airflow/.local/lib/python3.8/site-packages/airflow/example_dags/example_time_delta_sensor_async.py
[2026-08-21T11:48:05.912+0000] {processor.py:830} INFO - Processing file /home/airflow/.local/lib/python3.8/site-packages/airflow/example_dags/example_time_delta_sensor_async.py for tasks to queue
[2026-08-21T11:48:05.914+0000] {logging_mixin.py:188} INFO - [2026-08-21T11:48:05.914+0000] {dagbag.py:538} INFO - Filling up the DagBag from /home/airflow/.local/lib/python3.8/site-packages/airflow/example_dags/example_time_delta_sensor_async.py
[2026-08-21T11:48:05.920+0000] {processor.py:840} INFO - DAG(s) 'example_time_delta_sensor_async' retrieved from /home/airflow/.local/lib/python3.8/site-packages/airflow/example_dags/example_time_delta_sensor_async.py
[2026-08-21T11:48:05.943+0000] {logging_mixin.py:188} INFO - [2026-08-21T11:48:05.943+0000] {dag.py:3036} INFO - Sync 1 DAGs
[2026-08-21T11:48:05.957+0000] {logging_mixin.py:188} INFO - [2026-08-21T11:48:05.957+0000] {dag.py:3823} INFO - Setting next_dagrun for example_time_delta_sensor_async to None, run_after=None
[2026-08-21T11:48:06.008+0000] {processor.py:183} INFO - Processing /home/airflow/.local/lib/python3.8/site-packages/airflow/example_dags/example_time_delta_sensor_async.py took 0.101 seconds
[2026-08-21T11:48:45.739+0000] {processor.py:161} INFO - Started process (PID=93) to work on /home/airflow/.local/lib/python3.8/site-packages/airflow/example_dags/example_time_delta_sensor_async.py
[2026-08-21T11:48:45.741+0000] {processor.py:830} INFO - Processing file /home/airflow/.local/lib/python3.8/site-packages/airflow/example_dags/example_time_delta_sensor_async.py for tasks to queue
[2026-08-21T11:48:45.745+0000] {logging_mixin.py:188} INFO - [2026-08-21T11:48:45.743+0000] {dagbag.py:538} INFO - Filling up the DagBag from /home/airflow/.local/lib/python3.8/site-packages/airflow/example_dags/example_time_delta_sensor_async.py
[2026-08-21T11:48:45.756+0000] {processor.py:840} INFO - DAG(s) 'example_time_delta_sensor_async' retrieved from /home/airflow/.local/lib/python3.8/site-packages/airflow/example_dags/example_time_delta_sensor_async.py
[2026-08-21T11:48:45.784+0000] {logging_mixin.py:188} INFO - [2026-08-21T11:48:45.784+0000] {dag.py:3036} INFO - Sync 1 DAGs
[2026-08-21T11:48:45.802+0000] {logging_mixin.py:188} INFO - [2026-08-21T11:48:45.801+0000] {dag.py:3823} INFO - Setting next_dagrun for example_time_delta_sensor_async to None, run_after=None
[2026-08-21T11:48:45.894+0000] {processor.py:183} INFO - Processing /home/airflow/.local/lib/python3.8/site-packages/airflow/example_dags/example_time_delta_sensor_async.py took 0.160 seconds
[2026-08-21T11:49:17.145+0000] {processor.py:161} INFO - Started process (PID=181) to work on /home/airflow/.local/lib/python3.8/site-packages/airflow/example_dags/example_time_delta_sensor_async.py
[2026-08-21T11:49:17.146+0000] {processor.py:830} INFO - Processing file /home/airflow/.local/lib/python3.8/site-packages/airflow/example_dags/example_time_delta_sensor_async.py for tasks to queue
[2026-08-21T11:49:17.148+0000] {logging_mixin.py:188} INFO - [2026-08-21T11:49:17.148+0000] {dagbag.py:538} INFO - Filling up the DagBag from /home/airflow/.local/lib/python3.8/site-packages/airflow/example_dags/example_time_delta_sensor_async.py
[2026-08-21T11:49:17.156+0000] {processor.py:840} INFO - DAG(s) 'example_time_delta_sensor_async' retrieved from /home/airflow/.local/lib/python3.8/site-packages/airflow/example_dags/example_time_delta_sensor_async.py
[2026-08-21T11:49:17.178+0000] {logging_mixin.py:188} INFO - [2026-08-21T11:49:17.178+0000] {dag.py:3036} INFO - Sync 1 DAGs
[2026-08-21T11:49:17.190+0000] {logging_mixin.py:188} INFO - [2026-08-21T11:49:17.190+0000] {dag.py:3823} INFO - Setting next_dagrun for example_time_delta_sensor_async to None, run_after=None
[2026-08-21T11:49:17.374+0000] {processor.py:183} INFO - Processing /home/airflow/.local/lib/python3.8/site-packages/airflow/example_dags/example_time_delta_sensor_async.py took 0.233 seconds
[2026-08-21T11:49:47.821+0000] {processor.py:161} INFO - Started process (PID=270) to work on /home/airflow/.local/lib/python3.8/site-packages/airflow/example_dags/example_time_delta_sensor_async.py
[2026-08-21T11:49:47.822+0000] {processor.py:830} INFO - Processing file /home/airflow/.local/lib/python3.8/site-packages/airflow/example_dags/example_time_delta_sensor_async.py for tasks to queue
[2026-08-21T11:49:47.825+0000] {logging_mixin.py:188} INFO - [2026-08-21T11:49:47.824+0000] {dagbag.py:538} INFO - Filling up the DagBag from /home/airflow/.local/lib/python3.8/site-packages/airflow/example_dags/example_time_delta_sensor_async.py
[2026-08-21T11:49:47.830+0000] {processor.py:840} INFO - DAG(s) 'example_time_delta_sensor_async' retrieved from /home/airflow/.local/lib/python3.8/site-packages/airflow/example_dags/example_time_delta_sensor_async.py
[2026-08-21T11:49:47.850+0000] {logging_mixin.py:188} INFO - [2026-08-21T11:49:47.850+0000] {dag.py:3036} INFO - Sync 1 DAGs
[2026-08-21T11:49:47.861+0000] {logging_mixin.py:188} INFO - [2026-08-21T11:49:47.861+0000] {dag.py:3823} INFO - Setting next_dagrun for example_time_delta_sensor_async to None, run_after=None
[2026-08-21T11:49:47.879+0000] {processor.py:183} INFO - Processing /home/airflow/.local/lib/python3.8/site-packages/airflow/example_dags/example_time_delta_sensor_async.py took 0.062 seconds
[2026-08-21T11:50:18.685+0000] {processor.py:161} INFO - Started process (PID=358) to work on /home/airflow/.local/lib/python3.8/site-packages/airflow/example_dags/example_time_delta_sensor_async.py
[2026-08-21T11:50:18.687+0000] {processor.py:830} INFO - Processing file /home/airflow/.local/lib/python3.8/site-packages/airflow/example_dags/example_time_delta_sensor_async.py for tasks to queue
[2026-08-21T11:50:18.689+0000] {logging_mixin.py:188} INFO - [2026-08-21T11:50:18.688+0000] {dagbag.py:538} INFO - Filling up the DagBag from /home/airflow/.local/lib/python3.8/site-packages/airflow/example_dags/example_time_delta_sensor_async.py
[2026-08-21T11:50:18.694+0000] {processor.py:840} INFO - DAG(s) 'example_time_delta_sensor_async' retrieved from /home/airflow/.local/lib/python3.8/site-packages/airflow/example_dags/example_time_delta_sensor_async.py
[2026-08-21T11:50:18.714+0000] {logging_mixin.py:188} INFO - [2026-08-21T11:50:18.714+0000] {dag.py:3036} INFO - Sync 1 DAGs
[2026-08-21T11:50:18.726+0000] {logging_mixin.py:188} INFO - [2026-08-21T11:50:18.726+0000] {dag.py:3823} INFO - Setting next_dagrun for example_time_delta_sensor_async to None, run_after=None
[2026-08-21T11:50:18.746+0000] {processor.py:183} INFO - Processing /home/airflow/.local/lib/python3.8/site-packages/airflow/example_dags/example_time_delta_sensor_async.py took 0.064 seconds
[2026-08-21T11:50:50.127+0000] {processor.py:161} INFO - Started process (PID=446) to work on /home/airflow/.local/lib/python3.8/site-packages/airflow/example_dags/example_time_delta_sensor_async.py
[2026-08-21T11:50:50.131+0000] {processor.py:830} INFO - Processing file /home/airflow/.local/lib/python3.8/site-packages/airflow/example_dags/example_time_delta_sensor_async.py for tasks to queue
[2026-08-21T11:50:50.136+0000] {logging_mixin.py:188} INFO - [2026-08-21T11:50:50.134+0000] {dagbag.py:538} INFO - Filling up the DagBag from /home/airflow/.local/lib/python3.8/site-packages/airflow/example_dags/example_time_delta_sensor_async.py
[2026-08-21T11:50:50.147+0000] {processor.py:840} INFO - DAG(s) 'example_time_delta_sensor_async' retrieved from /home/airflow/.local/lib/python3.8/site-packages/airflow/example_dags/example_time_delta_sensor_async.py
[2026-08-21T11:50:50.186+0000] {logging_mixin.py:188} INFO - [2026-08-21T11:50:50.185+0000] {dag.py:3036} INFO - Sync 1 DAGs
[2026-08-21T11:50:50.208+0000] {logging_mixin.py:188} INFO - [2026-08-21T11:50:50.208+0000] {dag.py:3823} INFO - Setting next_dagrun for example_time_delta_sensor_async to None, run_after=None
[2026-08-21T11:50:50.258+0000] {processor.py:183} INFO - Processing /home/airflow/.local/lib/python3.8/site-packages/airflow/example_dags/example_time_delta_sensor_async.py took 0.137 seconds
[2026-08-21T11:51:20.444+0000] {processor.py:161} INFO - Started process (PID=534) to work on /home/airflow/.local/lib/python3.8/site-packages/airflow/example_dags/example_time_delta_sensor_async.py
[2026-08-21T11:51:20.446+0000] {processor.py:830} INFO - Processing file /home/airflow/.local/lib/python3.8/site-packages/airflow/example_dags/example_time_delta_sensor_async.py for tasks to queue
[2026-08-21T11:51:20.448+0000] {logging_mixin.py:188} INFO - [2026-08-21T11:51:20.447+0000] {dagbag.py:538} INFO - Filling up the DagBag from /home/airflow/.local/lib/python3.8/site-packages/airflow/example_dags/example_time_delta_sensor_async.py
[2026-08-21T11:51:20.453+0000] {processor.py:840} INFO - DAG(s) 'example_time_delta_sensor_async' retrieved from /home/airflow/.local/lib/python3.8/site-packages/airflow/example_dags/example_time_delta_sensor_async.py
[2026-08-21T11:51:20.478+0000] {logging_mixin.py:188} INFO - [2026-08-21T11:51:20.477+0000] {dag.py:3036} INFO - Sync 1 DAGs
[2026-08-21T11:51:20.489+0000] {logging_mixin.py:188} INFO - [2026-08-21T11:51:20.489+0000] {dag.py:3823} INFO - Setting next_dagrun for example_time_delta_sensor_async to None, run_after=None
[2026-08-21T11:51:20.507+0000] {processor.py:183} INFO - Processing /home/airflow/.local/lib/python3.8/site-packages/airflow/example_dags/example_time_delta_sensor_async.py took 0.068 seconds
[2026-08-21T11:51:51.147+0000] {processor.py:161} INFO - Started process (PID=622) to work on /home/airflow/.local/lib/python3.8/site-packages/airflow/example_dags/example_time_delta_sensor_async.py
[2026-08-21T11:51:51.148+0000] {processor.py:830} INFO - Processing file /home/airflow/.local/lib/python3.8/site-packages/airflow/example_dags/example_time_delta_sensor_async.py for tasks to queue
[2026-08-21T11:51:51.151+0000] {logging_mixin.py:188} INFO - [2026-08-21T11:51:51.150+0000] {dagbag.py:538} INFO - Filling up the DagBag from /home/airflow/.local/lib/python3.8/site-packages/airflow/example_dags/example_time_delta_sensor_async.py
[2026-08-21T11:51:51.156+0000] {processor.py:840} INFO - DAG(s) 'example_time_delta_sensor_async' retrieved from /home/airflow/.local/lib/python3.8/site-packages/airflow/example_dags/example_time_delta_sensor_async.py
[2026-08-21T11:51:51.179+0000] {logging_mixin.py:188} INFO - [2026-08-21T11:51:51.179+0000] {dag.py:3036} INFO - Sync 1 DAGs
[2026-08-21T11:51:51.191+0000] {logging_mixin.py:188} INFO - [2026-08-21T11:51:51.191+0000] {dag.py:3823} INFO - Setting next_dagrun for example_time_delta_sensor_async to None, run_after=None
[2026-08-21T11:51:51.214+0000] {processor.py:183} INFO - Processing /home/airflow/.local/lib/python3.8/site-packages/airflow/example_dags/example_time_delta_sensor_async.py took 0.070 seconds
[2026-08-21T11:52:22.040+0000] {processor.py:161} INFO - Started process (PID=710) to work on /home/airflow/.local/lib/python3.8/site-packages/airflow/example_dags/example_time_delta_sensor_async.py
[2026-08-21T11:52:22.042+0000] {processor.py:830} INFO - Processing file /home/airflow/.local/lib/python3.8/site-packages/airflow/example_dags/example_time_delta_sensor_async.py for tasks to queue
[2026-08-21T11:52:22.044+0000] {logging_mixin.py:188} INFO - [2026-08-21T11:52:22.044+0000] {dagbag.py:538} INFO - Filling up the DagBag from /home/airflow/.local/lib/python3.8/site-packages/airflow/example_dags/example_time_delta_sensor_async.py
[2026-08-21T11:52:22.051+0000] {processor.py:840} INFO - DAG(s) 'example_time_delta_sensor_async' retrieved from /home/airflow/.local/lib/python3.8/site-packages/airflow/example_dags/example_time_delta_sensor_async.py
[2026-08-21T11:52:22.072+0000] {logging_mixin.py:188} INFO - [2026-08-21T11:52:22.072+0000] {dag.py:3036} INFO - Sync 1 DAGs
[2026-08-21T11:52:22.087+0000] {logging_mixin.py:188} INFO - [2026-08-21T11:52:22.087+0000] {dag.py:3823} INFO - Setting next_dagrun for example_time_delta_sensor_async to None, run_after=None
[2026-08-21T11:52:22.107+0000] {processor.py:183} INFO - Processing /home/airflow/.local/lib/python3.8/site-packages/airflow/example_dags/example_time_delta_sensor_async.py took 0.071 seconds
[2026-08-21T11:52:52.525+0000] {processor.py:161} INFO - Started process (PID=798) to work on /home/airflow/.local/lib/python3.8/site-packages/airflow/example_dags/example_time_delta_sensor_async.py
[2026-08-21T11:52:52.526+0000] {processor.py:830} INFO - Processing file /home/airflow/.local/lib/python3.8/site-packages/airflow/example_dags/example_time_delta_sensor_async.py for tasks to queue
[2026-08-21T11:52:52.528+0000] {logging_mixin.py:188} INFO - [2026-08-21T11:52:52.528+0000] {dagbag.py:538} INFO - Filling up the DagBag from /home/airflow/.local/lib/python3.8/site-packages/airflow/example_dags/example_time_delta_sensor_async.py
[2026-08-21T11:52:52.533+0000] {processor.py:840} INFO - DAG(s) 'example_time_delta_sensor_async' retrieved from /home/airflow/.local/lib/python3.8/site-packages/airflow/example_dags/example_time_delta_sensor_async.py
[2026-08-21T11:52:52.553+0000] {logging_mixin.py:188} INFO - [2026-08-21T11:52:52.553+0000] {dag.py:3036} INFO - Sync 1 DAGs
[2026-08-21T11:52:52.565+0000] {logging_mixin.py:188} INFO - [2026-08-21T11:52:52.564+0000] {dag.py:3823} INFO - Setting next_dagrun for example_time_delta_sensor_async to None, run_after=None
[2026-08-21T11:52:52.589+0000] {processor.py:183} INFO - Processing /home/airflow/.local/lib/python3.8/site-packages/airflow/example_dags/example_time_delta_sensor_async.py took 0.067 seconds
[2026-08-21T11:53:23.190+0000] {processor.py:161} INFO - Started process (PID=886) to work on /home/airflow/.local/lib/python3.8/site-packages/airflow/example_dags/example_time_delta_sensor_async.py
[2026-08-21T11:53:23.192+0000] {processor.py:830} INFO - Processing file /home/airflow/.local/lib/python3.8/site-packages/airflow/example_dags/example_time_delta_sensor_async.py for tasks to queue
[2026-08-21T11:53:23.194+0000] {logging_mixin.py:188} INFO - [2026-08-21T11:53:23.193+0000] {dagbag.py:538} INFO - Filling up the DagBag from /home/airflow/.local/lib/python3.8/site-packages/airflow/example_dags/example_time_delta_sensor_async.py
[2026-08-21T11:53:23.199+0000] {processor.py:840} INFO - DAG(s) 'example_time_delta_sensor_async' retrieved from /home/airflow/.local/lib/python3.8/site-packages/airflow/example_dags/example_time_delta_sensor_async.py
[2026-08-21T11:53:23.220+0000] {logging_mixin.py:188} INFO - [2026-08-21T11:53:23.219+0000] {dag.py:3036} INFO - Sync 1 DAGs
[2026-08-21T11:53:23.232+0000] {logging_mixin.py:188} INFO - [2026-08-21T11:53:23.232+0000] {dag.py:3823} INFO - Setting next_dagrun for example_time_delta_sensor_async to None, run_after=None
[2026-08-21T11:53:23.251+0000] {processor.py:183} INFO - Processing /home/airflow/.local/lib/python3.8/site-packages/airflow/example_dags/example_time_delta_sensor_async.py took 0.064 seconds
[2026-08-21T11:53:54.828+0000] {processor.py:161} INFO - Started process (PID=973) to work on /home/airflow/.local/lib/python3.8/site-packages/airflow/example_dags/example_time_delta_sensor_async.py
[2026-08-21T11:53:54.829+0000] {processor.py:830} INFO - Processing file /home/airflow/.local/lib/python3.8/site-packages/airflow/example_dags/example_time_delta_sensor_async.py for tasks to queue
[2026-08-21T11:53:54.832+0000] {logging_mixin.py:188} INFO - [2026-08-21T11:53:54.831+0000] {dagbag.py:538} INFO - Filling up the DagBag from /home/airflow/.local/lib/python3.8/site-packages/airflow/example_dags/example_time_delta_sensor_async.py
[2026-08-21T11:53:54.837+0000] {processor.py:840} INFO - DAG(s) 'example_time_delta_sensor_async' retrieved from /home/airflow/.local/lib/python3.8/site-packages/airflow/example_dags/example_time_delta_sensor_async.py
[2026-08-21T11:53:54.857+0000] {logging_mixin.py:188} INFO - [2026-08-21T11:53:54.857+0000] {dag.py:3036} INFO - Sync 1 DAGs
[2026-08-21T11:53:54.869+0000] {logging_mixin.py:188} INFO - [2026-08-21T11:53:54.868+0000] {dag.py:3823} INFO - Setting next_dagrun for example_time_delta_sensor_async to None, run_after=None
[2026-08-21T11:53:54.890+0000] {processor.py:183} INFO - Processing /home/airflow/.local/lib/python3.8/site-packages/airflow/example_dags/example_time_delta_sensor_async.py took 0.065 seconds
[2026-08-21T11:54:26.163+0000] {processor.py:161} INFO - Started process (PID=1060) to work on /home/airflow/.local/lib/python3.8/site-packages/airflow/example_dags/example_time_delta_sensor_async.py
[2026-08-21T11:54:26.165+0000] {processor.py:830} INFO - Processing file /home/airflow/.local/lib/python3.8/site-packages/airflow/example_dags/example_time_delta_sensor_async.py for tasks to queue
[2026-08-21T11:54:26.168+0000] {logging_mixin.py:188} INFO - [2026-08-21T11:54:26.168+0000] {dagbag.py:538} INFO - Filling up the DagBag from /home/airflow/.local/lib/python3.8/site-packages/airflow/example_dags/example_time_delta_sensor_async.py
[2026-08-21T11:54:26.173+0000] {processor.py:840} INFO - DAG(s) 'example_time_delta_sensor_async' retrieved from /home/airflow/.local/lib/python3.8/site-packages/airflow/example_dags/example_time_delta_sensor_async.py
[2026-08-21T11:54:26.194+0000] {logging_mixin.py:188} INFO - [2026-08-21T11:54:26.193+0000] {dag.py:3036} INFO - Sync 1 DAGs
[2026-08-21T11:54:26.205+0000] {logging_mixin.py:188} INFO - [2026-08-21T11:54:26.205+0000] {dag.py:3823} INFO - Setting next_dagrun for example_time_delta_sensor_async to None, run_after=None
[2026-08-21T11:54:26.224+0000] {processor.py:183} INFO - Processing /home/airflow/.local/lib/python3.8/site-packages/airflow/example_dags/example_time_delta_sensor_async.py took 0.066 seconds
[2026-08-21T11:54:57.247+0000] {processor.py:161} INFO - Started process (PID=1147) to work on /home/airflow/.local/lib/python3.8/site-packages/airflow/example_dags/example_time_delta_sensor_async.py
[2026-08-21T11:54:57.248+0000] {processor.py:830} INFO - Processing file /home/airflow/.local/lib/python3.8/site-packages/airflow/example_dags/example_time_delta_sensor_async.py for tasks to queue
[2026-08-21T11:54:57.251+0000] {logging_mixin.py:188} INFO - [2026-08-21T11:54:57.250+0000] {dagbag.py:538} INFO - Filling up the DagBag from /home/airflow/.local/lib/python3.8/site-packages/airflow/example_dags/example_time_delta_sensor_async.py
[2026-08-21T11:54:57.257+0000] {processor.py:840} INFO - DAG(s) 'example_time_delta_sensor_async' retrieved from /home/airflow/.local/lib/python3.8/site-packages/airflow/example_dags/example_time_delta_sensor_async.py
[2026-08-21T11:54:57.278+0000] {logging_mixin.py:188} INFO - [2026-08-21T11:54:57.278+0000] {dag.py:3036} INFO - Sync 1 DAGs
[2026-08-21T11:54:57.291+0000] {logging_mixin.py:188} INFO - [2026-08-21T11:54:57.290+0000] {dag.py:3823} INFO - Setting next_dagrun for example_time_delta_sensor_async to None, run_after=None
[2026-08-21T11:54:57.314+0000] {processor.py:183} INFO - Processing /home/airflow/.local/lib/python3.8/site-packages/airflow/example_dags/example_time_delta_sensor_async.py took 0.070 seconds
[2026-08-21T11:55:27.917+0000] {processor.py:161} INFO - Started process (PID=1235) to work on /home/airflow/.local/lib/python3.8/site-packages/airflow/example_dags/example_time_delta_sensor_async.py
[2026-08-21T11:55:27.919+0000] {processor.py:830} INFO - Processing file /home/airflow/.local/lib/python3.8/site-packages/airflow/example_dags/example_time_delta_sensor_async.py for tasks to queue
[2026-08-21T11:55:27.922+0000] {logging_mixin.py:188} INFO - [2026-08-21T11:55:27.921+0000] {dagbag.py:538} INFO - Filling up the DagBag from /home/airflow/.local/lib/python3.8/site-packages/airflow/example_dags/example_time_delta_sensor_async.py
[2026-08-21T11:55:27.929+0000] {processor.py:840} INFO - DAG(s) 'example_time_delta_sensor_async' retrieved from /home/airflow/.local/lib/python3.8/site-packages/airflow/example_dags/example_time_delta_sensor_async.py
[2026-08-21T11:55:27.953+0000] {logging_mixin.py:188} INFO - [2026-08-21T11:55:27.952+0000] {dag.py:3036} INFO - Sync 1 DAGs
[2026-08-21T11:55:27.966+0000] {logging_mixin.py:188} INFO - [2026-08-21T11:55:27.965+0000] {dag.py:3823} INFO - Setting next_dagrun for example_time_delta_sensor_async to None, run_after=None
[2026-08-21T11:55:27.985+0000] {processor.py:183} INFO - Processing /home/airflow/.local/lib/python3.8/site-packages/airflow/example_dags/example_time_delta_sensor_async.py took 0.072 seconds
[2026-08-21T11:55:59.102+0000] {processor.py:161} INFO - Started process (PID=1322) to work on /home/airflow/.local/lib/python3.8/site-packages/airflow/example_dags/example_time_delta_sensor_async.py
[2026-08-21T11:55:59.103+0000] {processor.py:830} INFO - Processing file /home/airflow/.local/lib/python3.8/site-packages/airflow/example_dags/example_time_delta_sensor_async.py for tasks to queue
[2026-08-21T11:55:59.105+0000] {logging_mixin.py:188} INFO - [2026-08-21T11:55:59.105+0000] {dagbag.py:538} INFO - Filling up the DagBag from /home/airflow/.local/lib/python3.8/site-packages/airflow/example_dags/example_time_delta_sensor_async.py
[2026-08-21T11:55:59.111+0000] {processor.py:840} INFO - DAG(s) 'example_time_delta_sensor_async' retrieved from /home/airflow/.local/lib/python3.8/site-packages/airflow/example_dags/example_time_delta_sensor_async.py
[2026-08-21T11:55:59.136+0000] {logging_mixin.py:188} INFO - [2026-08-21T11:55:59.135+0000] {dag.py:3036} INFO - Sync 1 DAGs
[2026-08-21T11:55:59.151+0000] {logging_mixin.py:188} INFO - [2026-08-21T11:55:59.151+0000] {dag.py:3823} INFO - Setting next_dagrun for example_time_delta_sensor_async to None, run_after=None
[2026-08-21T11:55:59.172+0000] {processor.py:183} INFO - Processing /home/airflow/.local/lib/python3.8/site-packages/airflow/example_dags/example_time_delta_sensor_async.py took 0.074 seconds
[2026-08-21T11:56:29.544+0000] {processor.py:161} INFO - Started process (PID=1409) to work on /home/airflow/.local/lib/python3.8/site-packages/airflow/example_dags/example_time_delta_sensor_async.py
[2026-08-21T11:56:29.545+0000] {processor.py:830} INFO - Processing file /home/airflow/.local/lib/python3.8/site-packages/airflow/example_dags/example_time_delta_sensor_async.py for tasks to queue
[2026-08-21T11:56:29.547+0000] {logging_mixin.py:188} INFO - [2026-08-21T11:56:29.547+0000] {dagbag.py:538} INFO - Filling up the DagBag from /home/airflow/.local/lib/python3.8/site-packages/airflow/example_dags/example_time_delta_sensor_async.py
[2026-08-21T11:56:29.553+0000] {processor.py:840} INFO - DAG(s) 'example_time_delta_sensor_async' retrieved from /home/airflow/.local/lib/python3.8/site-packages/airflow/example_dags/example_time_delta_sensor_async.py
[2026-08-21T11:56:29.576+0000] {logging_mixin.py:188} INFO - [2026-08-21T11:56:29.576+0000] {dag.py:3036} INFO - Sync 1 DAGs
[2026-08-21T11:56:29.591+0000] {logging_mixin.py:188} INFO - [2026-08-21T11:56:29.590+0000] {dag.py:3823} INFO - Setting next_dagrun for example_time_delta_sensor_async to None, run_after=None
[2026-08-21T11:56:29.619+0000] {processor.py:183} INFO - Processing /home/airflow/.local/lib/python3.8/site-packages/airflow/example_dags/example_time_delta_sensor_async.py took 0.079 seconds
[2026-08-21T11:57:02.404+0000] {processor.py:161} INFO - Started process (PID=1496) to work on /home/airflow/.local/lib/python3.8/site-packages/airflow/example_dags/example_time_delta_sensor_async.py
[2026-08-21T11:57:02.406+0000] {processor.py:830} INFO - Processing file /home/airflow/.local/lib/python3.8/site-packages/airflow/example_dags/example_time_delta_sensor_async.py for tasks to queue
[2026-08-21T11:57:02.408+0000] {logging_mixin.py:188} INFO - [2026-08-21T11:57:02.408+0000] {dagbag.py:538} INFO - Filling up the DagBag from /home/airflow/.local/lib/python3.8/site-packages/airflow/example_dags/example_time_delta_sensor_async.py
[2026-08-21T11:57:02.416+0000] {processor.py:840} INFO - DAG(s) 'example_time_delta_sensor_async' retrieved from /home/airflow/.local/lib/python3.8/site-packages/airflow/example_dags/example_time_delta_sensor_async.py
[2026-08-21T11:57:02.462+0000] {logging_mixin.py:188} INFO - [2026-08-21T11:57:02.459+0000] {dag.py:3036} INFO - Sync 1 DAGs
[2026-08-21T11:57:02.488+0000] {logging_mixin.py:188} INFO - [2026-08-21T11:57:02.487+0000] {dag.py:3823} INFO - Setting next_dagrun for example_time_delta_sensor_async to None, run_after=None
[2026-08-21T11:57:02.513+0000] {processor.py:183} INFO - Processing /home/airflow/.local/lib/python3.8/site-packages/airflow/example_dags/example_time_delta_sensor_async.py took 0.114 seconds
[2026-08-21T11:57:33.717+0000] {processor.py:161} INFO - Started process (PID=1584) to work on /home/airflow/.local/lib/python3.8/site-packages/airflow/example_dags/example_time_delta_sensor_async.py
[2026-08-21T11:57:33.719+0000] {processor.py:830} INFO - Processing file /home/airflow/.local/lib/python3.8/site-packages/airflow/example_dags/example_time_delta_sensor_async.py for tasks to queue
[2026-08-21T11:57:33.724+0000] {logging_mixin.py:188} INFO - [2026-08-21T11:57:33.722+0000] {dagbag.py:538} INFO - Filling up the DagBag from /home/airflow/.local/lib/python3.8/site-packages/airflow/example_dags/example_time_delta_sensor_async.py
[2026-08-21T11:57:33.731+0000] {processor.py:840} INFO - DAG(s) 'example_time_delta_sensor_async' retrieved from /home/airflow/.local/lib/python3.8/site-packages/airflow/example_dags/example_time_delta_sensor_async.py
[2026-08-21T11:57:33.751+0000] {logging_mixin.py:188} INFO - [2026-08-21T11:57:33.751+0000] {dag.py:3036} INFO - Sync 1 DAGs
[2026-08-21T11:57:33.770+0000] {logging_mixin.py:188} INFO - [2026-08-21T11:57:33.769+0000] {dag.py:3823} INFO - Setting next_dagrun for example_time_delta_sensor_async to None, run_after=None
[2026-08-21T11:57:33.861+0000] {processor.py:183} INFO - Processing /home/airflow/.local/lib/python3.8/site-packages/airflow/example_dags/example_time_delta_sensor_async.py took 0.150 seconds
[2026-08-21T11:58:04.482+0000] {processor.py:161} INFO - Started process (PID=1671) to work on /home/airflow/.local/lib/python3.8/site-packages/airflow/example_dags/example_time_delta_sensor_async.py
[2026-08-21T11:58:04.486+0000] {processor.py:830} INFO - Processing file /home/airflow/.local/lib/python3.8/site-packages/airflow/example_dags/example_time_delta_sensor_async.py for tasks to queue
[2026-08-21T11:58:04.489+0000] {logging_mixin.py:188} INFO - [2026-08-21T11:58:04.489+0000] {dagbag.py:538} INFO - Filling up the DagBag from /home/airflow/.local/lib/python3.8/site-packages/airflow/example_dags/example_time_delta_sensor_async.py
[2026-08-21T11:58:04.497+0000] {processor.py:840} INFO - DAG(s) 'example_time_delta_sensor_async' retrieved from /home/airflow/.local/lib/python3.8/site-packages/airflow/example_dags/example_time_delta_sensor_async.py
[2026-08-21T11:58:04.513+0000] {logging_mixin.py:188} INFO - [2026-08-21T11:58:04.512+0000] {dag.py:3036} INFO - Sync 1 DAGs
[2026-08-21T11:58:04.533+0000] {logging_mixin.py:188} INFO - [2026-08-21T11:58:04.533+0000] {dag.py:3823} INFO - Setting next_dagrun for example_time_delta_sensor_async to None, run_after=None
[2026-08-21T11:58:04.568+0000] {processor.py:183} INFO - Processing /home/airflow/.local/lib/python3.8/site-packages/airflow/example_dags/example_time_delta_sensor_async.py took 0.090 seconds
[2026-08-21T11:58:37.296+0000] {processor.py:161} INFO - Started process (PID=1758) to work on /home/airflow/.local/lib/python3.8/site-packages/airflow/example_dags/example_time_delta_sensor_async.py
[2026-08-21T11:58:37.298+0000] {processor.py:830} INFO - Processing file /home/airflow/.local/lib/python3.8/site-packages/airflow/example_dags/example_time_delta_sensor_async.py for tasks to queue
[2026-08-21T11:58:37.302+0000] {logging_mixin.py:188} INFO - [2026-08-21T11:58:37.301+0000] {dagbag.py:538} INFO - Filling up the DagBag from /home/airflow/.local/lib/python3.8/site-packages/airflow/example_dags/example_time_delta_sensor_async.py
[2026-08-21T11:58:37.313+0000] {processor.py:840} INFO - DAG(s) 'example_time_delta_sensor_async' retrieved from /home/airflow/.local/lib/python3.8/site-packages/airflow/example_dags/example_time_delta_sensor_async.py
[2026-08-21T11:58:37.342+0000] {logging_mixin.py:188} INFO - [2026-08-21T11:58:37.342+0000] {dag.py:3036} INFO - Sync 1 DAGs
[2026-08-21T11:58:37.365+0000] {logging_mixin.py:188} INFO - [2026-08-21T11:58:37.365+0000] {dag.py:3823} INFO - Setting next_dagrun for example_time_delta_sensor_async to None, run_after=None
[2026-08-21T11:58:37.394+0000] {processor.py:183} INFO - Processing /home/airflow/.local/lib/python3.8/site-packages/airflow/example_dags/example_time_delta_sensor_async.py took 0.102 seconds
[2026-08-21T11:59:08.296+0000] {processor.py:161} INFO - Started process (PID=1845) to work on /home/airflow/.local/lib/python3.8/site-packages/airflow/example_dags/example_time_delta_sensor_async.py
[2026-08-21T11:59:08.297+0000] {processor.py:830} INFO - Processing file /home/airflow/.local/lib/python3.8/site-packages/airflow/example_dags/example_time_delta_sensor_async.py for tasks to queue
[2026-08-21T11:59:08.300+0000] {logging_mixin.py:188} INFO - [2026-08-21T11:59:08.300+0000] {dagbag.py:538} INFO - Filling up the DagBag from /home/airflow/.local/lib/python3.8/site-packages/airflow/example_dags/example_time_delta_sensor_async.py
[2026-08-21T11:59:08.305+0000] {processor.py:840} INFO - DAG(s) 'example_time_delta_sensor_async' retrieved from /home/airflow/.local/lib/python3.8/site-packages/airflow/example_dags/example_time_delta_sensor_async.py
[2026-08-21T11:59:08.406+0000] {logging_mixin.py:188} INFO - [2026-08-21T11:59:08.406+0000] {dag.py:3036} INFO - Sync 1 DAGs
[2026-08-21T11:59:08.417+0000] {logging_mixin.py:188} INFO - [2026-08-21T11:59:08.416+0000] {dag.py:3823} INFO - Setting next_dagrun for example_time_delta_sensor_async to None, run_after=None
[2026-08-21T11:59:08.436+0000] {processor.py:183} INFO - Processing /home/airflow/.local/lib/python3.8/site-packages/airflow/example_dags/example_time_delta_sensor_async.py took 0.144 seconds
[2026-08-21T11:59:38.904+0000] {processor.py:161} INFO - Started process (PID=1932) to work on /home/airflow/.local/lib/python3.8/site-packages/airflow/example_dags/example_time_delta_sensor_async.py
[2026-08-21T11:59:38.905+0000] {processor.py:830} INFO - Processing file /home/airflow/.local/lib/python3.8/site-packages/airflow/example_dags/example_time_delta_sensor_async.py for tasks to queue
[2026-08-21T11:59:38.907+0000] {logging_mixin.py:188} INFO - [2026-08-21T11:59:38.907+0000] {dagbag.py:538} INFO - Filling up the DagBag from /home/airflow/.local/lib/python3.8/site-packages/airflow/example_dags/example_time_delta_sensor_async.py
[2026-08-21T11:59:38.913+0000] {processor.py:840} INFO - DAG(s) 'example_time_delta_sensor_async' retrieved from /home/airflow/.local/lib/python3.8/site-packages/airflow/example_dags/example_time_delta_sensor_async.py
[2026-08-21T11:59:38.935+0000] {logging_mixin.py:188} INFO - [2026-08-21T11:59:38.935+0000] {dag.py:3036} INFO - Sync 1 DAGs
[2026-08-21T11:59:38.949+0000] {logging_mixin.py:188} INFO - [2026-08-21T11:59:38.949+0000] {dag.py:3823} INFO - Setting next_dagrun for example_time_delta_sensor_async to None, run_after=None
[2026-08-21T11:59:38.977+0000] {processor.py:183} INFO - Processing /home/airflow/.local/lib/python3.8/site-packages/airflow/example_dags/example_time_delta_sensor_async.py took 0.077 seconds
[2026-08-21T12:00:09.433+0000] {processor.py:161} INFO - Started process (PID=2020) to work on /home/airflow/.local/lib/python3.8/site-packages/airflow/example_dags/example_time_delta_sensor_async.py
[2026-08-21T12:00:09.434+0000] {processor.py:830} INFO - Processing file /home/airflow/.local/lib/python3.8/site-packages/airflow/example_dags/example_time_delta_sensor_async.py for tasks to queue
[2026-08-21T12:00:09.436+0000] {logging_mixin.py:188} INFO - [2026-08-21T12:00:09.436+0000] {dagbag.py:538} INFO - Filling up the DagBag from /home/airflow/.local/lib/python3.8/site-packages/airflow/example_dags/example_time_delta_sensor_async.py
[2026-08-21T12:00:09.441+0000] {processor.py:840} INFO - DAG(s) 'example_time_delta_sensor_async' retrieved from /home/airflow/.local/lib/python3.8/site-packages/airflow/example_dags/example_time_delta_sensor_async.py
[2026-08-21T12:00:09.462+0000] {logging_mixin.py:188} INFO - [2026-08-21T12:00:09.462+0000] {dag.py:3036} INFO - Sync 1 DAGs
[2026-08-21T12:00:09.473+0000] {logging_mixin.py:188} INFO - [2026-08-21T12:00:09.473+0000] {dag.py:3823} INFO - Setting next_dagrun for example_time_delta_sensor_async to None, run_after=None
[2026-08-21T12:00:09.493+0000] {processor.py:183} INFO - Processing /home/airflow/.local/lib/python3.8/site-packages/airflow/example_dags/example_time_delta_sensor_async.py took 0.063 seconds
[2026-08-21T12:00:40.048+0000] {processor.py:161} INFO - Started process (PID=2107) to work on /home/airflow/.local/lib/python3.8/site-packages/airflow/example_dags/example_time_delta_sensor_async.py
[2026-08-21T12:00:40.050+0000] {processor.py:830} INFO - Processing file /home/airflow/.local/lib/python3.8/site-packages/airflow/example_dags/example_time_delta_sensor_async.py for tasks to queue
[2026-08-21T12:00:40.055+0000] {logging_mixin.py:188} INFO - [2026-08-21T12:00:40.055+0000] {dagbag.py:538} INFO - Filling up the DagBag from /home/airflow/.local/lib/python3.8/site-packages/airflow/example_dags/example_time_delta_sensor_async.py
[2026-08-21T12:00:40.063+0000] {processor.py:840} INFO - DAG(s) 'example_time_delta_sensor_async' retrieved from /home/airflow/.local/lib/python3.8/site-packages/airflow/example_dags/example_time_delta_sensor_async.py
[2026-08-21T12:00:40.091+0000] {logging_mixin.py:188} INFO - [2026-08-21T12:00:40.091+0000] {dag.py:3036} INFO - Sync 1 DAGs
[2026-08-21T12:00:40.104+0000] {logging_mixin.py:188} INFO - [2026-08-21T12:00:40.103+0000] {dag.py:3823} INFO - Setting next_dagrun for example_time_delta_sensor_async to None, run_after=None
[2026-08-21T12:00:40.123+0000] {processor.py:183} INFO - Processing /home/airflow/.local/lib/python3.8/site-packages/airflow/example_dags/example_time_delta_sensor_async.py took 0.081 seconds
[2026-08-21T12:01:10.913+0000] {processor.py:161} INFO - Started process (PID=2194) to work on /home/airflow/.local/lib/python3.8/site-packages/airflow/example_dags/example_time_delta_sensor_async.py
[2026-08-21T12:01:10.915+0000] {processor.py:830} INFO - Processing file /home/airflow/.local/lib/python3.8/site-packages/airflow/example_dags/example_time_delta_sensor_async.py for tasks to queue
[2026-08-21T12:01:10.917+0000] {logging_mixin.py:188} INFO - [2026-08-21T12:01:10.917+0000] {dagbag.py:538} INFO - Filling up the DagBag from /home/airflow/.local/lib/python3.8/site-packages/airflow/example_dags/example_time_delta_sensor_async.py
[2026-08-21T12:01:10.923+0000] {processor.py:840} INFO - DAG(s) 'example_time_delta_sensor_async' retrieved from /home/airflow/.local/lib/python3.8/site-packages/airflow/example_dags/example_time_delta_sensor_async.py
[2026-08-21T12:01:10.947+0000] {logging_mixin.py:188} INFO - [2026-08-21T12:01:10.946+0000] {dag.py:3036} INFO - Sync 1 DAGs
[2026-08-21T12:01:10.962+0000] {logging_mixin.py:188} INFO - [2026-08-21T12:01:10.962+0000] {dag.py:3823} INFO - Setting next_dagrun for example_time_delta_sensor_async to None, run_after=None
[2026-08-21T12:01:10.988+0000] {processor.py:183} INFO - Processing /home/airflow/.local/lib/python3.8/site-packages/airflow/example_dags/example_time_delta_sensor_async.py took 0.078 seconds
[2026-08-21T12:01:41.610+0000] {processor.py:161} INFO - Started process (PID=2280) to work on /home/airflow/.local/lib/python3.8/site-packages/airflow/example_dags/example_time_delta_sensor_async.py
[2026-08-21T12:01:41.612+0000] {processor.py:830} INFO - Processing file /home/airflow/.local/lib/python3.8/site-packages/airflow/example_dags/example_time_delta_sensor_async.py for tasks to queue
[2026-08-21T12:01:41.617+0000] {logging_mixin.py:188} INFO - [2026-08-21T12:01:41.616+0000] {dagbag.py:538} INFO - Filling up the DagBag from /home/airflow/.local/lib/python3.8/site-packages/airflow/example_dags/example_time_delta_sensor_async.py
[2026-08-21T12:01:41.626+0000] {processor.py:840} INFO - DAG(s) 'example_time_delta_sensor_async' retrieved from /home/airflow/.local/lib/python3.8/site-packages/airflow/example_dags/example_time_delta_sensor_async.py
[2026-08-21T12:01:41.664+0000] {logging_mixin.py:188} INFO - [2026-08-21T12:01:41.664+0000] {dag.py:3036} INFO - Sync 1 DAGs
[2026-08-21T12:01:41.684+0000] {logging_mixin.py:188} INFO - [2026-08-21T12:01:41.683+0000] {dag.py:3823} INFO - Setting next_dagrun for example_time_delta_sensor_async to None, run_after=None
[2026-08-21T12:01:41.710+0000] {processor.py:183} INFO - Processing /home/airflow/.local/lib/python3.8/site-packages/airflow/example_dags/example_time_delta_sensor_async.py took 0.108 seconds
[2026-08-21T12:02:11.817+0000] {processor.py:161} INFO - Started process (PID=2366) to work on /home/airflow/.local/lib/python3.8/site-packages/airflow/example_dags/example_time_delta_sensor_async.py
[2026-08-21T12:02:11.818+0000] {processor.py:830} INFO - Processing file /home/airflow/.local/lib/python3.8/site-packages/airflow/example_dags/example_time_delta_sensor_async.py for tasks to queue
[2026-08-21T12:02:11.821+0000] {logging_mixin.py:188} INFO - [2026-08-21T12:02:11.820+0000] {dagbag.py:538} INFO - Filling up the DagBag from /home/airflow/.local/lib/python3.8/site-packages/airflow/example_dags/example_time_delta_sensor_async.py
[2026-08-21T12:02:11.827+0000] {processor.py:840} INFO - DAG(s) 'example_time_delta_sensor_async' retrieved from /home/airflow/.local/lib/python3.8/site-packages/airflow/example_dags/example_time_delta_sensor_async.py
[2026-08-21T12:02:11.850+0000] {logging_mixin.py:188} INFO - [2026-08-21T12:02:11.850+0000] {dag.py:3036} INFO - Sync 1 DAGs
[2026-08-21T12:02:11.862+0000] {logging_mixin.py:188} INFO - [2026-08-21T12:02:11.862+0000] {dag.py:3823} INFO - Setting next_dagrun for example_time_delta_sensor_async to None, run_after=None
[2026-08-21T12:02:11.883+0000] {processor.py:183} INFO - Processing /home/airflow/.local/lib/python3.8/site-packages/airflow/example_dags/example_time_delta_sensor_async.py took 0.070 seconds
[2026-08-21T12:02:43.085+0000] {processor.py:161} INFO - Started process (PID=2453) to work on /home/airflow/.local/lib/python3.8/site-packages/airflow/example_dags/example_time_delta_sensor_async.py
[2026-08-21T12:02:43.087+0000] {processor.py:830} INFO - Processing file /home/airflow/.local/lib/python3.8/site-packages/airflow/example_dags/example_time_delta_sensor_async.py for tasks to queue
[2026-08-21T12:02:43.089+0000] {logging_mixin.py:188} INFO - [2026-08-21T12:02:43.089+0000] {dagbag.py:538} INFO - Filling up the DagBag from /home/airflow/.local/lib/python3.8/site-packages/airflow/example_dags/example_time_delta_sensor_async.py
[2026-08-21T12:02:43.094+0000] {processor.py:840} INFO - DAG(s) 'example_time_delta_sensor_async' retrieved from /home/airflow/.local/lib/python3.8/site-packages/airflow/example_dags/example_time_delta_sensor_async.py
[2026-08-21T12:02:43.116+0000] {logging_mixin.py:188} INFO - [2026-08-21T12:02:43.115+0000] {dag.py:3036} INFO - Sync 1 DAGs
[2026-08-21T12:02:43.129+0000] {logging_mixin.py:188} INFO - [2026-08-21T12:02:43.129+0000] {dag.py:3823} INFO - Setting next_dagrun for example_time_delta_sensor_async to None, run_after=None
[2026-08-21T12:02:43.149+0000] {processor.py:183} INFO - Processing /home/airflow/.local/lib/python3.8/site-packages/airflow/example_dags/example_time_delta_sensor_async.py took 0.067 seconds
[2026-08-21T12:03:13.983+0000] {processor.py:161} INFO - Started process (PID=2546) to work on /home/airflow/.local/lib/python3.8/site-packages/airflow/example_dags/example_time_delta_sensor_async.py
[2026-08-21T12:03:13.984+0000] {processor.py:830} INFO - Processing file /home/airflow/.local/lib/python3.8/site-packages/airflow/example_dags/example_time_delta_sensor_async.py for tasks to queue
[2026-08-21T12:03:13.987+0000] {logging_mixin.py:188} INFO - [2026-08-21T12:03:13.986+0000] {dagbag.py:538} INFO - Filling up the DagBag from /home/airflow/.local/lib/python3.8/site-packages/airflow/example_dags/example_time_delta_sensor_async.py
[2026-08-21T12:03:13.992+0000] {processor.py:840} INFO - DAG(s) 'example_time_delta_sensor_async' retrieved from /home/airflow/.local/lib/python3.8/site-packages/airflow/example_dags/example_time_delta_sensor_async.py
[2026-08-21T12:03:14.012+0000] {logging_mixin.py:188} INFO - [2026-08-21T12:03:14.012+0000] {dag.py:3036} INFO - Sync 1 DAGs
[2026-08-21T12:03:14.025+0000] {logging_mixin.py:188} INFO - [2026-08-21T12:03:14.024+0000] {dag.py:3823} INFO - Setting next_dagrun for example_time_delta_sensor_async to None, run_after=None
[2026-08-21T12:03:14.044+0000] {processor.py:183} INFO - Processing /home/airflow/.local/lib/python3.8/site-packages/airflow/example_dags/example_time_delta_sensor_async.py took 0.065 seconds
[2026-08-21T12:03:45.096+0000] {processor.py:161} INFO - Started process (PID=2635) to work on /home/airflow/.local/lib/python3.8/site-packages/airflow/example_dags/example_time_delta_sensor_async.py
[2026-08-21T12:03:45.097+0000] {processor.py:830} INFO - Processing file /home/airflow/.local/lib/python3.8/site-packages/airflow/example_dags/example_time_delta_sensor_async.py for tasks to queue
[2026-08-21T12:03:45.099+0000] {logging_mixin.py:188} INFO - [2026-08-21T12:03:45.099+0000] {dagbag.py:538} INFO - Filling up the DagBag from /home/airflow/.local/lib/python3.8/site-packages/airflow/example_dags/example_time_delta_sensor_async.py
[2026-08-21T12:03:45.104+0000] {processor.py:840} INFO - DAG(s) 'example_time_delta_sensor_async' retrieved from /home/airflow/.local/lib/python3.8/site-packages/airflow/example_dags/example_time_delta_sensor_async.py
[2026-08-21T12:03:45.124+0000] {logging_mixin.py:188} INFO - [2026-08-21T12:03:45.124+0000] {dag.py:3036} INFO - Sync 1 DAGs
[2026-08-21T12:03:45.135+0000] {logging_mixin.py:188} INFO - [2026-08-21T12:03:45.135+0000] {dag.py:3823} INFO - Setting next_dagrun for example_time_delta_sensor_async to None, run_after=None
[2026-08-21T12:03:45.154+0000] {processor.py:183} INFO - Processing /home/airflow/.local/lib/python3.8/site-packages/airflow/example_dags/example_time_delta_sensor_async.py took 0.062 seconds
[2026-08-21T12:04:16.455+0000] {processor.py:161} INFO - Started process (PID=2722) to work on /home/airflow/.local/lib/python3.8/site-packages/airflow/example_dags/example_time_delta_sensor_async.py
[2026-08-21T12:04:16.456+0000] {processor.py:830} INFO - Processing file /home/airflow/.local/lib/python3.8/site-packages/airflow/example_dags/example_time_delta_sensor_async.py for tasks to queue
[2026-08-21T12:04:16.459+0000] {logging_mixin.py:188} INFO - [2026-08-21T12:04:16.459+0000] {dagbag.py:538} INFO - Filling up the DagBag from /home/airflow/.local/lib/python3.8/site-packages/airflow/example_dags/example_time_delta_sensor_async.py
[2026-08-21T12:04:16.464+0000] {processor.py:840} INFO - DAG(s) 'example_time_delta_sensor_async' retrieved from /home/airflow/.local/lib/python3.8/site-packages/airflow/example_dags/example_time_delta_sensor_async.py
[2026-08-21T12:04:16.485+0000] {logging_mixin.py:188} INFO - [2026-08-21T12:04:16.485+0000] {dag.py:3036} INFO - Sync 1 DAGs
[2026-08-21T12:04:16.497+0000] {logging_mixin.py:188} INFO - [2026-08-21T12:04:16.496+0000] {dag.py:3823} INFO - Setting next_dagrun for example_time_delta_sensor_async to None, run_after=None
[2026-08-21T12:04:16.515+0000] {processor.py:183} INFO - Processing /home/airflow/.local/lib/python3.8/site-packages/airflow/example_dags/example_time_delta_sensor_async.py took 0.064 seconds
[2026-08-21T12:04:47.094+0000] {processor.py:161} INFO - Started process (PID=2808) to work on /home/airflow/.local/lib/python3.8/site-packages/airflow/example_dags/example_time_delta_sensor_async.py
[2026-08-21T12:04:47.095+0000] {processor.py:830} INFO - Processing file /home/airflow/.local/lib/python3.8/site-packages/airflow/example_dags/example_time_delta_sensor_async.py for tasks to queue
[2026-08-21T12:04:47.097+0000] {logging_mixin.py:188} INFO - [2026-08-21T12:04:47.097+0000] {dagbag.py:538} INFO - Filling up the DagBag from /home/airflow/.local/lib/python3.8/site-packages/airflow/example_dags/example_time_delta_sensor_async.py
[2026-08-21T12:04:47.103+0000] {processor.py:840} INFO - DAG(s) 'example_time_delta_sensor_async' retrieved from /home/airflow/.local/lib/python3.8/site-packages/airflow/example_dags/example_time_delta_sensor_async.py
[2026-08-21T12:04:47.129+0000] {logging_mixin.py:188} INFO - [2026-08-21T12:04:47.129+0000] {dag.py:3036} INFO - Sync 1 DAGs
[2026-08-21T12:04:47.141+0000] {logging_mixin.py:188} INFO - [2026-08-21T12:04:47.141+0000] {dag.py:3823} INFO - Setting next_dagrun for example_time_delta_sensor_async to None, run_after=None
[2026-08-21T12:04:47.167+0000] {processor.py:183} INFO - Processing /home/airflow/.local/lib/python3.8/site-packages/airflow/example_dags/example_time_delta_sensor_async.py took 0.077 seconds
[2026-08-21T12:05:21.810+0000] {processor.py:161} INFO - Started process (PID=2914) to work on /home/airflow/.local/lib/python3.8/site-packages/airflow/example_dags/example_time_delta_sensor_async.py
[2026-08-21T12:05:21.812+0000] {processor.py:830} INFO - Processing file /home/airflow/.local/lib/python3.8/site-packages/airflow/example_dags/example_time_delta_sensor_async.py for tasks to queue
[2026-08-21T12:05:21.815+0000] {logging_mixin.py:188} INFO - [2026-08-21T12:05:21.815+0000] {dagbag.py:538} INFO - Filling up the DagBag from /home/airflow/.local/lib/python3.8/site-packages/airflow/example_dags/example_time_delta_sensor_async.py
[2026-08-21T12:05:21.825+0000] {processor.py:840} INFO - DAG(s) 'example_time_delta_sensor_async' retrieved from /home/airflow/.local/lib/python3.8/site-packages/airflow/example_dags/example_time_delta_sensor_async.py
[2026-08-21T12:05:21.855+0000] {logging_mixin.py:188} INFO - [2026-08-21T12:05:21.855+0000] {dag.py:3036} INFO - Sync 1 DAGs
[2026-08-21T12:05:22.089+0000] {logging_mixin.py:188} INFO - [2026-08-21T12:05:22.089+0000] {dag.py:3823} INFO - Setting next_dagrun for example_time_delta_sensor_async to None, run_after=None
[2026-08-21T12:05:22.124+0000] {processor.py:183} INFO - Processing /home/airflow/.local/lib/python3.8/site-packages/airflow/example_dags/example_time_delta_sensor_async.py took 0.320 seconds
[2026-08-21T12:05:52.285+0000] {processor.py:161} INFO - Started process (PID=3010) to work on /home/airflow/.local/lib/python3.8/site-packages/airflow/example_dags/example_time_delta_sensor_async.py
[2026-08-21T12:05:52.287+0000] {processor.py:830} INFO - Processing file /home/airflow/.local/lib/python3.8/site-packages/airflow/example_dags/example_time_delta_sensor_async.py for tasks to queue
[2026-08-21T12:05:52.291+0000] {logging_mixin.py:188} INFO - [2026-08-21T12:05:52.291+0000] {dagbag.py:538} INFO - Filling up the DagBag from /home/airflow/.local/lib/python3.8/site-packages/airflow/example_dags/example_time_delta_sensor_async.py
[2026-08-21T12:05:52.300+0000] {processor.py:840} INFO - DAG(s) 'example_time_delta_sensor_async' retrieved from /home/airflow/.local/lib/python3.8/site-packages/airflow/example_dags/example_time_delta_sensor_async.py
[2026-08-21T12:05:52.336+0000] {logging_mixin.py:188} INFO - [2026-08-21T12:05:52.336+0000] {dag.py:3036} INFO - Sync 1 DAGs
[2026-08-21T12:05:52.362+0000] {logging_mixin.py:188} INFO - [2026-08-21T12:05:52.361+0000] {dag.py:3823} INFO - Setting next_dagrun for example_time_delta_sensor_async to None, run_after=None
[2026-08-21T12:05:52.393+0000] {processor.py:183} INFO - Processing /home/airflow/.local/lib/python3.8/site-packages/airflow/example_dags/example_time_delta_sensor_async.py took 0.112 seconds
[2026-08-21T12:06:22.576+0000] {processor.py:161} INFO - Started process (PID=3097) to work on /home/airflow/.local/lib/python3.8/site-packages/airflow/example_dags/example_time_delta_sensor_async.py
[2026-08-21T12:06:22.577+0000] {processor.py:830} INFO - Processing file /home/airflow/.local/lib/python3.8/site-packages/airflow/example_dags/example_time_delta_sensor_async.py for tasks to queue
[2026-08-21T12:06:22.579+0000] {logging_mixin.py:188} INFO - [2026-08-21T12:06:22.579+0000] {dagbag.py:538} INFO - Filling up the DagBag from /home/airflow/.local/lib/python3.8/site-packages/airflow/example_dags/example_time_delta_sensor_async.py
[2026-08-21T12:06:22.584+0000] {processor.py:840} INFO - DAG(s) 'example_time_delta_sensor_async' retrieved from /home/airflow/.local/lib/python3.8/site-packages/airflow/example_dags/example_time_delta_sensor_async.py
[2026-08-21T12:06:22.605+0000] {logging_mixin.py:188} INFO - [2026-08-21T12:06:22.605+0000] {dag.py:3036} INFO - Sync 1 DAGs
[2026-08-21T12:06:22.617+0000] {logging_mixin.py:188} INFO - [2026-08-21T12:06:22.616+0000] {dag.py:3823} INFO - Setting next_dagrun for example_time_delta_sensor_async to None, run_after=None
[2026-08-21T12:06:22.638+0000] {processor.py:183} INFO - Processing /home/airflow/.local/lib/python3.8/site-packages/airflow/example_dags/example_time_delta_sensor_async.py took 0.066 seconds
[2026-08-21T12:06:53.139+0000] {processor.py:161} INFO - Started process (PID=3184) to work on /home/airflow/.local/lib/python3.8/site-packages/airflow/example_dags/example_time_delta_sensor_async.py
[2026-08-21T12:06:53.141+0000] {processor.py:830} INFO - Processing file /home/airflow/.local/lib/python3.8/site-packages/airflow/example_dags/example_time_delta_sensor_async.py for tasks to queue
[2026-08-21T12:06:53.144+0000] {logging_mixin.py:188} INFO - [2026-08-21T12:06:53.143+0000] {dagbag.py:538} INFO - Filling up the DagBag from /home/airflow/.local/lib/python3.8/site-packages/airflow/example_dags/example_time_delta_sensor_async.py
[2026-08-21T12:06:53.150+0000] {processor.py:840} INFO - DAG(s) 'example_time_delta_sensor_async' retrieved from /home/airflow/.local/lib/python3.8/site-packages/airflow/example_dags/example_time_delta_sensor_async.py
[2026-08-21T12:06:53.176+0000] {logging_mixin.py:188} INFO - [2026-08-21T12:06:53.176+0000] {dag.py:3036} INFO - Sync 1 DAGs
[2026-08-21T12:06:53.191+0000] {logging_mixin.py:188} INFO - [2026-08-21T12:06:53.191+0000] {dag.py:3823} INFO - Setting next_dagrun for example_time_delta_sensor_async to None, run_after=None
[2026-08-21T12:06:53.212+0000] {processor.py:183} INFO - Processing /home/airflow/.local/lib/python3.8/site-packages/airflow/example_dags/example_time_delta_sensor_async.py took 0.076 seconds
[2026-08-21T12:07:23.663+0000] {processor.py:161} INFO - Started process (PID=3271) to work on /home/airflow/.local/lib/python3.8/site-packages/airflow/example_dags/example_time_delta_sensor_async.py
[2026-08-21T12:07:23.665+0000] {processor.py:830} INFO - Processing file /home/airflow/.local/lib/python3.8/site-packages/airflow/example_dags/example_time_delta_sensor_async.py for tasks to queue
[2026-08-21T12:07:23.667+0000] {logging_mixin.py:188} INFO - [2026-08-21T12:07:23.667+0000] {dagbag.py:538} INFO - Filling up the DagBag from /home/airflow/.local/lib/python3.8/site-packages/airflow/example_dags/example_time_delta_sensor_async.py
[2026-08-21T12:07:23.673+0000] {processor.py:840} INFO - DAG(s) 'example_time_delta_sensor_async' retrieved from /home/airflow/.local/lib/python3.8/site-packages/airflow/example_dags/example_time_delta_sensor_async.py
[2026-08-21T12:07:23.694+0000] {logging_mixin.py:188} INFO - [2026-08-21T12:07:23.694+0000] {dag.py:3036} INFO - Sync 1 DAGs
[2026-08-21T12:07:23.706+0000] {logging_mixin.py:188} INFO - [2026-08-21T12:07:23.705+0000] {dag.py:3823} INFO - Setting next_dagrun for example_time_delta_sensor_async to None, run_after=None
[2026-08-21T12:07:23.726+0000] {processor.py:183} INFO - Processing /home/airflow/.local/lib/python3.8/site-packages/airflow/example_dags/example_time_delta_sensor_async.py took 0.067 seconds
[2026-08-21T12:07:55.083+0000] {processor.py:161} INFO - Started process (PID=3358) to work on /home/airflow/.local/lib/python3.8/site-packages/airflow/example_dags/example_time_delta_sensor_async.py
[2026-08-21T12:07:55.084+0000] {processor.py:830} INFO - Processing file /home/airflow/.local/lib/python3.8/site-packages/airflow/example_dags/example_time_delta_sensor_async.py for tasks to queue
[2026-08-21T12:07:55.088+0000] {logging_mixin.py:188} INFO - [2026-08-21T12:07:55.087+0000] {dagbag.py:538} INFO - Filling up the DagBag from /home/airflow/.local/lib/python3.8/site-packages/airflow/example_dags/example_time_delta_sensor_async.py
[2026-08-21T12:07:55.094+0000] {processor.py:840} INFO - DAG(s) 'example_time_delta_sensor_async' retrieved from /home/airflow/.local/lib/python3.8/site-packages/airflow/example_dags/example_time_delta_sensor_async.py
[2026-08-21T12:07:55.122+0000] {logging_mixin.py:188} INFO - [2026-08-21T12:07:55.121+0000] {dag.py:3036} INFO - Sync 1 DAGs
[2026-08-21T12:07:55.134+0000] {logging_mixin.py:188} INFO - [2026-08-21T12:07:55.134+0000] {dag.py:3823} INFO - Setting next_dagrun for example_time_delta_sensor_async to None, run_after=None
[2026-08-21T12:07:55.153+0000] {processor.py:183} INFO - Processing /home/airflow/.local/lib/python3.8/site-packages/airflow/example_dags/example_time_delta_sensor_async.py took 0.076 seconds
[2026-08-21T12:08:26.646+0000] {processor.py:161} INFO - Started process (PID=3447) to work on /home/airflow/.local/lib/python3.8/site-packages/airflow/example_dags/example_time_delta_sensor_async.py
[2026-08-21T12:08:26.647+0000] {processor.py:830} INFO - Processing file /home/airflow/.local/lib/python3.8/site-packages/airflow/example_dags/example_time_delta_sensor_async.py for tasks to queue
[2026-08-21T12:08:26.650+0000] {logging_mixin.py:188} INFO - [2026-08-21T12:08:26.649+0000] {dagbag.py:538} INFO - Filling up the DagBag from /home/airflow/.local/lib/python3.8/site-packages/airflow/example_dags/example_time_delta_sensor_async.py
[2026-08-21T12:08:26.655+0000] {processor.py:840} INFO - DAG(s) 'example_time_delta_sensor_async' retrieved from /home/airflow/.local/lib/python3.8/site-packages/airflow/example_dags/example_time_delta_sensor_async.py
[2026-08-21T12:08:26.677+0000] {logging_mixin.py:188} INFO - [2026-08-21T12:08:26.677+0000] {dag.py:3036} INFO - Sync 1 DAGs
[2026-08-21T12:08:26.689+0000] {logging_mixin.py:188} INFO - [2026-08-21T12:08:26.689+0000] {dag.py:3823} INFO - Setting next_dagrun for example_time_delta_sensor_async to None, run_after=None
[2026-08-21T12:08:26.708+0000] {processor.py:183} INFO - Processing /home/airflow/.local/lib/python3.8/site-packages/airflow/example_dags/example_time_delta_sensor_async.py took 0.068 seconds
[2026-08-21T12:08:58.134+0000] {processor.py:161} INFO - Started process (PID=3538) to work on /home/airflow/.local/lib/python3.8/site-packages/airflow/example_dags/example_time_delta_sensor_async.py
[2026-08-21T12:08:58.136+0000] {processor.py:830} INFO - Processing file /home/airflow/.local/lib/python3.8/site-packages/airflow/example_dags/example_time_delta_sensor_async.py for tasks to queue
[2026-08-21T12:08:58.140+0000] {logging_mixin.py:188} INFO - [2026-08-21T12:08:58.139+0000] {dagbag.py:538} INFO - Filling up the DagBag from /home/airflow/.local/lib/python3.8/site-packages/airflow/example_dags/example_time_delta_sensor_async.py
[2026-08-21T12:08:58.151+0000] {processor.py:840} INFO - DAG(s) 'example_time_delta_sensor_async' retrieved from /home/airflow/.local/lib/python3.8/site-packages/airflow/example_dags/example_time_delta_sensor_async.py
[2026-08-21T12:08:58.197+0000] {logging_mixin.py:188} INFO - [2026-08-21T12:08:58.197+0000] {dag.py:3036} INFO - Sync 1 DAGs
[2026-08-21T12:08:58.256+0000] {logging_mixin.py:188} INFO - [2026-08-21T12:08:58.256+0000] {dag.py:3823} INFO - Setting next_dagrun for example_time_delta_sensor_async to None, run_after=None
[2026-08-21T12:08:58.337+0000] {processor.py:183} INFO - Processing /home/airflow/.local/lib/python3.8/site-packages/airflow/example_dags/example_time_delta_sensor_async.py took 0.209 seconds
[2026-08-21T12:09:28.393+0000] {processor.py:161} INFO - Started process (PID=3625) to work on /home/airflow/.local/lib/python3.8/site-packages/airflow/example_dags/example_time_delta_sensor_async.py
[2026-08-21T12:09:28.394+0000] {processor.py:830} INFO - Processing file /home/airflow/.local/lib/python3.8/site-packages/airflow/example_dags/example_time_delta_sensor_async.py for tasks to queue
[2026-08-21T12:09:28.396+0000] {logging_mixin.py:188} INFO - [2026-08-21T12:09:28.396+0000] {dagbag.py:538} INFO - Filling up the DagBag from /home/airflow/.local/lib/python3.8/site-packages/airflow/example_dags/example_time_delta_sensor_async.py
[2026-08-21T12:09:28.402+0000] {processor.py:840} INFO - DAG(s) 'example_time_delta_sensor_async' retrieved from /home/airflow/.local/lib/python3.8/site-packages/airflow/example_dags/example_time_delta_sensor_async.py
[2026-08-21T12:09:28.422+0000] {logging_mixin.py:188} INFO - [2026-08-21T12:09:28.422+0000] {dag.py:3036} INFO - Sync 1 DAGs
[2026-08-21T12:09:28.433+0000] {logging_mixin.py:188} INFO - [2026-08-21T12:09:28.433+0000] {dag.py:3823} INFO - Setting next_dagrun for example_time_delta_sensor_async to None, run_after=None
[2026-08-21T12:09:28.451+0000] {processor.py:183} INFO - Processing /home/airflow/.local/lib/python3.8/site-packages/airflow/example_dags/example_time_delta_sensor_async.py took 0.061 seconds
[2026-08-21T12:09:58.824+0000] {processor.py:161} INFO - Started process (PID=3712) to work on /home/airflow/.local/lib/python3.8/site-packages/airflow/example_dags/example_time_delta_sensor_async.py
[2026-08-21T12:09:58.825+0000] {processor.py:830} INFO - Processing file /home/airflow/.local/lib/python3.8/site-packages/airflow/example_dags/example_time_delta_sensor_async.py for tasks to queue
[2026-08-21T12:09:58.828+0000] {logging_mixin.py:188} INFO - [2026-08-21T12:09:58.828+0000] {dagbag.py:538} INFO - Filling up the DagBag from /home/airflow/.local/lib/python3.8/site-packages/airflow/example_dags/example_time_delta_sensor_async.py
[2026-08-21T12:09:58.833+0000] {processor.py:840} INFO - DAG(s) 'example_time_delta_sensor_async' retrieved from /home/airflow/.local/lib/python3.8/site-packages/airflow/example_dags/example_time_delta_sensor_async.py
[2026-08-21T12:09:58.855+0000] {logging_mixin.py:188} INFO - [2026-08-21T12:09:58.854+0000] {dag.py:3036} INFO - Sync 1 DAGs
[2026-08-21T12:09:58.866+0000] {logging_mixin.py:188} INFO - [2026-08-21T12:09:58.866+0000] {dag.py:3823} INFO - Setting next_dagrun for example_time_delta_sensor_async to None, run_after=None
[2026-08-21T12:09:58.885+0000] {processor.py:183} INFO - Processing /home/airflow/.local/lib/python3.8/site-packages/airflow/example_dags/example_time_delta_sensor_async.py took 0.064 seconds
[2026-08-21T12:10:30.398+0000] {processor.py:161} INFO - Started process (PID=3803) to work on /home/airflow/.local/lib/python3.8/site-packages/airflow/example_dags/example_time_delta_sensor_async.py
[2026-08-21T12:10:30.399+0000] {processor.py:830} INFO - Processing file /home/airflow/.local/lib/python3.8/site-packages/airflow/example_dags/example_time_delta_sensor_async.py for tasks to queue
[2026-08-21T12:10:30.402+0000] {logging_mixin.py:188} INFO - [2026-08-21T12:10:30.402+0000] {dagbag.py:538} INFO - Filling up the DagBag from /home/airflow/.local/lib/python3.8/site-packages/airflow/example_dags/example_time_delta_sensor_async.py
[2026-08-21T12:10:30.408+0000] {processor.py:840} INFO - DAG(s) 'example_time_delta_sensor_async' retrieved from /home/airflow/.local/lib/python3.8/site-packages/airflow/example_dags/example_time_delta_sensor_async.py
[2026-08-21T12:10:30.429+0000] {logging_mixin.py:188} INFO - [2026-08-21T12:10:30.429+0000] {dag.py:3036} INFO - Sync 1 DAGs
[2026-08-21T12:10:30.441+0000] {logging_mixin.py:188} INFO - [2026-08-21T12:10:30.441+0000] {dag.py:3823} INFO - Setting next_dagrun for example_time_delta_sensor_async to None, run_after=None
[2026-08-21T12:10:30.461+0000] {processor.py:183} INFO - Processing /home/airflow/.local/lib/python3.8/site-packages/airflow/example_dags/example_time_delta_sensor_async.py took 0.067 seconds
[2026-08-21T12:11:00.993+0000] {processor.py:161} INFO - Started process (PID=3891) to work on /home/airflow/.local/lib/python3.8/site-packages/airflow/example_dags/example_time_delta_sensor_async.py
[2026-08-21T12:11:00.994+0000] {processor.py:830} INFO - Processing file /home/airflow/.local/lib/python3.8/site-packages/airflow/example_dags/example_time_delta_sensor_async.py for tasks to queue
[2026-08-21T12:11:00.997+0000] {logging_mixin.py:188} INFO - [2026-08-21T12:11:00.997+0000] {dagbag.py:538} INFO - Filling up the DagBag from /home/airflow/.local/lib/python3.8/site-packages/airflow/example_dags/example_time_delta_sensor_async.py
[2026-08-21T12:11:01.005+0000] {processor.py:840} INFO - DAG(s) 'example_time_delta_sensor_async' retrieved from /home/airflow/.local/lib/python3.8/site-packages/airflow/example_dags/example_time_delta_sensor_async.py
[2026-08-21T12:11:01.032+0000] {logging_mixin.py:188} INFO - [2026-08-21T12:11:01.032+0000] {dag.py:3036} INFO - Sync 1 DAGs
[2026-08-21T12:11:01.045+0000] {logging_mixin.py:188} INFO - [2026-08-21T12:11:01.045+0000] {dag.py:3823} INFO - Setting next_dagrun for example_time_delta_sensor_async to None, run_after=None
[2026-08-21T12:11:01.067+0000] {processor.py:183} INFO - Processing /home/airflow/.local/lib/python3.8/site-packages/airflow/example_dags/example_time_delta_sensor_async.py took 0.079 seconds
[2026-08-21T12:11:32.137+0000] {processor.py:161} INFO - Started process (PID=3978) to work on /home/airflow/.local/lib/python3.8/site-packages/airflow/example_dags/example_time_delta_sensor_async.py
[2026-08-21T12:11:32.138+0000] {processor.py:830} INFO - Processing file /home/airflow/.local/lib/python3.8/site-packages/airflow/example_dags/example_time_delta_sensor_async.py for tasks to queue
[2026-08-21T12:11:32.141+0000] {logging_mixin.py:188} INFO - [2026-08-21T12:11:32.140+0000] {dagbag.py:538} INFO - Filling up the DagBag from /home/airflow/.local/lib/python3.8/site-packages/airflow/example_dags/example_time_delta_sensor_async.py
[2026-08-21T12:11:32.146+0000] {processor.py:840} INFO - DAG(s) 'example_time_delta_sensor_async' retrieved from /home/airflow/.local/lib/python3.8/site-packages/airflow/example_dags/example_time_delta_sensor_async.py
[2026-08-21T12:11:32.167+0000] {logging_mixin.py:188} INFO - [2026-08-21T12:11:32.167+0000] {dag.py:3036} INFO - Sync 1 DAGs
[2026-08-21T12:11:32.180+0000] {logging_mixin.py:188} INFO - [2026-08-21T12:11:32.180+0000] {dag.py:3823} INFO - Setting next_dagrun for example_time_delta_sensor_async to None, run_after=None
[2026-08-21T12:11:32.203+0000] {processor.py:183} INFO - Processing /home/airflow/.local/lib/python3.8/site-packages/airflow/example_dags/example_time_delta_sensor_async.py took 0.070 seconds
[2026-08-21T12:12:02.815+0000] {processor.py:161} INFO - Started process (PID=4065) to work on /home/airflow/.local/lib/python3.8/site-packages/airflow/example_dags/example_time_delta_sensor_async.py
[2026-08-21T12:12:02.817+0000] {processor.py:830} INFO - Processing file /home/airflow/.local/lib/python3.8/site-packages/airflow/example_dags/example_time_delta_sensor_async.py for tasks to queue
[2026-08-21T12:12:02.819+0000] {logging_mixin.py:188} INFO - [2026-08-21T12:12:02.819+0000] {dagbag.py:538} INFO - Filling up the DagBag from /home/airflow/.local/lib/python3.8/site-packages/airflow/example_dags/example_time_delta_sensor_async.py
[2026-08-21T12:12:02.826+0000] {processor.py:840} INFO - DAG(s) 'example_time_delta_sensor_async' retrieved from /home/airflow/.local/lib/python3.8/site-packages/airflow/example_dags/example_time_delta_sensor_async.py
[2026-08-21T12:12:02.852+0000] {logging_mixin.py:188} INFO - [2026-08-21T12:12:02.852+0000] {dag.py:3036} INFO - Sync 1 DAGs
[2026-08-21T12:12:02.867+0000] {logging_mixin.py:188} INFO - [2026-08-21T12:12:02.866+0000] {dag.py:3823} INFO - Setting next_dagrun for example_time_delta_sensor_async to None, run_after=None
[2026-08-21T12:12:02.892+0000] {processor.py:183} INFO - Processing /home/airflow/.local/lib/python3.8/site-packages/airflow/example_dags/example_time_delta_sensor_async.py took 0.081 seconds
[2026-08-21T12:12:33.719+0000] {processor.py:161} INFO - Started process (PID=4152) to work on /home/airflow/.local/lib/python3.8/site-packages/airflow/example_dags/example_time_delta_sensor_async.py
[2026-08-21T12:12:33.720+0000] {processor.py:830} INFO - Processing file /home/airflow/.local/lib/python3.8/site-packages/airflow/example_dags/example_time_delta_sensor_async.py for tasks to queue
[2026-08-21T12:12:33.722+0000] {logging_mixin.py:188} INFO - [2026-08-21T12:12:33.722+0000] {dagbag.py:538} INFO - Filling up the DagBag from /home/airflow/.local/lib/python3.8/site-packages/airflow/example_dags/example_time_delta_sensor_async.py
[2026-08-21T12:12:33.727+0000] {processor.py:840} INFO - DAG(s) 'example_time_delta_sensor_async' retrieved from /home/airflow/.local/lib/python3.8/site-packages/airflow/example_dags/example_time_delta_sensor_async.py
[2026-08-21T12:12:33.747+0000] {logging_mixin.py:188} INFO - [2026-08-21T12:12:33.746+0000] {dag.py:3036} INFO - Sync 1 DAGs
[2026-08-21T12:12:33.758+0000] {logging_mixin.py:188} INFO - [2026-08-21T12:12:33.757+0000] {dag.py:3823} INFO - Setting next_dagrun for example_time_delta_sensor_async to None, run_after=None
[2026-08-21T12:12:33.775+0000] {processor.py:183} INFO - Processing /home/airflow/.local/lib/python3.8/site-packages/airflow/example_dags/example_time_delta_sensor_async.py took 0.059 seconds
[2026-08-21T12:13:04.357+0000] {processor.py:161} INFO - Started process (PID=4239) to work on /home/airflow/.local/lib/python3.8/site-packages/airflow/example_dags/example_time_delta_sensor_async.py
[2026-08-21T12:13:04.359+0000] {processor.py:830} INFO - Processing file /home/airflow/.local/lib/python3.8/site-packages/airflow/example_dags/example_time_delta_sensor_async.py for tasks to queue
[2026-08-21T12:13:04.362+0000] {logging_mixin.py:188} INFO - [2026-08-21T12:13:04.361+0000] {dagbag.py:538} INFO - Filling up the DagBag from /home/airflow/.local/lib/python3.8/site-packages/airflow/example_dags/example_time_delta_sensor_async.py
[2026-08-21T12:13:04.368+0000] {processor.py:840} INFO - DAG(s) 'example_time_delta_sensor_async' retrieved from /home/airflow/.local/lib/python3.8/site-packages/airflow/example_dags/example_time_delta_sensor_async.py
[2026-08-21T12:13:04.388+0000] {logging_mixin.py:188} INFO - [2026-08-21T12:13:04.388+0000] {dag.py:3036} INFO - Sync 1 DAGs
[2026-08-21T12:13:04.401+0000] {logging_mixin.py:188} INFO - [2026-08-21T12:13:04.400+0000] {dag.py:3823} INFO - Setting next_dagrun for example_time_delta_sensor_async to None, run_after=None
[2026-08-21T12:13:04.420+0000] {processor.py:183} INFO - Processing /home/airflow/.local/lib/python3.8/site-packages/airflow/example_dags/example_time_delta_sensor_async.py took 0.067 seconds
[2026-08-21T12:13:34.740+0000] {processor.py:161} INFO - Started process (PID=4326) to work on /home/airflow/.local/lib/python3.8/site-packages/airflow/example_dags/example_time_delta_sensor_async.py
[2026-08-21T12:13:34.741+0000] {processor.py:830} INFO - Processing file /home/airflow/.local/lib/python3.8/site-packages/airflow/example_dags/example_time_delta_sensor_async.py for tasks to queue
[2026-08-21T12:13:34.743+0000] {logging_mixin.py:188} INFO - [2026-08-21T12:13:34.743+0000] {dagbag.py:538} INFO - Filling up the DagBag from /home/airflow/.local/lib/python3.8/site-packages/airflow/example_dags/example_time_delta_sensor_async.py
[2026-08-21T12:13:34.749+0000] {processor.py:840} INFO - DAG(s) 'example_time_delta_sensor_async' retrieved from /home/airflow/.local/lib/python3.8/site-packages/airflow/example_dags/example_time_delta_sensor_async.py
[2026-08-21T12:13:34.771+0000] {logging_mixin.py:188} INFO - [2026-08-21T12:13:34.770+0000] {dag.py:3036} INFO - Sync 1 DAGs
[2026-08-21T12:13:34.782+0000] {logging_mixin.py:188} INFO - [2026-08-21T12:13:34.782+0000] {dag.py:3823} INFO - Setting next_dagrun for example_time_delta_sensor_async to None, run_after=None
[2026-08-21T12:13:34.802+0000] {processor.py:183} INFO - Processing /home/airflow/.local/lib/python3.8/site-packages/airflow/example_dags/example_time_delta_sensor_async.py took 0.066 seconds
[2026-08-21T12:14:06.519+0000] {processor.py:161} INFO - Started process (PID=4414) to work on /home/airflow/.local/lib/python3.8/site-packages/airflow/example_dags/example_time_delta_sensor_async.py
[2026-08-21T12:14:06.520+0000] {processor.py:830} INFO - Processing file /home/airflow/.local/lib/python3.8/site-packages/airflow/example_dags/example_time_delta_sensor_async.py for tasks to queue
[2026-08-21T12:14:06.523+0000] {logging_mixin.py:188} INFO - [2026-08-21T12:14:06.523+0000] {dagbag.py:538} INFO - Filling up the DagBag from /home/airflow/.local/lib/python3.8/site-packages/airflow/example_dags/example_time_delta_sensor_async.py
[2026-08-21T12:14:06.535+0000] {processor.py:840} INFO - DAG(s) 'example_time_delta_sensor_async' retrieved from /home/airflow/.local/lib/python3.8/site-packages/airflow/example_dags/example_time_delta_sensor_async.py
[2026-08-21T12:14:06.566+0000] {logging_mixin.py:188} INFO - [2026-08-21T12:14:06.566+0000] {dag.py:3036} INFO - Sync 1 DAGs
[2026-08-21T12:14:06.585+0000] {logging_mixin.py:188} INFO - [2026-08-21T12:14:06.585+0000] {dag.py:3823} INFO - Setting next_dagrun for example_time_delta_sensor_async to None, run_after=None
[2026-08-21T12:14:06.622+0000] {processor.py:183} INFO - Processing /home/airflow/.local/lib/python3.8/site-packages/airflow/example_dags/example_time_delta_sensor_async.py took 0.108 seconds
[2026-08-21T12:14:37.232+0000] {processor.py:161} INFO - Started process (PID=4501) to work on /home/airflow/.local/lib/python3.8/site-packages/airflow/example_dags/example_time_delta_sensor_async.py
[2026-08-21T12:14:37.234+0000] {processor.py:830} INFO - Processing file /home/airflow/.local/lib/python3.8/site-packages/airflow/example_dags/example_time_delta_sensor_async.py for tasks to queue
[2026-08-21T12:14:37.236+0000] {logging_mixin.py:188} INFO - [2026-08-21T12:14:37.236+0000] {dagbag.py:538} INFO - Filling up the DagBag from /home/airflow/.local/lib/python3.8/site-packages/airflow/example_dags/example_time_delta_sensor_async.py
[2026-08-21T12:14:37.241+0000] {processor.py:840} INFO - DAG(s) 'example_time_delta_sensor_async' retrieved from /home/airflow/.local/lib/python3.8/site-packages/airflow/example_dags/example_time_delta_sensor_async.py
[2026-08-21T12:14:37.262+0000] {logging_mixin.py:188} INFO - [2026-08-21T12:14:37.262+0000] {dag.py:3036} INFO - Sync 1 DAGs
[2026-08-21T12:14:37.274+0000] {logging_mixin.py:188} INFO - [2026-08-21T12:14:37.274+0000] {dag.py:3823} INFO - Setting next_dagrun for example_time_delta_sensor_async to None, run_after=None
[2026-08-21T12:14:37.304+0000] {processor.py:183} INFO - Processing /home/airflow/.local/lib/python3.8/site-packages/airflow/example_dags/example_time_delta_sensor_async.py took 0.076 seconds
[2026-08-21T12:15:08.086+0000] {processor.py:161} INFO - Started process (PID=4588) to work on /home/airflow/.local/lib/python3.8/site-packages/airflow/example_dags/example_time_delta_sensor_async.py
[2026-08-21T12:15:08.087+0000] {processor.py:830} INFO - Processing file /home/airflow/.local/lib/python3.8/site-packages/airflow/example_dags/example_time_delta_sensor_async.py for tasks to queue
[2026-08-21T12:15:08.090+0000] {logging_mixin.py:188} INFO - [2026-08-21T12:15:08.089+0000] {dagbag.py:538} INFO - Filling up the DagBag from /home/airflow/.local/lib/python3.8/site-packages/airflow/example_dags/example_time_delta_sensor_async.py
[2026-08-21T12:15:08.095+0000] {processor.py:840} INFO - DAG(s) 'example_time_delta_sensor_async' retrieved from /home/airflow/.local/lib/python3.8/site-packages/airflow/example_dags/example_time_delta_sensor_async.py
[2026-08-21T12:15:08.116+0000] {logging_mixin.py:188} INFO - [2026-08-21T12:15:08.116+0000] {dag.py:3036} INFO - Sync 1 DAGs
[2026-08-21T12:15:08.130+0000] {logging_mixin.py:188} INFO - [2026-08-21T12:15:08.130+0000] {dag.py:3823} INFO - Setting next_dagrun for example_time_delta_sensor_async to None, run_after=None
[2026-08-21T12:15:08.158+0000] {processor.py:183} INFO - Processing /home/airflow/.local/lib/python3.8/site-packages/airflow/example_dags/example_time_delta_sensor_async.py took 0.075 seconds
[2026-08-21T12:15:38.518+0000] {processor.py:161} INFO - Started process (PID=4675) to work on /home/airflow/.local/lib/python3.8/site-packages/airflow/example_dags/example_time_delta_sensor_async.py
[2026-08-21T12:15:38.519+0000] {processor.py:830} INFO - Processing file /home/airflow/.local/lib/python3.8/site-packages/airflow/example_dags/example_time_delta_sensor_async.py for tasks to queue
[2026-08-21T12:15:38.521+0000] {logging_mixin.py:188} INFO - [2026-08-21T12:15:38.521+0000] {dagbag.py:538} INFO - Filling up the DagBag from /home/airflow/.local/lib/python3.8/site-packages/airflow/example_dags/example_time_delta_sensor_async.py
[2026-08-21T12:15:38.526+0000] {processor.py:840} INFO - DAG(s) 'example_time_delta_sensor_async' retrieved from /home/airflow/.local/lib/python3.8/site-packages/airflow/example_dags/example_time_delta_sensor_async.py
[2026-08-21T12:15:38.547+0000] {logging_mixin.py:188} INFO - [2026-08-21T12:15:38.547+0000] {dag.py:3036} INFO - Sync 1 DAGs
[2026-08-21T12:15:38.558+0000] {logging_mixin.py:188} INFO - [2026-08-21T12:15:38.558+0000] {dag.py:3823} INFO - Setting next_dagrun for example_time_delta_sensor_async to None, run_after=None
[2026-08-21T12:15:38.578+0000] {processor.py:183} INFO - Processing /home/airflow/.local/lib/python3.8/site-packages/airflow/example_dags/example_time_delta_sensor_async.py took 0.064 seconds
[2026-08-21T12:16:09.270+0000] {processor.py:161} INFO - Started process (PID=4762) to work on /home/airflow/.local/lib/python3.8/site-packages/airflow/example_dags/example_time_delta_sensor_async.py
[2026-08-21T12:16:09.272+0000] {processor.py:830} INFO - Processing file /home/airflow/.local/lib/python3.8/site-packages/airflow/example_dags/example_time_delta_sensor_async.py for tasks to queue
[2026-08-21T12:16:09.274+0000] {logging_mixin.py:188} INFO - [2026-08-21T12:16:09.273+0000] {dagbag.py:538} INFO - Filling up the DagBag from /home/airflow/.local/lib/python3.8/site-packages/airflow/example_dags/example_time_delta_sensor_async.py
[2026-08-21T12:16:09.279+0000] {processor.py:840} INFO - DAG(s) 'example_time_delta_sensor_async' retrieved from /home/airflow/.local/lib/python3.8/site-packages/airflow/example_dags/example_time_delta_sensor_async.py
[2026-08-21T12:16:09.299+0000] {logging_mixin.py:188} INFO - [2026-08-21T12:16:09.299+0000] {dag.py:3036} INFO - Sync 1 DAGs
[2026-08-21T12:16:09.311+0000] {logging_mixin.py:188} INFO - [2026-08-21T12:16:09.311+0000] {dag.py:3823} INFO - Setting next_dagrun for example_time_delta_sensor_async to None, run_after=None
[2026-08-21T12:16:09.333+0000] {processor.py:183} INFO - Processing /home/airflow/.local/lib/python3.8/site-packages/airflow/example_dags/example_time_delta_sensor_async.py took 0.067 seconds
[2026-08-21T12:16:40.679+0000] {processor.py:161} INFO - Started process (PID=4850) to work on /home/airflow/.local/lib/python3.8/site-packages/airflow/example_dags/example_time_delta_sensor_async.py
[2026-08-21T12:16:40.681+0000] {processor.py:830} INFO - Processing file /home/airflow/.local/lib/python3.8/site-packages/airflow/example_dags/example_time_delta_sensor_async.py for tasks to queue
[2026-08-21T12:16:40.683+0000] {logging_mixin.py:188} INFO - [2026-08-21T12:16:40.683+0000] {dagbag.py:538} INFO - Filling up the DagBag from /home/airflow/.local/lib/python3.8/site-packages/airflow/example_dags/example_time_delta_sensor_async.py
[2026-08-21T12:16:40.688+0000] {processor.py:840} INFO - DAG(s) 'example_time_delta_sensor_async' retrieved from /home/airflow/.local/lib/python3.8/site-packages/airflow/example_dags/example_time_delta_sensor_async.py
[2026-08-21T12:16:40.717+0000] {logging_mixin.py:188} INFO - [2026-08-21T12:16:40.717+0000] {dag.py:3036} INFO - Sync 1 DAGs
[2026-08-21T12:16:40.734+0000] {logging_mixin.py:188} INFO - [2026-08-21T12:16:40.734+0000] {dag.py:3823} INFO - Setting next_dagrun for example_time_delta_sensor_async to None, run_after=None
[2026-08-21T12:16:40.758+0000] {processor.py:183} INFO - Processing /home/airflow/.local/lib/python3.8/site-packages/airflow/example_dags/example_time_delta_sensor_async.py took 0.084 seconds
[2026-08-21T12:17:10.841+0000] {processor.py:161} INFO - Started process (PID=4935) to work on /home/airflow/.local/lib/python3.8/site-packages/airflow/example_dags/example_time_delta_sensor_async.py
[2026-08-21T12:17:10.843+0000] {processor.py:830} INFO - Processing file /home/airflow/.local/lib/python3.8/site-packages/airflow/example_dags/example_time_delta_sensor_async.py for tasks to queue
[2026-08-21T12:17:10.846+0000] {logging_mixin.py:188} INFO - [2026-08-21T12:17:10.845+0000] {dagbag.py:538} INFO - Filling up the DagBag from /home/airflow/.local/lib/python3.8/site-packages/airflow/example_dags/example_time_delta_sensor_async.py
[2026-08-21T12:17:10.852+0000] {processor.py:840} INFO - DAG(s) 'example_time_delta_sensor_async' retrieved from /home/airflow/.local/lib/python3.8/site-packages/airflow/example_dags/example_time_delta_sensor_async.py
[2026-08-21T12:17:10.875+0000] {logging_mixin.py:188} INFO - [2026-08-21T12:17:10.875+0000] {dag.py:3036} INFO - Sync 1 DAGs
[2026-08-21T12:17:10.892+0000] {logging_mixin.py:188} INFO - [2026-08-21T12:17:10.892+0000] {dag.py:3823} INFO - Setting next_dagrun for example_time_delta_sensor_async to None, run_after=None
[2026-08-21T12:17:10.930+0000] {processor.py:183} INFO - Processing /home/airflow/.local/lib/python3.8/site-packages/airflow/example_dags/example_time_delta_sensor_async.py took 0.093 seconds
[2026-08-21T12:17:41.039+0000] {processor.py:161} INFO - Started process (PID=5022) to work on /home/airflow/.local/lib/python3.8/site-packages/airflow/example_dags/example_time_delta_sensor_async.py
[2026-08-21T12:17:41.040+0000] {processor.py:830} INFO - Processing file /home/airflow/.local/lib/python3.8/site-packages/airflow/example_dags/example_time_delta_sensor_async.py for tasks to queue
[2026-08-21T12:17:41.042+0000] {logging_mixin.py:188} INFO - [2026-08-21T12:17:41.042+0000] {dagbag.py:538} INFO - Filling up the DagBag from /home/airflow/.local/lib/python3.8/site-packages/airflow/example_dags/example_time_delta_sensor_async.py
[2026-08-21T12:17:41.048+0000] {processor.py:840} INFO - DAG(s) 'example_time_delta_sensor_async' retrieved from /home/airflow/.local/lib/python3.8/site-packages/airflow/example_dags/example_time_delta_sensor_async.py
[2026-08-21T12:17:41.068+0000] {logging_mixin.py:188} INFO - [2026-08-21T12:17:41.067+0000] {dag.py:3036} INFO - Sync 1 DAGs
[2026-08-21T12:17:41.079+0000] {logging_mixin.py:188} INFO - [2026-08-21T12:17:41.079+0000] {dag.py:3823} INFO - Setting next_dagrun for example_time_delta_sensor_async to None, run_after=None
[2026-08-21T12:17:41.097+0000] {processor.py:183} INFO - Processing /home/airflow/.local/lib/python3.8/site-packages/airflow/example_dags/example_time_delta_sensor_async.py took 0.062 seconds
[2026-08-21T12:18:12.650+0000] {processor.py:161} INFO - Started process (PID=5111) to work on /home/airflow/.local/lib/python3.8/site-packages/airflow/example_dags/example_time_delta_sensor_async.py
[2026-08-21T12:18:12.651+0000] {processor.py:830} INFO - Processing file /home/airflow/.local/lib/python3.8/site-packages/airflow/example_dags/example_time_delta_sensor_async.py for tasks to queue
[2026-08-21T12:18:12.653+0000] {logging_mixin.py:188} INFO - [2026-08-21T12:18:12.653+0000] {dagbag.py:538} INFO - Filling up the DagBag from /home/airflow/.local/lib/python3.8/site-packages/airflow/example_dags/example_time_delta_sensor_async.py
[2026-08-21T12:18:12.658+0000] {processor.py:840} INFO - DAG(s) 'example_time_delta_sensor_async' retrieved from /home/airflow/.local/lib/python3.8/site-packages/airflow/example_dags/example_time_delta_sensor_async.py
[2026-08-21T12:18:12.679+0000] {logging_mixin.py:188} INFO - [2026-08-21T12:18:12.679+0000] {dag.py:3036} INFO - Sync 1 DAGs
[2026-08-21T12:18:12.692+0000] {logging_mixin.py:188} INFO - [2026-08-21T12:18:12.692+0000] {dag.py:3823} INFO - Setting next_dagrun for example_time_delta_sensor_async to None, run_after=None
[2026-08-21T12:18:12.719+0000] {processor.py:183} INFO - Processing /home/airflow/.local/lib/python3.8/site-packages/airflow/example_dags/example_time_delta_sensor_async.py took 0.073 seconds
[2026-08-21T12:18:43.257+0000] {processor.py:161} INFO - Started process (PID=5198) to work on /home/airflow/.local/lib/python3.8/site-packages/airflow/example_dags/example_time_delta_sensor_async.py
[2026-08-21T12:18:43.258+0000] {processor.py:830} INFO - Processing file /home/airflow/.local/lib/python3.8/site-packages/airflow/example_dags/example_time_delta_sensor_async.py for tasks to queue
[2026-08-21T12:18:43.260+0000] {logging_mixin.py:188} INFO - [2026-08-21T12:18:43.260+0000] {dagbag.py:538} INFO - Filling up the DagBag from /home/airflow/.local/lib/python3.8/site-packages/airflow/example_dags/example_time_delta_sensor_async.py
[2026-08-21T12:18:43.265+0000] {processor.py:840} INFO - DAG(s) 'example_time_delta_sensor_async' retrieved from /home/airflow/.local/lib/python3.8/site-packages/airflow/example_dags/example_time_delta_sensor_async.py
[2026-08-21T12:18:43.289+0000] {logging_mixin.py:188} INFO - [2026-08-21T12:18:43.289+0000] {dag.py:3036} INFO - Sync 1 DAGs
[2026-08-21T12:18:43.303+0000] {logging_mixin.py:188} INFO - [2026-08-21T12:18:43.302+0000] {dag.py:3823} INFO - Setting next_dagrun for example_time_delta_sensor_async to None, run_after=None
[2026-08-21T12:18:43.323+0000] {processor.py:183} INFO - Processing /home/airflow/.local/lib/python3.8/site-packages/airflow/example_dags/example_time_delta_sensor_async.py took 0.070 seconds
[2026-08-21T12:19:13.817+0000] {processor.py:161} INFO - Started process (PID=5285) to work on /home/airflow/.local/lib/python3.8/site-packages/airflow/example_dags/example_time_delta_sensor_async.py
[2026-08-21T12:19:13.818+0000] {processor.py:830} INFO - Processing file /home/airflow/.local/lib/python3.8/site-packages/airflow/example_dags/example_time_delta_sensor_async.py for tasks to queue
[2026-08-21T12:19:13.820+0000] {logging_mixin.py:188} INFO - [2026-08-21T12:19:13.820+0000] {dagbag.py:538} INFO - Filling up the DagBag from /home/airflow/.local/lib/python3.8/site-packages/airflow/example_dags/example_time_delta_sensor_async.py
[2026-08-21T12:19:13.825+0000] {processor.py:840} INFO - DAG(s) 'example_time_delta_sensor_async' retrieved from /home/airflow/.local/lib/python3.8/site-packages/airflow/example_dags/example_time_delta_sensor_async.py
[2026-08-21T12:19:13.845+0000] {logging_mixin.py:188} INFO - [2026-08-21T12:19:13.845+0000] {dag.py:3036} INFO - Sync 1 DAGs
[2026-08-21T12:19:13.857+0000] {logging_mixin.py:188} INFO - [2026-08-21T12:19:13.856+0000] {dag.py:3823} INFO - Setting next_dagrun for example_time_delta_sensor_async to None, run_after=None
[2026-08-21T12:19:13.875+0000] {processor.py:183} INFO - Processing /home/airflow/.local/lib/python3.8/site-packages/airflow/example_dags/example_time_delta_sensor_async.py took 0.062 seconds
[2026-08-21T12:19:44.082+0000] {processor.py:161} INFO - Started process (PID=5371) to work on /home/airflow/.local/lib/python3.8/site-packages/airflow/example_dags/example_time_delta_sensor_async.py
[2026-08-21T12:19:44.083+0000] {processor.py:830} INFO - Processing file /home/airflow/.local/lib/python3.8/site-packages/airflow/example_dags/example_time_delta_sensor_async.py for tasks to queue
[2026-08-21T12:19:44.085+0000] {logging_mixin.py:188} INFO - [2026-08-21T12:19:44.085+0000] {dagbag.py:538} INFO - Filling up the DagBag from /home/airflow/.local/lib/python3.8/site-packages/airflow/example_dags/example_time_delta_sensor_async.py
[2026-08-21T12:19:44.090+0000] {processor.py:840} INFO - DAG(s) 'example_time_delta_sensor_async' retrieved from /home/airflow/.local/lib/python3.8/site-packages/airflow/example_dags/example_time_delta_sensor_async.py
[2026-08-21T12:19:44.115+0000] {logging_mixin.py:188} INFO - [2026-08-21T12:19:44.115+0000] {dag.py:3036} INFO - Sync 1 DAGs
[2026-08-21T12:19:44.129+0000] {logging_mixin.py:188} INFO - [2026-08-21T12:19:44.129+0000] {dag.py:3823} INFO - Setting next_dagrun for example_time_delta_sensor_async to None, run_after=None
[2026-08-21T12:19:44.150+0000] {processor.py:183} INFO - Processing /home/airflow/.local/lib/python3.8/site-packages/airflow/example_dags/example_time_delta_sensor_async.py took 0.072 seconds
[2026-08-21T12:20:20.255+0000] {processor.py:161} INFO - Started process (PID=5463) to work on /home/airflow/.local/lib/python3.8/site-packages/airflow/example_dags/example_time_delta_sensor_async.py
[2026-08-21T12:20:20.270+0000] {processor.py:830} INFO - Processing file /home/airflow/.local/lib/python3.8/site-packages/airflow/example_dags/example_time_delta_sensor_async.py for tasks to queue
[2026-08-21T12:20:20.337+0000] {logging_mixin.py:188} INFO - [2026-08-21T12:20:20.336+0000] {dagbag.py:538} INFO - Filling up the DagBag from /home/airflow/.local/lib/python3.8/site-packages/airflow/example_dags/example_time_delta_sensor_async.py
[2026-08-21T12:20:20.371+0000] {processor.py:840} INFO - DAG(s) 'example_time_delta_sensor_async' retrieved from /home/airflow/.local/lib/python3.8/site-packages/airflow/example_dags/example_time_delta_sensor_async.py
[2026-08-21T12:20:20.454+0000] {logging_mixin.py:188} INFO - [2026-08-21T12:20:20.453+0000] {dag.py:3036} INFO - Sync 1 DAGs
[2026-08-21T12:20:20.527+0000] {logging_mixin.py:188} INFO - [2026-08-21T12:20:20.527+0000] {dag.py:3823} INFO - Setting next_dagrun for example_time_delta_sensor_async to None, run_after=None
[2026-08-21T12:20:20.728+0000] {processor.py:183} INFO - Processing /home/airflow/.local/lib/python3.8/site-packages/airflow/example_dags/example_time_delta_sensor_async.py took 0.481 seconds
[2026-08-21T12:20:54.362+0000] {processor.py:161} INFO - Started process (PID=5550) to work on /home/airflow/.local/lib/python3.8/site-packages/airflow/example_dags/example_time_delta_sensor_async.py
[2026-08-21T12:20:54.365+0000] {processor.py:830} INFO - Processing file /home/airflow/.local/lib/python3.8/site-packages/airflow/example_dags/example_time_delta_sensor_async.py for tasks to queue
[2026-08-21T12:20:54.380+0000] {logging_mixin.py:188} INFO - [2026-08-21T12:20:54.379+0000] {dagbag.py:538} INFO - Filling up the DagBag from /home/airflow/.local/lib/python3.8/site-packages/airflow/example_dags/example_time_delta_sensor_async.py
[2026-08-21T12:20:54.414+0000] {processor.py:840} INFO - DAG(s) 'example_time_delta_sensor_async' retrieved from /home/airflow/.local/lib/python3.8/site-packages/airflow/example_dags/example_time_delta_sensor_async.py
[2026-08-21T12:20:54.554+0000] {logging_mixin.py:188} INFO - [2026-08-21T12:20:54.553+0000] {dag.py:3036} INFO - Sync 1 DAGs
[2026-08-21T12:20:54.616+0000] {logging_mixin.py:188} INFO - [2026-08-21T12:20:54.615+0000] {dag.py:3823} INFO - Setting next_dagrun for example_time_delta_sensor_async to None, run_after=None
[2026-08-21T12:20:54.742+0000] {processor.py:183} INFO - Processing /home/airflow/.local/lib/python3.8/site-packages/airflow/example_dags/example_time_delta_sensor_async.py took 0.406 seconds
[2026-08-21T12:21:25.470+0000] {processor.py:161} INFO - Started process (PID=5637) to work on /home/airflow/.local/lib/python3.8/site-packages/airflow/example_dags/example_time_delta_sensor_async.py
[2026-08-21T12:21:25.471+0000] {processor.py:830} INFO - Processing file /home/airflow/.local/lib/python3.8/site-packages/airflow/example_dags/example_time_delta_sensor_async.py for tasks to queue
[2026-08-21T12:21:25.474+0000] {logging_mixin.py:188} INFO - [2026-08-21T12:21:25.474+0000] {dagbag.py:538} INFO - Filling up the DagBag from /home/airflow/.local/lib/python3.8/site-packages/airflow/example_dags/example_time_delta_sensor_async.py
[2026-08-21T12:21:25.479+0000] {processor.py:840} INFO - DAG(s) 'example_time_delta_sensor_async' retrieved from /home/airflow/.local/lib/python3.8/site-packages/airflow/example_dags/example_time_delta_sensor_async.py
[2026-08-21T12:21:25.506+0000] {logging_mixin.py:188} INFO - [2026-08-21T12:21:25.506+0000] {dag.py:3036} INFO - Sync 1 DAGs
[2026-08-21T12:21:25.523+0000] {logging_mixin.py:188} INFO - [2026-08-21T12:21:25.523+0000] {dag.py:3823} INFO - Setting next_dagrun for example_time_delta_sensor_async to None, run_after=None
[2026-08-21T12:21:25.570+0000] {processor.py:183} INFO - Processing /home/airflow/.local/lib/python3.8/site-packages/airflow/example_dags/example_time_delta_sensor_async.py took 0.103 seconds
[2026-08-21T12:21:55.674+0000] {processor.py:161} INFO - Started process (PID=5724) to work on /home/airflow/.local/lib/python3.8/site-packages/airflow/example_dags/example_time_delta_sensor_async.py
[2026-08-21T12:21:55.676+0000] {processor.py:830} INFO - Processing file /home/airflow/.local/lib/python3.8/site-packages/airflow/example_dags/example_time_delta_sensor_async.py for tasks to queue
[2026-08-21T12:21:55.680+0000] {logging_mixin.py:188} INFO - [2026-08-21T12:21:55.680+0000] {dagbag.py:538} INFO - Filling up the DagBag from /home/airflow/.local/lib/python3.8/site-packages/airflow/example_dags/example_time_delta_sensor_async.py
[2026-08-21T12:21:55.689+0000] {processor.py:840} INFO - DAG(s) 'example_time_delta_sensor_async' retrieved from /home/airflow/.local/lib/python3.8/site-packages/airflow/example_dags/example_time_delta_sensor_async.py
[2026-08-21T12:21:55.721+0000] {logging_mixin.py:188} INFO - [2026-08-21T12:21:55.721+0000] {dag.py:3036} INFO - Sync 1 DAGs
[2026-08-21T12:21:55.742+0000] {logging_mixin.py:188} INFO - [2026-08-21T12:21:55.742+0000] {dag.py:3823} INFO - Setting next_dagrun for example_time_delta_sensor_async to None, run_after=None
[2026-08-21T12:21:55.815+0000] {processor.py:183} INFO - Processing /home/airflow/.local/lib/python3.8/site-packages/airflow/example_dags/example_time_delta_sensor_async.py took 0.148 seconds
[2026-08-21T12:22:26.115+0000] {processor.py:161} INFO - Started process (PID=5812) to work on /home/airflow/.local/lib/python3.8/site-packages/airflow/example_dags/example_time_delta_sensor_async.py
[2026-08-21T12:22:26.118+0000] {processor.py:830} INFO - Processing file /home/airflow/.local/lib/python3.8/site-packages/airflow/example_dags/example_time_delta_sensor_async.py for tasks to queue
[2026-08-21T12:22:26.121+0000] {logging_mixin.py:188} INFO - [2026-08-21T12:22:26.121+0000] {dagbag.py:538} INFO - Filling up the DagBag from /home/airflow/.local/lib/python3.8/site-packages/airflow/example_dags/example_time_delta_sensor_async.py
[2026-08-21T12:22:26.131+0000] {processor.py:840} INFO - DAG(s) 'example_time_delta_sensor_async' retrieved from /home/airflow/.local/lib/python3.8/site-packages/airflow/example_dags/example_time_delta_sensor_async.py
[2026-08-21T12:22:26.172+0000] {logging_mixin.py:188} INFO - [2026-08-21T12:22:26.171+0000] {dag.py:3036} INFO - Sync 1 DAGs
[2026-08-21T12:22:26.194+0000] {logging_mixin.py:188} INFO - [2026-08-21T12:22:26.193+0000] {dag.py:3823} INFO - Setting next_dagrun for example_time_delta_sensor_async to None, run_after=None
[2026-08-21T12:22:26.261+0000] {processor.py:183} INFO - Processing /home/airflow/.local/lib/python3.8/site-packages/airflow/example_dags/example_time_delta_sensor_async.py took 0.153 seconds
[2026-08-21T12:22:56.378+0000] {processor.py:161} INFO - Started process (PID=5899) to work on /home/airflow/.local/lib/python3.8/site-packages/airflow/example_dags/example_time_delta_sensor_async.py
[2026-08-21T12:22:56.379+0000] {processor.py:830} INFO - Processing file /home/airflow/.local/lib/python3.8/site-packages/airflow/example_dags/example_time_delta_sensor_async.py for tasks to queue
[2026-08-21T12:22:56.384+0000] {logging_mixin.py:188} INFO - [2026-08-21T12:22:56.384+0000] {dagbag.py:538} INFO - Filling up the DagBag from /home/airflow/.local/lib/python3.8/site-packages/airflow/example_dags/example_time_delta_sensor_async.py
[2026-08-21T12:22:56.394+0000] {processor.py:840} INFO - DAG(s) 'example_time_delta_sensor_async' retrieved from /home/airflow/.local/lib/python3.8/site-packages/airflow/example_dags/example_time_delta_sensor_async.py
[2026-08-21T12:22:56.428+0000] {logging_mixin.py:188} INFO - [2026-08-21T12:22:56.427+0000] {dag.py:3036} INFO - Sync 1 DAGs
[2026-08-21T12:22:56.445+0000] {logging_mixin.py:188} INFO - [2026-08-21T12:22:56.445+0000] {dag.py:3823} INFO - Setting next_dagrun for example_time_delta_sensor_async to None, run_after=None
[2026-08-21T12:22:56.511+0000] {processor.py:183} INFO - Processing /home/airflow/.local/lib/python3.8/site-packages/airflow/example_dags/example_time_delta_sensor_async.py took 0.136 seconds
[2026-08-21T12:23:27.675+0000] {processor.py:161} INFO - Started process (PID=5986) to work on /home/airflow/.local/lib/python3.8/site-packages/airflow/example_dags/example_time_delta_sensor_async.py
[2026-08-21T12:23:27.676+0000] {processor.py:830} INFO - Processing file /home/airflow/.local/lib/python3.8/site-packages/airflow/example_dags/example_time_delta_sensor_async.py for tasks to queue
[2026-08-21T12:23:27.679+0000] {logging_mixin.py:188} INFO - [2026-08-21T12:23:27.678+0000] {dagbag.py:538} INFO - Filling up the DagBag from /home/airflow/.local/lib/python3.8/site-packages/airflow/example_dags/example_time_delta_sensor_async.py
[2026-08-21T12:23:27.684+0000] {processor.py:840} INFO - DAG(s) 'example_time_delta_sensor_async' retrieved from /home/airflow/.local/lib/python3.8/site-packages/airflow/example_dags/example_time_delta_sensor_async.py
[2026-08-21T12:23:27.708+0000] {logging_mixin.py:188} INFO - [2026-08-21T12:23:27.708+0000] {dag.py:3036} INFO - Sync 1 DAGs
[2026-08-21T12:23:27.724+0000] {logging_mixin.py:188} INFO - [2026-08-21T12:23:27.724+0000] {dag.py:3823} INFO - Setting next_dagrun for example_time_delta_sensor_async to None, run_after=None
[2026-08-21T12:23:27.844+0000] {processor.py:183} INFO - Processing /home/airflow/.local/lib/python3.8/site-packages/airflow/example_dags/example_time_delta_sensor_async.py took 0.173 seconds
[2026-08-21T12:23:58.349+0000] {processor.py:161} INFO - Started process (PID=6073) to work on /home/airflow/.local/lib/python3.8/site-packages/airflow/example_dags/example_time_delta_sensor_async.py
[2026-08-21T12:23:58.350+0000] {processor.py:830} INFO - Processing file /home/airflow/.local/lib/python3.8/site-packages/airflow/example_dags/example_time_delta_sensor_async.py for tasks to queue
[2026-08-21T12:23:58.352+0000] {logging_mixin.py:188} INFO - [2026-08-21T12:23:58.352+0000] {dagbag.py:538} INFO - Filling up the DagBag from /home/airflow/.local/lib/python3.8/site-packages/airflow/example_dags/example_time_delta_sensor_async.py
[2026-08-21T12:23:58.358+0000] {processor.py:840} INFO - DAG(s) 'example_time_delta_sensor_async' retrieved from /home/airflow/.local/lib/python3.8/site-packages/airflow/example_dags/example_time_delta_sensor_async.py
[2026-08-21T12:23:58.384+0000] {logging_mixin.py:188} INFO - [2026-08-21T12:23:58.384+0000] {dag.py:3036} INFO - Sync 1 DAGs
[2026-08-21T12:23:58.401+0000] {logging_mixin.py:188} INFO - [2026-08-21T12:23:58.400+0000] {dag.py:3823} INFO - Setting next_dagrun for example_time_delta_sensor_async to None, run_after=None
[2026-08-21T12:23:58.497+0000] {processor.py:183} INFO - Processing /home/airflow/.local/lib/python3.8/site-packages/airflow/example_dags/example_time_delta_sensor_async.py took 0.152 seconds
[2026-08-21T12:24:29.131+0000] {processor.py:161} INFO - Started process (PID=6160) to work on /home/airflow/.local/lib/python3.8/site-packages/airflow/example_dags/example_time_delta_sensor_async.py
[2026-08-21T12:24:29.132+0000] {processor.py:830} INFO - Processing file /home/airflow/.local/lib/python3.8/site-packages/airflow/example_dags/example_time_delta_sensor_async.py for tasks to queue
[2026-08-21T12:24:29.134+0000] {logging_mixin.py:188} INFO - [2026-08-21T12:24:29.134+0000] {dagbag.py:538} INFO - Filling up the DagBag from /home/airflow/.local/lib/python3.8/site-packages/airflow/example_dags/example_time_delta_sensor_async.py
[2026-08-21T12:24:29.140+0000] {processor.py:840} INFO - DAG(s) 'example_time_delta_sensor_async' retrieved from /home/airflow/.local/lib/python3.8/site-packages/airflow/example_dags/example_time_delta_sensor_async.py
[2026-08-21T12:24:29.161+0000] {logging_mixin.py:188} INFO - [2026-08-21T12:24:29.160+0000] {dag.py:3036} INFO - Sync 1 DAGs
[2026-08-21T12:24:29.173+0000] {logging_mixin.py:188} INFO - [2026-08-21T12:24:29.172+0000] {dag.py:3823} INFO - Setting next_dagrun for example_time_delta_sensor_async to None, run_after=None
[2026-08-21T12:24:29.289+0000] {processor.py:183} INFO - Processing /home/airflow/.local/lib/python3.8/site-packages/airflow/example_dags/example_time_delta_sensor_async.py took 0.162 seconds
[2026-08-21T12:24:59.930+0000] {processor.py:161} INFO - Started process (PID=6247) to work on /home/airflow/.local/lib/python3.8/site-packages/airflow/example_dags/example_time_delta_sensor_async.py
[2026-08-21T12:24:59.932+0000] {processor.py:830} INFO - Processing file /home/airflow/.local/lib/python3.8/site-packages/airflow/example_dags/example_time_delta_sensor_async.py for tasks to queue
[2026-08-21T12:24:59.936+0000] {logging_mixin.py:188} INFO - [2026-08-21T12:24:59.936+0000] {dagbag.py:538} INFO - Filling up the DagBag from /home/airflow/.local/lib/python3.8/site-packages/airflow/example_dags/example_time_delta_sensor_async.py
[2026-08-21T12:24:59.943+0000] {processor.py:840} INFO - DAG(s) 'example_time_delta_sensor_async' retrieved from /home/airflow/.local/lib/python3.8/site-packages/airflow/example_dags/example_time_delta_sensor_async.py
[2026-08-21T12:24:59.964+0000] {logging_mixin.py:188} INFO - [2026-08-21T12:24:59.964+0000] {dag.py:3036} INFO - Sync 1 DAGs
[2026-08-21T12:24:59.976+0000] {logging_mixin.py:188} INFO - [2026-08-21T12:24:59.976+0000] {dag.py:3823} INFO - Setting next_dagrun for example_time_delta_sensor_async to None, run_after=None
[2026-08-21T12:25:00.020+0000] {processor.py:183} INFO - Processing /home/airflow/.local/lib/python3.8/site-packages/airflow/example_dags/example_time_delta_sensor_async.py took 0.094 seconds
[2026-08-21T12:25:30.320+0000] {processor.py:161} INFO - Started process (PID=6334) to work on /home/airflow/.local/lib/python3.8/site-packages/airflow/example_dags/example_time_delta_sensor_async.py
[2026-08-21T12:25:30.321+0000] {processor.py:830} INFO - Processing file /home/airflow/.local/lib/python3.8/site-packages/airflow/example_dags/example_time_delta_sensor_async.py for tasks to queue
[2026-08-21T12:25:30.324+0000] {logging_mixin.py:188} INFO - [2026-08-21T12:25:30.323+0000] {dagbag.py:538} INFO - Filling up the DagBag from /home/airflow/.local/lib/python3.8/site-packages/airflow/example_dags/example_time_delta_sensor_async.py
[2026-08-21T12:25:30.330+0000] {processor.py:840} INFO - DAG(s) 'example_time_delta_sensor_async' retrieved from /home/airflow/.local/lib/python3.8/site-packages/airflow/example_dags/example_time_delta_sensor_async.py
[2026-08-21T12:25:30.355+0000] {logging_mixin.py:188} INFO - [2026-08-21T12:25:30.355+0000] {dag.py:3036} INFO - Sync 1 DAGs
[2026-08-21T12:25:30.369+0000] {logging_mixin.py:188} INFO - [2026-08-21T12:25:30.369+0000] {dag.py:3823} INFO - Setting next_dagrun for example_time_delta_sensor_async to None, run_after=None
[2026-08-21T12:25:30.392+0000] {processor.py:183} INFO - Processing /home/airflow/.local/lib/python3.8/site-packages/airflow/example_dags/example_time_delta_sensor_async.py took 0.076 seconds
[2026-08-21T12:26:03.067+0000] {processor.py:161} INFO - Started process (PID=6421) to work on /home/airflow/.local/lib/python3.8/site-packages/airflow/example_dags/example_time_delta_sensor_async.py
[2026-08-21T12:26:03.068+0000] {processor.py:830} INFO - Processing file /home/airflow/.local/lib/python3.8/site-packages/airflow/example_dags/example_time_delta_sensor_async.py for tasks to queue
[2026-08-21T12:26:03.071+0000] {logging_mixin.py:188} INFO - [2026-08-21T12:26:03.071+0000] {dagbag.py:538} INFO - Filling up the DagBag from /home/airflow/.local/lib/python3.8/site-packages/airflow/example_dags/example_time_delta_sensor_async.py
[2026-08-21T12:26:03.076+0000] {processor.py:840} INFO - DAG(s) 'example_time_delta_sensor_async' retrieved from /home/airflow/.local/lib/python3.8/site-packages/airflow/example_dags/example_time_delta_sensor_async.py
[2026-08-21T12:26:03.100+0000] {logging_mixin.py:188} INFO - [2026-08-21T12:26:03.099+0000] {dag.py:3036} INFO - Sync 1 DAGs
[2026-08-21T12:26:03.112+0000] {logging_mixin.py:188} INFO - [2026-08-21T12:26:03.112+0000] {dag.py:3823} INFO - Setting next_dagrun for example_time_delta_sensor_async to None, run_after=None
[2026-08-21T12:26:03.286+0000] {processor.py:183} INFO - Processing /home/airflow/.local/lib/python3.8/site-packages/airflow/example_dags/example_time_delta_sensor_async.py took 0.223 seconds
[2026-08-21T12:26:34.261+0000] {processor.py:161} INFO - Started process (PID=6508) to work on /home/airflow/.local/lib/python3.8/site-packages/airflow/example_dags/example_time_delta_sensor_async.py
[2026-08-21T12:26:34.263+0000] {processor.py:830} INFO - Processing file /home/airflow/.local/lib/python3.8/site-packages/airflow/example_dags/example_time_delta_sensor_async.py for tasks to queue
[2026-08-21T12:26:34.265+0000] {logging_mixin.py:188} INFO - [2026-08-21T12:26:34.265+0000] {dagbag.py:538} INFO - Filling up the DagBag from /home/airflow/.local/lib/python3.8/site-packages/airflow/example_dags/example_time_delta_sensor_async.py
[2026-08-21T12:26:34.271+0000] {processor.py:840} INFO - DAG(s) 'example_time_delta_sensor_async' retrieved from /home/airflow/.local/lib/python3.8/site-packages/airflow/example_dags/example_time_delta_sensor_async.py
[2026-08-21T12:26:34.296+0000] {logging_mixin.py:188} INFO - [2026-08-21T12:26:34.296+0000] {dag.py:3036} INFO - Sync 1 DAGs
[2026-08-21T12:26:34.310+0000] {logging_mixin.py:188} INFO - [2026-08-21T12:26:34.310+0000] {dag.py:3823} INFO - Setting next_dagrun for example_time_delta_sensor_async to None, run_after=None
[2026-08-21T12:26:34.334+0000] {processor.py:183} INFO - Processing /home/airflow/.local/lib/python3.8/site-packages/airflow/example_dags/example_time_delta_sensor_async.py took 0.077 seconds
[2026-08-21T12:27:05.121+0000] {processor.py:161} INFO - Started process (PID=6599) to work on /home/airflow/.local/lib/python3.8/site-packages/airflow/example_dags/example_time_delta_sensor_async.py
[2026-08-21T12:27:05.122+0000] {processor.py:830} INFO - Processing file /home/airflow/.local/lib/python3.8/site-packages/airflow/example_dags/example_time_delta_sensor_async.py for tasks to queue
[2026-08-21T12:27:05.125+0000] {logging_mixin.py:188} INFO - [2026-08-21T12:27:05.125+0000] {dagbag.py:538} INFO - Filling up the DagBag from /home/airflow/.local/lib/python3.8/site-packages/airflow/example_dags/example_time_delta_sensor_async.py
[2026-08-21T12:27:05.131+0000] {processor.py:840} INFO - DAG(s) 'example_time_delta_sensor_async' retrieved from /home/airflow/.local/lib/python3.8/site-packages/airflow/example_dags/example_time_delta_sensor_async.py
[2026-08-21T12:27:05.155+0000] {logging_mixin.py:188} INFO - [2026-08-21T12:27:05.155+0000] {dag.py:3036} INFO - Sync 1 DAGs
[2026-08-21T12:27:05.168+0000] {logging_mixin.py:188} INFO - [2026-08-21T12:27:05.168+0000] {dag.py:3823} INFO - Setting next_dagrun for example_time_delta_sensor_async to None, run_after=None
[2026-08-21T12:27:05.190+0000] {processor.py:183} INFO - Processing /home/airflow/.local/lib/python3.8/site-packages/airflow/example_dags/example_time_delta_sensor_async.py took 0.074 seconds
[2026-08-21T12:27:35.352+0000] {processor.py:161} INFO - Started process (PID=6686) to work on /home/airflow/.local/lib/python3.8/site-packages/airflow/example_dags/example_time_delta_sensor_async.py
[2026-08-21T12:27:35.354+0000] {processor.py:830} INFO - Processing file /home/airflow/.local/lib/python3.8/site-packages/airflow/example_dags/example_time_delta_sensor_async.py for tasks to queue
[2026-08-21T12:27:35.357+0000] {logging_mixin.py:188} INFO - [2026-08-21T12:27:35.356+0000] {dagbag.py:538} INFO - Filling up the DagBag from /home/airflow/.local/lib/python3.8/site-packages/airflow/example_dags/example_time_delta_sensor_async.py
[2026-08-21T12:27:35.362+0000] {processor.py:840} INFO - DAG(s) 'example_time_delta_sensor_async' retrieved from /home/airflow/.local/lib/python3.8/site-packages/airflow/example_dags/example_time_delta_sensor_async.py
[2026-08-21T12:27:35.384+0000] {logging_mixin.py:188} INFO - [2026-08-21T12:27:35.384+0000] {dag.py:3036} INFO - Sync 1 DAGs
[2026-08-21T12:27:35.396+0000] {logging_mixin.py:188} INFO - [2026-08-21T12:27:35.396+0000] {dag.py:3823} INFO - Setting next_dagrun for example_time_delta_sensor_async to None, run_after=None
[2026-08-21T12:27:35.418+0000] {processor.py:183} INFO - Processing /home/airflow/.local/lib/python3.8/site-packages/airflow/example_dags/example_time_delta_sensor_async.py took 0.070 seconds
[2026-08-21T12:28:05.505+0000] {processor.py:161} INFO - Started process (PID=6773) to work on /home/airflow/.local/lib/python3.8/site-packages/airflow/example_dags/example_time_delta_sensor_async.py
[2026-08-21T12:28:05.506+0000] {processor.py:830} INFO - Processing file /home/airflow/.local/lib/python3.8/site-packages/airflow/example_dags/example_time_delta_sensor_async.py for tasks to queue
[2026-08-21T12:28:05.509+0000] {logging_mixin.py:188} INFO - [2026-08-21T12:28:05.508+0000] {dagbag.py:538} INFO - Filling up the DagBag from /home/airflow/.local/lib/python3.8/site-packages/airflow/example_dags/example_time_delta_sensor_async.py
[2026-08-21T12:28:05.516+0000] {processor.py:840} INFO - DAG(s) 'example_time_delta_sensor_async' retrieved from /home/airflow/.local/lib/python3.8/site-packages/airflow/example_dags/example_time_delta_sensor_async.py
[2026-08-21T12:28:05.538+0000] {logging_mixin.py:188} INFO - [2026-08-21T12:28:05.538+0000] {dag.py:3036} INFO - Sync 1 DAGs
[2026-08-21T12:28:05.550+0000] {logging_mixin.py:188} INFO - [2026-08-21T12:28:05.550+0000] {dag.py:3823} INFO - Setting next_dagrun for example_time_delta_sensor_async to None, run_after=None
[2026-08-21T12:28:05.569+0000] {processor.py:183} INFO - Processing /home/airflow/.local/lib/python3.8/site-packages/airflow/example_dags/example_time_delta_sensor_async.py took 0.068 seconds
[2026-08-21T12:28:35.830+0000] {processor.py:161} INFO - Started process (PID=6860) to work on /home/airflow/.local/lib/python3.8/site-packages/airflow/example_dags/example_time_delta_sensor_async.py
[2026-08-21T12:28:35.832+0000] {processor.py:830} INFO - Processing file /home/airflow/.local/lib/python3.8/site-packages/airflow/example_dags/example_time_delta_sensor_async.py for tasks to queue
[2026-08-21T12:28:35.836+0000] {logging_mixin.py:188} INFO - [2026-08-21T12:28:35.835+0000] {dagbag.py:538} INFO - Filling up the DagBag from /home/airflow/.local/lib/python3.8/site-packages/airflow/example_dags/example_time_delta_sensor_async.py
[2026-08-21T12:28:35.843+0000] {processor.py:840} INFO - DAG(s) 'example_time_delta_sensor_async' retrieved from /home/airflow/.local/lib/python3.8/site-packages/airflow/example_dags/example_time_delta_sensor_async.py
[2026-08-21T12:28:35.898+0000] {logging_mixin.py:188} INFO - [2026-08-21T12:28:35.898+0000] {dag.py:3036} INFO - Sync 1 DAGs
[2026-08-21T12:28:35.922+0000] {logging_mixin.py:188} INFO - [2026-08-21T12:28:35.920+0000] {dag.py:3823} INFO - Setting next_dagrun for example_time_delta_sensor_async to None, run_after=None
[2026-08-21T12:28:35.952+0000] {processor.py:183} INFO - Processing /home/airflow/.local/lib/python3.8/site-packages/airflow/example_dags/example_time_delta_sensor_async.py took 0.127 seconds
[2026-08-21T12:29:07.177+0000] {processor.py:161} INFO - Started process (PID=6947) to work on /home/airflow/.local/lib/python3.8/site-packages/airflow/example_dags/example_time_delta_sensor_async.py
[2026-08-21T12:29:07.178+0000] {processor.py:830} INFO - Processing file /home/airflow/.local/lib/python3.8/site-packages/airflow/example_dags/example_time_delta_sensor_async.py for tasks to queue
[2026-08-21T12:29:07.183+0000] {logging_mixin.py:188} INFO - [2026-08-21T12:29:07.183+0000] {dagbag.py:538} INFO - Filling up the DagBag from /home/airflow/.local/lib/python3.8/site-packages/airflow/example_dags/example_time_delta_sensor_async.py
[2026-08-21T12:29:07.190+0000] {processor.py:840} INFO - DAG(s) 'example_time_delta_sensor_async' retrieved from /home/airflow/.local/lib/python3.8/site-packages/airflow/example_dags/example_time_delta_sensor_async.py
[2026-08-21T12:29:07.211+0000] {logging_mixin.py:188} INFO - [2026-08-21T12:29:07.211+0000] {dag.py:3036} INFO - Sync 1 DAGs
[2026-08-21T12:29:07.225+0000] {logging_mixin.py:188} INFO - [2026-08-21T12:29:07.225+0000] {dag.py:3823} INFO - Setting next_dagrun for example_time_delta_sensor_async to None, run_after=None
[2026-08-21T12:29:07.246+0000] {processor.py:183} INFO - Processing /home/airflow/.local/lib/python3.8/site-packages/airflow/example_dags/example_time_delta_sensor_async.py took 0.073 seconds
[2026-08-21T12:29:38.451+0000] {processor.py:161} INFO - Started process (PID=7034) to work on /home/airflow/.local/lib/python3.8/site-packages/airflow/example_dags/example_time_delta_sensor_async.py
[2026-08-21T12:29:38.453+0000] {processor.py:830} INFO - Processing file /home/airflow/.local/lib/python3.8/site-packages/airflow/example_dags/example_time_delta_sensor_async.py for tasks to queue
[2026-08-21T12:29:38.455+0000] {logging_mixin.py:188} INFO - [2026-08-21T12:29:38.455+0000] {dagbag.py:538} INFO - Filling up the DagBag from /home/airflow/.local/lib/python3.8/site-packages/airflow/example_dags/example_time_delta_sensor_async.py
[2026-08-21T12:29:38.463+0000] {processor.py:840} INFO - DAG(s) 'example_time_delta_sensor_async' retrieved from /home/airflow/.local/lib/python3.8/site-packages/airflow/example_dags/example_time_delta_sensor_async.py
[2026-08-21T12:29:38.490+0000] {logging_mixin.py:188} INFO - [2026-08-21T12:29:38.490+0000] {dag.py:3036} INFO - Sync 1 DAGs
[2026-08-21T12:29:38.506+0000] {logging_mixin.py:188} INFO - [2026-08-21T12:29:38.506+0000] {dag.py:3823} INFO - Setting next_dagrun for example_time_delta_sensor_async to None, run_after=None
[2026-08-21T12:29:38.532+0000] {processor.py:183} INFO - Processing /home/airflow/.local/lib/python3.8/site-packages/airflow/example_dags/example_time_delta_sensor_async.py took 0.085 seconds
[2026-08-21T12:30:09.499+0000] {processor.py:161} INFO - Started process (PID=7121) to work on /home/airflow/.local/lib/python3.8/site-packages/airflow/example_dags/example_time_delta_sensor_async.py
[2026-08-21T12:30:09.501+0000] {processor.py:830} INFO - Processing file /home/airflow/.local/lib/python3.8/site-packages/airflow/example_dags/example_time_delta_sensor_async.py for tasks to queue
[2026-08-21T12:30:09.503+0000] {logging_mixin.py:188} INFO - [2026-08-21T12:30:09.503+0000] {dagbag.py:538} INFO - Filling up the DagBag from /home/airflow/.local/lib/python3.8/site-packages/airflow/example_dags/example_time_delta_sensor_async.py
[2026-08-21T12:30:09.510+0000] {processor.py:840} INFO - DAG(s) 'example_time_delta_sensor_async' retrieved from /home/airflow/.local/lib/python3.8/site-packages/airflow/example_dags/example_time_delta_sensor_async.py
[2026-08-21T12:30:09.535+0000] {logging_mixin.py:188} INFO - [2026-08-21T12:30:09.535+0000] {dag.py:3036} INFO - Sync 1 DAGs
[2026-08-21T12:30:09.549+0000] {logging_mixin.py:188} INFO - [2026-08-21T12:30:09.548+0000] {dag.py:3823} INFO - Setting next_dagrun for example_time_delta_sensor_async to None, run_after=None
[2026-08-21T12:30:09.571+0000] {processor.py:183} INFO - Processing /home/airflow/.local/lib/python3.8/site-packages/airflow/example_dags/example_time_delta_sensor_async.py took 0.076 seconds
[2026-08-21T12:30:40.154+0000] {processor.py:161} INFO - Started process (PID=7208) to work on /home/airflow/.local/lib/python3.8/site-packages/airflow/example_dags/example_time_delta_sensor_async.py
[2026-08-21T12:30:40.156+0000] {processor.py:830} INFO - Processing file /home/airflow/.local/lib/python3.8/site-packages/airflow/example_dags/example_time_delta_sensor_async.py for tasks to queue
[2026-08-21T12:30:40.158+0000] {logging_mixin.py:188} INFO - [2026-08-21T12:30:40.158+0000] {dagbag.py:538} INFO - Filling up the DagBag from /home/airflow/.local/lib/python3.8/site-packages/airflow/example_dags/example_time_delta_sensor_async.py
[2026-08-21T12:30:40.165+0000] {processor.py:840} INFO - DAG(s) 'example_time_delta_sensor_async' retrieved from /home/airflow/.local/lib/python3.8/site-packages/airflow/example_dags/example_time_delta_sensor_async.py
[2026-08-21T12:30:40.188+0000] {logging_mixin.py:188} INFO - [2026-08-21T12:30:40.187+0000] {dag.py:3036} INFO - Sync 1 DAGs
[2026-08-21T12:30:40.201+0000] {logging_mixin.py:188} INFO - [2026-08-21T12:30:40.200+0000] {dag.py:3823} INFO - Setting next_dagrun for example_time_delta_sensor_async to None, run_after=None
[2026-08-21T12:30:40.224+0000] {processor.py:183} INFO - Processing /home/airflow/.local/lib/python3.8/site-packages/airflow/example_dags/example_time_delta_sensor_async.py took 0.073 seconds
[2026-08-21T12:31:10.682+0000] {processor.py:161} INFO - Started process (PID=7296) to work on /home/airflow/.local/lib/python3.8/site-packages/airflow/example_dags/example_time_delta_sensor_async.py
[2026-08-21T12:31:10.683+0000] {processor.py:830} INFO - Processing file /home/airflow/.local/lib/python3.8/site-packages/airflow/example_dags/example_time_delta_sensor_async.py for tasks to queue
[2026-08-21T12:31:10.686+0000] {logging_mixin.py:188} INFO - [2026-08-21T12:31:10.685+0000] {dagbag.py:538} INFO - Filling up the DagBag from /home/airflow/.local/lib/python3.8/site-packages/airflow/example_dags/example_time_delta_sensor_async.py
[2026-08-21T12:31:10.692+0000] {processor.py:840} INFO - DAG(s) 'example_time_delta_sensor_async' retrieved from /home/airflow/.local/lib/python3.8/site-packages/airflow/example_dags/example_time_delta_sensor_async.py
[2026-08-21T12:31:10.720+0000] {logging_mixin.py:188} INFO - [2026-08-21T12:31:10.719+0000] {dag.py:3036} INFO - Sync 1 DAGs
[2026-08-21T12:31:10.738+0000] {logging_mixin.py:188} INFO - [2026-08-21T12:31:10.737+0000] {dag.py:3823} INFO - Setting next_dagrun for example_time_delta_sensor_async to None, run_after=None
[2026-08-21T12:31:10.765+0000] {processor.py:183} INFO - Processing /home/airflow/.local/lib/python3.8/site-packages/airflow/example_dags/example_time_delta_sensor_async.py took 0.089 seconds
[2026-08-21T12:31:41.497+0000] {processor.py:161} INFO - Started process (PID=7383) to work on /home/airflow/.local/lib/python3.8/site-packages/airflow/example_dags/example_time_delta_sensor_async.py
[2026-08-21T12:31:41.498+0000] {processor.py:830} INFO - Processing file /home/airflow/.local/lib/python3.8/site-packages/airflow/example_dags/example_time_delta_sensor_async.py for tasks to queue
[2026-08-21T12:31:41.500+0000] {logging_mixin.py:188} INFO - [2026-08-21T12:31:41.500+0000] {dagbag.py:538} INFO - Filling up the DagBag from /home/airflow/.local/lib/python3.8/site-packages/airflow/example_dags/example_time_delta_sensor_async.py
[2026-08-21T12:31:41.506+0000] {processor.py:840} INFO - DAG(s) 'example_time_delta_sensor_async' retrieved from /home/airflow/.local/lib/python3.8/site-packages/airflow/example_dags/example_time_delta_sensor_async.py
[2026-08-21T12:31:41.529+0000] {logging_mixin.py:188} INFO - [2026-08-21T12:31:41.529+0000] {dag.py:3036} INFO - Sync 1 DAGs
[2026-08-21T12:31:41.542+0000] {logging_mixin.py:188} INFO - [2026-08-21T12:31:41.542+0000] {dag.py:3823} INFO - Setting next_dagrun for example_time_delta_sensor_async to None, run_after=None
[2026-08-21T12:31:41.562+0000] {processor.py:183} INFO - Processing /home/airflow/.local/lib/python3.8/site-packages/airflow/example_dags/example_time_delta_sensor_async.py took 0.068 seconds
