[2026-08-21T11:43:25.851+0000] {processor.py:161} INFO - Started process (PID=135) to work on /home/airflow/.local/lib/python3.8/site-packages/airflow/example_dags/example_setup_teardown_taskflow.py
[2026-08-21T11:43:25.852+0000] {processor.py:830} INFO - Processing file /home/airflow/.local/lib/python3.8/site-packages/airflow/example_dags/example_setup_teardown_taskflow.py for tasks to queue
[2026-08-21T11:43:25.855+0000] {logging_mixin.py:188} INFO - [2026-08-21T11:43:25.855+0000] {dagbag.py:538} INFO - Filling up the DagBag from /home/airflow/.local/lib/python3.8/site-packages/airflow/example_dags/example_setup_teardown_taskflow.py
[2026-08-21T11:43:25.872+0000] {processor.py:840} INFO - DAG(s) 'example_setup_teardown_taskflow' retrieved from /home/airflow/.local/lib/python3.8/site-packages/airflow/example_dags/example_setup_teardown_taskflow.py
[2026-08-21T11:43:26.068+0000] {logging_mixin.py:188} INFO - [2026-08-21T11:43:26.068+0000] {dag.py:3036} INFO - Sync 1 DAGs
[2026-08-21T11:43:26.109+0000] {logging_mixin.py:188} INFO - [2026-08-21T11:43:26.108+0000] {dag.py:3823} INFO - Setting next_dagrun for example_setup_teardown_taskflow to 2026-08-20 00:00:00+00:00, run_after=2026-08-21 00:00:00+00:00
[2026-08-21T11:43:26.147+0000] {processor.py:183} INFO - Processing /home/airflow/.local/lib/python3.8/site-packages/airflow/example_dags/example_setup_teardown_taskflow.py took 0.301 seconds
[2026-08-21T11:43:57.133+0000] {processor.py:161} INFO - Started process (PID=221) to work on /home/airflow/.local/lib/python3.8/site-packages/airflow/example_dags/example_setup_teardown_taskflow.py
[2026-08-21T11:43:57.135+0000] {processor.py:830} INFO - Processing file /home/airflow/.local/lib/python3.8/site-packages/airflow/example_dags/example_setup_teardown_taskflow.py for tasks to queue
[2026-08-21T11:43:57.137+0000] {logging_mixin.py:188} INFO - [2026-08-21T11:43:57.137+0000] {dagbag.py:538} INFO - Filling up the DagBag from /home/airflow/.local/lib/python3.8/site-packages/airflow/example_dags/example_setup_teardown_taskflow.py
[2026-08-21T11:43:57.150+0000] {processor.py:840} INFO - DAG(s) 'example_setup_teardown_taskflow' retrieved from /home/airflow/.local/lib/python3.8/site-packages/airflow/example_dags/example_setup_teardown_taskflow.py
[2026-08-21T11:43:57.178+0000] {logging_mixin.py:188} INFO - [2026-08-21T11:43:57.178+0000] {dag.py:3036} INFO - Sync 1 DAGs
[2026-08-21T11:43:57.203+0000] {logging_mixin.py:188} INFO - [2026-08-21T11:43:57.202+0000] {dag.py:3823} INFO - Setting next_dagrun for example_setup_teardown_taskflow to 2026-08-20 00:00:00+00:00, run_after=2026-08-21 00:00:00+00:00
[2026-08-21T11:43:57.224+0000] {processor.py:183} INFO - Processing /home/airflow/.local/lib/python3.8/site-packages/airflow/example_dags/example_setup_teardown_taskflow.py took 0.097 seconds
[2026-08-21T11:44:27.476+0000] {processor.py:161} INFO - Started process (PID=307) to work on /home/airflow/.local/lib/python3.8/site-packages/airflow/example_dags/example_setup_teardown_taskflow.py
[2026-08-21T11:44:27.477+0000] {processor.py:830} INFO - Processing file /home/airflow/.local/lib/python3.8/site-packages/airflow/example_dags/example_setup_teardown_taskflow.py for tasks to queue
[2026-08-21T11:44:27.479+0000] {logging_mixin.py:188} INFO - [2026-08-21T11:44:27.479+0000] {dagbag.py:538} INFO - Filling up the DagBag from /home/airflow/.local/lib/python3.8/site-packages/airflow/example_dags/example_setup_teardown_taskflow.py
[2026-08-21T11:44:27.488+0000] {processor.py:840} INFO - DAG(s) 'example_setup_teardown_taskflow' retrieved from /home/airflow/.local/lib/python3.8/site-packages/airflow/example_dags/example_setup_teardown_taskflow.py
[2026-08-21T11:44:27.499+0000] {logging_mixin.py:188} INFO - [2026-08-21T11:44:27.499+0000] {dag.py:3036} INFO - Sync 1 DAGs
[2026-08-21T11:44:27.520+0000] {logging_mixin.py:188} INFO - [2026-08-21T11:44:27.520+0000] {dag.py:3823} INFO - Setting next_dagrun for example_setup_teardown_taskflow to 2026-08-20 00:00:00+00:00, run_after=2026-08-21 00:00:00+00:00
[2026-08-21T11:44:27.543+0000] {processor.py:183} INFO - Processing /home/airflow/.local/lib/python3.8/site-packages/airflow/example_dags/example_setup_teardown_taskflow.py took 0.073 seconds
[2026-08-21T11:45:02.117+0000] {processor.py:161} INFO - Started process (PID=402) to work on /home/airflow/.local/lib/python3.8/site-packages/airflow/example_dags/example_setup_teardown_taskflow.py
[2026-08-21T11:45:02.120+0000] {processor.py:830} INFO - Processing file /home/airflow/.local/lib/python3.8/site-packages/airflow/example_dags/example_setup_teardown_taskflow.py for tasks to queue
[2026-08-21T11:45:02.124+0000] {logging_mixin.py:188} INFO - [2026-08-21T11:45:02.123+0000] {dagbag.py:538} INFO - Filling up the DagBag from /home/airflow/.local/lib/python3.8/site-packages/airflow/example_dags/example_setup_teardown_taskflow.py
[2026-08-21T11:45:02.155+0000] {processor.py:840} INFO - DAG(s) 'example_setup_teardown_taskflow' retrieved from /home/airflow/.local/lib/python3.8/site-packages/airflow/example_dags/example_setup_teardown_taskflow.py
[2026-08-21T11:45:02.185+0000] {logging_mixin.py:188} INFO - [2026-08-21T11:45:02.184+0000] {dag.py:3036} INFO - Sync 1 DAGs
[2026-08-21T11:45:02.259+0000] {logging_mixin.py:188} INFO - [2026-08-21T11:45:02.258+0000] {dag.py:3823} INFO - Setting next_dagrun for example_setup_teardown_taskflow to 2026-08-20 00:00:00+00:00, run_after=2026-08-21 00:00:00+00:00
[2026-08-21T11:45:02.337+0000] {processor.py:183} INFO - Processing /home/airflow/.local/lib/python3.8/site-packages/airflow/example_dags/example_setup_teardown_taskflow.py took 0.227 seconds
[2026-08-21T11:45:32.885+0000] {processor.py:161} INFO - Started process (PID=492) to work on /home/airflow/.local/lib/python3.8/site-packages/airflow/example_dags/example_setup_teardown_taskflow.py
[2026-08-21T11:45:32.887+0000] {processor.py:830} INFO - Processing file /home/airflow/.local/lib/python3.8/site-packages/airflow/example_dags/example_setup_teardown_taskflow.py for tasks to queue
[2026-08-21T11:45:32.890+0000] {logging_mixin.py:188} INFO - [2026-08-21T11:45:32.890+0000] {dagbag.py:538} INFO - Filling up the DagBag from /home/airflow/.local/lib/python3.8/site-packages/airflow/example_dags/example_setup_teardown_taskflow.py
[2026-08-21T11:45:32.902+0000] {processor.py:840} INFO - DAG(s) 'example_setup_teardown_taskflow' retrieved from /home/airflow/.local/lib/python3.8/site-packages/airflow/example_dags/example_setup_teardown_taskflow.py
[2026-08-21T11:45:33.030+0000] {logging_mixin.py:188} INFO - [2026-08-21T11:45:33.029+0000] {dag.py:3036} INFO - Sync 1 DAGs
[2026-08-21T11:45:33.053+0000] {logging_mixin.py:188} INFO - [2026-08-21T11:45:33.053+0000] {dag.py:3823} INFO - Setting next_dagrun for example_setup_teardown_taskflow to 2026-08-20 00:00:00+00:00, run_after=2026-08-21 00:00:00+00:00
[2026-08-21T11:45:33.078+0000] {processor.py:183} INFO - Processing /home/airflow/.local/lib/python3.8/site-packages/airflow/example_dags/example_setup_teardown_taskflow.py took 0.197 seconds
[2026-08-21T11:46:03.339+0000] {processor.py:161} INFO - Started process (PID=578) to work on /home/airflow/.local/lib/python3.8/site-packages/airflow/example_dags/example_setup_teardown_taskflow.py
[2026-08-21T11:46:03.340+0000] {processor.py:830} INFO - Processing file /home/airflow/.local/lib/python3.8/site-packages/airflow/example_dags/example_setup_teardown_taskflow.py for tasks to queue
[2026-08-21T11:46:03.342+0000] {logging_mixin.py:188} INFO - [2026-08-21T11:46:03.342+0000] {dagbag.py:538} INFO - Filling up the DagBag from /home/airflow/.local/lib/python3.8/site-packages/airflow/example_dags/example_setup_teardown_taskflow.py
[2026-08-21T11:46:03.352+0000] {processor.py:840} INFO - DAG(s) 'example_setup_teardown_taskflow' retrieved from /home/airflow/.local/lib/python3.8/site-packages/airflow/example_dags/example_setup_teardown_taskflow.py
[2026-08-21T11:46:03.365+0000] {logging_mixin.py:188} INFO - [2026-08-21T11:46:03.365+0000] {dag.py:3036} INFO - Sync 1 DAGs
[2026-08-21T11:46:03.388+0000] {logging_mixin.py:188} INFO - [2026-08-21T11:46:03.388+0000] {dag.py:3823} INFO - Setting next_dagrun for example_setup_teardown_taskflow to 2026-08-20 00:00:00+00:00, run_after=2026-08-21 00:00:00+00:00
[2026-08-21T11:46:03.409+0000] {processor.py:183} INFO - Processing /home/airflow/.local/lib/python3.8/site-packages/airflow/example_dags/example_setup_teardown_taskflow.py took 0.073 seconds
[2026-08-21T11:46:33.788+0000] {processor.py:161} INFO - Started process (PID=669) to work on /home/airflow/.local/lib/python3.8/site-packages/airflow/example_dags/example_setup_teardown_taskflow.py
[2026-08-21T11:46:33.789+0000] {processor.py:830} INFO - Processing file /home/airflow/.local/lib/python3.8/site-packages/airflow/example_dags/example_setup_teardown_taskflow.py for tasks to queue
[2026-08-21T11:46:33.791+0000] {logging_mixin.py:188} INFO - [2026-08-21T11:46:33.791+0000] {dagbag.py:538} INFO - Filling up the DagBag from /home/airflow/.local/lib/python3.8/site-packages/airflow/example_dags/example_setup_teardown_taskflow.py
[2026-08-21T11:46:33.800+0000] {processor.py:840} INFO - DAG(s) 'example_setup_teardown_taskflow' retrieved from /home/airflow/.local/lib/python3.8/site-packages/airflow/example_dags/example_setup_teardown_taskflow.py
[2026-08-21T11:46:33.813+0000] {logging_mixin.py:188} INFO - [2026-08-21T11:46:33.813+0000] {dag.py:3036} INFO - Sync 1 DAGs
[2026-08-21T11:46:33.838+0000] {logging_mixin.py:188} INFO - [2026-08-21T11:46:33.838+0000] {dag.py:3823} INFO - Setting next_dagrun for example_setup_teardown_taskflow to 2026-08-20 00:00:00+00:00, run_after=2026-08-21 00:00:00+00:00
[2026-08-21T11:46:33.860+0000] {processor.py:183} INFO - Processing /home/airflow/.local/lib/python3.8/site-packages/airflow/example_dags/example_setup_teardown_taskflow.py took 0.076 seconds
[2026-08-21T11:47:06.998+0000] {processor.py:161} INFO - Started process (PID=754) to work on /home/airflow/.local/lib/python3.8/site-packages/airflow/example_dags/example_setup_teardown_taskflow.py
[2026-08-21T11:47:07.000+0000] {processor.py:830} INFO - Processing file /home/airflow/.local/lib/python3.8/site-packages/airflow/example_dags/example_setup_teardown_taskflow.py for tasks to queue
[2026-08-21T11:47:07.003+0000] {logging_mixin.py:188} INFO - [2026-08-21T11:47:07.002+0000] {dagbag.py:538} INFO - Filling up the DagBag from /home/airflow/.local/lib/python3.8/site-packages/airflow/example_dags/example_setup_teardown_taskflow.py
[2026-08-21T11:47:07.013+0000] {processor.py:840} INFO - DAG(s) 'example_setup_teardown_taskflow' retrieved from /home/airflow/.local/lib/python3.8/site-packages/airflow/example_dags/example_setup_teardown_taskflow.py
[2026-08-21T11:47:07.279+0000] {logging_mixin.py:188} INFO - [2026-08-21T11:47:07.279+0000] {dag.py:3036} INFO - Sync 1 DAGs
[2026-08-21T11:47:07.301+0000] {logging_mixin.py:188} INFO - [2026-08-21T11:47:07.301+0000] {dag.py:3823} INFO - Setting next_dagrun for example_setup_teardown_taskflow to 2026-08-20 00:00:00+00:00, run_after=2026-08-21 00:00:00+00:00
[2026-08-21T11:47:07.325+0000] {processor.py:183} INFO - Processing /home/airflow/.local/lib/python3.8/site-packages/airflow/example_dags/example_setup_teardown_taskflow.py took 0.332 seconds
[2026-08-21T11:47:37.616+0000] {processor.py:161} INFO - Started process (PID=840) to work on /home/airflow/.local/lib/python3.8/site-packages/airflow/example_dags/example_setup_teardown_taskflow.py
[2026-08-21T11:47:37.618+0000] {processor.py:830} INFO - Processing file /home/airflow/.local/lib/python3.8/site-packages/airflow/example_dags/example_setup_teardown_taskflow.py for tasks to queue
[2026-08-21T11:47:37.620+0000] {logging_mixin.py:188} INFO - [2026-08-21T11:47:37.619+0000] {dagbag.py:538} INFO - Filling up the DagBag from /home/airflow/.local/lib/python3.8/site-packages/airflow/example_dags/example_setup_teardown_taskflow.py
[2026-08-21T11:47:37.629+0000] {processor.py:840} INFO - DAG(s) 'example_setup_teardown_taskflow' retrieved from /home/airflow/.local/lib/python3.8/site-packages/airflow/example_dags/example_setup_teardown_taskflow.py
[2026-08-21T11:47:37.660+0000] {logging_mixin.py:188} INFO - [2026-08-21T11:47:37.660+0000] {dag.py:3036} INFO - Sync 1 DAGs
[2026-08-21T11:47:37.685+0000] {logging_mixin.py:188} INFO - [2026-08-21T11:47:37.684+0000] {dag.py:3823} INFO - Setting next_dagrun for example_setup_teardown_taskflow to 2026-08-20 00:00:00+00:00, run_after=2026-08-21 00:00:00+00:00
[2026-08-21T11:47:37.704+0000] {processor.py:183} INFO - Processing /home/airflow/.local/lib/python3.8/site-packages/airflow/example_dags/example_setup_teardown_taskflow.py took 0.092 seconds
[2026-08-21T11:48:07.984+0000] {processor.py:161} INFO - Started process (PID=927) to work on /home/airflow/.local/lib/python3.8/site-packages/airflow/example_dags/example_setup_teardown_taskflow.py
[2026-08-21T11:48:07.985+0000] {processor.py:830} INFO - Processing file /home/airflow/.local/lib/python3.8/site-packages/airflow/example_dags/example_setup_teardown_taskflow.py for tasks to queue
[2026-08-21T11:48:07.987+0000] {logging_mixin.py:188} INFO - [2026-08-21T11:48:07.987+0000] {dagbag.py:538} INFO - Filling up the DagBag from /home/airflow/.local/lib/python3.8/site-packages/airflow/example_dags/example_setup_teardown_taskflow.py
[2026-08-21T11:48:07.997+0000] {processor.py:840} INFO - DAG(s) 'example_setup_teardown_taskflow' retrieved from /home/airflow/.local/lib/python3.8/site-packages/airflow/example_dags/example_setup_teardown_taskflow.py
[2026-08-21T11:48:08.021+0000] {logging_mixin.py:188} INFO - [2026-08-21T11:48:08.021+0000] {dag.py:3036} INFO - Sync 1 DAGs
[2026-08-21T11:48:08.048+0000] {logging_mixin.py:188} INFO - [2026-08-21T11:48:08.048+0000] {dag.py:3823} INFO - Setting next_dagrun for example_setup_teardown_taskflow to 2026-08-20 00:00:00+00:00, run_after=2026-08-21 00:00:00+00:00
[2026-08-21T11:48:08.096+0000] {processor.py:183} INFO - Processing /home/airflow/.local/lib/python3.8/site-packages/airflow/example_dags/example_setup_teardown_taskflow.py took 0.116 seconds
[2026-08-21T11:48:46.756+0000] {processor.py:161} INFO - Started process (PID=104) to work on /home/airflow/.local/lib/python3.8/site-packages/airflow/example_dags/example_setup_teardown_taskflow.py
[2026-08-21T11:48:46.757+0000] {processor.py:830} INFO - Processing file /home/airflow/.local/lib/python3.8/site-packages/airflow/example_dags/example_setup_teardown_taskflow.py for tasks to queue
[2026-08-21T11:48:46.759+0000] {logging_mixin.py:188} INFO - [2026-08-21T11:48:46.759+0000] {dagbag.py:538} INFO - Filling up the DagBag from /home/airflow/.local/lib/python3.8/site-packages/airflow/example_dags/example_setup_teardown_taskflow.py
[2026-08-21T11:48:46.768+0000] {processor.py:840} INFO - DAG(s) 'example_setup_teardown_taskflow' retrieved from /home/airflow/.local/lib/python3.8/site-packages/airflow/example_dags/example_setup_teardown_taskflow.py
[2026-08-21T11:48:46.789+0000] {logging_mixin.py:188} INFO - [2026-08-21T11:48:46.789+0000] {dag.py:3036} INFO - Sync 1 DAGs
[2026-08-21T11:48:46.813+0000] {logging_mixin.py:188} INFO - [2026-08-21T11:48:46.813+0000] {dag.py:3823} INFO - Setting next_dagrun for example_setup_teardown_taskflow to 2026-08-20 00:00:00+00:00, run_after=2026-08-21 00:00:00+00:00
[2026-08-21T11:48:46.867+0000] {processor.py:183} INFO - Processing /home/airflow/.local/lib/python3.8/site-packages/airflow/example_dags/example_setup_teardown_taskflow.py took 0.114 seconds
[2026-08-21T11:49:18.206+0000] {processor.py:161} INFO - Started process (PID=192) to work on /home/airflow/.local/lib/python3.8/site-packages/airflow/example_dags/example_setup_teardown_taskflow.py
[2026-08-21T11:49:18.207+0000] {processor.py:830} INFO - Processing file /home/airflow/.local/lib/python3.8/site-packages/airflow/example_dags/example_setup_teardown_taskflow.py for tasks to queue
[2026-08-21T11:49:18.210+0000] {logging_mixin.py:188} INFO - [2026-08-21T11:49:18.209+0000] {dagbag.py:538} INFO - Filling up the DagBag from /home/airflow/.local/lib/python3.8/site-packages/airflow/example_dags/example_setup_teardown_taskflow.py
[2026-08-21T11:49:18.219+0000] {processor.py:840} INFO - DAG(s) 'example_setup_teardown_taskflow' retrieved from /home/airflow/.local/lib/python3.8/site-packages/airflow/example_dags/example_setup_teardown_taskflow.py
[2026-08-21T11:49:18.240+0000] {logging_mixin.py:188} INFO - [2026-08-21T11:49:18.240+0000] {dag.py:3036} INFO - Sync 1 DAGs
[2026-08-21T11:49:18.266+0000] {logging_mixin.py:188} INFO - [2026-08-21T11:49:18.266+0000] {dag.py:3823} INFO - Setting next_dagrun for example_setup_teardown_taskflow to 2026-08-20 00:00:00+00:00, run_after=2026-08-21 00:00:00+00:00
[2026-08-21T11:49:18.323+0000] {processor.py:183} INFO - Processing /home/airflow/.local/lib/python3.8/site-packages/airflow/example_dags/example_setup_teardown_taskflow.py took 0.121 seconds
[2026-08-21T11:49:48.440+0000] {processor.py:161} INFO - Started process (PID=281) to work on /home/airflow/.local/lib/python3.8/site-packages/airflow/example_dags/example_setup_teardown_taskflow.py
[2026-08-21T11:49:48.441+0000] {processor.py:830} INFO - Processing file /home/airflow/.local/lib/python3.8/site-packages/airflow/example_dags/example_setup_teardown_taskflow.py for tasks to queue
[2026-08-21T11:49:48.443+0000] {logging_mixin.py:188} INFO - [2026-08-21T11:49:48.443+0000] {dagbag.py:538} INFO - Filling up the DagBag from /home/airflow/.local/lib/python3.8/site-packages/airflow/example_dags/example_setup_teardown_taskflow.py
[2026-08-21T11:49:48.453+0000] {processor.py:840} INFO - DAG(s) 'example_setup_teardown_taskflow' retrieved from /home/airflow/.local/lib/python3.8/site-packages/airflow/example_dags/example_setup_teardown_taskflow.py
[2026-08-21T11:49:48.484+0000] {logging_mixin.py:188} INFO - [2026-08-21T11:49:48.484+0000] {dag.py:3036} INFO - Sync 1 DAGs
[2026-08-21T11:49:48.508+0000] {logging_mixin.py:188} INFO - [2026-08-21T11:49:48.507+0000] {dag.py:3823} INFO - Setting next_dagrun for example_setup_teardown_taskflow to 2026-08-20 00:00:00+00:00, run_after=2026-08-21 00:00:00+00:00
[2026-08-21T11:49:48.527+0000] {processor.py:183} INFO - Processing /home/airflow/.local/lib/python3.8/site-packages/airflow/example_dags/example_setup_teardown_taskflow.py took 0.092 seconds
[2026-08-21T11:50:19.323+0000] {processor.py:161} INFO - Started process (PID=369) to work on /home/airflow/.local/lib/python3.8/site-packages/airflow/example_dags/example_setup_teardown_taskflow.py
[2026-08-21T11:50:19.324+0000] {processor.py:830} INFO - Processing file /home/airflow/.local/lib/python3.8/site-packages/airflow/example_dags/example_setup_teardown_taskflow.py for tasks to queue
[2026-08-21T11:50:19.326+0000] {logging_mixin.py:188} INFO - [2026-08-21T11:50:19.326+0000] {dagbag.py:538} INFO - Filling up the DagBag from /home/airflow/.local/lib/python3.8/site-packages/airflow/example_dags/example_setup_teardown_taskflow.py
[2026-08-21T11:50:19.336+0000] {processor.py:840} INFO - DAG(s) 'example_setup_teardown_taskflow' retrieved from /home/airflow/.local/lib/python3.8/site-packages/airflow/example_dags/example_setup_teardown_taskflow.py
[2026-08-21T11:50:19.358+0000] {logging_mixin.py:188} INFO - [2026-08-21T11:50:19.357+0000] {dag.py:3036} INFO - Sync 1 DAGs
[2026-08-21T11:50:19.378+0000] {logging_mixin.py:188} INFO - [2026-08-21T11:50:19.378+0000] {dag.py:3823} INFO - Setting next_dagrun for example_setup_teardown_taskflow to 2026-08-20 00:00:00+00:00, run_after=2026-08-21 00:00:00+00:00
[2026-08-21T11:50:19.397+0000] {processor.py:183} INFO - Processing /home/airflow/.local/lib/python3.8/site-packages/airflow/example_dags/example_setup_teardown_taskflow.py took 0.078 seconds
[2026-08-21T11:50:51.315+0000] {processor.py:161} INFO - Started process (PID=457) to work on /home/airflow/.local/lib/python3.8/site-packages/airflow/example_dags/example_setup_teardown_taskflow.py
[2026-08-21T11:50:51.317+0000] {processor.py:830} INFO - Processing file /home/airflow/.local/lib/python3.8/site-packages/airflow/example_dags/example_setup_teardown_taskflow.py for tasks to queue
[2026-08-21T11:50:51.320+0000] {logging_mixin.py:188} INFO - [2026-08-21T11:50:51.320+0000] {dagbag.py:538} INFO - Filling up the DagBag from /home/airflow/.local/lib/python3.8/site-packages/airflow/example_dags/example_setup_teardown_taskflow.py
[2026-08-21T11:50:51.333+0000] {processor.py:840} INFO - DAG(s) 'example_setup_teardown_taskflow' retrieved from /home/airflow/.local/lib/python3.8/site-packages/airflow/example_dags/example_setup_teardown_taskflow.py
[2026-08-21T11:50:51.361+0000] {logging_mixin.py:188} INFO - [2026-08-21T11:50:51.361+0000] {dag.py:3036} INFO - Sync 1 DAGs
[2026-08-21T11:50:51.384+0000] {logging_mixin.py:188} INFO - [2026-08-21T11:50:51.384+0000] {dag.py:3823} INFO - Setting next_dagrun for example_setup_teardown_taskflow to 2026-08-20 00:00:00+00:00, run_after=2026-08-21 00:00:00+00:00
[2026-08-21T11:50:51.408+0000] {processor.py:183} INFO - Processing /home/airflow/.local/lib/python3.8/site-packages/airflow/example_dags/example_setup_teardown_taskflow.py took 0.099 seconds
[2026-08-21T11:51:22.296+0000] {processor.py:161} INFO - Started process (PID=545) to work on /home/airflow/.local/lib/python3.8/site-packages/airflow/example_dags/example_setup_teardown_taskflow.py
[2026-08-21T11:51:22.298+0000] {processor.py:830} INFO - Processing file /home/airflow/.local/lib/python3.8/site-packages/airflow/example_dags/example_setup_teardown_taskflow.py for tasks to queue
[2026-08-21T11:51:22.300+0000] {logging_mixin.py:188} INFO - [2026-08-21T11:51:22.299+0000] {dagbag.py:538} INFO - Filling up the DagBag from /home/airflow/.local/lib/python3.8/site-packages/airflow/example_dags/example_setup_teardown_taskflow.py
[2026-08-21T11:51:22.309+0000] {processor.py:840} INFO - DAG(s) 'example_setup_teardown_taskflow' retrieved from /home/airflow/.local/lib/python3.8/site-packages/airflow/example_dags/example_setup_teardown_taskflow.py
[2026-08-21T11:51:22.330+0000] {logging_mixin.py:188} INFO - [2026-08-21T11:51:22.330+0000] {dag.py:3036} INFO - Sync 1 DAGs
[2026-08-21T11:51:22.350+0000] {logging_mixin.py:188} INFO - [2026-08-21T11:51:22.350+0000] {dag.py:3823} INFO - Setting next_dagrun for example_setup_teardown_taskflow to 2026-08-20 00:00:00+00:00, run_after=2026-08-21 00:00:00+00:00
[2026-08-21T11:51:22.369+0000] {processor.py:183} INFO - Processing /home/airflow/.local/lib/python3.8/site-packages/airflow/example_dags/example_setup_teardown_taskflow.py took 0.076 seconds
[2026-08-21T11:51:52.996+0000] {processor.py:161} INFO - Started process (PID=633) to work on /home/airflow/.local/lib/python3.8/site-packages/airflow/example_dags/example_setup_teardown_taskflow.py
[2026-08-21T11:51:52.997+0000] {processor.py:830} INFO - Processing file /home/airflow/.local/lib/python3.8/site-packages/airflow/example_dags/example_setup_teardown_taskflow.py for tasks to queue
[2026-08-21T11:51:52.999+0000] {logging_mixin.py:188} INFO - [2026-08-21T11:51:52.999+0000] {dagbag.py:538} INFO - Filling up the DagBag from /home/airflow/.local/lib/python3.8/site-packages/airflow/example_dags/example_setup_teardown_taskflow.py
[2026-08-21T11:51:53.008+0000] {processor.py:840} INFO - DAG(s) 'example_setup_teardown_taskflow' retrieved from /home/airflow/.local/lib/python3.8/site-packages/airflow/example_dags/example_setup_teardown_taskflow.py
[2026-08-21T11:51:53.030+0000] {logging_mixin.py:188} INFO - [2026-08-21T11:51:53.030+0000] {dag.py:3036} INFO - Sync 1 DAGs
[2026-08-21T11:51:53.051+0000] {logging_mixin.py:188} INFO - [2026-08-21T11:51:53.051+0000] {dag.py:3823} INFO - Setting next_dagrun for example_setup_teardown_taskflow to 2026-08-20 00:00:00+00:00, run_after=2026-08-21 00:00:00+00:00
[2026-08-21T11:51:53.074+0000] {processor.py:183} INFO - Processing /home/airflow/.local/lib/python3.8/site-packages/airflow/example_dags/example_setup_teardown_taskflow.py took 0.082 seconds
[2026-08-21T11:52:23.640+0000] {processor.py:161} INFO - Started process (PID=721) to work on /home/airflow/.local/lib/python3.8/site-packages/airflow/example_dags/example_setup_teardown_taskflow.py
[2026-08-21T11:52:23.641+0000] {processor.py:830} INFO - Processing file /home/airflow/.local/lib/python3.8/site-packages/airflow/example_dags/example_setup_teardown_taskflow.py for tasks to queue
[2026-08-21T11:52:23.643+0000] {logging_mixin.py:188} INFO - [2026-08-21T11:52:23.643+0000] {dagbag.py:538} INFO - Filling up the DagBag from /home/airflow/.local/lib/python3.8/site-packages/airflow/example_dags/example_setup_teardown_taskflow.py
[2026-08-21T11:52:23.652+0000] {processor.py:840} INFO - DAG(s) 'example_setup_teardown_taskflow' retrieved from /home/airflow/.local/lib/python3.8/site-packages/airflow/example_dags/example_setup_teardown_taskflow.py
[2026-08-21T11:52:23.672+0000] {logging_mixin.py:188} INFO - [2026-08-21T11:52:23.672+0000] {dag.py:3036} INFO - Sync 1 DAGs
[2026-08-21T11:52:23.691+0000] {logging_mixin.py:188} INFO - [2026-08-21T11:52:23.691+0000] {dag.py:3823} INFO - Setting next_dagrun for example_setup_teardown_taskflow to 2026-08-20 00:00:00+00:00, run_after=2026-08-21 00:00:00+00:00
[2026-08-21T11:52:23.709+0000] {processor.py:183} INFO - Processing /home/airflow/.local/lib/python3.8/site-packages/airflow/example_dags/example_setup_teardown_taskflow.py took 0.073 seconds
[2026-08-21T11:52:54.222+0000] {processor.py:161} INFO - Started process (PID=809) to work on /home/airflow/.local/lib/python3.8/site-packages/airflow/example_dags/example_setup_teardown_taskflow.py
[2026-08-21T11:52:54.224+0000] {processor.py:830} INFO - Processing file /home/airflow/.local/lib/python3.8/site-packages/airflow/example_dags/example_setup_teardown_taskflow.py for tasks to queue
[2026-08-21T11:52:54.226+0000] {logging_mixin.py:188} INFO - [2026-08-21T11:52:54.225+0000] {dagbag.py:538} INFO - Filling up the DagBag from /home/airflow/.local/lib/python3.8/site-packages/airflow/example_dags/example_setup_teardown_taskflow.py
[2026-08-21T11:52:54.234+0000] {processor.py:840} INFO - DAG(s) 'example_setup_teardown_taskflow' retrieved from /home/airflow/.local/lib/python3.8/site-packages/airflow/example_dags/example_setup_teardown_taskflow.py
[2026-08-21T11:52:54.255+0000] {logging_mixin.py:188} INFO - [2026-08-21T11:52:54.255+0000] {dag.py:3036} INFO - Sync 1 DAGs
[2026-08-21T11:52:54.273+0000] {logging_mixin.py:188} INFO - [2026-08-21T11:52:54.273+0000] {dag.py:3823} INFO - Setting next_dagrun for example_setup_teardown_taskflow to 2026-08-20 00:00:00+00:00, run_after=2026-08-21 00:00:00+00:00
[2026-08-21T11:52:54.292+0000] {processor.py:183} INFO - Processing /home/airflow/.local/lib/python3.8/site-packages/airflow/example_dags/example_setup_teardown_taskflow.py took 0.073 seconds
[2026-08-21T11:53:24.857+0000] {processor.py:161} INFO - Started process (PID=897) to work on /home/airflow/.local/lib/python3.8/site-packages/airflow/example_dags/example_setup_teardown_taskflow.py
[2026-08-21T11:53:24.859+0000] {processor.py:830} INFO - Processing file /home/airflow/.local/lib/python3.8/site-packages/airflow/example_dags/example_setup_teardown_taskflow.py for tasks to queue
[2026-08-21T11:53:24.860+0000] {logging_mixin.py:188} INFO - [2026-08-21T11:53:24.860+0000] {dagbag.py:538} INFO - Filling up the DagBag from /home/airflow/.local/lib/python3.8/site-packages/airflow/example_dags/example_setup_teardown_taskflow.py
[2026-08-21T11:53:24.869+0000] {processor.py:840} INFO - DAG(s) 'example_setup_teardown_taskflow' retrieved from /home/airflow/.local/lib/python3.8/site-packages/airflow/example_dags/example_setup_teardown_taskflow.py
[2026-08-21T11:53:24.889+0000] {logging_mixin.py:188} INFO - [2026-08-21T11:53:24.889+0000] {dag.py:3036} INFO - Sync 1 DAGs
[2026-08-21T11:53:24.908+0000] {logging_mixin.py:188} INFO - [2026-08-21T11:53:24.907+0000] {dag.py:3823} INFO - Setting next_dagrun for example_setup_teardown_taskflow to 2026-08-20 00:00:00+00:00, run_after=2026-08-21 00:00:00+00:00
[2026-08-21T11:53:24.926+0000] {processor.py:183} INFO - Processing /home/airflow/.local/lib/python3.8/site-packages/airflow/example_dags/example_setup_teardown_taskflow.py took 0.072 seconds
[2026-08-21T11:53:55.480+0000] {processor.py:161} INFO - Started process (PID=984) to work on /home/airflow/.local/lib/python3.8/site-packages/airflow/example_dags/example_setup_teardown_taskflow.py
[2026-08-21T11:53:55.481+0000] {processor.py:830} INFO - Processing file /home/airflow/.local/lib/python3.8/site-packages/airflow/example_dags/example_setup_teardown_taskflow.py for tasks to queue
[2026-08-21T11:53:55.483+0000] {logging_mixin.py:188} INFO - [2026-08-21T11:53:55.483+0000] {dagbag.py:538} INFO - Filling up the DagBag from /home/airflow/.local/lib/python3.8/site-packages/airflow/example_dags/example_setup_teardown_taskflow.py
[2026-08-21T11:53:55.493+0000] {processor.py:840} INFO - DAG(s) 'example_setup_teardown_taskflow' retrieved from /home/airflow/.local/lib/python3.8/site-packages/airflow/example_dags/example_setup_teardown_taskflow.py
[2026-08-21T11:53:55.514+0000] {logging_mixin.py:188} INFO - [2026-08-21T11:53:55.514+0000] {dag.py:3036} INFO - Sync 1 DAGs
[2026-08-21T11:53:55.534+0000] {logging_mixin.py:188} INFO - [2026-08-21T11:53:55.534+0000] {dag.py:3823} INFO - Setting next_dagrun for example_setup_teardown_taskflow to 2026-08-20 00:00:00+00:00, run_after=2026-08-21 00:00:00+00:00
[2026-08-21T11:53:55.553+0000] {processor.py:183} INFO - Processing /home/airflow/.local/lib/python3.8/site-packages/airflow/example_dags/example_setup_teardown_taskflow.py took 0.077 seconds
[2026-08-21T11:54:26.769+0000] {processor.py:161} INFO - Started process (PID=1071) to work on /home/airflow/.local/lib/python3.8/site-packages/airflow/example_dags/example_setup_teardown_taskflow.py
[2026-08-21T11:54:26.770+0000] {processor.py:830} INFO - Processing file /home/airflow/.local/lib/python3.8/site-packages/airflow/example_dags/example_setup_teardown_taskflow.py for tasks to queue
[2026-08-21T11:54:26.772+0000] {logging_mixin.py:188} INFO - [2026-08-21T11:54:26.772+0000] {dagbag.py:538} INFO - Filling up the DagBag from /home/airflow/.local/lib/python3.8/site-packages/airflow/example_dags/example_setup_teardown_taskflow.py
[2026-08-21T11:54:26.782+0000] {processor.py:840} INFO - DAG(s) 'example_setup_teardown_taskflow' retrieved from /home/airflow/.local/lib/python3.8/site-packages/airflow/example_dags/example_setup_teardown_taskflow.py
[2026-08-21T11:54:26.804+0000] {logging_mixin.py:188} INFO - [2026-08-21T11:54:26.804+0000] {dag.py:3036} INFO - Sync 1 DAGs
[2026-08-21T11:54:26.827+0000] {logging_mixin.py:188} INFO - [2026-08-21T11:54:26.827+0000] {dag.py:3823} INFO - Setting next_dagrun for example_setup_teardown_taskflow to 2026-08-20 00:00:00+00:00, run_after=2026-08-21 00:00:00+00:00
[2026-08-21T11:54:26.845+0000] {processor.py:183} INFO - Processing /home/airflow/.local/lib/python3.8/site-packages/airflow/example_dags/example_setup_teardown_taskflow.py took 0.080 seconds
[2026-08-21T11:54:58.138+0000] {processor.py:161} INFO - Started process (PID=1158) to work on /home/airflow/.local/lib/python3.8/site-packages/airflow/example_dags/example_setup_teardown_taskflow.py
[2026-08-21T11:54:58.139+0000] {processor.py:830} INFO - Processing file /home/airflow/.local/lib/python3.8/site-packages/airflow/example_dags/example_setup_teardown_taskflow.py for tasks to queue
[2026-08-21T11:54:58.142+0000] {logging_mixin.py:188} INFO - [2026-08-21T11:54:58.141+0000] {dagbag.py:538} INFO - Filling up the DagBag from /home/airflow/.local/lib/python3.8/site-packages/airflow/example_dags/example_setup_teardown_taskflow.py
[2026-08-21T11:54:58.151+0000] {processor.py:840} INFO - DAG(s) 'example_setup_teardown_taskflow' retrieved from /home/airflow/.local/lib/python3.8/site-packages/airflow/example_dags/example_setup_teardown_taskflow.py
[2026-08-21T11:54:58.177+0000] {logging_mixin.py:188} INFO - [2026-08-21T11:54:58.177+0000] {dag.py:3036} INFO - Sync 1 DAGs
[2026-08-21T11:54:58.197+0000] {logging_mixin.py:188} INFO - [2026-08-21T11:54:58.197+0000] {dag.py:3823} INFO - Setting next_dagrun for example_setup_teardown_taskflow to 2026-08-20 00:00:00+00:00, run_after=2026-08-21 00:00:00+00:00
[2026-08-21T11:54:58.220+0000] {processor.py:183} INFO - Processing /home/airflow/.local/lib/python3.8/site-packages/airflow/example_dags/example_setup_teardown_taskflow.py took 0.086 seconds
[2026-08-21T11:55:28.577+0000] {processor.py:161} INFO - Started process (PID=1246) to work on /home/airflow/.local/lib/python3.8/site-packages/airflow/example_dags/example_setup_teardown_taskflow.py
[2026-08-21T11:55:28.579+0000] {processor.py:830} INFO - Processing file /home/airflow/.local/lib/python3.8/site-packages/airflow/example_dags/example_setup_teardown_taskflow.py for tasks to queue
[2026-08-21T11:55:28.582+0000] {logging_mixin.py:188} INFO - [2026-08-21T11:55:28.581+0000] {dagbag.py:538} INFO - Filling up the DagBag from /home/airflow/.local/lib/python3.8/site-packages/airflow/example_dags/example_setup_teardown_taskflow.py
[2026-08-21T11:55:28.593+0000] {processor.py:840} INFO - DAG(s) 'example_setup_teardown_taskflow' retrieved from /home/airflow/.local/lib/python3.8/site-packages/airflow/example_dags/example_setup_teardown_taskflow.py
[2026-08-21T11:55:28.615+0000] {logging_mixin.py:188} INFO - [2026-08-21T11:55:28.615+0000] {dag.py:3036} INFO - Sync 1 DAGs
[2026-08-21T11:55:28.637+0000] {logging_mixin.py:188} INFO - [2026-08-21T11:55:28.637+0000] {dag.py:3823} INFO - Setting next_dagrun for example_setup_teardown_taskflow to 2026-08-20 00:00:00+00:00, run_after=2026-08-21 00:00:00+00:00
[2026-08-21T11:55:28.659+0000] {processor.py:183} INFO - Processing /home/airflow/.local/lib/python3.8/site-packages/airflow/example_dags/example_setup_teardown_taskflow.py took 0.087 seconds
[2026-08-21T11:55:59.793+0000] {processor.py:161} INFO - Started process (PID=1333) to work on /home/airflow/.local/lib/python3.8/site-packages/airflow/example_dags/example_setup_teardown_taskflow.py
[2026-08-21T11:55:59.795+0000] {processor.py:830} INFO - Processing file /home/airflow/.local/lib/python3.8/site-packages/airflow/example_dags/example_setup_teardown_taskflow.py for tasks to queue
[2026-08-21T11:55:59.803+0000] {logging_mixin.py:188} INFO - [2026-08-21T11:55:59.802+0000] {dagbag.py:538} INFO - Filling up the DagBag from /home/airflow/.local/lib/python3.8/site-packages/airflow/example_dags/example_setup_teardown_taskflow.py
[2026-08-21T11:55:59.813+0000] {processor.py:840} INFO - DAG(s) 'example_setup_teardown_taskflow' retrieved from /home/airflow/.local/lib/python3.8/site-packages/airflow/example_dags/example_setup_teardown_taskflow.py
[2026-08-21T11:55:59.836+0000] {logging_mixin.py:188} INFO - [2026-08-21T11:55:59.835+0000] {dag.py:3036} INFO - Sync 1 DAGs
[2026-08-21T11:55:59.857+0000] {logging_mixin.py:188} INFO - [2026-08-21T11:55:59.856+0000] {dag.py:3823} INFO - Setting next_dagrun for example_setup_teardown_taskflow to 2026-08-20 00:00:00+00:00, run_after=2026-08-21 00:00:00+00:00
[2026-08-21T11:55:59.877+0000] {processor.py:183} INFO - Processing /home/airflow/.local/lib/python3.8/site-packages/airflow/example_dags/example_setup_teardown_taskflow.py took 0.088 seconds
[2026-08-21T11:56:30.688+0000] {processor.py:161} INFO - Started process (PID=1420) to work on /home/airflow/.local/lib/python3.8/site-packages/airflow/example_dags/example_setup_teardown_taskflow.py
[2026-08-21T11:56:30.689+0000] {processor.py:830} INFO - Processing file /home/airflow/.local/lib/python3.8/site-packages/airflow/example_dags/example_setup_teardown_taskflow.py for tasks to queue
[2026-08-21T11:56:30.692+0000] {logging_mixin.py:188} INFO - [2026-08-21T11:56:30.691+0000] {dagbag.py:538} INFO - Filling up the DagBag from /home/airflow/.local/lib/python3.8/site-packages/airflow/example_dags/example_setup_teardown_taskflow.py
[2026-08-21T11:56:30.703+0000] {processor.py:840} INFO - DAG(s) 'example_setup_teardown_taskflow' retrieved from /home/airflow/.local/lib/python3.8/site-packages/airflow/example_dags/example_setup_teardown_taskflow.py
[2026-08-21T11:56:30.730+0000] {logging_mixin.py:188} INFO - [2026-08-21T11:56:30.730+0000] {dag.py:3036} INFO - Sync 1 DAGs
[2026-08-21T11:56:30.757+0000] {logging_mixin.py:188} INFO - [2026-08-21T11:56:30.756+0000] {dag.py:3823} INFO - Setting next_dagrun for example_setup_teardown_taskflow to 2026-08-20 00:00:00+00:00, run_after=2026-08-21 00:00:00+00:00
[2026-08-21T11:56:30.786+0000] {processor.py:183} INFO - Processing /home/airflow/.local/lib/python3.8/site-packages/airflow/example_dags/example_setup_teardown_taskflow.py took 0.103 seconds
[2026-08-21T11:57:03.660+0000] {processor.py:161} INFO - Started process (PID=1507) to work on /home/airflow/.local/lib/python3.8/site-packages/airflow/example_dags/example_setup_teardown_taskflow.py
[2026-08-21T11:57:03.661+0000] {processor.py:830} INFO - Processing file /home/airflow/.local/lib/python3.8/site-packages/airflow/example_dags/example_setup_teardown_taskflow.py for tasks to queue
[2026-08-21T11:57:03.664+0000] {logging_mixin.py:188} INFO - [2026-08-21T11:57:03.664+0000] {dagbag.py:538} INFO - Filling up the DagBag from /home/airflow/.local/lib/python3.8/site-packages/airflow/example_dags/example_setup_teardown_taskflow.py
[2026-08-21T11:57:03.675+0000] {processor.py:840} INFO - DAG(s) 'example_setup_teardown_taskflow' retrieved from /home/airflow/.local/lib/python3.8/site-packages/airflow/example_dags/example_setup_teardown_taskflow.py
[2026-08-21T11:57:03.706+0000] {logging_mixin.py:188} INFO - [2026-08-21T11:57:03.706+0000] {dag.py:3036} INFO - Sync 1 DAGs
[2026-08-21T11:57:03.728+0000] {logging_mixin.py:188} INFO - [2026-08-21T11:57:03.728+0000] {dag.py:3823} INFO - Setting next_dagrun for example_setup_teardown_taskflow to 2026-08-20 00:00:00+00:00, run_after=2026-08-21 00:00:00+00:00
[2026-08-21T11:57:03.754+0000] {processor.py:183} INFO - Processing /home/airflow/.local/lib/python3.8/site-packages/airflow/example_dags/example_setup_teardown_taskflow.py took 0.099 seconds
[2026-08-21T11:57:34.770+0000] {processor.py:161} INFO - Started process (PID=1595) to work on /home/airflow/.local/lib/python3.8/site-packages/airflow/example_dags/example_setup_teardown_taskflow.py
[2026-08-21T11:57:34.771+0000] {processor.py:830} INFO - Processing file /home/airflow/.local/lib/python3.8/site-packages/airflow/example_dags/example_setup_teardown_taskflow.py for tasks to queue
[2026-08-21T11:57:34.773+0000] {logging_mixin.py:188} INFO - [2026-08-21T11:57:34.773+0000] {dagbag.py:538} INFO - Filling up the DagBag from /home/airflow/.local/lib/python3.8/site-packages/airflow/example_dags/example_setup_teardown_taskflow.py
[2026-08-21T11:57:34.786+0000] {processor.py:840} INFO - DAG(s) 'example_setup_teardown_taskflow' retrieved from /home/airflow/.local/lib/python3.8/site-packages/airflow/example_dags/example_setup_teardown_taskflow.py
[2026-08-21T11:57:34.803+0000] {logging_mixin.py:188} INFO - [2026-08-21T11:57:34.802+0000] {dag.py:3036} INFO - Sync 1 DAGs
[2026-08-21T11:57:34.857+0000] {logging_mixin.py:188} INFO - [2026-08-21T11:57:34.857+0000] {dag.py:3823} INFO - Setting next_dagrun for example_setup_teardown_taskflow to 2026-08-20 00:00:00+00:00, run_after=2026-08-21 00:00:00+00:00
[2026-08-21T11:57:34.889+0000] {processor.py:183} INFO - Processing /home/airflow/.local/lib/python3.8/site-packages/airflow/example_dags/example_setup_teardown_taskflow.py took 0.124 seconds
[2026-08-21T11:58:05.432+0000] {processor.py:161} INFO - Started process (PID=1682) to work on /home/airflow/.local/lib/python3.8/site-packages/airflow/example_dags/example_setup_teardown_taskflow.py
[2026-08-21T11:58:05.434+0000] {processor.py:830} INFO - Processing file /home/airflow/.local/lib/python3.8/site-packages/airflow/example_dags/example_setup_teardown_taskflow.py for tasks to queue
[2026-08-21T11:58:05.437+0000] {logging_mixin.py:188} INFO - [2026-08-21T11:58:05.436+0000] {dagbag.py:538} INFO - Filling up the DagBag from /home/airflow/.local/lib/python3.8/site-packages/airflow/example_dags/example_setup_teardown_taskflow.py
[2026-08-21T11:58:05.456+0000] {processor.py:840} INFO - DAG(s) 'example_setup_teardown_taskflow' retrieved from /home/airflow/.local/lib/python3.8/site-packages/airflow/example_dags/example_setup_teardown_taskflow.py
[2026-08-21T11:58:05.477+0000] {logging_mixin.py:188} INFO - [2026-08-21T11:58:05.476+0000] {dag.py:3036} INFO - Sync 1 DAGs
[2026-08-21T11:58:05.515+0000] {logging_mixin.py:188} INFO - [2026-08-21T11:58:05.515+0000] {dag.py:3823} INFO - Setting next_dagrun for example_setup_teardown_taskflow to 2026-08-20 00:00:00+00:00, run_after=2026-08-21 00:00:00+00:00
[2026-08-21T11:58:05.550+0000] {processor.py:183} INFO - Processing /home/airflow/.local/lib/python3.8/site-packages/airflow/example_dags/example_setup_teardown_taskflow.py took 0.123 seconds
[2026-08-21T11:58:38.911+0000] {processor.py:161} INFO - Started process (PID=1769) to work on /home/airflow/.local/lib/python3.8/site-packages/airflow/example_dags/example_setup_teardown_taskflow.py
[2026-08-21T11:58:38.917+0000] {processor.py:830} INFO - Processing file /home/airflow/.local/lib/python3.8/site-packages/airflow/example_dags/example_setup_teardown_taskflow.py for tasks to queue
[2026-08-21T11:58:38.922+0000] {logging_mixin.py:188} INFO - [2026-08-21T11:58:38.921+0000] {dagbag.py:538} INFO - Filling up the DagBag from /home/airflow/.local/lib/python3.8/site-packages/airflow/example_dags/example_setup_teardown_taskflow.py
[2026-08-21T11:58:38.963+0000] {processor.py:840} INFO - DAG(s) 'example_setup_teardown_taskflow' retrieved from /home/airflow/.local/lib/python3.8/site-packages/airflow/example_dags/example_setup_teardown_taskflow.py
[2026-08-21T11:58:38.989+0000] {logging_mixin.py:188} INFO - [2026-08-21T11:58:38.989+0000] {dag.py:3036} INFO - Sync 1 DAGs
[2026-08-21T11:58:39.030+0000] {logging_mixin.py:188} INFO - [2026-08-21T11:58:39.030+0000] {dag.py:3823} INFO - Setting next_dagrun for example_setup_teardown_taskflow to 2026-08-20 00:00:00+00:00, run_after=2026-08-21 00:00:00+00:00
[2026-08-21T11:58:39.189+0000] {processor.py:183} INFO - Processing /home/airflow/.local/lib/python3.8/site-packages/airflow/example_dags/example_setup_teardown_taskflow.py took 0.291 seconds
[2026-08-21T11:59:09.544+0000] {processor.py:161} INFO - Started process (PID=1857) to work on /home/airflow/.local/lib/python3.8/site-packages/airflow/example_dags/example_setup_teardown_taskflow.py
[2026-08-21T11:59:09.545+0000] {processor.py:830} INFO - Processing file /home/airflow/.local/lib/python3.8/site-packages/airflow/example_dags/example_setup_teardown_taskflow.py for tasks to queue
[2026-08-21T11:59:09.548+0000] {logging_mixin.py:188} INFO - [2026-08-21T11:59:09.547+0000] {dagbag.py:538} INFO - Filling up the DagBag from /home/airflow/.local/lib/python3.8/site-packages/airflow/example_dags/example_setup_teardown_taskflow.py
[2026-08-21T11:59:09.557+0000] {processor.py:840} INFO - DAG(s) 'example_setup_teardown_taskflow' retrieved from /home/airflow/.local/lib/python3.8/site-packages/airflow/example_dags/example_setup_teardown_taskflow.py
[2026-08-21T11:59:09.678+0000] {logging_mixin.py:188} INFO - [2026-08-21T11:59:09.678+0000] {dag.py:3036} INFO - Sync 1 DAGs
[2026-08-21T11:59:09.703+0000] {logging_mixin.py:188} INFO - [2026-08-21T11:59:09.703+0000] {dag.py:3823} INFO - Setting next_dagrun for example_setup_teardown_taskflow to 2026-08-20 00:00:00+00:00, run_after=2026-08-21 00:00:00+00:00
[2026-08-21T11:59:09.729+0000] {processor.py:183} INFO - Processing /home/airflow/.local/lib/python3.8/site-packages/airflow/example_dags/example_setup_teardown_taskflow.py took 0.189 seconds
[2026-08-21T11:59:39.854+0000] {processor.py:161} INFO - Started process (PID=1944) to work on /home/airflow/.local/lib/python3.8/site-packages/airflow/example_dags/example_setup_teardown_taskflow.py
[2026-08-21T11:59:39.855+0000] {processor.py:830} INFO - Processing file /home/airflow/.local/lib/python3.8/site-packages/airflow/example_dags/example_setup_teardown_taskflow.py for tasks to queue
[2026-08-21T11:59:39.857+0000] {logging_mixin.py:188} INFO - [2026-08-21T11:59:39.857+0000] {dagbag.py:538} INFO - Filling up the DagBag from /home/airflow/.local/lib/python3.8/site-packages/airflow/example_dags/example_setup_teardown_taskflow.py
[2026-08-21T11:59:39.866+0000] {processor.py:840} INFO - DAG(s) 'example_setup_teardown_taskflow' retrieved from /home/airflow/.local/lib/python3.8/site-packages/airflow/example_dags/example_setup_teardown_taskflow.py
[2026-08-21T11:59:39.886+0000] {logging_mixin.py:188} INFO - [2026-08-21T11:59:39.885+0000] {dag.py:3036} INFO - Sync 1 DAGs
[2026-08-21T11:59:39.906+0000] {logging_mixin.py:188} INFO - [2026-08-21T11:59:39.906+0000] {dag.py:3823} INFO - Setting next_dagrun for example_setup_teardown_taskflow to 2026-08-20 00:00:00+00:00, run_after=2026-08-21 00:00:00+00:00
[2026-08-21T11:59:39.926+0000] {processor.py:183} INFO - Processing /home/airflow/.local/lib/python3.8/site-packages/airflow/example_dags/example_setup_teardown_taskflow.py took 0.076 seconds
[2026-08-21T12:00:10.323+0000] {processor.py:161} INFO - Started process (PID=2031) to work on /home/airflow/.local/lib/python3.8/site-packages/airflow/example_dags/example_setup_teardown_taskflow.py
[2026-08-21T12:00:10.325+0000] {processor.py:830} INFO - Processing file /home/airflow/.local/lib/python3.8/site-packages/airflow/example_dags/example_setup_teardown_taskflow.py for tasks to queue
[2026-08-21T12:00:10.328+0000] {logging_mixin.py:188} INFO - [2026-08-21T12:00:10.328+0000] {dagbag.py:538} INFO - Filling up the DagBag from /home/airflow/.local/lib/python3.8/site-packages/airflow/example_dags/example_setup_teardown_taskflow.py
[2026-08-21T12:00:10.339+0000] {processor.py:840} INFO - DAG(s) 'example_setup_teardown_taskflow' retrieved from /home/airflow/.local/lib/python3.8/site-packages/airflow/example_dags/example_setup_teardown_taskflow.py
[2026-08-21T12:00:10.365+0000] {logging_mixin.py:188} INFO - [2026-08-21T12:00:10.365+0000] {dag.py:3036} INFO - Sync 1 DAGs
[2026-08-21T12:00:10.393+0000] {logging_mixin.py:188} INFO - [2026-08-21T12:00:10.393+0000] {dag.py:3823} INFO - Setting next_dagrun for example_setup_teardown_taskflow to 2026-08-20 00:00:00+00:00, run_after=2026-08-21 00:00:00+00:00
[2026-08-21T12:00:10.416+0000] {processor.py:183} INFO - Processing /home/airflow/.local/lib/python3.8/site-packages/airflow/example_dags/example_setup_teardown_taskflow.py took 0.098 seconds
[2026-08-21T12:00:40.820+0000] {processor.py:161} INFO - Started process (PID=2118) to work on /home/airflow/.local/lib/python3.8/site-packages/airflow/example_dags/example_setup_teardown_taskflow.py
[2026-08-21T12:00:40.822+0000] {processor.py:830} INFO - Processing file /home/airflow/.local/lib/python3.8/site-packages/airflow/example_dags/example_setup_teardown_taskflow.py for tasks to queue
[2026-08-21T12:00:40.825+0000] {logging_mixin.py:188} INFO - [2026-08-21T12:00:40.824+0000] {dagbag.py:538} INFO - Filling up the DagBag from /home/airflow/.local/lib/python3.8/site-packages/airflow/example_dags/example_setup_teardown_taskflow.py
[2026-08-21T12:00:40.837+0000] {processor.py:840} INFO - DAG(s) 'example_setup_teardown_taskflow' retrieved from /home/airflow/.local/lib/python3.8/site-packages/airflow/example_dags/example_setup_teardown_taskflow.py
[2026-08-21T12:00:40.860+0000] {logging_mixin.py:188} INFO - [2026-08-21T12:00:40.860+0000] {dag.py:3036} INFO - Sync 1 DAGs
[2026-08-21T12:00:40.885+0000] {logging_mixin.py:188} INFO - [2026-08-21T12:00:40.885+0000] {dag.py:3823} INFO - Setting next_dagrun for example_setup_teardown_taskflow to 2026-08-20 00:00:00+00:00, run_after=2026-08-21 00:00:00+00:00
[2026-08-21T12:00:40.907+0000] {processor.py:183} INFO - Processing /home/airflow/.local/lib/python3.8/site-packages/airflow/example_dags/example_setup_teardown_taskflow.py took 0.092 seconds
[2026-08-21T12:01:11.979+0000] {processor.py:161} INFO - Started process (PID=2205) to work on /home/airflow/.local/lib/python3.8/site-packages/airflow/example_dags/example_setup_teardown_taskflow.py
[2026-08-21T12:01:11.982+0000] {processor.py:830} INFO - Processing file /home/airflow/.local/lib/python3.8/site-packages/airflow/example_dags/example_setup_teardown_taskflow.py for tasks to queue
[2026-08-21T12:01:11.991+0000] {logging_mixin.py:188} INFO - [2026-08-21T12:01:11.991+0000] {dagbag.py:538} INFO - Filling up the DagBag from /home/airflow/.local/lib/python3.8/site-packages/airflow/example_dags/example_setup_teardown_taskflow.py
[2026-08-21T12:01:12.005+0000] {processor.py:840} INFO - DAG(s) 'example_setup_teardown_taskflow' retrieved from /home/airflow/.local/lib/python3.8/site-packages/airflow/example_dags/example_setup_teardown_taskflow.py
[2026-08-21T12:01:12.031+0000] {logging_mixin.py:188} INFO - [2026-08-21T12:01:12.031+0000] {dag.py:3036} INFO - Sync 1 DAGs
[2026-08-21T12:01:12.056+0000] {logging_mixin.py:188} INFO - [2026-08-21T12:01:12.055+0000] {dag.py:3823} INFO - Setting next_dagrun for example_setup_teardown_taskflow to 2026-08-20 00:00:00+00:00, run_after=2026-08-21 00:00:00+00:00
[2026-08-21T12:01:12.087+0000] {processor.py:183} INFO - Processing /home/airflow/.local/lib/python3.8/site-packages/airflow/example_dags/example_setup_teardown_taskflow.py took 0.113 seconds
[2026-08-21T12:01:42.636+0000] {processor.py:161} INFO - Started process (PID=2292) to work on /home/airflow/.local/lib/python3.8/site-packages/airflow/example_dags/example_setup_teardown_taskflow.py
[2026-08-21T12:01:42.638+0000] {processor.py:830} INFO - Processing file /home/airflow/.local/lib/python3.8/site-packages/airflow/example_dags/example_setup_teardown_taskflow.py for tasks to queue
[2026-08-21T12:01:42.640+0000] {logging_mixin.py:188} INFO - [2026-08-21T12:01:42.640+0000] {dagbag.py:538} INFO - Filling up the DagBag from /home/airflow/.local/lib/python3.8/site-packages/airflow/example_dags/example_setup_teardown_taskflow.py
[2026-08-21T12:01:42.650+0000] {processor.py:840} INFO - DAG(s) 'example_setup_teardown_taskflow' retrieved from /home/airflow/.local/lib/python3.8/site-packages/airflow/example_dags/example_setup_teardown_taskflow.py
[2026-08-21T12:01:42.676+0000] {logging_mixin.py:188} INFO - [2026-08-21T12:01:42.675+0000] {dag.py:3036} INFO - Sync 1 DAGs
[2026-08-21T12:01:42.702+0000] {logging_mixin.py:188} INFO - [2026-08-21T12:01:42.701+0000] {dag.py:3823} INFO - Setting next_dagrun for example_setup_teardown_taskflow to 2026-08-20 00:00:00+00:00, run_after=2026-08-21 00:00:00+00:00
[2026-08-21T12:01:42.724+0000] {processor.py:183} INFO - Processing /home/airflow/.local/lib/python3.8/site-packages/airflow/example_dags/example_setup_teardown_taskflow.py took 0.092 seconds
[2026-08-21T12:02:13.151+0000] {processor.py:161} INFO - Started process (PID=2379) to work on /home/airflow/.local/lib/python3.8/site-packages/airflow/example_dags/example_setup_teardown_taskflow.py
[2026-08-21T12:02:13.152+0000] {processor.py:830} INFO - Processing file /home/airflow/.local/lib/python3.8/site-packages/airflow/example_dags/example_setup_teardown_taskflow.py for tasks to queue
[2026-08-21T12:02:13.154+0000] {logging_mixin.py:188} INFO - [2026-08-21T12:02:13.154+0000] {dagbag.py:538} INFO - Filling up the DagBag from /home/airflow/.local/lib/python3.8/site-packages/airflow/example_dags/example_setup_teardown_taskflow.py
[2026-08-21T12:02:13.163+0000] {processor.py:840} INFO - DAG(s) 'example_setup_teardown_taskflow' retrieved from /home/airflow/.local/lib/python3.8/site-packages/airflow/example_dags/example_setup_teardown_taskflow.py
[2026-08-21T12:02:13.184+0000] {logging_mixin.py:188} INFO - [2026-08-21T12:02:13.183+0000] {dag.py:3036} INFO - Sync 1 DAGs
[2026-08-21T12:02:13.204+0000] {logging_mixin.py:188} INFO - [2026-08-21T12:02:13.203+0000] {dag.py:3823} INFO - Setting next_dagrun for example_setup_teardown_taskflow to 2026-08-20 00:00:00+00:00, run_after=2026-08-21 00:00:00+00:00
[2026-08-21T12:02:13.223+0000] {processor.py:183} INFO - Processing /home/airflow/.local/lib/python3.8/site-packages/airflow/example_dags/example_setup_teardown_taskflow.py took 0.076 seconds
[2026-08-21T12:02:44.465+0000] {processor.py:161} INFO - Started process (PID=2472) to work on /home/airflow/.local/lib/python3.8/site-packages/airflow/example_dags/example_setup_teardown_taskflow.py
[2026-08-21T12:02:44.467+0000] {processor.py:830} INFO - Processing file /home/airflow/.local/lib/python3.8/site-packages/airflow/example_dags/example_setup_teardown_taskflow.py for tasks to queue
[2026-08-21T12:02:44.469+0000] {logging_mixin.py:188} INFO - [2026-08-21T12:02:44.469+0000] {dagbag.py:538} INFO - Filling up the DagBag from /home/airflow/.local/lib/python3.8/site-packages/airflow/example_dags/example_setup_teardown_taskflow.py
[2026-08-21T12:02:44.480+0000] {processor.py:840} INFO - DAG(s) 'example_setup_teardown_taskflow' retrieved from /home/airflow/.local/lib/python3.8/site-packages/airflow/example_dags/example_setup_teardown_taskflow.py
[2026-08-21T12:02:44.503+0000] {logging_mixin.py:188} INFO - [2026-08-21T12:02:44.503+0000] {dag.py:3036} INFO - Sync 1 DAGs
[2026-08-21T12:02:44.526+0000] {logging_mixin.py:188} INFO - [2026-08-21T12:02:44.525+0000] {dag.py:3823} INFO - Setting next_dagrun for example_setup_teardown_taskflow to 2026-08-20 00:00:00+00:00, run_after=2026-08-21 00:00:00+00:00
[2026-08-21T12:02:44.547+0000] {processor.py:183} INFO - Processing /home/airflow/.local/lib/python3.8/site-packages/airflow/example_dags/example_setup_teardown_taskflow.py took 0.086 seconds
[2026-08-21T12:03:14.986+0000] {processor.py:161} INFO - Started process (PID=2559) to work on /home/airflow/.local/lib/python3.8/site-packages/airflow/example_dags/example_setup_teardown_taskflow.py
[2026-08-21T12:03:14.987+0000] {processor.py:830} INFO - Processing file /home/airflow/.local/lib/python3.8/site-packages/airflow/example_dags/example_setup_teardown_taskflow.py for tasks to queue
[2026-08-21T12:03:14.989+0000] {logging_mixin.py:188} INFO - [2026-08-21T12:03:14.989+0000] {dagbag.py:538} INFO - Filling up the DagBag from /home/airflow/.local/lib/python3.8/site-packages/airflow/example_dags/example_setup_teardown_taskflow.py
[2026-08-21T12:03:14.998+0000] {processor.py:840} INFO - DAG(s) 'example_setup_teardown_taskflow' retrieved from /home/airflow/.local/lib/python3.8/site-packages/airflow/example_dags/example_setup_teardown_taskflow.py
[2026-08-21T12:03:15.020+0000] {logging_mixin.py:188} INFO - [2026-08-21T12:03:15.020+0000] {dag.py:3036} INFO - Sync 1 DAGs
[2026-08-21T12:03:15.040+0000] {logging_mixin.py:188} INFO - [2026-08-21T12:03:15.039+0000] {dag.py:3823} INFO - Setting next_dagrun for example_setup_teardown_taskflow to 2026-08-20 00:00:00+00:00, run_after=2026-08-21 00:00:00+00:00
[2026-08-21T12:03:15.057+0000] {processor.py:183} INFO - Processing /home/airflow/.local/lib/python3.8/site-packages/airflow/example_dags/example_setup_teardown_taskflow.py took 0.074 seconds
[2026-08-21T12:03:45.994+0000] {processor.py:161} INFO - Started process (PID=2646) to work on /home/airflow/.local/lib/python3.8/site-packages/airflow/example_dags/example_setup_teardown_taskflow.py
[2026-08-21T12:03:45.996+0000] {processor.py:830} INFO - Processing file /home/airflow/.local/lib/python3.8/site-packages/airflow/example_dags/example_setup_teardown_taskflow.py for tasks to queue
[2026-08-21T12:03:45.998+0000] {logging_mixin.py:188} INFO - [2026-08-21T12:03:45.997+0000] {dagbag.py:538} INFO - Filling up the DagBag from /home/airflow/.local/lib/python3.8/site-packages/airflow/example_dags/example_setup_teardown_taskflow.py
[2026-08-21T12:03:46.008+0000] {processor.py:840} INFO - DAG(s) 'example_setup_teardown_taskflow' retrieved from /home/airflow/.local/lib/python3.8/site-packages/airflow/example_dags/example_setup_teardown_taskflow.py
[2026-08-21T12:03:46.029+0000] {logging_mixin.py:188} INFO - [2026-08-21T12:03:46.029+0000] {dag.py:3036} INFO - Sync 1 DAGs
[2026-08-21T12:03:46.049+0000] {logging_mixin.py:188} INFO - [2026-08-21T12:03:46.049+0000] {dag.py:3823} INFO - Setting next_dagrun for example_setup_teardown_taskflow to 2026-08-20 00:00:00+00:00, run_after=2026-08-21 00:00:00+00:00
[2026-08-21T12:03:46.069+0000] {processor.py:183} INFO - Processing /home/airflow/.local/lib/python3.8/site-packages/airflow/example_dags/example_setup_teardown_taskflow.py took 0.078 seconds
[2026-08-21T12:04:17.321+0000] {processor.py:161} INFO - Started process (PID=2733) to work on /home/airflow/.local/lib/python3.8/site-packages/airflow/example_dags/example_setup_teardown_taskflow.py
[2026-08-21T12:04:17.322+0000] {processor.py:830} INFO - Processing file /home/airflow/.local/lib/python3.8/site-packages/airflow/example_dags/example_setup_teardown_taskflow.py for tasks to queue
[2026-08-21T12:04:17.324+0000] {logging_mixin.py:188} INFO - [2026-08-21T12:04:17.324+0000] {dagbag.py:538} INFO - Filling up the DagBag from /home/airflow/.local/lib/python3.8/site-packages/airflow/example_dags/example_setup_teardown_taskflow.py
[2026-08-21T12:04:17.333+0000] {processor.py:840} INFO - DAG(s) 'example_setup_teardown_taskflow' retrieved from /home/airflow/.local/lib/python3.8/site-packages/airflow/example_dags/example_setup_teardown_taskflow.py
[2026-08-21T12:04:17.356+0000] {logging_mixin.py:188} INFO - [2026-08-21T12:04:17.356+0000] {dag.py:3036} INFO - Sync 1 DAGs
[2026-08-21T12:04:17.382+0000] {logging_mixin.py:188} INFO - [2026-08-21T12:04:17.381+0000] {dag.py:3823} INFO - Setting next_dagrun for example_setup_teardown_taskflow to 2026-08-20 00:00:00+00:00, run_after=2026-08-21 00:00:00+00:00
[2026-08-21T12:04:17.402+0000] {processor.py:183} INFO - Processing /home/airflow/.local/lib/python3.8/site-packages/airflow/example_dags/example_setup_teardown_taskflow.py took 0.085 seconds
[2026-08-21T12:04:48.097+0000] {processor.py:161} INFO - Started process (PID=2820) to work on /home/airflow/.local/lib/python3.8/site-packages/airflow/example_dags/example_setup_teardown_taskflow.py
[2026-08-21T12:04:48.099+0000] {processor.py:830} INFO - Processing file /home/airflow/.local/lib/python3.8/site-packages/airflow/example_dags/example_setup_teardown_taskflow.py for tasks to queue
[2026-08-21T12:04:48.101+0000] {logging_mixin.py:188} INFO - [2026-08-21T12:04:48.101+0000] {dagbag.py:538} INFO - Filling up the DagBag from /home/airflow/.local/lib/python3.8/site-packages/airflow/example_dags/example_setup_teardown_taskflow.py
[2026-08-21T12:04:48.112+0000] {processor.py:840} INFO - DAG(s) 'example_setup_teardown_taskflow' retrieved from /home/airflow/.local/lib/python3.8/site-packages/airflow/example_dags/example_setup_teardown_taskflow.py
[2026-08-21T12:04:48.139+0000] {logging_mixin.py:188} INFO - [2026-08-21T12:04:48.138+0000] {dag.py:3036} INFO - Sync 1 DAGs
[2026-08-21T12:04:48.166+0000] {logging_mixin.py:188} INFO - [2026-08-21T12:04:48.166+0000] {dag.py:3823} INFO - Setting next_dagrun for example_setup_teardown_taskflow to 2026-08-20 00:00:00+00:00, run_after=2026-08-21 00:00:00+00:00
[2026-08-21T12:04:48.187+0000] {processor.py:183} INFO - Processing /home/airflow/.local/lib/python3.8/site-packages/airflow/example_dags/example_setup_teardown_taskflow.py took 0.094 seconds
[2026-08-21T12:05:23.874+0000] {processor.py:161} INFO - Started process (PID=2930) to work on /home/airflow/.local/lib/python3.8/site-packages/airflow/example_dags/example_setup_teardown_taskflow.py
[2026-08-21T12:05:23.876+0000] {processor.py:830} INFO - Processing file /home/airflow/.local/lib/python3.8/site-packages/airflow/example_dags/example_setup_teardown_taskflow.py for tasks to queue
[2026-08-21T12:05:23.879+0000] {logging_mixin.py:188} INFO - [2026-08-21T12:05:23.878+0000] {dagbag.py:538} INFO - Filling up the DagBag from /home/airflow/.local/lib/python3.8/site-packages/airflow/example_dags/example_setup_teardown_taskflow.py
[2026-08-21T12:05:24.126+0000] {processor.py:840} INFO - DAG(s) 'example_setup_teardown_taskflow' retrieved from /home/airflow/.local/lib/python3.8/site-packages/airflow/example_dags/example_setup_teardown_taskflow.py
[2026-08-21T12:05:24.161+0000] {logging_mixin.py:188} INFO - [2026-08-21T12:05:24.161+0000] {dag.py:3036} INFO - Sync 1 DAGs
[2026-08-21T12:05:24.197+0000] {logging_mixin.py:188} INFO - [2026-08-21T12:05:24.197+0000] {dag.py:3823} INFO - Setting next_dagrun for example_setup_teardown_taskflow to 2026-08-20 00:00:00+00:00, run_after=2026-08-21 00:00:00+00:00
[2026-08-21T12:05:24.237+0000] {processor.py:183} INFO - Processing /home/airflow/.local/lib/python3.8/site-packages/airflow/example_dags/example_setup_teardown_taskflow.py took 0.370 seconds
[2026-08-21T12:05:54.755+0000] {processor.py:161} INFO - Started process (PID=3021) to work on /home/airflow/.local/lib/python3.8/site-packages/airflow/example_dags/example_setup_teardown_taskflow.py
[2026-08-21T12:05:54.757+0000] {processor.py:830} INFO - Processing file /home/airflow/.local/lib/python3.8/site-packages/airflow/example_dags/example_setup_teardown_taskflow.py for tasks to queue
[2026-08-21T12:05:54.759+0000] {logging_mixin.py:188} INFO - [2026-08-21T12:05:54.759+0000] {dagbag.py:538} INFO - Filling up the DagBag from /home/airflow/.local/lib/python3.8/site-packages/airflow/example_dags/example_setup_teardown_taskflow.py
[2026-08-21T12:05:54.771+0000] {processor.py:840} INFO - DAG(s) 'example_setup_teardown_taskflow' retrieved from /home/airflow/.local/lib/python3.8/site-packages/airflow/example_dags/example_setup_teardown_taskflow.py
[2026-08-21T12:05:54.796+0000] {logging_mixin.py:188} INFO - [2026-08-21T12:05:54.795+0000] {dag.py:3036} INFO - Sync 1 DAGs
[2026-08-21T12:05:54.817+0000] {logging_mixin.py:188} INFO - [2026-08-21T12:05:54.817+0000] {dag.py:3823} INFO - Setting next_dagrun for example_setup_teardown_taskflow to 2026-08-20 00:00:00+00:00, run_after=2026-08-21 00:00:00+00:00
[2026-08-21T12:05:54.839+0000] {processor.py:183} INFO - Processing /home/airflow/.local/lib/python3.8/site-packages/airflow/example_dags/example_setup_teardown_taskflow.py took 0.087 seconds
[2026-08-21T12:06:25.187+0000] {processor.py:161} INFO - Started process (PID=3108) to work on /home/airflow/.local/lib/python3.8/site-packages/airflow/example_dags/example_setup_teardown_taskflow.py
[2026-08-21T12:06:25.189+0000] {processor.py:830} INFO - Processing file /home/airflow/.local/lib/python3.8/site-packages/airflow/example_dags/example_setup_teardown_taskflow.py for tasks to queue
[2026-08-21T12:06:25.191+0000] {logging_mixin.py:188} INFO - [2026-08-21T12:06:25.190+0000] {dagbag.py:538} INFO - Filling up the DagBag from /home/airflow/.local/lib/python3.8/site-packages/airflow/example_dags/example_setup_teardown_taskflow.py
[2026-08-21T12:06:25.202+0000] {processor.py:840} INFO - DAG(s) 'example_setup_teardown_taskflow' retrieved from /home/airflow/.local/lib/python3.8/site-packages/airflow/example_dags/example_setup_teardown_taskflow.py
[2026-08-21T12:06:25.226+0000] {logging_mixin.py:188} INFO - [2026-08-21T12:06:25.226+0000] {dag.py:3036} INFO - Sync 1 DAGs
[2026-08-21T12:06:25.248+0000] {logging_mixin.py:188} INFO - [2026-08-21T12:06:25.248+0000] {dag.py:3823} INFO - Setting next_dagrun for example_setup_teardown_taskflow to 2026-08-20 00:00:00+00:00, run_after=2026-08-21 00:00:00+00:00
[2026-08-21T12:06:25.271+0000] {processor.py:183} INFO - Processing /home/airflow/.local/lib/python3.8/site-packages/airflow/example_dags/example_setup_teardown_taskflow.py took 0.088 seconds
[2026-08-21T12:06:55.774+0000] {processor.py:161} INFO - Started process (PID=3195) to work on /home/airflow/.local/lib/python3.8/site-packages/airflow/example_dags/example_setup_teardown_taskflow.py
[2026-08-21T12:06:55.784+0000] {processor.py:830} INFO - Processing file /home/airflow/.local/lib/python3.8/site-packages/airflow/example_dags/example_setup_teardown_taskflow.py for tasks to queue
[2026-08-21T12:06:55.788+0000] {logging_mixin.py:188} INFO - [2026-08-21T12:06:55.788+0000] {dagbag.py:538} INFO - Filling up the DagBag from /home/airflow/.local/lib/python3.8/site-packages/airflow/example_dags/example_setup_teardown_taskflow.py
[2026-08-21T12:06:55.799+0000] {processor.py:840} INFO - DAG(s) 'example_setup_teardown_taskflow' retrieved from /home/airflow/.local/lib/python3.8/site-packages/airflow/example_dags/example_setup_teardown_taskflow.py
[2026-08-21T12:06:55.821+0000] {logging_mixin.py:188} INFO - [2026-08-21T12:06:55.821+0000] {dag.py:3036} INFO - Sync 1 DAGs
[2026-08-21T12:06:55.842+0000] {logging_mixin.py:188} INFO - [2026-08-21T12:06:55.842+0000] {dag.py:3823} INFO - Setting next_dagrun for example_setup_teardown_taskflow to 2026-08-20 00:00:00+00:00, run_after=2026-08-21 00:00:00+00:00
[2026-08-21T12:06:55.862+0000] {processor.py:183} INFO - Processing /home/airflow/.local/lib/python3.8/site-packages/airflow/example_dags/example_setup_teardown_taskflow.py took 0.094 seconds
[2026-08-21T12:07:26.067+0000] {processor.py:161} INFO - Started process (PID=3282) to work on /home/airflow/.local/lib/python3.8/site-packages/airflow/example_dags/example_setup_teardown_taskflow.py
[2026-08-21T12:07:26.068+0000] {processor.py:830} INFO - Processing file /home/airflow/.local/lib/python3.8/site-packages/airflow/example_dags/example_setup_teardown_taskflow.py for tasks to queue
[2026-08-21T12:07:26.070+0000] {logging_mixin.py:188} INFO - [2026-08-21T12:07:26.070+0000] {dagbag.py:538} INFO - Filling up the DagBag from /home/airflow/.local/lib/python3.8/site-packages/airflow/example_dags/example_setup_teardown_taskflow.py
[2026-08-21T12:07:26.083+0000] {processor.py:840} INFO - DAG(s) 'example_setup_teardown_taskflow' retrieved from /home/airflow/.local/lib/python3.8/site-packages/airflow/example_dags/example_setup_teardown_taskflow.py
[2026-08-21T12:07:26.110+0000] {logging_mixin.py:188} INFO - [2026-08-21T12:07:26.110+0000] {dag.py:3036} INFO - Sync 1 DAGs
[2026-08-21T12:07:26.140+0000] {logging_mixin.py:188} INFO - [2026-08-21T12:07:26.140+0000] {dag.py:3823} INFO - Setting next_dagrun for example_setup_teardown_taskflow to 2026-08-20 00:00:00+00:00, run_after=2026-08-21 00:00:00+00:00
[2026-08-21T12:07:26.166+0000] {processor.py:183} INFO - Processing /home/airflow/.local/lib/python3.8/site-packages/airflow/example_dags/example_setup_teardown_taskflow.py took 0.105 seconds
[2026-08-21T12:07:56.235+0000] {processor.py:161} INFO - Started process (PID=3369) to work on /home/airflow/.local/lib/python3.8/site-packages/airflow/example_dags/example_setup_teardown_taskflow.py
[2026-08-21T12:07:56.236+0000] {processor.py:830} INFO - Processing file /home/airflow/.local/lib/python3.8/site-packages/airflow/example_dags/example_setup_teardown_taskflow.py for tasks to queue
[2026-08-21T12:07:56.239+0000] {logging_mixin.py:188} INFO - [2026-08-21T12:07:56.238+0000] {dagbag.py:538} INFO - Filling up the DagBag from /home/airflow/.local/lib/python3.8/site-packages/airflow/example_dags/example_setup_teardown_taskflow.py
[2026-08-21T12:07:56.248+0000] {processor.py:840} INFO - DAG(s) 'example_setup_teardown_taskflow' retrieved from /home/airflow/.local/lib/python3.8/site-packages/airflow/example_dags/example_setup_teardown_taskflow.py
[2026-08-21T12:07:56.269+0000] {logging_mixin.py:188} INFO - [2026-08-21T12:07:56.269+0000] {dag.py:3036} INFO - Sync 1 DAGs
[2026-08-21T12:07:56.290+0000] {logging_mixin.py:188} INFO - [2026-08-21T12:07:56.290+0000] {dag.py:3823} INFO - Setting next_dagrun for example_setup_teardown_taskflow to 2026-08-20 00:00:00+00:00, run_after=2026-08-21 00:00:00+00:00
[2026-08-21T12:07:56.316+0000] {processor.py:183} INFO - Processing /home/airflow/.local/lib/python3.8/site-packages/airflow/example_dags/example_setup_teardown_taskflow.py took 0.084 seconds
[2026-08-21T12:08:27.758+0000] {processor.py:161} INFO - Started process (PID=3458) to work on /home/airflow/.local/lib/python3.8/site-packages/airflow/example_dags/example_setup_teardown_taskflow.py
[2026-08-21T12:08:27.760+0000] {processor.py:830} INFO - Processing file /home/airflow/.local/lib/python3.8/site-packages/airflow/example_dags/example_setup_teardown_taskflow.py for tasks to queue
[2026-08-21T12:08:27.764+0000] {logging_mixin.py:188} INFO - [2026-08-21T12:08:27.763+0000] {dagbag.py:538} INFO - Filling up the DagBag from /home/airflow/.local/lib/python3.8/site-packages/airflow/example_dags/example_setup_teardown_taskflow.py
[2026-08-21T12:08:27.777+0000] {processor.py:840} INFO - DAG(s) 'example_setup_teardown_taskflow' retrieved from /home/airflow/.local/lib/python3.8/site-packages/airflow/example_dags/example_setup_teardown_taskflow.py
[2026-08-21T12:08:27.803+0000] {logging_mixin.py:188} INFO - [2026-08-21T12:08:27.803+0000] {dag.py:3036} INFO - Sync 1 DAGs
[2026-08-21T12:08:27.831+0000] {logging_mixin.py:188} INFO - [2026-08-21T12:08:27.830+0000] {dag.py:3823} INFO - Setting next_dagrun for example_setup_teardown_taskflow to 2026-08-20 00:00:00+00:00, run_after=2026-08-21 00:00:00+00:00
[2026-08-21T12:08:27.855+0000] {processor.py:183} INFO - Processing /home/airflow/.local/lib/python3.8/site-packages/airflow/example_dags/example_setup_teardown_taskflow.py took 0.102 seconds
[2026-08-21T12:08:59.390+0000] {processor.py:161} INFO - Started process (PID=3549) to work on /home/airflow/.local/lib/python3.8/site-packages/airflow/example_dags/example_setup_teardown_taskflow.py
[2026-08-21T12:08:59.391+0000] {processor.py:830} INFO - Processing file /home/airflow/.local/lib/python3.8/site-packages/airflow/example_dags/example_setup_teardown_taskflow.py for tasks to queue
[2026-08-21T12:08:59.394+0000] {logging_mixin.py:188} INFO - [2026-08-21T12:08:59.393+0000] {dagbag.py:538} INFO - Filling up the DagBag from /home/airflow/.local/lib/python3.8/site-packages/airflow/example_dags/example_setup_teardown_taskflow.py
[2026-08-21T12:08:59.412+0000] {processor.py:840} INFO - DAG(s) 'example_setup_teardown_taskflow' retrieved from /home/airflow/.local/lib/python3.8/site-packages/airflow/example_dags/example_setup_teardown_taskflow.py
[2026-08-21T12:08:59.442+0000] {logging_mixin.py:188} INFO - [2026-08-21T12:08:59.442+0000] {dag.py:3036} INFO - Sync 1 DAGs
[2026-08-21T12:08:59.478+0000] {logging_mixin.py:188} INFO - [2026-08-21T12:08:59.478+0000] {dag.py:3823} INFO - Setting next_dagrun for example_setup_teardown_taskflow to 2026-08-20 00:00:00+00:00, run_after=2026-08-21 00:00:00+00:00
[2026-08-21T12:08:59.515+0000] {processor.py:183} INFO - Processing /home/airflow/.local/lib/python3.8/site-packages/airflow/example_dags/example_setup_teardown_taskflow.py took 0.130 seconds
[2026-08-21T12:09:30.174+0000] {processor.py:161} INFO - Started process (PID=3636) to work on /home/airflow/.local/lib/python3.8/site-packages/airflow/example_dags/example_setup_teardown_taskflow.py
[2026-08-21T12:09:30.175+0000] {processor.py:830} INFO - Processing file /home/airflow/.local/lib/python3.8/site-packages/airflow/example_dags/example_setup_teardown_taskflow.py for tasks to queue
[2026-08-21T12:09:30.178+0000] {logging_mixin.py:188} INFO - [2026-08-21T12:09:30.178+0000] {dagbag.py:538} INFO - Filling up the DagBag from /home/airflow/.local/lib/python3.8/site-packages/airflow/example_dags/example_setup_teardown_taskflow.py
[2026-08-21T12:09:30.195+0000] {processor.py:840} INFO - DAG(s) 'example_setup_teardown_taskflow' retrieved from /home/airflow/.local/lib/python3.8/site-packages/airflow/example_dags/example_setup_teardown_taskflow.py
[2026-08-21T12:09:30.226+0000] {logging_mixin.py:188} INFO - [2026-08-21T12:09:30.225+0000] {dag.py:3036} INFO - Sync 1 DAGs
[2026-08-21T12:09:30.250+0000] {logging_mixin.py:188} INFO - [2026-08-21T12:09:30.250+0000] {dag.py:3823} INFO - Setting next_dagrun for example_setup_teardown_taskflow to 2026-08-20 00:00:00+00:00, run_after=2026-08-21 00:00:00+00:00
[2026-08-21T12:09:30.279+0000] {processor.py:183} INFO - Processing /home/airflow/.local/lib/python3.8/site-packages/airflow/example_dags/example_setup_teardown_taskflow.py took 0.111 seconds
[2026-08-21T12:10:00.381+0000] {processor.py:161} INFO - Started process (PID=3723) to work on /home/airflow/.local/lib/python3.8/site-packages/airflow/example_dags/example_setup_teardown_taskflow.py
[2026-08-21T12:10:00.383+0000] {processor.py:830} INFO - Processing file /home/airflow/.local/lib/python3.8/site-packages/airflow/example_dags/example_setup_teardown_taskflow.py for tasks to queue
[2026-08-21T12:10:00.387+0000] {logging_mixin.py:188} INFO - [2026-08-21T12:10:00.386+0000] {dagbag.py:538} INFO - Filling up the DagBag from /home/airflow/.local/lib/python3.8/site-packages/airflow/example_dags/example_setup_teardown_taskflow.py
[2026-08-21T12:10:00.402+0000] {processor.py:840} INFO - DAG(s) 'example_setup_teardown_taskflow' retrieved from /home/airflow/.local/lib/python3.8/site-packages/airflow/example_dags/example_setup_teardown_taskflow.py
[2026-08-21T12:10:00.427+0000] {logging_mixin.py:188} INFO - [2026-08-21T12:10:00.427+0000] {dag.py:3036} INFO - Sync 1 DAGs
[2026-08-21T12:10:00.452+0000] {logging_mixin.py:188} INFO - [2026-08-21T12:10:00.451+0000] {dag.py:3823} INFO - Setting next_dagrun for example_setup_teardown_taskflow to 2026-08-20 00:00:00+00:00, run_after=2026-08-21 00:00:00+00:00
[2026-08-21T12:10:00.475+0000] {processor.py:183} INFO - Processing /home/airflow/.local/lib/python3.8/site-packages/airflow/example_dags/example_setup_teardown_taskflow.py took 0.099 seconds
[2026-08-21T12:10:31.224+0000] {processor.py:161} INFO - Started process (PID=3814) to work on /home/airflow/.local/lib/python3.8/site-packages/airflow/example_dags/example_setup_teardown_taskflow.py
[2026-08-21T12:10:31.225+0000] {processor.py:830} INFO - Processing file /home/airflow/.local/lib/python3.8/site-packages/airflow/example_dags/example_setup_teardown_taskflow.py for tasks to queue
[2026-08-21T12:10:31.227+0000] {logging_mixin.py:188} INFO - [2026-08-21T12:10:31.227+0000] {dagbag.py:538} INFO - Filling up the DagBag from /home/airflow/.local/lib/python3.8/site-packages/airflow/example_dags/example_setup_teardown_taskflow.py
[2026-08-21T12:10:31.241+0000] {processor.py:840} INFO - DAG(s) 'example_setup_teardown_taskflow' retrieved from /home/airflow/.local/lib/python3.8/site-packages/airflow/example_dags/example_setup_teardown_taskflow.py
[2026-08-21T12:10:31.264+0000] {logging_mixin.py:188} INFO - [2026-08-21T12:10:31.263+0000] {dag.py:3036} INFO - Sync 1 DAGs
[2026-08-21T12:10:31.287+0000] {logging_mixin.py:188} INFO - [2026-08-21T12:10:31.286+0000] {dag.py:3823} INFO - Setting next_dagrun for example_setup_teardown_taskflow to 2026-08-20 00:00:00+00:00, run_after=2026-08-21 00:00:00+00:00
[2026-08-21T12:10:31.308+0000] {processor.py:183} INFO - Processing /home/airflow/.local/lib/python3.8/site-packages/airflow/example_dags/example_setup_teardown_taskflow.py took 0.088 seconds
[2026-08-21T12:11:02.019+0000] {processor.py:161} INFO - Started process (PID=3902) to work on /home/airflow/.local/lib/python3.8/site-packages/airflow/example_dags/example_setup_teardown_taskflow.py
[2026-08-21T12:11:02.021+0000] {processor.py:830} INFO - Processing file /home/airflow/.local/lib/python3.8/site-packages/airflow/example_dags/example_setup_teardown_taskflow.py for tasks to queue
[2026-08-21T12:11:02.024+0000] {logging_mixin.py:188} INFO - [2026-08-21T12:11:02.024+0000] {dagbag.py:538} INFO - Filling up the DagBag from /home/airflow/.local/lib/python3.8/site-packages/airflow/example_dags/example_setup_teardown_taskflow.py
[2026-08-21T12:11:02.036+0000] {processor.py:840} INFO - DAG(s) 'example_setup_teardown_taskflow' retrieved from /home/airflow/.local/lib/python3.8/site-packages/airflow/example_dags/example_setup_teardown_taskflow.py
[2026-08-21T12:11:02.060+0000] {logging_mixin.py:188} INFO - [2026-08-21T12:11:02.060+0000] {dag.py:3036} INFO - Sync 1 DAGs
[2026-08-21T12:11:02.087+0000] {logging_mixin.py:188} INFO - [2026-08-21T12:11:02.087+0000] {dag.py:3823} INFO - Setting next_dagrun for example_setup_teardown_taskflow to 2026-08-20 00:00:00+00:00, run_after=2026-08-21 00:00:00+00:00
[2026-08-21T12:11:02.114+0000] {processor.py:183} INFO - Processing /home/airflow/.local/lib/python3.8/site-packages/airflow/example_dags/example_setup_teardown_taskflow.py took 0.099 seconds
[2026-08-21T12:11:32.796+0000] {processor.py:161} INFO - Started process (PID=3989) to work on /home/airflow/.local/lib/python3.8/site-packages/airflow/example_dags/example_setup_teardown_taskflow.py
[2026-08-21T12:11:32.798+0000] {processor.py:830} INFO - Processing file /home/airflow/.local/lib/python3.8/site-packages/airflow/example_dags/example_setup_teardown_taskflow.py for tasks to queue
[2026-08-21T12:11:32.800+0000] {logging_mixin.py:188} INFO - [2026-08-21T12:11:32.800+0000] {dagbag.py:538} INFO - Filling up the DagBag from /home/airflow/.local/lib/python3.8/site-packages/airflow/example_dags/example_setup_teardown_taskflow.py
[2026-08-21T12:11:32.810+0000] {processor.py:840} INFO - DAG(s) 'example_setup_teardown_taskflow' retrieved from /home/airflow/.local/lib/python3.8/site-packages/airflow/example_dags/example_setup_teardown_taskflow.py
[2026-08-21T12:11:32.830+0000] {logging_mixin.py:188} INFO - [2026-08-21T12:11:32.830+0000] {dag.py:3036} INFO - Sync 1 DAGs
[2026-08-21T12:11:32.852+0000] {logging_mixin.py:188} INFO - [2026-08-21T12:11:32.851+0000] {dag.py:3823} INFO - Setting next_dagrun for example_setup_teardown_taskflow to 2026-08-20 00:00:00+00:00, run_after=2026-08-21 00:00:00+00:00
[2026-08-21T12:11:32.870+0000] {processor.py:183} INFO - Processing /home/airflow/.local/lib/python3.8/site-packages/airflow/example_dags/example_setup_teardown_taskflow.py took 0.077 seconds
[2026-08-21T12:12:03.604+0000] {processor.py:161} INFO - Started process (PID=4076) to work on /home/airflow/.local/lib/python3.8/site-packages/airflow/example_dags/example_setup_teardown_taskflow.py
[2026-08-21T12:12:03.605+0000] {processor.py:830} INFO - Processing file /home/airflow/.local/lib/python3.8/site-packages/airflow/example_dags/example_setup_teardown_taskflow.py for tasks to queue
[2026-08-21T12:12:03.608+0000] {logging_mixin.py:188} INFO - [2026-08-21T12:12:03.607+0000] {dagbag.py:538} INFO - Filling up the DagBag from /home/airflow/.local/lib/python3.8/site-packages/airflow/example_dags/example_setup_teardown_taskflow.py
[2026-08-21T12:12:03.622+0000] {processor.py:840} INFO - DAG(s) 'example_setup_teardown_taskflow' retrieved from /home/airflow/.local/lib/python3.8/site-packages/airflow/example_dags/example_setup_teardown_taskflow.py
[2026-08-21T12:12:03.657+0000] {logging_mixin.py:188} INFO - [2026-08-21T12:12:03.656+0000] {dag.py:3036} INFO - Sync 1 DAGs
[2026-08-21T12:12:03.687+0000] {logging_mixin.py:188} INFO - [2026-08-21T12:12:03.686+0000] {dag.py:3823} INFO - Setting next_dagrun for example_setup_teardown_taskflow to 2026-08-20 00:00:00+00:00, run_after=2026-08-21 00:00:00+00:00
[2026-08-21T12:12:03.713+0000] {processor.py:183} INFO - Processing /home/airflow/.local/lib/python3.8/site-packages/airflow/example_dags/example_setup_teardown_taskflow.py took 0.114 seconds
[2026-08-21T12:12:34.386+0000] {processor.py:161} INFO - Started process (PID=4163) to work on /home/airflow/.local/lib/python3.8/site-packages/airflow/example_dags/example_setup_teardown_taskflow.py
[2026-08-21T12:12:34.388+0000] {processor.py:830} INFO - Processing file /home/airflow/.local/lib/python3.8/site-packages/airflow/example_dags/example_setup_teardown_taskflow.py for tasks to queue
[2026-08-21T12:12:34.390+0000] {logging_mixin.py:188} INFO - [2026-08-21T12:12:34.390+0000] {dagbag.py:538} INFO - Filling up the DagBag from /home/airflow/.local/lib/python3.8/site-packages/airflow/example_dags/example_setup_teardown_taskflow.py
[2026-08-21T12:12:34.399+0000] {processor.py:840} INFO - DAG(s) 'example_setup_teardown_taskflow' retrieved from /home/airflow/.local/lib/python3.8/site-packages/airflow/example_dags/example_setup_teardown_taskflow.py
[2026-08-21T12:12:34.420+0000] {logging_mixin.py:188} INFO - [2026-08-21T12:12:34.419+0000] {dag.py:3036} INFO - Sync 1 DAGs
[2026-08-21T12:12:34.440+0000] {logging_mixin.py:188} INFO - [2026-08-21T12:12:34.440+0000] {dag.py:3823} INFO - Setting next_dagrun for example_setup_teardown_taskflow to 2026-08-20 00:00:00+00:00, run_after=2026-08-21 00:00:00+00:00
[2026-08-21T12:12:34.459+0000] {processor.py:183} INFO - Processing /home/airflow/.local/lib/python3.8/site-packages/airflow/example_dags/example_setup_teardown_taskflow.py took 0.077 seconds
[2026-08-21T12:13:04.987+0000] {processor.py:161} INFO - Started process (PID=4250) to work on /home/airflow/.local/lib/python3.8/site-packages/airflow/example_dags/example_setup_teardown_taskflow.py
[2026-08-21T12:13:04.989+0000] {processor.py:830} INFO - Processing file /home/airflow/.local/lib/python3.8/site-packages/airflow/example_dags/example_setup_teardown_taskflow.py for tasks to queue
[2026-08-21T12:13:04.991+0000] {logging_mixin.py:188} INFO - [2026-08-21T12:13:04.990+0000] {dagbag.py:538} INFO - Filling up the DagBag from /home/airflow/.local/lib/python3.8/site-packages/airflow/example_dags/example_setup_teardown_taskflow.py
[2026-08-21T12:13:05.000+0000] {processor.py:840} INFO - DAG(s) 'example_setup_teardown_taskflow' retrieved from /home/airflow/.local/lib/python3.8/site-packages/airflow/example_dags/example_setup_teardown_taskflow.py
[2026-08-21T12:13:05.023+0000] {logging_mixin.py:188} INFO - [2026-08-21T12:13:05.023+0000] {dag.py:3036} INFO - Sync 1 DAGs
[2026-08-21T12:13:05.045+0000] {logging_mixin.py:188} INFO - [2026-08-21T12:13:05.044+0000] {dag.py:3823} INFO - Setting next_dagrun for example_setup_teardown_taskflow to 2026-08-20 00:00:00+00:00, run_after=2026-08-21 00:00:00+00:00
[2026-08-21T12:13:05.063+0000] {processor.py:183} INFO - Processing /home/airflow/.local/lib/python3.8/site-packages/airflow/example_dags/example_setup_teardown_taskflow.py took 0.079 seconds
[2026-08-21T12:13:35.404+0000] {processor.py:161} INFO - Started process (PID=4337) to work on /home/airflow/.local/lib/python3.8/site-packages/airflow/example_dags/example_setup_teardown_taskflow.py
[2026-08-21T12:13:35.405+0000] {processor.py:830} INFO - Processing file /home/airflow/.local/lib/python3.8/site-packages/airflow/example_dags/example_setup_teardown_taskflow.py for tasks to queue
[2026-08-21T12:13:35.407+0000] {logging_mixin.py:188} INFO - [2026-08-21T12:13:35.407+0000] {dagbag.py:538} INFO - Filling up the DagBag from /home/airflow/.local/lib/python3.8/site-packages/airflow/example_dags/example_setup_teardown_taskflow.py
[2026-08-21T12:13:35.416+0000] {processor.py:840} INFO - DAG(s) 'example_setup_teardown_taskflow' retrieved from /home/airflow/.local/lib/python3.8/site-packages/airflow/example_dags/example_setup_teardown_taskflow.py
[2026-08-21T12:13:35.438+0000] {logging_mixin.py:188} INFO - [2026-08-21T12:13:35.437+0000] {dag.py:3036} INFO - Sync 1 DAGs
[2026-08-21T12:13:35.459+0000] {logging_mixin.py:188} INFO - [2026-08-21T12:13:35.459+0000] {dag.py:3823} INFO - Setting next_dagrun for example_setup_teardown_taskflow to 2026-08-20 00:00:00+00:00, run_after=2026-08-21 00:00:00+00:00
[2026-08-21T12:13:35.480+0000] {processor.py:183} INFO - Processing /home/airflow/.local/lib/python3.8/site-packages/airflow/example_dags/example_setup_teardown_taskflow.py took 0.079 seconds
[2026-08-21T12:14:07.471+0000] {processor.py:161} INFO - Started process (PID=4425) to work on /home/airflow/.local/lib/python3.8/site-packages/airflow/example_dags/example_setup_teardown_taskflow.py
[2026-08-21T12:14:07.472+0000] {processor.py:830} INFO - Processing file /home/airflow/.local/lib/python3.8/site-packages/airflow/example_dags/example_setup_teardown_taskflow.py for tasks to queue
[2026-08-21T12:14:07.476+0000] {logging_mixin.py:188} INFO - [2026-08-21T12:14:07.475+0000] {dagbag.py:538} INFO - Filling up the DagBag from /home/airflow/.local/lib/python3.8/site-packages/airflow/example_dags/example_setup_teardown_taskflow.py
[2026-08-21T12:14:07.489+0000] {processor.py:840} INFO - DAG(s) 'example_setup_teardown_taskflow' retrieved from /home/airflow/.local/lib/python3.8/site-packages/airflow/example_dags/example_setup_teardown_taskflow.py
[2026-08-21T12:14:07.516+0000] {logging_mixin.py:188} INFO - [2026-08-21T12:14:07.515+0000] {dag.py:3036} INFO - Sync 1 DAGs
[2026-08-21T12:14:07.545+0000] {logging_mixin.py:188} INFO - [2026-08-21T12:14:07.545+0000] {dag.py:3823} INFO - Setting next_dagrun for example_setup_teardown_taskflow to 2026-08-20 00:00:00+00:00, run_after=2026-08-21 00:00:00+00:00
[2026-08-21T12:14:07.576+0000] {processor.py:183} INFO - Processing /home/airflow/.local/lib/python3.8/site-packages/airflow/example_dags/example_setup_teardown_taskflow.py took 0.109 seconds
[2026-08-21T12:14:37.965+0000] {processor.py:161} INFO - Started process (PID=4512) to work on /home/airflow/.local/lib/python3.8/site-packages/airflow/example_dags/example_setup_teardown_taskflow.py
[2026-08-21T12:14:37.967+0000] {processor.py:830} INFO - Processing file /home/airflow/.local/lib/python3.8/site-packages/airflow/example_dags/example_setup_teardown_taskflow.py for tasks to queue
[2026-08-21T12:14:37.969+0000] {logging_mixin.py:188} INFO - [2026-08-21T12:14:37.969+0000] {dagbag.py:538} INFO - Filling up the DagBag from /home/airflow/.local/lib/python3.8/site-packages/airflow/example_dags/example_setup_teardown_taskflow.py
[2026-08-21T12:14:37.978+0000] {processor.py:840} INFO - DAG(s) 'example_setup_teardown_taskflow' retrieved from /home/airflow/.local/lib/python3.8/site-packages/airflow/example_dags/example_setup_teardown_taskflow.py
[2026-08-21T12:14:38.003+0000] {logging_mixin.py:188} INFO - [2026-08-21T12:14:38.003+0000] {dag.py:3036} INFO - Sync 1 DAGs
[2026-08-21T12:14:38.025+0000] {logging_mixin.py:188} INFO - [2026-08-21T12:14:38.025+0000] {dag.py:3823} INFO - Setting next_dagrun for example_setup_teardown_taskflow to 2026-08-20 00:00:00+00:00, run_after=2026-08-21 00:00:00+00:00
[2026-08-21T12:14:38.048+0000] {processor.py:183} INFO - Processing /home/airflow/.local/lib/python3.8/site-packages/airflow/example_dags/example_setup_teardown_taskflow.py took 0.086 seconds
[2026-08-21T12:15:08.886+0000] {processor.py:161} INFO - Started process (PID=4599) to work on /home/airflow/.local/lib/python3.8/site-packages/airflow/example_dags/example_setup_teardown_taskflow.py
[2026-08-21T12:15:08.888+0000] {processor.py:830} INFO - Processing file /home/airflow/.local/lib/python3.8/site-packages/airflow/example_dags/example_setup_teardown_taskflow.py for tasks to queue
[2026-08-21T12:15:08.891+0000] {logging_mixin.py:188} INFO - [2026-08-21T12:15:08.890+0000] {dagbag.py:538} INFO - Filling up the DagBag from /home/airflow/.local/lib/python3.8/site-packages/airflow/example_dags/example_setup_teardown_taskflow.py
[2026-08-21T12:15:08.902+0000] {processor.py:840} INFO - DAG(s) 'example_setup_teardown_taskflow' retrieved from /home/airflow/.local/lib/python3.8/site-packages/airflow/example_dags/example_setup_teardown_taskflow.py
[2026-08-21T12:15:08.927+0000] {logging_mixin.py:188} INFO - [2026-08-21T12:15:08.927+0000] {dag.py:3036} INFO - Sync 1 DAGs
[2026-08-21T12:15:08.949+0000] {logging_mixin.py:188} INFO - [2026-08-21T12:15:08.948+0000] {dag.py:3823} INFO - Setting next_dagrun for example_setup_teardown_taskflow to 2026-08-20 00:00:00+00:00, run_after=2026-08-21 00:00:00+00:00
[2026-08-21T12:15:08.981+0000] {processor.py:183} INFO - Processing /home/airflow/.local/lib/python3.8/site-packages/airflow/example_dags/example_setup_teardown_taskflow.py took 0.099 seconds
[2026-08-21T12:15:39.268+0000] {processor.py:161} INFO - Started process (PID=4686) to work on /home/airflow/.local/lib/python3.8/site-packages/airflow/example_dags/example_setup_teardown_taskflow.py
[2026-08-21T12:15:39.270+0000] {processor.py:830} INFO - Processing file /home/airflow/.local/lib/python3.8/site-packages/airflow/example_dags/example_setup_teardown_taskflow.py for tasks to queue
[2026-08-21T12:15:39.272+0000] {logging_mixin.py:188} INFO - [2026-08-21T12:15:39.272+0000] {dagbag.py:538} INFO - Filling up the DagBag from /home/airflow/.local/lib/python3.8/site-packages/airflow/example_dags/example_setup_teardown_taskflow.py
[2026-08-21T12:15:39.283+0000] {processor.py:840} INFO - DAG(s) 'example_setup_teardown_taskflow' retrieved from /home/airflow/.local/lib/python3.8/site-packages/airflow/example_dags/example_setup_teardown_taskflow.py
[2026-08-21T12:15:39.313+0000] {logging_mixin.py:188} INFO - [2026-08-21T12:15:39.313+0000] {dag.py:3036} INFO - Sync 1 DAGs
[2026-08-21T12:15:39.338+0000] {logging_mixin.py:188} INFO - [2026-08-21T12:15:39.337+0000] {dag.py:3823} INFO - Setting next_dagrun for example_setup_teardown_taskflow to 2026-08-20 00:00:00+00:00, run_after=2026-08-21 00:00:00+00:00
[2026-08-21T12:15:39.362+0000] {processor.py:183} INFO - Processing /home/airflow/.local/lib/python3.8/site-packages/airflow/example_dags/example_setup_teardown_taskflow.py took 0.099 seconds
[2026-08-21T12:16:10.073+0000] {processor.py:161} INFO - Started process (PID=4773) to work on /home/airflow/.local/lib/python3.8/site-packages/airflow/example_dags/example_setup_teardown_taskflow.py
[2026-08-21T12:16:10.074+0000] {processor.py:830} INFO - Processing file /home/airflow/.local/lib/python3.8/site-packages/airflow/example_dags/example_setup_teardown_taskflow.py for tasks to queue
[2026-08-21T12:16:10.078+0000] {logging_mixin.py:188} INFO - [2026-08-21T12:16:10.077+0000] {dagbag.py:538} INFO - Filling up the DagBag from /home/airflow/.local/lib/python3.8/site-packages/airflow/example_dags/example_setup_teardown_taskflow.py
[2026-08-21T12:16:10.086+0000] {processor.py:840} INFO - DAG(s) 'example_setup_teardown_taskflow' retrieved from /home/airflow/.local/lib/python3.8/site-packages/airflow/example_dags/example_setup_teardown_taskflow.py
[2026-08-21T12:16:10.107+0000] {logging_mixin.py:188} INFO - [2026-08-21T12:16:10.107+0000] {dag.py:3036} INFO - Sync 1 DAGs
[2026-08-21T12:16:10.128+0000] {logging_mixin.py:188} INFO - [2026-08-21T12:16:10.127+0000] {dag.py:3823} INFO - Setting next_dagrun for example_setup_teardown_taskflow to 2026-08-20 00:00:00+00:00, run_after=2026-08-21 00:00:00+00:00
[2026-08-21T12:16:10.147+0000] {processor.py:183} INFO - Processing /home/airflow/.local/lib/python3.8/site-packages/airflow/example_dags/example_setup_teardown_taskflow.py took 0.078 seconds
[2026-08-21T12:16:41.445+0000] {processor.py:161} INFO - Started process (PID=4861) to work on /home/airflow/.local/lib/python3.8/site-packages/airflow/example_dags/example_setup_teardown_taskflow.py
[2026-08-21T12:16:41.449+0000] {processor.py:830} INFO - Processing file /home/airflow/.local/lib/python3.8/site-packages/airflow/example_dags/example_setup_teardown_taskflow.py for tasks to queue
[2026-08-21T12:16:41.452+0000] {logging_mixin.py:188} INFO - [2026-08-21T12:16:41.452+0000] {dagbag.py:538} INFO - Filling up the DagBag from /home/airflow/.local/lib/python3.8/site-packages/airflow/example_dags/example_setup_teardown_taskflow.py
[2026-08-21T12:16:41.463+0000] {processor.py:840} INFO - DAG(s) 'example_setup_teardown_taskflow' retrieved from /home/airflow/.local/lib/python3.8/site-packages/airflow/example_dags/example_setup_teardown_taskflow.py
[2026-08-21T12:16:41.485+0000] {logging_mixin.py:188} INFO - [2026-08-21T12:16:41.485+0000] {dag.py:3036} INFO - Sync 1 DAGs
[2026-08-21T12:16:41.507+0000] {logging_mixin.py:188} INFO - [2026-08-21T12:16:41.507+0000] {dag.py:3823} INFO - Setting next_dagrun for example_setup_teardown_taskflow to 2026-08-20 00:00:00+00:00, run_after=2026-08-21 00:00:00+00:00
[2026-08-21T12:16:41.530+0000] {processor.py:183} INFO - Processing /home/airflow/.local/lib/python3.8/site-packages/airflow/example_dags/example_setup_teardown_taskflow.py took 0.089 seconds
[2026-08-21T12:17:12.092+0000] {processor.py:161} INFO - Started process (PID=4948) to work on /home/airflow/.local/lib/python3.8/site-packages/airflow/example_dags/example_setup_teardown_taskflow.py
[2026-08-21T12:17:12.093+0000] {processor.py:830} INFO - Processing file /home/airflow/.local/lib/python3.8/site-packages/airflow/example_dags/example_setup_teardown_taskflow.py for tasks to queue
[2026-08-21T12:17:12.096+0000] {logging_mixin.py:188} INFO - [2026-08-21T12:17:12.096+0000] {dagbag.py:538} INFO - Filling up the DagBag from /home/airflow/.local/lib/python3.8/site-packages/airflow/example_dags/example_setup_teardown_taskflow.py
[2026-08-21T12:17:12.108+0000] {processor.py:840} INFO - DAG(s) 'example_setup_teardown_taskflow' retrieved from /home/airflow/.local/lib/python3.8/site-packages/airflow/example_dags/example_setup_teardown_taskflow.py
[2026-08-21T12:17:12.131+0000] {logging_mixin.py:188} INFO - [2026-08-21T12:17:12.130+0000] {dag.py:3036} INFO - Sync 1 DAGs
[2026-08-21T12:17:12.156+0000] {logging_mixin.py:188} INFO - [2026-08-21T12:17:12.156+0000] {dag.py:3823} INFO - Setting next_dagrun for example_setup_teardown_taskflow to 2026-08-20 00:00:00+00:00, run_after=2026-08-21 00:00:00+00:00
[2026-08-21T12:17:12.176+0000] {processor.py:183} INFO - Processing /home/airflow/.local/lib/python3.8/site-packages/airflow/example_dags/example_setup_teardown_taskflow.py took 0.088 seconds
[2026-08-21T12:17:42.495+0000] {processor.py:161} INFO - Started process (PID=5035) to work on /home/airflow/.local/lib/python3.8/site-packages/airflow/example_dags/example_setup_teardown_taskflow.py
[2026-08-21T12:17:42.497+0000] {processor.py:830} INFO - Processing file /home/airflow/.local/lib/python3.8/site-packages/airflow/example_dags/example_setup_teardown_taskflow.py for tasks to queue
[2026-08-21T12:17:42.499+0000] {logging_mixin.py:188} INFO - [2026-08-21T12:17:42.499+0000] {dagbag.py:538} INFO - Filling up the DagBag from /home/airflow/.local/lib/python3.8/site-packages/airflow/example_dags/example_setup_teardown_taskflow.py
[2026-08-21T12:17:42.509+0000] {processor.py:840} INFO - DAG(s) 'example_setup_teardown_taskflow' retrieved from /home/airflow/.local/lib/python3.8/site-packages/airflow/example_dags/example_setup_teardown_taskflow.py
[2026-08-21T12:17:42.533+0000] {logging_mixin.py:188} INFO - [2026-08-21T12:17:42.533+0000] {dag.py:3036} INFO - Sync 1 DAGs
[2026-08-21T12:17:42.556+0000] {logging_mixin.py:188} INFO - [2026-08-21T12:17:42.556+0000] {dag.py:3823} INFO - Setting next_dagrun for example_setup_teardown_taskflow to 2026-08-20 00:00:00+00:00, run_after=2026-08-21 00:00:00+00:00
[2026-08-21T12:17:42.578+0000] {processor.py:183} INFO - Processing /home/airflow/.local/lib/python3.8/site-packages/airflow/example_dags/example_setup_teardown_taskflow.py took 0.088 seconds
[2026-08-21T12:18:13.602+0000] {processor.py:161} INFO - Started process (PID=5122) to work on /home/airflow/.local/lib/python3.8/site-packages/airflow/example_dags/example_setup_teardown_taskflow.py
[2026-08-21T12:18:13.604+0000] {processor.py:830} INFO - Processing file /home/airflow/.local/lib/python3.8/site-packages/airflow/example_dags/example_setup_teardown_taskflow.py for tasks to queue
[2026-08-21T12:18:13.607+0000] {logging_mixin.py:188} INFO - [2026-08-21T12:18:13.606+0000] {dagbag.py:538} INFO - Filling up the DagBag from /home/airflow/.local/lib/python3.8/site-packages/airflow/example_dags/example_setup_teardown_taskflow.py
[2026-08-21T12:18:13.619+0000] {processor.py:840} INFO - DAG(s) 'example_setup_teardown_taskflow' retrieved from /home/airflow/.local/lib/python3.8/site-packages/airflow/example_dags/example_setup_teardown_taskflow.py
[2026-08-21T12:18:13.652+0000] {logging_mixin.py:188} INFO - [2026-08-21T12:18:13.652+0000] {dag.py:3036} INFO - Sync 1 DAGs
[2026-08-21T12:18:13.689+0000] {logging_mixin.py:188} INFO - [2026-08-21T12:18:13.688+0000] {dag.py:3823} INFO - Setting next_dagrun for example_setup_teardown_taskflow to 2026-08-20 00:00:00+00:00, run_after=2026-08-21 00:00:00+00:00
[2026-08-21T12:18:13.712+0000] {processor.py:183} INFO - Processing /home/airflow/.local/lib/python3.8/site-packages/airflow/example_dags/example_setup_teardown_taskflow.py took 0.114 seconds
[2026-08-21T12:18:44.133+0000] {processor.py:161} INFO - Started process (PID=5209) to work on /home/airflow/.local/lib/python3.8/site-packages/airflow/example_dags/example_setup_teardown_taskflow.py
[2026-08-21T12:18:44.135+0000] {processor.py:830} INFO - Processing file /home/airflow/.local/lib/python3.8/site-packages/airflow/example_dags/example_setup_teardown_taskflow.py for tasks to queue
[2026-08-21T12:18:44.137+0000] {logging_mixin.py:188} INFO - [2026-08-21T12:18:44.137+0000] {dagbag.py:538} INFO - Filling up the DagBag from /home/airflow/.local/lib/python3.8/site-packages/airflow/example_dags/example_setup_teardown_taskflow.py
[2026-08-21T12:18:44.148+0000] {processor.py:840} INFO - DAG(s) 'example_setup_teardown_taskflow' retrieved from /home/airflow/.local/lib/python3.8/site-packages/airflow/example_dags/example_setup_teardown_taskflow.py
[2026-08-21T12:18:44.170+0000] {logging_mixin.py:188} INFO - [2026-08-21T12:18:44.169+0000] {dag.py:3036} INFO - Sync 1 DAGs
[2026-08-21T12:18:44.189+0000] {logging_mixin.py:188} INFO - [2026-08-21T12:18:44.189+0000] {dag.py:3823} INFO - Setting next_dagrun for example_setup_teardown_taskflow to 2026-08-20 00:00:00+00:00, run_after=2026-08-21 00:00:00+00:00
[2026-08-21T12:18:44.339+0000] {processor.py:183} INFO - Processing /home/airflow/.local/lib/python3.8/site-packages/airflow/example_dags/example_setup_teardown_taskflow.py took 0.210 seconds
[2026-08-21T12:19:14.697+0000] {processor.py:161} INFO - Started process (PID=5296) to work on /home/airflow/.local/lib/python3.8/site-packages/airflow/example_dags/example_setup_teardown_taskflow.py
[2026-08-21T12:19:14.698+0000] {processor.py:830} INFO - Processing file /home/airflow/.local/lib/python3.8/site-packages/airflow/example_dags/example_setup_teardown_taskflow.py for tasks to queue
[2026-08-21T12:19:14.702+0000] {logging_mixin.py:188} INFO - [2026-08-21T12:19:14.701+0000] {dagbag.py:538} INFO - Filling up the DagBag from /home/airflow/.local/lib/python3.8/site-packages/airflow/example_dags/example_setup_teardown_taskflow.py
[2026-08-21T12:19:14.717+0000] {processor.py:840} INFO - DAG(s) 'example_setup_teardown_taskflow' retrieved from /home/airflow/.local/lib/python3.8/site-packages/airflow/example_dags/example_setup_teardown_taskflow.py
[2026-08-21T12:19:14.749+0000] {logging_mixin.py:188} INFO - [2026-08-21T12:19:14.748+0000] {dag.py:3036} INFO - Sync 1 DAGs
[2026-08-21T12:19:14.778+0000] {logging_mixin.py:188} INFO - [2026-08-21T12:19:14.777+0000] {dag.py:3823} INFO - Setting next_dagrun for example_setup_teardown_taskflow to 2026-08-20 00:00:00+00:00, run_after=2026-08-21 00:00:00+00:00
[2026-08-21T12:19:14.805+0000] {processor.py:183} INFO - Processing /home/airflow/.local/lib/python3.8/site-packages/airflow/example_dags/example_setup_teardown_taskflow.py took 0.115 seconds
[2026-08-21T12:19:44.947+0000] {processor.py:161} INFO - Started process (PID=5383) to work on /home/airflow/.local/lib/python3.8/site-packages/airflow/example_dags/example_setup_teardown_taskflow.py
[2026-08-21T12:19:44.948+0000] {processor.py:830} INFO - Processing file /home/airflow/.local/lib/python3.8/site-packages/airflow/example_dags/example_setup_teardown_taskflow.py for tasks to queue
[2026-08-21T12:19:44.951+0000] {logging_mixin.py:188} INFO - [2026-08-21T12:19:44.951+0000] {dagbag.py:538} INFO - Filling up the DagBag from /home/airflow/.local/lib/python3.8/site-packages/airflow/example_dags/example_setup_teardown_taskflow.py
[2026-08-21T12:19:44.964+0000] {processor.py:840} INFO - DAG(s) 'example_setup_teardown_taskflow' retrieved from /home/airflow/.local/lib/python3.8/site-packages/airflow/example_dags/example_setup_teardown_taskflow.py
[2026-08-21T12:19:44.992+0000] {logging_mixin.py:188} INFO - [2026-08-21T12:19:44.992+0000] {dag.py:3036} INFO - Sync 1 DAGs
[2026-08-21T12:19:45.015+0000] {logging_mixin.py:188} INFO - [2026-08-21T12:19:45.015+0000] {dag.py:3823} INFO - Setting next_dagrun for example_setup_teardown_taskflow to 2026-08-20 00:00:00+00:00, run_after=2026-08-21 00:00:00+00:00
[2026-08-21T12:19:45.035+0000] {processor.py:183} INFO - Processing /home/airflow/.local/lib/python3.8/site-packages/airflow/example_dags/example_setup_teardown_taskflow.py took 0.092 seconds
[2026-08-21T12:20:26.085+0000] {processor.py:161} INFO - Started process (PID=5476) to work on /home/airflow/.local/lib/python3.8/site-packages/airflow/example_dags/example_setup_teardown_taskflow.py
[2026-08-21T12:20:26.088+0000] {processor.py:830} INFO - Processing file /home/airflow/.local/lib/python3.8/site-packages/airflow/example_dags/example_setup_teardown_taskflow.py for tasks to queue
[2026-08-21T12:20:26.119+0000] {logging_mixin.py:188} INFO - [2026-08-21T12:20:26.118+0000] {dagbag.py:538} INFO - Filling up the DagBag from /home/airflow/.local/lib/python3.8/site-packages/airflow/example_dags/example_setup_teardown_taskflow.py
[2026-08-21T12:20:26.166+0000] {processor.py:840} INFO - DAG(s) 'example_setup_teardown_taskflow' retrieved from /home/airflow/.local/lib/python3.8/site-packages/airflow/example_dags/example_setup_teardown_taskflow.py
[2026-08-21T12:20:26.287+0000] {logging_mixin.py:188} INFO - [2026-08-21T12:20:26.287+0000] {dag.py:3036} INFO - Sync 1 DAGs
[2026-08-21T12:20:26.404+0000] {logging_mixin.py:188} INFO - [2026-08-21T12:20:26.403+0000] {dag.py:3823} INFO - Setting next_dagrun for example_setup_teardown_taskflow to 2026-08-20 00:00:00+00:00, run_after=2026-08-21 00:00:00+00:00
[2026-08-21T12:20:26.528+0000] {processor.py:183} INFO - Processing /home/airflow/.local/lib/python3.8/site-packages/airflow/example_dags/example_setup_teardown_taskflow.py took 0.460 seconds
[2026-08-21T12:20:58.096+0000] {processor.py:161} INFO - Started process (PID=5563) to work on /home/airflow/.local/lib/python3.8/site-packages/airflow/example_dags/example_setup_teardown_taskflow.py
[2026-08-21T12:20:58.106+0000] {processor.py:830} INFO - Processing file /home/airflow/.local/lib/python3.8/site-packages/airflow/example_dags/example_setup_teardown_taskflow.py for tasks to queue
[2026-08-21T12:20:58.111+0000] {logging_mixin.py:188} INFO - [2026-08-21T12:20:58.110+0000] {dagbag.py:538} INFO - Filling up the DagBag from /home/airflow/.local/lib/python3.8/site-packages/airflow/example_dags/example_setup_teardown_taskflow.py
[2026-08-21T12:20:58.151+0000] {processor.py:840} INFO - DAG(s) 'example_setup_teardown_taskflow' retrieved from /home/airflow/.local/lib/python3.8/site-packages/airflow/example_dags/example_setup_teardown_taskflow.py
[2026-08-21T12:20:58.223+0000] {logging_mixin.py:188} INFO - [2026-08-21T12:20:58.223+0000] {dag.py:3036} INFO - Sync 1 DAGs
[2026-08-21T12:20:58.324+0000] {logging_mixin.py:188} INFO - [2026-08-21T12:20:58.324+0000] {dag.py:3823} INFO - Setting next_dagrun for example_setup_teardown_taskflow to 2026-08-20 00:00:00+00:00, run_after=2026-08-21 00:00:00+00:00
[2026-08-21T12:20:58.436+0000] {processor.py:183} INFO - Processing /home/airflow/.local/lib/python3.8/site-packages/airflow/example_dags/example_setup_teardown_taskflow.py took 0.347 seconds
[2026-08-21T12:21:29.478+0000] {processor.py:161} INFO - Started process (PID=5650) to work on /home/airflow/.local/lib/python3.8/site-packages/airflow/example_dags/example_setup_teardown_taskflow.py
[2026-08-21T12:21:29.480+0000] {processor.py:830} INFO - Processing file /home/airflow/.local/lib/python3.8/site-packages/airflow/example_dags/example_setup_teardown_taskflow.py for tasks to queue
[2026-08-21T12:21:29.482+0000] {logging_mixin.py:188} INFO - [2026-08-21T12:21:29.482+0000] {dagbag.py:538} INFO - Filling up the DagBag from /home/airflow/.local/lib/python3.8/site-packages/airflow/example_dags/example_setup_teardown_taskflow.py
[2026-08-21T12:21:29.496+0000] {processor.py:840} INFO - DAG(s) 'example_setup_teardown_taskflow' retrieved from /home/airflow/.local/lib/python3.8/site-packages/airflow/example_dags/example_setup_teardown_taskflow.py
[2026-08-21T12:21:29.526+0000] {logging_mixin.py:188} INFO - [2026-08-21T12:21:29.525+0000] {dag.py:3036} INFO - Sync 1 DAGs
[2026-08-21T12:21:29.555+0000] {logging_mixin.py:188} INFO - [2026-08-21T12:21:29.554+0000] {dag.py:3823} INFO - Setting next_dagrun for example_setup_teardown_taskflow to 2026-08-20 00:00:00+00:00, run_after=2026-08-21 00:00:00+00:00
[2026-08-21T12:21:29.641+0000] {processor.py:183} INFO - Processing /home/airflow/.local/lib/python3.8/site-packages/airflow/example_dags/example_setup_teardown_taskflow.py took 0.166 seconds
[2026-08-21T12:21:59.888+0000] {processor.py:161} INFO - Started process (PID=5737) to work on /home/airflow/.local/lib/python3.8/site-packages/airflow/example_dags/example_setup_teardown_taskflow.py
[2026-08-21T12:21:59.890+0000] {processor.py:830} INFO - Processing file /home/airflow/.local/lib/python3.8/site-packages/airflow/example_dags/example_setup_teardown_taskflow.py for tasks to queue
[2026-08-21T12:21:59.892+0000] {logging_mixin.py:188} INFO - [2026-08-21T12:21:59.892+0000] {dagbag.py:538} INFO - Filling up the DagBag from /home/airflow/.local/lib/python3.8/site-packages/airflow/example_dags/example_setup_teardown_taskflow.py
[2026-08-21T12:21:59.901+0000] {processor.py:840} INFO - DAG(s) 'example_setup_teardown_taskflow' retrieved from /home/airflow/.local/lib/python3.8/site-packages/airflow/example_dags/example_setup_teardown_taskflow.py
[2026-08-21T12:21:59.921+0000] {logging_mixin.py:188} INFO - [2026-08-21T12:21:59.920+0000] {dag.py:3036} INFO - Sync 1 DAGs
[2026-08-21T12:21:59.943+0000] {logging_mixin.py:188} INFO - [2026-08-21T12:21:59.943+0000] {dag.py:3823} INFO - Setting next_dagrun for example_setup_teardown_taskflow to 2026-08-20 00:00:00+00:00, run_after=2026-08-21 00:00:00+00:00
[2026-08-21T12:22:00.047+0000] {processor.py:183} INFO - Processing /home/airflow/.local/lib/python3.8/site-packages/airflow/example_dags/example_setup_teardown_taskflow.py took 0.163 seconds
[2026-08-21T12:22:31.007+0000] {processor.py:161} INFO - Started process (PID=5825) to work on /home/airflow/.local/lib/python3.8/site-packages/airflow/example_dags/example_setup_teardown_taskflow.py
[2026-08-21T12:22:31.008+0000] {processor.py:830} INFO - Processing file /home/airflow/.local/lib/python3.8/site-packages/airflow/example_dags/example_setup_teardown_taskflow.py for tasks to queue
[2026-08-21T12:22:31.014+0000] {logging_mixin.py:188} INFO - [2026-08-21T12:22:31.013+0000] {dagbag.py:538} INFO - Filling up the DagBag from /home/airflow/.local/lib/python3.8/site-packages/airflow/example_dags/example_setup_teardown_taskflow.py
[2026-08-21T12:22:31.029+0000] {processor.py:840} INFO - DAG(s) 'example_setup_teardown_taskflow' retrieved from /home/airflow/.local/lib/python3.8/site-packages/airflow/example_dags/example_setup_teardown_taskflow.py
[2026-08-21T12:22:31.058+0000] {logging_mixin.py:188} INFO - [2026-08-21T12:22:31.057+0000] {dag.py:3036} INFO - Sync 1 DAGs
[2026-08-21T12:22:31.090+0000] {logging_mixin.py:188} INFO - [2026-08-21T12:22:31.089+0000] {dag.py:3823} INFO - Setting next_dagrun for example_setup_teardown_taskflow to 2026-08-20 00:00:00+00:00, run_after=2026-08-21 00:00:00+00:00
[2026-08-21T12:22:31.167+0000] {processor.py:183} INFO - Processing /home/airflow/.local/lib/python3.8/site-packages/airflow/example_dags/example_setup_teardown_taskflow.py took 0.166 seconds
[2026-08-21T12:23:01.217+0000] {processor.py:161} INFO - Started process (PID=5913) to work on /home/airflow/.local/lib/python3.8/site-packages/airflow/example_dags/example_setup_teardown_taskflow.py
[2026-08-21T12:23:01.219+0000] {processor.py:830} INFO - Processing file /home/airflow/.local/lib/python3.8/site-packages/airflow/example_dags/example_setup_teardown_taskflow.py for tasks to queue
[2026-08-21T12:23:01.222+0000] {logging_mixin.py:188} INFO - [2026-08-21T12:23:01.221+0000] {dagbag.py:538} INFO - Filling up the DagBag from /home/airflow/.local/lib/python3.8/site-packages/airflow/example_dags/example_setup_teardown_taskflow.py
[2026-08-21T12:23:01.231+0000] {processor.py:840} INFO - DAG(s) 'example_setup_teardown_taskflow' retrieved from /home/airflow/.local/lib/python3.8/site-packages/airflow/example_dags/example_setup_teardown_taskflow.py
[2026-08-21T12:23:01.253+0000] {logging_mixin.py:188} INFO - [2026-08-21T12:23:01.253+0000] {dag.py:3036} INFO - Sync 1 DAGs
[2026-08-21T12:23:01.274+0000] {logging_mixin.py:188} INFO - [2026-08-21T12:23:01.274+0000] {dag.py:3823} INFO - Setting next_dagrun for example_setup_teardown_taskflow to 2026-08-20 00:00:00+00:00, run_after=2026-08-21 00:00:00+00:00
[2026-08-21T12:23:01.438+0000] {processor.py:183} INFO - Processing /home/airflow/.local/lib/python3.8/site-packages/airflow/example_dags/example_setup_teardown_taskflow.py took 0.225 seconds
[2026-08-21T12:23:32.163+0000] {processor.py:161} INFO - Started process (PID=5999) to work on /home/airflow/.local/lib/python3.8/site-packages/airflow/example_dags/example_setup_teardown_taskflow.py
[2026-08-21T12:23:32.165+0000] {processor.py:830} INFO - Processing file /home/airflow/.local/lib/python3.8/site-packages/airflow/example_dags/example_setup_teardown_taskflow.py for tasks to queue
[2026-08-21T12:23:32.168+0000] {logging_mixin.py:188} INFO - [2026-08-21T12:23:32.167+0000] {dagbag.py:538} INFO - Filling up the DagBag from /home/airflow/.local/lib/python3.8/site-packages/airflow/example_dags/example_setup_teardown_taskflow.py
[2026-08-21T12:23:32.178+0000] {processor.py:840} INFO - DAG(s) 'example_setup_teardown_taskflow' retrieved from /home/airflow/.local/lib/python3.8/site-packages/airflow/example_dags/example_setup_teardown_taskflow.py
[2026-08-21T12:23:32.207+0000] {logging_mixin.py:188} INFO - [2026-08-21T12:23:32.207+0000] {dag.py:3036} INFO - Sync 1 DAGs
[2026-08-21T12:23:32.233+0000] {logging_mixin.py:188} INFO - [2026-08-21T12:23:32.232+0000] {dag.py:3823} INFO - Setting next_dagrun for example_setup_teardown_taskflow to 2026-08-20 00:00:00+00:00, run_after=2026-08-21 00:00:00+00:00
[2026-08-21T12:23:32.299+0000] {processor.py:183} INFO - Processing /home/airflow/.local/lib/python3.8/site-packages/airflow/example_dags/example_setup_teardown_taskflow.py took 0.142 seconds
[2026-08-21T12:24:02.414+0000] {processor.py:161} INFO - Started process (PID=6086) to work on /home/airflow/.local/lib/python3.8/site-packages/airflow/example_dags/example_setup_teardown_taskflow.py
[2026-08-21T12:24:02.415+0000] {processor.py:830} INFO - Processing file /home/airflow/.local/lib/python3.8/site-packages/airflow/example_dags/example_setup_teardown_taskflow.py for tasks to queue
[2026-08-21T12:24:02.418+0000] {logging_mixin.py:188} INFO - [2026-08-21T12:24:02.418+0000] {dagbag.py:538} INFO - Filling up the DagBag from /home/airflow/.local/lib/python3.8/site-packages/airflow/example_dags/example_setup_teardown_taskflow.py
[2026-08-21T12:24:02.430+0000] {processor.py:840} INFO - DAG(s) 'example_setup_teardown_taskflow' retrieved from /home/airflow/.local/lib/python3.8/site-packages/airflow/example_dags/example_setup_teardown_taskflow.py
[2026-08-21T12:24:02.452+0000] {logging_mixin.py:188} INFO - [2026-08-21T12:24:02.452+0000] {dag.py:3036} INFO - Sync 1 DAGs
[2026-08-21T12:24:02.477+0000] {logging_mixin.py:188} INFO - [2026-08-21T12:24:02.477+0000] {dag.py:3823} INFO - Setting next_dagrun for example_setup_teardown_taskflow to 2026-08-20 00:00:00+00:00, run_after=2026-08-21 00:00:00+00:00
[2026-08-21T12:24:02.498+0000] {processor.py:183} INFO - Processing /home/airflow/.local/lib/python3.8/site-packages/airflow/example_dags/example_setup_teardown_taskflow.py took 0.088 seconds
[2026-08-21T12:24:32.875+0000] {processor.py:161} INFO - Started process (PID=6173) to work on /home/airflow/.local/lib/python3.8/site-packages/airflow/example_dags/example_setup_teardown_taskflow.py
[2026-08-21T12:24:32.877+0000] {processor.py:830} INFO - Processing file /home/airflow/.local/lib/python3.8/site-packages/airflow/example_dags/example_setup_teardown_taskflow.py for tasks to queue
[2026-08-21T12:24:32.881+0000] {logging_mixin.py:188} INFO - [2026-08-21T12:24:32.880+0000] {dagbag.py:538} INFO - Filling up the DagBag from /home/airflow/.local/lib/python3.8/site-packages/airflow/example_dags/example_setup_teardown_taskflow.py
[2026-08-21T12:24:32.902+0000] {processor.py:840} INFO - DAG(s) 'example_setup_teardown_taskflow' retrieved from /home/airflow/.local/lib/python3.8/site-packages/airflow/example_dags/example_setup_teardown_taskflow.py
[2026-08-21T12:24:32.947+0000] {logging_mixin.py:188} INFO - [2026-08-21T12:24:32.946+0000] {dag.py:3036} INFO - Sync 1 DAGs
[2026-08-21T12:24:32.989+0000] {logging_mixin.py:188} INFO - [2026-08-21T12:24:32.989+0000] {dag.py:3823} INFO - Setting next_dagrun for example_setup_teardown_taskflow to 2026-08-20 00:00:00+00:00, run_after=2026-08-21 00:00:00+00:00
[2026-08-21T12:24:33.099+0000] {processor.py:183} INFO - Processing /home/airflow/.local/lib/python3.8/site-packages/airflow/example_dags/example_setup_teardown_taskflow.py took 0.231 seconds
[2026-08-21T12:25:03.420+0000] {processor.py:161} INFO - Started process (PID=6260) to work on /home/airflow/.local/lib/python3.8/site-packages/airflow/example_dags/example_setup_teardown_taskflow.py
[2026-08-21T12:25:03.422+0000] {processor.py:830} INFO - Processing file /home/airflow/.local/lib/python3.8/site-packages/airflow/example_dags/example_setup_teardown_taskflow.py for tasks to queue
[2026-08-21T12:25:03.424+0000] {logging_mixin.py:188} INFO - [2026-08-21T12:25:03.424+0000] {dagbag.py:538} INFO - Filling up the DagBag from /home/airflow/.local/lib/python3.8/site-packages/airflow/example_dags/example_setup_teardown_taskflow.py
[2026-08-21T12:25:03.434+0000] {processor.py:840} INFO - DAG(s) 'example_setup_teardown_taskflow' retrieved from /home/airflow/.local/lib/python3.8/site-packages/airflow/example_dags/example_setup_teardown_taskflow.py
[2026-08-21T12:25:03.456+0000] {logging_mixin.py:188} INFO - [2026-08-21T12:25:03.456+0000] {dag.py:3036} INFO - Sync 1 DAGs
[2026-08-21T12:25:03.477+0000] {logging_mixin.py:188} INFO - [2026-08-21T12:25:03.476+0000] {dag.py:3823} INFO - Setting next_dagrun for example_setup_teardown_taskflow to 2026-08-20 00:00:00+00:00, run_after=2026-08-21 00:00:00+00:00
[2026-08-21T12:25:03.563+0000] {processor.py:183} INFO - Processing /home/airflow/.local/lib/python3.8/site-packages/airflow/example_dags/example_setup_teardown_taskflow.py took 0.146 seconds
[2026-08-21T12:25:33.877+0000] {processor.py:161} INFO - Started process (PID=6347) to work on /home/airflow/.local/lib/python3.8/site-packages/airflow/example_dags/example_setup_teardown_taskflow.py
[2026-08-21T12:25:33.879+0000] {processor.py:830} INFO - Processing file /home/airflow/.local/lib/python3.8/site-packages/airflow/example_dags/example_setup_teardown_taskflow.py for tasks to queue
[2026-08-21T12:25:33.882+0000] {logging_mixin.py:188} INFO - [2026-08-21T12:25:33.881+0000] {dagbag.py:538} INFO - Filling up the DagBag from /home/airflow/.local/lib/python3.8/site-packages/airflow/example_dags/example_setup_teardown_taskflow.py
[2026-08-21T12:25:33.893+0000] {processor.py:840} INFO - DAG(s) 'example_setup_teardown_taskflow' retrieved from /home/airflow/.local/lib/python3.8/site-packages/airflow/example_dags/example_setup_teardown_taskflow.py
[2026-08-21T12:25:33.920+0000] {logging_mixin.py:188} INFO - [2026-08-21T12:25:33.919+0000] {dag.py:3036} INFO - Sync 1 DAGs
[2026-08-21T12:25:33.944+0000] {logging_mixin.py:188} INFO - [2026-08-21T12:25:33.943+0000] {dag.py:3823} INFO - Setting next_dagrun for example_setup_teardown_taskflow to 2026-08-20 00:00:00+00:00, run_after=2026-08-21 00:00:00+00:00
[2026-08-21T12:25:33.964+0000] {processor.py:183} INFO - Processing /home/airflow/.local/lib/python3.8/site-packages/airflow/example_dags/example_setup_teardown_taskflow.py took 0.092 seconds
[2026-08-21T12:26:04.077+0000] {processor.py:161} INFO - Started process (PID=6432) to work on /home/airflow/.local/lib/python3.8/site-packages/airflow/example_dags/example_setup_teardown_taskflow.py
[2026-08-21T12:26:04.079+0000] {processor.py:830} INFO - Processing file /home/airflow/.local/lib/python3.8/site-packages/airflow/example_dags/example_setup_teardown_taskflow.py for tasks to queue
[2026-08-21T12:26:04.081+0000] {logging_mixin.py:188} INFO - [2026-08-21T12:26:04.081+0000] {dagbag.py:538} INFO - Filling up the DagBag from /home/airflow/.local/lib/python3.8/site-packages/airflow/example_dags/example_setup_teardown_taskflow.py
[2026-08-21T12:26:04.091+0000] {processor.py:840} INFO - DAG(s) 'example_setup_teardown_taskflow' retrieved from /home/airflow/.local/lib/python3.8/site-packages/airflow/example_dags/example_setup_teardown_taskflow.py
[2026-08-21T12:26:04.115+0000] {logging_mixin.py:188} INFO - [2026-08-21T12:26:04.115+0000] {dag.py:3036} INFO - Sync 1 DAGs
[2026-08-21T12:26:04.143+0000] {logging_mixin.py:188} INFO - [2026-08-21T12:26:04.143+0000] {dag.py:3823} INFO - Setting next_dagrun for example_setup_teardown_taskflow to 2026-08-20 00:00:00+00:00, run_after=2026-08-21 00:00:00+00:00
[2026-08-21T12:26:04.168+0000] {processor.py:183} INFO - Processing /home/airflow/.local/lib/python3.8/site-packages/airflow/example_dags/example_setup_teardown_taskflow.py took 0.094 seconds
[2026-08-21T12:26:36.198+0000] {processor.py:161} INFO - Started process (PID=6519) to work on /home/airflow/.local/lib/python3.8/site-packages/airflow/example_dags/example_setup_teardown_taskflow.py
[2026-08-21T12:26:36.199+0000] {processor.py:830} INFO - Processing file /home/airflow/.local/lib/python3.8/site-packages/airflow/example_dags/example_setup_teardown_taskflow.py for tasks to queue
[2026-08-21T12:26:36.202+0000] {logging_mixin.py:188} INFO - [2026-08-21T12:26:36.202+0000] {dagbag.py:538} INFO - Filling up the DagBag from /home/airflow/.local/lib/python3.8/site-packages/airflow/example_dags/example_setup_teardown_taskflow.py
[2026-08-21T12:26:36.211+0000] {processor.py:840} INFO - DAG(s) 'example_setup_teardown_taskflow' retrieved from /home/airflow/.local/lib/python3.8/site-packages/airflow/example_dags/example_setup_teardown_taskflow.py
[2026-08-21T12:26:36.237+0000] {logging_mixin.py:188} INFO - [2026-08-21T12:26:36.237+0000] {dag.py:3036} INFO - Sync 1 DAGs
[2026-08-21T12:26:36.392+0000] {logging_mixin.py:188} INFO - [2026-08-21T12:26:36.391+0000] {dag.py:3823} INFO - Setting next_dagrun for example_setup_teardown_taskflow to 2026-08-20 00:00:00+00:00, run_after=2026-08-21 00:00:00+00:00
[2026-08-21T12:26:36.419+0000] {processor.py:183} INFO - Processing /home/airflow/.local/lib/python3.8/site-packages/airflow/example_dags/example_setup_teardown_taskflow.py took 0.227 seconds
[2026-08-21T12:27:06.589+0000] {processor.py:161} INFO - Started process (PID=6610) to work on /home/airflow/.local/lib/python3.8/site-packages/airflow/example_dags/example_setup_teardown_taskflow.py
[2026-08-21T12:27:06.590+0000] {processor.py:830} INFO - Processing file /home/airflow/.local/lib/python3.8/site-packages/airflow/example_dags/example_setup_teardown_taskflow.py for tasks to queue
[2026-08-21T12:27:06.592+0000] {logging_mixin.py:188} INFO - [2026-08-21T12:27:06.592+0000] {dagbag.py:538} INFO - Filling up the DagBag from /home/airflow/.local/lib/python3.8/site-packages/airflow/example_dags/example_setup_teardown_taskflow.py
[2026-08-21T12:27:06.602+0000] {processor.py:840} INFO - DAG(s) 'example_setup_teardown_taskflow' retrieved from /home/airflow/.local/lib/python3.8/site-packages/airflow/example_dags/example_setup_teardown_taskflow.py
[2026-08-21T12:27:06.625+0000] {logging_mixin.py:188} INFO - [2026-08-21T12:27:06.625+0000] {dag.py:3036} INFO - Sync 1 DAGs
[2026-08-21T12:27:06.651+0000] {logging_mixin.py:188} INFO - [2026-08-21T12:27:06.650+0000] {dag.py:3823} INFO - Setting next_dagrun for example_setup_teardown_taskflow to 2026-08-20 00:00:00+00:00, run_after=2026-08-21 00:00:00+00:00
[2026-08-21T12:27:06.670+0000] {processor.py:183} INFO - Processing /home/airflow/.local/lib/python3.8/site-packages/airflow/example_dags/example_setup_teardown_taskflow.py took 0.086 seconds
[2026-08-21T12:27:37.029+0000] {processor.py:161} INFO - Started process (PID=6697) to work on /home/airflow/.local/lib/python3.8/site-packages/airflow/example_dags/example_setup_teardown_taskflow.py
[2026-08-21T12:27:37.031+0000] {processor.py:830} INFO - Processing file /home/airflow/.local/lib/python3.8/site-packages/airflow/example_dags/example_setup_teardown_taskflow.py for tasks to queue
[2026-08-21T12:27:37.034+0000] {logging_mixin.py:188} INFO - [2026-08-21T12:27:37.034+0000] {dagbag.py:538} INFO - Filling up the DagBag from /home/airflow/.local/lib/python3.8/site-packages/airflow/example_dags/example_setup_teardown_taskflow.py
[2026-08-21T12:27:37.044+0000] {processor.py:840} INFO - DAG(s) 'example_setup_teardown_taskflow' retrieved from /home/airflow/.local/lib/python3.8/site-packages/airflow/example_dags/example_setup_teardown_taskflow.py
[2026-08-21T12:27:37.074+0000] {logging_mixin.py:188} INFO - [2026-08-21T12:27:37.074+0000] {dag.py:3036} INFO - Sync 1 DAGs
[2026-08-21T12:27:37.102+0000] {logging_mixin.py:188} INFO - [2026-08-21T12:27:37.101+0000] {dag.py:3823} INFO - Setting next_dagrun for example_setup_teardown_taskflow to 2026-08-20 00:00:00+00:00, run_after=2026-08-21 00:00:00+00:00
[2026-08-21T12:27:37.129+0000] {processor.py:183} INFO - Processing /home/airflow/.local/lib/python3.8/site-packages/airflow/example_dags/example_setup_teardown_taskflow.py took 0.103 seconds
[2026-08-21T12:28:07.511+0000] {processor.py:161} INFO - Started process (PID=6784) to work on /home/airflow/.local/lib/python3.8/site-packages/airflow/example_dags/example_setup_teardown_taskflow.py
[2026-08-21T12:28:07.513+0000] {processor.py:830} INFO - Processing file /home/airflow/.local/lib/python3.8/site-packages/airflow/example_dags/example_setup_teardown_taskflow.py for tasks to queue
[2026-08-21T12:28:07.515+0000] {logging_mixin.py:188} INFO - [2026-08-21T12:28:07.515+0000] {dagbag.py:538} INFO - Filling up the DagBag from /home/airflow/.local/lib/python3.8/site-packages/airflow/example_dags/example_setup_teardown_taskflow.py
[2026-08-21T12:28:07.525+0000] {processor.py:840} INFO - DAG(s) 'example_setup_teardown_taskflow' retrieved from /home/airflow/.local/lib/python3.8/site-packages/airflow/example_dags/example_setup_teardown_taskflow.py
[2026-08-21T12:28:07.548+0000] {logging_mixin.py:188} INFO - [2026-08-21T12:28:07.548+0000] {dag.py:3036} INFO - Sync 1 DAGs
[2026-08-21T12:28:07.568+0000] {logging_mixin.py:188} INFO - [2026-08-21T12:28:07.568+0000] {dag.py:3823} INFO - Setting next_dagrun for example_setup_teardown_taskflow to 2026-08-20 00:00:00+00:00, run_after=2026-08-21 00:00:00+00:00
[2026-08-21T12:28:07.585+0000] {processor.py:183} INFO - Processing /home/airflow/.local/lib/python3.8/site-packages/airflow/example_dags/example_setup_teardown_taskflow.py took 0.078 seconds
[2026-08-21T12:28:38.042+0000] {processor.py:161} INFO - Started process (PID=6871) to work on /home/airflow/.local/lib/python3.8/site-packages/airflow/example_dags/example_setup_teardown_taskflow.py
[2026-08-21T12:28:38.044+0000] {processor.py:830} INFO - Processing file /home/airflow/.local/lib/python3.8/site-packages/airflow/example_dags/example_setup_teardown_taskflow.py for tasks to queue
[2026-08-21T12:28:38.046+0000] {logging_mixin.py:188} INFO - [2026-08-21T12:28:38.046+0000] {dagbag.py:538} INFO - Filling up the DagBag from /home/airflow/.local/lib/python3.8/site-packages/airflow/example_dags/example_setup_teardown_taskflow.py
[2026-08-21T12:28:38.056+0000] {processor.py:840} INFO - DAG(s) 'example_setup_teardown_taskflow' retrieved from /home/airflow/.local/lib/python3.8/site-packages/airflow/example_dags/example_setup_teardown_taskflow.py
[2026-08-21T12:28:38.080+0000] {logging_mixin.py:188} INFO - [2026-08-21T12:28:38.079+0000] {dag.py:3036} INFO - Sync 1 DAGs
[2026-08-21T12:28:38.106+0000] {logging_mixin.py:188} INFO - [2026-08-21T12:28:38.105+0000] {dag.py:3823} INFO - Setting next_dagrun for example_setup_teardown_taskflow to 2026-08-20 00:00:00+00:00, run_after=2026-08-21 00:00:00+00:00
[2026-08-21T12:28:38.126+0000] {processor.py:183} INFO - Processing /home/airflow/.local/lib/python3.8/site-packages/airflow/example_dags/example_setup_teardown_taskflow.py took 0.088 seconds
[2026-08-21T12:29:08.577+0000] {processor.py:161} INFO - Started process (PID=6958) to work on /home/airflow/.local/lib/python3.8/site-packages/airflow/example_dags/example_setup_teardown_taskflow.py
[2026-08-21T12:29:08.579+0000] {processor.py:830} INFO - Processing file /home/airflow/.local/lib/python3.8/site-packages/airflow/example_dags/example_setup_teardown_taskflow.py for tasks to queue
[2026-08-21T12:29:08.581+0000] {logging_mixin.py:188} INFO - [2026-08-21T12:29:08.580+0000] {dagbag.py:538} INFO - Filling up the DagBag from /home/airflow/.local/lib/python3.8/site-packages/airflow/example_dags/example_setup_teardown_taskflow.py
[2026-08-21T12:29:08.593+0000] {processor.py:840} INFO - DAG(s) 'example_setup_teardown_taskflow' retrieved from /home/airflow/.local/lib/python3.8/site-packages/airflow/example_dags/example_setup_teardown_taskflow.py
[2026-08-21T12:29:08.615+0000] {logging_mixin.py:188} INFO - [2026-08-21T12:29:08.615+0000] {dag.py:3036} INFO - Sync 1 DAGs
[2026-08-21T12:29:08.636+0000] {logging_mixin.py:188} INFO - [2026-08-21T12:29:08.636+0000] {dag.py:3823} INFO - Setting next_dagrun for example_setup_teardown_taskflow to 2026-08-20 00:00:00+00:00, run_after=2026-08-21 00:00:00+00:00
[2026-08-21T12:29:08.656+0000] {processor.py:183} INFO - Processing /home/airflow/.local/lib/python3.8/site-packages/airflow/example_dags/example_setup_teardown_taskflow.py took 0.082 seconds
[2026-08-21T12:29:39.178+0000] {processor.py:161} INFO - Started process (PID=7045) to work on /home/airflow/.local/lib/python3.8/site-packages/airflow/example_dags/example_setup_teardown_taskflow.py
[2026-08-21T12:29:39.180+0000] {processor.py:830} INFO - Processing file /home/airflow/.local/lib/python3.8/site-packages/airflow/example_dags/example_setup_teardown_taskflow.py for tasks to queue
[2026-08-21T12:29:39.182+0000] {logging_mixin.py:188} INFO - [2026-08-21T12:29:39.182+0000] {dagbag.py:538} INFO - Filling up the DagBag from /home/airflow/.local/lib/python3.8/site-packages/airflow/example_dags/example_setup_teardown_taskflow.py
[2026-08-21T12:29:39.194+0000] {processor.py:840} INFO - DAG(s) 'example_setup_teardown_taskflow' retrieved from /home/airflow/.local/lib/python3.8/site-packages/airflow/example_dags/example_setup_teardown_taskflow.py
[2026-08-21T12:29:39.220+0000] {logging_mixin.py:188} INFO - [2026-08-21T12:29:39.220+0000] {dag.py:3036} INFO - Sync 1 DAGs
[2026-08-21T12:29:39.244+0000] {logging_mixin.py:188} INFO - [2026-08-21T12:29:39.243+0000] {dag.py:3823} INFO - Setting next_dagrun for example_setup_teardown_taskflow to 2026-08-20 00:00:00+00:00, run_after=2026-08-21 00:00:00+00:00
[2026-08-21T12:29:39.266+0000] {processor.py:183} INFO - Processing /home/airflow/.local/lib/python3.8/site-packages/airflow/example_dags/example_setup_teardown_taskflow.py took 0.092 seconds
[2026-08-21T12:30:10.208+0000] {processor.py:161} INFO - Started process (PID=7132) to work on /home/airflow/.local/lib/python3.8/site-packages/airflow/example_dags/example_setup_teardown_taskflow.py
[2026-08-21T12:30:10.210+0000] {processor.py:830} INFO - Processing file /home/airflow/.local/lib/python3.8/site-packages/airflow/example_dags/example_setup_teardown_taskflow.py for tasks to queue
[2026-08-21T12:30:10.212+0000] {logging_mixin.py:188} INFO - [2026-08-21T12:30:10.212+0000] {dagbag.py:538} INFO - Filling up the DagBag from /home/airflow/.local/lib/python3.8/site-packages/airflow/example_dags/example_setup_teardown_taskflow.py
[2026-08-21T12:30:10.223+0000] {processor.py:840} INFO - DAG(s) 'example_setup_teardown_taskflow' retrieved from /home/airflow/.local/lib/python3.8/site-packages/airflow/example_dags/example_setup_teardown_taskflow.py
[2026-08-21T12:30:10.247+0000] {logging_mixin.py:188} INFO - [2026-08-21T12:30:10.247+0000] {dag.py:3036} INFO - Sync 1 DAGs
[2026-08-21T12:30:10.276+0000] {logging_mixin.py:188} INFO - [2026-08-21T12:30:10.276+0000] {dag.py:3823} INFO - Setting next_dagrun for example_setup_teardown_taskflow to 2026-08-20 00:00:00+00:00, run_after=2026-08-21 00:00:00+00:00
[2026-08-21T12:30:10.302+0000] {processor.py:183} INFO - Processing /home/airflow/.local/lib/python3.8/site-packages/airflow/example_dags/example_setup_teardown_taskflow.py took 0.098 seconds
[2026-08-21T12:30:40.873+0000] {processor.py:161} INFO - Started process (PID=7219) to work on /home/airflow/.local/lib/python3.8/site-packages/airflow/example_dags/example_setup_teardown_taskflow.py
[2026-08-21T12:30:40.874+0000] {processor.py:830} INFO - Processing file /home/airflow/.local/lib/python3.8/site-packages/airflow/example_dags/example_setup_teardown_taskflow.py for tasks to queue
[2026-08-21T12:30:40.877+0000] {logging_mixin.py:188} INFO - [2026-08-21T12:30:40.876+0000] {dagbag.py:538} INFO - Filling up the DagBag from /home/airflow/.local/lib/python3.8/site-packages/airflow/example_dags/example_setup_teardown_taskflow.py
[2026-08-21T12:30:40.887+0000] {processor.py:840} INFO - DAG(s) 'example_setup_teardown_taskflow' retrieved from /home/airflow/.local/lib/python3.8/site-packages/airflow/example_dags/example_setup_teardown_taskflow.py
[2026-08-21T12:30:40.910+0000] {logging_mixin.py:188} INFO - [2026-08-21T12:30:40.909+0000] {dag.py:3036} INFO - Sync 1 DAGs
[2026-08-21T12:30:40.931+0000] {logging_mixin.py:188} INFO - [2026-08-21T12:30:40.931+0000] {dag.py:3823} INFO - Setting next_dagrun for example_setup_teardown_taskflow to 2026-08-20 00:00:00+00:00, run_after=2026-08-21 00:00:00+00:00
[2026-08-21T12:30:40.952+0000] {processor.py:183} INFO - Processing /home/airflow/.local/lib/python3.8/site-packages/airflow/example_dags/example_setup_teardown_taskflow.py took 0.083 seconds
[2026-08-21T12:31:11.463+0000] {processor.py:161} INFO - Started process (PID=7307) to work on /home/airflow/.local/lib/python3.8/site-packages/airflow/example_dags/example_setup_teardown_taskflow.py
[2026-08-21T12:31:11.464+0000] {processor.py:830} INFO - Processing file /home/airflow/.local/lib/python3.8/site-packages/airflow/example_dags/example_setup_teardown_taskflow.py for tasks to queue
[2026-08-21T12:31:11.467+0000] {logging_mixin.py:188} INFO - [2026-08-21T12:31:11.466+0000] {dagbag.py:538} INFO - Filling up the DagBag from /home/airflow/.local/lib/python3.8/site-packages/airflow/example_dags/example_setup_teardown_taskflow.py
[2026-08-21T12:31:11.478+0000] {processor.py:840} INFO - DAG(s) 'example_setup_teardown_taskflow' retrieved from /home/airflow/.local/lib/python3.8/site-packages/airflow/example_dags/example_setup_teardown_taskflow.py
[2026-08-21T12:31:11.501+0000] {logging_mixin.py:188} INFO - [2026-08-21T12:31:11.501+0000] {dag.py:3036} INFO - Sync 1 DAGs
[2026-08-21T12:31:11.528+0000] {logging_mixin.py:188} INFO - [2026-08-21T12:31:11.527+0000] {dag.py:3823} INFO - Setting next_dagrun for example_setup_teardown_taskflow to 2026-08-20 00:00:00+00:00, run_after=2026-08-21 00:00:00+00:00
[2026-08-21T12:31:11.548+0000] {processor.py:183} INFO - Processing /home/airflow/.local/lib/python3.8/site-packages/airflow/example_dags/example_setup_teardown_taskflow.py took 0.090 seconds
[2026-08-21T12:31:42.516+0000] {processor.py:161} INFO - Started process (PID=7395) to work on /home/airflow/.local/lib/python3.8/site-packages/airflow/example_dags/example_setup_teardown_taskflow.py
[2026-08-21T12:31:42.517+0000] {processor.py:830} INFO - Processing file /home/airflow/.local/lib/python3.8/site-packages/airflow/example_dags/example_setup_teardown_taskflow.py for tasks to queue
[2026-08-21T12:31:42.521+0000] {logging_mixin.py:188} INFO - [2026-08-21T12:31:42.521+0000] {dagbag.py:538} INFO - Filling up the DagBag from /home/airflow/.local/lib/python3.8/site-packages/airflow/example_dags/example_setup_teardown_taskflow.py
[2026-08-21T12:31:42.531+0000] {processor.py:840} INFO - DAG(s) 'example_setup_teardown_taskflow' retrieved from /home/airflow/.local/lib/python3.8/site-packages/airflow/example_dags/example_setup_teardown_taskflow.py
[2026-08-21T12:31:42.555+0000] {logging_mixin.py:188} INFO - [2026-08-21T12:31:42.555+0000] {dag.py:3036} INFO - Sync 1 DAGs
[2026-08-21T12:31:42.578+0000] {logging_mixin.py:188} INFO - [2026-08-21T12:31:42.578+0000] {dag.py:3823} INFO - Setting next_dagrun for example_setup_teardown_taskflow to 2026-08-20 00:00:00+00:00, run_after=2026-08-21 00:00:00+00:00
[2026-08-21T12:31:42.599+0000] {processor.py:183} INFO - Processing /home/airflow/.local/lib/python3.8/site-packages/airflow/example_dags/example_setup_teardown_taskflow.py took 0.087 seconds
