[2026-08-21T11:42:46.508+0000] {processor.py:161} INFO - Started process (PID=169) to work on /home/airflow/.local/lib/python3.8/site-packages/airflow/example_dags/tutorial_taskflow_api_virtualenv.py
[2026-08-21T11:42:46.511+0000] {processor.py:830} INFO - Processing file /home/airflow/.local/lib/python3.8/site-packages/airflow/example_dags/tutorial_taskflow_api_virtualenv.py for tasks to queue
[2026-08-21T11:42:46.553+0000] {logging_mixin.py:188} INFO - [2026-08-21T11:42:46.552+0000] {dagbag.py:538} INFO - Filling up the DagBag from /home/airflow/.local/lib/python3.8/site-packages/airflow/example_dags/tutorial_taskflow_api_virtualenv.py
[2026-08-21T11:42:46.666+0000] {processor.py:840} INFO - DAG(s) 'tutorial_taskflow_api_virtualenv' retrieved from /home/airflow/.local/lib/python3.8/site-packages/airflow/example_dags/tutorial_taskflow_api_virtualenv.py
[2026-08-21T11:42:47.149+0000] {logging_mixin.py:188} INFO - [2026-08-21T11:42:47.149+0000] {dag.py:3036} INFO - Sync 1 DAGs
[2026-08-21T11:42:47.174+0000] {logging_mixin.py:188} INFO - [2026-08-21T11:42:47.173+0000] {dag.py:3823} INFO - Setting next_dagrun for tutorial_taskflow_api_virtualenv to None, run_after=None
[2026-08-21T11:42:47.231+0000] {processor.py:183} INFO - Processing /home/airflow/.local/lib/python3.8/site-packages/airflow/example_dags/tutorial_taskflow_api_virtualenv.py took 0.733 seconds
[2026-08-21T11:43:23.661+0000] {processor.py:161} INFO - Started process (PID=118) to work on /home/airflow/.local/lib/python3.8/site-packages/airflow/example_dags/tutorial_taskflow_api_virtualenv.py
[2026-08-21T11:43:23.666+0000] {processor.py:830} INFO - Processing file /home/airflow/.local/lib/python3.8/site-packages/airflow/example_dags/tutorial_taskflow_api_virtualenv.py for tasks to queue
[2026-08-21T11:43:23.669+0000] {logging_mixin.py:188} INFO - [2026-08-21T11:43:23.669+0000] {dagbag.py:538} INFO - Filling up the DagBag from /home/airflow/.local/lib/python3.8/site-packages/airflow/example_dags/tutorial_taskflow_api_virtualenv.py
[2026-08-21T11:43:23.698+0000] {processor.py:840} INFO - DAG(s) 'tutorial_taskflow_api_virtualenv' retrieved from /home/airflow/.local/lib/python3.8/site-packages/airflow/example_dags/tutorial_taskflow_api_virtualenv.py
[2026-08-21T11:43:23.987+0000] {logging_mixin.py:188} INFO - [2026-08-21T11:43:23.987+0000] {dag.py:3036} INFO - Sync 1 DAGs
[2026-08-21T11:43:24.017+0000] {logging_mixin.py:188} INFO - [2026-08-21T11:43:24.017+0000] {dag.py:3823} INFO - Setting next_dagrun for tutorial_taskflow_api_virtualenv to None, run_after=None
[2026-08-21T11:43:24.061+0000] {processor.py:183} INFO - Processing /home/airflow/.local/lib/python3.8/site-packages/airflow/example_dags/tutorial_taskflow_api_virtualenv.py took 0.406 seconds
[2026-08-21T11:43:54.291+0000] {processor.py:161} INFO - Started process (PID=209) to work on /home/airflow/.local/lib/python3.8/site-packages/airflow/example_dags/tutorial_taskflow_api_virtualenv.py
[2026-08-21T11:43:54.293+0000] {processor.py:830} INFO - Processing file /home/airflow/.local/lib/python3.8/site-packages/airflow/example_dags/tutorial_taskflow_api_virtualenv.py for tasks to queue
[2026-08-21T11:43:54.295+0000] {logging_mixin.py:188} INFO - [2026-08-21T11:43:54.295+0000] {dagbag.py:538} INFO - Filling up the DagBag from /home/airflow/.local/lib/python3.8/site-packages/airflow/example_dags/tutorial_taskflow_api_virtualenv.py
[2026-08-21T11:43:54.310+0000] {processor.py:840} INFO - DAG(s) 'tutorial_taskflow_api_virtualenv' retrieved from /home/airflow/.local/lib/python3.8/site-packages/airflow/example_dags/tutorial_taskflow_api_virtualenv.py
[2026-08-21T11:43:54.336+0000] {logging_mixin.py:188} INFO - [2026-08-21T11:43:54.336+0000] {dag.py:3036} INFO - Sync 1 DAGs
[2026-08-21T11:43:54.353+0000] {logging_mixin.py:188} INFO - [2026-08-21T11:43:54.352+0000] {dag.py:3823} INFO - Setting next_dagrun for tutorial_taskflow_api_virtualenv to None, run_after=None
[2026-08-21T11:43:54.384+0000] {processor.py:183} INFO - Processing /home/airflow/.local/lib/python3.8/site-packages/airflow/example_dags/tutorial_taskflow_api_virtualenv.py took 0.097 seconds
[2026-08-21T11:44:25.647+0000] {processor.py:161} INFO - Started process (PID=295) to work on /home/airflow/.local/lib/python3.8/site-packages/airflow/example_dags/tutorial_taskflow_api_virtualenv.py
[2026-08-21T11:44:25.648+0000] {processor.py:830} INFO - Processing file /home/airflow/.local/lib/python3.8/site-packages/airflow/example_dags/tutorial_taskflow_api_virtualenv.py for tasks to queue
[2026-08-21T11:44:25.651+0000] {logging_mixin.py:188} INFO - [2026-08-21T11:44:25.650+0000] {dagbag.py:538} INFO - Filling up the DagBag from /home/airflow/.local/lib/python3.8/site-packages/airflow/example_dags/tutorial_taskflow_api_virtualenv.py
[2026-08-21T11:44:25.664+0000] {processor.py:840} INFO - DAG(s) 'tutorial_taskflow_api_virtualenv' retrieved from /home/airflow/.local/lib/python3.8/site-packages/airflow/example_dags/tutorial_taskflow_api_virtualenv.py
[2026-08-21T11:44:25.678+0000] {logging_mixin.py:188} INFO - [2026-08-21T11:44:25.678+0000] {dag.py:3036} INFO - Sync 1 DAGs
[2026-08-21T11:44:25.691+0000] {logging_mixin.py:188} INFO - [2026-08-21T11:44:25.691+0000] {dag.py:3823} INFO - Setting next_dagrun for tutorial_taskflow_api_virtualenv to None, run_after=None
[2026-08-21T11:44:25.712+0000] {processor.py:183} INFO - Processing /home/airflow/.local/lib/python3.8/site-packages/airflow/example_dags/tutorial_taskflow_api_virtualenv.py took 0.070 seconds
[2026-08-21T11:44:59.350+0000] {processor.py:161} INFO - Started process (PID=390) to work on /home/airflow/.local/lib/python3.8/site-packages/airflow/example_dags/tutorial_taskflow_api_virtualenv.py
[2026-08-21T11:44:59.353+0000] {processor.py:830} INFO - Processing file /home/airflow/.local/lib/python3.8/site-packages/airflow/example_dags/tutorial_taskflow_api_virtualenv.py for tasks to queue
[2026-08-21T11:44:59.357+0000] {logging_mixin.py:188} INFO - [2026-08-21T11:44:59.356+0000] {dagbag.py:538} INFO - Filling up the DagBag from /home/airflow/.local/lib/python3.8/site-packages/airflow/example_dags/tutorial_taskflow_api_virtualenv.py
[2026-08-21T11:44:59.407+0000] {processor.py:840} INFO - DAG(s) 'tutorial_taskflow_api_virtualenv' retrieved from /home/airflow/.local/lib/python3.8/site-packages/airflow/example_dags/tutorial_taskflow_api_virtualenv.py
[2026-08-21T11:44:59.437+0000] {logging_mixin.py:188} INFO - [2026-08-21T11:44:59.437+0000] {dag.py:3036} INFO - Sync 1 DAGs
[2026-08-21T11:44:59.464+0000] {logging_mixin.py:188} INFO - [2026-08-21T11:44:59.464+0000] {dag.py:3823} INFO - Setting next_dagrun for tutorial_taskflow_api_virtualenv to None, run_after=None
[2026-08-21T11:44:59.517+0000] {processor.py:183} INFO - Processing /home/airflow/.local/lib/python3.8/site-packages/airflow/example_dags/tutorial_taskflow_api_virtualenv.py took 0.180 seconds
[2026-08-21T11:45:30.879+0000] {processor.py:161} INFO - Started process (PID=480) to work on /home/airflow/.local/lib/python3.8/site-packages/airflow/example_dags/tutorial_taskflow_api_virtualenv.py
[2026-08-21T11:45:30.881+0000] {processor.py:830} INFO - Processing file /home/airflow/.local/lib/python3.8/site-packages/airflow/example_dags/tutorial_taskflow_api_virtualenv.py for tasks to queue
[2026-08-21T11:45:30.883+0000] {logging_mixin.py:188} INFO - [2026-08-21T11:45:30.882+0000] {dagbag.py:538} INFO - Filling up the DagBag from /home/airflow/.local/lib/python3.8/site-packages/airflow/example_dags/tutorial_taskflow_api_virtualenv.py
[2026-08-21T11:45:30.893+0000] {processor.py:840} INFO - DAG(s) 'tutorial_taskflow_api_virtualenv' retrieved from /home/airflow/.local/lib/python3.8/site-packages/airflow/example_dags/tutorial_taskflow_api_virtualenv.py
[2026-08-21T11:45:30.984+0000] {logging_mixin.py:188} INFO - [2026-08-21T11:45:30.983+0000] {dag.py:3036} INFO - Sync 1 DAGs
[2026-08-21T11:45:30.993+0000] {logging_mixin.py:188} INFO - [2026-08-21T11:45:30.993+0000] {dag.py:3823} INFO - Setting next_dagrun for tutorial_taskflow_api_virtualenv to None, run_after=None
[2026-08-21T11:45:31.336+0000] {processor.py:183} INFO - Processing /home/airflow/.local/lib/python3.8/site-packages/airflow/example_dags/tutorial_taskflow_api_virtualenv.py took 0.460 seconds
[2026-08-21T11:46:01.456+0000] {processor.py:161} INFO - Started process (PID=566) to work on /home/airflow/.local/lib/python3.8/site-packages/airflow/example_dags/tutorial_taskflow_api_virtualenv.py
[2026-08-21T11:46:01.457+0000] {processor.py:830} INFO - Processing file /home/airflow/.local/lib/python3.8/site-packages/airflow/example_dags/tutorial_taskflow_api_virtualenv.py for tasks to queue
[2026-08-21T11:46:01.459+0000] {logging_mixin.py:188} INFO - [2026-08-21T11:46:01.459+0000] {dagbag.py:538} INFO - Filling up the DagBag from /home/airflow/.local/lib/python3.8/site-packages/airflow/example_dags/tutorial_taskflow_api_virtualenv.py
[2026-08-21T11:46:01.471+0000] {processor.py:840} INFO - DAG(s) 'tutorial_taskflow_api_virtualenv' retrieved from /home/airflow/.local/lib/python3.8/site-packages/airflow/example_dags/tutorial_taskflow_api_virtualenv.py
[2026-08-21T11:46:01.483+0000] {logging_mixin.py:188} INFO - [2026-08-21T11:46:01.482+0000] {dag.py:3036} INFO - Sync 1 DAGs
[2026-08-21T11:46:01.495+0000] {logging_mixin.py:188} INFO - [2026-08-21T11:46:01.494+0000] {dag.py:3823} INFO - Setting next_dagrun for tutorial_taskflow_api_virtualenv to None, run_after=None
[2026-08-21T11:46:01.548+0000] {processor.py:183} INFO - Processing /home/airflow/.local/lib/python3.8/site-packages/airflow/example_dags/tutorial_taskflow_api_virtualenv.py took 0.096 seconds
[2026-08-21T11:46:32.762+0000] {processor.py:161} INFO - Started process (PID=657) to work on /home/airflow/.local/lib/python3.8/site-packages/airflow/example_dags/tutorial_taskflow_api_virtualenv.py
[2026-08-21T11:46:32.763+0000] {processor.py:830} INFO - Processing file /home/airflow/.local/lib/python3.8/site-packages/airflow/example_dags/tutorial_taskflow_api_virtualenv.py for tasks to queue
[2026-08-21T11:46:32.765+0000] {logging_mixin.py:188} INFO - [2026-08-21T11:46:32.765+0000] {dagbag.py:538} INFO - Filling up the DagBag from /home/airflow/.local/lib/python3.8/site-packages/airflow/example_dags/tutorial_taskflow_api_virtualenv.py
[2026-08-21T11:46:32.776+0000] {processor.py:840} INFO - DAG(s) 'tutorial_taskflow_api_virtualenv' retrieved from /home/airflow/.local/lib/python3.8/site-packages/airflow/example_dags/tutorial_taskflow_api_virtualenv.py
[2026-08-21T11:46:32.791+0000] {logging_mixin.py:188} INFO - [2026-08-21T11:46:32.790+0000] {dag.py:3036} INFO - Sync 1 DAGs
[2026-08-21T11:46:32.804+0000] {logging_mixin.py:188} INFO - [2026-08-21T11:46:32.804+0000] {dag.py:3823} INFO - Setting next_dagrun for tutorial_taskflow_api_virtualenv to None, run_after=None
[2026-08-21T11:46:32.829+0000] {processor.py:183} INFO - Processing /home/airflow/.local/lib/python3.8/site-packages/airflow/example_dags/tutorial_taskflow_api_virtualenv.py took 0.072 seconds
[2026-08-21T11:47:04.828+0000] {processor.py:161} INFO - Started process (PID=742) to work on /home/airflow/.local/lib/python3.8/site-packages/airflow/example_dags/tutorial_taskflow_api_virtualenv.py
[2026-08-21T11:47:04.829+0000] {processor.py:830} INFO - Processing file /home/airflow/.local/lib/python3.8/site-packages/airflow/example_dags/tutorial_taskflow_api_virtualenv.py for tasks to queue
[2026-08-21T11:47:04.832+0000] {logging_mixin.py:188} INFO - [2026-08-21T11:47:04.831+0000] {dagbag.py:538} INFO - Filling up the DagBag from /home/airflow/.local/lib/python3.8/site-packages/airflow/example_dags/tutorial_taskflow_api_virtualenv.py
[2026-08-21T11:47:04.844+0000] {processor.py:840} INFO - DAG(s) 'tutorial_taskflow_api_virtualenv' retrieved from /home/airflow/.local/lib/python3.8/site-packages/airflow/example_dags/tutorial_taskflow_api_virtualenv.py
[2026-08-21T11:47:05.090+0000] {logging_mixin.py:188} INFO - [2026-08-21T11:47:05.090+0000] {dag.py:3036} INFO - Sync 1 DAGs
[2026-08-21T11:47:05.099+0000] {logging_mixin.py:188} INFO - [2026-08-21T11:47:05.099+0000] {dag.py:3823} INFO - Setting next_dagrun for tutorial_taskflow_api_virtualenv to None, run_after=None
[2026-08-21T11:47:05.118+0000] {processor.py:183} INFO - Processing /home/airflow/.local/lib/python3.8/site-packages/airflow/example_dags/tutorial_taskflow_api_virtualenv.py took 0.296 seconds
[2026-08-21T11:47:35.397+0000] {processor.py:161} INFO - Started process (PID=828) to work on /home/airflow/.local/lib/python3.8/site-packages/airflow/example_dags/tutorial_taskflow_api_virtualenv.py
[2026-08-21T11:47:35.398+0000] {processor.py:830} INFO - Processing file /home/airflow/.local/lib/python3.8/site-packages/airflow/example_dags/tutorial_taskflow_api_virtualenv.py for tasks to queue
[2026-08-21T11:47:35.400+0000] {logging_mixin.py:188} INFO - [2026-08-21T11:47:35.399+0000] {dagbag.py:538} INFO - Filling up the DagBag from /home/airflow/.local/lib/python3.8/site-packages/airflow/example_dags/tutorial_taskflow_api_virtualenv.py
[2026-08-21T11:47:35.411+0000] {processor.py:840} INFO - DAG(s) 'tutorial_taskflow_api_virtualenv' retrieved from /home/airflow/.local/lib/python3.8/site-packages/airflow/example_dags/tutorial_taskflow_api_virtualenv.py
[2026-08-21T11:47:35.445+0000] {logging_mixin.py:188} INFO - [2026-08-21T11:47:35.444+0000] {dag.py:3036} INFO - Sync 1 DAGs
[2026-08-21T11:47:35.460+0000] {logging_mixin.py:188} INFO - [2026-08-21T11:47:35.460+0000] {dag.py:3823} INFO - Setting next_dagrun for tutorial_taskflow_api_virtualenv to None, run_after=None
[2026-08-21T11:47:35.651+0000] {processor.py:183} INFO - Processing /home/airflow/.local/lib/python3.8/site-packages/airflow/example_dags/tutorial_taskflow_api_virtualenv.py took 0.258 seconds
[2026-08-21T11:48:05.825+0000] {processor.py:161} INFO - Started process (PID=915) to work on /home/airflow/.local/lib/python3.8/site-packages/airflow/example_dags/tutorial_taskflow_api_virtualenv.py
[2026-08-21T11:48:05.826+0000] {processor.py:830} INFO - Processing file /home/airflow/.local/lib/python3.8/site-packages/airflow/example_dags/tutorial_taskflow_api_virtualenv.py for tasks to queue
[2026-08-21T11:48:05.828+0000] {logging_mixin.py:188} INFO - [2026-08-21T11:48:05.828+0000] {dagbag.py:538} INFO - Filling up the DagBag from /home/airflow/.local/lib/python3.8/site-packages/airflow/example_dags/tutorial_taskflow_api_virtualenv.py
[2026-08-21T11:48:05.839+0000] {processor.py:840} INFO - DAG(s) 'tutorial_taskflow_api_virtualenv' retrieved from /home/airflow/.local/lib/python3.8/site-packages/airflow/example_dags/tutorial_taskflow_api_virtualenv.py
[2026-08-21T11:48:05.859+0000] {logging_mixin.py:188} INFO - [2026-08-21T11:48:05.859+0000] {dag.py:3036} INFO - Sync 1 DAGs
[2026-08-21T11:48:05.872+0000] {logging_mixin.py:188} INFO - [2026-08-21T11:48:05.872+0000] {dag.py:3823} INFO - Setting next_dagrun for tutorial_taskflow_api_virtualenv to None, run_after=None
[2026-08-21T11:48:05.927+0000] {processor.py:183} INFO - Processing /home/airflow/.local/lib/python3.8/site-packages/airflow/example_dags/tutorial_taskflow_api_virtualenv.py took 0.106 seconds
[2026-08-21T11:48:45.637+0000] {processor.py:161} INFO - Started process (PID=92) to work on /home/airflow/.local/lib/python3.8/site-packages/airflow/example_dags/tutorial_taskflow_api_virtualenv.py
[2026-08-21T11:48:45.639+0000] {processor.py:830} INFO - Processing file /home/airflow/.local/lib/python3.8/site-packages/airflow/example_dags/tutorial_taskflow_api_virtualenv.py for tasks to queue
[2026-08-21T11:48:45.641+0000] {logging_mixin.py:188} INFO - [2026-08-21T11:48:45.641+0000] {dagbag.py:538} INFO - Filling up the DagBag from /home/airflow/.local/lib/python3.8/site-packages/airflow/example_dags/tutorial_taskflow_api_virtualenv.py
[2026-08-21T11:48:45.657+0000] {processor.py:840} INFO - DAG(s) 'tutorial_taskflow_api_virtualenv' retrieved from /home/airflow/.local/lib/python3.8/site-packages/airflow/example_dags/tutorial_taskflow_api_virtualenv.py
[2026-08-21T11:48:45.781+0000] {logging_mixin.py:188} INFO - [2026-08-21T11:48:45.780+0000] {dag.py:3036} INFO - Sync 1 DAGs
[2026-08-21T11:48:45.791+0000] {logging_mixin.py:188} INFO - [2026-08-21T11:48:45.791+0000] {dag.py:3823} INFO - Setting next_dagrun for tutorial_taskflow_api_virtualenv to None, run_after=None
[2026-08-21T11:48:45.860+0000] {processor.py:183} INFO - Processing /home/airflow/.local/lib/python3.8/site-packages/airflow/example_dags/tutorial_taskflow_api_virtualenv.py took 0.227 seconds
[2026-08-21T11:49:16.996+0000] {processor.py:161} INFO - Started process (PID=180) to work on /home/airflow/.local/lib/python3.8/site-packages/airflow/example_dags/tutorial_taskflow_api_virtualenv.py
[2026-08-21T11:49:16.997+0000] {processor.py:830} INFO - Processing file /home/airflow/.local/lib/python3.8/site-packages/airflow/example_dags/tutorial_taskflow_api_virtualenv.py for tasks to queue
[2026-08-21T11:49:17.000+0000] {logging_mixin.py:188} INFO - [2026-08-21T11:49:16.999+0000] {dagbag.py:538} INFO - Filling up the DagBag from /home/airflow/.local/lib/python3.8/site-packages/airflow/example_dags/tutorial_taskflow_api_virtualenv.py
[2026-08-21T11:49:17.010+0000] {processor.py:840} INFO - DAG(s) 'tutorial_taskflow_api_virtualenv' retrieved from /home/airflow/.local/lib/python3.8/site-packages/airflow/example_dags/tutorial_taskflow_api_virtualenv.py
[2026-08-21T11:49:17.032+0000] {logging_mixin.py:188} INFO - [2026-08-21T11:49:17.031+0000] {dag.py:3036} INFO - Sync 1 DAGs
[2026-08-21T11:49:17.044+0000] {logging_mixin.py:188} INFO - [2026-08-21T11:49:17.043+0000] {dag.py:3823} INFO - Setting next_dagrun for tutorial_taskflow_api_virtualenv to None, run_after=None
[2026-08-21T11:49:17.196+0000] {processor.py:183} INFO - Processing /home/airflow/.local/lib/python3.8/site-packages/airflow/example_dags/tutorial_taskflow_api_virtualenv.py took 0.204 seconds
[2026-08-21T11:49:47.747+0000] {processor.py:161} INFO - Started process (PID=269) to work on /home/airflow/.local/lib/python3.8/site-packages/airflow/example_dags/tutorial_taskflow_api_virtualenv.py
[2026-08-21T11:49:47.748+0000] {processor.py:830} INFO - Processing file /home/airflow/.local/lib/python3.8/site-packages/airflow/example_dags/tutorial_taskflow_api_virtualenv.py for tasks to queue
[2026-08-21T11:49:47.750+0000] {logging_mixin.py:188} INFO - [2026-08-21T11:49:47.750+0000] {dagbag.py:538} INFO - Filling up the DagBag from /home/airflow/.local/lib/python3.8/site-packages/airflow/example_dags/tutorial_taskflow_api_virtualenv.py
[2026-08-21T11:49:47.760+0000] {processor.py:840} INFO - DAG(s) 'tutorial_taskflow_api_virtualenv' retrieved from /home/airflow/.local/lib/python3.8/site-packages/airflow/example_dags/tutorial_taskflow_api_virtualenv.py
[2026-08-21T11:49:47.781+0000] {logging_mixin.py:188} INFO - [2026-08-21T11:49:47.781+0000] {dag.py:3036} INFO - Sync 1 DAGs
[2026-08-21T11:49:47.792+0000] {logging_mixin.py:188} INFO - [2026-08-21T11:49:47.792+0000] {dag.py:3823} INFO - Setting next_dagrun for tutorial_taskflow_api_virtualenv to None, run_after=None
[2026-08-21T11:49:47.815+0000] {processor.py:183} INFO - Processing /home/airflow/.local/lib/python3.8/site-packages/airflow/example_dags/tutorial_taskflow_api_virtualenv.py took 0.072 seconds
[2026-08-21T11:50:18.650+0000] {processor.py:161} INFO - Started process (PID=357) to work on /home/airflow/.local/lib/python3.8/site-packages/airflow/example_dags/tutorial_taskflow_api_virtualenv.py
[2026-08-21T11:50:18.651+0000] {processor.py:830} INFO - Processing file /home/airflow/.local/lib/python3.8/site-packages/airflow/example_dags/tutorial_taskflow_api_virtualenv.py for tasks to queue
[2026-08-21T11:50:18.653+0000] {logging_mixin.py:188} INFO - [2026-08-21T11:50:18.653+0000] {dagbag.py:538} INFO - Filling up the DagBag from /home/airflow/.local/lib/python3.8/site-packages/airflow/example_dags/tutorial_taskflow_api_virtualenv.py
[2026-08-21T11:50:18.665+0000] {processor.py:840} INFO - DAG(s) 'tutorial_taskflow_api_virtualenv' retrieved from /home/airflow/.local/lib/python3.8/site-packages/airflow/example_dags/tutorial_taskflow_api_virtualenv.py
[2026-08-21T11:50:18.686+0000] {logging_mixin.py:188} INFO - [2026-08-21T11:50:18.686+0000] {dag.py:3036} INFO - Sync 1 DAGs
[2026-08-21T11:50:18.697+0000] {logging_mixin.py:188} INFO - [2026-08-21T11:50:18.697+0000] {dag.py:3823} INFO - Setting next_dagrun for tutorial_taskflow_api_virtualenv to None, run_after=None
[2026-08-21T11:50:18.717+0000] {processor.py:183} INFO - Processing /home/airflow/.local/lib/python3.8/site-packages/airflow/example_dags/tutorial_taskflow_api_virtualenv.py took 0.071 seconds
[2026-08-21T11:50:50.064+0000] {processor.py:161} INFO - Started process (PID=445) to work on /home/airflow/.local/lib/python3.8/site-packages/airflow/example_dags/tutorial_taskflow_api_virtualenv.py
[2026-08-21T11:50:50.066+0000] {processor.py:830} INFO - Processing file /home/airflow/.local/lib/python3.8/site-packages/airflow/example_dags/tutorial_taskflow_api_virtualenv.py for tasks to queue
[2026-08-21T11:50:50.069+0000] {logging_mixin.py:188} INFO - [2026-08-21T11:50:50.068+0000] {dagbag.py:538} INFO - Filling up the DagBag from /home/airflow/.local/lib/python3.8/site-packages/airflow/example_dags/tutorial_taskflow_api_virtualenv.py
[2026-08-21T11:50:50.090+0000] {processor.py:840} INFO - DAG(s) 'tutorial_taskflow_api_virtualenv' retrieved from /home/airflow/.local/lib/python3.8/site-packages/airflow/example_dags/tutorial_taskflow_api_virtualenv.py
[2026-08-21T11:50:50.138+0000] {logging_mixin.py:188} INFO - [2026-08-21T11:50:50.137+0000] {dag.py:3036} INFO - Sync 1 DAGs
[2026-08-21T11:50:50.164+0000] {logging_mixin.py:188} INFO - [2026-08-21T11:50:50.163+0000] {dag.py:3823} INFO - Setting next_dagrun for tutorial_taskflow_api_virtualenv to None, run_after=None
[2026-08-21T11:50:50.200+0000] {processor.py:183} INFO - Processing /home/airflow/.local/lib/python3.8/site-packages/airflow/example_dags/tutorial_taskflow_api_virtualenv.py took 0.142 seconds
[2026-08-21T11:51:20.440+0000] {processor.py:161} INFO - Started process (PID=533) to work on /home/airflow/.local/lib/python3.8/site-packages/airflow/example_dags/tutorial_taskflow_api_virtualenv.py
[2026-08-21T11:51:20.442+0000] {processor.py:830} INFO - Processing file /home/airflow/.local/lib/python3.8/site-packages/airflow/example_dags/tutorial_taskflow_api_virtualenv.py for tasks to queue
[2026-08-21T11:51:20.444+0000] {logging_mixin.py:188} INFO - [2026-08-21T11:51:20.444+0000] {dagbag.py:538} INFO - Filling up the DagBag from /home/airflow/.local/lib/python3.8/site-packages/airflow/example_dags/tutorial_taskflow_api_virtualenv.py
[2026-08-21T11:51:20.456+0000] {processor.py:840} INFO - DAG(s) 'tutorial_taskflow_api_virtualenv' retrieved from /home/airflow/.local/lib/python3.8/site-packages/airflow/example_dags/tutorial_taskflow_api_virtualenv.py
[2026-08-21T11:51:20.480+0000] {logging_mixin.py:188} INFO - [2026-08-21T11:51:20.480+0000] {dag.py:3036} INFO - Sync 1 DAGs
[2026-08-21T11:51:20.491+0000] {logging_mixin.py:188} INFO - [2026-08-21T11:51:20.491+0000] {dag.py:3823} INFO - Setting next_dagrun for tutorial_taskflow_api_virtualenv to None, run_after=None
[2026-08-21T11:51:20.509+0000] {processor.py:183} INFO - Processing /home/airflow/.local/lib/python3.8/site-packages/airflow/example_dags/tutorial_taskflow_api_virtualenv.py took 0.073 seconds
[2026-08-21T11:51:51.146+0000] {processor.py:161} INFO - Started process (PID=621) to work on /home/airflow/.local/lib/python3.8/site-packages/airflow/example_dags/tutorial_taskflow_api_virtualenv.py
[2026-08-21T11:51:51.147+0000] {processor.py:830} INFO - Processing file /home/airflow/.local/lib/python3.8/site-packages/airflow/example_dags/tutorial_taskflow_api_virtualenv.py for tasks to queue
[2026-08-21T11:51:51.149+0000] {logging_mixin.py:188} INFO - [2026-08-21T11:51:51.149+0000] {dagbag.py:538} INFO - Filling up the DagBag from /home/airflow/.local/lib/python3.8/site-packages/airflow/example_dags/tutorial_taskflow_api_virtualenv.py
[2026-08-21T11:51:51.160+0000] {processor.py:840} INFO - DAG(s) 'tutorial_taskflow_api_virtualenv' retrieved from /home/airflow/.local/lib/python3.8/site-packages/airflow/example_dags/tutorial_taskflow_api_virtualenv.py
[2026-08-21T11:51:51.182+0000] {logging_mixin.py:188} INFO - [2026-08-21T11:51:51.182+0000] {dag.py:3036} INFO - Sync 1 DAGs
[2026-08-21T11:51:51.195+0000] {logging_mixin.py:188} INFO - [2026-08-21T11:51:51.195+0000] {dag.py:3823} INFO - Setting next_dagrun for tutorial_taskflow_api_virtualenv to None, run_after=None
[2026-08-21T11:51:51.218+0000] {processor.py:183} INFO - Processing /home/airflow/.local/lib/python3.8/site-packages/airflow/example_dags/tutorial_taskflow_api_virtualenv.py took 0.076 seconds
[2026-08-21T11:52:21.998+0000] {processor.py:161} INFO - Started process (PID=709) to work on /home/airflow/.local/lib/python3.8/site-packages/airflow/example_dags/tutorial_taskflow_api_virtualenv.py
[2026-08-21T11:52:21.999+0000] {processor.py:830} INFO - Processing file /home/airflow/.local/lib/python3.8/site-packages/airflow/example_dags/tutorial_taskflow_api_virtualenv.py for tasks to queue
[2026-08-21T11:52:22.002+0000] {logging_mixin.py:188} INFO - [2026-08-21T11:52:22.002+0000] {dagbag.py:538} INFO - Filling up the DagBag from /home/airflow/.local/lib/python3.8/site-packages/airflow/example_dags/tutorial_taskflow_api_virtualenv.py
[2026-08-21T11:52:22.015+0000] {processor.py:840} INFO - DAG(s) 'tutorial_taskflow_api_virtualenv' retrieved from /home/airflow/.local/lib/python3.8/site-packages/airflow/example_dags/tutorial_taskflow_api_virtualenv.py
[2026-08-21T11:52:22.037+0000] {logging_mixin.py:188} INFO - [2026-08-21T11:52:22.036+0000] {dag.py:3036} INFO - Sync 1 DAGs
[2026-08-21T11:52:22.048+0000] {logging_mixin.py:188} INFO - [2026-08-21T11:52:22.048+0000] {dag.py:3823} INFO - Setting next_dagrun for tutorial_taskflow_api_virtualenv to None, run_after=None
[2026-08-21T11:52:22.067+0000] {processor.py:183} INFO - Processing /home/airflow/.local/lib/python3.8/site-packages/airflow/example_dags/tutorial_taskflow_api_virtualenv.py took 0.073 seconds
[2026-08-21T11:52:52.504+0000] {processor.py:161} INFO - Started process (PID=797) to work on /home/airflow/.local/lib/python3.8/site-packages/airflow/example_dags/tutorial_taskflow_api_virtualenv.py
[2026-08-21T11:52:52.506+0000] {processor.py:830} INFO - Processing file /home/airflow/.local/lib/python3.8/site-packages/airflow/example_dags/tutorial_taskflow_api_virtualenv.py for tasks to queue
[2026-08-21T11:52:52.508+0000] {logging_mixin.py:188} INFO - [2026-08-21T11:52:52.507+0000] {dagbag.py:538} INFO - Filling up the DagBag from /home/airflow/.local/lib/python3.8/site-packages/airflow/example_dags/tutorial_taskflow_api_virtualenv.py
[2026-08-21T11:52:52.519+0000] {processor.py:840} INFO - DAG(s) 'tutorial_taskflow_api_virtualenv' retrieved from /home/airflow/.local/lib/python3.8/site-packages/airflow/example_dags/tutorial_taskflow_api_virtualenv.py
[2026-08-21T11:52:52.538+0000] {logging_mixin.py:188} INFO - [2026-08-21T11:52:52.538+0000] {dag.py:3036} INFO - Sync 1 DAGs
[2026-08-21T11:52:52.549+0000] {logging_mixin.py:188} INFO - [2026-08-21T11:52:52.549+0000] {dag.py:3823} INFO - Setting next_dagrun for tutorial_taskflow_api_virtualenv to None, run_after=None
[2026-08-21T11:52:52.568+0000] {processor.py:183} INFO - Processing /home/airflow/.local/lib/python3.8/site-packages/airflow/example_dags/tutorial_taskflow_api_virtualenv.py took 0.068 seconds
[2026-08-21T11:53:23.141+0000] {processor.py:161} INFO - Started process (PID=885) to work on /home/airflow/.local/lib/python3.8/site-packages/airflow/example_dags/tutorial_taskflow_api_virtualenv.py
[2026-08-21T11:53:23.143+0000] {processor.py:830} INFO - Processing file /home/airflow/.local/lib/python3.8/site-packages/airflow/example_dags/tutorial_taskflow_api_virtualenv.py for tasks to queue
[2026-08-21T11:53:23.145+0000] {logging_mixin.py:188} INFO - [2026-08-21T11:53:23.145+0000] {dagbag.py:538} INFO - Filling up the DagBag from /home/airflow/.local/lib/python3.8/site-packages/airflow/example_dags/tutorial_taskflow_api_virtualenv.py
[2026-08-21T11:53:23.156+0000] {processor.py:840} INFO - DAG(s) 'tutorial_taskflow_api_virtualenv' retrieved from /home/airflow/.local/lib/python3.8/site-packages/airflow/example_dags/tutorial_taskflow_api_virtualenv.py
[2026-08-21T11:53:23.178+0000] {logging_mixin.py:188} INFO - [2026-08-21T11:53:23.178+0000] {dag.py:3036} INFO - Sync 1 DAGs
[2026-08-21T11:53:23.191+0000] {logging_mixin.py:188} INFO - [2026-08-21T11:53:23.190+0000] {dag.py:3823} INFO - Setting next_dagrun for tutorial_taskflow_api_virtualenv to None, run_after=None
[2026-08-21T11:53:23.209+0000] {processor.py:183} INFO - Processing /home/airflow/.local/lib/python3.8/site-packages/airflow/example_dags/tutorial_taskflow_api_virtualenv.py took 0.071 seconds
[2026-08-21T11:53:54.796+0000] {processor.py:161} INFO - Started process (PID=972) to work on /home/airflow/.local/lib/python3.8/site-packages/airflow/example_dags/tutorial_taskflow_api_virtualenv.py
[2026-08-21T11:53:54.797+0000] {processor.py:830} INFO - Processing file /home/airflow/.local/lib/python3.8/site-packages/airflow/example_dags/tutorial_taskflow_api_virtualenv.py for tasks to queue
[2026-08-21T11:53:54.799+0000] {logging_mixin.py:188} INFO - [2026-08-21T11:53:54.799+0000] {dagbag.py:538} INFO - Filling up the DagBag from /home/airflow/.local/lib/python3.8/site-packages/airflow/example_dags/tutorial_taskflow_api_virtualenv.py
[2026-08-21T11:53:54.813+0000] {processor.py:840} INFO - DAG(s) 'tutorial_taskflow_api_virtualenv' retrieved from /home/airflow/.local/lib/python3.8/site-packages/airflow/example_dags/tutorial_taskflow_api_virtualenv.py
[2026-08-21T11:53:54.835+0000] {logging_mixin.py:188} INFO - [2026-08-21T11:53:54.834+0000] {dag.py:3036} INFO - Sync 1 DAGs
[2026-08-21T11:53:54.846+0000] {logging_mixin.py:188} INFO - [2026-08-21T11:53:54.846+0000] {dag.py:3823} INFO - Setting next_dagrun for tutorial_taskflow_api_virtualenv to None, run_after=None
[2026-08-21T11:53:54.865+0000] {processor.py:183} INFO - Processing /home/airflow/.local/lib/python3.8/site-packages/airflow/example_dags/tutorial_taskflow_api_virtualenv.py took 0.073 seconds
[2026-08-21T11:54:26.053+0000] {processor.py:161} INFO - Started process (PID=1059) to work on /home/airflow/.local/lib/python3.8/site-packages/airflow/example_dags/tutorial_taskflow_api_virtualenv.py
[2026-08-21T11:54:26.054+0000] {processor.py:830} INFO - Processing file /home/airflow/.local/lib/python3.8/site-packages/airflow/example_dags/tutorial_taskflow_api_virtualenv.py for tasks to queue
[2026-08-21T11:54:26.056+0000] {logging_mixin.py:188} INFO - [2026-08-21T11:54:26.056+0000] {dagbag.py:538} INFO - Filling up the DagBag from /home/airflow/.local/lib/python3.8/site-packages/airflow/example_dags/tutorial_taskflow_api_virtualenv.py
[2026-08-21T11:54:26.068+0000] {processor.py:840} INFO - DAG(s) 'tutorial_taskflow_api_virtualenv' retrieved from /home/airflow/.local/lib/python3.8/site-packages/airflow/example_dags/tutorial_taskflow_api_virtualenv.py
[2026-08-21T11:54:26.095+0000] {logging_mixin.py:188} INFO - [2026-08-21T11:54:26.095+0000] {dag.py:3036} INFO - Sync 1 DAGs
[2026-08-21T11:54:26.106+0000] {logging_mixin.py:188} INFO - [2026-08-21T11:54:26.106+0000] {dag.py:3823} INFO - Setting next_dagrun for tutorial_taskflow_api_virtualenv to None, run_after=None
[2026-08-21T11:54:26.126+0000] {processor.py:183} INFO - Processing /home/airflow/.local/lib/python3.8/site-packages/airflow/example_dags/tutorial_taskflow_api_virtualenv.py took 0.077 seconds
[2026-08-21T11:54:57.209+0000] {processor.py:161} INFO - Started process (PID=1146) to work on /home/airflow/.local/lib/python3.8/site-packages/airflow/example_dags/tutorial_taskflow_api_virtualenv.py
[2026-08-21T11:54:57.211+0000] {processor.py:830} INFO - Processing file /home/airflow/.local/lib/python3.8/site-packages/airflow/example_dags/tutorial_taskflow_api_virtualenv.py for tasks to queue
[2026-08-21T11:54:57.213+0000] {logging_mixin.py:188} INFO - [2026-08-21T11:54:57.213+0000] {dagbag.py:538} INFO - Filling up the DagBag from /home/airflow/.local/lib/python3.8/site-packages/airflow/example_dags/tutorial_taskflow_api_virtualenv.py
[2026-08-21T11:54:57.227+0000] {processor.py:840} INFO - DAG(s) 'tutorial_taskflow_api_virtualenv' retrieved from /home/airflow/.local/lib/python3.8/site-packages/airflow/example_dags/tutorial_taskflow_api_virtualenv.py
[2026-08-21T11:54:57.253+0000] {logging_mixin.py:188} INFO - [2026-08-21T11:54:57.253+0000] {dag.py:3036} INFO - Sync 1 DAGs
[2026-08-21T11:54:57.266+0000] {logging_mixin.py:188} INFO - [2026-08-21T11:54:57.266+0000] {dag.py:3823} INFO - Setting next_dagrun for tutorial_taskflow_api_virtualenv to None, run_after=None
[2026-08-21T11:54:57.287+0000] {processor.py:183} INFO - Processing /home/airflow/.local/lib/python3.8/site-packages/airflow/example_dags/tutorial_taskflow_api_virtualenv.py took 0.082 seconds
[2026-08-21T11:55:27.842+0000] {processor.py:161} INFO - Started process (PID=1234) to work on /home/airflow/.local/lib/python3.8/site-packages/airflow/example_dags/tutorial_taskflow_api_virtualenv.py
[2026-08-21T11:55:27.843+0000] {processor.py:830} INFO - Processing file /home/airflow/.local/lib/python3.8/site-packages/airflow/example_dags/tutorial_taskflow_api_virtualenv.py for tasks to queue
[2026-08-21T11:55:27.846+0000] {logging_mixin.py:188} INFO - [2026-08-21T11:55:27.845+0000] {dagbag.py:538} INFO - Filling up the DagBag from /home/airflow/.local/lib/python3.8/site-packages/airflow/example_dags/tutorial_taskflow_api_virtualenv.py
[2026-08-21T11:55:27.856+0000] {processor.py:840} INFO - DAG(s) 'tutorial_taskflow_api_virtualenv' retrieved from /home/airflow/.local/lib/python3.8/site-packages/airflow/example_dags/tutorial_taskflow_api_virtualenv.py
[2026-08-21T11:55:27.875+0000] {logging_mixin.py:188} INFO - [2026-08-21T11:55:27.875+0000] {dag.py:3036} INFO - Sync 1 DAGs
[2026-08-21T11:55:27.887+0000] {logging_mixin.py:188} INFO - [2026-08-21T11:55:27.886+0000] {dag.py:3823} INFO - Setting next_dagrun for tutorial_taskflow_api_virtualenv to None, run_after=None
[2026-08-21T11:55:27.908+0000] {processor.py:183} INFO - Processing /home/airflow/.local/lib/python3.8/site-packages/airflow/example_dags/tutorial_taskflow_api_virtualenv.py took 0.069 seconds
[2026-08-21T11:55:59.038+0000] {processor.py:161} INFO - Started process (PID=1321) to work on /home/airflow/.local/lib/python3.8/site-packages/airflow/example_dags/tutorial_taskflow_api_virtualenv.py
[2026-08-21T11:55:59.039+0000] {processor.py:830} INFO - Processing file /home/airflow/.local/lib/python3.8/site-packages/airflow/example_dags/tutorial_taskflow_api_virtualenv.py for tasks to queue
[2026-08-21T11:55:59.042+0000] {logging_mixin.py:188} INFO - [2026-08-21T11:55:59.041+0000] {dagbag.py:538} INFO - Filling up the DagBag from /home/airflow/.local/lib/python3.8/site-packages/airflow/example_dags/tutorial_taskflow_api_virtualenv.py
[2026-08-21T11:55:59.054+0000] {processor.py:840} INFO - DAG(s) 'tutorial_taskflow_api_virtualenv' retrieved from /home/airflow/.local/lib/python3.8/site-packages/airflow/example_dags/tutorial_taskflow_api_virtualenv.py
[2026-08-21T11:55:59.076+0000] {logging_mixin.py:188} INFO - [2026-08-21T11:55:59.076+0000] {dag.py:3036} INFO - Sync 1 DAGs
[2026-08-21T11:55:59.089+0000] {logging_mixin.py:188} INFO - [2026-08-21T11:55:59.089+0000] {dag.py:3823} INFO - Setting next_dagrun for tutorial_taskflow_api_virtualenv to None, run_after=None
[2026-08-21T11:55:59.114+0000] {processor.py:183} INFO - Processing /home/airflow/.local/lib/python3.8/site-packages/airflow/example_dags/tutorial_taskflow_api_virtualenv.py took 0.080 seconds
[2026-08-21T11:56:29.506+0000] {processor.py:161} INFO - Started process (PID=1408) to work on /home/airflow/.local/lib/python3.8/site-packages/airflow/example_dags/tutorial_taskflow_api_virtualenv.py
[2026-08-21T11:56:29.507+0000] {processor.py:830} INFO - Processing file /home/airflow/.local/lib/python3.8/site-packages/airflow/example_dags/tutorial_taskflow_api_virtualenv.py for tasks to queue
[2026-08-21T11:56:29.510+0000] {logging_mixin.py:188} INFO - [2026-08-21T11:56:29.510+0000] {dagbag.py:538} INFO - Filling up the DagBag from /home/airflow/.local/lib/python3.8/site-packages/airflow/example_dags/tutorial_taskflow_api_virtualenv.py
[2026-08-21T11:56:29.526+0000] {processor.py:840} INFO - DAG(s) 'tutorial_taskflow_api_virtualenv' retrieved from /home/airflow/.local/lib/python3.8/site-packages/airflow/example_dags/tutorial_taskflow_api_virtualenv.py
[2026-08-21T11:56:29.548+0000] {logging_mixin.py:188} INFO - [2026-08-21T11:56:29.548+0000] {dag.py:3036} INFO - Sync 1 DAGs
[2026-08-21T11:56:29.560+0000] {logging_mixin.py:188} INFO - [2026-08-21T11:56:29.560+0000] {dag.py:3823} INFO - Setting next_dagrun for tutorial_taskflow_api_virtualenv to None, run_after=None
[2026-08-21T11:56:29.581+0000] {processor.py:183} INFO - Processing /home/airflow/.local/lib/python3.8/site-packages/airflow/example_dags/tutorial_taskflow_api_virtualenv.py took 0.080 seconds
[2026-08-21T11:57:02.403+0000] {processor.py:161} INFO - Started process (PID=1495) to work on /home/airflow/.local/lib/python3.8/site-packages/airflow/example_dags/tutorial_taskflow_api_virtualenv.py
[2026-08-21T11:57:02.405+0000] {processor.py:830} INFO - Processing file /home/airflow/.local/lib/python3.8/site-packages/airflow/example_dags/tutorial_taskflow_api_virtualenv.py for tasks to queue
[2026-08-21T11:57:02.408+0000] {logging_mixin.py:188} INFO - [2026-08-21T11:57:02.408+0000] {dagbag.py:538} INFO - Filling up the DagBag from /home/airflow/.local/lib/python3.8/site-packages/airflow/example_dags/tutorial_taskflow_api_virtualenv.py
[2026-08-21T11:57:02.420+0000] {processor.py:840} INFO - DAG(s) 'tutorial_taskflow_api_virtualenv' retrieved from /home/airflow/.local/lib/python3.8/site-packages/airflow/example_dags/tutorial_taskflow_api_virtualenv.py
[2026-08-21T11:57:02.461+0000] {logging_mixin.py:188} INFO - [2026-08-21T11:57:02.460+0000] {dag.py:3036} INFO - Sync 1 DAGs
[2026-08-21T11:57:02.484+0000] {logging_mixin.py:188} INFO - [2026-08-21T11:57:02.484+0000] {dag.py:3823} INFO - Setting next_dagrun for tutorial_taskflow_api_virtualenv to None, run_after=None
[2026-08-21T11:57:02.509+0000] {processor.py:183} INFO - Processing /home/airflow/.local/lib/python3.8/site-packages/airflow/example_dags/tutorial_taskflow_api_virtualenv.py took 0.110 seconds
[2026-08-21T11:57:33.668+0000] {processor.py:161} INFO - Started process (PID=1583) to work on /home/airflow/.local/lib/python3.8/site-packages/airflow/example_dags/tutorial_taskflow_api_virtualenv.py
[2026-08-21T11:57:33.670+0000] {processor.py:830} INFO - Processing file /home/airflow/.local/lib/python3.8/site-packages/airflow/example_dags/tutorial_taskflow_api_virtualenv.py for tasks to queue
[2026-08-21T11:57:33.673+0000] {logging_mixin.py:188} INFO - [2026-08-21T11:57:33.672+0000] {dagbag.py:538} INFO - Filling up the DagBag from /home/airflow/.local/lib/python3.8/site-packages/airflow/example_dags/tutorial_taskflow_api_virtualenv.py
[2026-08-21T11:57:33.692+0000] {processor.py:840} INFO - DAG(s) 'tutorial_taskflow_api_virtualenv' retrieved from /home/airflow/.local/lib/python3.8/site-packages/airflow/example_dags/tutorial_taskflow_api_virtualenv.py
[2026-08-21T11:57:33.713+0000] {logging_mixin.py:188} INFO - [2026-08-21T11:57:33.713+0000] {dag.py:3036} INFO - Sync 1 DAGs
[2026-08-21T11:57:33.735+0000] {logging_mixin.py:188} INFO - [2026-08-21T11:57:33.734+0000] {dag.py:3823} INFO - Setting next_dagrun for tutorial_taskflow_api_virtualenv to None, run_after=None
[2026-08-21T11:57:33.862+0000] {processor.py:183} INFO - Processing /home/airflow/.local/lib/python3.8/site-packages/airflow/example_dags/tutorial_taskflow_api_virtualenv.py took 0.201 seconds
[2026-08-21T11:58:04.436+0000] {processor.py:161} INFO - Started process (PID=1670) to work on /home/airflow/.local/lib/python3.8/site-packages/airflow/example_dags/tutorial_taskflow_api_virtualenv.py
[2026-08-21T11:58:04.438+0000] {processor.py:830} INFO - Processing file /home/airflow/.local/lib/python3.8/site-packages/airflow/example_dags/tutorial_taskflow_api_virtualenv.py for tasks to queue
[2026-08-21T11:58:04.442+0000] {logging_mixin.py:188} INFO - [2026-08-21T11:58:04.442+0000] {dagbag.py:538} INFO - Filling up the DagBag from /home/airflow/.local/lib/python3.8/site-packages/airflow/example_dags/tutorial_taskflow_api_virtualenv.py
[2026-08-21T11:58:04.465+0000] {processor.py:840} INFO - DAG(s) 'tutorial_taskflow_api_virtualenv' retrieved from /home/airflow/.local/lib/python3.8/site-packages/airflow/example_dags/tutorial_taskflow_api_virtualenv.py
[2026-08-21T11:58:04.487+0000] {logging_mixin.py:188} INFO - [2026-08-21T11:58:04.487+0000] {dag.py:3036} INFO - Sync 1 DAGs
[2026-08-21T11:58:04.511+0000] {logging_mixin.py:188} INFO - [2026-08-21T11:58:04.510+0000] {dag.py:3823} INFO - Setting next_dagrun for tutorial_taskflow_api_virtualenv to None, run_after=None
[2026-08-21T11:58:04.543+0000] {processor.py:183} INFO - Processing /home/airflow/.local/lib/python3.8/site-packages/airflow/example_dags/tutorial_taskflow_api_virtualenv.py took 0.113 seconds
[2026-08-21T11:58:37.132+0000] {processor.py:161} INFO - Started process (PID=1757) to work on /home/airflow/.local/lib/python3.8/site-packages/airflow/example_dags/tutorial_taskflow_api_virtualenv.py
[2026-08-21T11:58:37.134+0000] {processor.py:830} INFO - Processing file /home/airflow/.local/lib/python3.8/site-packages/airflow/example_dags/tutorial_taskflow_api_virtualenv.py for tasks to queue
[2026-08-21T11:58:37.137+0000] {logging_mixin.py:188} INFO - [2026-08-21T11:58:37.137+0000] {dagbag.py:538} INFO - Filling up the DagBag from /home/airflow/.local/lib/python3.8/site-packages/airflow/example_dags/tutorial_taskflow_api_virtualenv.py
[2026-08-21T11:58:37.159+0000] {processor.py:840} INFO - DAG(s) 'tutorial_taskflow_api_virtualenv' retrieved from /home/airflow/.local/lib/python3.8/site-packages/airflow/example_dags/tutorial_taskflow_api_virtualenv.py
[2026-08-21T11:58:37.181+0000] {logging_mixin.py:188} INFO - [2026-08-21T11:58:37.180+0000] {dag.py:3036} INFO - Sync 1 DAGs
[2026-08-21T11:58:37.206+0000] {logging_mixin.py:188} INFO - [2026-08-21T11:58:37.206+0000] {dag.py:3823} INFO - Setting next_dagrun for tutorial_taskflow_api_virtualenv to None, run_after=None
[2026-08-21T11:58:37.236+0000] {processor.py:183} INFO - Processing /home/airflow/.local/lib/python3.8/site-packages/airflow/example_dags/tutorial_taskflow_api_virtualenv.py took 0.109 seconds
[2026-08-21T11:59:08.245+0000] {processor.py:161} INFO - Started process (PID=1844) to work on /home/airflow/.local/lib/python3.8/site-packages/airflow/example_dags/tutorial_taskflow_api_virtualenv.py
[2026-08-21T11:59:08.247+0000] {processor.py:830} INFO - Processing file /home/airflow/.local/lib/python3.8/site-packages/airflow/example_dags/tutorial_taskflow_api_virtualenv.py for tasks to queue
[2026-08-21T11:59:08.250+0000] {logging_mixin.py:188} INFO - [2026-08-21T11:59:08.249+0000] {dagbag.py:538} INFO - Filling up the DagBag from /home/airflow/.local/lib/python3.8/site-packages/airflow/example_dags/tutorial_taskflow_api_virtualenv.py
[2026-08-21T11:59:08.262+0000] {processor.py:840} INFO - DAG(s) 'tutorial_taskflow_api_virtualenv' retrieved from /home/airflow/.local/lib/python3.8/site-packages/airflow/example_dags/tutorial_taskflow_api_virtualenv.py
[2026-08-21T11:59:08.356+0000] {logging_mixin.py:188} INFO - [2026-08-21T11:59:08.356+0000] {dag.py:3036} INFO - Sync 1 DAGs
[2026-08-21T11:59:08.366+0000] {logging_mixin.py:188} INFO - [2026-08-21T11:59:08.366+0000] {dag.py:3823} INFO - Setting next_dagrun for tutorial_taskflow_api_virtualenv to None, run_after=None
[2026-08-21T11:59:08.386+0000] {processor.py:183} INFO - Processing /home/airflow/.local/lib/python3.8/site-packages/airflow/example_dags/tutorial_taskflow_api_virtualenv.py took 0.144 seconds
[2026-08-21T11:59:38.888+0000] {processor.py:161} INFO - Started process (PID=1931) to work on /home/airflow/.local/lib/python3.8/site-packages/airflow/example_dags/tutorial_taskflow_api_virtualenv.py
[2026-08-21T11:59:38.890+0000] {processor.py:830} INFO - Processing file /home/airflow/.local/lib/python3.8/site-packages/airflow/example_dags/tutorial_taskflow_api_virtualenv.py for tasks to queue
[2026-08-21T11:59:38.895+0000] {logging_mixin.py:188} INFO - [2026-08-21T11:59:38.895+0000] {dagbag.py:538} INFO - Filling up the DagBag from /home/airflow/.local/lib/python3.8/site-packages/airflow/example_dags/tutorial_taskflow_api_virtualenv.py
[2026-08-21T11:59:38.906+0000] {processor.py:840} INFO - DAG(s) 'tutorial_taskflow_api_virtualenv' retrieved from /home/airflow/.local/lib/python3.8/site-packages/airflow/example_dags/tutorial_taskflow_api_virtualenv.py
[2026-08-21T11:59:38.928+0000] {logging_mixin.py:188} INFO - [2026-08-21T11:59:38.927+0000] {dag.py:3036} INFO - Sync 1 DAGs
[2026-08-21T11:59:38.940+0000] {logging_mixin.py:188} INFO - [2026-08-21T11:59:38.940+0000] {dag.py:3823} INFO - Setting next_dagrun for tutorial_taskflow_api_virtualenv to None, run_after=None
[2026-08-21T11:59:38.963+0000] {processor.py:183} INFO - Processing /home/airflow/.local/lib/python3.8/site-packages/airflow/example_dags/tutorial_taskflow_api_virtualenv.py took 0.078 seconds
[2026-08-21T12:00:09.335+0000] {processor.py:161} INFO - Started process (PID=2019) to work on /home/airflow/.local/lib/python3.8/site-packages/airflow/example_dags/tutorial_taskflow_api_virtualenv.py
[2026-08-21T12:00:09.336+0000] {processor.py:830} INFO - Processing file /home/airflow/.local/lib/python3.8/site-packages/airflow/example_dags/tutorial_taskflow_api_virtualenv.py for tasks to queue
[2026-08-21T12:00:09.338+0000] {logging_mixin.py:188} INFO - [2026-08-21T12:00:09.338+0000] {dagbag.py:538} INFO - Filling up the DagBag from /home/airflow/.local/lib/python3.8/site-packages/airflow/example_dags/tutorial_taskflow_api_virtualenv.py
[2026-08-21T12:00:09.348+0000] {processor.py:840} INFO - DAG(s) 'tutorial_taskflow_api_virtualenv' retrieved from /home/airflow/.local/lib/python3.8/site-packages/airflow/example_dags/tutorial_taskflow_api_virtualenv.py
[2026-08-21T12:00:09.371+0000] {logging_mixin.py:188} INFO - [2026-08-21T12:00:09.371+0000] {dag.py:3036} INFO - Sync 1 DAGs
[2026-08-21T12:00:09.383+0000] {logging_mixin.py:188} INFO - [2026-08-21T12:00:09.383+0000] {dag.py:3823} INFO - Setting next_dagrun for tutorial_taskflow_api_virtualenv to None, run_after=None
[2026-08-21T12:00:09.400+0000] {processor.py:183} INFO - Processing /home/airflow/.local/lib/python3.8/site-packages/airflow/example_dags/tutorial_taskflow_api_virtualenv.py took 0.069 seconds
[2026-08-21T12:00:39.903+0000] {processor.py:161} INFO - Started process (PID=2106) to work on /home/airflow/.local/lib/python3.8/site-packages/airflow/example_dags/tutorial_taskflow_api_virtualenv.py
[2026-08-21T12:00:39.904+0000] {processor.py:830} INFO - Processing file /home/airflow/.local/lib/python3.8/site-packages/airflow/example_dags/tutorial_taskflow_api_virtualenv.py for tasks to queue
[2026-08-21T12:00:39.907+0000] {logging_mixin.py:188} INFO - [2026-08-21T12:00:39.906+0000] {dagbag.py:538} INFO - Filling up the DagBag from /home/airflow/.local/lib/python3.8/site-packages/airflow/example_dags/tutorial_taskflow_api_virtualenv.py
[2026-08-21T12:00:39.919+0000] {processor.py:840} INFO - DAG(s) 'tutorial_taskflow_api_virtualenv' retrieved from /home/airflow/.local/lib/python3.8/site-packages/airflow/example_dags/tutorial_taskflow_api_virtualenv.py
[2026-08-21T12:00:39.942+0000] {logging_mixin.py:188} INFO - [2026-08-21T12:00:39.942+0000] {dag.py:3036} INFO - Sync 1 DAGs
[2026-08-21T12:00:39.955+0000] {logging_mixin.py:188} INFO - [2026-08-21T12:00:39.955+0000] {dag.py:3823} INFO - Setting next_dagrun for tutorial_taskflow_api_virtualenv to None, run_after=None
[2026-08-21T12:00:39.982+0000] {processor.py:183} INFO - Processing /home/airflow/.local/lib/python3.8/site-packages/airflow/example_dags/tutorial_taskflow_api_virtualenv.py took 0.083 seconds
[2026-08-21T12:01:10.794+0000] {processor.py:161} INFO - Started process (PID=2192) to work on /home/airflow/.local/lib/python3.8/site-packages/airflow/example_dags/tutorial_taskflow_api_virtualenv.py
[2026-08-21T12:01:10.795+0000] {processor.py:830} INFO - Processing file /home/airflow/.local/lib/python3.8/site-packages/airflow/example_dags/tutorial_taskflow_api_virtualenv.py for tasks to queue
[2026-08-21T12:01:10.798+0000] {logging_mixin.py:188} INFO - [2026-08-21T12:01:10.797+0000] {dagbag.py:538} INFO - Filling up the DagBag from /home/airflow/.local/lib/python3.8/site-packages/airflow/example_dags/tutorial_taskflow_api_virtualenv.py
[2026-08-21T12:01:10.811+0000] {processor.py:840} INFO - DAG(s) 'tutorial_taskflow_api_virtualenv' retrieved from /home/airflow/.local/lib/python3.8/site-packages/airflow/example_dags/tutorial_taskflow_api_virtualenv.py
[2026-08-21T12:01:10.839+0000] {logging_mixin.py:188} INFO - [2026-08-21T12:01:10.839+0000] {dag.py:3036} INFO - Sync 1 DAGs
[2026-08-21T12:01:10.852+0000] {logging_mixin.py:188} INFO - [2026-08-21T12:01:10.852+0000] {dag.py:3823} INFO - Setting next_dagrun for tutorial_taskflow_api_virtualenv to None, run_after=None
[2026-08-21T12:01:10.874+0000] {processor.py:183} INFO - Processing /home/airflow/.local/lib/python3.8/site-packages/airflow/example_dags/tutorial_taskflow_api_virtualenv.py took 0.085 seconds
[2026-08-21T12:01:41.417+0000] {processor.py:161} INFO - Started process (PID=2278) to work on /home/airflow/.local/lib/python3.8/site-packages/airflow/example_dags/tutorial_taskflow_api_virtualenv.py
[2026-08-21T12:01:41.419+0000] {processor.py:830} INFO - Processing file /home/airflow/.local/lib/python3.8/site-packages/airflow/example_dags/tutorial_taskflow_api_virtualenv.py for tasks to queue
[2026-08-21T12:01:41.422+0000] {logging_mixin.py:188} INFO - [2026-08-21T12:01:41.421+0000] {dagbag.py:538} INFO - Filling up the DagBag from /home/airflow/.local/lib/python3.8/site-packages/airflow/example_dags/tutorial_taskflow_api_virtualenv.py
[2026-08-21T12:01:41.439+0000] {processor.py:840} INFO - DAG(s) 'tutorial_taskflow_api_virtualenv' retrieved from /home/airflow/.local/lib/python3.8/site-packages/airflow/example_dags/tutorial_taskflow_api_virtualenv.py
[2026-08-21T12:01:41.467+0000] {logging_mixin.py:188} INFO - [2026-08-21T12:01:41.466+0000] {dag.py:3036} INFO - Sync 1 DAGs
[2026-08-21T12:01:41.480+0000] {logging_mixin.py:188} INFO - [2026-08-21T12:01:41.480+0000] {dag.py:3823} INFO - Setting next_dagrun for tutorial_taskflow_api_virtualenv to None, run_after=None
[2026-08-21T12:01:41.503+0000] {processor.py:183} INFO - Processing /home/airflow/.local/lib/python3.8/site-packages/airflow/example_dags/tutorial_taskflow_api_virtualenv.py took 0.092 seconds
[2026-08-21T12:02:11.739+0000] {processor.py:161} INFO - Started process (PID=2365) to work on /home/airflow/.local/lib/python3.8/site-packages/airflow/example_dags/tutorial_taskflow_api_virtualenv.py
[2026-08-21T12:02:11.740+0000] {processor.py:830} INFO - Processing file /home/airflow/.local/lib/python3.8/site-packages/airflow/example_dags/tutorial_taskflow_api_virtualenv.py for tasks to queue
[2026-08-21T12:02:11.742+0000] {logging_mixin.py:188} INFO - [2026-08-21T12:02:11.742+0000] {dagbag.py:538} INFO - Filling up the DagBag from /home/airflow/.local/lib/python3.8/site-packages/airflow/example_dags/tutorial_taskflow_api_virtualenv.py
[2026-08-21T12:02:11.754+0000] {processor.py:840} INFO - DAG(s) 'tutorial_taskflow_api_virtualenv' retrieved from /home/airflow/.local/lib/python3.8/site-packages/airflow/example_dags/tutorial_taskflow_api_virtualenv.py
[2026-08-21T12:02:11.776+0000] {logging_mixin.py:188} INFO - [2026-08-21T12:02:11.776+0000] {dag.py:3036} INFO - Sync 1 DAGs
[2026-08-21T12:02:11.789+0000] {logging_mixin.py:188} INFO - [2026-08-21T12:02:11.789+0000] {dag.py:3823} INFO - Setting next_dagrun for tutorial_taskflow_api_virtualenv to None, run_after=None
[2026-08-21T12:02:11.811+0000] {processor.py:183} INFO - Processing /home/airflow/.local/lib/python3.8/site-packages/airflow/example_dags/tutorial_taskflow_api_virtualenv.py took 0.077 seconds
[2026-08-21T12:02:43.035+0000] {processor.py:161} INFO - Started process (PID=2452) to work on /home/airflow/.local/lib/python3.8/site-packages/airflow/example_dags/tutorial_taskflow_api_virtualenv.py
[2026-08-21T12:02:43.037+0000] {processor.py:830} INFO - Processing file /home/airflow/.local/lib/python3.8/site-packages/airflow/example_dags/tutorial_taskflow_api_virtualenv.py for tasks to queue
[2026-08-21T12:02:43.039+0000] {logging_mixin.py:188} INFO - [2026-08-21T12:02:43.038+0000] {dagbag.py:538} INFO - Filling up the DagBag from /home/airflow/.local/lib/python3.8/site-packages/airflow/example_dags/tutorial_taskflow_api_virtualenv.py
[2026-08-21T12:02:43.049+0000] {processor.py:840} INFO - DAG(s) 'tutorial_taskflow_api_virtualenv' retrieved from /home/airflow/.local/lib/python3.8/site-packages/airflow/example_dags/tutorial_taskflow_api_virtualenv.py
[2026-08-21T12:02:43.074+0000] {logging_mixin.py:188} INFO - [2026-08-21T12:02:43.074+0000] {dag.py:3036} INFO - Sync 1 DAGs
[2026-08-21T12:02:43.088+0000] {logging_mixin.py:188} INFO - [2026-08-21T12:02:43.088+0000] {dag.py:3823} INFO - Setting next_dagrun for tutorial_taskflow_api_virtualenv to None, run_after=None
[2026-08-21T12:02:43.107+0000] {processor.py:183} INFO - Processing /home/airflow/.local/lib/python3.8/site-packages/airflow/example_dags/tutorial_taskflow_api_virtualenv.py took 0.076 seconds
[2026-08-21T12:03:13.904+0000] {processor.py:161} INFO - Started process (PID=2545) to work on /home/airflow/.local/lib/python3.8/site-packages/airflow/example_dags/tutorial_taskflow_api_virtualenv.py
[2026-08-21T12:03:13.905+0000] {processor.py:830} INFO - Processing file /home/airflow/.local/lib/python3.8/site-packages/airflow/example_dags/tutorial_taskflow_api_virtualenv.py for tasks to queue
[2026-08-21T12:03:13.907+0000] {logging_mixin.py:188} INFO - [2026-08-21T12:03:13.907+0000] {dagbag.py:538} INFO - Filling up the DagBag from /home/airflow/.local/lib/python3.8/site-packages/airflow/example_dags/tutorial_taskflow_api_virtualenv.py
[2026-08-21T12:03:13.918+0000] {processor.py:840} INFO - DAG(s) 'tutorial_taskflow_api_virtualenv' retrieved from /home/airflow/.local/lib/python3.8/site-packages/airflow/example_dags/tutorial_taskflow_api_virtualenv.py
[2026-08-21T12:03:13.938+0000] {logging_mixin.py:188} INFO - [2026-08-21T12:03:13.938+0000] {dag.py:3036} INFO - Sync 1 DAGs
[2026-08-21T12:03:13.950+0000] {logging_mixin.py:188} INFO - [2026-08-21T12:03:13.950+0000] {dag.py:3823} INFO - Setting next_dagrun for tutorial_taskflow_api_virtualenv to None, run_after=None
[2026-08-21T12:03:13.973+0000] {processor.py:183} INFO - Processing /home/airflow/.local/lib/python3.8/site-packages/airflow/example_dags/tutorial_taskflow_api_virtualenv.py took 0.073 seconds
[2026-08-21T12:03:44.998+0000] {processor.py:161} INFO - Started process (PID=2634) to work on /home/airflow/.local/lib/python3.8/site-packages/airflow/example_dags/tutorial_taskflow_api_virtualenv.py
[2026-08-21T12:03:45.000+0000] {processor.py:830} INFO - Processing file /home/airflow/.local/lib/python3.8/site-packages/airflow/example_dags/tutorial_taskflow_api_virtualenv.py for tasks to queue
[2026-08-21T12:03:45.002+0000] {logging_mixin.py:188} INFO - [2026-08-21T12:03:45.001+0000] {dagbag.py:538} INFO - Filling up the DagBag from /home/airflow/.local/lib/python3.8/site-packages/airflow/example_dags/tutorial_taskflow_api_virtualenv.py
[2026-08-21T12:03:45.012+0000] {processor.py:840} INFO - DAG(s) 'tutorial_taskflow_api_virtualenv' retrieved from /home/airflow/.local/lib/python3.8/site-packages/airflow/example_dags/tutorial_taskflow_api_virtualenv.py
[2026-08-21T12:03:45.034+0000] {logging_mixin.py:188} INFO - [2026-08-21T12:03:45.034+0000] {dag.py:3036} INFO - Sync 1 DAGs
[2026-08-21T12:03:45.046+0000] {logging_mixin.py:188} INFO - [2026-08-21T12:03:45.046+0000] {dag.py:3823} INFO - Setting next_dagrun for tutorial_taskflow_api_virtualenv to None, run_after=None
[2026-08-21T12:03:45.066+0000] {processor.py:183} INFO - Processing /home/airflow/.local/lib/python3.8/site-packages/airflow/example_dags/tutorial_taskflow_api_virtualenv.py took 0.071 seconds
[2026-08-21T12:04:16.346+0000] {processor.py:161} INFO - Started process (PID=2721) to work on /home/airflow/.local/lib/python3.8/site-packages/airflow/example_dags/tutorial_taskflow_api_virtualenv.py
[2026-08-21T12:04:16.348+0000] {processor.py:830} INFO - Processing file /home/airflow/.local/lib/python3.8/site-packages/airflow/example_dags/tutorial_taskflow_api_virtualenv.py for tasks to queue
[2026-08-21T12:04:16.351+0000] {logging_mixin.py:188} INFO - [2026-08-21T12:04:16.350+0000] {dagbag.py:538} INFO - Filling up the DagBag from /home/airflow/.local/lib/python3.8/site-packages/airflow/example_dags/tutorial_taskflow_api_virtualenv.py
[2026-08-21T12:04:16.364+0000] {processor.py:840} INFO - DAG(s) 'tutorial_taskflow_api_virtualenv' retrieved from /home/airflow/.local/lib/python3.8/site-packages/airflow/example_dags/tutorial_taskflow_api_virtualenv.py
[2026-08-21T12:04:16.388+0000] {logging_mixin.py:188} INFO - [2026-08-21T12:04:16.387+0000] {dag.py:3036} INFO - Sync 1 DAGs
[2026-08-21T12:04:16.401+0000] {logging_mixin.py:188} INFO - [2026-08-21T12:04:16.400+0000] {dag.py:3823} INFO - Setting next_dagrun for tutorial_taskflow_api_virtualenv to None, run_after=None
[2026-08-21T12:04:16.420+0000] {processor.py:183} INFO - Processing /home/airflow/.local/lib/python3.8/site-packages/airflow/example_dags/tutorial_taskflow_api_virtualenv.py took 0.078 seconds
[2026-08-21T12:04:46.949+0000] {processor.py:161} INFO - Started process (PID=2806) to work on /home/airflow/.local/lib/python3.8/site-packages/airflow/example_dags/tutorial_taskflow_api_virtualenv.py
[2026-08-21T12:04:46.957+0000] {processor.py:830} INFO - Processing file /home/airflow/.local/lib/python3.8/site-packages/airflow/example_dags/tutorial_taskflow_api_virtualenv.py for tasks to queue
[2026-08-21T12:04:46.961+0000] {logging_mixin.py:188} INFO - [2026-08-21T12:04:46.960+0000] {dagbag.py:538} INFO - Filling up the DagBag from /home/airflow/.local/lib/python3.8/site-packages/airflow/example_dags/tutorial_taskflow_api_virtualenv.py
[2026-08-21T12:04:46.979+0000] {processor.py:840} INFO - DAG(s) 'tutorial_taskflow_api_virtualenv' retrieved from /home/airflow/.local/lib/python3.8/site-packages/airflow/example_dags/tutorial_taskflow_api_virtualenv.py
[2026-08-21T12:04:47.014+0000] {logging_mixin.py:188} INFO - [2026-08-21T12:04:47.013+0000] {dag.py:3036} INFO - Sync 1 DAGs
[2026-08-21T12:04:47.031+0000] {logging_mixin.py:188} INFO - [2026-08-21T12:04:47.030+0000] {dag.py:3823} INFO - Setting next_dagrun for tutorial_taskflow_api_virtualenv to None, run_after=None
[2026-08-21T12:04:47.057+0000] {processor.py:183} INFO - Processing /home/airflow/.local/lib/python3.8/site-packages/airflow/example_dags/tutorial_taskflow_api_virtualenv.py took 0.115 seconds
[2026-08-21T12:05:21.604+0000] {processor.py:161} INFO - Started process (PID=2913) to work on /home/airflow/.local/lib/python3.8/site-packages/airflow/example_dags/tutorial_taskflow_api_virtualenv.py
[2026-08-21T12:05:21.606+0000] {processor.py:830} INFO - Processing file /home/airflow/.local/lib/python3.8/site-packages/airflow/example_dags/tutorial_taskflow_api_virtualenv.py for tasks to queue
[2026-08-21T12:05:21.609+0000] {logging_mixin.py:188} INFO - [2026-08-21T12:05:21.609+0000] {dagbag.py:538} INFO - Filling up the DagBag from /home/airflow/.local/lib/python3.8/site-packages/airflow/example_dags/tutorial_taskflow_api_virtualenv.py
[2026-08-21T12:05:21.630+0000] {processor.py:840} INFO - DAG(s) 'tutorial_taskflow_api_virtualenv' retrieved from /home/airflow/.local/lib/python3.8/site-packages/airflow/example_dags/tutorial_taskflow_api_virtualenv.py
[2026-08-21T12:05:21.851+0000] {logging_mixin.py:188} INFO - [2026-08-21T12:05:21.851+0000] {dag.py:3036} INFO - Sync 1 DAGs
[2026-08-21T12:05:21.866+0000] {logging_mixin.py:188} INFO - [2026-08-21T12:05:21.866+0000] {dag.py:3823} INFO - Setting next_dagrun for tutorial_taskflow_api_virtualenv to None, run_after=None
[2026-08-21T12:05:21.894+0000] {processor.py:183} INFO - Processing /home/airflow/.local/lib/python3.8/site-packages/airflow/example_dags/tutorial_taskflow_api_virtualenv.py took 0.295 seconds
[2026-08-21T12:05:52.199+0000] {processor.py:161} INFO - Started process (PID=3009) to work on /home/airflow/.local/lib/python3.8/site-packages/airflow/example_dags/tutorial_taskflow_api_virtualenv.py
[2026-08-21T12:05:52.201+0000] {processor.py:830} INFO - Processing file /home/airflow/.local/lib/python3.8/site-packages/airflow/example_dags/tutorial_taskflow_api_virtualenv.py for tasks to queue
[2026-08-21T12:05:52.204+0000] {logging_mixin.py:188} INFO - [2026-08-21T12:05:52.203+0000] {dagbag.py:538} INFO - Filling up the DagBag from /home/airflow/.local/lib/python3.8/site-packages/airflow/example_dags/tutorial_taskflow_api_virtualenv.py
[2026-08-21T12:05:52.222+0000] {processor.py:840} INFO - DAG(s) 'tutorial_taskflow_api_virtualenv' retrieved from /home/airflow/.local/lib/python3.8/site-packages/airflow/example_dags/tutorial_taskflow_api_virtualenv.py
[2026-08-21T12:05:52.258+0000] {logging_mixin.py:188} INFO - [2026-08-21T12:05:52.258+0000] {dag.py:3036} INFO - Sync 1 DAGs
[2026-08-21T12:05:52.282+0000] {logging_mixin.py:188} INFO - [2026-08-21T12:05:52.281+0000] {dag.py:3823} INFO - Setting next_dagrun for tutorial_taskflow_api_virtualenv to None, run_after=None
[2026-08-21T12:05:52.317+0000] {processor.py:183} INFO - Processing /home/airflow/.local/lib/python3.8/site-packages/airflow/example_dags/tutorial_taskflow_api_virtualenv.py took 0.124 seconds
[2026-08-21T12:06:22.550+0000] {processor.py:161} INFO - Started process (PID=3096) to work on /home/airflow/.local/lib/python3.8/site-packages/airflow/example_dags/tutorial_taskflow_api_virtualenv.py
[2026-08-21T12:06:22.551+0000] {processor.py:830} INFO - Processing file /home/airflow/.local/lib/python3.8/site-packages/airflow/example_dags/tutorial_taskflow_api_virtualenv.py for tasks to queue
[2026-08-21T12:06:22.554+0000] {logging_mixin.py:188} INFO - [2026-08-21T12:06:22.554+0000] {dagbag.py:538} INFO - Filling up the DagBag from /home/airflow/.local/lib/python3.8/site-packages/airflow/example_dags/tutorial_taskflow_api_virtualenv.py
[2026-08-21T12:06:22.566+0000] {processor.py:840} INFO - DAG(s) 'tutorial_taskflow_api_virtualenv' retrieved from /home/airflow/.local/lib/python3.8/site-packages/airflow/example_dags/tutorial_taskflow_api_virtualenv.py
[2026-08-21T12:06:22.586+0000] {logging_mixin.py:188} INFO - [2026-08-21T12:06:22.586+0000] {dag.py:3036} INFO - Sync 1 DAGs
[2026-08-21T12:06:22.597+0000] {logging_mixin.py:188} INFO - [2026-08-21T12:06:22.597+0000] {dag.py:3823} INFO - Setting next_dagrun for tutorial_taskflow_api_virtualenv to None, run_after=None
[2026-08-21T12:06:22.617+0000] {processor.py:183} INFO - Processing /home/airflow/.local/lib/python3.8/site-packages/airflow/example_dags/tutorial_taskflow_api_virtualenv.py took 0.071 seconds
[2026-08-21T12:06:53.074+0000] {processor.py:161} INFO - Started process (PID=3183) to work on /home/airflow/.local/lib/python3.8/site-packages/airflow/example_dags/tutorial_taskflow_api_virtualenv.py
[2026-08-21T12:06:53.075+0000] {processor.py:830} INFO - Processing file /home/airflow/.local/lib/python3.8/site-packages/airflow/example_dags/tutorial_taskflow_api_virtualenv.py for tasks to queue
[2026-08-21T12:06:53.077+0000] {logging_mixin.py:188} INFO - [2026-08-21T12:06:53.077+0000] {dagbag.py:538} INFO - Filling up the DagBag from /home/airflow/.local/lib/python3.8/site-packages/airflow/example_dags/tutorial_taskflow_api_virtualenv.py
[2026-08-21T12:06:53.090+0000] {processor.py:840} INFO - DAG(s) 'tutorial_taskflow_api_virtualenv' retrieved from /home/airflow/.local/lib/python3.8/site-packages/airflow/example_dags/tutorial_taskflow_api_virtualenv.py
[2026-08-21T12:06:53.117+0000] {logging_mixin.py:188} INFO - [2026-08-21T12:06:53.116+0000] {dag.py:3036} INFO - Sync 1 DAGs
[2026-08-21T12:06:53.133+0000] {logging_mixin.py:188} INFO - [2026-08-21T12:06:53.132+0000] {dag.py:3823} INFO - Setting next_dagrun for tutorial_taskflow_api_virtualenv to None, run_after=None
[2026-08-21T12:06:53.157+0000] {processor.py:183} INFO - Processing /home/airflow/.local/lib/python3.8/site-packages/airflow/example_dags/tutorial_taskflow_api_virtualenv.py took 0.088 seconds
[2026-08-21T12:07:23.641+0000] {processor.py:161} INFO - Started process (PID=3270) to work on /home/airflow/.local/lib/python3.8/site-packages/airflow/example_dags/tutorial_taskflow_api_virtualenv.py
[2026-08-21T12:07:23.642+0000] {processor.py:830} INFO - Processing file /home/airflow/.local/lib/python3.8/site-packages/airflow/example_dags/tutorial_taskflow_api_virtualenv.py for tasks to queue
[2026-08-21T12:07:23.645+0000] {logging_mixin.py:188} INFO - [2026-08-21T12:07:23.644+0000] {dagbag.py:538} INFO - Filling up the DagBag from /home/airflow/.local/lib/python3.8/site-packages/airflow/example_dags/tutorial_taskflow_api_virtualenv.py
[2026-08-21T12:07:23.657+0000] {processor.py:840} INFO - DAG(s) 'tutorial_taskflow_api_virtualenv' retrieved from /home/airflow/.local/lib/python3.8/site-packages/airflow/example_dags/tutorial_taskflow_api_virtualenv.py
[2026-08-21T12:07:23.677+0000] {logging_mixin.py:188} INFO - [2026-08-21T12:07:23.677+0000] {dag.py:3036} INFO - Sync 1 DAGs
[2026-08-21T12:07:23.689+0000] {logging_mixin.py:188} INFO - [2026-08-21T12:07:23.689+0000] {dag.py:3823} INFO - Setting next_dagrun for tutorial_taskflow_api_virtualenv to None, run_after=None
[2026-08-21T12:07:23.708+0000] {processor.py:183} INFO - Processing /home/airflow/.local/lib/python3.8/site-packages/airflow/example_dags/tutorial_taskflow_api_virtualenv.py took 0.070 seconds
[2026-08-21T12:07:54.948+0000] {processor.py:161} INFO - Started process (PID=3357) to work on /home/airflow/.local/lib/python3.8/site-packages/airflow/example_dags/tutorial_taskflow_api_virtualenv.py
[2026-08-21T12:07:54.950+0000] {processor.py:830} INFO - Processing file /home/airflow/.local/lib/python3.8/site-packages/airflow/example_dags/tutorial_taskflow_api_virtualenv.py for tasks to queue
[2026-08-21T12:07:54.952+0000] {logging_mixin.py:188} INFO - [2026-08-21T12:07:54.951+0000] {dagbag.py:538} INFO - Filling up the DagBag from /home/airflow/.local/lib/python3.8/site-packages/airflow/example_dags/tutorial_taskflow_api_virtualenv.py
[2026-08-21T12:07:54.963+0000] {processor.py:840} INFO - DAG(s) 'tutorial_taskflow_api_virtualenv' retrieved from /home/airflow/.local/lib/python3.8/site-packages/airflow/example_dags/tutorial_taskflow_api_virtualenv.py
[2026-08-21T12:07:54.986+0000] {logging_mixin.py:188} INFO - [2026-08-21T12:07:54.986+0000] {dag.py:3036} INFO - Sync 1 DAGs
[2026-08-21T12:07:55.000+0000] {logging_mixin.py:188} INFO - [2026-08-21T12:07:55.000+0000] {dag.py:3823} INFO - Setting next_dagrun for tutorial_taskflow_api_virtualenv to None, run_after=None
[2026-08-21T12:07:55.030+0000] {processor.py:183} INFO - Processing /home/airflow/.local/lib/python3.8/site-packages/airflow/example_dags/tutorial_taskflow_api_virtualenv.py took 0.086 seconds
[2026-08-21T12:08:26.473+0000] {processor.py:161} INFO - Started process (PID=3446) to work on /home/airflow/.local/lib/python3.8/site-packages/airflow/example_dags/tutorial_taskflow_api_virtualenv.py
[2026-08-21T12:08:26.474+0000] {processor.py:830} INFO - Processing file /home/airflow/.local/lib/python3.8/site-packages/airflow/example_dags/tutorial_taskflow_api_virtualenv.py for tasks to queue
[2026-08-21T12:08:26.479+0000] {logging_mixin.py:188} INFO - [2026-08-21T12:08:26.477+0000] {dagbag.py:538} INFO - Filling up the DagBag from /home/airflow/.local/lib/python3.8/site-packages/airflow/example_dags/tutorial_taskflow_api_virtualenv.py
[2026-08-21T12:08:26.497+0000] {processor.py:840} INFO - DAG(s) 'tutorial_taskflow_api_virtualenv' retrieved from /home/airflow/.local/lib/python3.8/site-packages/airflow/example_dags/tutorial_taskflow_api_virtualenv.py
[2026-08-21T12:08:26.525+0000] {logging_mixin.py:188} INFO - [2026-08-21T12:08:26.524+0000] {dag.py:3036} INFO - Sync 1 DAGs
[2026-08-21T12:08:26.549+0000] {logging_mixin.py:188} INFO - [2026-08-21T12:08:26.548+0000] {dag.py:3823} INFO - Setting next_dagrun for tutorial_taskflow_api_virtualenv to None, run_after=None
[2026-08-21T12:08:26.588+0000] {processor.py:183} INFO - Processing /home/airflow/.local/lib/python3.8/site-packages/airflow/example_dags/tutorial_taskflow_api_virtualenv.py took 0.121 seconds
[2026-08-21T12:08:57.987+0000] {processor.py:161} INFO - Started process (PID=3537) to work on /home/airflow/.local/lib/python3.8/site-packages/airflow/example_dags/tutorial_taskflow_api_virtualenv.py
[2026-08-21T12:08:57.989+0000] {processor.py:830} INFO - Processing file /home/airflow/.local/lib/python3.8/site-packages/airflow/example_dags/tutorial_taskflow_api_virtualenv.py for tasks to queue
[2026-08-21T12:08:57.992+0000] {logging_mixin.py:188} INFO - [2026-08-21T12:08:57.992+0000] {dagbag.py:538} INFO - Filling up the DagBag from /home/airflow/.local/lib/python3.8/site-packages/airflow/example_dags/tutorial_taskflow_api_virtualenv.py
[2026-08-21T12:08:58.009+0000] {processor.py:840} INFO - DAG(s) 'tutorial_taskflow_api_virtualenv' retrieved from /home/airflow/.local/lib/python3.8/site-packages/airflow/example_dags/tutorial_taskflow_api_virtualenv.py
[2026-08-21T12:08:58.057+0000] {logging_mixin.py:188} INFO - [2026-08-21T12:08:58.057+0000] {dag.py:3036} INFO - Sync 1 DAGs
[2026-08-21T12:08:58.090+0000] {logging_mixin.py:188} INFO - [2026-08-21T12:08:58.088+0000] {dag.py:3823} INFO - Setting next_dagrun for tutorial_taskflow_api_virtualenv to None, run_after=None
[2026-08-21T12:08:58.130+0000] {processor.py:183} INFO - Processing /home/airflow/.local/lib/python3.8/site-packages/airflow/example_dags/tutorial_taskflow_api_virtualenv.py took 0.147 seconds
[2026-08-21T12:09:28.254+0000] {processor.py:161} INFO - Started process (PID=3624) to work on /home/airflow/.local/lib/python3.8/site-packages/airflow/example_dags/tutorial_taskflow_api_virtualenv.py
[2026-08-21T12:09:28.256+0000] {processor.py:830} INFO - Processing file /home/airflow/.local/lib/python3.8/site-packages/airflow/example_dags/tutorial_taskflow_api_virtualenv.py for tasks to queue
[2026-08-21T12:09:28.258+0000] {logging_mixin.py:188} INFO - [2026-08-21T12:09:28.258+0000] {dagbag.py:538} INFO - Filling up the DagBag from /home/airflow/.local/lib/python3.8/site-packages/airflow/example_dags/tutorial_taskflow_api_virtualenv.py
[2026-08-21T12:09:28.269+0000] {processor.py:840} INFO - DAG(s) 'tutorial_taskflow_api_virtualenv' retrieved from /home/airflow/.local/lib/python3.8/site-packages/airflow/example_dags/tutorial_taskflow_api_virtualenv.py
[2026-08-21T12:09:28.293+0000] {logging_mixin.py:188} INFO - [2026-08-21T12:09:28.293+0000] {dag.py:3036} INFO - Sync 1 DAGs
[2026-08-21T12:09:28.307+0000] {logging_mixin.py:188} INFO - [2026-08-21T12:09:28.307+0000] {dag.py:3823} INFO - Setting next_dagrun for tutorial_taskflow_api_virtualenv to None, run_after=None
[2026-08-21T12:09:28.330+0000] {processor.py:183} INFO - Processing /home/airflow/.local/lib/python3.8/site-packages/airflow/example_dags/tutorial_taskflow_api_virtualenv.py took 0.079 seconds
[2026-08-21T12:09:58.774+0000] {processor.py:161} INFO - Started process (PID=3711) to work on /home/airflow/.local/lib/python3.8/site-packages/airflow/example_dags/tutorial_taskflow_api_virtualenv.py
[2026-08-21T12:09:58.775+0000] {processor.py:830} INFO - Processing file /home/airflow/.local/lib/python3.8/site-packages/airflow/example_dags/tutorial_taskflow_api_virtualenv.py for tasks to queue
[2026-08-21T12:09:58.779+0000] {logging_mixin.py:188} INFO - [2026-08-21T12:09:58.779+0000] {dagbag.py:538} INFO - Filling up the DagBag from /home/airflow/.local/lib/python3.8/site-packages/airflow/example_dags/tutorial_taskflow_api_virtualenv.py
[2026-08-21T12:09:58.789+0000] {processor.py:840} INFO - DAG(s) 'tutorial_taskflow_api_virtualenv' retrieved from /home/airflow/.local/lib/python3.8/site-packages/airflow/example_dags/tutorial_taskflow_api_virtualenv.py
[2026-08-21T12:09:58.811+0000] {logging_mixin.py:188} INFO - [2026-08-21T12:09:58.810+0000] {dag.py:3036} INFO - Sync 1 DAGs
[2026-08-21T12:09:58.823+0000] {logging_mixin.py:188} INFO - [2026-08-21T12:09:58.823+0000] {dag.py:3823} INFO - Setting next_dagrun for tutorial_taskflow_api_virtualenv to None, run_after=None
[2026-08-21T12:09:58.843+0000] {processor.py:183} INFO - Processing /home/airflow/.local/lib/python3.8/site-packages/airflow/example_dags/tutorial_taskflow_api_virtualenv.py took 0.072 seconds
[2026-08-21T12:10:30.314+0000] {processor.py:161} INFO - Started process (PID=3802) to work on /home/airflow/.local/lib/python3.8/site-packages/airflow/example_dags/tutorial_taskflow_api_virtualenv.py
[2026-08-21T12:10:30.315+0000] {processor.py:830} INFO - Processing file /home/airflow/.local/lib/python3.8/site-packages/airflow/example_dags/tutorial_taskflow_api_virtualenv.py for tasks to queue
[2026-08-21T12:10:30.318+0000] {logging_mixin.py:188} INFO - [2026-08-21T12:10:30.318+0000] {dagbag.py:538} INFO - Filling up the DagBag from /home/airflow/.local/lib/python3.8/site-packages/airflow/example_dags/tutorial_taskflow_api_virtualenv.py
[2026-08-21T12:10:30.331+0000] {processor.py:840} INFO - DAG(s) 'tutorial_taskflow_api_virtualenv' retrieved from /home/airflow/.local/lib/python3.8/site-packages/airflow/example_dags/tutorial_taskflow_api_virtualenv.py
[2026-08-21T12:10:30.355+0000] {logging_mixin.py:188} INFO - [2026-08-21T12:10:30.355+0000] {dag.py:3036} INFO - Sync 1 DAGs
[2026-08-21T12:10:30.368+0000] {logging_mixin.py:188} INFO - [2026-08-21T12:10:30.368+0000] {dag.py:3823} INFO - Setting next_dagrun for tutorial_taskflow_api_virtualenv to None, run_after=None
[2026-08-21T12:10:30.391+0000] {processor.py:183} INFO - Processing /home/airflow/.local/lib/python3.8/site-packages/airflow/example_dags/tutorial_taskflow_api_virtualenv.py took 0.081 seconds
[2026-08-21T12:11:00.967+0000] {processor.py:161} INFO - Started process (PID=3890) to work on /home/airflow/.local/lib/python3.8/site-packages/airflow/example_dags/tutorial_taskflow_api_virtualenv.py
[2026-08-21T12:11:00.969+0000] {processor.py:830} INFO - Processing file /home/airflow/.local/lib/python3.8/site-packages/airflow/example_dags/tutorial_taskflow_api_virtualenv.py for tasks to queue
[2026-08-21T12:11:00.973+0000] {logging_mixin.py:188} INFO - [2026-08-21T12:11:00.972+0000] {dagbag.py:538} INFO - Filling up the DagBag from /home/airflow/.local/lib/python3.8/site-packages/airflow/example_dags/tutorial_taskflow_api_virtualenv.py
[2026-08-21T12:11:00.988+0000] {processor.py:840} INFO - DAG(s) 'tutorial_taskflow_api_virtualenv' retrieved from /home/airflow/.local/lib/python3.8/site-packages/airflow/example_dags/tutorial_taskflow_api_virtualenv.py
[2026-08-21T12:11:01.022+0000] {logging_mixin.py:188} INFO - [2026-08-21T12:11:01.022+0000] {dag.py:3036} INFO - Sync 1 DAGs
[2026-08-21T12:11:01.036+0000] {logging_mixin.py:188} INFO - [2026-08-21T12:11:01.036+0000] {dag.py:3823} INFO - Setting next_dagrun for tutorial_taskflow_api_virtualenv to None, run_after=None
[2026-08-21T12:11:01.060+0000] {processor.py:183} INFO - Processing /home/airflow/.local/lib/python3.8/site-packages/airflow/example_dags/tutorial_taskflow_api_virtualenv.py took 0.099 seconds
[2026-08-21T12:11:32.103+0000] {processor.py:161} INFO - Started process (PID=3977) to work on /home/airflow/.local/lib/python3.8/site-packages/airflow/example_dags/tutorial_taskflow_api_virtualenv.py
[2026-08-21T12:11:32.104+0000] {processor.py:830} INFO - Processing file /home/airflow/.local/lib/python3.8/site-packages/airflow/example_dags/tutorial_taskflow_api_virtualenv.py for tasks to queue
[2026-08-21T12:11:32.106+0000] {logging_mixin.py:188} INFO - [2026-08-21T12:11:32.106+0000] {dagbag.py:538} INFO - Filling up the DagBag from /home/airflow/.local/lib/python3.8/site-packages/airflow/example_dags/tutorial_taskflow_api_virtualenv.py
[2026-08-21T12:11:32.118+0000] {processor.py:840} INFO - DAG(s) 'tutorial_taskflow_api_virtualenv' retrieved from /home/airflow/.local/lib/python3.8/site-packages/airflow/example_dags/tutorial_taskflow_api_virtualenv.py
[2026-08-21T12:11:32.139+0000] {logging_mixin.py:188} INFO - [2026-08-21T12:11:32.138+0000] {dag.py:3036} INFO - Sync 1 DAGs
[2026-08-21T12:11:32.150+0000] {logging_mixin.py:188} INFO - [2026-08-21T12:11:32.150+0000] {dag.py:3823} INFO - Setting next_dagrun for tutorial_taskflow_api_virtualenv to None, run_after=None
[2026-08-21T12:11:32.171+0000] {processor.py:183} INFO - Processing /home/airflow/.local/lib/python3.8/site-packages/airflow/example_dags/tutorial_taskflow_api_virtualenv.py took 0.072 seconds
[2026-08-21T12:12:02.752+0000] {processor.py:161} INFO - Started process (PID=4064) to work on /home/airflow/.local/lib/python3.8/site-packages/airflow/example_dags/tutorial_taskflow_api_virtualenv.py
[2026-08-21T12:12:02.754+0000] {processor.py:830} INFO - Processing file /home/airflow/.local/lib/python3.8/site-packages/airflow/example_dags/tutorial_taskflow_api_virtualenv.py for tasks to queue
[2026-08-21T12:12:02.756+0000] {logging_mixin.py:188} INFO - [2026-08-21T12:12:02.756+0000] {dagbag.py:538} INFO - Filling up the DagBag from /home/airflow/.local/lib/python3.8/site-packages/airflow/example_dags/tutorial_taskflow_api_virtualenv.py
[2026-08-21T12:12:02.768+0000] {processor.py:840} INFO - DAG(s) 'tutorial_taskflow_api_virtualenv' retrieved from /home/airflow/.local/lib/python3.8/site-packages/airflow/example_dags/tutorial_taskflow_api_virtualenv.py
[2026-08-21T12:12:02.791+0000] {logging_mixin.py:188} INFO - [2026-08-21T12:12:02.791+0000] {dag.py:3036} INFO - Sync 1 DAGs
[2026-08-21T12:12:02.807+0000] {logging_mixin.py:188} INFO - [2026-08-21T12:12:02.806+0000] {dag.py:3823} INFO - Setting next_dagrun for tutorial_taskflow_api_virtualenv to None, run_after=None
[2026-08-21T12:12:02.831+0000] {processor.py:183} INFO - Processing /home/airflow/.local/lib/python3.8/site-packages/airflow/example_dags/tutorial_taskflow_api_virtualenv.py took 0.083 seconds
[2026-08-21T12:12:33.621+0000] {processor.py:161} INFO - Started process (PID=4151) to work on /home/airflow/.local/lib/python3.8/site-packages/airflow/example_dags/tutorial_taskflow_api_virtualenv.py
[2026-08-21T12:12:33.622+0000] {processor.py:830} INFO - Processing file /home/airflow/.local/lib/python3.8/site-packages/airflow/example_dags/tutorial_taskflow_api_virtualenv.py for tasks to queue
[2026-08-21T12:12:33.624+0000] {logging_mixin.py:188} INFO - [2026-08-21T12:12:33.624+0000] {dagbag.py:538} INFO - Filling up the DagBag from /home/airflow/.local/lib/python3.8/site-packages/airflow/example_dags/tutorial_taskflow_api_virtualenv.py
[2026-08-21T12:12:33.635+0000] {processor.py:840} INFO - DAG(s) 'tutorial_taskflow_api_virtualenv' retrieved from /home/airflow/.local/lib/python3.8/site-packages/airflow/example_dags/tutorial_taskflow_api_virtualenv.py
[2026-08-21T12:12:33.656+0000] {logging_mixin.py:188} INFO - [2026-08-21T12:12:33.655+0000] {dag.py:3036} INFO - Sync 1 DAGs
[2026-08-21T12:12:33.667+0000] {logging_mixin.py:188} INFO - [2026-08-21T12:12:33.667+0000] {dag.py:3823} INFO - Setting next_dagrun for tutorial_taskflow_api_virtualenv to None, run_after=None
[2026-08-21T12:12:33.686+0000] {processor.py:183} INFO - Processing /home/airflow/.local/lib/python3.8/site-packages/airflow/example_dags/tutorial_taskflow_api_virtualenv.py took 0.068 seconds
[2026-08-21T12:13:04.265+0000] {processor.py:161} INFO - Started process (PID=4238) to work on /home/airflow/.local/lib/python3.8/site-packages/airflow/example_dags/tutorial_taskflow_api_virtualenv.py
[2026-08-21T12:13:04.266+0000] {processor.py:830} INFO - Processing file /home/airflow/.local/lib/python3.8/site-packages/airflow/example_dags/tutorial_taskflow_api_virtualenv.py for tasks to queue
[2026-08-21T12:13:04.268+0000] {logging_mixin.py:188} INFO - [2026-08-21T12:13:04.268+0000] {dagbag.py:538} INFO - Filling up the DagBag from /home/airflow/.local/lib/python3.8/site-packages/airflow/example_dags/tutorial_taskflow_api_virtualenv.py
[2026-08-21T12:13:04.278+0000] {processor.py:840} INFO - DAG(s) 'tutorial_taskflow_api_virtualenv' retrieved from /home/airflow/.local/lib/python3.8/site-packages/airflow/example_dags/tutorial_taskflow_api_virtualenv.py
[2026-08-21T12:13:04.299+0000] {logging_mixin.py:188} INFO - [2026-08-21T12:13:04.298+0000] {dag.py:3036} INFO - Sync 1 DAGs
[2026-08-21T12:13:04.310+0000] {logging_mixin.py:188} INFO - [2026-08-21T12:13:04.310+0000] {dag.py:3823} INFO - Setting next_dagrun for tutorial_taskflow_api_virtualenv to None, run_after=None
[2026-08-21T12:13:04.328+0000] {processor.py:183} INFO - Processing /home/airflow/.local/lib/python3.8/site-packages/airflow/example_dags/tutorial_taskflow_api_virtualenv.py took 0.067 seconds
[2026-08-21T12:13:34.685+0000] {processor.py:161} INFO - Started process (PID=4325) to work on /home/airflow/.local/lib/python3.8/site-packages/airflow/example_dags/tutorial_taskflow_api_virtualenv.py
[2026-08-21T12:13:34.686+0000] {processor.py:830} INFO - Processing file /home/airflow/.local/lib/python3.8/site-packages/airflow/example_dags/tutorial_taskflow_api_virtualenv.py for tasks to queue
[2026-08-21T12:13:34.688+0000] {logging_mixin.py:188} INFO - [2026-08-21T12:13:34.688+0000] {dagbag.py:538} INFO - Filling up the DagBag from /home/airflow/.local/lib/python3.8/site-packages/airflow/example_dags/tutorial_taskflow_api_virtualenv.py
[2026-08-21T12:13:34.699+0000] {processor.py:840} INFO - DAG(s) 'tutorial_taskflow_api_virtualenv' retrieved from /home/airflow/.local/lib/python3.8/site-packages/airflow/example_dags/tutorial_taskflow_api_virtualenv.py
[2026-08-21T12:13:34.721+0000] {logging_mixin.py:188} INFO - [2026-08-21T12:13:34.721+0000] {dag.py:3036} INFO - Sync 1 DAGs
[2026-08-21T12:13:34.733+0000] {logging_mixin.py:188} INFO - [2026-08-21T12:13:34.733+0000] {dag.py:3823} INFO - Setting next_dagrun for tutorial_taskflow_api_virtualenv to None, run_after=None
[2026-08-21T12:13:34.753+0000] {processor.py:183} INFO - Processing /home/airflow/.local/lib/python3.8/site-packages/airflow/example_dags/tutorial_taskflow_api_virtualenv.py took 0.072 seconds
[2026-08-21T12:14:06.519+0000] {processor.py:161} INFO - Started process (PID=4413) to work on /home/airflow/.local/lib/python3.8/site-packages/airflow/example_dags/tutorial_taskflow_api_virtualenv.py
[2026-08-21T12:14:06.520+0000] {processor.py:830} INFO - Processing file /home/airflow/.local/lib/python3.8/site-packages/airflow/example_dags/tutorial_taskflow_api_virtualenv.py for tasks to queue
[2026-08-21T12:14:06.523+0000] {logging_mixin.py:188} INFO - [2026-08-21T12:14:06.523+0000] {dagbag.py:538} INFO - Filling up the DagBag from /home/airflow/.local/lib/python3.8/site-packages/airflow/example_dags/tutorial_taskflow_api_virtualenv.py
[2026-08-21T12:14:06.541+0000] {processor.py:840} INFO - DAG(s) 'tutorial_taskflow_api_virtualenv' retrieved from /home/airflow/.local/lib/python3.8/site-packages/airflow/example_dags/tutorial_taskflow_api_virtualenv.py
[2026-08-21T12:14:06.573+0000] {logging_mixin.py:188} INFO - [2026-08-21T12:14:06.573+0000] {dag.py:3036} INFO - Sync 1 DAGs
[2026-08-21T12:14:06.596+0000] {logging_mixin.py:188} INFO - [2026-08-21T12:14:06.596+0000] {dag.py:3823} INFO - Setting next_dagrun for tutorial_taskflow_api_virtualenv to None, run_after=None
[2026-08-21T12:14:06.636+0000] {processor.py:183} INFO - Processing /home/airflow/.local/lib/python3.8/site-packages/airflow/example_dags/tutorial_taskflow_api_virtualenv.py took 0.121 seconds
[2026-08-21T12:14:37.132+0000] {processor.py:161} INFO - Started process (PID=4500) to work on /home/airflow/.local/lib/python3.8/site-packages/airflow/example_dags/tutorial_taskflow_api_virtualenv.py
[2026-08-21T12:14:37.133+0000] {processor.py:830} INFO - Processing file /home/airflow/.local/lib/python3.8/site-packages/airflow/example_dags/tutorial_taskflow_api_virtualenv.py for tasks to queue
[2026-08-21T12:14:37.138+0000] {logging_mixin.py:188} INFO - [2026-08-21T12:14:37.138+0000] {dagbag.py:538} INFO - Filling up the DagBag from /home/airflow/.local/lib/python3.8/site-packages/airflow/example_dags/tutorial_taskflow_api_virtualenv.py
[2026-08-21T12:14:37.150+0000] {processor.py:840} INFO - DAG(s) 'tutorial_taskflow_api_virtualenv' retrieved from /home/airflow/.local/lib/python3.8/site-packages/airflow/example_dags/tutorial_taskflow_api_virtualenv.py
[2026-08-21T12:14:37.172+0000] {logging_mixin.py:188} INFO - [2026-08-21T12:14:37.172+0000] {dag.py:3036} INFO - Sync 1 DAGs
[2026-08-21T12:14:37.187+0000] {logging_mixin.py:188} INFO - [2026-08-21T12:14:37.187+0000] {dag.py:3823} INFO - Setting next_dagrun for tutorial_taskflow_api_virtualenv to None, run_after=None
[2026-08-21T12:14:37.208+0000] {processor.py:183} INFO - Processing /home/airflow/.local/lib/python3.8/site-packages/airflow/example_dags/tutorial_taskflow_api_virtualenv.py took 0.080 seconds
[2026-08-21T12:15:08.061+0000] {processor.py:161} INFO - Started process (PID=4587) to work on /home/airflow/.local/lib/python3.8/site-packages/airflow/example_dags/tutorial_taskflow_api_virtualenv.py
[2026-08-21T12:15:08.062+0000] {processor.py:830} INFO - Processing file /home/airflow/.local/lib/python3.8/site-packages/airflow/example_dags/tutorial_taskflow_api_virtualenv.py for tasks to queue
[2026-08-21T12:15:08.064+0000] {logging_mixin.py:188} INFO - [2026-08-21T12:15:08.064+0000] {dagbag.py:538} INFO - Filling up the DagBag from /home/airflow/.local/lib/python3.8/site-packages/airflow/example_dags/tutorial_taskflow_api_virtualenv.py
[2026-08-21T12:15:08.076+0000] {processor.py:840} INFO - DAG(s) 'tutorial_taskflow_api_virtualenv' retrieved from /home/airflow/.local/lib/python3.8/site-packages/airflow/example_dags/tutorial_taskflow_api_virtualenv.py
[2026-08-21T12:15:08.096+0000] {logging_mixin.py:188} INFO - [2026-08-21T12:15:08.096+0000] {dag.py:3036} INFO - Sync 1 DAGs
[2026-08-21T12:15:08.108+0000] {logging_mixin.py:188} INFO - [2026-08-21T12:15:08.108+0000] {dag.py:3823} INFO - Setting next_dagrun for tutorial_taskflow_api_virtualenv to None, run_after=None
[2026-08-21T12:15:08.130+0000] {processor.py:183} INFO - Processing /home/airflow/.local/lib/python3.8/site-packages/airflow/example_dags/tutorial_taskflow_api_virtualenv.py took 0.072 seconds
[2026-08-21T12:15:38.420+0000] {processor.py:161} INFO - Started process (PID=4674) to work on /home/airflow/.local/lib/python3.8/site-packages/airflow/example_dags/tutorial_taskflow_api_virtualenv.py
[2026-08-21T12:15:38.421+0000] {processor.py:830} INFO - Processing file /home/airflow/.local/lib/python3.8/site-packages/airflow/example_dags/tutorial_taskflow_api_virtualenv.py for tasks to queue
[2026-08-21T12:15:38.424+0000] {logging_mixin.py:188} INFO - [2026-08-21T12:15:38.424+0000] {dagbag.py:538} INFO - Filling up the DagBag from /home/airflow/.local/lib/python3.8/site-packages/airflow/example_dags/tutorial_taskflow_api_virtualenv.py
[2026-08-21T12:15:38.436+0000] {processor.py:840} INFO - DAG(s) 'tutorial_taskflow_api_virtualenv' retrieved from /home/airflow/.local/lib/python3.8/site-packages/airflow/example_dags/tutorial_taskflow_api_virtualenv.py
[2026-08-21T12:15:38.456+0000] {logging_mixin.py:188} INFO - [2026-08-21T12:15:38.456+0000] {dag.py:3036} INFO - Sync 1 DAGs
[2026-08-21T12:15:38.467+0000] {logging_mixin.py:188} INFO - [2026-08-21T12:15:38.467+0000] {dag.py:3823} INFO - Setting next_dagrun for tutorial_taskflow_api_virtualenv to None, run_after=None
[2026-08-21T12:15:38.483+0000] {processor.py:183} INFO - Processing /home/airflow/.local/lib/python3.8/site-packages/airflow/example_dags/tutorial_taskflow_api_virtualenv.py took 0.068 seconds
[2026-08-21T12:16:09.248+0000] {processor.py:161} INFO - Started process (PID=4761) to work on /home/airflow/.local/lib/python3.8/site-packages/airflow/example_dags/tutorial_taskflow_api_virtualenv.py
[2026-08-21T12:16:09.250+0000] {processor.py:830} INFO - Processing file /home/airflow/.local/lib/python3.8/site-packages/airflow/example_dags/tutorial_taskflow_api_virtualenv.py for tasks to queue
[2026-08-21T12:16:09.252+0000] {logging_mixin.py:188} INFO - [2026-08-21T12:16:09.251+0000] {dagbag.py:538} INFO - Filling up the DagBag from /home/airflow/.local/lib/python3.8/site-packages/airflow/example_dags/tutorial_taskflow_api_virtualenv.py
[2026-08-21T12:16:09.263+0000] {processor.py:840} INFO - DAG(s) 'tutorial_taskflow_api_virtualenv' retrieved from /home/airflow/.local/lib/python3.8/site-packages/airflow/example_dags/tutorial_taskflow_api_virtualenv.py
[2026-08-21T12:16:09.283+0000] {logging_mixin.py:188} INFO - [2026-08-21T12:16:09.283+0000] {dag.py:3036} INFO - Sync 1 DAGs
[2026-08-21T12:16:09.296+0000] {logging_mixin.py:188} INFO - [2026-08-21T12:16:09.296+0000] {dag.py:3823} INFO - Setting next_dagrun for tutorial_taskflow_api_virtualenv to None, run_after=None
[2026-08-21T12:16:09.315+0000] {processor.py:183} INFO - Processing /home/airflow/.local/lib/python3.8/site-packages/airflow/example_dags/tutorial_taskflow_api_virtualenv.py took 0.070 seconds
[2026-08-21T12:16:40.548+0000] {processor.py:161} INFO - Started process (PID=4849) to work on /home/airflow/.local/lib/python3.8/site-packages/airflow/example_dags/tutorial_taskflow_api_virtualenv.py
[2026-08-21T12:16:40.552+0000] {processor.py:830} INFO - Processing file /home/airflow/.local/lib/python3.8/site-packages/airflow/example_dags/tutorial_taskflow_api_virtualenv.py for tasks to queue
[2026-08-21T12:16:40.555+0000] {logging_mixin.py:188} INFO - [2026-08-21T12:16:40.554+0000] {dagbag.py:538} INFO - Filling up the DagBag from /home/airflow/.local/lib/python3.8/site-packages/airflow/example_dags/tutorial_taskflow_api_virtualenv.py
[2026-08-21T12:16:40.571+0000] {processor.py:840} INFO - DAG(s) 'tutorial_taskflow_api_virtualenv' retrieved from /home/airflow/.local/lib/python3.8/site-packages/airflow/example_dags/tutorial_taskflow_api_virtualenv.py
[2026-08-21T12:16:40.601+0000] {logging_mixin.py:188} INFO - [2026-08-21T12:16:40.600+0000] {dag.py:3036} INFO - Sync 1 DAGs
[2026-08-21T12:16:40.617+0000] {logging_mixin.py:188} INFO - [2026-08-21T12:16:40.617+0000] {dag.py:3823} INFO - Setting next_dagrun for tutorial_taskflow_api_virtualenv to None, run_after=None
[2026-08-21T12:16:40.640+0000] {processor.py:183} INFO - Processing /home/airflow/.local/lib/python3.8/site-packages/airflow/example_dags/tutorial_taskflow_api_virtualenv.py took 0.098 seconds
[2026-08-21T12:17:10.797+0000] {processor.py:161} INFO - Started process (PID=4934) to work on /home/airflow/.local/lib/python3.8/site-packages/airflow/example_dags/tutorial_taskflow_api_virtualenv.py
[2026-08-21T12:17:10.798+0000] {processor.py:830} INFO - Processing file /home/airflow/.local/lib/python3.8/site-packages/airflow/example_dags/tutorial_taskflow_api_virtualenv.py for tasks to queue
[2026-08-21T12:17:10.801+0000] {logging_mixin.py:188} INFO - [2026-08-21T12:17:10.801+0000] {dagbag.py:538} INFO - Filling up the DagBag from /home/airflow/.local/lib/python3.8/site-packages/airflow/example_dags/tutorial_taskflow_api_virtualenv.py
[2026-08-21T12:17:10.814+0000] {processor.py:840} INFO - DAG(s) 'tutorial_taskflow_api_virtualenv' retrieved from /home/airflow/.local/lib/python3.8/site-packages/airflow/example_dags/tutorial_taskflow_api_virtualenv.py
[2026-08-21T12:17:10.841+0000] {logging_mixin.py:188} INFO - [2026-08-21T12:17:10.841+0000] {dag.py:3036} INFO - Sync 1 DAGs
[2026-08-21T12:17:10.859+0000] {logging_mixin.py:188} INFO - [2026-08-21T12:17:10.859+0000] {dag.py:3823} INFO - Setting next_dagrun for tutorial_taskflow_api_virtualenv to None, run_after=None
[2026-08-21T12:17:10.882+0000] {processor.py:183} INFO - Processing /home/airflow/.local/lib/python3.8/site-packages/airflow/example_dags/tutorial_taskflow_api_virtualenv.py took 0.088 seconds
[2026-08-21T12:17:40.932+0000] {processor.py:161} INFO - Started process (PID=5021) to work on /home/airflow/.local/lib/python3.8/site-packages/airflow/example_dags/tutorial_taskflow_api_virtualenv.py
[2026-08-21T12:17:40.934+0000] {processor.py:830} INFO - Processing file /home/airflow/.local/lib/python3.8/site-packages/airflow/example_dags/tutorial_taskflow_api_virtualenv.py for tasks to queue
[2026-08-21T12:17:40.936+0000] {logging_mixin.py:188} INFO - [2026-08-21T12:17:40.936+0000] {dagbag.py:538} INFO - Filling up the DagBag from /home/airflow/.local/lib/python3.8/site-packages/airflow/example_dags/tutorial_taskflow_api_virtualenv.py
[2026-08-21T12:17:40.948+0000] {processor.py:840} INFO - DAG(s) 'tutorial_taskflow_api_virtualenv' retrieved from /home/airflow/.local/lib/python3.8/site-packages/airflow/example_dags/tutorial_taskflow_api_virtualenv.py
[2026-08-21T12:17:40.968+0000] {logging_mixin.py:188} INFO - [2026-08-21T12:17:40.968+0000] {dag.py:3036} INFO - Sync 1 DAGs
[2026-08-21T12:17:40.980+0000] {logging_mixin.py:188} INFO - [2026-08-21T12:17:40.980+0000] {dag.py:3823} INFO - Setting next_dagrun for tutorial_taskflow_api_virtualenv to None, run_after=None
[2026-08-21T12:17:40.997+0000] {processor.py:183} INFO - Processing /home/airflow/.local/lib/python3.8/site-packages/airflow/example_dags/tutorial_taskflow_api_virtualenv.py took 0.069 seconds
[2026-08-21T12:18:12.544+0000] {processor.py:161} INFO - Started process (PID=5109) to work on /home/airflow/.local/lib/python3.8/site-packages/airflow/example_dags/tutorial_taskflow_api_virtualenv.py
[2026-08-21T12:18:12.546+0000] {processor.py:830} INFO - Processing file /home/airflow/.local/lib/python3.8/site-packages/airflow/example_dags/tutorial_taskflow_api_virtualenv.py for tasks to queue
[2026-08-21T12:18:12.548+0000] {logging_mixin.py:188} INFO - [2026-08-21T12:18:12.548+0000] {dagbag.py:538} INFO - Filling up the DagBag from /home/airflow/.local/lib/python3.8/site-packages/airflow/example_dags/tutorial_taskflow_api_virtualenv.py
[2026-08-21T12:18:12.559+0000] {processor.py:840} INFO - DAG(s) 'tutorial_taskflow_api_virtualenv' retrieved from /home/airflow/.local/lib/python3.8/site-packages/airflow/example_dags/tutorial_taskflow_api_virtualenv.py
[2026-08-21T12:18:12.584+0000] {logging_mixin.py:188} INFO - [2026-08-21T12:18:12.584+0000] {dag.py:3036} INFO - Sync 1 DAGs
[2026-08-21T12:18:12.597+0000] {logging_mixin.py:188} INFO - [2026-08-21T12:18:12.597+0000] {dag.py:3823} INFO - Setting next_dagrun for tutorial_taskflow_api_virtualenv to None, run_after=None
[2026-08-21T12:18:12.615+0000] {processor.py:183} INFO - Processing /home/airflow/.local/lib/python3.8/site-packages/airflow/example_dags/tutorial_taskflow_api_virtualenv.py took 0.075 seconds
[2026-08-21T12:18:43.135+0000] {processor.py:161} INFO - Started process (PID=5196) to work on /home/airflow/.local/lib/python3.8/site-packages/airflow/example_dags/tutorial_taskflow_api_virtualenv.py
[2026-08-21T12:18:43.137+0000] {processor.py:830} INFO - Processing file /home/airflow/.local/lib/python3.8/site-packages/airflow/example_dags/tutorial_taskflow_api_virtualenv.py for tasks to queue
[2026-08-21T12:18:43.139+0000] {logging_mixin.py:188} INFO - [2026-08-21T12:18:43.139+0000] {dagbag.py:538} INFO - Filling up the DagBag from /home/airflow/.local/lib/python3.8/site-packages/airflow/example_dags/tutorial_taskflow_api_virtualenv.py
[2026-08-21T12:18:43.150+0000] {processor.py:840} INFO - DAG(s) 'tutorial_taskflow_api_virtualenv' retrieved from /home/airflow/.local/lib/python3.8/site-packages/airflow/example_dags/tutorial_taskflow_api_virtualenv.py
[2026-08-21T12:18:43.181+0000] {logging_mixin.py:188} INFO - [2026-08-21T12:18:43.180+0000] {dag.py:3036} INFO - Sync 1 DAGs
[2026-08-21T12:18:43.201+0000] {logging_mixin.py:188} INFO - [2026-08-21T12:18:43.200+0000] {dag.py:3823} INFO - Setting next_dagrun for tutorial_taskflow_api_virtualenv to None, run_after=None
[2026-08-21T12:18:43.225+0000] {processor.py:183} INFO - Processing /home/airflow/.local/lib/python3.8/site-packages/airflow/example_dags/tutorial_taskflow_api_virtualenv.py took 0.093 seconds
[2026-08-21T12:19:13.721+0000] {processor.py:161} INFO - Started process (PID=5284) to work on /home/airflow/.local/lib/python3.8/site-packages/airflow/example_dags/tutorial_taskflow_api_virtualenv.py
[2026-08-21T12:19:13.723+0000] {processor.py:830} INFO - Processing file /home/airflow/.local/lib/python3.8/site-packages/airflow/example_dags/tutorial_taskflow_api_virtualenv.py for tasks to queue
[2026-08-21T12:19:13.725+0000] {logging_mixin.py:188} INFO - [2026-08-21T12:19:13.725+0000] {dagbag.py:538} INFO - Filling up the DagBag from /home/airflow/.local/lib/python3.8/site-packages/airflow/example_dags/tutorial_taskflow_api_virtualenv.py
[2026-08-21T12:19:13.735+0000] {processor.py:840} INFO - DAG(s) 'tutorial_taskflow_api_virtualenv' retrieved from /home/airflow/.local/lib/python3.8/site-packages/airflow/example_dags/tutorial_taskflow_api_virtualenv.py
[2026-08-21T12:19:13.755+0000] {logging_mixin.py:188} INFO - [2026-08-21T12:19:13.755+0000] {dag.py:3036} INFO - Sync 1 DAGs
[2026-08-21T12:19:13.768+0000] {logging_mixin.py:188} INFO - [2026-08-21T12:19:13.767+0000] {dag.py:3823} INFO - Setting next_dagrun for tutorial_taskflow_api_virtualenv to None, run_after=None
[2026-08-21T12:19:13.785+0000] {processor.py:183} INFO - Processing /home/airflow/.local/lib/python3.8/site-packages/airflow/example_dags/tutorial_taskflow_api_virtualenv.py took 0.068 seconds
[2026-08-21T12:19:43.967+0000] {processor.py:161} INFO - Started process (PID=5369) to work on /home/airflow/.local/lib/python3.8/site-packages/airflow/example_dags/tutorial_taskflow_api_virtualenv.py
[2026-08-21T12:19:43.969+0000] {processor.py:830} INFO - Processing file /home/airflow/.local/lib/python3.8/site-packages/airflow/example_dags/tutorial_taskflow_api_virtualenv.py for tasks to queue
[2026-08-21T12:19:43.971+0000] {logging_mixin.py:188} INFO - [2026-08-21T12:19:43.970+0000] {dagbag.py:538} INFO - Filling up the DagBag from /home/airflow/.local/lib/python3.8/site-packages/airflow/example_dags/tutorial_taskflow_api_virtualenv.py
[2026-08-21T12:19:43.983+0000] {processor.py:840} INFO - DAG(s) 'tutorial_taskflow_api_virtualenv' retrieved from /home/airflow/.local/lib/python3.8/site-packages/airflow/example_dags/tutorial_taskflow_api_virtualenv.py
[2026-08-21T12:19:44.008+0000] {logging_mixin.py:188} INFO - [2026-08-21T12:19:44.008+0000] {dag.py:3036} INFO - Sync 1 DAGs
[2026-08-21T12:19:44.025+0000] {logging_mixin.py:188} INFO - [2026-08-21T12:19:44.025+0000] {dag.py:3823} INFO - Setting next_dagrun for tutorial_taskflow_api_virtualenv to None, run_after=None
[2026-08-21T12:19:44.047+0000] {processor.py:183} INFO - Processing /home/airflow/.local/lib/python3.8/site-packages/airflow/example_dags/tutorial_taskflow_api_virtualenv.py took 0.083 seconds
[2026-08-21T12:20:19.857+0000] {processor.py:161} INFO - Started process (PID=5462) to work on /home/airflow/.local/lib/python3.8/site-packages/airflow/example_dags/tutorial_taskflow_api_virtualenv.py
[2026-08-21T12:20:19.888+0000] {processor.py:830} INFO - Processing file /home/airflow/.local/lib/python3.8/site-packages/airflow/example_dags/tutorial_taskflow_api_virtualenv.py for tasks to queue
[2026-08-21T12:20:19.946+0000] {logging_mixin.py:188} INFO - [2026-08-21T12:20:19.945+0000] {dagbag.py:538} INFO - Filling up the DagBag from /home/airflow/.local/lib/python3.8/site-packages/airflow/example_dags/tutorial_taskflow_api_virtualenv.py
[2026-08-21T12:20:20.030+0000] {processor.py:840} INFO - DAG(s) 'tutorial_taskflow_api_virtualenv' retrieved from /home/airflow/.local/lib/python3.8/site-packages/airflow/example_dags/tutorial_taskflow_api_virtualenv.py
[2026-08-21T12:20:20.096+0000] {logging_mixin.py:188} INFO - [2026-08-21T12:20:20.096+0000] {dag.py:3036} INFO - Sync 1 DAGs
[2026-08-21T12:20:20.139+0000] {logging_mixin.py:188} INFO - [2026-08-21T12:20:20.138+0000] {dag.py:3823} INFO - Setting next_dagrun for tutorial_taskflow_api_virtualenv to None, run_after=None
[2026-08-21T12:20:20.231+0000] {processor.py:183} INFO - Processing /home/airflow/.local/lib/python3.8/site-packages/airflow/example_dags/tutorial_taskflow_api_virtualenv.py took 0.391 seconds
[2026-08-21T12:20:53.982+0000] {processor.py:161} INFO - Started process (PID=5549) to work on /home/airflow/.local/lib/python3.8/site-packages/airflow/example_dags/tutorial_taskflow_api_virtualenv.py
[2026-08-21T12:20:53.985+0000] {processor.py:830} INFO - Processing file /home/airflow/.local/lib/python3.8/site-packages/airflow/example_dags/tutorial_taskflow_api_virtualenv.py for tasks to queue
[2026-08-21T12:20:54.008+0000] {logging_mixin.py:188} INFO - [2026-08-21T12:20:54.007+0000] {dagbag.py:538} INFO - Filling up the DagBag from /home/airflow/.local/lib/python3.8/site-packages/airflow/example_dags/tutorial_taskflow_api_virtualenv.py
[2026-08-21T12:20:54.106+0000] {processor.py:840} INFO - DAG(s) 'tutorial_taskflow_api_virtualenv' retrieved from /home/airflow/.local/lib/python3.8/site-packages/airflow/example_dags/tutorial_taskflow_api_virtualenv.py
[2026-08-21T12:20:54.288+0000] {logging_mixin.py:188} INFO - [2026-08-21T12:20:54.287+0000] {dag.py:3036} INFO - Sync 1 DAGs
[2026-08-21T12:20:54.373+0000] {logging_mixin.py:188} INFO - [2026-08-21T12:20:54.372+0000] {dag.py:3823} INFO - Setting next_dagrun for tutorial_taskflow_api_virtualenv to None, run_after=None
[2026-08-21T12:20:54.508+0000] {processor.py:183} INFO - Processing /home/airflow/.local/lib/python3.8/site-packages/airflow/example_dags/tutorial_taskflow_api_virtualenv.py took 0.545 seconds
[2026-08-21T12:21:25.470+0000] {processor.py:161} INFO - Started process (PID=5636) to work on /home/airflow/.local/lib/python3.8/site-packages/airflow/example_dags/tutorial_taskflow_api_virtualenv.py
[2026-08-21T12:21:25.471+0000] {processor.py:830} INFO - Processing file /home/airflow/.local/lib/python3.8/site-packages/airflow/example_dags/tutorial_taskflow_api_virtualenv.py for tasks to queue
[2026-08-21T12:21:25.474+0000] {logging_mixin.py:188} INFO - [2026-08-21T12:21:25.473+0000] {dagbag.py:538} INFO - Filling up the DagBag from /home/airflow/.local/lib/python3.8/site-packages/airflow/example_dags/tutorial_taskflow_api_virtualenv.py
[2026-08-21T12:21:25.485+0000] {processor.py:840} INFO - DAG(s) 'tutorial_taskflow_api_virtualenv' retrieved from /home/airflow/.local/lib/python3.8/site-packages/airflow/example_dags/tutorial_taskflow_api_virtualenv.py
[2026-08-21T12:21:25.512+0000] {logging_mixin.py:188} INFO - [2026-08-21T12:21:25.511+0000] {dag.py:3036} INFO - Sync 1 DAGs
[2026-08-21T12:21:25.531+0000] {logging_mixin.py:188} INFO - [2026-08-21T12:21:25.530+0000] {dag.py:3823} INFO - Setting next_dagrun for tutorial_taskflow_api_virtualenv to None, run_after=None
[2026-08-21T12:21:25.601+0000] {processor.py:183} INFO - Processing /home/airflow/.local/lib/python3.8/site-packages/airflow/example_dags/tutorial_taskflow_api_virtualenv.py took 0.135 seconds
[2026-08-21T12:21:55.673+0000] {processor.py:161} INFO - Started process (PID=5723) to work on /home/airflow/.local/lib/python3.8/site-packages/airflow/example_dags/tutorial_taskflow_api_virtualenv.py
[2026-08-21T12:21:55.675+0000] {processor.py:830} INFO - Processing file /home/airflow/.local/lib/python3.8/site-packages/airflow/example_dags/tutorial_taskflow_api_virtualenv.py for tasks to queue
[2026-08-21T12:21:55.680+0000] {logging_mixin.py:188} INFO - [2026-08-21T12:21:55.679+0000] {dagbag.py:538} INFO - Filling up the DagBag from /home/airflow/.local/lib/python3.8/site-packages/airflow/example_dags/tutorial_taskflow_api_virtualenv.py
[2026-08-21T12:21:55.696+0000] {processor.py:840} INFO - DAG(s) 'tutorial_taskflow_api_virtualenv' retrieved from /home/airflow/.local/lib/python3.8/site-packages/airflow/example_dags/tutorial_taskflow_api_virtualenv.py
[2026-08-21T12:21:55.728+0000] {logging_mixin.py:188} INFO - [2026-08-21T12:21:55.728+0000] {dag.py:3036} INFO - Sync 1 DAGs
[2026-08-21T12:21:55.744+0000] {logging_mixin.py:188} INFO - [2026-08-21T12:21:55.744+0000] {dag.py:3823} INFO - Setting next_dagrun for tutorial_taskflow_api_virtualenv to None, run_after=None
[2026-08-21T12:21:55.912+0000] {processor.py:183} INFO - Processing /home/airflow/.local/lib/python3.8/site-packages/airflow/example_dags/tutorial_taskflow_api_virtualenv.py took 0.245 seconds
[2026-08-21T12:22:26.114+0000] {processor.py:161} INFO - Started process (PID=5811) to work on /home/airflow/.local/lib/python3.8/site-packages/airflow/example_dags/tutorial_taskflow_api_virtualenv.py
[2026-08-21T12:22:26.117+0000] {processor.py:830} INFO - Processing file /home/airflow/.local/lib/python3.8/site-packages/airflow/example_dags/tutorial_taskflow_api_virtualenv.py for tasks to queue
[2026-08-21T12:22:26.121+0000] {logging_mixin.py:188} INFO - [2026-08-21T12:22:26.120+0000] {dagbag.py:538} INFO - Filling up the DagBag from /home/airflow/.local/lib/python3.8/site-packages/airflow/example_dags/tutorial_taskflow_api_virtualenv.py
[2026-08-21T12:22:26.139+0000] {processor.py:840} INFO - DAG(s) 'tutorial_taskflow_api_virtualenv' retrieved from /home/airflow/.local/lib/python3.8/site-packages/airflow/example_dags/tutorial_taskflow_api_virtualenv.py
[2026-08-21T12:22:26.180+0000] {logging_mixin.py:188} INFO - [2026-08-21T12:22:26.179+0000] {dag.py:3036} INFO - Sync 1 DAGs
[2026-08-21T12:22:26.201+0000] {logging_mixin.py:188} INFO - [2026-08-21T12:22:26.201+0000] {dag.py:3823} INFO - Setting next_dagrun for tutorial_taskflow_api_virtualenv to None, run_after=None
[2026-08-21T12:22:26.297+0000] {processor.py:183} INFO - Processing /home/airflow/.local/lib/python3.8/site-packages/airflow/example_dags/tutorial_taskflow_api_virtualenv.py took 0.191 seconds
[2026-08-21T12:22:56.377+0000] {processor.py:161} INFO - Started process (PID=5898) to work on /home/airflow/.local/lib/python3.8/site-packages/airflow/example_dags/tutorial_taskflow_api_virtualenv.py
[2026-08-21T12:22:56.379+0000] {processor.py:830} INFO - Processing file /home/airflow/.local/lib/python3.8/site-packages/airflow/example_dags/tutorial_taskflow_api_virtualenv.py for tasks to queue
[2026-08-21T12:22:56.384+0000] {logging_mixin.py:188} INFO - [2026-08-21T12:22:56.384+0000] {dagbag.py:538} INFO - Filling up the DagBag from /home/airflow/.local/lib/python3.8/site-packages/airflow/example_dags/tutorial_taskflow_api_virtualenv.py
[2026-08-21T12:22:56.403+0000] {processor.py:840} INFO - DAG(s) 'tutorial_taskflow_api_virtualenv' retrieved from /home/airflow/.local/lib/python3.8/site-packages/airflow/example_dags/tutorial_taskflow_api_virtualenv.py
[2026-08-21T12:22:56.435+0000] {logging_mixin.py:188} INFO - [2026-08-21T12:22:56.434+0000] {dag.py:3036} INFO - Sync 1 DAGs
[2026-08-21T12:22:56.452+0000] {logging_mixin.py:188} INFO - [2026-08-21T12:22:56.451+0000] {dag.py:3823} INFO - Setting next_dagrun for tutorial_taskflow_api_virtualenv to None, run_after=None
[2026-08-21T12:22:56.544+0000] {processor.py:183} INFO - Processing /home/airflow/.local/lib/python3.8/site-packages/airflow/example_dags/tutorial_taskflow_api_virtualenv.py took 0.171 seconds
[2026-08-21T12:23:27.440+0000] {processor.py:161} INFO - Started process (PID=5985) to work on /home/airflow/.local/lib/python3.8/site-packages/airflow/example_dags/tutorial_taskflow_api_virtualenv.py
[2026-08-21T12:23:27.442+0000] {processor.py:830} INFO - Processing file /home/airflow/.local/lib/python3.8/site-packages/airflow/example_dags/tutorial_taskflow_api_virtualenv.py for tasks to queue
[2026-08-21T12:23:27.444+0000] {logging_mixin.py:188} INFO - [2026-08-21T12:23:27.444+0000] {dagbag.py:538} INFO - Filling up the DagBag from /home/airflow/.local/lib/python3.8/site-packages/airflow/example_dags/tutorial_taskflow_api_virtualenv.py
[2026-08-21T12:23:27.455+0000] {processor.py:840} INFO - DAG(s) 'tutorial_taskflow_api_virtualenv' retrieved from /home/airflow/.local/lib/python3.8/site-packages/airflow/example_dags/tutorial_taskflow_api_virtualenv.py
[2026-08-21T12:23:27.479+0000] {logging_mixin.py:188} INFO - [2026-08-21T12:23:27.478+0000] {dag.py:3036} INFO - Sync 1 DAGs
[2026-08-21T12:23:27.494+0000] {logging_mixin.py:188} INFO - [2026-08-21T12:23:27.493+0000] {dag.py:3823} INFO - Setting next_dagrun for tutorial_taskflow_api_virtualenv to None, run_after=None
[2026-08-21T12:23:27.574+0000] {processor.py:183} INFO - Processing /home/airflow/.local/lib/python3.8/site-packages/airflow/example_dags/tutorial_taskflow_api_virtualenv.py took 0.138 seconds
[2026-08-21T12:23:57.684+0000] {processor.py:161} INFO - Started process (PID=6070) to work on /home/airflow/.local/lib/python3.8/site-packages/airflow/example_dags/tutorial_taskflow_api_virtualenv.py
[2026-08-21T12:23:57.685+0000] {processor.py:830} INFO - Processing file /home/airflow/.local/lib/python3.8/site-packages/airflow/example_dags/tutorial_taskflow_api_virtualenv.py for tasks to queue
[2026-08-21T12:23:57.688+0000] {logging_mixin.py:188} INFO - [2026-08-21T12:23:57.687+0000] {dagbag.py:538} INFO - Filling up the DagBag from /home/airflow/.local/lib/python3.8/site-packages/airflow/example_dags/tutorial_taskflow_api_virtualenv.py
[2026-08-21T12:23:57.699+0000] {processor.py:840} INFO - DAG(s) 'tutorial_taskflow_api_virtualenv' retrieved from /home/airflow/.local/lib/python3.8/site-packages/airflow/example_dags/tutorial_taskflow_api_virtualenv.py
[2026-08-21T12:23:57.719+0000] {logging_mixin.py:188} INFO - [2026-08-21T12:23:57.718+0000] {dag.py:3036} INFO - Sync 1 DAGs
[2026-08-21T12:23:57.730+0000] {logging_mixin.py:188} INFO - [2026-08-21T12:23:57.730+0000] {dag.py:3823} INFO - Setting next_dagrun for tutorial_taskflow_api_virtualenv to None, run_after=None
[2026-08-21T12:23:57.783+0000] {processor.py:183} INFO - Processing /home/airflow/.local/lib/python3.8/site-packages/airflow/example_dags/tutorial_taskflow_api_virtualenv.py took 0.103 seconds
[2026-08-21T12:24:29.064+0000] {processor.py:161} INFO - Started process (PID=6159) to work on /home/airflow/.local/lib/python3.8/site-packages/airflow/example_dags/tutorial_taskflow_api_virtualenv.py
[2026-08-21T12:24:29.065+0000] {processor.py:830} INFO - Processing file /home/airflow/.local/lib/python3.8/site-packages/airflow/example_dags/tutorial_taskflow_api_virtualenv.py for tasks to queue
[2026-08-21T12:24:29.068+0000] {logging_mixin.py:188} INFO - [2026-08-21T12:24:29.067+0000] {dagbag.py:538} INFO - Filling up the DagBag from /home/airflow/.local/lib/python3.8/site-packages/airflow/example_dags/tutorial_taskflow_api_virtualenv.py
[2026-08-21T12:24:29.079+0000] {processor.py:840} INFO - DAG(s) 'tutorial_taskflow_api_virtualenv' retrieved from /home/airflow/.local/lib/python3.8/site-packages/airflow/example_dags/tutorial_taskflow_api_virtualenv.py
[2026-08-21T12:24:29.101+0000] {logging_mixin.py:188} INFO - [2026-08-21T12:24:29.100+0000] {dag.py:3036} INFO - Sync 1 DAGs
[2026-08-21T12:24:29.112+0000] {logging_mixin.py:188} INFO - [2026-08-21T12:24:29.112+0000] {dag.py:3823} INFO - Setting next_dagrun for tutorial_taskflow_api_virtualenv to None, run_after=None
[2026-08-21T12:24:29.243+0000] {processor.py:183} INFO - Processing /home/airflow/.local/lib/python3.8/site-packages/airflow/example_dags/tutorial_taskflow_api_virtualenv.py took 0.183 seconds
[2026-08-21T12:24:59.814+0000] {processor.py:161} INFO - Started process (PID=6246) to work on /home/airflow/.local/lib/python3.8/site-packages/airflow/example_dags/tutorial_taskflow_api_virtualenv.py
[2026-08-21T12:24:59.815+0000] {processor.py:830} INFO - Processing file /home/airflow/.local/lib/python3.8/site-packages/airflow/example_dags/tutorial_taskflow_api_virtualenv.py for tasks to queue
[2026-08-21T12:24:59.817+0000] {logging_mixin.py:188} INFO - [2026-08-21T12:24:59.817+0000] {dagbag.py:538} INFO - Filling up the DagBag from /home/airflow/.local/lib/python3.8/site-packages/airflow/example_dags/tutorial_taskflow_api_virtualenv.py
[2026-08-21T12:24:59.827+0000] {processor.py:840} INFO - DAG(s) 'tutorial_taskflow_api_virtualenv' retrieved from /home/airflow/.local/lib/python3.8/site-packages/airflow/example_dags/tutorial_taskflow_api_virtualenv.py
[2026-08-21T12:24:59.847+0000] {logging_mixin.py:188} INFO - [2026-08-21T12:24:59.847+0000] {dag.py:3036} INFO - Sync 1 DAGs
[2026-08-21T12:24:59.858+0000] {logging_mixin.py:188} INFO - [2026-08-21T12:24:59.857+0000] {dag.py:3823} INFO - Setting next_dagrun for tutorial_taskflow_api_virtualenv to None, run_after=None
[2026-08-21T12:24:59.923+0000] {processor.py:183} INFO - Processing /home/airflow/.local/lib/python3.8/site-packages/airflow/example_dags/tutorial_taskflow_api_virtualenv.py took 0.113 seconds
[2026-08-21T12:25:30.207+0000] {processor.py:161} INFO - Started process (PID=6333) to work on /home/airflow/.local/lib/python3.8/site-packages/airflow/example_dags/tutorial_taskflow_api_virtualenv.py
[2026-08-21T12:25:30.209+0000] {processor.py:830} INFO - Processing file /home/airflow/.local/lib/python3.8/site-packages/airflow/example_dags/tutorial_taskflow_api_virtualenv.py for tasks to queue
[2026-08-21T12:25:30.211+0000] {logging_mixin.py:188} INFO - [2026-08-21T12:25:30.211+0000] {dagbag.py:538} INFO - Filling up the DagBag from /home/airflow/.local/lib/python3.8/site-packages/airflow/example_dags/tutorial_taskflow_api_virtualenv.py
[2026-08-21T12:25:30.222+0000] {processor.py:840} INFO - DAG(s) 'tutorial_taskflow_api_virtualenv' retrieved from /home/airflow/.local/lib/python3.8/site-packages/airflow/example_dags/tutorial_taskflow_api_virtualenv.py
[2026-08-21T12:25:30.250+0000] {logging_mixin.py:188} INFO - [2026-08-21T12:25:30.249+0000] {dag.py:3036} INFO - Sync 1 DAGs
[2026-08-21T12:25:30.263+0000] {logging_mixin.py:188} INFO - [2026-08-21T12:25:30.263+0000] {dag.py:3823} INFO - Setting next_dagrun for tutorial_taskflow_api_virtualenv to None, run_after=None
[2026-08-21T12:25:30.286+0000] {processor.py:183} INFO - Processing /home/airflow/.local/lib/python3.8/site-packages/airflow/example_dags/tutorial_taskflow_api_virtualenv.py took 0.082 seconds
[2026-08-21T12:26:02.966+0000] {processor.py:161} INFO - Started process (PID=6420) to work on /home/airflow/.local/lib/python3.8/site-packages/airflow/example_dags/tutorial_taskflow_api_virtualenv.py
[2026-08-21T12:26:02.968+0000] {processor.py:830} INFO - Processing file /home/airflow/.local/lib/python3.8/site-packages/airflow/example_dags/tutorial_taskflow_api_virtualenv.py for tasks to queue
[2026-08-21T12:26:02.970+0000] {logging_mixin.py:188} INFO - [2026-08-21T12:26:02.970+0000] {dagbag.py:538} INFO - Filling up the DagBag from /home/airflow/.local/lib/python3.8/site-packages/airflow/example_dags/tutorial_taskflow_api_virtualenv.py
[2026-08-21T12:26:02.983+0000] {processor.py:840} INFO - DAG(s) 'tutorial_taskflow_api_virtualenv' retrieved from /home/airflow/.local/lib/python3.8/site-packages/airflow/example_dags/tutorial_taskflow_api_virtualenv.py
[2026-08-21T12:26:03.005+0000] {logging_mixin.py:188} INFO - [2026-08-21T12:26:03.005+0000] {dag.py:3036} INFO - Sync 1 DAGs
[2026-08-21T12:26:03.152+0000] {logging_mixin.py:188} INFO - [2026-08-21T12:26:03.152+0000] {dag.py:3823} INFO - Setting next_dagrun for tutorial_taskflow_api_virtualenv to None, run_after=None
[2026-08-21T12:26:03.176+0000] {processor.py:183} INFO - Processing /home/airflow/.local/lib/python3.8/site-packages/airflow/example_dags/tutorial_taskflow_api_virtualenv.py took 0.213 seconds
[2026-08-21T12:26:34.261+0000] {processor.py:161} INFO - Started process (PID=6507) to work on /home/airflow/.local/lib/python3.8/site-packages/airflow/example_dags/tutorial_taskflow_api_virtualenv.py
[2026-08-21T12:26:34.263+0000] {processor.py:830} INFO - Processing file /home/airflow/.local/lib/python3.8/site-packages/airflow/example_dags/tutorial_taskflow_api_virtualenv.py for tasks to queue
[2026-08-21T12:26:34.265+0000] {logging_mixin.py:188} INFO - [2026-08-21T12:26:34.265+0000] {dagbag.py:538} INFO - Filling up the DagBag from /home/airflow/.local/lib/python3.8/site-packages/airflow/example_dags/tutorial_taskflow_api_virtualenv.py
[2026-08-21T12:26:34.278+0000] {processor.py:840} INFO - DAG(s) 'tutorial_taskflow_api_virtualenv' retrieved from /home/airflow/.local/lib/python3.8/site-packages/airflow/example_dags/tutorial_taskflow_api_virtualenv.py
[2026-08-21T12:26:34.303+0000] {logging_mixin.py:188} INFO - [2026-08-21T12:26:34.302+0000] {dag.py:3036} INFO - Sync 1 DAGs
[2026-08-21T12:26:34.316+0000] {logging_mixin.py:188} INFO - [2026-08-21T12:26:34.316+0000] {dag.py:3823} INFO - Setting next_dagrun for tutorial_taskflow_api_virtualenv to None, run_after=None
[2026-08-21T12:26:34.479+0000] {processor.py:183} INFO - Processing /home/airflow/.local/lib/python3.8/site-packages/airflow/example_dags/tutorial_taskflow_api_virtualenv.py took 0.224 seconds
[2026-08-21T12:27:04.994+0000] {processor.py:161} INFO - Started process (PID=6598) to work on /home/airflow/.local/lib/python3.8/site-packages/airflow/example_dags/tutorial_taskflow_api_virtualenv.py
[2026-08-21T12:27:04.996+0000] {processor.py:830} INFO - Processing file /home/airflow/.local/lib/python3.8/site-packages/airflow/example_dags/tutorial_taskflow_api_virtualenv.py for tasks to queue
[2026-08-21T12:27:05.002+0000] {logging_mixin.py:188} INFO - [2026-08-21T12:27:05.001+0000] {dagbag.py:538} INFO - Filling up the DagBag from /home/airflow/.local/lib/python3.8/site-packages/airflow/example_dags/tutorial_taskflow_api_virtualenv.py
[2026-08-21T12:27:05.015+0000] {processor.py:840} INFO - DAG(s) 'tutorial_taskflow_api_virtualenv' retrieved from /home/airflow/.local/lib/python3.8/site-packages/airflow/example_dags/tutorial_taskflow_api_virtualenv.py
[2026-08-21T12:27:05.040+0000] {logging_mixin.py:188} INFO - [2026-08-21T12:27:05.040+0000] {dag.py:3036} INFO - Sync 1 DAGs
[2026-08-21T12:27:05.058+0000] {logging_mixin.py:188} INFO - [2026-08-21T12:27:05.058+0000] {dag.py:3823} INFO - Setting next_dagrun for tutorial_taskflow_api_virtualenv to None, run_after=None
[2026-08-21T12:27:05.081+0000] {processor.py:183} INFO - Processing /home/airflow/.local/lib/python3.8/site-packages/airflow/example_dags/tutorial_taskflow_api_virtualenv.py took 0.092 seconds
[2026-08-21T12:27:35.351+0000] {processor.py:161} INFO - Started process (PID=6685) to work on /home/airflow/.local/lib/python3.8/site-packages/airflow/example_dags/tutorial_taskflow_api_virtualenv.py
[2026-08-21T12:27:35.353+0000] {processor.py:830} INFO - Processing file /home/airflow/.local/lib/python3.8/site-packages/airflow/example_dags/tutorial_taskflow_api_virtualenv.py for tasks to queue
[2026-08-21T12:27:35.356+0000] {logging_mixin.py:188} INFO - [2026-08-21T12:27:35.355+0000] {dagbag.py:538} INFO - Filling up the DagBag from /home/airflow/.local/lib/python3.8/site-packages/airflow/example_dags/tutorial_taskflow_api_virtualenv.py
[2026-08-21T12:27:35.365+0000] {processor.py:840} INFO - DAG(s) 'tutorial_taskflow_api_virtualenv' retrieved from /home/airflow/.local/lib/python3.8/site-packages/airflow/example_dags/tutorial_taskflow_api_virtualenv.py
[2026-08-21T12:27:35.386+0000] {logging_mixin.py:188} INFO - [2026-08-21T12:27:35.386+0000] {dag.py:3036} INFO - Sync 1 DAGs
[2026-08-21T12:27:35.398+0000] {logging_mixin.py:188} INFO - [2026-08-21T12:27:35.398+0000] {dag.py:3823} INFO - Setting next_dagrun for tutorial_taskflow_api_virtualenv to None, run_after=None
[2026-08-21T12:27:35.421+0000] {processor.py:183} INFO - Processing /home/airflow/.local/lib/python3.8/site-packages/airflow/example_dags/tutorial_taskflow_api_virtualenv.py took 0.074 seconds
[2026-08-21T12:28:05.504+0000] {processor.py:161} INFO - Started process (PID=6772) to work on /home/airflow/.local/lib/python3.8/site-packages/airflow/example_dags/tutorial_taskflow_api_virtualenv.py
[2026-08-21T12:28:05.505+0000] {processor.py:830} INFO - Processing file /home/airflow/.local/lib/python3.8/site-packages/airflow/example_dags/tutorial_taskflow_api_virtualenv.py for tasks to queue
[2026-08-21T12:28:05.507+0000] {logging_mixin.py:188} INFO - [2026-08-21T12:28:05.507+0000] {dagbag.py:538} INFO - Filling up the DagBag from /home/airflow/.local/lib/python3.8/site-packages/airflow/example_dags/tutorial_taskflow_api_virtualenv.py
[2026-08-21T12:28:05.520+0000] {processor.py:840} INFO - DAG(s) 'tutorial_taskflow_api_virtualenv' retrieved from /home/airflow/.local/lib/python3.8/site-packages/airflow/example_dags/tutorial_taskflow_api_virtualenv.py
[2026-08-21T12:28:05.541+0000] {logging_mixin.py:188} INFO - [2026-08-21T12:28:05.540+0000] {dag.py:3036} INFO - Sync 1 DAGs
[2026-08-21T12:28:05.553+0000] {logging_mixin.py:188} INFO - [2026-08-21T12:28:05.553+0000] {dag.py:3823} INFO - Setting next_dagrun for tutorial_taskflow_api_virtualenv to None, run_after=None
[2026-08-21T12:28:05.572+0000] {processor.py:183} INFO - Processing /home/airflow/.local/lib/python3.8/site-packages/airflow/example_dags/tutorial_taskflow_api_virtualenv.py took 0.072 seconds
[2026-08-21T12:28:35.737+0000] {processor.py:161} INFO - Started process (PID=6859) to work on /home/airflow/.local/lib/python3.8/site-packages/airflow/example_dags/tutorial_taskflow_api_virtualenv.py
[2026-08-21T12:28:35.739+0000] {processor.py:830} INFO - Processing file /home/airflow/.local/lib/python3.8/site-packages/airflow/example_dags/tutorial_taskflow_api_virtualenv.py for tasks to queue
[2026-08-21T12:28:35.741+0000] {logging_mixin.py:188} INFO - [2026-08-21T12:28:35.740+0000] {dagbag.py:538} INFO - Filling up the DagBag from /home/airflow/.local/lib/python3.8/site-packages/airflow/example_dags/tutorial_taskflow_api_virtualenv.py
[2026-08-21T12:28:35.752+0000] {processor.py:840} INFO - DAG(s) 'tutorial_taskflow_api_virtualenv' retrieved from /home/airflow/.local/lib/python3.8/site-packages/airflow/example_dags/tutorial_taskflow_api_virtualenv.py
[2026-08-21T12:28:35.780+0000] {logging_mixin.py:188} INFO - [2026-08-21T12:28:35.779+0000] {dag.py:3036} INFO - Sync 1 DAGs
[2026-08-21T12:28:35.797+0000] {logging_mixin.py:188} INFO - [2026-08-21T12:28:35.797+0000] {dag.py:3823} INFO - Setting next_dagrun for tutorial_taskflow_api_virtualenv to None, run_after=None
[2026-08-21T12:28:35.832+0000] {processor.py:183} INFO - Processing /home/airflow/.local/lib/python3.8/site-packages/airflow/example_dags/tutorial_taskflow_api_virtualenv.py took 0.099 seconds
[2026-08-21T12:29:07.133+0000] {processor.py:161} INFO - Started process (PID=6946) to work on /home/airflow/.local/lib/python3.8/site-packages/airflow/example_dags/tutorial_taskflow_api_virtualenv.py
[2026-08-21T12:29:07.134+0000] {processor.py:830} INFO - Processing file /home/airflow/.local/lib/python3.8/site-packages/airflow/example_dags/tutorial_taskflow_api_virtualenv.py for tasks to queue
[2026-08-21T12:29:07.137+0000] {logging_mixin.py:188} INFO - [2026-08-21T12:29:07.137+0000] {dagbag.py:538} INFO - Filling up the DagBag from /home/airflow/.local/lib/python3.8/site-packages/airflow/example_dags/tutorial_taskflow_api_virtualenv.py
[2026-08-21T12:29:07.150+0000] {processor.py:840} INFO - DAG(s) 'tutorial_taskflow_api_virtualenv' retrieved from /home/airflow/.local/lib/python3.8/site-packages/airflow/example_dags/tutorial_taskflow_api_virtualenv.py
[2026-08-21T12:29:07.176+0000] {logging_mixin.py:188} INFO - [2026-08-21T12:29:07.176+0000] {dag.py:3036} INFO - Sync 1 DAGs
[2026-08-21T12:29:07.190+0000] {logging_mixin.py:188} INFO - [2026-08-21T12:29:07.190+0000] {dag.py:3823} INFO - Setting next_dagrun for tutorial_taskflow_api_virtualenv to None, run_after=None
[2026-08-21T12:29:07.211+0000] {processor.py:183} INFO - Processing /home/airflow/.local/lib/python3.8/site-packages/airflow/example_dags/tutorial_taskflow_api_virtualenv.py took 0.082 seconds
[2026-08-21T12:29:38.389+0000] {processor.py:161} INFO - Started process (PID=7033) to work on /home/airflow/.local/lib/python3.8/site-packages/airflow/example_dags/tutorial_taskflow_api_virtualenv.py
[2026-08-21T12:29:38.390+0000] {processor.py:830} INFO - Processing file /home/airflow/.local/lib/python3.8/site-packages/airflow/example_dags/tutorial_taskflow_api_virtualenv.py for tasks to queue
[2026-08-21T12:29:38.393+0000] {logging_mixin.py:188} INFO - [2026-08-21T12:29:38.392+0000] {dagbag.py:538} INFO - Filling up the DagBag from /home/airflow/.local/lib/python3.8/site-packages/airflow/example_dags/tutorial_taskflow_api_virtualenv.py
[2026-08-21T12:29:38.403+0000] {processor.py:840} INFO - DAG(s) 'tutorial_taskflow_api_virtualenv' retrieved from /home/airflow/.local/lib/python3.8/site-packages/airflow/example_dags/tutorial_taskflow_api_virtualenv.py
[2026-08-21T12:29:38.427+0000] {logging_mixin.py:188} INFO - [2026-08-21T12:29:38.427+0000] {dag.py:3036} INFO - Sync 1 DAGs
[2026-08-21T12:29:38.444+0000] {logging_mixin.py:188} INFO - [2026-08-21T12:29:38.444+0000] {dag.py:3823} INFO - Setting next_dagrun for tutorial_taskflow_api_virtualenv to None, run_after=None
[2026-08-21T12:29:38.468+0000] {processor.py:183} INFO - Processing /home/airflow/.local/lib/python3.8/site-packages/airflow/example_dags/tutorial_taskflow_api_virtualenv.py took 0.082 seconds
[2026-08-21T12:30:09.426+0000] {processor.py:161} INFO - Started process (PID=7120) to work on /home/airflow/.local/lib/python3.8/site-packages/airflow/example_dags/tutorial_taskflow_api_virtualenv.py
[2026-08-21T12:30:09.427+0000] {processor.py:830} INFO - Processing file /home/airflow/.local/lib/python3.8/site-packages/airflow/example_dags/tutorial_taskflow_api_virtualenv.py for tasks to queue
[2026-08-21T12:30:09.432+0000] {logging_mixin.py:188} INFO - [2026-08-21T12:30:09.432+0000] {dagbag.py:538} INFO - Filling up the DagBag from /home/airflow/.local/lib/python3.8/site-packages/airflow/example_dags/tutorial_taskflow_api_virtualenv.py
[2026-08-21T12:30:09.443+0000] {processor.py:840} INFO - DAG(s) 'tutorial_taskflow_api_virtualenv' retrieved from /home/airflow/.local/lib/python3.8/site-packages/airflow/example_dags/tutorial_taskflow_api_virtualenv.py
[2026-08-21T12:30:09.465+0000] {logging_mixin.py:188} INFO - [2026-08-21T12:30:09.465+0000] {dag.py:3036} INFO - Sync 1 DAGs
[2026-08-21T12:30:09.479+0000] {logging_mixin.py:188} INFO - [2026-08-21T12:30:09.478+0000] {dag.py:3823} INFO - Setting next_dagrun for tutorial_taskflow_api_virtualenv to None, run_after=None
[2026-08-21T12:30:09.504+0000] {processor.py:183} INFO - Processing /home/airflow/.local/lib/python3.8/site-packages/airflow/example_dags/tutorial_taskflow_api_virtualenv.py took 0.082 seconds
[2026-08-21T12:30:40.064+0000] {processor.py:161} INFO - Started process (PID=7207) to work on /home/airflow/.local/lib/python3.8/site-packages/airflow/example_dags/tutorial_taskflow_api_virtualenv.py
[2026-08-21T12:30:40.065+0000] {processor.py:830} INFO - Processing file /home/airflow/.local/lib/python3.8/site-packages/airflow/example_dags/tutorial_taskflow_api_virtualenv.py for tasks to queue
[2026-08-21T12:30:40.068+0000] {logging_mixin.py:188} INFO - [2026-08-21T12:30:40.068+0000] {dagbag.py:538} INFO - Filling up the DagBag from /home/airflow/.local/lib/python3.8/site-packages/airflow/example_dags/tutorial_taskflow_api_virtualenv.py
[2026-08-21T12:30:40.081+0000] {processor.py:840} INFO - DAG(s) 'tutorial_taskflow_api_virtualenv' retrieved from /home/airflow/.local/lib/python3.8/site-packages/airflow/example_dags/tutorial_taskflow_api_virtualenv.py
[2026-08-21T12:30:40.101+0000] {logging_mixin.py:188} INFO - [2026-08-21T12:30:40.101+0000] {dag.py:3036} INFO - Sync 1 DAGs
[2026-08-21T12:30:40.113+0000] {logging_mixin.py:188} INFO - [2026-08-21T12:30:40.113+0000] {dag.py:3823} INFO - Setting next_dagrun for tutorial_taskflow_api_virtualenv to None, run_after=None
[2026-08-21T12:30:40.141+0000] {processor.py:183} INFO - Processing /home/airflow/.local/lib/python3.8/site-packages/airflow/example_dags/tutorial_taskflow_api_virtualenv.py took 0.080 seconds
[2026-08-21T12:31:10.630+0000] {processor.py:161} INFO - Started process (PID=7295) to work on /home/airflow/.local/lib/python3.8/site-packages/airflow/example_dags/tutorial_taskflow_api_virtualenv.py
[2026-08-21T12:31:10.631+0000] {processor.py:830} INFO - Processing file /home/airflow/.local/lib/python3.8/site-packages/airflow/example_dags/tutorial_taskflow_api_virtualenv.py for tasks to queue
[2026-08-21T12:31:10.634+0000] {logging_mixin.py:188} INFO - [2026-08-21T12:31:10.633+0000] {dagbag.py:538} INFO - Filling up the DagBag from /home/airflow/.local/lib/python3.8/site-packages/airflow/example_dags/tutorial_taskflow_api_virtualenv.py
[2026-08-21T12:31:10.647+0000] {processor.py:840} INFO - DAG(s) 'tutorial_taskflow_api_virtualenv' retrieved from /home/airflow/.local/lib/python3.8/site-packages/airflow/example_dags/tutorial_taskflow_api_virtualenv.py
[2026-08-21T12:31:10.669+0000] {logging_mixin.py:188} INFO - [2026-08-21T12:31:10.669+0000] {dag.py:3036} INFO - Sync 1 DAGs
[2026-08-21T12:31:10.682+0000] {logging_mixin.py:188} INFO - [2026-08-21T12:31:10.682+0000] {dag.py:3823} INFO - Setting next_dagrun for tutorial_taskflow_api_virtualenv to None, run_after=None
[2026-08-21T12:31:10.704+0000] {processor.py:183} INFO - Processing /home/airflow/.local/lib/python3.8/site-packages/airflow/example_dags/tutorial_taskflow_api_virtualenv.py took 0.079 seconds
[2026-08-21T12:31:41.497+0000] {processor.py:161} INFO - Started process (PID=7382) to work on /home/airflow/.local/lib/python3.8/site-packages/airflow/example_dags/tutorial_taskflow_api_virtualenv.py
[2026-08-21T12:31:41.498+0000] {processor.py:830} INFO - Processing file /home/airflow/.local/lib/python3.8/site-packages/airflow/example_dags/tutorial_taskflow_api_virtualenv.py for tasks to queue
[2026-08-21T12:31:41.500+0000] {logging_mixin.py:188} INFO - [2026-08-21T12:31:41.500+0000] {dagbag.py:538} INFO - Filling up the DagBag from /home/airflow/.local/lib/python3.8/site-packages/airflow/example_dags/tutorial_taskflow_api_virtualenv.py
[2026-08-21T12:31:41.511+0000] {processor.py:840} INFO - DAG(s) 'tutorial_taskflow_api_virtualenv' retrieved from /home/airflow/.local/lib/python3.8/site-packages/airflow/example_dags/tutorial_taskflow_api_virtualenv.py
[2026-08-21T12:31:41.535+0000] {logging_mixin.py:188} INFO - [2026-08-21T12:31:41.535+0000] {dag.py:3036} INFO - Sync 1 DAGs
[2026-08-21T12:31:41.549+0000] {logging_mixin.py:188} INFO - [2026-08-21T12:31:41.548+0000] {dag.py:3823} INFO - Setting next_dagrun for tutorial_taskflow_api_virtualenv to None, run_after=None
[2026-08-21T12:31:41.569+0000] {processor.py:183} INFO - Processing /home/airflow/.local/lib/python3.8/site-packages/airflow/example_dags/tutorial_taskflow_api_virtualenv.py took 0.075 seconds
