[2026-08-21T11:43:28.384+0000] {processor.py:161} INFO - Started process (PID=152) to work on /home/airflow/.local/lib/python3.8/site-packages/airflow/example_dags/tutorial_dag.py
[2026-08-21T11:43:28.385+0000] {processor.py:830} INFO - Processing file /home/airflow/.local/lib/python3.8/site-packages/airflow/example_dags/tutorial_dag.py for tasks to queue
[2026-08-21T11:43:28.388+0000] {logging_mixin.py:188} INFO - [2026-08-21T11:43:28.388+0000] {dagbag.py:538} INFO - Filling up the DagBag from /home/airflow/.local/lib/python3.8/site-packages/airflow/example_dags/tutorial_dag.py
[2026-08-21T11:43:28.402+0000] {processor.py:840} INFO - DAG(s) 'tutorial_dag' retrieved from /home/airflow/.local/lib/python3.8/site-packages/airflow/example_dags/tutorial_dag.py
[2026-08-21T11:43:28.510+0000] {logging_mixin.py:188} INFO - [2026-08-21T11:43:28.510+0000] {dag.py:3036} INFO - Sync 1 DAGs
[2026-08-21T11:43:28.522+0000] {logging_mixin.py:188} INFO - [2026-08-21T11:43:28.521+0000] {dag.py:3823} INFO - Setting next_dagrun for tutorial_dag to None, run_after=None
[2026-08-21T11:43:28.548+0000] {processor.py:183} INFO - Processing /home/airflow/.local/lib/python3.8/site-packages/airflow/example_dags/tutorial_dag.py took 0.169 seconds
[2026-08-21T11:43:58.992+0000] {processor.py:161} INFO - Started process (PID=238) to work on /home/airflow/.local/lib/python3.8/site-packages/airflow/example_dags/tutorial_dag.py
[2026-08-21T11:43:58.996+0000] {processor.py:830} INFO - Processing file /home/airflow/.local/lib/python3.8/site-packages/airflow/example_dags/tutorial_dag.py for tasks to queue
[2026-08-21T11:43:59.000+0000] {logging_mixin.py:188} INFO - [2026-08-21T11:43:58.999+0000] {dagbag.py:538} INFO - Filling up the DagBag from /home/airflow/.local/lib/python3.8/site-packages/airflow/example_dags/tutorial_dag.py
[2026-08-21T11:43:59.012+0000] {processor.py:840} INFO - DAG(s) 'tutorial_dag' retrieved from /home/airflow/.local/lib/python3.8/site-packages/airflow/example_dags/tutorial_dag.py
[2026-08-21T11:43:59.048+0000] {logging_mixin.py:188} INFO - [2026-08-21T11:43:59.048+0000] {dag.py:3036} INFO - Sync 1 DAGs
[2026-08-21T11:43:59.071+0000] {logging_mixin.py:188} INFO - [2026-08-21T11:43:59.070+0000] {dag.py:3823} INFO - Setting next_dagrun for tutorial_dag to None, run_after=None
[2026-08-21T11:43:59.108+0000] {processor.py:183} INFO - Processing /home/airflow/.local/lib/python3.8/site-packages/airflow/example_dags/tutorial_dag.py took 0.122 seconds
[2026-08-21T11:44:29.823+0000] {processor.py:161} INFO - Started process (PID=324) to work on /home/airflow/.local/lib/python3.8/site-packages/airflow/example_dags/tutorial_dag.py
[2026-08-21T11:44:29.824+0000] {processor.py:830} INFO - Processing file /home/airflow/.local/lib/python3.8/site-packages/airflow/example_dags/tutorial_dag.py for tasks to queue
[2026-08-21T11:44:29.827+0000] {logging_mixin.py:188} INFO - [2026-08-21T11:44:29.827+0000] {dagbag.py:538} INFO - Filling up the DagBag from /home/airflow/.local/lib/python3.8/site-packages/airflow/example_dags/tutorial_dag.py
[2026-08-21T11:44:29.835+0000] {processor.py:840} INFO - DAG(s) 'tutorial_dag' retrieved from /home/airflow/.local/lib/python3.8/site-packages/airflow/example_dags/tutorial_dag.py
[2026-08-21T11:44:29.852+0000] {logging_mixin.py:188} INFO - [2026-08-21T11:44:29.851+0000] {dag.py:3036} INFO - Sync 1 DAGs
[2026-08-21T11:44:29.866+0000] {logging_mixin.py:188} INFO - [2026-08-21T11:44:29.866+0000] {dag.py:3823} INFO - Setting next_dagrun for tutorial_dag to None, run_after=None
[2026-08-21T11:44:29.897+0000] {processor.py:183} INFO - Processing /home/airflow/.local/lib/python3.8/site-packages/airflow/example_dags/tutorial_dag.py took 0.078 seconds
[2026-08-21T11:45:04.461+0000] {processor.py:161} INFO - Started process (PID=423) to work on /home/airflow/.local/lib/python3.8/site-packages/airflow/example_dags/tutorial_dag.py
[2026-08-21T11:45:04.463+0000] {processor.py:830} INFO - Processing file /home/airflow/.local/lib/python3.8/site-packages/airflow/example_dags/tutorial_dag.py for tasks to queue
[2026-08-21T11:45:04.466+0000] {logging_mixin.py:188} INFO - [2026-08-21T11:45:04.465+0000] {dagbag.py:538} INFO - Filling up the DagBag from /home/airflow/.local/lib/python3.8/site-packages/airflow/example_dags/tutorial_dag.py
[2026-08-21T11:45:04.476+0000] {processor.py:840} INFO - DAG(s) 'tutorial_dag' retrieved from /home/airflow/.local/lib/python3.8/site-packages/airflow/example_dags/tutorial_dag.py
[2026-08-21T11:45:04.496+0000] {logging_mixin.py:188} INFO - [2026-08-21T11:45:04.496+0000] {dag.py:3036} INFO - Sync 1 DAGs
[2026-08-21T11:45:04.548+0000] {logging_mixin.py:188} INFO - [2026-08-21T11:45:04.547+0000] {dag.py:3823} INFO - Setting next_dagrun for tutorial_dag to None, run_after=None
[2026-08-21T11:45:04.683+0000] {processor.py:183} INFO - Processing /home/airflow/.local/lib/python3.8/site-packages/airflow/example_dags/tutorial_dag.py took 0.227 seconds
[2026-08-21T11:45:35.593+0000] {processor.py:161} INFO - Started process (PID=509) to work on /home/airflow/.local/lib/python3.8/site-packages/airflow/example_dags/tutorial_dag.py
[2026-08-21T11:45:35.595+0000] {processor.py:830} INFO - Processing file /home/airflow/.local/lib/python3.8/site-packages/airflow/example_dags/tutorial_dag.py for tasks to queue
[2026-08-21T11:45:35.598+0000] {logging_mixin.py:188} INFO - [2026-08-21T11:45:35.598+0000] {dagbag.py:538} INFO - Filling up the DagBag from /home/airflow/.local/lib/python3.8/site-packages/airflow/example_dags/tutorial_dag.py
[2026-08-21T11:45:35.606+0000] {processor.py:840} INFO - DAG(s) 'tutorial_dag' retrieved from /home/airflow/.local/lib/python3.8/site-packages/airflow/example_dags/tutorial_dag.py
[2026-08-21T11:45:35.721+0000] {logging_mixin.py:188} INFO - [2026-08-21T11:45:35.721+0000] {dag.py:3036} INFO - Sync 1 DAGs
[2026-08-21T11:45:35.734+0000] {logging_mixin.py:188} INFO - [2026-08-21T11:45:35.733+0000] {dag.py:3823} INFO - Setting next_dagrun for tutorial_dag to None, run_after=None
[2026-08-21T11:45:35.760+0000] {processor.py:183} INFO - Processing /home/airflow/.local/lib/python3.8/site-packages/airflow/example_dags/tutorial_dag.py took 0.171 seconds
[2026-08-21T11:46:06.498+0000] {processor.py:161} INFO - Started process (PID=595) to work on /home/airflow/.local/lib/python3.8/site-packages/airflow/example_dags/tutorial_dag.py
[2026-08-21T11:46:06.500+0000] {processor.py:830} INFO - Processing file /home/airflow/.local/lib/python3.8/site-packages/airflow/example_dags/tutorial_dag.py for tasks to queue
[2026-08-21T11:46:06.503+0000] {logging_mixin.py:188} INFO - [2026-08-21T11:46:06.502+0000] {dagbag.py:538} INFO - Filling up the DagBag from /home/airflow/.local/lib/python3.8/site-packages/airflow/example_dags/tutorial_dag.py
[2026-08-21T11:46:06.509+0000] {processor.py:840} INFO - DAG(s) 'tutorial_dag' retrieved from /home/airflow/.local/lib/python3.8/site-packages/airflow/example_dags/tutorial_dag.py
[2026-08-21T11:46:06.523+0000] {logging_mixin.py:188} INFO - [2026-08-21T11:46:06.523+0000] {dag.py:3036} INFO - Sync 1 DAGs
[2026-08-21T11:46:06.538+0000] {logging_mixin.py:188} INFO - [2026-08-21T11:46:06.537+0000] {dag.py:3823} INFO - Setting next_dagrun for tutorial_dag to None, run_after=None
[2026-08-21T11:46:06.595+0000] {processor.py:183} INFO - Processing /home/airflow/.local/lib/python3.8/site-packages/airflow/example_dags/tutorial_dag.py took 0.100 seconds
[2026-08-21T11:46:37.098+0000] {processor.py:161} INFO - Started process (PID=686) to work on /home/airflow/.local/lib/python3.8/site-packages/airflow/example_dags/tutorial_dag.py
[2026-08-21T11:46:37.100+0000] {processor.py:830} INFO - Processing file /home/airflow/.local/lib/python3.8/site-packages/airflow/example_dags/tutorial_dag.py for tasks to queue
[2026-08-21T11:46:37.103+0000] {logging_mixin.py:188} INFO - [2026-08-21T11:46:37.102+0000] {dagbag.py:538} INFO - Filling up the DagBag from /home/airflow/.local/lib/python3.8/site-packages/airflow/example_dags/tutorial_dag.py
[2026-08-21T11:46:37.111+0000] {processor.py:840} INFO - DAG(s) 'tutorial_dag' retrieved from /home/airflow/.local/lib/python3.8/site-packages/airflow/example_dags/tutorial_dag.py
[2026-08-21T11:46:37.128+0000] {logging_mixin.py:188} INFO - [2026-08-21T11:46:37.128+0000] {dag.py:3036} INFO - Sync 1 DAGs
[2026-08-21T11:46:37.149+0000] {logging_mixin.py:188} INFO - [2026-08-21T11:46:37.149+0000] {dag.py:3823} INFO - Setting next_dagrun for tutorial_dag to None, run_after=None
[2026-08-21T11:46:37.195+0000] {processor.py:183} INFO - Processing /home/airflow/.local/lib/python3.8/site-packages/airflow/example_dags/tutorial_dag.py took 0.101 seconds
[2026-08-21T11:47:10.397+0000] {processor.py:161} INFO - Started process (PID=771) to work on /home/airflow/.local/lib/python3.8/site-packages/airflow/example_dags/tutorial_dag.py
[2026-08-21T11:47:10.399+0000] {processor.py:830} INFO - Processing file /home/airflow/.local/lib/python3.8/site-packages/airflow/example_dags/tutorial_dag.py for tasks to queue
[2026-08-21T11:47:10.401+0000] {logging_mixin.py:188} INFO - [2026-08-21T11:47:10.400+0000] {dagbag.py:538} INFO - Filling up the DagBag from /home/airflow/.local/lib/python3.8/site-packages/airflow/example_dags/tutorial_dag.py
[2026-08-21T11:47:10.406+0000] {processor.py:840} INFO - DAG(s) 'tutorial_dag' retrieved from /home/airflow/.local/lib/python3.8/site-packages/airflow/example_dags/tutorial_dag.py
[2026-08-21T11:47:10.616+0000] {logging_mixin.py:188} INFO - [2026-08-21T11:47:10.616+0000] {dag.py:3036} INFO - Sync 1 DAGs
[2026-08-21T11:47:10.625+0000] {logging_mixin.py:188} INFO - [2026-08-21T11:47:10.625+0000] {dag.py:3823} INFO - Setting next_dagrun for tutorial_dag to None, run_after=None
[2026-08-21T11:47:10.757+0000] {processor.py:183} INFO - Processing /home/airflow/.local/lib/python3.8/site-packages/airflow/example_dags/tutorial_dag.py took 0.363 seconds
[2026-08-21T11:47:40.807+0000] {processor.py:161} INFO - Started process (PID=857) to work on /home/airflow/.local/lib/python3.8/site-packages/airflow/example_dags/tutorial_dag.py
[2026-08-21T11:47:40.809+0000] {processor.py:830} INFO - Processing file /home/airflow/.local/lib/python3.8/site-packages/airflow/example_dags/tutorial_dag.py for tasks to queue
[2026-08-21T11:47:40.811+0000] {logging_mixin.py:188} INFO - [2026-08-21T11:47:40.810+0000] {dagbag.py:538} INFO - Filling up the DagBag from /home/airflow/.local/lib/python3.8/site-packages/airflow/example_dags/tutorial_dag.py
[2026-08-21T11:47:40.817+0000] {processor.py:840} INFO - DAG(s) 'tutorial_dag' retrieved from /home/airflow/.local/lib/python3.8/site-packages/airflow/example_dags/tutorial_dag.py
[2026-08-21T11:47:40.837+0000] {logging_mixin.py:188} INFO - [2026-08-21T11:47:40.837+0000] {dag.py:3036} INFO - Sync 1 DAGs
[2026-08-21T11:47:40.849+0000] {logging_mixin.py:188} INFO - [2026-08-21T11:47:40.848+0000] {dag.py:3823} INFO - Setting next_dagrun for tutorial_dag to None, run_after=None
[2026-08-21T11:47:41.033+0000] {processor.py:183} INFO - Processing /home/airflow/.local/lib/python3.8/site-packages/airflow/example_dags/tutorial_dag.py took 0.229 seconds
[2026-08-21T11:48:11.076+0000] {processor.py:161} INFO - Started process (PID=946) to work on /home/airflow/.local/lib/python3.8/site-packages/airflow/example_dags/tutorial_dag.py
[2026-08-21T11:48:11.077+0000] {processor.py:830} INFO - Processing file /home/airflow/.local/lib/python3.8/site-packages/airflow/example_dags/tutorial_dag.py for tasks to queue
[2026-08-21T11:48:11.079+0000] {logging_mixin.py:188} INFO - [2026-08-21T11:48:11.079+0000] {dagbag.py:538} INFO - Filling up the DagBag from /home/airflow/.local/lib/python3.8/site-packages/airflow/example_dags/tutorial_dag.py
[2026-08-21T11:48:11.085+0000] {processor.py:840} INFO - DAG(s) 'tutorial_dag' retrieved from /home/airflow/.local/lib/python3.8/site-packages/airflow/example_dags/tutorial_dag.py
[2026-08-21T11:48:11.108+0000] {logging_mixin.py:188} INFO - [2026-08-21T11:48:11.107+0000] {dag.py:3036} INFO - Sync 1 DAGs
[2026-08-21T11:48:11.124+0000] {logging_mixin.py:188} INFO - [2026-08-21T11:48:11.124+0000] {dag.py:3823} INFO - Setting next_dagrun for tutorial_dag to None, run_after=None
[2026-08-21T11:48:11.215+0000] {processor.py:183} INFO - Processing /home/airflow/.local/lib/python3.8/site-packages/airflow/example_dags/tutorial_dag.py took 0.143 seconds
[2026-08-21T11:48:48.836+0000] {processor.py:161} INFO - Started process (PID=121) to work on /home/airflow/.local/lib/python3.8/site-packages/airflow/example_dags/tutorial_dag.py
[2026-08-21T11:48:48.837+0000] {processor.py:830} INFO - Processing file /home/airflow/.local/lib/python3.8/site-packages/airflow/example_dags/tutorial_dag.py for tasks to queue
[2026-08-21T11:48:48.840+0000] {logging_mixin.py:188} INFO - [2026-08-21T11:48:48.839+0000] {dagbag.py:538} INFO - Filling up the DagBag from /home/airflow/.local/lib/python3.8/site-packages/airflow/example_dags/tutorial_dag.py
[2026-08-21T11:48:48.846+0000] {processor.py:840} INFO - DAG(s) 'tutorial_dag' retrieved from /home/airflow/.local/lib/python3.8/site-packages/airflow/example_dags/tutorial_dag.py
[2026-08-21T11:48:48.866+0000] {logging_mixin.py:188} INFO - [2026-08-21T11:48:48.866+0000] {dag.py:3036} INFO - Sync 1 DAGs
[2026-08-21T11:48:48.878+0000] {logging_mixin.py:188} INFO - [2026-08-21T11:48:48.878+0000] {dag.py:3823} INFO - Setting next_dagrun for tutorial_dag to None, run_after=None
[2026-08-21T11:48:48.903+0000] {processor.py:183} INFO - Processing /home/airflow/.local/lib/python3.8/site-packages/airflow/example_dags/tutorial_dag.py took 0.070 seconds
[2026-08-21T11:49:19.681+0000] {processor.py:161} INFO - Started process (PID=209) to work on /home/airflow/.local/lib/python3.8/site-packages/airflow/example_dags/tutorial_dag.py
[2026-08-21T11:49:19.682+0000] {processor.py:830} INFO - Processing file /home/airflow/.local/lib/python3.8/site-packages/airflow/example_dags/tutorial_dag.py for tasks to queue
[2026-08-21T11:49:19.685+0000] {logging_mixin.py:188} INFO - [2026-08-21T11:49:19.684+0000] {dagbag.py:538} INFO - Filling up the DagBag from /home/airflow/.local/lib/python3.8/site-packages/airflow/example_dags/tutorial_dag.py
[2026-08-21T11:49:19.690+0000] {processor.py:840} INFO - DAG(s) 'tutorial_dag' retrieved from /home/airflow/.local/lib/python3.8/site-packages/airflow/example_dags/tutorial_dag.py
[2026-08-21T11:49:19.710+0000] {logging_mixin.py:188} INFO - [2026-08-21T11:49:19.710+0000] {dag.py:3036} INFO - Sync 1 DAGs
[2026-08-21T11:49:19.723+0000] {logging_mixin.py:188} INFO - [2026-08-21T11:49:19.723+0000] {dag.py:3823} INFO - Setting next_dagrun for tutorial_dag to None, run_after=None
[2026-08-21T11:49:19.818+0000] {processor.py:183} INFO - Processing /home/airflow/.local/lib/python3.8/site-packages/airflow/example_dags/tutorial_dag.py took 0.140 seconds
[2026-08-21T11:49:50.530+0000] {processor.py:161} INFO - Started process (PID=298) to work on /home/airflow/.local/lib/python3.8/site-packages/airflow/example_dags/tutorial_dag.py
[2026-08-21T11:49:50.531+0000] {processor.py:830} INFO - Processing file /home/airflow/.local/lib/python3.8/site-packages/airflow/example_dags/tutorial_dag.py for tasks to queue
[2026-08-21T11:49:50.533+0000] {logging_mixin.py:188} INFO - [2026-08-21T11:49:50.533+0000] {dagbag.py:538} INFO - Filling up the DagBag from /home/airflow/.local/lib/python3.8/site-packages/airflow/example_dags/tutorial_dag.py
[2026-08-21T11:49:50.541+0000] {processor.py:840} INFO - DAG(s) 'tutorial_dag' retrieved from /home/airflow/.local/lib/python3.8/site-packages/airflow/example_dags/tutorial_dag.py
[2026-08-21T11:49:50.567+0000] {logging_mixin.py:188} INFO - [2026-08-21T11:49:50.566+0000] {dag.py:3036} INFO - Sync 1 DAGs
[2026-08-21T11:49:50.584+0000] {logging_mixin.py:188} INFO - [2026-08-21T11:49:50.584+0000] {dag.py:3823} INFO - Setting next_dagrun for tutorial_dag to None, run_after=None
[2026-08-21T11:49:50.614+0000] {processor.py:183} INFO - Processing /home/airflow/.local/lib/python3.8/site-packages/airflow/example_dags/tutorial_dag.py took 0.087 seconds
[2026-08-21T11:50:21.449+0000] {processor.py:161} INFO - Started process (PID=386) to work on /home/airflow/.local/lib/python3.8/site-packages/airflow/example_dags/tutorial_dag.py
[2026-08-21T11:50:21.451+0000] {processor.py:830} INFO - Processing file /home/airflow/.local/lib/python3.8/site-packages/airflow/example_dags/tutorial_dag.py for tasks to queue
[2026-08-21T11:50:21.453+0000] {logging_mixin.py:188} INFO - [2026-08-21T11:50:21.453+0000] {dagbag.py:538} INFO - Filling up the DagBag from /home/airflow/.local/lib/python3.8/site-packages/airflow/example_dags/tutorial_dag.py
[2026-08-21T11:50:21.460+0000] {processor.py:840} INFO - DAG(s) 'tutorial_dag' retrieved from /home/airflow/.local/lib/python3.8/site-packages/airflow/example_dags/tutorial_dag.py
[2026-08-21T11:50:21.483+0000] {logging_mixin.py:188} INFO - [2026-08-21T11:50:21.483+0000] {dag.py:3036} INFO - Sync 1 DAGs
[2026-08-21T11:50:21.495+0000] {logging_mixin.py:188} INFO - [2026-08-21T11:50:21.494+0000] {dag.py:3823} INFO - Setting next_dagrun for tutorial_dag to None, run_after=None
[2026-08-21T11:50:21.514+0000] {processor.py:183} INFO - Processing /home/airflow/.local/lib/python3.8/site-packages/airflow/example_dags/tutorial_dag.py took 0.070 seconds
[2026-08-21T11:50:52.774+0000] {processor.py:161} INFO - Started process (PID=474) to work on /home/airflow/.local/lib/python3.8/site-packages/airflow/example_dags/tutorial_dag.py
[2026-08-21T11:50:52.775+0000] {processor.py:830} INFO - Processing file /home/airflow/.local/lib/python3.8/site-packages/airflow/example_dags/tutorial_dag.py for tasks to queue
[2026-08-21T11:50:52.777+0000] {logging_mixin.py:188} INFO - [2026-08-21T11:50:52.777+0000] {dagbag.py:538} INFO - Filling up the DagBag from /home/airflow/.local/lib/python3.8/site-packages/airflow/example_dags/tutorial_dag.py
[2026-08-21T11:50:52.783+0000] {processor.py:840} INFO - DAG(s) 'tutorial_dag' retrieved from /home/airflow/.local/lib/python3.8/site-packages/airflow/example_dags/tutorial_dag.py
[2026-08-21T11:50:52.804+0000] {logging_mixin.py:188} INFO - [2026-08-21T11:50:52.804+0000] {dag.py:3036} INFO - Sync 1 DAGs
[2026-08-21T11:50:52.815+0000] {logging_mixin.py:188} INFO - [2026-08-21T11:50:52.815+0000] {dag.py:3823} INFO - Setting next_dagrun for tutorial_dag to None, run_after=None
[2026-08-21T11:50:52.834+0000] {processor.py:183} INFO - Processing /home/airflow/.local/lib/python3.8/site-packages/airflow/example_dags/tutorial_dag.py took 0.064 seconds
[2026-08-21T11:51:23.560+0000] {processor.py:161} INFO - Started process (PID=562) to work on /home/airflow/.local/lib/python3.8/site-packages/airflow/example_dags/tutorial_dag.py
[2026-08-21T11:51:23.561+0000] {processor.py:830} INFO - Processing file /home/airflow/.local/lib/python3.8/site-packages/airflow/example_dags/tutorial_dag.py for tasks to queue
[2026-08-21T11:51:23.563+0000] {logging_mixin.py:188} INFO - [2026-08-21T11:51:23.563+0000] {dagbag.py:538} INFO - Filling up the DagBag from /home/airflow/.local/lib/python3.8/site-packages/airflow/example_dags/tutorial_dag.py
[2026-08-21T11:51:23.568+0000] {processor.py:840} INFO - DAG(s) 'tutorial_dag' retrieved from /home/airflow/.local/lib/python3.8/site-packages/airflow/example_dags/tutorial_dag.py
[2026-08-21T11:51:23.589+0000] {logging_mixin.py:188} INFO - [2026-08-21T11:51:23.588+0000] {dag.py:3036} INFO - Sync 1 DAGs
[2026-08-21T11:51:23.599+0000] {logging_mixin.py:188} INFO - [2026-08-21T11:51:23.599+0000] {dag.py:3823} INFO - Setting next_dagrun for tutorial_dag to None, run_after=None
[2026-08-21T11:51:23.620+0000] {processor.py:183} INFO - Processing /home/airflow/.local/lib/python3.8/site-packages/airflow/example_dags/tutorial_dag.py took 0.064 seconds
[2026-08-21T11:51:54.194+0000] {processor.py:161} INFO - Started process (PID=650) to work on /home/airflow/.local/lib/python3.8/site-packages/airflow/example_dags/tutorial_dag.py
[2026-08-21T11:51:54.195+0000] {processor.py:830} INFO - Processing file /home/airflow/.local/lib/python3.8/site-packages/airflow/example_dags/tutorial_dag.py for tasks to queue
[2026-08-21T11:51:54.198+0000] {logging_mixin.py:188} INFO - [2026-08-21T11:51:54.197+0000] {dagbag.py:538} INFO - Filling up the DagBag from /home/airflow/.local/lib/python3.8/site-packages/airflow/example_dags/tutorial_dag.py
[2026-08-21T11:51:54.203+0000] {processor.py:840} INFO - DAG(s) 'tutorial_dag' retrieved from /home/airflow/.local/lib/python3.8/site-packages/airflow/example_dags/tutorial_dag.py
[2026-08-21T11:51:54.241+0000] {logging_mixin.py:188} INFO - [2026-08-21T11:51:54.240+0000] {dag.py:3036} INFO - Sync 1 DAGs
[2026-08-21T11:51:54.264+0000] {logging_mixin.py:188} INFO - [2026-08-21T11:51:54.263+0000] {dag.py:3823} INFO - Setting next_dagrun for tutorial_dag to None, run_after=None
[2026-08-21T11:51:54.302+0000] {processor.py:183} INFO - Processing /home/airflow/.local/lib/python3.8/site-packages/airflow/example_dags/tutorial_dag.py took 0.112 seconds
[2026-08-21T11:52:24.939+0000] {processor.py:161} INFO - Started process (PID=738) to work on /home/airflow/.local/lib/python3.8/site-packages/airflow/example_dags/tutorial_dag.py
[2026-08-21T11:52:24.940+0000] {processor.py:830} INFO - Processing file /home/airflow/.local/lib/python3.8/site-packages/airflow/example_dags/tutorial_dag.py for tasks to queue
[2026-08-21T11:52:24.943+0000] {logging_mixin.py:188} INFO - [2026-08-21T11:52:24.942+0000] {dagbag.py:538} INFO - Filling up the DagBag from /home/airflow/.local/lib/python3.8/site-packages/airflow/example_dags/tutorial_dag.py
[2026-08-21T11:52:24.948+0000] {processor.py:840} INFO - DAG(s) 'tutorial_dag' retrieved from /home/airflow/.local/lib/python3.8/site-packages/airflow/example_dags/tutorial_dag.py
[2026-08-21T11:52:24.968+0000] {logging_mixin.py:188} INFO - [2026-08-21T11:52:24.968+0000] {dag.py:3036} INFO - Sync 1 DAGs
[2026-08-21T11:52:24.980+0000] {logging_mixin.py:188} INFO - [2026-08-21T11:52:24.980+0000] {dag.py:3823} INFO - Setting next_dagrun for tutorial_dag to None, run_after=None
[2026-08-21T11:52:25.000+0000] {processor.py:183} INFO - Processing /home/airflow/.local/lib/python3.8/site-packages/airflow/example_dags/tutorial_dag.py took 0.064 seconds
[2026-08-21T11:52:55.551+0000] {processor.py:161} INFO - Started process (PID=826) to work on /home/airflow/.local/lib/python3.8/site-packages/airflow/example_dags/tutorial_dag.py
[2026-08-21T11:52:55.553+0000] {processor.py:830} INFO - Processing file /home/airflow/.local/lib/python3.8/site-packages/airflow/example_dags/tutorial_dag.py for tasks to queue
[2026-08-21T11:52:55.556+0000] {logging_mixin.py:188} INFO - [2026-08-21T11:52:55.555+0000] {dagbag.py:538} INFO - Filling up the DagBag from /home/airflow/.local/lib/python3.8/site-packages/airflow/example_dags/tutorial_dag.py
[2026-08-21T11:52:55.562+0000] {processor.py:840} INFO - DAG(s) 'tutorial_dag' retrieved from /home/airflow/.local/lib/python3.8/site-packages/airflow/example_dags/tutorial_dag.py
[2026-08-21T11:52:55.581+0000] {logging_mixin.py:188} INFO - [2026-08-21T11:52:55.581+0000] {dag.py:3036} INFO - Sync 1 DAGs
[2026-08-21T11:52:55.594+0000] {logging_mixin.py:188} INFO - [2026-08-21T11:52:55.594+0000] {dag.py:3823} INFO - Setting next_dagrun for tutorial_dag to None, run_after=None
[2026-08-21T11:52:55.611+0000] {processor.py:183} INFO - Processing /home/airflow/.local/lib/python3.8/site-packages/airflow/example_dags/tutorial_dag.py took 0.064 seconds
[2026-08-21T11:53:26.017+0000] {processor.py:161} INFO - Started process (PID=914) to work on /home/airflow/.local/lib/python3.8/site-packages/airflow/example_dags/tutorial_dag.py
[2026-08-21T11:53:26.018+0000] {processor.py:830} INFO - Processing file /home/airflow/.local/lib/python3.8/site-packages/airflow/example_dags/tutorial_dag.py for tasks to queue
[2026-08-21T11:53:26.021+0000] {logging_mixin.py:188} INFO - [2026-08-21T11:53:26.020+0000] {dagbag.py:538} INFO - Filling up the DagBag from /home/airflow/.local/lib/python3.8/site-packages/airflow/example_dags/tutorial_dag.py
[2026-08-21T11:53:26.027+0000] {processor.py:840} INFO - DAG(s) 'tutorial_dag' retrieved from /home/airflow/.local/lib/python3.8/site-packages/airflow/example_dags/tutorial_dag.py
[2026-08-21T11:53:26.047+0000] {logging_mixin.py:188} INFO - [2026-08-21T11:53:26.047+0000] {dag.py:3036} INFO - Sync 1 DAGs
[2026-08-21T11:53:26.058+0000] {logging_mixin.py:188} INFO - [2026-08-21T11:53:26.058+0000] {dag.py:3823} INFO - Setting next_dagrun for tutorial_dag to None, run_after=None
[2026-08-21T11:53:26.077+0000] {processor.py:183} INFO - Processing /home/airflow/.local/lib/python3.8/site-packages/airflow/example_dags/tutorial_dag.py took 0.064 seconds
[2026-08-21T11:53:56.488+0000] {processor.py:161} INFO - Started process (PID=1001) to work on /home/airflow/.local/lib/python3.8/site-packages/airflow/example_dags/tutorial_dag.py
[2026-08-21T11:53:56.489+0000] {processor.py:830} INFO - Processing file /home/airflow/.local/lib/python3.8/site-packages/airflow/example_dags/tutorial_dag.py for tasks to queue
[2026-08-21T11:53:56.491+0000] {logging_mixin.py:188} INFO - [2026-08-21T11:53:56.491+0000] {dagbag.py:538} INFO - Filling up the DagBag from /home/airflow/.local/lib/python3.8/site-packages/airflow/example_dags/tutorial_dag.py
[2026-08-21T11:53:56.497+0000] {processor.py:840} INFO - DAG(s) 'tutorial_dag' retrieved from /home/airflow/.local/lib/python3.8/site-packages/airflow/example_dags/tutorial_dag.py
[2026-08-21T11:53:56.517+0000] {logging_mixin.py:188} INFO - [2026-08-21T11:53:56.516+0000] {dag.py:3036} INFO - Sync 1 DAGs
[2026-08-21T11:53:56.528+0000] {logging_mixin.py:188} INFO - [2026-08-21T11:53:56.528+0000] {dag.py:3823} INFO - Setting next_dagrun for tutorial_dag to None, run_after=None
[2026-08-21T11:53:56.548+0000] {processor.py:183} INFO - Processing /home/airflow/.local/lib/python3.8/site-packages/airflow/example_dags/tutorial_dag.py took 0.063 seconds
[2026-08-21T11:54:27.812+0000] {processor.py:161} INFO - Started process (PID=1088) to work on /home/airflow/.local/lib/python3.8/site-packages/airflow/example_dags/tutorial_dag.py
[2026-08-21T11:54:27.813+0000] {processor.py:830} INFO - Processing file /home/airflow/.local/lib/python3.8/site-packages/airflow/example_dags/tutorial_dag.py for tasks to queue
[2026-08-21T11:54:27.815+0000] {logging_mixin.py:188} INFO - [2026-08-21T11:54:27.815+0000] {dagbag.py:538} INFO - Filling up the DagBag from /home/airflow/.local/lib/python3.8/site-packages/airflow/example_dags/tutorial_dag.py
[2026-08-21T11:54:27.820+0000] {processor.py:840} INFO - DAG(s) 'tutorial_dag' retrieved from /home/airflow/.local/lib/python3.8/site-packages/airflow/example_dags/tutorial_dag.py
[2026-08-21T11:54:27.839+0000] {logging_mixin.py:188} INFO - [2026-08-21T11:54:27.839+0000] {dag.py:3036} INFO - Sync 1 DAGs
[2026-08-21T11:54:27.852+0000] {logging_mixin.py:188} INFO - [2026-08-21T11:54:27.851+0000] {dag.py:3823} INFO - Setting next_dagrun for tutorial_dag to None, run_after=None
[2026-08-21T11:54:27.870+0000] {processor.py:183} INFO - Processing /home/airflow/.local/lib/python3.8/site-packages/airflow/example_dags/tutorial_dag.py took 0.062 seconds
[2026-08-21T11:54:59.161+0000] {processor.py:161} INFO - Started process (PID=1175) to work on /home/airflow/.local/lib/python3.8/site-packages/airflow/example_dags/tutorial_dag.py
[2026-08-21T11:54:59.162+0000] {processor.py:830} INFO - Processing file /home/airflow/.local/lib/python3.8/site-packages/airflow/example_dags/tutorial_dag.py for tasks to queue
[2026-08-21T11:54:59.164+0000] {logging_mixin.py:188} INFO - [2026-08-21T11:54:59.164+0000] {dagbag.py:538} INFO - Filling up the DagBag from /home/airflow/.local/lib/python3.8/site-packages/airflow/example_dags/tutorial_dag.py
[2026-08-21T11:54:59.169+0000] {processor.py:840} INFO - DAG(s) 'tutorial_dag' retrieved from /home/airflow/.local/lib/python3.8/site-packages/airflow/example_dags/tutorial_dag.py
[2026-08-21T11:54:59.192+0000] {logging_mixin.py:188} INFO - [2026-08-21T11:54:59.192+0000] {dag.py:3036} INFO - Sync 1 DAGs
[2026-08-21T11:54:59.204+0000] {logging_mixin.py:188} INFO - [2026-08-21T11:54:59.204+0000] {dag.py:3823} INFO - Setting next_dagrun for tutorial_dag to None, run_after=None
[2026-08-21T11:54:59.223+0000] {processor.py:183} INFO - Processing /home/airflow/.local/lib/python3.8/site-packages/airflow/example_dags/tutorial_dag.py took 0.066 seconds
[2026-08-21T11:55:29.615+0000] {processor.py:161} INFO - Started process (PID=1263) to work on /home/airflow/.local/lib/python3.8/site-packages/airflow/example_dags/tutorial_dag.py
[2026-08-21T11:55:29.616+0000] {processor.py:830} INFO - Processing file /home/airflow/.local/lib/python3.8/site-packages/airflow/example_dags/tutorial_dag.py for tasks to queue
[2026-08-21T11:55:29.619+0000] {logging_mixin.py:188} INFO - [2026-08-21T11:55:29.618+0000] {dagbag.py:538} INFO - Filling up the DagBag from /home/airflow/.local/lib/python3.8/site-packages/airflow/example_dags/tutorial_dag.py
[2026-08-21T11:55:29.624+0000] {processor.py:840} INFO - DAG(s) 'tutorial_dag' retrieved from /home/airflow/.local/lib/python3.8/site-packages/airflow/example_dags/tutorial_dag.py
[2026-08-21T11:55:29.644+0000] {logging_mixin.py:188} INFO - [2026-08-21T11:55:29.644+0000] {dag.py:3036} INFO - Sync 1 DAGs
[2026-08-21T11:55:29.656+0000] {logging_mixin.py:188} INFO - [2026-08-21T11:55:29.656+0000] {dag.py:3823} INFO - Setting next_dagrun for tutorial_dag to None, run_after=None
[2026-08-21T11:55:29.679+0000] {processor.py:183} INFO - Processing /home/airflow/.local/lib/python3.8/site-packages/airflow/example_dags/tutorial_dag.py took 0.068 seconds
[2026-08-21T11:56:00.938+0000] {processor.py:161} INFO - Started process (PID=1350) to work on /home/airflow/.local/lib/python3.8/site-packages/airflow/example_dags/tutorial_dag.py
[2026-08-21T11:56:00.940+0000] {processor.py:830} INFO - Processing file /home/airflow/.local/lib/python3.8/site-packages/airflow/example_dags/tutorial_dag.py for tasks to queue
[2026-08-21T11:56:00.942+0000] {logging_mixin.py:188} INFO - [2026-08-21T11:56:00.941+0000] {dagbag.py:538} INFO - Filling up the DagBag from /home/airflow/.local/lib/python3.8/site-packages/airflow/example_dags/tutorial_dag.py
[2026-08-21T11:56:00.948+0000] {processor.py:840} INFO - DAG(s) 'tutorial_dag' retrieved from /home/airflow/.local/lib/python3.8/site-packages/airflow/example_dags/tutorial_dag.py
[2026-08-21T11:56:00.971+0000] {logging_mixin.py:188} INFO - [2026-08-21T11:56:00.971+0000] {dag.py:3036} INFO - Sync 1 DAGs
[2026-08-21T11:56:00.984+0000] {logging_mixin.py:188} INFO - [2026-08-21T11:56:00.984+0000] {dag.py:3823} INFO - Setting next_dagrun for tutorial_dag to None, run_after=None
[2026-08-21T11:56:01.006+0000] {processor.py:183} INFO - Processing /home/airflow/.local/lib/python3.8/site-packages/airflow/example_dags/tutorial_dag.py took 0.071 seconds
[2026-08-21T11:56:32.804+0000] {processor.py:161} INFO - Started process (PID=1437) to work on /home/airflow/.local/lib/python3.8/site-packages/airflow/example_dags/tutorial_dag.py
[2026-08-21T11:56:32.806+0000] {processor.py:830} INFO - Processing file /home/airflow/.local/lib/python3.8/site-packages/airflow/example_dags/tutorial_dag.py for tasks to queue
[2026-08-21T11:56:32.808+0000] {logging_mixin.py:188} INFO - [2026-08-21T11:56:32.808+0000] {dagbag.py:538} INFO - Filling up the DagBag from /home/airflow/.local/lib/python3.8/site-packages/airflow/example_dags/tutorial_dag.py
[2026-08-21T11:56:32.813+0000] {processor.py:840} INFO - DAG(s) 'tutorial_dag' retrieved from /home/airflow/.local/lib/python3.8/site-packages/airflow/example_dags/tutorial_dag.py
[2026-08-21T11:56:32.836+0000] {logging_mixin.py:188} INFO - [2026-08-21T11:56:32.836+0000] {dag.py:3036} INFO - Sync 1 DAGs
[2026-08-21T11:56:32.851+0000] {logging_mixin.py:188} INFO - [2026-08-21T11:56:32.851+0000] {dag.py:3823} INFO - Setting next_dagrun for tutorial_dag to None, run_after=None
[2026-08-21T11:56:32.872+0000] {processor.py:183} INFO - Processing /home/airflow/.local/lib/python3.8/site-packages/airflow/example_dags/tutorial_dag.py took 0.071 seconds
[2026-08-21T11:57:05.950+0000] {processor.py:161} INFO - Started process (PID=1524) to work on /home/airflow/.local/lib/python3.8/site-packages/airflow/example_dags/tutorial_dag.py
[2026-08-21T11:57:05.952+0000] {processor.py:830} INFO - Processing file /home/airflow/.local/lib/python3.8/site-packages/airflow/example_dags/tutorial_dag.py for tasks to queue
[2026-08-21T11:57:05.955+0000] {logging_mixin.py:188} INFO - [2026-08-21T11:57:05.954+0000] {dagbag.py:538} INFO - Filling up the DagBag from /home/airflow/.local/lib/python3.8/site-packages/airflow/example_dags/tutorial_dag.py
[2026-08-21T11:57:05.965+0000] {processor.py:840} INFO - DAG(s) 'tutorial_dag' retrieved from /home/airflow/.local/lib/python3.8/site-packages/airflow/example_dags/tutorial_dag.py
[2026-08-21T11:57:06.016+0000] {logging_mixin.py:188} INFO - [2026-08-21T11:57:06.015+0000] {dag.py:3036} INFO - Sync 1 DAGs
[2026-08-21T11:57:06.053+0000] {logging_mixin.py:188} INFO - [2026-08-21T11:57:06.052+0000] {dag.py:3823} INFO - Setting next_dagrun for tutorial_dag to None, run_after=None
[2026-08-21T11:57:06.091+0000] {processor.py:183} INFO - Processing /home/airflow/.local/lib/python3.8/site-packages/airflow/example_dags/tutorial_dag.py took 0.146 seconds
[2026-08-21T11:57:36.197+0000] {processor.py:161} INFO - Started process (PID=1611) to work on /home/airflow/.local/lib/python3.8/site-packages/airflow/example_dags/tutorial_dag.py
[2026-08-21T11:57:36.198+0000] {processor.py:830} INFO - Processing file /home/airflow/.local/lib/python3.8/site-packages/airflow/example_dags/tutorial_dag.py for tasks to queue
[2026-08-21T11:57:36.201+0000] {logging_mixin.py:188} INFO - [2026-08-21T11:57:36.201+0000] {dagbag.py:538} INFO - Filling up the DagBag from /home/airflow/.local/lib/python3.8/site-packages/airflow/example_dags/tutorial_dag.py
[2026-08-21T11:57:36.211+0000] {processor.py:840} INFO - DAG(s) 'tutorial_dag' retrieved from /home/airflow/.local/lib/python3.8/site-packages/airflow/example_dags/tutorial_dag.py
[2026-08-21T11:57:36.228+0000] {logging_mixin.py:188} INFO - [2026-08-21T11:57:36.228+0000] {dag.py:3036} INFO - Sync 1 DAGs
[2026-08-21T11:57:36.246+0000] {logging_mixin.py:188} INFO - [2026-08-21T11:57:36.246+0000] {dag.py:3823} INFO - Setting next_dagrun for tutorial_dag to None, run_after=None
[2026-08-21T11:57:36.279+0000] {processor.py:183} INFO - Processing /home/airflow/.local/lib/python3.8/site-packages/airflow/example_dags/tutorial_dag.py took 0.087 seconds
[2026-08-21T11:58:06.822+0000] {processor.py:161} INFO - Started process (PID=1698) to work on /home/airflow/.local/lib/python3.8/site-packages/airflow/example_dags/tutorial_dag.py
[2026-08-21T11:58:06.824+0000] {processor.py:830} INFO - Processing file /home/airflow/.local/lib/python3.8/site-packages/airflow/example_dags/tutorial_dag.py for tasks to queue
[2026-08-21T11:58:06.827+0000] {logging_mixin.py:188} INFO - [2026-08-21T11:58:06.826+0000] {dagbag.py:538} INFO - Filling up the DagBag from /home/airflow/.local/lib/python3.8/site-packages/airflow/example_dags/tutorial_dag.py
[2026-08-21T11:58:06.835+0000] {processor.py:840} INFO - DAG(s) 'tutorial_dag' retrieved from /home/airflow/.local/lib/python3.8/site-packages/airflow/example_dags/tutorial_dag.py
[2026-08-21T11:58:06.854+0000] {logging_mixin.py:188} INFO - [2026-08-21T11:58:06.853+0000] {dag.py:3036} INFO - Sync 1 DAGs
[2026-08-21T11:58:06.879+0000] {logging_mixin.py:188} INFO - [2026-08-21T11:58:06.879+0000] {dag.py:3823} INFO - Setting next_dagrun for tutorial_dag to None, run_after=None
[2026-08-21T11:58:06.911+0000] {processor.py:183} INFO - Processing /home/airflow/.local/lib/python3.8/site-packages/airflow/example_dags/tutorial_dag.py took 0.095 seconds
[2026-08-21T11:58:41.659+0000] {processor.py:161} INFO - Started process (PID=1785) to work on /home/airflow/.local/lib/python3.8/site-packages/airflow/example_dags/tutorial_dag.py
[2026-08-21T11:58:41.663+0000] {processor.py:830} INFO - Processing file /home/airflow/.local/lib/python3.8/site-packages/airflow/example_dags/tutorial_dag.py for tasks to queue
[2026-08-21T11:58:41.679+0000] {logging_mixin.py:188} INFO - [2026-08-21T11:58:41.677+0000] {dagbag.py:538} INFO - Filling up the DagBag from /home/airflow/.local/lib/python3.8/site-packages/airflow/example_dags/tutorial_dag.py
[2026-08-21T11:58:41.707+0000] {processor.py:840} INFO - DAG(s) 'tutorial_dag' retrieved from /home/airflow/.local/lib/python3.8/site-packages/airflow/example_dags/tutorial_dag.py
[2026-08-21T11:58:41.803+0000] {logging_mixin.py:188} INFO - [2026-08-21T11:58:41.802+0000] {dag.py:3036} INFO - Sync 1 DAGs
[2026-08-21T11:58:41.848+0000] {logging_mixin.py:188} INFO - [2026-08-21T11:58:41.847+0000] {dag.py:3823} INFO - Setting next_dagrun for tutorial_dag to None, run_after=None
[2026-08-21T11:58:41.905+0000] {processor.py:183} INFO - Processing /home/airflow/.local/lib/python3.8/site-packages/airflow/example_dags/tutorial_dag.py took 0.259 seconds
[2026-08-21T11:59:12.083+0000] {processor.py:161} INFO - Started process (PID=1872) to work on /home/airflow/.local/lib/python3.8/site-packages/airflow/example_dags/tutorial_dag.py
[2026-08-21T11:59:12.084+0000] {processor.py:830} INFO - Processing file /home/airflow/.local/lib/python3.8/site-packages/airflow/example_dags/tutorial_dag.py for tasks to queue
[2026-08-21T11:59:12.086+0000] {logging_mixin.py:188} INFO - [2026-08-21T11:59:12.086+0000] {dagbag.py:538} INFO - Filling up the DagBag from /home/airflow/.local/lib/python3.8/site-packages/airflow/example_dags/tutorial_dag.py
[2026-08-21T11:59:12.092+0000] {processor.py:840} INFO - DAG(s) 'tutorial_dag' retrieved from /home/airflow/.local/lib/python3.8/site-packages/airflow/example_dags/tutorial_dag.py
[2026-08-21T11:59:12.187+0000] {logging_mixin.py:188} INFO - [2026-08-21T11:59:12.187+0000] {dag.py:3036} INFO - Sync 1 DAGs
[2026-08-21T11:59:12.197+0000] {logging_mixin.py:188} INFO - [2026-08-21T11:59:12.197+0000] {dag.py:3823} INFO - Setting next_dagrun for tutorial_dag to None, run_after=None
[2026-08-21T11:59:12.218+0000] {processor.py:183} INFO - Processing /home/airflow/.local/lib/python3.8/site-packages/airflow/example_dags/tutorial_dag.py took 0.140 seconds
[2026-08-21T11:59:42.859+0000] {processor.py:161} INFO - Started process (PID=1959) to work on /home/airflow/.local/lib/python3.8/site-packages/airflow/example_dags/tutorial_dag.py
[2026-08-21T11:59:42.861+0000] {processor.py:830} INFO - Processing file /home/airflow/.local/lib/python3.8/site-packages/airflow/example_dags/tutorial_dag.py for tasks to queue
[2026-08-21T11:59:42.863+0000] {logging_mixin.py:188} INFO - [2026-08-21T11:59:42.863+0000] {dagbag.py:538} INFO - Filling up the DagBag from /home/airflow/.local/lib/python3.8/site-packages/airflow/example_dags/tutorial_dag.py
[2026-08-21T11:59:42.871+0000] {processor.py:840} INFO - DAG(s) 'tutorial_dag' retrieved from /home/airflow/.local/lib/python3.8/site-packages/airflow/example_dags/tutorial_dag.py
[2026-08-21T11:59:42.894+0000] {logging_mixin.py:188} INFO - [2026-08-21T11:59:42.894+0000] {dag.py:3036} INFO - Sync 1 DAGs
[2026-08-21T11:59:42.910+0000] {logging_mixin.py:188} INFO - [2026-08-21T11:59:42.910+0000] {dag.py:3823} INFO - Setting next_dagrun for tutorial_dag to None, run_after=None
[2026-08-21T11:59:42.940+0000] {processor.py:183} INFO - Processing /home/airflow/.local/lib/python3.8/site-packages/airflow/example_dags/tutorial_dag.py took 0.086 seconds
[2026-08-21T12:00:13.488+0000] {processor.py:161} INFO - Started process (PID=2053) to work on /home/airflow/.local/lib/python3.8/site-packages/airflow/example_dags/tutorial_dag.py
[2026-08-21T12:00:13.489+0000] {processor.py:830} INFO - Processing file /home/airflow/.local/lib/python3.8/site-packages/airflow/example_dags/tutorial_dag.py for tasks to queue
[2026-08-21T12:00:13.493+0000] {logging_mixin.py:188} INFO - [2026-08-21T12:00:13.492+0000] {dagbag.py:538} INFO - Filling up the DagBag from /home/airflow/.local/lib/python3.8/site-packages/airflow/example_dags/tutorial_dag.py
[2026-08-21T12:00:13.499+0000] {processor.py:840} INFO - DAG(s) 'tutorial_dag' retrieved from /home/airflow/.local/lib/python3.8/site-packages/airflow/example_dags/tutorial_dag.py
[2026-08-21T12:00:13.523+0000] {logging_mixin.py:188} INFO - [2026-08-21T12:00:13.523+0000] {dag.py:3036} INFO - Sync 1 DAGs
[2026-08-21T12:00:13.536+0000] {logging_mixin.py:188} INFO - [2026-08-21T12:00:13.535+0000] {dag.py:3823} INFO - Setting next_dagrun for tutorial_dag to None, run_after=None
[2026-08-21T12:00:13.558+0000] {processor.py:183} INFO - Processing /home/airflow/.local/lib/python3.8/site-packages/airflow/example_dags/tutorial_dag.py took 0.074 seconds
[2026-08-21T12:00:43.921+0000] {processor.py:161} INFO - Started process (PID=2140) to work on /home/airflow/.local/lib/python3.8/site-packages/airflow/example_dags/tutorial_dag.py
[2026-08-21T12:00:43.923+0000] {processor.py:830} INFO - Processing file /home/airflow/.local/lib/python3.8/site-packages/airflow/example_dags/tutorial_dag.py for tasks to queue
[2026-08-21T12:00:43.926+0000] {logging_mixin.py:188} INFO - [2026-08-21T12:00:43.926+0000] {dagbag.py:538} INFO - Filling up the DagBag from /home/airflow/.local/lib/python3.8/site-packages/airflow/example_dags/tutorial_dag.py
[2026-08-21T12:00:43.933+0000] {processor.py:840} INFO - DAG(s) 'tutorial_dag' retrieved from /home/airflow/.local/lib/python3.8/site-packages/airflow/example_dags/tutorial_dag.py
[2026-08-21T12:00:43.954+0000] {logging_mixin.py:188} INFO - [2026-08-21T12:00:43.954+0000] {dag.py:3036} INFO - Sync 1 DAGs
[2026-08-21T12:00:43.968+0000] {logging_mixin.py:188} INFO - [2026-08-21T12:00:43.967+0000] {dag.py:3823} INFO - Setting next_dagrun for tutorial_dag to None, run_after=None
[2026-08-21T12:00:43.993+0000] {processor.py:183} INFO - Processing /home/airflow/.local/lib/python3.8/site-packages/airflow/example_dags/tutorial_dag.py took 0.076 seconds
[2026-08-21T12:01:14.230+0000] {processor.py:161} INFO - Started process (PID=2227) to work on /home/airflow/.local/lib/python3.8/site-packages/airflow/example_dags/tutorial_dag.py
[2026-08-21T12:01:14.231+0000] {processor.py:830} INFO - Processing file /home/airflow/.local/lib/python3.8/site-packages/airflow/example_dags/tutorial_dag.py for tasks to queue
[2026-08-21T12:01:14.234+0000] {logging_mixin.py:188} INFO - [2026-08-21T12:01:14.233+0000] {dagbag.py:538} INFO - Filling up the DagBag from /home/airflow/.local/lib/python3.8/site-packages/airflow/example_dags/tutorial_dag.py
[2026-08-21T12:01:14.240+0000] {processor.py:840} INFO - DAG(s) 'tutorial_dag' retrieved from /home/airflow/.local/lib/python3.8/site-packages/airflow/example_dags/tutorial_dag.py
[2026-08-21T12:01:14.264+0000] {logging_mixin.py:188} INFO - [2026-08-21T12:01:14.264+0000] {dag.py:3036} INFO - Sync 1 DAGs
[2026-08-21T12:01:14.276+0000] {logging_mixin.py:188} INFO - [2026-08-21T12:01:14.275+0000] {dag.py:3823} INFO - Setting next_dagrun for tutorial_dag to None, run_after=None
[2026-08-21T12:01:14.297+0000] {processor.py:183} INFO - Processing /home/airflow/.local/lib/python3.8/site-packages/airflow/example_dags/tutorial_dag.py took 0.070 seconds
[2026-08-21T12:01:45.016+0000] {processor.py:161} INFO - Started process (PID=2314) to work on /home/airflow/.local/lib/python3.8/site-packages/airflow/example_dags/tutorial_dag.py
[2026-08-21T12:01:45.018+0000] {processor.py:830} INFO - Processing file /home/airflow/.local/lib/python3.8/site-packages/airflow/example_dags/tutorial_dag.py for tasks to queue
[2026-08-21T12:01:45.021+0000] {logging_mixin.py:188} INFO - [2026-08-21T12:01:45.021+0000] {dagbag.py:538} INFO - Filling up the DagBag from /home/airflow/.local/lib/python3.8/site-packages/airflow/example_dags/tutorial_dag.py
[2026-08-21T12:01:45.032+0000] {processor.py:840} INFO - DAG(s) 'tutorial_dag' retrieved from /home/airflow/.local/lib/python3.8/site-packages/airflow/example_dags/tutorial_dag.py
[2026-08-21T12:01:45.060+0000] {logging_mixin.py:188} INFO - [2026-08-21T12:01:45.060+0000] {dag.py:3036} INFO - Sync 1 DAGs
[2026-08-21T12:01:45.074+0000] {logging_mixin.py:188} INFO - [2026-08-21T12:01:45.073+0000] {dag.py:3823} INFO - Setting next_dagrun for tutorial_dag to None, run_after=None
[2026-08-21T12:01:45.100+0000] {processor.py:183} INFO - Processing /home/airflow/.local/lib/python3.8/site-packages/airflow/example_dags/tutorial_dag.py took 0.089 seconds
[2026-08-21T12:02:15.278+0000] {processor.py:161} INFO - Started process (PID=2401) to work on /home/airflow/.local/lib/python3.8/site-packages/airflow/example_dags/tutorial_dag.py
[2026-08-21T12:02:15.280+0000] {processor.py:830} INFO - Processing file /home/airflow/.local/lib/python3.8/site-packages/airflow/example_dags/tutorial_dag.py for tasks to queue
[2026-08-21T12:02:15.282+0000] {logging_mixin.py:188} INFO - [2026-08-21T12:02:15.281+0000] {dagbag.py:538} INFO - Filling up the DagBag from /home/airflow/.local/lib/python3.8/site-packages/airflow/example_dags/tutorial_dag.py
[2026-08-21T12:02:15.287+0000] {processor.py:840} INFO - DAG(s) 'tutorial_dag' retrieved from /home/airflow/.local/lib/python3.8/site-packages/airflow/example_dags/tutorial_dag.py
[2026-08-21T12:02:15.308+0000] {logging_mixin.py:188} INFO - [2026-08-21T12:02:15.308+0000] {dag.py:3036} INFO - Sync 1 DAGs
[2026-08-21T12:02:15.319+0000] {logging_mixin.py:188} INFO - [2026-08-21T12:02:15.319+0000] {dag.py:3823} INFO - Setting next_dagrun for tutorial_dag to None, run_after=None
[2026-08-21T12:02:15.337+0000] {processor.py:183} INFO - Processing /home/airflow/.local/lib/python3.8/site-packages/airflow/example_dags/tutorial_dag.py took 0.062 seconds
[2026-08-21T12:02:45.741+0000] {processor.py:161} INFO - Started process (PID=2488) to work on /home/airflow/.local/lib/python3.8/site-packages/airflow/example_dags/tutorial_dag.py
[2026-08-21T12:02:45.743+0000] {processor.py:830} INFO - Processing file /home/airflow/.local/lib/python3.8/site-packages/airflow/example_dags/tutorial_dag.py for tasks to queue
[2026-08-21T12:02:45.745+0000] {logging_mixin.py:188} INFO - [2026-08-21T12:02:45.745+0000] {dagbag.py:538} INFO - Filling up the DagBag from /home/airflow/.local/lib/python3.8/site-packages/airflow/example_dags/tutorial_dag.py
[2026-08-21T12:02:45.752+0000] {processor.py:840} INFO - DAG(s) 'tutorial_dag' retrieved from /home/airflow/.local/lib/python3.8/site-packages/airflow/example_dags/tutorial_dag.py
[2026-08-21T12:02:45.776+0000] {logging_mixin.py:188} INFO - [2026-08-21T12:02:45.776+0000] {dag.py:3036} INFO - Sync 1 DAGs
[2026-08-21T12:02:45.791+0000] {logging_mixin.py:188} INFO - [2026-08-21T12:02:45.789+0000] {dag.py:3823} INFO - Setting next_dagrun for tutorial_dag to None, run_after=None
[2026-08-21T12:02:45.816+0000] {processor.py:183} INFO - Processing /home/airflow/.local/lib/python3.8/site-packages/airflow/example_dags/tutorial_dag.py took 0.079 seconds
[2026-08-21T12:03:16.053+0000] {processor.py:161} INFO - Started process (PID=2575) to work on /home/airflow/.local/lib/python3.8/site-packages/airflow/example_dags/tutorial_dag.py
[2026-08-21T12:03:16.054+0000] {processor.py:830} INFO - Processing file /home/airflow/.local/lib/python3.8/site-packages/airflow/example_dags/tutorial_dag.py for tasks to queue
[2026-08-21T12:03:16.056+0000] {logging_mixin.py:188} INFO - [2026-08-21T12:03:16.056+0000] {dagbag.py:538} INFO - Filling up the DagBag from /home/airflow/.local/lib/python3.8/site-packages/airflow/example_dags/tutorial_dag.py
[2026-08-21T12:03:16.062+0000] {processor.py:840} INFO - DAG(s) 'tutorial_dag' retrieved from /home/airflow/.local/lib/python3.8/site-packages/airflow/example_dags/tutorial_dag.py
[2026-08-21T12:03:16.082+0000] {logging_mixin.py:188} INFO - [2026-08-21T12:03:16.082+0000] {dag.py:3036} INFO - Sync 1 DAGs
[2026-08-21T12:03:16.094+0000] {logging_mixin.py:188} INFO - [2026-08-21T12:03:16.094+0000] {dag.py:3823} INFO - Setting next_dagrun for tutorial_dag to None, run_after=None
[2026-08-21T12:03:16.116+0000] {processor.py:183} INFO - Processing /home/airflow/.local/lib/python3.8/site-packages/airflow/example_dags/tutorial_dag.py took 0.066 seconds
[2026-08-21T12:03:47.034+0000] {processor.py:161} INFO - Started process (PID=2662) to work on /home/airflow/.local/lib/python3.8/site-packages/airflow/example_dags/tutorial_dag.py
[2026-08-21T12:03:47.035+0000] {processor.py:830} INFO - Processing file /home/airflow/.local/lib/python3.8/site-packages/airflow/example_dags/tutorial_dag.py for tasks to queue
[2026-08-21T12:03:47.037+0000] {logging_mixin.py:188} INFO - [2026-08-21T12:03:47.037+0000] {dagbag.py:538} INFO - Filling up the DagBag from /home/airflow/.local/lib/python3.8/site-packages/airflow/example_dags/tutorial_dag.py
[2026-08-21T12:03:47.043+0000] {processor.py:840} INFO - DAG(s) 'tutorial_dag' retrieved from /home/airflow/.local/lib/python3.8/site-packages/airflow/example_dags/tutorial_dag.py
[2026-08-21T12:03:47.065+0000] {logging_mixin.py:188} INFO - [2026-08-21T12:03:47.064+0000] {dag.py:3036} INFO - Sync 1 DAGs
[2026-08-21T12:03:47.077+0000] {logging_mixin.py:188} INFO - [2026-08-21T12:03:47.077+0000] {dag.py:3823} INFO - Setting next_dagrun for tutorial_dag to None, run_after=None
[2026-08-21T12:03:47.095+0000] {processor.py:183} INFO - Processing /home/airflow/.local/lib/python3.8/site-packages/airflow/example_dags/tutorial_dag.py took 0.065 seconds
[2026-08-21T12:04:18.278+0000] {processor.py:161} INFO - Started process (PID=2749) to work on /home/airflow/.local/lib/python3.8/site-packages/airflow/example_dags/tutorial_dag.py
[2026-08-21T12:04:18.279+0000] {processor.py:830} INFO - Processing file /home/airflow/.local/lib/python3.8/site-packages/airflow/example_dags/tutorial_dag.py for tasks to queue
[2026-08-21T12:04:18.282+0000] {logging_mixin.py:188} INFO - [2026-08-21T12:04:18.281+0000] {dagbag.py:538} INFO - Filling up the DagBag from /home/airflow/.local/lib/python3.8/site-packages/airflow/example_dags/tutorial_dag.py
[2026-08-21T12:04:18.288+0000] {processor.py:840} INFO - DAG(s) 'tutorial_dag' retrieved from /home/airflow/.local/lib/python3.8/site-packages/airflow/example_dags/tutorial_dag.py
[2026-08-21T12:04:18.311+0000] {logging_mixin.py:188} INFO - [2026-08-21T12:04:18.311+0000] {dag.py:3036} INFO - Sync 1 DAGs
[2026-08-21T12:04:18.324+0000] {logging_mixin.py:188} INFO - [2026-08-21T12:04:18.324+0000] {dag.py:3823} INFO - Setting next_dagrun for tutorial_dag to None, run_after=None
[2026-08-21T12:04:18.345+0000] {processor.py:183} INFO - Processing /home/airflow/.local/lib/python3.8/site-packages/airflow/example_dags/tutorial_dag.py took 0.070 seconds
[2026-08-21T12:04:49.437+0000] {processor.py:161} INFO - Started process (PID=2836) to work on /home/airflow/.local/lib/python3.8/site-packages/airflow/example_dags/tutorial_dag.py
[2026-08-21T12:04:49.439+0000] {processor.py:830} INFO - Processing file /home/airflow/.local/lib/python3.8/site-packages/airflow/example_dags/tutorial_dag.py for tasks to queue
[2026-08-21T12:04:49.441+0000] {logging_mixin.py:188} INFO - [2026-08-21T12:04:49.441+0000] {dagbag.py:538} INFO - Filling up the DagBag from /home/airflow/.local/lib/python3.8/site-packages/airflow/example_dags/tutorial_dag.py
[2026-08-21T12:04:49.447+0000] {processor.py:840} INFO - DAG(s) 'tutorial_dag' retrieved from /home/airflow/.local/lib/python3.8/site-packages/airflow/example_dags/tutorial_dag.py
[2026-08-21T12:04:49.469+0000] {logging_mixin.py:188} INFO - [2026-08-21T12:04:49.469+0000] {dag.py:3036} INFO - Sync 1 DAGs
[2026-08-21T12:04:49.482+0000] {logging_mixin.py:188} INFO - [2026-08-21T12:04:49.482+0000] {dag.py:3823} INFO - Setting next_dagrun for tutorial_dag to None, run_after=None
[2026-08-21T12:04:49.625+0000] {processor.py:183} INFO - Processing /home/airflow/.local/lib/python3.8/site-packages/airflow/example_dags/tutorial_dag.py took 0.191 seconds
[2026-08-21T12:05:27.150+0000] {processor.py:161} INFO - Started process (PID=2951) to work on /home/airflow/.local/lib/python3.8/site-packages/airflow/example_dags/tutorial_dag.py
[2026-08-21T12:05:27.151+0000] {processor.py:830} INFO - Processing file /home/airflow/.local/lib/python3.8/site-packages/airflow/example_dags/tutorial_dag.py for tasks to queue
[2026-08-21T12:05:27.155+0000] {logging_mixin.py:188} INFO - [2026-08-21T12:05:27.154+0000] {dagbag.py:538} INFO - Filling up the DagBag from /home/airflow/.local/lib/python3.8/site-packages/airflow/example_dags/tutorial_dag.py
[2026-08-21T12:05:27.163+0000] {processor.py:840} INFO - DAG(s) 'tutorial_dag' retrieved from /home/airflow/.local/lib/python3.8/site-packages/airflow/example_dags/tutorial_dag.py
[2026-08-21T12:05:27.193+0000] {logging_mixin.py:188} INFO - [2026-08-21T12:05:27.193+0000] {dag.py:3036} INFO - Sync 1 DAGs
[2026-08-21T12:05:27.209+0000] {logging_mixin.py:188} INFO - [2026-08-21T12:05:27.208+0000] {dag.py:3823} INFO - Setting next_dagrun for tutorial_dag to None, run_after=None
[2026-08-21T12:05:27.237+0000] {processor.py:183} INFO - Processing /home/airflow/.local/lib/python3.8/site-packages/airflow/example_dags/tutorial_dag.py took 0.092 seconds
[2026-08-21T12:05:57.834+0000] {processor.py:161} INFO - Started process (PID=3038) to work on /home/airflow/.local/lib/python3.8/site-packages/airflow/example_dags/tutorial_dag.py
[2026-08-21T12:05:57.836+0000] {processor.py:830} INFO - Processing file /home/airflow/.local/lib/python3.8/site-packages/airflow/example_dags/tutorial_dag.py for tasks to queue
[2026-08-21T12:05:57.838+0000] {logging_mixin.py:188} INFO - [2026-08-21T12:05:57.838+0000] {dagbag.py:538} INFO - Filling up the DagBag from /home/airflow/.local/lib/python3.8/site-packages/airflow/example_dags/tutorial_dag.py
[2026-08-21T12:05:57.850+0000] {processor.py:840} INFO - DAG(s) 'tutorial_dag' retrieved from /home/airflow/.local/lib/python3.8/site-packages/airflow/example_dags/tutorial_dag.py
[2026-08-21T12:05:57.887+0000] {logging_mixin.py:188} INFO - [2026-08-21T12:05:57.886+0000] {dag.py:3036} INFO - Sync 1 DAGs
[2026-08-21T12:05:57.912+0000] {logging_mixin.py:188} INFO - [2026-08-21T12:05:57.912+0000] {dag.py:3823} INFO - Setting next_dagrun for tutorial_dag to None, run_after=None
[2026-08-21T12:05:57.947+0000] {processor.py:183} INFO - Processing /home/airflow/.local/lib/python3.8/site-packages/airflow/example_dags/tutorial_dag.py took 0.117 seconds
[2026-08-21T12:06:28.193+0000] {processor.py:161} INFO - Started process (PID=3126) to work on /home/airflow/.local/lib/python3.8/site-packages/airflow/example_dags/tutorial_dag.py
[2026-08-21T12:06:28.194+0000] {processor.py:830} INFO - Processing file /home/airflow/.local/lib/python3.8/site-packages/airflow/example_dags/tutorial_dag.py for tasks to queue
[2026-08-21T12:06:28.197+0000] {logging_mixin.py:188} INFO - [2026-08-21T12:06:28.197+0000] {dagbag.py:538} INFO - Filling up the DagBag from /home/airflow/.local/lib/python3.8/site-packages/airflow/example_dags/tutorial_dag.py
[2026-08-21T12:06:28.204+0000] {processor.py:840} INFO - DAG(s) 'tutorial_dag' retrieved from /home/airflow/.local/lib/python3.8/site-packages/airflow/example_dags/tutorial_dag.py
[2026-08-21T12:06:28.224+0000] {logging_mixin.py:188} INFO - [2026-08-21T12:06:28.223+0000] {dag.py:3036} INFO - Sync 1 DAGs
[2026-08-21T12:06:28.235+0000] {logging_mixin.py:188} INFO - [2026-08-21T12:06:28.235+0000] {dag.py:3823} INFO - Setting next_dagrun for tutorial_dag to None, run_after=None
[2026-08-21T12:06:28.252+0000] {processor.py:183} INFO - Processing /home/airflow/.local/lib/python3.8/site-packages/airflow/example_dags/tutorial_dag.py took 0.065 seconds
[2026-08-21T12:06:58.465+0000] {processor.py:161} INFO - Started process (PID=3212) to work on /home/airflow/.local/lib/python3.8/site-packages/airflow/example_dags/tutorial_dag.py
[2026-08-21T12:06:58.467+0000] {processor.py:830} INFO - Processing file /home/airflow/.local/lib/python3.8/site-packages/airflow/example_dags/tutorial_dag.py for tasks to queue
[2026-08-21T12:06:58.470+0000] {logging_mixin.py:188} INFO - [2026-08-21T12:06:58.469+0000] {dagbag.py:538} INFO - Filling up the DagBag from /home/airflow/.local/lib/python3.8/site-packages/airflow/example_dags/tutorial_dag.py
[2026-08-21T12:06:58.478+0000] {processor.py:840} INFO - DAG(s) 'tutorial_dag' retrieved from /home/airflow/.local/lib/python3.8/site-packages/airflow/example_dags/tutorial_dag.py
[2026-08-21T12:06:58.505+0000] {logging_mixin.py:188} INFO - [2026-08-21T12:06:58.505+0000] {dag.py:3036} INFO - Sync 1 DAGs
[2026-08-21T12:06:58.521+0000] {logging_mixin.py:188} INFO - [2026-08-21T12:06:58.521+0000] {dag.py:3823} INFO - Setting next_dagrun for tutorial_dag to None, run_after=None
[2026-08-21T12:06:58.554+0000] {processor.py:183} INFO - Processing /home/airflow/.local/lib/python3.8/site-packages/airflow/example_dags/tutorial_dag.py took 0.094 seconds
[2026-08-21T12:07:28.964+0000] {processor.py:161} INFO - Started process (PID=3299) to work on /home/airflow/.local/lib/python3.8/site-packages/airflow/example_dags/tutorial_dag.py
[2026-08-21T12:07:28.966+0000] {processor.py:830} INFO - Processing file /home/airflow/.local/lib/python3.8/site-packages/airflow/example_dags/tutorial_dag.py for tasks to queue
[2026-08-21T12:07:28.968+0000] {logging_mixin.py:188} INFO - [2026-08-21T12:07:28.968+0000] {dagbag.py:538} INFO - Filling up the DagBag from /home/airflow/.local/lib/python3.8/site-packages/airflow/example_dags/tutorial_dag.py
[2026-08-21T12:07:28.974+0000] {processor.py:840} INFO - DAG(s) 'tutorial_dag' retrieved from /home/airflow/.local/lib/python3.8/site-packages/airflow/example_dags/tutorial_dag.py
[2026-08-21T12:07:28.996+0000] {logging_mixin.py:188} INFO - [2026-08-21T12:07:28.996+0000] {dag.py:3036} INFO - Sync 1 DAGs
[2026-08-21T12:07:29.009+0000] {logging_mixin.py:188} INFO - [2026-08-21T12:07:29.008+0000] {dag.py:3823} INFO - Setting next_dagrun for tutorial_dag to None, run_after=None
[2026-08-21T12:07:29.029+0000] {processor.py:183} INFO - Processing /home/airflow/.local/lib/python3.8/site-packages/airflow/example_dags/tutorial_dag.py took 0.069 seconds
[2026-08-21T12:07:59.905+0000] {processor.py:161} INFO - Started process (PID=3386) to work on /home/airflow/.local/lib/python3.8/site-packages/airflow/example_dags/tutorial_dag.py
[2026-08-21T12:07:59.908+0000] {processor.py:830} INFO - Processing file /home/airflow/.local/lib/python3.8/site-packages/airflow/example_dags/tutorial_dag.py for tasks to queue
[2026-08-21T12:07:59.911+0000] {logging_mixin.py:188} INFO - [2026-08-21T12:07:59.910+0000] {dagbag.py:538} INFO - Filling up the DagBag from /home/airflow/.local/lib/python3.8/site-packages/airflow/example_dags/tutorial_dag.py
[2026-08-21T12:07:59.920+0000] {processor.py:840} INFO - DAG(s) 'tutorial_dag' retrieved from /home/airflow/.local/lib/python3.8/site-packages/airflow/example_dags/tutorial_dag.py
[2026-08-21T12:07:59.957+0000] {logging_mixin.py:188} INFO - [2026-08-21T12:07:59.956+0000] {dag.py:3036} INFO - Sync 1 DAGs
[2026-08-21T12:07:59.982+0000] {logging_mixin.py:188} INFO - [2026-08-21T12:07:59.981+0000] {dag.py:3823} INFO - Setting next_dagrun for tutorial_dag to None, run_after=None
[2026-08-21T12:08:00.036+0000] {processor.py:183} INFO - Processing /home/airflow/.local/lib/python3.8/site-packages/airflow/example_dags/tutorial_dag.py took 0.138 seconds
[2026-08-21T12:08:30.243+0000] {processor.py:161} INFO - Started process (PID=3475) to work on /home/airflow/.local/lib/python3.8/site-packages/airflow/example_dags/tutorial_dag.py
[2026-08-21T12:08:30.245+0000] {processor.py:830} INFO - Processing file /home/airflow/.local/lib/python3.8/site-packages/airflow/example_dags/tutorial_dag.py for tasks to queue
[2026-08-21T12:08:30.247+0000] {logging_mixin.py:188} INFO - [2026-08-21T12:08:30.247+0000] {dagbag.py:538} INFO - Filling up the DagBag from /home/airflow/.local/lib/python3.8/site-packages/airflow/example_dags/tutorial_dag.py
[2026-08-21T12:08:30.253+0000] {processor.py:840} INFO - DAG(s) 'tutorial_dag' retrieved from /home/airflow/.local/lib/python3.8/site-packages/airflow/example_dags/tutorial_dag.py
[2026-08-21T12:08:30.275+0000] {logging_mixin.py:188} INFO - [2026-08-21T12:08:30.275+0000] {dag.py:3036} INFO - Sync 1 DAGs
[2026-08-21T12:08:30.287+0000] {logging_mixin.py:188} INFO - [2026-08-21T12:08:30.287+0000] {dag.py:3823} INFO - Setting next_dagrun for tutorial_dag to None, run_after=None
[2026-08-21T12:08:30.306+0000] {processor.py:183} INFO - Processing /home/airflow/.local/lib/python3.8/site-packages/airflow/example_dags/tutorial_dag.py took 0.066 seconds
[2026-08-21T12:09:00.857+0000] {processor.py:161} INFO - Started process (PID=3566) to work on /home/airflow/.local/lib/python3.8/site-packages/airflow/example_dags/tutorial_dag.py
[2026-08-21T12:09:00.858+0000] {processor.py:830} INFO - Processing file /home/airflow/.local/lib/python3.8/site-packages/airflow/example_dags/tutorial_dag.py for tasks to queue
[2026-08-21T12:09:00.861+0000] {logging_mixin.py:188} INFO - [2026-08-21T12:09:00.860+0000] {dagbag.py:538} INFO - Filling up the DagBag from /home/airflow/.local/lib/python3.8/site-packages/airflow/example_dags/tutorial_dag.py
[2026-08-21T12:09:00.868+0000] {processor.py:840} INFO - DAG(s) 'tutorial_dag' retrieved from /home/airflow/.local/lib/python3.8/site-packages/airflow/example_dags/tutorial_dag.py
[2026-08-21T12:09:00.897+0000] {logging_mixin.py:188} INFO - [2026-08-21T12:09:00.896+0000] {dag.py:3036} INFO - Sync 1 DAGs
[2026-08-21T12:09:00.913+0000] {logging_mixin.py:188} INFO - [2026-08-21T12:09:00.913+0000] {dag.py:3823} INFO - Setting next_dagrun for tutorial_dag to None, run_after=None
[2026-08-21T12:09:00.943+0000] {processor.py:183} INFO - Processing /home/airflow/.local/lib/python3.8/site-packages/airflow/example_dags/tutorial_dag.py took 0.091 seconds
[2026-08-21T12:09:31.498+0000] {processor.py:161} INFO - Started process (PID=3653) to work on /home/airflow/.local/lib/python3.8/site-packages/airflow/example_dags/tutorial_dag.py
[2026-08-21T12:09:31.500+0000] {processor.py:830} INFO - Processing file /home/airflow/.local/lib/python3.8/site-packages/airflow/example_dags/tutorial_dag.py for tasks to queue
[2026-08-21T12:09:31.503+0000] {logging_mixin.py:188} INFO - [2026-08-21T12:09:31.502+0000] {dagbag.py:538} INFO - Filling up the DagBag from /home/airflow/.local/lib/python3.8/site-packages/airflow/example_dags/tutorial_dag.py
[2026-08-21T12:09:31.513+0000] {processor.py:840} INFO - DAG(s) 'tutorial_dag' retrieved from /home/airflow/.local/lib/python3.8/site-packages/airflow/example_dags/tutorial_dag.py
[2026-08-21T12:09:31.542+0000] {logging_mixin.py:188} INFO - [2026-08-21T12:09:31.542+0000] {dag.py:3036} INFO - Sync 1 DAGs
[2026-08-21T12:09:31.556+0000] {logging_mixin.py:188} INFO - [2026-08-21T12:09:31.556+0000] {dag.py:3823} INFO - Setting next_dagrun for tutorial_dag to None, run_after=None
[2026-08-21T12:09:31.580+0000] {processor.py:183} INFO - Processing /home/airflow/.local/lib/python3.8/site-packages/airflow/example_dags/tutorial_dag.py took 0.086 seconds
[2026-08-21T12:10:01.871+0000] {processor.py:161} INFO - Started process (PID=3740) to work on /home/airflow/.local/lib/python3.8/site-packages/airflow/example_dags/tutorial_dag.py
[2026-08-21T12:10:01.872+0000] {processor.py:830} INFO - Processing file /home/airflow/.local/lib/python3.8/site-packages/airflow/example_dags/tutorial_dag.py for tasks to queue
[2026-08-21T12:10:01.875+0000] {logging_mixin.py:188} INFO - [2026-08-21T12:10:01.874+0000] {dagbag.py:538} INFO - Filling up the DagBag from /home/airflow/.local/lib/python3.8/site-packages/airflow/example_dags/tutorial_dag.py
[2026-08-21T12:10:01.882+0000] {processor.py:840} INFO - DAG(s) 'tutorial_dag' retrieved from /home/airflow/.local/lib/python3.8/site-packages/airflow/example_dags/tutorial_dag.py
[2026-08-21T12:10:01.907+0000] {logging_mixin.py:188} INFO - [2026-08-21T12:10:01.907+0000] {dag.py:3036} INFO - Sync 1 DAGs
[2026-08-21T12:10:01.921+0000] {logging_mixin.py:188} INFO - [2026-08-21T12:10:01.921+0000] {dag.py:3823} INFO - Setting next_dagrun for tutorial_dag to None, run_after=None
[2026-08-21T12:10:01.945+0000] {processor.py:183} INFO - Processing /home/airflow/.local/lib/python3.8/site-packages/airflow/example_dags/tutorial_dag.py took 0.078 seconds
[2026-08-21T12:10:32.447+0000] {processor.py:161} INFO - Started process (PID=3831) to work on /home/airflow/.local/lib/python3.8/site-packages/airflow/example_dags/tutorial_dag.py
[2026-08-21T12:10:32.448+0000] {processor.py:830} INFO - Processing file /home/airflow/.local/lib/python3.8/site-packages/airflow/example_dags/tutorial_dag.py for tasks to queue
[2026-08-21T12:10:32.450+0000] {logging_mixin.py:188} INFO - [2026-08-21T12:10:32.450+0000] {dagbag.py:538} INFO - Filling up the DagBag from /home/airflow/.local/lib/python3.8/site-packages/airflow/example_dags/tutorial_dag.py
[2026-08-21T12:10:32.456+0000] {processor.py:840} INFO - DAG(s) 'tutorial_dag' retrieved from /home/airflow/.local/lib/python3.8/site-packages/airflow/example_dags/tutorial_dag.py
[2026-08-21T12:10:32.478+0000] {logging_mixin.py:188} INFO - [2026-08-21T12:10:32.478+0000] {dag.py:3036} INFO - Sync 1 DAGs
[2026-08-21T12:10:32.490+0000] {logging_mixin.py:188} INFO - [2026-08-21T12:10:32.490+0000] {dag.py:3823} INFO - Setting next_dagrun for tutorial_dag to None, run_after=None
[2026-08-21T12:10:32.510+0000] {processor.py:183} INFO - Processing /home/airflow/.local/lib/python3.8/site-packages/airflow/example_dags/tutorial_dag.py took 0.067 seconds
[2026-08-21T12:11:03.330+0000] {processor.py:161} INFO - Started process (PID=3919) to work on /home/airflow/.local/lib/python3.8/site-packages/airflow/example_dags/tutorial_dag.py
[2026-08-21T12:11:03.332+0000] {processor.py:830} INFO - Processing file /home/airflow/.local/lib/python3.8/site-packages/airflow/example_dags/tutorial_dag.py for tasks to queue
[2026-08-21T12:11:03.334+0000] {logging_mixin.py:188} INFO - [2026-08-21T12:11:03.334+0000] {dagbag.py:538} INFO - Filling up the DagBag from /home/airflow/.local/lib/python3.8/site-packages/airflow/example_dags/tutorial_dag.py
[2026-08-21T12:11:03.341+0000] {processor.py:840} INFO - DAG(s) 'tutorial_dag' retrieved from /home/airflow/.local/lib/python3.8/site-packages/airflow/example_dags/tutorial_dag.py
[2026-08-21T12:11:03.364+0000] {logging_mixin.py:188} INFO - [2026-08-21T12:11:03.364+0000] {dag.py:3036} INFO - Sync 1 DAGs
[2026-08-21T12:11:03.378+0000] {logging_mixin.py:188} INFO - [2026-08-21T12:11:03.377+0000] {dag.py:3823} INFO - Setting next_dagrun for tutorial_dag to None, run_after=None
[2026-08-21T12:11:03.520+0000] {processor.py:183} INFO - Processing /home/airflow/.local/lib/python3.8/site-packages/airflow/example_dags/tutorial_dag.py took 0.194 seconds
[2026-08-21T12:11:33.775+0000] {processor.py:161} INFO - Started process (PID=4006) to work on /home/airflow/.local/lib/python3.8/site-packages/airflow/example_dags/tutorial_dag.py
[2026-08-21T12:11:33.777+0000] {processor.py:830} INFO - Processing file /home/airflow/.local/lib/python3.8/site-packages/airflow/example_dags/tutorial_dag.py for tasks to queue
[2026-08-21T12:11:33.779+0000] {logging_mixin.py:188} INFO - [2026-08-21T12:11:33.779+0000] {dagbag.py:538} INFO - Filling up the DagBag from /home/airflow/.local/lib/python3.8/site-packages/airflow/example_dags/tutorial_dag.py
[2026-08-21T12:11:33.786+0000] {processor.py:840} INFO - DAG(s) 'tutorial_dag' retrieved from /home/airflow/.local/lib/python3.8/site-packages/airflow/example_dags/tutorial_dag.py
[2026-08-21T12:11:33.809+0000] {logging_mixin.py:188} INFO - [2026-08-21T12:11:33.809+0000] {dag.py:3036} INFO - Sync 1 DAGs
[2026-08-21T12:11:33.822+0000] {logging_mixin.py:188} INFO - [2026-08-21T12:11:33.821+0000] {dag.py:3823} INFO - Setting next_dagrun for tutorial_dag to None, run_after=None
[2026-08-21T12:11:33.845+0000] {processor.py:183} INFO - Processing /home/airflow/.local/lib/python3.8/site-packages/airflow/example_dags/tutorial_dag.py took 0.073 seconds
[2026-08-21T12:12:04.796+0000] {processor.py:161} INFO - Started process (PID=4093) to work on /home/airflow/.local/lib/python3.8/site-packages/airflow/example_dags/tutorial_dag.py
[2026-08-21T12:12:04.798+0000] {processor.py:830} INFO - Processing file /home/airflow/.local/lib/python3.8/site-packages/airflow/example_dags/tutorial_dag.py for tasks to queue
[2026-08-21T12:12:04.800+0000] {logging_mixin.py:188} INFO - [2026-08-21T12:12:04.800+0000] {dagbag.py:538} INFO - Filling up the DagBag from /home/airflow/.local/lib/python3.8/site-packages/airflow/example_dags/tutorial_dag.py
[2026-08-21T12:12:04.807+0000] {processor.py:840} INFO - DAG(s) 'tutorial_dag' retrieved from /home/airflow/.local/lib/python3.8/site-packages/airflow/example_dags/tutorial_dag.py
[2026-08-21T12:12:04.827+0000] {logging_mixin.py:188} INFO - [2026-08-21T12:12:04.827+0000] {dag.py:3036} INFO - Sync 1 DAGs
[2026-08-21T12:12:04.839+0000] {logging_mixin.py:188} INFO - [2026-08-21T12:12:04.839+0000] {dag.py:3823} INFO - Setting next_dagrun for tutorial_dag to None, run_after=None
[2026-08-21T12:12:04.857+0000] {processor.py:183} INFO - Processing /home/airflow/.local/lib/python3.8/site-packages/airflow/example_dags/tutorial_dag.py took 0.064 seconds
[2026-08-21T12:12:35.536+0000] {processor.py:161} INFO - Started process (PID=4180) to work on /home/airflow/.local/lib/python3.8/site-packages/airflow/example_dags/tutorial_dag.py
[2026-08-21T12:12:35.537+0000] {processor.py:830} INFO - Processing file /home/airflow/.local/lib/python3.8/site-packages/airflow/example_dags/tutorial_dag.py for tasks to queue
[2026-08-21T12:12:35.539+0000] {logging_mixin.py:188} INFO - [2026-08-21T12:12:35.539+0000] {dagbag.py:538} INFO - Filling up the DagBag from /home/airflow/.local/lib/python3.8/site-packages/airflow/example_dags/tutorial_dag.py
[2026-08-21T12:12:35.545+0000] {processor.py:840} INFO - DAG(s) 'tutorial_dag' retrieved from /home/airflow/.local/lib/python3.8/site-packages/airflow/example_dags/tutorial_dag.py
[2026-08-21T12:12:35.566+0000] {logging_mixin.py:188} INFO - [2026-08-21T12:12:35.565+0000] {dag.py:3036} INFO - Sync 1 DAGs
[2026-08-21T12:12:35.578+0000] {logging_mixin.py:188} INFO - [2026-08-21T12:12:35.578+0000] {dag.py:3823} INFO - Setting next_dagrun for tutorial_dag to None, run_after=None
[2026-08-21T12:12:35.600+0000] {processor.py:183} INFO - Processing /home/airflow/.local/lib/python3.8/site-packages/airflow/example_dags/tutorial_dag.py took 0.068 seconds
[2026-08-21T12:13:06.058+0000] {processor.py:161} INFO - Started process (PID=4267) to work on /home/airflow/.local/lib/python3.8/site-packages/airflow/example_dags/tutorial_dag.py
[2026-08-21T12:13:06.059+0000] {processor.py:830} INFO - Processing file /home/airflow/.local/lib/python3.8/site-packages/airflow/example_dags/tutorial_dag.py for tasks to queue
[2026-08-21T12:13:06.061+0000] {logging_mixin.py:188} INFO - [2026-08-21T12:13:06.061+0000] {dagbag.py:538} INFO - Filling up the DagBag from /home/airflow/.local/lib/python3.8/site-packages/airflow/example_dags/tutorial_dag.py
[2026-08-21T12:13:06.067+0000] {processor.py:840} INFO - DAG(s) 'tutorial_dag' retrieved from /home/airflow/.local/lib/python3.8/site-packages/airflow/example_dags/tutorial_dag.py
[2026-08-21T12:13:06.093+0000] {logging_mixin.py:188} INFO - [2026-08-21T12:13:06.092+0000] {dag.py:3036} INFO - Sync 1 DAGs
[2026-08-21T12:13:06.108+0000] {logging_mixin.py:188} INFO - [2026-08-21T12:13:06.107+0000] {dag.py:3823} INFO - Setting next_dagrun for tutorial_dag to None, run_after=None
[2026-08-21T12:13:06.127+0000] {processor.py:183} INFO - Processing /home/airflow/.local/lib/python3.8/site-packages/airflow/example_dags/tutorial_dag.py took 0.074 seconds
[2026-08-21T12:13:36.507+0000] {processor.py:161} INFO - Started process (PID=4354) to work on /home/airflow/.local/lib/python3.8/site-packages/airflow/example_dags/tutorial_dag.py
[2026-08-21T12:13:36.508+0000] {processor.py:830} INFO - Processing file /home/airflow/.local/lib/python3.8/site-packages/airflow/example_dags/tutorial_dag.py for tasks to queue
[2026-08-21T12:13:36.510+0000] {logging_mixin.py:188} INFO - [2026-08-21T12:13:36.510+0000] {dagbag.py:538} INFO - Filling up the DagBag from /home/airflow/.local/lib/python3.8/site-packages/airflow/example_dags/tutorial_dag.py
[2026-08-21T12:13:36.516+0000] {processor.py:840} INFO - DAG(s) 'tutorial_dag' retrieved from /home/airflow/.local/lib/python3.8/site-packages/airflow/example_dags/tutorial_dag.py
[2026-08-21T12:13:36.535+0000] {logging_mixin.py:188} INFO - [2026-08-21T12:13:36.535+0000] {dag.py:3036} INFO - Sync 1 DAGs
[2026-08-21T12:13:36.546+0000] {logging_mixin.py:188} INFO - [2026-08-21T12:13:36.546+0000] {dag.py:3823} INFO - Setting next_dagrun for tutorial_dag to None, run_after=None
[2026-08-21T12:13:36.563+0000] {processor.py:183} INFO - Processing /home/airflow/.local/lib/python3.8/site-packages/airflow/example_dags/tutorial_dag.py took 0.060 seconds
[2026-08-21T12:14:08.670+0000] {processor.py:161} INFO - Started process (PID=4442) to work on /home/airflow/.local/lib/python3.8/site-packages/airflow/example_dags/tutorial_dag.py
[2026-08-21T12:14:08.672+0000] {processor.py:830} INFO - Processing file /home/airflow/.local/lib/python3.8/site-packages/airflow/example_dags/tutorial_dag.py for tasks to queue
[2026-08-21T12:14:08.675+0000] {logging_mixin.py:188} INFO - [2026-08-21T12:14:08.674+0000] {dagbag.py:538} INFO - Filling up the DagBag from /home/airflow/.local/lib/python3.8/site-packages/airflow/example_dags/tutorial_dag.py
[2026-08-21T12:14:08.683+0000] {processor.py:840} INFO - DAG(s) 'tutorial_dag' retrieved from /home/airflow/.local/lib/python3.8/site-packages/airflow/example_dags/tutorial_dag.py
[2026-08-21T12:14:08.710+0000] {logging_mixin.py:188} INFO - [2026-08-21T12:14:08.710+0000] {dag.py:3036} INFO - Sync 1 DAGs
[2026-08-21T12:14:08.725+0000] {logging_mixin.py:188} INFO - [2026-08-21T12:14:08.725+0000] {dag.py:3823} INFO - Setting next_dagrun for tutorial_dag to None, run_after=None
[2026-08-21T12:14:08.753+0000] {processor.py:183} INFO - Processing /home/airflow/.local/lib/python3.8/site-packages/airflow/example_dags/tutorial_dag.py took 0.086 seconds
[2026-08-21T12:14:39.204+0000] {processor.py:161} INFO - Started process (PID=4529) to work on /home/airflow/.local/lib/python3.8/site-packages/airflow/example_dags/tutorial_dag.py
[2026-08-21T12:14:39.205+0000] {processor.py:830} INFO - Processing file /home/airflow/.local/lib/python3.8/site-packages/airflow/example_dags/tutorial_dag.py for tasks to queue
[2026-08-21T12:14:39.207+0000] {logging_mixin.py:188} INFO - [2026-08-21T12:14:39.207+0000] {dagbag.py:538} INFO - Filling up the DagBag from /home/airflow/.local/lib/python3.8/site-packages/airflow/example_dags/tutorial_dag.py
[2026-08-21T12:14:39.213+0000] {processor.py:840} INFO - DAG(s) 'tutorial_dag' retrieved from /home/airflow/.local/lib/python3.8/site-packages/airflow/example_dags/tutorial_dag.py
[2026-08-21T12:14:39.235+0000] {logging_mixin.py:188} INFO - [2026-08-21T12:14:39.234+0000] {dag.py:3036} INFO - Sync 1 DAGs
[2026-08-21T12:14:39.247+0000] {logging_mixin.py:188} INFO - [2026-08-21T12:14:39.247+0000] {dag.py:3823} INFO - Setting next_dagrun for tutorial_dag to None, run_after=None
[2026-08-21T12:14:39.268+0000] {processor.py:183} INFO - Processing /home/airflow/.local/lib/python3.8/site-packages/airflow/example_dags/tutorial_dag.py took 0.068 seconds
[2026-08-21T12:15:10.094+0000] {processor.py:161} INFO - Started process (PID=4616) to work on /home/airflow/.local/lib/python3.8/site-packages/airflow/example_dags/tutorial_dag.py
[2026-08-21T12:15:10.096+0000] {processor.py:830} INFO - Processing file /home/airflow/.local/lib/python3.8/site-packages/airflow/example_dags/tutorial_dag.py for tasks to queue
[2026-08-21T12:15:10.097+0000] {logging_mixin.py:188} INFO - [2026-08-21T12:15:10.097+0000] {dagbag.py:538} INFO - Filling up the DagBag from /home/airflow/.local/lib/python3.8/site-packages/airflow/example_dags/tutorial_dag.py
[2026-08-21T12:15:10.103+0000] {processor.py:840} INFO - DAG(s) 'tutorial_dag' retrieved from /home/airflow/.local/lib/python3.8/site-packages/airflow/example_dags/tutorial_dag.py
[2026-08-21T12:15:10.126+0000] {logging_mixin.py:188} INFO - [2026-08-21T12:15:10.125+0000] {dag.py:3036} INFO - Sync 1 DAGs
[2026-08-21T12:15:10.137+0000] {logging_mixin.py:188} INFO - [2026-08-21T12:15:10.137+0000] {dag.py:3823} INFO - Setting next_dagrun for tutorial_dag to None, run_after=None
[2026-08-21T12:15:10.165+0000] {processor.py:183} INFO - Processing /home/airflow/.local/lib/python3.8/site-packages/airflow/example_dags/tutorial_dag.py took 0.075 seconds
[2026-08-21T12:15:40.583+0000] {processor.py:161} INFO - Started process (PID=4703) to work on /home/airflow/.local/lib/python3.8/site-packages/airflow/example_dags/tutorial_dag.py
[2026-08-21T12:15:40.585+0000] {processor.py:830} INFO - Processing file /home/airflow/.local/lib/python3.8/site-packages/airflow/example_dags/tutorial_dag.py for tasks to queue
[2026-08-21T12:15:40.588+0000] {logging_mixin.py:188} INFO - [2026-08-21T12:15:40.587+0000] {dagbag.py:538} INFO - Filling up the DagBag from /home/airflow/.local/lib/python3.8/site-packages/airflow/example_dags/tutorial_dag.py
[2026-08-21T12:15:40.594+0000] {processor.py:840} INFO - DAG(s) 'tutorial_dag' retrieved from /home/airflow/.local/lib/python3.8/site-packages/airflow/example_dags/tutorial_dag.py
[2026-08-21T12:15:40.618+0000] {logging_mixin.py:188} INFO - [2026-08-21T12:15:40.618+0000] {dag.py:3036} INFO - Sync 1 DAGs
[2026-08-21T12:15:40.632+0000] {logging_mixin.py:188} INFO - [2026-08-21T12:15:40.632+0000] {dag.py:3823} INFO - Setting next_dagrun for tutorial_dag to None, run_after=None
[2026-08-21T12:15:40.653+0000] {processor.py:183} INFO - Processing /home/airflow/.local/lib/python3.8/site-packages/airflow/example_dags/tutorial_dag.py took 0.073 seconds
[2026-08-21T12:16:11.288+0000] {processor.py:161} INFO - Started process (PID=4790) to work on /home/airflow/.local/lib/python3.8/site-packages/airflow/example_dags/tutorial_dag.py
[2026-08-21T12:16:11.289+0000] {processor.py:830} INFO - Processing file /home/airflow/.local/lib/python3.8/site-packages/airflow/example_dags/tutorial_dag.py for tasks to queue
[2026-08-21T12:16:11.292+0000] {logging_mixin.py:188} INFO - [2026-08-21T12:16:11.291+0000] {dagbag.py:538} INFO - Filling up the DagBag from /home/airflow/.local/lib/python3.8/site-packages/airflow/example_dags/tutorial_dag.py
[2026-08-21T12:16:11.298+0000] {processor.py:840} INFO - DAG(s) 'tutorial_dag' retrieved from /home/airflow/.local/lib/python3.8/site-packages/airflow/example_dags/tutorial_dag.py
[2026-08-21T12:16:11.318+0000] {logging_mixin.py:188} INFO - [2026-08-21T12:16:11.317+0000] {dag.py:3036} INFO - Sync 1 DAGs
[2026-08-21T12:16:11.329+0000] {logging_mixin.py:188} INFO - [2026-08-21T12:16:11.329+0000] {dag.py:3823} INFO - Setting next_dagrun for tutorial_dag to None, run_after=None
[2026-08-21T12:16:11.347+0000] {processor.py:183} INFO - Processing /home/airflow/.local/lib/python3.8/site-packages/airflow/example_dags/tutorial_dag.py took 0.063 seconds
[2026-08-21T12:16:42.722+0000] {processor.py:161} INFO - Started process (PID=4878) to work on /home/airflow/.local/lib/python3.8/site-packages/airflow/example_dags/tutorial_dag.py
[2026-08-21T12:16:42.724+0000] {processor.py:830} INFO - Processing file /home/airflow/.local/lib/python3.8/site-packages/airflow/example_dags/tutorial_dag.py for tasks to queue
[2026-08-21T12:16:42.726+0000] {logging_mixin.py:188} INFO - [2026-08-21T12:16:42.726+0000] {dagbag.py:538} INFO - Filling up the DagBag from /home/airflow/.local/lib/python3.8/site-packages/airflow/example_dags/tutorial_dag.py
[2026-08-21T12:16:42.733+0000] {processor.py:840} INFO - DAG(s) 'tutorial_dag' retrieved from /home/airflow/.local/lib/python3.8/site-packages/airflow/example_dags/tutorial_dag.py
[2026-08-21T12:16:42.754+0000] {logging_mixin.py:188} INFO - [2026-08-21T12:16:42.753+0000] {dag.py:3036} INFO - Sync 1 DAGs
[2026-08-21T12:16:42.766+0000] {logging_mixin.py:188} INFO - [2026-08-21T12:16:42.766+0000] {dag.py:3823} INFO - Setting next_dagrun for tutorial_dag to None, run_after=None
[2026-08-21T12:16:42.791+0000] {processor.py:183} INFO - Processing /home/airflow/.local/lib/python3.8/site-packages/airflow/example_dags/tutorial_dag.py took 0.072 seconds
[2026-08-21T12:17:13.224+0000] {processor.py:161} INFO - Started process (PID=4965) to work on /home/airflow/.local/lib/python3.8/site-packages/airflow/example_dags/tutorial_dag.py
[2026-08-21T12:17:13.225+0000] {processor.py:830} INFO - Processing file /home/airflow/.local/lib/python3.8/site-packages/airflow/example_dags/tutorial_dag.py for tasks to queue
[2026-08-21T12:17:13.227+0000] {logging_mixin.py:188} INFO - [2026-08-21T12:17:13.227+0000] {dagbag.py:538} INFO - Filling up the DagBag from /home/airflow/.local/lib/python3.8/site-packages/airflow/example_dags/tutorial_dag.py
[2026-08-21T12:17:13.233+0000] {processor.py:840} INFO - DAG(s) 'tutorial_dag' retrieved from /home/airflow/.local/lib/python3.8/site-packages/airflow/example_dags/tutorial_dag.py
[2026-08-21T12:17:13.254+0000] {logging_mixin.py:188} INFO - [2026-08-21T12:17:13.253+0000] {dag.py:3036} INFO - Sync 1 DAGs
[2026-08-21T12:17:13.265+0000] {logging_mixin.py:188} INFO - [2026-08-21T12:17:13.265+0000] {dag.py:3823} INFO - Setting next_dagrun for tutorial_dag to None, run_after=None
[2026-08-21T12:17:13.286+0000] {processor.py:183} INFO - Processing /home/airflow/.local/lib/python3.8/site-packages/airflow/example_dags/tutorial_dag.py took 0.065 seconds
[2026-08-21T12:17:43.621+0000] {processor.py:161} INFO - Started process (PID=5052) to work on /home/airflow/.local/lib/python3.8/site-packages/airflow/example_dags/tutorial_dag.py
[2026-08-21T12:17:43.622+0000] {processor.py:830} INFO - Processing file /home/airflow/.local/lib/python3.8/site-packages/airflow/example_dags/tutorial_dag.py for tasks to queue
[2026-08-21T12:17:43.625+0000] {logging_mixin.py:188} INFO - [2026-08-21T12:17:43.624+0000] {dagbag.py:538} INFO - Filling up the DagBag from /home/airflow/.local/lib/python3.8/site-packages/airflow/example_dags/tutorial_dag.py
[2026-08-21T12:17:43.631+0000] {processor.py:840} INFO - DAG(s) 'tutorial_dag' retrieved from /home/airflow/.local/lib/python3.8/site-packages/airflow/example_dags/tutorial_dag.py
[2026-08-21T12:17:43.653+0000] {logging_mixin.py:188} INFO - [2026-08-21T12:17:43.653+0000] {dag.py:3036} INFO - Sync 1 DAGs
[2026-08-21T12:17:43.666+0000] {logging_mixin.py:188} INFO - [2026-08-21T12:17:43.666+0000] {dag.py:3823} INFO - Setting next_dagrun for tutorial_dag to None, run_after=None
[2026-08-21T12:17:43.689+0000] {processor.py:183} INFO - Processing /home/airflow/.local/lib/python3.8/site-packages/airflow/example_dags/tutorial_dag.py took 0.073 seconds
[2026-08-21T12:18:15.256+0000] {processor.py:161} INFO - Started process (PID=5139) to work on /home/airflow/.local/lib/python3.8/site-packages/airflow/example_dags/tutorial_dag.py
[2026-08-21T12:18:15.259+0000] {processor.py:830} INFO - Processing file /home/airflow/.local/lib/python3.8/site-packages/airflow/example_dags/tutorial_dag.py for tasks to queue
[2026-08-21T12:18:15.264+0000] {logging_mixin.py:188} INFO - [2026-08-21T12:18:15.263+0000] {dagbag.py:538} INFO - Filling up the DagBag from /home/airflow/.local/lib/python3.8/site-packages/airflow/example_dags/tutorial_dag.py
[2026-08-21T12:18:15.276+0000] {processor.py:840} INFO - DAG(s) 'tutorial_dag' retrieved from /home/airflow/.local/lib/python3.8/site-packages/airflow/example_dags/tutorial_dag.py
[2026-08-21T12:18:15.312+0000] {logging_mixin.py:188} INFO - [2026-08-21T12:18:15.312+0000] {dag.py:3036} INFO - Sync 1 DAGs
[2026-08-21T12:18:15.337+0000] {logging_mixin.py:188} INFO - [2026-08-21T12:18:15.337+0000] {dag.py:3823} INFO - Setting next_dagrun for tutorial_dag to None, run_after=None
[2026-08-21T12:18:15.377+0000] {processor.py:183} INFO - Processing /home/airflow/.local/lib/python3.8/site-packages/airflow/example_dags/tutorial_dag.py took 0.128 seconds
[2026-08-21T12:18:45.455+0000] {processor.py:161} INFO - Started process (PID=5226) to work on /home/airflow/.local/lib/python3.8/site-packages/airflow/example_dags/tutorial_dag.py
[2026-08-21T12:18:45.456+0000] {processor.py:830} INFO - Processing file /home/airflow/.local/lib/python3.8/site-packages/airflow/example_dags/tutorial_dag.py for tasks to queue
[2026-08-21T12:18:45.459+0000] {logging_mixin.py:188} INFO - [2026-08-21T12:18:45.458+0000] {dagbag.py:538} INFO - Filling up the DagBag from /home/airflow/.local/lib/python3.8/site-packages/airflow/example_dags/tutorial_dag.py
[2026-08-21T12:18:45.469+0000] {processor.py:840} INFO - DAG(s) 'tutorial_dag' retrieved from /home/airflow/.local/lib/python3.8/site-packages/airflow/example_dags/tutorial_dag.py
[2026-08-21T12:18:45.496+0000] {logging_mixin.py:188} INFO - [2026-08-21T12:18:45.496+0000] {dag.py:3036} INFO - Sync 1 DAGs
[2026-08-21T12:18:45.509+0000] {logging_mixin.py:188} INFO - [2026-08-21T12:18:45.509+0000] {dag.py:3823} INFO - Setting next_dagrun for tutorial_dag to None, run_after=None
[2026-08-21T12:18:45.526+0000] {processor.py:183} INFO - Processing /home/airflow/.local/lib/python3.8/site-packages/airflow/example_dags/tutorial_dag.py took 0.077 seconds
[2026-08-21T12:19:16.079+0000] {processor.py:161} INFO - Started process (PID=5313) to work on /home/airflow/.local/lib/python3.8/site-packages/airflow/example_dags/tutorial_dag.py
[2026-08-21T12:19:16.080+0000] {processor.py:830} INFO - Processing file /home/airflow/.local/lib/python3.8/site-packages/airflow/example_dags/tutorial_dag.py for tasks to queue
[2026-08-21T12:19:16.083+0000] {logging_mixin.py:188} INFO - [2026-08-21T12:19:16.083+0000] {dagbag.py:538} INFO - Filling up the DagBag from /home/airflow/.local/lib/python3.8/site-packages/airflow/example_dags/tutorial_dag.py
[2026-08-21T12:19:16.089+0000] {processor.py:840} INFO - DAG(s) 'tutorial_dag' retrieved from /home/airflow/.local/lib/python3.8/site-packages/airflow/example_dags/tutorial_dag.py
[2026-08-21T12:19:16.112+0000] {logging_mixin.py:188} INFO - [2026-08-21T12:19:16.112+0000] {dag.py:3036} INFO - Sync 1 DAGs
[2026-08-21T12:19:16.125+0000] {logging_mixin.py:188} INFO - [2026-08-21T12:19:16.125+0000] {dag.py:3823} INFO - Setting next_dagrun for tutorial_dag to None, run_after=None
[2026-08-21T12:19:16.145+0000] {processor.py:183} INFO - Processing /home/airflow/.local/lib/python3.8/site-packages/airflow/example_dags/tutorial_dag.py took 0.070 seconds
[2026-08-21T12:19:46.853+0000] {processor.py:161} INFO - Started process (PID=5406) to work on /home/airflow/.local/lib/python3.8/site-packages/airflow/example_dags/tutorial_dag.py
[2026-08-21T12:19:46.855+0000] {processor.py:830} INFO - Processing file /home/airflow/.local/lib/python3.8/site-packages/airflow/example_dags/tutorial_dag.py for tasks to queue
[2026-08-21T12:19:46.859+0000] {logging_mixin.py:188} INFO - [2026-08-21T12:19:46.858+0000] {dagbag.py:538} INFO - Filling up the DagBag from /home/airflow/.local/lib/python3.8/site-packages/airflow/example_dags/tutorial_dag.py
[2026-08-21T12:19:46.872+0000] {processor.py:840} INFO - DAG(s) 'tutorial_dag' retrieved from /home/airflow/.local/lib/python3.8/site-packages/airflow/example_dags/tutorial_dag.py
[2026-08-21T12:19:46.896+0000] {logging_mixin.py:188} INFO - [2026-08-21T12:19:46.896+0000] {dag.py:3036} INFO - Sync 1 DAGs
[2026-08-21T12:19:46.908+0000] {logging_mixin.py:188} INFO - [2026-08-21T12:19:46.908+0000] {dag.py:3823} INFO - Setting next_dagrun for tutorial_dag to None, run_after=None
[2026-08-21T12:19:46.926+0000] {processor.py:183} INFO - Processing /home/airflow/.local/lib/python3.8/site-packages/airflow/example_dags/tutorial_dag.py took 0.080 seconds
[2026-08-21T12:20:31.118+0000] {processor.py:161} INFO - Started process (PID=5493) to work on /home/airflow/.local/lib/python3.8/site-packages/airflow/example_dags/tutorial_dag.py
[2026-08-21T12:20:31.121+0000] {processor.py:830} INFO - Processing file /home/airflow/.local/lib/python3.8/site-packages/airflow/example_dags/tutorial_dag.py for tasks to queue
[2026-08-21T12:20:31.126+0000] {logging_mixin.py:188} INFO - [2026-08-21T12:20:31.125+0000] {dagbag.py:538} INFO - Filling up the DagBag from /home/airflow/.local/lib/python3.8/site-packages/airflow/example_dags/tutorial_dag.py
[2026-08-21T12:20:31.145+0000] {processor.py:840} INFO - DAG(s) 'tutorial_dag' retrieved from /home/airflow/.local/lib/python3.8/site-packages/airflow/example_dags/tutorial_dag.py
[2026-08-21T12:20:31.255+0000] {logging_mixin.py:188} INFO - [2026-08-21T12:20:31.254+0000] {dag.py:3036} INFO - Sync 1 DAGs
[2026-08-21T12:20:31.304+0000] {logging_mixin.py:188} INFO - [2026-08-21T12:20:31.303+0000] {dag.py:3823} INFO - Setting next_dagrun for tutorial_dag to None, run_after=None
[2026-08-21T12:20:31.382+0000] {processor.py:183} INFO - Processing /home/airflow/.local/lib/python3.8/site-packages/airflow/example_dags/tutorial_dag.py took 0.272 seconds
[2026-08-21T12:21:01.642+0000] {processor.py:161} INFO - Started process (PID=5580) to work on /home/airflow/.local/lib/python3.8/site-packages/airflow/example_dags/tutorial_dag.py
[2026-08-21T12:21:01.644+0000] {processor.py:830} INFO - Processing file /home/airflow/.local/lib/python3.8/site-packages/airflow/example_dags/tutorial_dag.py for tasks to queue
[2026-08-21T12:21:01.647+0000] {logging_mixin.py:188} INFO - [2026-08-21T12:21:01.647+0000] {dagbag.py:538} INFO - Filling up the DagBag from /home/airflow/.local/lib/python3.8/site-packages/airflow/example_dags/tutorial_dag.py
[2026-08-21T12:21:01.655+0000] {processor.py:840} INFO - DAG(s) 'tutorial_dag' retrieved from /home/airflow/.local/lib/python3.8/site-packages/airflow/example_dags/tutorial_dag.py
[2026-08-21T12:21:01.685+0000] {logging_mixin.py:188} INFO - [2026-08-21T12:21:01.684+0000] {dag.py:3036} INFO - Sync 1 DAGs
[2026-08-21T12:21:01.704+0000] {logging_mixin.py:188} INFO - [2026-08-21T12:21:01.704+0000] {dag.py:3823} INFO - Setting next_dagrun for tutorial_dag to None, run_after=None
[2026-08-21T12:21:01.731+0000] {processor.py:183} INFO - Processing /home/airflow/.local/lib/python3.8/site-packages/airflow/example_dags/tutorial_dag.py took 0.094 seconds
[2026-08-21T12:21:32.000+0000] {processor.py:161} INFO - Started process (PID=5667) to work on /home/airflow/.local/lib/python3.8/site-packages/airflow/example_dags/tutorial_dag.py
[2026-08-21T12:21:32.005+0000] {processor.py:830} INFO - Processing file /home/airflow/.local/lib/python3.8/site-packages/airflow/example_dags/tutorial_dag.py for tasks to queue
[2026-08-21T12:21:32.013+0000] {logging_mixin.py:188} INFO - [2026-08-21T12:21:32.012+0000] {dagbag.py:538} INFO - Filling up the DagBag from /home/airflow/.local/lib/python3.8/site-packages/airflow/example_dags/tutorial_dag.py
[2026-08-21T12:21:32.028+0000] {processor.py:840} INFO - DAG(s) 'tutorial_dag' retrieved from /home/airflow/.local/lib/python3.8/site-packages/airflow/example_dags/tutorial_dag.py
[2026-08-21T12:21:32.068+0000] {logging_mixin.py:188} INFO - [2026-08-21T12:21:32.068+0000] {dag.py:3036} INFO - Sync 1 DAGs
[2026-08-21T12:21:32.092+0000] {logging_mixin.py:188} INFO - [2026-08-21T12:21:32.092+0000] {dag.py:3823} INFO - Setting next_dagrun for tutorial_dag to None, run_after=None
[2026-08-21T12:21:32.281+0000] {processor.py:183} INFO - Processing /home/airflow/.local/lib/python3.8/site-packages/airflow/example_dags/tutorial_dag.py took 0.287 seconds
[2026-08-21T12:22:02.773+0000] {processor.py:161} INFO - Started process (PID=5755) to work on /home/airflow/.local/lib/python3.8/site-packages/airflow/example_dags/tutorial_dag.py
[2026-08-21T12:22:02.774+0000] {processor.py:830} INFO - Processing file /home/airflow/.local/lib/python3.8/site-packages/airflow/example_dags/tutorial_dag.py for tasks to queue
[2026-08-21T12:22:02.777+0000] {logging_mixin.py:188} INFO - [2026-08-21T12:22:02.776+0000] {dagbag.py:538} INFO - Filling up the DagBag from /home/airflow/.local/lib/python3.8/site-packages/airflow/example_dags/tutorial_dag.py
[2026-08-21T12:22:02.785+0000] {processor.py:840} INFO - DAG(s) 'tutorial_dag' retrieved from /home/airflow/.local/lib/python3.8/site-packages/airflow/example_dags/tutorial_dag.py
[2026-08-21T12:22:02.820+0000] {logging_mixin.py:188} INFO - [2026-08-21T12:22:02.820+0000] {dag.py:3036} INFO - Sync 1 DAGs
[2026-08-21T12:22:02.833+0000] {logging_mixin.py:188} INFO - [2026-08-21T12:22:02.833+0000] {dag.py:3823} INFO - Setting next_dagrun for tutorial_dag to None, run_after=None
[2026-08-21T12:22:02.887+0000] {processor.py:183} INFO - Processing /home/airflow/.local/lib/python3.8/site-packages/airflow/example_dags/tutorial_dag.py took 0.119 seconds
[2026-08-21T12:22:33.285+0000] {processor.py:161} INFO - Started process (PID=5842) to work on /home/airflow/.local/lib/python3.8/site-packages/airflow/example_dags/tutorial_dag.py
[2026-08-21T12:22:33.287+0000] {processor.py:830} INFO - Processing file /home/airflow/.local/lib/python3.8/site-packages/airflow/example_dags/tutorial_dag.py for tasks to queue
[2026-08-21T12:22:33.290+0000] {logging_mixin.py:188} INFO - [2026-08-21T12:22:33.289+0000] {dagbag.py:538} INFO - Filling up the DagBag from /home/airflow/.local/lib/python3.8/site-packages/airflow/example_dags/tutorial_dag.py
[2026-08-21T12:22:33.296+0000] {processor.py:840} INFO - DAG(s) 'tutorial_dag' retrieved from /home/airflow/.local/lib/python3.8/site-packages/airflow/example_dags/tutorial_dag.py
[2026-08-21T12:22:33.317+0000] {logging_mixin.py:188} INFO - [2026-08-21T12:22:33.316+0000] {dag.py:3036} INFO - Sync 1 DAGs
[2026-08-21T12:22:33.328+0000] {logging_mixin.py:188} INFO - [2026-08-21T12:22:33.328+0000] {dag.py:3823} INFO - Setting next_dagrun for tutorial_dag to None, run_after=None
[2026-08-21T12:22:33.386+0000] {processor.py:183} INFO - Processing /home/airflow/.local/lib/python3.8/site-packages/airflow/example_dags/tutorial_dag.py took 0.105 seconds
[2026-08-21T12:23:03.989+0000] {processor.py:161} INFO - Started process (PID=5929) to work on /home/airflow/.local/lib/python3.8/site-packages/airflow/example_dags/tutorial_dag.py
[2026-08-21T12:23:03.990+0000] {processor.py:830} INFO - Processing file /home/airflow/.local/lib/python3.8/site-packages/airflow/example_dags/tutorial_dag.py for tasks to queue
[2026-08-21T12:23:03.993+0000] {logging_mixin.py:188} INFO - [2026-08-21T12:23:03.992+0000] {dagbag.py:538} INFO - Filling up the DagBag from /home/airflow/.local/lib/python3.8/site-packages/airflow/example_dags/tutorial_dag.py
[2026-08-21T12:23:03.998+0000] {processor.py:840} INFO - DAG(s) 'tutorial_dag' retrieved from /home/airflow/.local/lib/python3.8/site-packages/airflow/example_dags/tutorial_dag.py
[2026-08-21T12:23:04.019+0000] {logging_mixin.py:188} INFO - [2026-08-21T12:23:04.018+0000] {dag.py:3036} INFO - Sync 1 DAGs
[2026-08-21T12:23:04.030+0000] {logging_mixin.py:188} INFO - [2026-08-21T12:23:04.030+0000] {dag.py:3823} INFO - Setting next_dagrun for tutorial_dag to None, run_after=None
[2026-08-21T12:23:04.089+0000] {processor.py:183} INFO - Processing /home/airflow/.local/lib/python3.8/site-packages/airflow/example_dags/tutorial_dag.py took 0.103 seconds
[2026-08-21T12:23:35.043+0000] {processor.py:161} INFO - Started process (PID=6016) to work on /home/airflow/.local/lib/python3.8/site-packages/airflow/example_dags/tutorial_dag.py
[2026-08-21T12:23:35.044+0000] {processor.py:830} INFO - Processing file /home/airflow/.local/lib/python3.8/site-packages/airflow/example_dags/tutorial_dag.py for tasks to queue
[2026-08-21T12:23:35.046+0000] {logging_mixin.py:188} INFO - [2026-08-21T12:23:35.046+0000] {dagbag.py:538} INFO - Filling up the DagBag from /home/airflow/.local/lib/python3.8/site-packages/airflow/example_dags/tutorial_dag.py
[2026-08-21T12:23:35.053+0000] {processor.py:840} INFO - DAG(s) 'tutorial_dag' retrieved from /home/airflow/.local/lib/python3.8/site-packages/airflow/example_dags/tutorial_dag.py
[2026-08-21T12:23:35.076+0000] {logging_mixin.py:188} INFO - [2026-08-21T12:23:35.076+0000] {dag.py:3036} INFO - Sync 1 DAGs
[2026-08-21T12:23:35.087+0000] {logging_mixin.py:188} INFO - [2026-08-21T12:23:35.087+0000] {dag.py:3823} INFO - Setting next_dagrun for tutorial_dag to None, run_after=None
[2026-08-21T12:23:35.153+0000] {processor.py:183} INFO - Processing /home/airflow/.local/lib/python3.8/site-packages/airflow/example_dags/tutorial_dag.py took 0.114 seconds
[2026-08-21T12:24:05.339+0000] {processor.py:161} INFO - Started process (PID=6103) to work on /home/airflow/.local/lib/python3.8/site-packages/airflow/example_dags/tutorial_dag.py
[2026-08-21T12:24:05.340+0000] {processor.py:830} INFO - Processing file /home/airflow/.local/lib/python3.8/site-packages/airflow/example_dags/tutorial_dag.py for tasks to queue
[2026-08-21T12:24:05.343+0000] {logging_mixin.py:188} INFO - [2026-08-21T12:24:05.343+0000] {dagbag.py:538} INFO - Filling up the DagBag from /home/airflow/.local/lib/python3.8/site-packages/airflow/example_dags/tutorial_dag.py
[2026-08-21T12:24:05.350+0000] {processor.py:840} INFO - DAG(s) 'tutorial_dag' retrieved from /home/airflow/.local/lib/python3.8/site-packages/airflow/example_dags/tutorial_dag.py
[2026-08-21T12:24:05.376+0000] {logging_mixin.py:188} INFO - [2026-08-21T12:24:05.375+0000] {dag.py:3036} INFO - Sync 1 DAGs
[2026-08-21T12:24:05.391+0000] {logging_mixin.py:188} INFO - [2026-08-21T12:24:05.390+0000] {dag.py:3823} INFO - Setting next_dagrun for tutorial_dag to None, run_after=None
[2026-08-21T12:24:05.423+0000] {processor.py:183} INFO - Processing /home/airflow/.local/lib/python3.8/site-packages/airflow/example_dags/tutorial_dag.py took 0.088 seconds
[2026-08-21T12:24:36.034+0000] {processor.py:161} INFO - Started process (PID=6191) to work on /home/airflow/.local/lib/python3.8/site-packages/airflow/example_dags/tutorial_dag.py
[2026-08-21T12:24:36.037+0000] {processor.py:830} INFO - Processing file /home/airflow/.local/lib/python3.8/site-packages/airflow/example_dags/tutorial_dag.py for tasks to queue
[2026-08-21T12:24:36.040+0000] {logging_mixin.py:188} INFO - [2026-08-21T12:24:36.040+0000] {dagbag.py:538} INFO - Filling up the DagBag from /home/airflow/.local/lib/python3.8/site-packages/airflow/example_dags/tutorial_dag.py
[2026-08-21T12:24:36.050+0000] {processor.py:840} INFO - DAG(s) 'tutorial_dag' retrieved from /home/airflow/.local/lib/python3.8/site-packages/airflow/example_dags/tutorial_dag.py
[2026-08-21T12:24:36.086+0000] {logging_mixin.py:188} INFO - [2026-08-21T12:24:36.086+0000] {dag.py:3036} INFO - Sync 1 DAGs
[2026-08-21T12:24:36.103+0000] {logging_mixin.py:188} INFO - [2026-08-21T12:24:36.103+0000] {dag.py:3823} INFO - Setting next_dagrun for tutorial_dag to None, run_after=None
[2026-08-21T12:24:36.133+0000] {processor.py:183} INFO - Processing /home/airflow/.local/lib/python3.8/site-packages/airflow/example_dags/tutorial_dag.py took 0.105 seconds
[2026-08-21T12:25:06.848+0000] {processor.py:161} INFO - Started process (PID=6278) to work on /home/airflow/.local/lib/python3.8/site-packages/airflow/example_dags/tutorial_dag.py
[2026-08-21T12:25:06.849+0000] {processor.py:830} INFO - Processing file /home/airflow/.local/lib/python3.8/site-packages/airflow/example_dags/tutorial_dag.py for tasks to queue
[2026-08-21T12:25:06.851+0000] {logging_mixin.py:188} INFO - [2026-08-21T12:25:06.850+0000] {dagbag.py:538} INFO - Filling up the DagBag from /home/airflow/.local/lib/python3.8/site-packages/airflow/example_dags/tutorial_dag.py
[2026-08-21T12:25:06.856+0000] {processor.py:840} INFO - DAG(s) 'tutorial_dag' retrieved from /home/airflow/.local/lib/python3.8/site-packages/airflow/example_dags/tutorial_dag.py
[2026-08-21T12:25:06.877+0000] {logging_mixin.py:188} INFO - [2026-08-21T12:25:06.877+0000] {dag.py:3036} INFO - Sync 1 DAGs
[2026-08-21T12:25:06.889+0000] {logging_mixin.py:188} INFO - [2026-08-21T12:25:06.888+0000] {dag.py:3823} INFO - Setting next_dagrun for tutorial_dag to None, run_after=None
[2026-08-21T12:25:07.038+0000] {processor.py:183} INFO - Processing /home/airflow/.local/lib/python3.8/site-packages/airflow/example_dags/tutorial_dag.py took 0.193 seconds
[2026-08-21T12:25:37.595+0000] {processor.py:161} INFO - Started process (PID=6364) to work on /home/airflow/.local/lib/python3.8/site-packages/airflow/example_dags/tutorial_dag.py
[2026-08-21T12:25:37.596+0000] {processor.py:830} INFO - Processing file /home/airflow/.local/lib/python3.8/site-packages/airflow/example_dags/tutorial_dag.py for tasks to queue
[2026-08-21T12:25:37.599+0000] {logging_mixin.py:188} INFO - [2026-08-21T12:25:37.598+0000] {dagbag.py:538} INFO - Filling up the DagBag from /home/airflow/.local/lib/python3.8/site-packages/airflow/example_dags/tutorial_dag.py
[2026-08-21T12:25:37.605+0000] {processor.py:840} INFO - DAG(s) 'tutorial_dag' retrieved from /home/airflow/.local/lib/python3.8/site-packages/airflow/example_dags/tutorial_dag.py
[2026-08-21T12:25:37.625+0000] {logging_mixin.py:188} INFO - [2026-08-21T12:25:37.625+0000] {dag.py:3036} INFO - Sync 1 DAGs
[2026-08-21T12:25:37.637+0000] {logging_mixin.py:188} INFO - [2026-08-21T12:25:37.637+0000] {dag.py:3823} INFO - Setting next_dagrun for tutorial_dag to None, run_after=None
[2026-08-21T12:25:37.663+0000] {processor.py:183} INFO - Processing /home/airflow/.local/lib/python3.8/site-packages/airflow/example_dags/tutorial_dag.py took 0.072 seconds
[2026-08-21T12:26:08.287+0000] {processor.py:161} INFO - Started process (PID=6451) to work on /home/airflow/.local/lib/python3.8/site-packages/airflow/example_dags/tutorial_dag.py
[2026-08-21T12:26:08.288+0000] {processor.py:830} INFO - Processing file /home/airflow/.local/lib/python3.8/site-packages/airflow/example_dags/tutorial_dag.py for tasks to queue
[2026-08-21T12:26:08.291+0000] {logging_mixin.py:188} INFO - [2026-08-21T12:26:08.290+0000] {dagbag.py:538} INFO - Filling up the DagBag from /home/airflow/.local/lib/python3.8/site-packages/airflow/example_dags/tutorial_dag.py
[2026-08-21T12:26:08.298+0000] {processor.py:840} INFO - DAG(s) 'tutorial_dag' retrieved from /home/airflow/.local/lib/python3.8/site-packages/airflow/example_dags/tutorial_dag.py
[2026-08-21T12:26:08.325+0000] {logging_mixin.py:188} INFO - [2026-08-21T12:26:08.324+0000] {dag.py:3036} INFO - Sync 1 DAGs
[2026-08-21T12:26:08.343+0000] {logging_mixin.py:188} INFO - [2026-08-21T12:26:08.343+0000] {dag.py:3823} INFO - Setting next_dagrun for tutorial_dag to None, run_after=None
[2026-08-21T12:26:08.379+0000] {processor.py:183} INFO - Processing /home/airflow/.local/lib/python3.8/site-packages/airflow/example_dags/tutorial_dag.py took 0.096 seconds
[2026-08-21T12:26:39.123+0000] {processor.py:161} INFO - Started process (PID=6538) to work on /home/airflow/.local/lib/python3.8/site-packages/airflow/example_dags/tutorial_dag.py
[2026-08-21T12:26:39.127+0000] {processor.py:830} INFO - Processing file /home/airflow/.local/lib/python3.8/site-packages/airflow/example_dags/tutorial_dag.py for tasks to queue
[2026-08-21T12:26:39.130+0000] {logging_mixin.py:188} INFO - [2026-08-21T12:26:39.130+0000] {dagbag.py:538} INFO - Filling up the DagBag from /home/airflow/.local/lib/python3.8/site-packages/airflow/example_dags/tutorial_dag.py
[2026-08-21T12:26:39.293+0000] {processor.py:840} INFO - DAG(s) 'tutorial_dag' retrieved from /home/airflow/.local/lib/python3.8/site-packages/airflow/example_dags/tutorial_dag.py
[2026-08-21T12:26:39.312+0000] {logging_mixin.py:188} INFO - [2026-08-21T12:26:39.312+0000] {dag.py:3036} INFO - Sync 1 DAGs
[2026-08-21T12:26:39.324+0000] {logging_mixin.py:188} INFO - [2026-08-21T12:26:39.324+0000] {dag.py:3823} INFO - Setting next_dagrun for tutorial_dag to None, run_after=None
[2026-08-21T12:26:39.348+0000] {processor.py:183} INFO - Processing /home/airflow/.local/lib/python3.8/site-packages/airflow/example_dags/tutorial_dag.py took 0.231 seconds
[2026-08-21T12:27:09.516+0000] {processor.py:161} INFO - Started process (PID=6630) to work on /home/airflow/.local/lib/python3.8/site-packages/airflow/example_dags/tutorial_dag.py
[2026-08-21T12:27:09.518+0000] {processor.py:830} INFO - Processing file /home/airflow/.local/lib/python3.8/site-packages/airflow/example_dags/tutorial_dag.py for tasks to queue
[2026-08-21T12:27:09.521+0000] {logging_mixin.py:188} INFO - [2026-08-21T12:27:09.520+0000] {dagbag.py:538} INFO - Filling up the DagBag from /home/airflow/.local/lib/python3.8/site-packages/airflow/example_dags/tutorial_dag.py
[2026-08-21T12:27:09.530+0000] {processor.py:840} INFO - DAG(s) 'tutorial_dag' retrieved from /home/airflow/.local/lib/python3.8/site-packages/airflow/example_dags/tutorial_dag.py
[2026-08-21T12:27:09.569+0000] {logging_mixin.py:188} INFO - [2026-08-21T12:27:09.568+0000] {dag.py:3036} INFO - Sync 1 DAGs
[2026-08-21T12:27:09.593+0000] {logging_mixin.py:188} INFO - [2026-08-21T12:27:09.592+0000] {dag.py:3823} INFO - Setting next_dagrun for tutorial_dag to None, run_after=None
[2026-08-21T12:27:09.619+0000] {processor.py:183} INFO - Processing /home/airflow/.local/lib/python3.8/site-packages/airflow/example_dags/tutorial_dag.py took 0.108 seconds
[2026-08-21T12:27:40.029+0000] {processor.py:161} INFO - Started process (PID=6717) to work on /home/airflow/.local/lib/python3.8/site-packages/airflow/example_dags/tutorial_dag.py
[2026-08-21T12:27:40.031+0000] {processor.py:830} INFO - Processing file /home/airflow/.local/lib/python3.8/site-packages/airflow/example_dags/tutorial_dag.py for tasks to queue
[2026-08-21T12:27:40.033+0000] {logging_mixin.py:188} INFO - [2026-08-21T12:27:40.032+0000] {dagbag.py:538} INFO - Filling up the DagBag from /home/airflow/.local/lib/python3.8/site-packages/airflow/example_dags/tutorial_dag.py
[2026-08-21T12:27:40.038+0000] {processor.py:840} INFO - DAG(s) 'tutorial_dag' retrieved from /home/airflow/.local/lib/python3.8/site-packages/airflow/example_dags/tutorial_dag.py
[2026-08-21T12:27:40.060+0000] {logging_mixin.py:188} INFO - [2026-08-21T12:27:40.060+0000] {dag.py:3036} INFO - Sync 1 DAGs
[2026-08-21T12:27:40.076+0000] {logging_mixin.py:188} INFO - [2026-08-21T12:27:40.076+0000] {dag.py:3823} INFO - Setting next_dagrun for tutorial_dag to None, run_after=None
[2026-08-21T12:27:40.161+0000] {processor.py:183} INFO - Processing /home/airflow/.local/lib/python3.8/site-packages/airflow/example_dags/tutorial_dag.py took 0.135 seconds
[2026-08-21T12:28:10.277+0000] {processor.py:161} INFO - Started process (PID=6804) to work on /home/airflow/.local/lib/python3.8/site-packages/airflow/example_dags/tutorial_dag.py
[2026-08-21T12:28:10.278+0000] {processor.py:830} INFO - Processing file /home/airflow/.local/lib/python3.8/site-packages/airflow/example_dags/tutorial_dag.py for tasks to queue
[2026-08-21T12:28:10.280+0000] {logging_mixin.py:188} INFO - [2026-08-21T12:28:10.280+0000] {dagbag.py:538} INFO - Filling up the DagBag from /home/airflow/.local/lib/python3.8/site-packages/airflow/example_dags/tutorial_dag.py
[2026-08-21T12:28:10.286+0000] {processor.py:840} INFO - DAG(s) 'tutorial_dag' retrieved from /home/airflow/.local/lib/python3.8/site-packages/airflow/example_dags/tutorial_dag.py
[2026-08-21T12:28:10.307+0000] {logging_mixin.py:188} INFO - [2026-08-21T12:28:10.307+0000] {dag.py:3036} INFO - Sync 1 DAGs
[2026-08-21T12:28:10.319+0000] {logging_mixin.py:188} INFO - [2026-08-21T12:28:10.319+0000] {dag.py:3823} INFO - Setting next_dagrun for tutorial_dag to None, run_after=None
[2026-08-21T12:28:10.340+0000] {processor.py:183} INFO - Processing /home/airflow/.local/lib/python3.8/site-packages/airflow/example_dags/tutorial_dag.py took 0.067 seconds
[2026-08-21T12:28:40.805+0000] {processor.py:161} INFO - Started process (PID=6891) to work on /home/airflow/.local/lib/python3.8/site-packages/airflow/example_dags/tutorial_dag.py
[2026-08-21T12:28:40.807+0000] {processor.py:830} INFO - Processing file /home/airflow/.local/lib/python3.8/site-packages/airflow/example_dags/tutorial_dag.py for tasks to queue
[2026-08-21T12:28:40.815+0000] {logging_mixin.py:188} INFO - [2026-08-21T12:28:40.815+0000] {dagbag.py:538} INFO - Filling up the DagBag from /home/airflow/.local/lib/python3.8/site-packages/airflow/example_dags/tutorial_dag.py
[2026-08-21T12:28:40.822+0000] {processor.py:840} INFO - DAG(s) 'tutorial_dag' retrieved from /home/airflow/.local/lib/python3.8/site-packages/airflow/example_dags/tutorial_dag.py
[2026-08-21T12:28:40.844+0000] {logging_mixin.py:188} INFO - [2026-08-21T12:28:40.843+0000] {dag.py:3036} INFO - Sync 1 DAGs
[2026-08-21T12:28:40.857+0000] {logging_mixin.py:188} INFO - [2026-08-21T12:28:40.857+0000] {dag.py:3823} INFO - Setting next_dagrun for tutorial_dag to None, run_after=None
[2026-08-21T12:28:40.884+0000] {processor.py:183} INFO - Processing /home/airflow/.local/lib/python3.8/site-packages/airflow/example_dags/tutorial_dag.py took 0.083 seconds
[2026-08-21T12:29:11.151+0000] {processor.py:161} INFO - Started process (PID=6979) to work on /home/airflow/.local/lib/python3.8/site-packages/airflow/example_dags/tutorial_dag.py
[2026-08-21T12:29:11.152+0000] {processor.py:830} INFO - Processing file /home/airflow/.local/lib/python3.8/site-packages/airflow/example_dags/tutorial_dag.py for tasks to queue
[2026-08-21T12:29:11.154+0000] {logging_mixin.py:188} INFO - [2026-08-21T12:29:11.154+0000] {dagbag.py:538} INFO - Filling up the DagBag from /home/airflow/.local/lib/python3.8/site-packages/airflow/example_dags/tutorial_dag.py
[2026-08-21T12:29:11.160+0000] {processor.py:840} INFO - DAG(s) 'tutorial_dag' retrieved from /home/airflow/.local/lib/python3.8/site-packages/airflow/example_dags/tutorial_dag.py
[2026-08-21T12:29:11.180+0000] {logging_mixin.py:188} INFO - [2026-08-21T12:29:11.180+0000] {dag.py:3036} INFO - Sync 1 DAGs
[2026-08-21T12:29:11.191+0000] {logging_mixin.py:188} INFO - [2026-08-21T12:29:11.191+0000] {dag.py:3823} INFO - Setting next_dagrun for tutorial_dag to None, run_after=None
[2026-08-21T12:29:11.210+0000] {processor.py:183} INFO - Processing /home/airflow/.local/lib/python3.8/site-packages/airflow/example_dags/tutorial_dag.py took 0.063 seconds
[2026-08-21T12:29:41.371+0000] {processor.py:161} INFO - Started process (PID=7065) to work on /home/airflow/.local/lib/python3.8/site-packages/airflow/example_dags/tutorial_dag.py
[2026-08-21T12:29:41.372+0000] {processor.py:830} INFO - Processing file /home/airflow/.local/lib/python3.8/site-packages/airflow/example_dags/tutorial_dag.py for tasks to queue
[2026-08-21T12:29:41.375+0000] {logging_mixin.py:188} INFO - [2026-08-21T12:29:41.375+0000] {dagbag.py:538} INFO - Filling up the DagBag from /home/airflow/.local/lib/python3.8/site-packages/airflow/example_dags/tutorial_dag.py
[2026-08-21T12:29:41.381+0000] {processor.py:840} INFO - DAG(s) 'tutorial_dag' retrieved from /home/airflow/.local/lib/python3.8/site-packages/airflow/example_dags/tutorial_dag.py
[2026-08-21T12:29:41.401+0000] {logging_mixin.py:188} INFO - [2026-08-21T12:29:41.401+0000] {dag.py:3036} INFO - Sync 1 DAGs
[2026-08-21T12:29:41.413+0000] {logging_mixin.py:188} INFO - [2026-08-21T12:29:41.412+0000] {dag.py:3823} INFO - Setting next_dagrun for tutorial_dag to None, run_after=None
[2026-08-21T12:29:41.433+0000] {processor.py:183} INFO - Processing /home/airflow/.local/lib/python3.8/site-packages/airflow/example_dags/tutorial_dag.py took 0.065 seconds
[2026-08-21T12:30:11.647+0000] {processor.py:161} INFO - Started process (PID=7151) to work on /home/airflow/.local/lib/python3.8/site-packages/airflow/example_dags/tutorial_dag.py
[2026-08-21T12:30:11.648+0000] {processor.py:830} INFO - Processing file /home/airflow/.local/lib/python3.8/site-packages/airflow/example_dags/tutorial_dag.py for tasks to queue
[2026-08-21T12:30:11.651+0000] {logging_mixin.py:188} INFO - [2026-08-21T12:30:11.651+0000] {dagbag.py:538} INFO - Filling up the DagBag from /home/airflow/.local/lib/python3.8/site-packages/airflow/example_dags/tutorial_dag.py
[2026-08-21T12:30:11.657+0000] {processor.py:840} INFO - DAG(s) 'tutorial_dag' retrieved from /home/airflow/.local/lib/python3.8/site-packages/airflow/example_dags/tutorial_dag.py
[2026-08-21T12:30:11.683+0000] {logging_mixin.py:188} INFO - [2026-08-21T12:30:11.683+0000] {dag.py:3036} INFO - Sync 1 DAGs
[2026-08-21T12:30:11.696+0000] {logging_mixin.py:188} INFO - [2026-08-21T12:30:11.695+0000] {dag.py:3823} INFO - Setting next_dagrun for tutorial_dag to None, run_after=None
[2026-08-21T12:30:11.718+0000] {processor.py:183} INFO - Processing /home/airflow/.local/lib/python3.8/site-packages/airflow/example_dags/tutorial_dag.py took 0.075 seconds
[2026-08-21T12:30:42.546+0000] {processor.py:161} INFO - Started process (PID=7238) to work on /home/airflow/.local/lib/python3.8/site-packages/airflow/example_dags/tutorial_dag.py
[2026-08-21T12:30:42.547+0000] {processor.py:830} INFO - Processing file /home/airflow/.local/lib/python3.8/site-packages/airflow/example_dags/tutorial_dag.py for tasks to queue
[2026-08-21T12:30:42.550+0000] {logging_mixin.py:188} INFO - [2026-08-21T12:30:42.549+0000] {dagbag.py:538} INFO - Filling up the DagBag from /home/airflow/.local/lib/python3.8/site-packages/airflow/example_dags/tutorial_dag.py
[2026-08-21T12:30:42.557+0000] {processor.py:840} INFO - DAG(s) 'tutorial_dag' retrieved from /home/airflow/.local/lib/python3.8/site-packages/airflow/example_dags/tutorial_dag.py
[2026-08-21T12:30:42.582+0000] {logging_mixin.py:188} INFO - [2026-08-21T12:30:42.582+0000] {dag.py:3036} INFO - Sync 1 DAGs
[2026-08-21T12:30:42.598+0000] {logging_mixin.py:188} INFO - [2026-08-21T12:30:42.597+0000] {dag.py:3823} INFO - Setting next_dagrun for tutorial_dag to None, run_after=None
[2026-08-21T12:30:42.621+0000] {processor.py:183} INFO - Processing /home/airflow/.local/lib/python3.8/site-packages/airflow/example_dags/tutorial_dag.py took 0.078 seconds
[2026-08-21T12:31:13.049+0000] {processor.py:161} INFO - Started process (PID=7326) to work on /home/airflow/.local/lib/python3.8/site-packages/airflow/example_dags/tutorial_dag.py
[2026-08-21T12:31:13.051+0000] {processor.py:830} INFO - Processing file /home/airflow/.local/lib/python3.8/site-packages/airflow/example_dags/tutorial_dag.py for tasks to queue
[2026-08-21T12:31:13.053+0000] {logging_mixin.py:188} INFO - [2026-08-21T12:31:13.053+0000] {dagbag.py:538} INFO - Filling up the DagBag from /home/airflow/.local/lib/python3.8/site-packages/airflow/example_dags/tutorial_dag.py
[2026-08-21T12:31:13.059+0000] {processor.py:840} INFO - DAG(s) 'tutorial_dag' retrieved from /home/airflow/.local/lib/python3.8/site-packages/airflow/example_dags/tutorial_dag.py
[2026-08-21T12:31:13.081+0000] {logging_mixin.py:188} INFO - [2026-08-21T12:31:13.081+0000] {dag.py:3036} INFO - Sync 1 DAGs
[2026-08-21T12:31:13.093+0000] {logging_mixin.py:188} INFO - [2026-08-21T12:31:13.092+0000] {dag.py:3823} INFO - Setting next_dagrun for tutorial_dag to None, run_after=None
[2026-08-21T12:31:13.114+0000] {processor.py:183} INFO - Processing /home/airflow/.local/lib/python3.8/site-packages/airflow/example_dags/tutorial_dag.py took 0.068 seconds
[2026-08-21T12:31:43.931+0000] {processor.py:161} INFO - Started process (PID=7413) to work on /home/airflow/.local/lib/python3.8/site-packages/airflow/example_dags/tutorial_dag.py
[2026-08-21T12:31:43.934+0000] {processor.py:830} INFO - Processing file /home/airflow/.local/lib/python3.8/site-packages/airflow/example_dags/tutorial_dag.py for tasks to queue
[2026-08-21T12:31:43.943+0000] {logging_mixin.py:188} INFO - [2026-08-21T12:31:43.942+0000] {dagbag.py:538} INFO - Filling up the DagBag from /home/airflow/.local/lib/python3.8/site-packages/airflow/example_dags/tutorial_dag.py
[2026-08-21T12:31:43.954+0000] {processor.py:840} INFO - DAG(s) 'tutorial_dag' retrieved from /home/airflow/.local/lib/python3.8/site-packages/airflow/example_dags/tutorial_dag.py
[2026-08-21T12:31:43.984+0000] {logging_mixin.py:188} INFO - [2026-08-21T12:31:43.984+0000] {dag.py:3036} INFO - Sync 1 DAGs
[2026-08-21T12:31:43.999+0000] {logging_mixin.py:188} INFO - [2026-08-21T12:31:43.999+0000] {dag.py:3823} INFO - Setting next_dagrun for tutorial_dag to None, run_after=None
[2026-08-21T12:31:44.026+0000] {processor.py:183} INFO - Processing /home/airflow/.local/lib/python3.8/site-packages/airflow/example_dags/tutorial_dag.py took 0.100 seconds
