[2026-08-21T11:43:26.882+0000] {processor.py:161} INFO - Started process (PID=141) to work on /home/airflow/.local/lib/python3.8/site-packages/airflow/example_dags/tutorial.py
[2026-08-21T11:43:26.885+0000] {processor.py:830} INFO - Processing file /home/airflow/.local/lib/python3.8/site-packages/airflow/example_dags/tutorial.py for tasks to queue
[2026-08-21T11:43:26.889+0000] {logging_mixin.py:188} INFO - [2026-08-21T11:43:26.888+0000] {dagbag.py:538} INFO - Filling up the DagBag from /home/airflow/.local/lib/python3.8/site-packages/airflow/example_dags/tutorial.py
[2026-08-21T11:43:26.904+0000] {processor.py:840} INFO - DAG(s) 'tutorial' retrieved from /home/airflow/.local/lib/python3.8/site-packages/airflow/example_dags/tutorial.py
[2026-08-21T11:43:27.067+0000] {logging_mixin.py:188} INFO - [2026-08-21T11:43:27.067+0000] {dag.py:3036} INFO - Sync 1 DAGs
[2026-08-21T11:43:27.097+0000] {logging_mixin.py:188} INFO - [2026-08-21T11:43:27.097+0000] {dag.py:3823} INFO - Setting next_dagrun for tutorial to 2026-08-20 00:00:00+00:00, run_after=2026-08-21 00:00:00+00:00
[2026-08-21T11:43:27.123+0000] {processor.py:183} INFO - Processing /home/airflow/.local/lib/python3.8/site-packages/airflow/example_dags/tutorial.py took 0.248 seconds
[2026-08-21T11:43:57.720+0000] {processor.py:161} INFO - Started process (PID=227) to work on /home/airflow/.local/lib/python3.8/site-packages/airflow/example_dags/tutorial.py
[2026-08-21T11:43:57.721+0000] {processor.py:830} INFO - Processing file /home/airflow/.local/lib/python3.8/site-packages/airflow/example_dags/tutorial.py for tasks to queue
[2026-08-21T11:43:57.724+0000] {logging_mixin.py:188} INFO - [2026-08-21T11:43:57.724+0000] {dagbag.py:538} INFO - Filling up the DagBag from /home/airflow/.local/lib/python3.8/site-packages/airflow/example_dags/tutorial.py
[2026-08-21T11:43:57.733+0000] {processor.py:840} INFO - DAG(s) 'tutorial' retrieved from /home/airflow/.local/lib/python3.8/site-packages/airflow/example_dags/tutorial.py
[2026-08-21T11:43:57.759+0000] {logging_mixin.py:188} INFO - [2026-08-21T11:43:57.758+0000] {dag.py:3036} INFO - Sync 1 DAGs
[2026-08-21T11:43:57.785+0000] {logging_mixin.py:188} INFO - [2026-08-21T11:43:57.784+0000] {dag.py:3823} INFO - Setting next_dagrun for tutorial to 2026-08-20 00:00:00+00:00, run_after=2026-08-21 00:00:00+00:00
[2026-08-21T11:43:57.816+0000] {processor.py:183} INFO - Processing /home/airflow/.local/lib/python3.8/site-packages/airflow/example_dags/tutorial.py took 0.101 seconds
[2026-08-21T11:44:27.893+0000] {processor.py:161} INFO - Started process (PID=313) to work on /home/airflow/.local/lib/python3.8/site-packages/airflow/example_dags/tutorial.py
[2026-08-21T11:44:27.894+0000] {processor.py:830} INFO - Processing file /home/airflow/.local/lib/python3.8/site-packages/airflow/example_dags/tutorial.py for tasks to queue
[2026-08-21T11:44:27.898+0000] {logging_mixin.py:188} INFO - [2026-08-21T11:44:27.898+0000] {dagbag.py:538} INFO - Filling up the DagBag from /home/airflow/.local/lib/python3.8/site-packages/airflow/example_dags/tutorial.py
[2026-08-21T11:44:27.906+0000] {processor.py:840} INFO - DAG(s) 'tutorial' retrieved from /home/airflow/.local/lib/python3.8/site-packages/airflow/example_dags/tutorial.py
[2026-08-21T11:44:27.922+0000] {logging_mixin.py:188} INFO - [2026-08-21T11:44:27.921+0000] {dag.py:3036} INFO - Sync 1 DAGs
[2026-08-21T11:44:27.955+0000] {logging_mixin.py:188} INFO - [2026-08-21T11:44:27.955+0000] {dag.py:3823} INFO - Setting next_dagrun for tutorial to 2026-08-20 00:00:00+00:00, run_after=2026-08-21 00:00:00+00:00
[2026-08-21T11:44:27.984+0000] {processor.py:183} INFO - Processing /home/airflow/.local/lib/python3.8/site-packages/airflow/example_dags/tutorial.py took 0.096 seconds
[2026-08-21T11:45:02.913+0000] {processor.py:161} INFO - Started process (PID=412) to work on /home/airflow/.local/lib/python3.8/site-packages/airflow/example_dags/tutorial.py
[2026-08-21T11:45:02.915+0000] {processor.py:830} INFO - Processing file /home/airflow/.local/lib/python3.8/site-packages/airflow/example_dags/tutorial.py for tasks to queue
[2026-08-21T11:45:02.918+0000] {logging_mixin.py:188} INFO - [2026-08-21T11:45:02.918+0000] {dagbag.py:538} INFO - Filling up the DagBag from /home/airflow/.local/lib/python3.8/site-packages/airflow/example_dags/tutorial.py
[2026-08-21T11:45:02.937+0000] {processor.py:840} INFO - DAG(s) 'tutorial' retrieved from /home/airflow/.local/lib/python3.8/site-packages/airflow/example_dags/tutorial.py
[2026-08-21T11:45:02.975+0000] {logging_mixin.py:188} INFO - [2026-08-21T11:45:02.974+0000] {dag.py:3036} INFO - Sync 1 DAGs
[2026-08-21T11:45:03.040+0000] {logging_mixin.py:188} INFO - [2026-08-21T11:45:03.040+0000] {dag.py:3823} INFO - Setting next_dagrun for tutorial to 2026-08-20 00:00:00+00:00, run_after=2026-08-21 00:00:00+00:00
[2026-08-21T11:45:03.095+0000] {processor.py:183} INFO - Processing /home/airflow/.local/lib/python3.8/site-packages/airflow/example_dags/tutorial.py took 0.188 seconds
[2026-08-21T11:45:33.644+0000] {processor.py:161} INFO - Started process (PID=498) to work on /home/airflow/.local/lib/python3.8/site-packages/airflow/example_dags/tutorial.py
[2026-08-21T11:45:33.645+0000] {processor.py:830} INFO - Processing file /home/airflow/.local/lib/python3.8/site-packages/airflow/example_dags/tutorial.py for tasks to queue
[2026-08-21T11:45:33.647+0000] {logging_mixin.py:188} INFO - [2026-08-21T11:45:33.647+0000] {dagbag.py:538} INFO - Filling up the DagBag from /home/airflow/.local/lib/python3.8/site-packages/airflow/example_dags/tutorial.py
[2026-08-21T11:45:33.654+0000] {processor.py:840} INFO - DAG(s) 'tutorial' retrieved from /home/airflow/.local/lib/python3.8/site-packages/airflow/example_dags/tutorial.py
[2026-08-21T11:45:33.752+0000] {logging_mixin.py:188} INFO - [2026-08-21T11:45:33.751+0000] {dag.py:3036} INFO - Sync 1 DAGs
[2026-08-21T11:45:33.775+0000] {logging_mixin.py:188} INFO - [2026-08-21T11:45:33.775+0000] {dag.py:3823} INFO - Setting next_dagrun for tutorial to 2026-08-20 00:00:00+00:00, run_after=2026-08-21 00:00:00+00:00
[2026-08-21T11:45:33.796+0000] {processor.py:183} INFO - Processing /home/airflow/.local/lib/python3.8/site-packages/airflow/example_dags/tutorial.py took 0.156 seconds
[2026-08-21T11:46:04.728+0000] {processor.py:161} INFO - Started process (PID=584) to work on /home/airflow/.local/lib/python3.8/site-packages/airflow/example_dags/tutorial.py
[2026-08-21T11:46:04.729+0000] {processor.py:830} INFO - Processing file /home/airflow/.local/lib/python3.8/site-packages/airflow/example_dags/tutorial.py for tasks to queue
[2026-08-21T11:46:04.731+0000] {logging_mixin.py:188} INFO - [2026-08-21T11:46:04.731+0000] {dagbag.py:538} INFO - Filling up the DagBag from /home/airflow/.local/lib/python3.8/site-packages/airflow/example_dags/tutorial.py
[2026-08-21T11:46:04.740+0000] {processor.py:840} INFO - DAG(s) 'tutorial' retrieved from /home/airflow/.local/lib/python3.8/site-packages/airflow/example_dags/tutorial.py
[2026-08-21T11:46:04.755+0000] {logging_mixin.py:188} INFO - [2026-08-21T11:46:04.755+0000] {dag.py:3036} INFO - Sync 1 DAGs
[2026-08-21T11:46:04.778+0000] {logging_mixin.py:188} INFO - [2026-08-21T11:46:04.778+0000] {dag.py:3823} INFO - Setting next_dagrun for tutorial to 2026-08-20 00:00:00+00:00, run_after=2026-08-21 00:00:00+00:00
[2026-08-21T11:46:04.802+0000] {processor.py:183} INFO - Processing /home/airflow/.local/lib/python3.8/site-packages/airflow/example_dags/tutorial.py took 0.078 seconds
[2026-08-21T11:46:35.134+0000] {processor.py:161} INFO - Started process (PID=675) to work on /home/airflow/.local/lib/python3.8/site-packages/airflow/example_dags/tutorial.py
[2026-08-21T11:46:35.135+0000] {processor.py:830} INFO - Processing file /home/airflow/.local/lib/python3.8/site-packages/airflow/example_dags/tutorial.py for tasks to queue
[2026-08-21T11:46:35.137+0000] {logging_mixin.py:188} INFO - [2026-08-21T11:46:35.137+0000] {dagbag.py:538} INFO - Filling up the DagBag from /home/airflow/.local/lib/python3.8/site-packages/airflow/example_dags/tutorial.py
[2026-08-21T11:46:35.144+0000] {processor.py:840} INFO - DAG(s) 'tutorial' retrieved from /home/airflow/.local/lib/python3.8/site-packages/airflow/example_dags/tutorial.py
[2026-08-21T11:46:35.160+0000] {logging_mixin.py:188} INFO - [2026-08-21T11:46:35.159+0000] {dag.py:3036} INFO - Sync 1 DAGs
[2026-08-21T11:46:35.187+0000] {logging_mixin.py:188} INFO - [2026-08-21T11:46:35.186+0000] {dag.py:3823} INFO - Setting next_dagrun for tutorial to 2026-08-20 00:00:00+00:00, run_after=2026-08-21 00:00:00+00:00
[2026-08-21T11:46:35.214+0000] {processor.py:183} INFO - Processing /home/airflow/.local/lib/python3.8/site-packages/airflow/example_dags/tutorial.py took 0.084 seconds
[2026-08-21T11:47:08.270+0000] {processor.py:161} INFO - Started process (PID=760) to work on /home/airflow/.local/lib/python3.8/site-packages/airflow/example_dags/tutorial.py
[2026-08-21T11:47:08.271+0000] {processor.py:830} INFO - Processing file /home/airflow/.local/lib/python3.8/site-packages/airflow/example_dags/tutorial.py for tasks to queue
[2026-08-21T11:47:08.274+0000] {logging_mixin.py:188} INFO - [2026-08-21T11:47:08.273+0000] {dagbag.py:538} INFO - Filling up the DagBag from /home/airflow/.local/lib/python3.8/site-packages/airflow/example_dags/tutorial.py
[2026-08-21T11:47:08.280+0000] {processor.py:840} INFO - DAG(s) 'tutorial' retrieved from /home/airflow/.local/lib/python3.8/site-packages/airflow/example_dags/tutorial.py
[2026-08-21T11:47:08.568+0000] {logging_mixin.py:188} INFO - [2026-08-21T11:47:08.568+0000] {dag.py:3036} INFO - Sync 1 DAGs
[2026-08-21T11:47:08.592+0000] {logging_mixin.py:188} INFO - [2026-08-21T11:47:08.591+0000] {dag.py:3823} INFO - Setting next_dagrun for tutorial to 2026-08-20 00:00:00+00:00, run_after=2026-08-21 00:00:00+00:00
[2026-08-21T11:47:08.623+0000] {processor.py:183} INFO - Processing /home/airflow/.local/lib/python3.8/site-packages/airflow/example_dags/tutorial.py took 0.358 seconds
[2026-08-21T11:47:39.078+0000] {processor.py:161} INFO - Started process (PID=846) to work on /home/airflow/.local/lib/python3.8/site-packages/airflow/example_dags/tutorial.py
[2026-08-21T11:47:39.080+0000] {processor.py:830} INFO - Processing file /home/airflow/.local/lib/python3.8/site-packages/airflow/example_dags/tutorial.py for tasks to queue
[2026-08-21T11:47:39.082+0000] {logging_mixin.py:188} INFO - [2026-08-21T11:47:39.082+0000] {dagbag.py:538} INFO - Filling up the DagBag from /home/airflow/.local/lib/python3.8/site-packages/airflow/example_dags/tutorial.py
[2026-08-21T11:47:39.089+0000] {processor.py:840} INFO - DAG(s) 'tutorial' retrieved from /home/airflow/.local/lib/python3.8/site-packages/airflow/example_dags/tutorial.py
[2026-08-21T11:47:39.112+0000] {logging_mixin.py:188} INFO - [2026-08-21T11:47:39.112+0000] {dag.py:3036} INFO - Sync 1 DAGs
[2026-08-21T11:47:39.133+0000] {logging_mixin.py:188} INFO - [2026-08-21T11:47:39.133+0000] {dag.py:3823} INFO - Setting next_dagrun for tutorial to 2026-08-20 00:00:00+00:00, run_after=2026-08-21 00:00:00+00:00
[2026-08-21T11:47:39.345+0000] {processor.py:183} INFO - Processing /home/airflow/.local/lib/python3.8/site-packages/airflow/example_dags/tutorial.py took 0.270 seconds
[2026-08-21T11:48:10.228+0000] {processor.py:161} INFO - Started process (PID=936) to work on /home/airflow/.local/lib/python3.8/site-packages/airflow/example_dags/tutorial.py
[2026-08-21T11:48:10.230+0000] {processor.py:830} INFO - Processing file /home/airflow/.local/lib/python3.8/site-packages/airflow/example_dags/tutorial.py for tasks to queue
[2026-08-21T11:48:10.232+0000] {logging_mixin.py:188} INFO - [2026-08-21T11:48:10.232+0000] {dagbag.py:538} INFO - Filling up the DagBag from /home/airflow/.local/lib/python3.8/site-packages/airflow/example_dags/tutorial.py
[2026-08-21T11:48:10.240+0000] {processor.py:840} INFO - DAG(s) 'tutorial' retrieved from /home/airflow/.local/lib/python3.8/site-packages/airflow/example_dags/tutorial.py
[2026-08-21T11:48:10.262+0000] {logging_mixin.py:188} INFO - [2026-08-21T11:48:10.262+0000] {dag.py:3036} INFO - Sync 1 DAGs
[2026-08-21T11:48:10.284+0000] {logging_mixin.py:188} INFO - [2026-08-21T11:48:10.284+0000] {dag.py:3823} INFO - Setting next_dagrun for tutorial to 2026-08-20 00:00:00+00:00, run_after=2026-08-21 00:00:00+00:00
[2026-08-21T11:48:10.344+0000] {processor.py:183} INFO - Processing /home/airflow/.local/lib/python3.8/site-packages/airflow/example_dags/tutorial.py took 0.119 seconds
[2026-08-21T11:48:47.240+0000] {processor.py:161} INFO - Started process (PID=110) to work on /home/airflow/.local/lib/python3.8/site-packages/airflow/example_dags/tutorial.py
[2026-08-21T11:48:47.241+0000] {processor.py:830} INFO - Processing file /home/airflow/.local/lib/python3.8/site-packages/airflow/example_dags/tutorial.py for tasks to queue
[2026-08-21T11:48:47.243+0000] {logging_mixin.py:188} INFO - [2026-08-21T11:48:47.243+0000] {dagbag.py:538} INFO - Filling up the DagBag from /home/airflow/.local/lib/python3.8/site-packages/airflow/example_dags/tutorial.py
[2026-08-21T11:48:47.249+0000] {processor.py:840} INFO - DAG(s) 'tutorial' retrieved from /home/airflow/.local/lib/python3.8/site-packages/airflow/example_dags/tutorial.py
[2026-08-21T11:48:47.269+0000] {logging_mixin.py:188} INFO - [2026-08-21T11:48:47.269+0000] {dag.py:3036} INFO - Sync 1 DAGs
[2026-08-21T11:48:47.291+0000] {logging_mixin.py:188} INFO - [2026-08-21T11:48:47.290+0000] {dag.py:3823} INFO - Setting next_dagrun for tutorial to 2026-08-20 00:00:00+00:00, run_after=2026-08-21 00:00:00+00:00
[2026-08-21T11:48:47.345+0000] {processor.py:183} INFO - Processing /home/airflow/.local/lib/python3.8/site-packages/airflow/example_dags/tutorial.py took 0.108 seconds
[2026-08-21T11:49:18.624+0000] {processor.py:161} INFO - Started process (PID=198) to work on /home/airflow/.local/lib/python3.8/site-packages/airflow/example_dags/tutorial.py
[2026-08-21T11:49:18.625+0000] {processor.py:830} INFO - Processing file /home/airflow/.local/lib/python3.8/site-packages/airflow/example_dags/tutorial.py for tasks to queue
[2026-08-21T11:49:18.627+0000] {logging_mixin.py:188} INFO - [2026-08-21T11:49:18.627+0000] {dagbag.py:538} INFO - Filling up the DagBag from /home/airflow/.local/lib/python3.8/site-packages/airflow/example_dags/tutorial.py
[2026-08-21T11:49:18.633+0000] {processor.py:840} INFO - DAG(s) 'tutorial' retrieved from /home/airflow/.local/lib/python3.8/site-packages/airflow/example_dags/tutorial.py
[2026-08-21T11:49:18.654+0000] {logging_mixin.py:188} INFO - [2026-08-21T11:49:18.653+0000] {dag.py:3036} INFO - Sync 1 DAGs
[2026-08-21T11:49:18.677+0000] {logging_mixin.py:188} INFO - [2026-08-21T11:49:18.677+0000] {dag.py:3823} INFO - Setting next_dagrun for tutorial to 2026-08-20 00:00:00+00:00, run_after=2026-08-21 00:00:00+00:00
[2026-08-21T11:49:18.900+0000] {processor.py:183} INFO - Processing /home/airflow/.local/lib/python3.8/site-packages/airflow/example_dags/tutorial.py took 0.280 seconds
[2026-08-21T11:49:49.853+0000] {processor.py:161} INFO - Started process (PID=287) to work on /home/airflow/.local/lib/python3.8/site-packages/airflow/example_dags/tutorial.py
[2026-08-21T11:49:49.858+0000] {processor.py:830} INFO - Processing file /home/airflow/.local/lib/python3.8/site-packages/airflow/example_dags/tutorial.py for tasks to queue
[2026-08-21T11:49:49.860+0000] {logging_mixin.py:188} INFO - [2026-08-21T11:49:49.860+0000] {dagbag.py:538} INFO - Filling up the DagBag from /home/airflow/.local/lib/python3.8/site-packages/airflow/example_dags/tutorial.py
[2026-08-21T11:49:49.866+0000] {processor.py:840} INFO - DAG(s) 'tutorial' retrieved from /home/airflow/.local/lib/python3.8/site-packages/airflow/example_dags/tutorial.py
[2026-08-21T11:49:49.886+0000] {logging_mixin.py:188} INFO - [2026-08-21T11:49:49.885+0000] {dag.py:3036} INFO - Sync 1 DAGs
[2026-08-21T11:49:49.908+0000] {logging_mixin.py:188} INFO - [2026-08-21T11:49:49.908+0000] {dag.py:3823} INFO - Setting next_dagrun for tutorial to 2026-08-20 00:00:00+00:00, run_after=2026-08-21 00:00:00+00:00
[2026-08-21T11:49:49.929+0000] {processor.py:183} INFO - Processing /home/airflow/.local/lib/python3.8/site-packages/airflow/example_dags/tutorial.py took 0.079 seconds
[2026-08-21T11:50:20.697+0000] {processor.py:161} INFO - Started process (PID=375) to work on /home/airflow/.local/lib/python3.8/site-packages/airflow/example_dags/tutorial.py
[2026-08-21T11:50:20.698+0000] {processor.py:830} INFO - Processing file /home/airflow/.local/lib/python3.8/site-packages/airflow/example_dags/tutorial.py for tasks to queue
[2026-08-21T11:50:20.700+0000] {logging_mixin.py:188} INFO - [2026-08-21T11:50:20.700+0000] {dagbag.py:538} INFO - Filling up the DagBag from /home/airflow/.local/lib/python3.8/site-packages/airflow/example_dags/tutorial.py
[2026-08-21T11:50:20.706+0000] {processor.py:840} INFO - DAG(s) 'tutorial' retrieved from /home/airflow/.local/lib/python3.8/site-packages/airflow/example_dags/tutorial.py
[2026-08-21T11:50:20.728+0000] {logging_mixin.py:188} INFO - [2026-08-21T11:50:20.727+0000] {dag.py:3036} INFO - Sync 1 DAGs
[2026-08-21T11:50:20.749+0000] {logging_mixin.py:188} INFO - [2026-08-21T11:50:20.749+0000] {dag.py:3823} INFO - Setting next_dagrun for tutorial to 2026-08-20 00:00:00+00:00, run_after=2026-08-21 00:00:00+00:00
[2026-08-21T11:50:20.770+0000] {processor.py:183} INFO - Processing /home/airflow/.local/lib/python3.8/site-packages/airflow/example_dags/tutorial.py took 0.076 seconds
[2026-08-21T11:50:51.852+0000] {processor.py:161} INFO - Started process (PID=463) to work on /home/airflow/.local/lib/python3.8/site-packages/airflow/example_dags/tutorial.py
[2026-08-21T11:50:51.853+0000] {processor.py:830} INFO - Processing file /home/airflow/.local/lib/python3.8/site-packages/airflow/example_dags/tutorial.py for tasks to queue
[2026-08-21T11:50:51.855+0000] {logging_mixin.py:188} INFO - [2026-08-21T11:50:51.855+0000] {dagbag.py:538} INFO - Filling up the DagBag from /home/airflow/.local/lib/python3.8/site-packages/airflow/example_dags/tutorial.py
[2026-08-21T11:50:51.861+0000] {processor.py:840} INFO - DAG(s) 'tutorial' retrieved from /home/airflow/.local/lib/python3.8/site-packages/airflow/example_dags/tutorial.py
[2026-08-21T11:50:51.884+0000] {logging_mixin.py:188} INFO - [2026-08-21T11:50:51.883+0000] {dag.py:3036} INFO - Sync 1 DAGs
[2026-08-21T11:50:51.906+0000] {logging_mixin.py:188} INFO - [2026-08-21T11:50:51.906+0000] {dag.py:3823} INFO - Setting next_dagrun for tutorial to 2026-08-20 00:00:00+00:00, run_after=2026-08-21 00:00:00+00:00
[2026-08-21T11:50:51.926+0000] {processor.py:183} INFO - Processing /home/airflow/.local/lib/python3.8/site-packages/airflow/example_dags/tutorial.py took 0.079 seconds
[2026-08-21T11:51:22.721+0000] {processor.py:161} INFO - Started process (PID=551) to work on /home/airflow/.local/lib/python3.8/site-packages/airflow/example_dags/tutorial.py
[2026-08-21T11:51:22.723+0000] {processor.py:830} INFO - Processing file /home/airflow/.local/lib/python3.8/site-packages/airflow/example_dags/tutorial.py for tasks to queue
[2026-08-21T11:51:22.725+0000] {logging_mixin.py:188} INFO - [2026-08-21T11:51:22.725+0000] {dagbag.py:538} INFO - Filling up the DagBag from /home/airflow/.local/lib/python3.8/site-packages/airflow/example_dags/tutorial.py
[2026-08-21T11:51:22.731+0000] {processor.py:840} INFO - DAG(s) 'tutorial' retrieved from /home/airflow/.local/lib/python3.8/site-packages/airflow/example_dags/tutorial.py
[2026-08-21T11:51:22.750+0000] {logging_mixin.py:188} INFO - [2026-08-21T11:51:22.750+0000] {dag.py:3036} INFO - Sync 1 DAGs
[2026-08-21T11:51:22.769+0000] {logging_mixin.py:188} INFO - [2026-08-21T11:51:22.769+0000] {dag.py:3823} INFO - Setting next_dagrun for tutorial to 2026-08-20 00:00:00+00:00, run_after=2026-08-21 00:00:00+00:00
[2026-08-21T11:51:22.787+0000] {processor.py:183} INFO - Processing /home/airflow/.local/lib/python3.8/site-packages/airflow/example_dags/tutorial.py took 0.069 seconds
[2026-08-21T11:51:53.326+0000] {processor.py:161} INFO - Started process (PID=639) to work on /home/airflow/.local/lib/python3.8/site-packages/airflow/example_dags/tutorial.py
[2026-08-21T11:51:53.328+0000] {processor.py:830} INFO - Processing file /home/airflow/.local/lib/python3.8/site-packages/airflow/example_dags/tutorial.py for tasks to queue
[2026-08-21T11:51:53.330+0000] {logging_mixin.py:188} INFO - [2026-08-21T11:51:53.330+0000] {dagbag.py:538} INFO - Filling up the DagBag from /home/airflow/.local/lib/python3.8/site-packages/airflow/example_dags/tutorial.py
[2026-08-21T11:51:53.336+0000] {processor.py:840} INFO - DAG(s) 'tutorial' retrieved from /home/airflow/.local/lib/python3.8/site-packages/airflow/example_dags/tutorial.py
[2026-08-21T11:51:53.360+0000] {logging_mixin.py:188} INFO - [2026-08-21T11:51:53.360+0000] {dag.py:3036} INFO - Sync 1 DAGs
[2026-08-21T11:51:53.383+0000] {logging_mixin.py:188} INFO - [2026-08-21T11:51:53.383+0000] {dag.py:3823} INFO - Setting next_dagrun for tutorial to 2026-08-20 00:00:00+00:00, run_after=2026-08-21 00:00:00+00:00
[2026-08-21T11:51:53.406+0000] {processor.py:183} INFO - Processing /home/airflow/.local/lib/python3.8/site-packages/airflow/example_dags/tutorial.py took 0.083 seconds
[2026-08-21T11:52:24.181+0000] {processor.py:161} INFO - Started process (PID=727) to work on /home/airflow/.local/lib/python3.8/site-packages/airflow/example_dags/tutorial.py
[2026-08-21T11:52:24.182+0000] {processor.py:830} INFO - Processing file /home/airflow/.local/lib/python3.8/site-packages/airflow/example_dags/tutorial.py for tasks to queue
[2026-08-21T11:52:24.184+0000] {logging_mixin.py:188} INFO - [2026-08-21T11:52:24.184+0000] {dagbag.py:538} INFO - Filling up the DagBag from /home/airflow/.local/lib/python3.8/site-packages/airflow/example_dags/tutorial.py
[2026-08-21T11:52:24.190+0000] {processor.py:840} INFO - DAG(s) 'tutorial' retrieved from /home/airflow/.local/lib/python3.8/site-packages/airflow/example_dags/tutorial.py
[2026-08-21T11:52:24.212+0000] {logging_mixin.py:188} INFO - [2026-08-21T11:52:24.212+0000] {dag.py:3036} INFO - Sync 1 DAGs
[2026-08-21T11:52:24.233+0000] {logging_mixin.py:188} INFO - [2026-08-21T11:52:24.233+0000] {dag.py:3823} INFO - Setting next_dagrun for tutorial to 2026-08-20 00:00:00+00:00, run_after=2026-08-21 00:00:00+00:00
[2026-08-21T11:52:24.252+0000] {processor.py:183} INFO - Processing /home/airflow/.local/lib/python3.8/site-packages/airflow/example_dags/tutorial.py took 0.075 seconds
[2026-08-21T11:52:54.622+0000] {processor.py:161} INFO - Started process (PID=815) to work on /home/airflow/.local/lib/python3.8/site-packages/airflow/example_dags/tutorial.py
[2026-08-21T11:52:54.623+0000] {processor.py:830} INFO - Processing file /home/airflow/.local/lib/python3.8/site-packages/airflow/example_dags/tutorial.py for tasks to queue
[2026-08-21T11:52:54.625+0000] {logging_mixin.py:188} INFO - [2026-08-21T11:52:54.625+0000] {dagbag.py:538} INFO - Filling up the DagBag from /home/airflow/.local/lib/python3.8/site-packages/airflow/example_dags/tutorial.py
[2026-08-21T11:52:54.630+0000] {processor.py:840} INFO - DAG(s) 'tutorial' retrieved from /home/airflow/.local/lib/python3.8/site-packages/airflow/example_dags/tutorial.py
[2026-08-21T11:52:54.650+0000] {logging_mixin.py:188} INFO - [2026-08-21T11:52:54.650+0000] {dag.py:3036} INFO - Sync 1 DAGs
[2026-08-21T11:52:54.670+0000] {logging_mixin.py:188} INFO - [2026-08-21T11:52:54.670+0000] {dag.py:3823} INFO - Setting next_dagrun for tutorial to 2026-08-20 00:00:00+00:00, run_after=2026-08-21 00:00:00+00:00
[2026-08-21T11:52:54.688+0000] {processor.py:183} INFO - Processing /home/airflow/.local/lib/python3.8/site-packages/airflow/example_dags/tutorial.py took 0.070 seconds
[2026-08-21T11:53:25.267+0000] {processor.py:161} INFO - Started process (PID=903) to work on /home/airflow/.local/lib/python3.8/site-packages/airflow/example_dags/tutorial.py
[2026-08-21T11:53:25.268+0000] {processor.py:830} INFO - Processing file /home/airflow/.local/lib/python3.8/site-packages/airflow/example_dags/tutorial.py for tasks to queue
[2026-08-21T11:53:25.270+0000] {logging_mixin.py:188} INFO - [2026-08-21T11:53:25.270+0000] {dagbag.py:538} INFO - Filling up the DagBag from /home/airflow/.local/lib/python3.8/site-packages/airflow/example_dags/tutorial.py
[2026-08-21T11:53:25.275+0000] {processor.py:840} INFO - DAG(s) 'tutorial' retrieved from /home/airflow/.local/lib/python3.8/site-packages/airflow/example_dags/tutorial.py
[2026-08-21T11:53:25.296+0000] {logging_mixin.py:188} INFO - [2026-08-21T11:53:25.295+0000] {dag.py:3036} INFO - Sync 1 DAGs
[2026-08-21T11:53:25.315+0000] {logging_mixin.py:188} INFO - [2026-08-21T11:53:25.315+0000] {dag.py:3823} INFO - Setting next_dagrun for tutorial to 2026-08-20 00:00:00+00:00, run_after=2026-08-21 00:00:00+00:00
[2026-08-21T11:53:25.334+0000] {processor.py:183} INFO - Processing /home/airflow/.local/lib/python3.8/site-packages/airflow/example_dags/tutorial.py took 0.070 seconds
[2026-08-21T11:53:55.849+0000] {processor.py:161} INFO - Started process (PID=990) to work on /home/airflow/.local/lib/python3.8/site-packages/airflow/example_dags/tutorial.py
[2026-08-21T11:53:55.851+0000] {processor.py:830} INFO - Processing file /home/airflow/.local/lib/python3.8/site-packages/airflow/example_dags/tutorial.py for tasks to queue
[2026-08-21T11:53:55.855+0000] {logging_mixin.py:188} INFO - [2026-08-21T11:53:55.854+0000] {dagbag.py:538} INFO - Filling up the DagBag from /home/airflow/.local/lib/python3.8/site-packages/airflow/example_dags/tutorial.py
[2026-08-21T11:53:55.861+0000] {processor.py:840} INFO - DAG(s) 'tutorial' retrieved from /home/airflow/.local/lib/python3.8/site-packages/airflow/example_dags/tutorial.py
[2026-08-21T11:53:55.886+0000] {logging_mixin.py:188} INFO - [2026-08-21T11:53:55.886+0000] {dag.py:3036} INFO - Sync 1 DAGs
[2026-08-21T11:53:55.908+0000] {logging_mixin.py:188} INFO - [2026-08-21T11:53:55.908+0000] {dag.py:3823} INFO - Setting next_dagrun for tutorial to 2026-08-20 00:00:00+00:00, run_after=2026-08-21 00:00:00+00:00
[2026-08-21T11:53:55.926+0000] {processor.py:183} INFO - Processing /home/airflow/.local/lib/python3.8/site-packages/airflow/example_dags/tutorial.py took 0.082 seconds
[2026-08-21T11:54:27.095+0000] {processor.py:161} INFO - Started process (PID=1077) to work on /home/airflow/.local/lib/python3.8/site-packages/airflow/example_dags/tutorial.py
[2026-08-21T11:54:27.096+0000] {processor.py:830} INFO - Processing file /home/airflow/.local/lib/python3.8/site-packages/airflow/example_dags/tutorial.py for tasks to queue
[2026-08-21T11:54:27.098+0000] {logging_mixin.py:188} INFO - [2026-08-21T11:54:27.098+0000] {dagbag.py:538} INFO - Filling up the DagBag from /home/airflow/.local/lib/python3.8/site-packages/airflow/example_dags/tutorial.py
[2026-08-21T11:54:27.104+0000] {processor.py:840} INFO - DAG(s) 'tutorial' retrieved from /home/airflow/.local/lib/python3.8/site-packages/airflow/example_dags/tutorial.py
[2026-08-21T11:54:27.125+0000] {logging_mixin.py:188} INFO - [2026-08-21T11:54:27.124+0000] {dag.py:3036} INFO - Sync 1 DAGs
[2026-08-21T11:54:27.146+0000] {logging_mixin.py:188} INFO - [2026-08-21T11:54:27.146+0000] {dag.py:3823} INFO - Setting next_dagrun for tutorial to 2026-08-20 00:00:00+00:00, run_after=2026-08-21 00:00:00+00:00
[2026-08-21T11:54:27.167+0000] {processor.py:183} INFO - Processing /home/airflow/.local/lib/python3.8/site-packages/airflow/example_dags/tutorial.py took 0.075 seconds
[2026-08-21T11:54:58.477+0000] {processor.py:161} INFO - Started process (PID=1164) to work on /home/airflow/.local/lib/python3.8/site-packages/airflow/example_dags/tutorial.py
[2026-08-21T11:54:58.478+0000] {processor.py:830} INFO - Processing file /home/airflow/.local/lib/python3.8/site-packages/airflow/example_dags/tutorial.py for tasks to queue
[2026-08-21T11:54:58.481+0000] {logging_mixin.py:188} INFO - [2026-08-21T11:54:58.481+0000] {dagbag.py:538} INFO - Filling up the DagBag from /home/airflow/.local/lib/python3.8/site-packages/airflow/example_dags/tutorial.py
[2026-08-21T11:54:58.487+0000] {processor.py:840} INFO - DAG(s) 'tutorial' retrieved from /home/airflow/.local/lib/python3.8/site-packages/airflow/example_dags/tutorial.py
[2026-08-21T11:54:58.508+0000] {logging_mixin.py:188} INFO - [2026-08-21T11:54:58.508+0000] {dag.py:3036} INFO - Sync 1 DAGs
[2026-08-21T11:54:58.532+0000] {logging_mixin.py:188} INFO - [2026-08-21T11:54:58.531+0000] {dag.py:3823} INFO - Setting next_dagrun for tutorial to 2026-08-20 00:00:00+00:00, run_after=2026-08-21 00:00:00+00:00
[2026-08-21T11:54:58.553+0000] {processor.py:183} INFO - Processing /home/airflow/.local/lib/python3.8/site-packages/airflow/example_dags/tutorial.py took 0.080 seconds
[2026-08-21T11:55:28.941+0000] {processor.py:161} INFO - Started process (PID=1252) to work on /home/airflow/.local/lib/python3.8/site-packages/airflow/example_dags/tutorial.py
[2026-08-21T11:55:28.943+0000] {processor.py:830} INFO - Processing file /home/airflow/.local/lib/python3.8/site-packages/airflow/example_dags/tutorial.py for tasks to queue
[2026-08-21T11:55:28.946+0000] {logging_mixin.py:188} INFO - [2026-08-21T11:55:28.946+0000] {dagbag.py:538} INFO - Filling up the DagBag from /home/airflow/.local/lib/python3.8/site-packages/airflow/example_dags/tutorial.py
[2026-08-21T11:55:28.953+0000] {processor.py:840} INFO - DAG(s) 'tutorial' retrieved from /home/airflow/.local/lib/python3.8/site-packages/airflow/example_dags/tutorial.py
[2026-08-21T11:55:28.977+0000] {logging_mixin.py:188} INFO - [2026-08-21T11:55:28.977+0000] {dag.py:3036} INFO - Sync 1 DAGs
[2026-08-21T11:55:29.001+0000] {logging_mixin.py:188} INFO - [2026-08-21T11:55:29.001+0000] {dag.py:3823} INFO - Setting next_dagrun for tutorial to 2026-08-20 00:00:00+00:00, run_after=2026-08-21 00:00:00+00:00
[2026-08-21T11:55:29.021+0000] {processor.py:183} INFO - Processing /home/airflow/.local/lib/python3.8/site-packages/airflow/example_dags/tutorial.py took 0.085 seconds
[2026-08-21T11:56:00.243+0000] {processor.py:161} INFO - Started process (PID=1339) to work on /home/airflow/.local/lib/python3.8/site-packages/airflow/example_dags/tutorial.py
[2026-08-21T11:56:00.244+0000] {processor.py:830} INFO - Processing file /home/airflow/.local/lib/python3.8/site-packages/airflow/example_dags/tutorial.py for tasks to queue
[2026-08-21T11:56:00.247+0000] {logging_mixin.py:188} INFO - [2026-08-21T11:56:00.246+0000] {dagbag.py:538} INFO - Filling up the DagBag from /home/airflow/.local/lib/python3.8/site-packages/airflow/example_dags/tutorial.py
[2026-08-21T11:56:00.253+0000] {processor.py:840} INFO - DAG(s) 'tutorial' retrieved from /home/airflow/.local/lib/python3.8/site-packages/airflow/example_dags/tutorial.py
[2026-08-21T11:56:00.276+0000] {logging_mixin.py:188} INFO - [2026-08-21T11:56:00.276+0000] {dag.py:3036} INFO - Sync 1 DAGs
[2026-08-21T11:56:00.297+0000] {logging_mixin.py:188} INFO - [2026-08-21T11:56:00.297+0000] {dag.py:3823} INFO - Setting next_dagrun for tutorial to 2026-08-20 00:00:00+00:00, run_after=2026-08-21 00:00:00+00:00
[2026-08-21T11:56:00.318+0000] {processor.py:183} INFO - Processing /home/airflow/.local/lib/python3.8/site-packages/airflow/example_dags/tutorial.py took 0.078 seconds
[2026-08-21T11:56:31.158+0000] {processor.py:161} INFO - Started process (PID=1426) to work on /home/airflow/.local/lib/python3.8/site-packages/airflow/example_dags/tutorial.py
[2026-08-21T11:56:31.159+0000] {processor.py:830} INFO - Processing file /home/airflow/.local/lib/python3.8/site-packages/airflow/example_dags/tutorial.py for tasks to queue
[2026-08-21T11:56:31.162+0000] {logging_mixin.py:188} INFO - [2026-08-21T11:56:31.162+0000] {dagbag.py:538} INFO - Filling up the DagBag from /home/airflow/.local/lib/python3.8/site-packages/airflow/example_dags/tutorial.py
[2026-08-21T11:56:31.172+0000] {processor.py:840} INFO - DAG(s) 'tutorial' retrieved from /home/airflow/.local/lib/python3.8/site-packages/airflow/example_dags/tutorial.py
[2026-08-21T11:56:31.202+0000] {logging_mixin.py:188} INFO - [2026-08-21T11:56:31.201+0000] {dag.py:3036} INFO - Sync 1 DAGs
[2026-08-21T11:56:31.238+0000] {logging_mixin.py:188} INFO - [2026-08-21T11:56:31.237+0000] {dag.py:3823} INFO - Setting next_dagrun for tutorial to 2026-08-20 00:00:00+00:00, run_after=2026-08-21 00:00:00+00:00
[2026-08-21T11:56:31.289+0000] {processor.py:183} INFO - Processing /home/airflow/.local/lib/python3.8/site-packages/airflow/example_dags/tutorial.py took 0.140 seconds
[2026-08-21T11:57:04.077+0000] {processor.py:161} INFO - Started process (PID=1513) to work on /home/airflow/.local/lib/python3.8/site-packages/airflow/example_dags/tutorial.py
[2026-08-21T11:57:04.078+0000] {processor.py:830} INFO - Processing file /home/airflow/.local/lib/python3.8/site-packages/airflow/example_dags/tutorial.py for tasks to queue
[2026-08-21T11:57:04.081+0000] {logging_mixin.py:188} INFO - [2026-08-21T11:57:04.081+0000] {dagbag.py:538} INFO - Filling up the DagBag from /home/airflow/.local/lib/python3.8/site-packages/airflow/example_dags/tutorial.py
[2026-08-21T11:57:04.088+0000] {processor.py:840} INFO - DAG(s) 'tutorial' retrieved from /home/airflow/.local/lib/python3.8/site-packages/airflow/example_dags/tutorial.py
[2026-08-21T11:57:04.114+0000] {logging_mixin.py:188} INFO - [2026-08-21T11:57:04.114+0000] {dag.py:3036} INFO - Sync 1 DAGs
[2026-08-21T11:57:04.141+0000] {logging_mixin.py:188} INFO - [2026-08-21T11:57:04.141+0000] {dag.py:3823} INFO - Setting next_dagrun for tutorial to 2026-08-20 00:00:00+00:00, run_after=2026-08-21 00:00:00+00:00
[2026-08-21T11:57:04.179+0000] {processor.py:183} INFO - Processing /home/airflow/.local/lib/python3.8/site-packages/airflow/example_dags/tutorial.py took 0.107 seconds
[2026-08-21T11:57:35.342+0000] {processor.py:161} INFO - Started process (PID=1601) to work on /home/airflow/.local/lib/python3.8/site-packages/airflow/example_dags/tutorial.py
[2026-08-21T11:57:35.345+0000] {processor.py:830} INFO - Processing file /home/airflow/.local/lib/python3.8/site-packages/airflow/example_dags/tutorial.py for tasks to queue
[2026-08-21T11:57:35.357+0000] {logging_mixin.py:188} INFO - [2026-08-21T11:57:35.356+0000] {dagbag.py:538} INFO - Filling up the DagBag from /home/airflow/.local/lib/python3.8/site-packages/airflow/example_dags/tutorial.py
[2026-08-21T11:57:35.372+0000] {processor.py:840} INFO - DAG(s) 'tutorial' retrieved from /home/airflow/.local/lib/python3.8/site-packages/airflow/example_dags/tutorial.py
[2026-08-21T11:57:35.391+0000] {logging_mixin.py:188} INFO - [2026-08-21T11:57:35.391+0000] {dag.py:3036} INFO - Sync 1 DAGs
[2026-08-21T11:57:35.421+0000] {logging_mixin.py:188} INFO - [2026-08-21T11:57:35.421+0000] {dag.py:3823} INFO - Setting next_dagrun for tutorial to 2026-08-20 00:00:00+00:00, run_after=2026-08-21 00:00:00+00:00
[2026-08-21T11:57:35.443+0000] {processor.py:183} INFO - Processing /home/airflow/.local/lib/python3.8/site-packages/airflow/example_dags/tutorial.py took 0.106 seconds
[2026-08-21T11:58:05.998+0000] {processor.py:161} INFO - Started process (PID=1688) to work on /home/airflow/.local/lib/python3.8/site-packages/airflow/example_dags/tutorial.py
[2026-08-21T11:58:06.000+0000] {processor.py:830} INFO - Processing file /home/airflow/.local/lib/python3.8/site-packages/airflow/example_dags/tutorial.py for tasks to queue
[2026-08-21T11:58:06.004+0000] {logging_mixin.py:188} INFO - [2026-08-21T11:58:06.003+0000] {dagbag.py:538} INFO - Filling up the DagBag from /home/airflow/.local/lib/python3.8/site-packages/airflow/example_dags/tutorial.py
[2026-08-21T11:58:06.017+0000] {processor.py:840} INFO - DAG(s) 'tutorial' retrieved from /home/airflow/.local/lib/python3.8/site-packages/airflow/example_dags/tutorial.py
[2026-08-21T11:58:06.040+0000] {logging_mixin.py:188} INFO - [2026-08-21T11:58:06.040+0000] {dag.py:3036} INFO - Sync 1 DAGs
[2026-08-21T11:58:06.087+0000] {logging_mixin.py:188} INFO - [2026-08-21T11:58:06.086+0000] {dag.py:3823} INFO - Setting next_dagrun for tutorial to 2026-08-20 00:00:00+00:00, run_after=2026-08-21 00:00:00+00:00
[2026-08-21T11:58:06.128+0000] {processor.py:183} INFO - Processing /home/airflow/.local/lib/python3.8/site-packages/airflow/example_dags/tutorial.py took 0.141 seconds
[2026-08-21T11:58:40.360+0000] {processor.py:161} INFO - Started process (PID=1775) to work on /home/airflow/.local/lib/python3.8/site-packages/airflow/example_dags/tutorial.py
[2026-08-21T11:58:40.363+0000] {processor.py:830} INFO - Processing file /home/airflow/.local/lib/python3.8/site-packages/airflow/example_dags/tutorial.py for tasks to queue
[2026-08-21T11:58:40.366+0000] {logging_mixin.py:188} INFO - [2026-08-21T11:58:40.366+0000] {dagbag.py:538} INFO - Filling up the DagBag from /home/airflow/.local/lib/python3.8/site-packages/airflow/example_dags/tutorial.py
[2026-08-21T11:58:40.380+0000] {processor.py:840} INFO - DAG(s) 'tutorial' retrieved from /home/airflow/.local/lib/python3.8/site-packages/airflow/example_dags/tutorial.py
[2026-08-21T11:58:40.425+0000] {logging_mixin.py:188} INFO - [2026-08-21T11:58:40.425+0000] {dag.py:3036} INFO - Sync 1 DAGs
[2026-08-21T11:58:40.494+0000] {logging_mixin.py:188} INFO - [2026-08-21T11:58:40.493+0000] {dag.py:3823} INFO - Setting next_dagrun for tutorial to 2026-08-20 00:00:00+00:00, run_after=2026-08-21 00:00:00+00:00
[2026-08-21T11:58:40.557+0000] {processor.py:183} INFO - Processing /home/airflow/.local/lib/python3.8/site-packages/airflow/example_dags/tutorial.py took 0.203 seconds
[2026-08-21T11:59:11.151+0000] {processor.py:161} INFO - Started process (PID=1862) to work on /home/airflow/.local/lib/python3.8/site-packages/airflow/example_dags/tutorial.py
[2026-08-21T11:59:11.152+0000] {processor.py:830} INFO - Processing file /home/airflow/.local/lib/python3.8/site-packages/airflow/example_dags/tutorial.py for tasks to queue
[2026-08-21T11:59:11.155+0000] {logging_mixin.py:188} INFO - [2026-08-21T11:59:11.155+0000] {dagbag.py:538} INFO - Filling up the DagBag from /home/airflow/.local/lib/python3.8/site-packages/airflow/example_dags/tutorial.py
[2026-08-21T11:59:11.163+0000] {processor.py:840} INFO - DAG(s) 'tutorial' retrieved from /home/airflow/.local/lib/python3.8/site-packages/airflow/example_dags/tutorial.py
[2026-08-21T11:59:11.250+0000] {logging_mixin.py:188} INFO - [2026-08-21T11:59:11.250+0000] {dag.py:3036} INFO - Sync 1 DAGs
[2026-08-21T11:59:11.268+0000] {logging_mixin.py:188} INFO - [2026-08-21T11:59:11.268+0000] {dag.py:3823} INFO - Setting next_dagrun for tutorial to 2026-08-20 00:00:00+00:00, run_after=2026-08-21 00:00:00+00:00
[2026-08-21T11:59:11.290+0000] {processor.py:183} INFO - Processing /home/airflow/.local/lib/python3.8/site-packages/airflow/example_dags/tutorial.py took 0.142 seconds
[2026-08-21T11:59:41.379+0000] {processor.py:161} INFO - Started process (PID=1949) to work on /home/airflow/.local/lib/python3.8/site-packages/airflow/example_dags/tutorial.py
[2026-08-21T11:59:41.380+0000] {processor.py:830} INFO - Processing file /home/airflow/.local/lib/python3.8/site-packages/airflow/example_dags/tutorial.py for tasks to queue
[2026-08-21T11:59:41.382+0000] {logging_mixin.py:188} INFO - [2026-08-21T11:59:41.382+0000] {dagbag.py:538} INFO - Filling up the DagBag from /home/airflow/.local/lib/python3.8/site-packages/airflow/example_dags/tutorial.py
[2026-08-21T11:59:41.388+0000] {processor.py:840} INFO - DAG(s) 'tutorial' retrieved from /home/airflow/.local/lib/python3.8/site-packages/airflow/example_dags/tutorial.py
[2026-08-21T11:59:41.410+0000] {logging_mixin.py:188} INFO - [2026-08-21T11:59:41.410+0000] {dag.py:3036} INFO - Sync 1 DAGs
[2026-08-21T11:59:41.430+0000] {logging_mixin.py:188} INFO - [2026-08-21T11:59:41.430+0000] {dag.py:3823} INFO - Setting next_dagrun for tutorial to 2026-08-20 00:00:00+00:00, run_after=2026-08-21 00:00:00+00:00
[2026-08-21T11:59:41.450+0000] {processor.py:183} INFO - Processing /home/airflow/.local/lib/python3.8/site-packages/airflow/example_dags/tutorial.py took 0.074 seconds
[2026-08-21T12:00:11.747+0000] {processor.py:161} INFO - Started process (PID=2037) to work on /home/airflow/.local/lib/python3.8/site-packages/airflow/example_dags/tutorial.py
[2026-08-21T12:00:11.748+0000] {processor.py:830} INFO - Processing file /home/airflow/.local/lib/python3.8/site-packages/airflow/example_dags/tutorial.py for tasks to queue
[2026-08-21T12:00:11.751+0000] {logging_mixin.py:188} INFO - [2026-08-21T12:00:11.750+0000] {dagbag.py:538} INFO - Filling up the DagBag from /home/airflow/.local/lib/python3.8/site-packages/airflow/example_dags/tutorial.py
[2026-08-21T12:00:11.758+0000] {processor.py:840} INFO - DAG(s) 'tutorial' retrieved from /home/airflow/.local/lib/python3.8/site-packages/airflow/example_dags/tutorial.py
[2026-08-21T12:00:11.784+0000] {logging_mixin.py:188} INFO - [2026-08-21T12:00:11.784+0000] {dag.py:3036} INFO - Sync 1 DAGs
[2026-08-21T12:00:11.813+0000] {logging_mixin.py:188} INFO - [2026-08-21T12:00:11.813+0000] {dag.py:3823} INFO - Setting next_dagrun for tutorial to 2026-08-20 00:00:00+00:00, run_after=2026-08-21 00:00:00+00:00
[2026-08-21T12:00:11.836+0000] {processor.py:183} INFO - Processing /home/airflow/.local/lib/python3.8/site-packages/airflow/example_dags/tutorial.py took 0.093 seconds
[2026-08-21T12:00:42.239+0000] {processor.py:161} INFO - Started process (PID=2124) to work on /home/airflow/.local/lib/python3.8/site-packages/airflow/example_dags/tutorial.py
[2026-08-21T12:00:42.240+0000] {processor.py:830} INFO - Processing file /home/airflow/.local/lib/python3.8/site-packages/airflow/example_dags/tutorial.py for tasks to queue
[2026-08-21T12:00:42.242+0000] {logging_mixin.py:188} INFO - [2026-08-21T12:00:42.242+0000] {dagbag.py:538} INFO - Filling up the DagBag from /home/airflow/.local/lib/python3.8/site-packages/airflow/example_dags/tutorial.py
[2026-08-21T12:00:42.248+0000] {processor.py:840} INFO - DAG(s) 'tutorial' retrieved from /home/airflow/.local/lib/python3.8/site-packages/airflow/example_dags/tutorial.py
[2026-08-21T12:00:42.271+0000] {logging_mixin.py:188} INFO - [2026-08-21T12:00:42.270+0000] {dag.py:3036} INFO - Sync 1 DAGs
[2026-08-21T12:00:42.297+0000] {logging_mixin.py:188} INFO - [2026-08-21T12:00:42.297+0000] {dag.py:3823} INFO - Setting next_dagrun for tutorial to 2026-08-20 00:00:00+00:00, run_after=2026-08-21 00:00:00+00:00
[2026-08-21T12:00:42.319+0000] {processor.py:183} INFO - Processing /home/airflow/.local/lib/python3.8/site-packages/airflow/example_dags/tutorial.py took 0.084 seconds
[2026-08-21T12:01:12.531+0000] {processor.py:161} INFO - Started process (PID=2211) to work on /home/airflow/.local/lib/python3.8/site-packages/airflow/example_dags/tutorial.py
[2026-08-21T12:01:12.533+0000] {processor.py:830} INFO - Processing file /home/airflow/.local/lib/python3.8/site-packages/airflow/example_dags/tutorial.py for tasks to queue
[2026-08-21T12:01:12.535+0000] {logging_mixin.py:188} INFO - [2026-08-21T12:01:12.535+0000] {dagbag.py:538} INFO - Filling up the DagBag from /home/airflow/.local/lib/python3.8/site-packages/airflow/example_dags/tutorial.py
[2026-08-21T12:01:12.545+0000] {processor.py:840} INFO - DAG(s) 'tutorial' retrieved from /home/airflow/.local/lib/python3.8/site-packages/airflow/example_dags/tutorial.py
[2026-08-21T12:01:12.578+0000] {logging_mixin.py:188} INFO - [2026-08-21T12:01:12.578+0000] {dag.py:3036} INFO - Sync 1 DAGs
[2026-08-21T12:01:12.606+0000] {logging_mixin.py:188} INFO - [2026-08-21T12:01:12.606+0000] {dag.py:3823} INFO - Setting next_dagrun for tutorial to 2026-08-20 00:00:00+00:00, run_after=2026-08-21 00:00:00+00:00
[2026-08-21T12:01:12.639+0000] {processor.py:183} INFO - Processing /home/airflow/.local/lib/python3.8/site-packages/airflow/example_dags/tutorial.py took 0.115 seconds
[2026-08-21T12:01:43.063+0000] {processor.py:161} INFO - Started process (PID=2298) to work on /home/airflow/.local/lib/python3.8/site-packages/airflow/example_dags/tutorial.py
[2026-08-21T12:01:43.065+0000] {processor.py:830} INFO - Processing file /home/airflow/.local/lib/python3.8/site-packages/airflow/example_dags/tutorial.py for tasks to queue
[2026-08-21T12:01:43.068+0000] {logging_mixin.py:188} INFO - [2026-08-21T12:01:43.067+0000] {dagbag.py:538} INFO - Filling up the DagBag from /home/airflow/.local/lib/python3.8/site-packages/airflow/example_dags/tutorial.py
[2026-08-21T12:01:43.074+0000] {processor.py:840} INFO - DAG(s) 'tutorial' retrieved from /home/airflow/.local/lib/python3.8/site-packages/airflow/example_dags/tutorial.py
[2026-08-21T12:01:43.099+0000] {logging_mixin.py:188} INFO - [2026-08-21T12:01:43.099+0000] {dag.py:3036} INFO - Sync 1 DAGs
[2026-08-21T12:01:43.129+0000] {logging_mixin.py:188} INFO - [2026-08-21T12:01:43.128+0000] {dag.py:3823} INFO - Setting next_dagrun for tutorial to 2026-08-20 00:00:00+00:00, run_after=2026-08-21 00:00:00+00:00
[2026-08-21T12:01:43.151+0000] {processor.py:183} INFO - Processing /home/airflow/.local/lib/python3.8/site-packages/airflow/example_dags/tutorial.py took 0.093 seconds
[2026-08-21T12:02:13.596+0000] {processor.py:161} INFO - Started process (PID=2391) to work on /home/airflow/.local/lib/python3.8/site-packages/airflow/example_dags/tutorial.py
[2026-08-21T12:02:13.597+0000] {processor.py:830} INFO - Processing file /home/airflow/.local/lib/python3.8/site-packages/airflow/example_dags/tutorial.py for tasks to queue
[2026-08-21T12:02:13.599+0000] {logging_mixin.py:188} INFO - [2026-08-21T12:02:13.599+0000] {dagbag.py:538} INFO - Filling up the DagBag from /home/airflow/.local/lib/python3.8/site-packages/airflow/example_dags/tutorial.py
[2026-08-21T12:02:13.605+0000] {processor.py:840} INFO - DAG(s) 'tutorial' retrieved from /home/airflow/.local/lib/python3.8/site-packages/airflow/example_dags/tutorial.py
[2026-08-21T12:02:13.626+0000] {logging_mixin.py:188} INFO - [2026-08-21T12:02:13.626+0000] {dag.py:3036} INFO - Sync 1 DAGs
[2026-08-21T12:02:13.647+0000] {logging_mixin.py:188} INFO - [2026-08-21T12:02:13.647+0000] {dag.py:3823} INFO - Setting next_dagrun for tutorial to 2026-08-20 00:00:00+00:00, run_after=2026-08-21 00:00:00+00:00
[2026-08-21T12:02:13.668+0000] {processor.py:183} INFO - Processing /home/airflow/.local/lib/python3.8/site-packages/airflow/example_dags/tutorial.py took 0.075 seconds
[2026-08-21T12:02:44.925+0000] {processor.py:161} INFO - Started process (PID=2478) to work on /home/airflow/.local/lib/python3.8/site-packages/airflow/example_dags/tutorial.py
[2026-08-21T12:02:44.926+0000] {processor.py:830} INFO - Processing file /home/airflow/.local/lib/python3.8/site-packages/airflow/example_dags/tutorial.py for tasks to queue
[2026-08-21T12:02:44.929+0000] {logging_mixin.py:188} INFO - [2026-08-21T12:02:44.928+0000] {dagbag.py:538} INFO - Filling up the DagBag from /home/airflow/.local/lib/python3.8/site-packages/airflow/example_dags/tutorial.py
[2026-08-21T12:02:44.936+0000] {processor.py:840} INFO - DAG(s) 'tutorial' retrieved from /home/airflow/.local/lib/python3.8/site-packages/airflow/example_dags/tutorial.py
[2026-08-21T12:02:44.957+0000] {logging_mixin.py:188} INFO - [2026-08-21T12:02:44.957+0000] {dag.py:3036} INFO - Sync 1 DAGs
[2026-08-21T12:02:44.980+0000] {logging_mixin.py:188} INFO - [2026-08-21T12:02:44.979+0000] {dag.py:3823} INFO - Setting next_dagrun for tutorial to 2026-08-20 00:00:00+00:00, run_after=2026-08-21 00:00:00+00:00
[2026-08-21T12:02:45.000+0000] {processor.py:183} INFO - Processing /home/airflow/.local/lib/python3.8/site-packages/airflow/example_dags/tutorial.py took 0.079 seconds
[2026-08-21T12:03:15.311+0000] {processor.py:161} INFO - Started process (PID=2565) to work on /home/airflow/.local/lib/python3.8/site-packages/airflow/example_dags/tutorial.py
[2026-08-21T12:03:15.312+0000] {processor.py:830} INFO - Processing file /home/airflow/.local/lib/python3.8/site-packages/airflow/example_dags/tutorial.py for tasks to queue
[2026-08-21T12:03:15.314+0000] {logging_mixin.py:188} INFO - [2026-08-21T12:03:15.314+0000] {dagbag.py:538} INFO - Filling up the DagBag from /home/airflow/.local/lib/python3.8/site-packages/airflow/example_dags/tutorial.py
[2026-08-21T12:03:15.320+0000] {processor.py:840} INFO - DAG(s) 'tutorial' retrieved from /home/airflow/.local/lib/python3.8/site-packages/airflow/example_dags/tutorial.py
[2026-08-21T12:03:15.341+0000] {logging_mixin.py:188} INFO - [2026-08-21T12:03:15.340+0000] {dag.py:3036} INFO - Sync 1 DAGs
[2026-08-21T12:03:15.361+0000] {logging_mixin.py:188} INFO - [2026-08-21T12:03:15.361+0000] {dag.py:3823} INFO - Setting next_dagrun for tutorial to 2026-08-20 00:00:00+00:00, run_after=2026-08-21 00:00:00+00:00
[2026-08-21T12:03:15.380+0000] {processor.py:183} INFO - Processing /home/airflow/.local/lib/python3.8/site-packages/airflow/example_dags/tutorial.py took 0.073 seconds
[2026-08-21T12:03:46.327+0000] {processor.py:161} INFO - Started process (PID=2652) to work on /home/airflow/.local/lib/python3.8/site-packages/airflow/example_dags/tutorial.py
[2026-08-21T12:03:46.328+0000] {processor.py:830} INFO - Processing file /home/airflow/.local/lib/python3.8/site-packages/airflow/example_dags/tutorial.py for tasks to queue
[2026-08-21T12:03:46.332+0000] {logging_mixin.py:188} INFO - [2026-08-21T12:03:46.331+0000] {dagbag.py:538} INFO - Filling up the DagBag from /home/airflow/.local/lib/python3.8/site-packages/airflow/example_dags/tutorial.py
[2026-08-21T12:03:46.341+0000] {processor.py:840} INFO - DAG(s) 'tutorial' retrieved from /home/airflow/.local/lib/python3.8/site-packages/airflow/example_dags/tutorial.py
[2026-08-21T12:03:46.363+0000] {logging_mixin.py:188} INFO - [2026-08-21T12:03:46.363+0000] {dag.py:3036} INFO - Sync 1 DAGs
[2026-08-21T12:03:46.390+0000] {logging_mixin.py:188} INFO - [2026-08-21T12:03:46.390+0000] {dag.py:3823} INFO - Setting next_dagrun for tutorial to 2026-08-20 00:00:00+00:00, run_after=2026-08-21 00:00:00+00:00
[2026-08-21T12:03:46.409+0000] {processor.py:183} INFO - Processing /home/airflow/.local/lib/python3.8/site-packages/airflow/example_dags/tutorial.py took 0.089 seconds
[2026-08-21T12:04:17.628+0000] {processor.py:161} INFO - Started process (PID=2739) to work on /home/airflow/.local/lib/python3.8/site-packages/airflow/example_dags/tutorial.py
[2026-08-21T12:04:17.630+0000] {processor.py:830} INFO - Processing file /home/airflow/.local/lib/python3.8/site-packages/airflow/example_dags/tutorial.py for tasks to queue
[2026-08-21T12:04:17.632+0000] {logging_mixin.py:188} INFO - [2026-08-21T12:04:17.631+0000] {dagbag.py:538} INFO - Filling up the DagBag from /home/airflow/.local/lib/python3.8/site-packages/airflow/example_dags/tutorial.py
[2026-08-21T12:04:17.639+0000] {processor.py:840} INFO - DAG(s) 'tutorial' retrieved from /home/airflow/.local/lib/python3.8/site-packages/airflow/example_dags/tutorial.py
[2026-08-21T12:04:17.664+0000] {logging_mixin.py:188} INFO - [2026-08-21T12:04:17.664+0000] {dag.py:3036} INFO - Sync 1 DAGs
[2026-08-21T12:04:17.686+0000] {logging_mixin.py:188} INFO - [2026-08-21T12:04:17.686+0000] {dag.py:3823} INFO - Setting next_dagrun for tutorial to 2026-08-20 00:00:00+00:00, run_after=2026-08-21 00:00:00+00:00
[2026-08-21T12:04:17.706+0000] {processor.py:183} INFO - Processing /home/airflow/.local/lib/python3.8/site-packages/airflow/example_dags/tutorial.py took 0.082 seconds
[2026-08-21T12:04:48.455+0000] {processor.py:161} INFO - Started process (PID=2826) to work on /home/airflow/.local/lib/python3.8/site-packages/airflow/example_dags/tutorial.py
[2026-08-21T12:04:48.456+0000] {processor.py:830} INFO - Processing file /home/airflow/.local/lib/python3.8/site-packages/airflow/example_dags/tutorial.py for tasks to queue
[2026-08-21T12:04:48.458+0000] {logging_mixin.py:188} INFO - [2026-08-21T12:04:48.458+0000] {dagbag.py:538} INFO - Filling up the DagBag from /home/airflow/.local/lib/python3.8/site-packages/airflow/example_dags/tutorial.py
[2026-08-21T12:04:48.464+0000] {processor.py:840} INFO - DAG(s) 'tutorial' retrieved from /home/airflow/.local/lib/python3.8/site-packages/airflow/example_dags/tutorial.py
[2026-08-21T12:04:48.485+0000] {logging_mixin.py:188} INFO - [2026-08-21T12:04:48.485+0000] {dag.py:3036} INFO - Sync 1 DAGs
[2026-08-21T12:04:48.508+0000] {logging_mixin.py:188} INFO - [2026-08-21T12:04:48.507+0000] {dag.py:3823} INFO - Setting next_dagrun for tutorial to 2026-08-20 00:00:00+00:00, run_after=2026-08-21 00:00:00+00:00
[2026-08-21T12:04:48.657+0000] {processor.py:183} INFO - Processing /home/airflow/.local/lib/python3.8/site-packages/airflow/example_dags/tutorial.py took 0.206 seconds
[2026-08-21T12:05:25.737+0000] {processor.py:161} INFO - Started process (PID=2940) to work on /home/airflow/.local/lib/python3.8/site-packages/airflow/example_dags/tutorial.py
[2026-08-21T12:05:25.738+0000] {processor.py:830} INFO - Processing file /home/airflow/.local/lib/python3.8/site-packages/airflow/example_dags/tutorial.py for tasks to queue
[2026-08-21T12:05:25.742+0000] {logging_mixin.py:188} INFO - [2026-08-21T12:05:25.741+0000] {dagbag.py:538} INFO - Filling up the DagBag from /home/airflow/.local/lib/python3.8/site-packages/airflow/example_dags/tutorial.py
[2026-08-21T12:05:25.752+0000] {processor.py:840} INFO - DAG(s) 'tutorial' retrieved from /home/airflow/.local/lib/python3.8/site-packages/airflow/example_dags/tutorial.py
[2026-08-21T12:05:25.781+0000] {logging_mixin.py:188} INFO - [2026-08-21T12:05:25.780+0000] {dag.py:3036} INFO - Sync 1 DAGs
[2026-08-21T12:05:25.811+0000] {logging_mixin.py:188} INFO - [2026-08-21T12:05:25.811+0000] {dag.py:3823} INFO - Setting next_dagrun for tutorial to 2026-08-20 00:00:00+00:00, run_after=2026-08-21 00:00:00+00:00
[2026-08-21T12:05:25.840+0000] {processor.py:183} INFO - Processing /home/airflow/.local/lib/python3.8/site-packages/airflow/example_dags/tutorial.py took 0.109 seconds
[2026-08-21T12:05:56.446+0000] {processor.py:161} INFO - Started process (PID=3027) to work on /home/airflow/.local/lib/python3.8/site-packages/airflow/example_dags/tutorial.py
[2026-08-21T12:05:56.458+0000] {processor.py:830} INFO - Processing file /home/airflow/.local/lib/python3.8/site-packages/airflow/example_dags/tutorial.py for tasks to queue
[2026-08-21T12:05:56.462+0000] {logging_mixin.py:188} INFO - [2026-08-21T12:05:56.461+0000] {dagbag.py:538} INFO - Filling up the DagBag from /home/airflow/.local/lib/python3.8/site-packages/airflow/example_dags/tutorial.py
[2026-08-21T12:05:56.483+0000] {processor.py:840} INFO - DAG(s) 'tutorial' retrieved from /home/airflow/.local/lib/python3.8/site-packages/airflow/example_dags/tutorial.py
[2026-08-21T12:05:56.535+0000] {logging_mixin.py:188} INFO - [2026-08-21T12:05:56.535+0000] {dag.py:3036} INFO - Sync 1 DAGs
[2026-08-21T12:05:56.581+0000] {logging_mixin.py:188} INFO - [2026-08-21T12:05:56.581+0000] {dag.py:3823} INFO - Setting next_dagrun for tutorial to 2026-08-20 00:00:00+00:00, run_after=2026-08-21 00:00:00+00:00
[2026-08-21T12:05:56.610+0000] {processor.py:183} INFO - Processing /home/airflow/.local/lib/python3.8/site-packages/airflow/example_dags/tutorial.py took 0.178 seconds
[2026-08-21T12:06:27.440+0000] {processor.py:161} INFO - Started process (PID=3114) to work on /home/airflow/.local/lib/python3.8/site-packages/airflow/example_dags/tutorial.py
[2026-08-21T12:06:27.442+0000] {processor.py:830} INFO - Processing file /home/airflow/.local/lib/python3.8/site-packages/airflow/example_dags/tutorial.py for tasks to queue
[2026-08-21T12:06:27.444+0000] {logging_mixin.py:188} INFO - [2026-08-21T12:06:27.443+0000] {dagbag.py:538} INFO - Filling up the DagBag from /home/airflow/.local/lib/python3.8/site-packages/airflow/example_dags/tutorial.py
[2026-08-21T12:06:27.450+0000] {processor.py:840} INFO - DAG(s) 'tutorial' retrieved from /home/airflow/.local/lib/python3.8/site-packages/airflow/example_dags/tutorial.py
[2026-08-21T12:06:27.471+0000] {logging_mixin.py:188} INFO - [2026-08-21T12:06:27.471+0000] {dag.py:3036} INFO - Sync 1 DAGs
[2026-08-21T12:06:27.498+0000] {logging_mixin.py:188} INFO - [2026-08-21T12:06:27.497+0000] {dag.py:3823} INFO - Setting next_dagrun for tutorial to 2026-08-20 00:00:00+00:00, run_after=2026-08-21 00:00:00+00:00
[2026-08-21T12:06:27.519+0000] {processor.py:183} INFO - Processing /home/airflow/.local/lib/python3.8/site-packages/airflow/example_dags/tutorial.py took 0.082 seconds
[2026-08-21T12:06:57.713+0000] {processor.py:161} INFO - Started process (PID=3201) to work on /home/airflow/.local/lib/python3.8/site-packages/airflow/example_dags/tutorial.py
[2026-08-21T12:06:57.714+0000] {processor.py:830} INFO - Processing file /home/airflow/.local/lib/python3.8/site-packages/airflow/example_dags/tutorial.py for tasks to queue
[2026-08-21T12:06:57.716+0000] {logging_mixin.py:188} INFO - [2026-08-21T12:06:57.716+0000] {dagbag.py:538} INFO - Filling up the DagBag from /home/airflow/.local/lib/python3.8/site-packages/airflow/example_dags/tutorial.py
[2026-08-21T12:06:57.722+0000] {processor.py:840} INFO - DAG(s) 'tutorial' retrieved from /home/airflow/.local/lib/python3.8/site-packages/airflow/example_dags/tutorial.py
[2026-08-21T12:06:57.743+0000] {logging_mixin.py:188} INFO - [2026-08-21T12:06:57.743+0000] {dag.py:3036} INFO - Sync 1 DAGs
[2026-08-21T12:06:57.764+0000] {logging_mixin.py:188} INFO - [2026-08-21T12:06:57.764+0000] {dag.py:3823} INFO - Setting next_dagrun for tutorial to 2026-08-20 00:00:00+00:00, run_after=2026-08-21 00:00:00+00:00
[2026-08-21T12:06:57.785+0000] {processor.py:183} INFO - Processing /home/airflow/.local/lib/python3.8/site-packages/airflow/example_dags/tutorial.py took 0.076 seconds
[2026-08-21T12:07:27.925+0000] {processor.py:161} INFO - Started process (PID=3288) to work on /home/airflow/.local/lib/python3.8/site-packages/airflow/example_dags/tutorial.py
[2026-08-21T12:07:27.927+0000] {processor.py:830} INFO - Processing file /home/airflow/.local/lib/python3.8/site-packages/airflow/example_dags/tutorial.py for tasks to queue
[2026-08-21T12:07:27.930+0000] {logging_mixin.py:188} INFO - [2026-08-21T12:07:27.929+0000] {dagbag.py:538} INFO - Filling up the DagBag from /home/airflow/.local/lib/python3.8/site-packages/airflow/example_dags/tutorial.py
[2026-08-21T12:07:27.937+0000] {processor.py:840} INFO - DAG(s) 'tutorial' retrieved from /home/airflow/.local/lib/python3.8/site-packages/airflow/example_dags/tutorial.py
[2026-08-21T12:07:27.955+0000] {logging_mixin.py:188} INFO - [2026-08-21T12:07:27.955+0000] {dag.py:3036} INFO - Sync 1 DAGs
[2026-08-21T12:07:27.975+0000] {logging_mixin.py:188} INFO - [2026-08-21T12:07:27.975+0000] {dag.py:3823} INFO - Setting next_dagrun for tutorial to 2026-08-20 00:00:00+00:00, run_after=2026-08-21 00:00:00+00:00
[2026-08-21T12:07:27.997+0000] {processor.py:183} INFO - Processing /home/airflow/.local/lib/python3.8/site-packages/airflow/example_dags/tutorial.py took 0.074 seconds
[2026-08-21T12:07:58.377+0000] {processor.py:161} INFO - Started process (PID=3375) to work on /home/airflow/.local/lib/python3.8/site-packages/airflow/example_dags/tutorial.py
[2026-08-21T12:07:58.379+0000] {processor.py:830} INFO - Processing file /home/airflow/.local/lib/python3.8/site-packages/airflow/example_dags/tutorial.py for tasks to queue
[2026-08-21T12:07:58.382+0000] {logging_mixin.py:188} INFO - [2026-08-21T12:07:58.382+0000] {dagbag.py:538} INFO - Filling up the DagBag from /home/airflow/.local/lib/python3.8/site-packages/airflow/example_dags/tutorial.py
[2026-08-21T12:07:58.394+0000] {processor.py:840} INFO - DAG(s) 'tutorial' retrieved from /home/airflow/.local/lib/python3.8/site-packages/airflow/example_dags/tutorial.py
[2026-08-21T12:07:58.441+0000] {logging_mixin.py:188} INFO - [2026-08-21T12:07:58.440+0000] {dag.py:3036} INFO - Sync 1 DAGs
[2026-08-21T12:07:58.500+0000] {logging_mixin.py:188} INFO - [2026-08-21T12:07:58.498+0000] {dag.py:3823} INFO - Setting next_dagrun for tutorial to 2026-08-20 00:00:00+00:00, run_after=2026-08-21 00:00:00+00:00
[2026-08-21T12:07:58.593+0000] {processor.py:183} INFO - Processing /home/airflow/.local/lib/python3.8/site-packages/airflow/example_dags/tutorial.py took 0.227 seconds
[2026-08-21T12:08:28.764+0000] {processor.py:161} INFO - Started process (PID=3464) to work on /home/airflow/.local/lib/python3.8/site-packages/airflow/example_dags/tutorial.py
[2026-08-21T12:08:28.765+0000] {processor.py:830} INFO - Processing file /home/airflow/.local/lib/python3.8/site-packages/airflow/example_dags/tutorial.py for tasks to queue
[2026-08-21T12:08:28.767+0000] {logging_mixin.py:188} INFO - [2026-08-21T12:08:28.766+0000] {dagbag.py:538} INFO - Filling up the DagBag from /home/airflow/.local/lib/python3.8/site-packages/airflow/example_dags/tutorial.py
[2026-08-21T12:08:28.772+0000] {processor.py:840} INFO - DAG(s) 'tutorial' retrieved from /home/airflow/.local/lib/python3.8/site-packages/airflow/example_dags/tutorial.py
[2026-08-21T12:08:28.794+0000] {logging_mixin.py:188} INFO - [2026-08-21T12:08:28.793+0000] {dag.py:3036} INFO - Sync 1 DAGs
[2026-08-21T12:08:28.813+0000] {logging_mixin.py:188} INFO - [2026-08-21T12:08:28.813+0000] {dag.py:3823} INFO - Setting next_dagrun for tutorial to 2026-08-20 00:00:00+00:00, run_after=2026-08-21 00:00:00+00:00
[2026-08-21T12:08:28.833+0000] {processor.py:183} INFO - Processing /home/airflow/.local/lib/python3.8/site-packages/airflow/example_dags/tutorial.py took 0.072 seconds
[2026-08-21T12:08:59.851+0000] {processor.py:161} INFO - Started process (PID=3555) to work on /home/airflow/.local/lib/python3.8/site-packages/airflow/example_dags/tutorial.py
[2026-08-21T12:08:59.853+0000] {processor.py:830} INFO - Processing file /home/airflow/.local/lib/python3.8/site-packages/airflow/example_dags/tutorial.py for tasks to queue
[2026-08-21T12:08:59.856+0000] {logging_mixin.py:188} INFO - [2026-08-21T12:08:59.856+0000] {dagbag.py:538} INFO - Filling up the DagBag from /home/airflow/.local/lib/python3.8/site-packages/airflow/example_dags/tutorial.py
[2026-08-21T12:08:59.868+0000] {processor.py:840} INFO - DAG(s) 'tutorial' retrieved from /home/airflow/.local/lib/python3.8/site-packages/airflow/example_dags/tutorial.py
[2026-08-21T12:08:59.907+0000] {logging_mixin.py:188} INFO - [2026-08-21T12:08:59.907+0000] {dag.py:3036} INFO - Sync 1 DAGs
[2026-08-21T12:08:59.949+0000] {logging_mixin.py:188} INFO - [2026-08-21T12:08:59.949+0000] {dag.py:3823} INFO - Setting next_dagrun for tutorial to 2026-08-20 00:00:00+00:00, run_after=2026-08-21 00:00:00+00:00
[2026-08-21T12:08:59.982+0000] {processor.py:183} INFO - Processing /home/airflow/.local/lib/python3.8/site-packages/airflow/example_dags/tutorial.py took 0.137 seconds
[2026-08-21T12:09:30.577+0000] {processor.py:161} INFO - Started process (PID=3642) to work on /home/airflow/.local/lib/python3.8/site-packages/airflow/example_dags/tutorial.py
[2026-08-21T12:09:30.578+0000] {processor.py:830} INFO - Processing file /home/airflow/.local/lib/python3.8/site-packages/airflow/example_dags/tutorial.py for tasks to queue
[2026-08-21T12:09:30.581+0000] {logging_mixin.py:188} INFO - [2026-08-21T12:09:30.580+0000] {dagbag.py:538} INFO - Filling up the DagBag from /home/airflow/.local/lib/python3.8/site-packages/airflow/example_dags/tutorial.py
[2026-08-21T12:09:30.587+0000] {processor.py:840} INFO - DAG(s) 'tutorial' retrieved from /home/airflow/.local/lib/python3.8/site-packages/airflow/example_dags/tutorial.py
[2026-08-21T12:09:30.611+0000] {logging_mixin.py:188} INFO - [2026-08-21T12:09:30.611+0000] {dag.py:3036} INFO - Sync 1 DAGs
[2026-08-21T12:09:30.634+0000] {logging_mixin.py:188} INFO - [2026-08-21T12:09:30.634+0000] {dag.py:3823} INFO - Setting next_dagrun for tutorial to 2026-08-20 00:00:00+00:00, run_after=2026-08-21 00:00:00+00:00
[2026-08-21T12:09:30.663+0000] {processor.py:183} INFO - Processing /home/airflow/.local/lib/python3.8/site-packages/airflow/example_dags/tutorial.py took 0.091 seconds
[2026-08-21T12:10:00.893+0000] {processor.py:161} INFO - Started process (PID=3729) to work on /home/airflow/.local/lib/python3.8/site-packages/airflow/example_dags/tutorial.py
[2026-08-21T12:10:00.895+0000] {processor.py:830} INFO - Processing file /home/airflow/.local/lib/python3.8/site-packages/airflow/example_dags/tutorial.py for tasks to queue
[2026-08-21T12:10:00.897+0000] {logging_mixin.py:188} INFO - [2026-08-21T12:10:00.897+0000] {dagbag.py:538} INFO - Filling up the DagBag from /home/airflow/.local/lib/python3.8/site-packages/airflow/example_dags/tutorial.py
[2026-08-21T12:10:00.904+0000] {processor.py:840} INFO - DAG(s) 'tutorial' retrieved from /home/airflow/.local/lib/python3.8/site-packages/airflow/example_dags/tutorial.py
[2026-08-21T12:10:00.926+0000] {logging_mixin.py:188} INFO - [2026-08-21T12:10:00.926+0000] {dag.py:3036} INFO - Sync 1 DAGs
[2026-08-21T12:10:00.947+0000] {logging_mixin.py:188} INFO - [2026-08-21T12:10:00.946+0000] {dag.py:3823} INFO - Setting next_dagrun for tutorial to 2026-08-20 00:00:00+00:00, run_after=2026-08-21 00:00:00+00:00
[2026-08-21T12:10:00.966+0000] {processor.py:183} INFO - Processing /home/airflow/.local/lib/python3.8/site-packages/airflow/example_dags/tutorial.py took 0.077 seconds
[2026-08-21T12:10:31.621+0000] {processor.py:161} INFO - Started process (PID=3820) to work on /home/airflow/.local/lib/python3.8/site-packages/airflow/example_dags/tutorial.py
[2026-08-21T12:10:31.622+0000] {processor.py:830} INFO - Processing file /home/airflow/.local/lib/python3.8/site-packages/airflow/example_dags/tutorial.py for tasks to queue
[2026-08-21T12:10:31.624+0000] {logging_mixin.py:188} INFO - [2026-08-21T12:10:31.624+0000] {dagbag.py:538} INFO - Filling up the DagBag from /home/airflow/.local/lib/python3.8/site-packages/airflow/example_dags/tutorial.py
[2026-08-21T12:10:31.631+0000] {processor.py:840} INFO - DAG(s) 'tutorial' retrieved from /home/airflow/.local/lib/python3.8/site-packages/airflow/example_dags/tutorial.py
[2026-08-21T12:10:31.662+0000] {logging_mixin.py:188} INFO - [2026-08-21T12:10:31.661+0000] {dag.py:3036} INFO - Sync 1 DAGs
[2026-08-21T12:10:31.702+0000] {logging_mixin.py:188} INFO - [2026-08-21T12:10:31.702+0000] {dag.py:3823} INFO - Setting next_dagrun for tutorial to 2026-08-20 00:00:00+00:00, run_after=2026-08-21 00:00:00+00:00
[2026-08-21T12:10:31.731+0000] {processor.py:183} INFO - Processing /home/airflow/.local/lib/python3.8/site-packages/airflow/example_dags/tutorial.py took 0.115 seconds
[2026-08-21T12:11:02.549+0000] {processor.py:161} INFO - Started process (PID=3908) to work on /home/airflow/.local/lib/python3.8/site-packages/airflow/example_dags/tutorial.py
[2026-08-21T12:11:02.551+0000] {processor.py:830} INFO - Processing file /home/airflow/.local/lib/python3.8/site-packages/airflow/example_dags/tutorial.py for tasks to queue
[2026-08-21T12:11:02.553+0000] {logging_mixin.py:188} INFO - [2026-08-21T12:11:02.553+0000] {dagbag.py:538} INFO - Filling up the DagBag from /home/airflow/.local/lib/python3.8/site-packages/airflow/example_dags/tutorial.py
[2026-08-21T12:11:02.559+0000] {processor.py:840} INFO - DAG(s) 'tutorial' retrieved from /home/airflow/.local/lib/python3.8/site-packages/airflow/example_dags/tutorial.py
[2026-08-21T12:11:02.581+0000] {logging_mixin.py:188} INFO - [2026-08-21T12:11:02.580+0000] {dag.py:3036} INFO - Sync 1 DAGs
[2026-08-21T12:11:02.602+0000] {logging_mixin.py:188} INFO - [2026-08-21T12:11:02.602+0000] {dag.py:3823} INFO - Setting next_dagrun for tutorial to 2026-08-20 00:00:00+00:00, run_after=2026-08-21 00:00:00+00:00
[2026-08-21T12:11:02.623+0000] {processor.py:183} INFO - Processing /home/airflow/.local/lib/python3.8/site-packages/airflow/example_dags/tutorial.py took 0.077 seconds
[2026-08-21T12:11:33.107+0000] {processor.py:161} INFO - Started process (PID=3995) to work on /home/airflow/.local/lib/python3.8/site-packages/airflow/example_dags/tutorial.py
[2026-08-21T12:11:33.108+0000] {processor.py:830} INFO - Processing file /home/airflow/.local/lib/python3.8/site-packages/airflow/example_dags/tutorial.py for tasks to queue
[2026-08-21T12:11:33.110+0000] {logging_mixin.py:188} INFO - [2026-08-21T12:11:33.110+0000] {dagbag.py:538} INFO - Filling up the DagBag from /home/airflow/.local/lib/python3.8/site-packages/airflow/example_dags/tutorial.py
[2026-08-21T12:11:33.117+0000] {processor.py:840} INFO - DAG(s) 'tutorial' retrieved from /home/airflow/.local/lib/python3.8/site-packages/airflow/example_dags/tutorial.py
[2026-08-21T12:11:33.139+0000] {logging_mixin.py:188} INFO - [2026-08-21T12:11:33.138+0000] {dag.py:3036} INFO - Sync 1 DAGs
[2026-08-21T12:11:33.162+0000] {logging_mixin.py:188} INFO - [2026-08-21T12:11:33.162+0000] {dag.py:3823} INFO - Setting next_dagrun for tutorial to 2026-08-20 00:00:00+00:00, run_after=2026-08-21 00:00:00+00:00
[2026-08-21T12:11:33.184+0000] {processor.py:183} INFO - Processing /home/airflow/.local/lib/python3.8/site-packages/airflow/example_dags/tutorial.py took 0.080 seconds
[2026-08-21T12:12:03.981+0000] {processor.py:161} INFO - Started process (PID=4082) to work on /home/airflow/.local/lib/python3.8/site-packages/airflow/example_dags/tutorial.py
[2026-08-21T12:12:03.982+0000] {processor.py:830} INFO - Processing file /home/airflow/.local/lib/python3.8/site-packages/airflow/example_dags/tutorial.py for tasks to queue
[2026-08-21T12:12:03.985+0000] {logging_mixin.py:188} INFO - [2026-08-21T12:12:03.984+0000] {dagbag.py:538} INFO - Filling up the DagBag from /home/airflow/.local/lib/python3.8/site-packages/airflow/example_dags/tutorial.py
[2026-08-21T12:12:03.991+0000] {processor.py:840} INFO - DAG(s) 'tutorial' retrieved from /home/airflow/.local/lib/python3.8/site-packages/airflow/example_dags/tutorial.py
[2026-08-21T12:12:04.015+0000] {logging_mixin.py:188} INFO - [2026-08-21T12:12:04.015+0000] {dag.py:3036} INFO - Sync 1 DAGs
[2026-08-21T12:12:04.038+0000] {logging_mixin.py:188} INFO - [2026-08-21T12:12:04.038+0000] {dag.py:3823} INFO - Setting next_dagrun for tutorial to 2026-08-20 00:00:00+00:00, run_after=2026-08-21 00:00:00+00:00
[2026-08-21T12:12:04.058+0000] {processor.py:183} INFO - Processing /home/airflow/.local/lib/python3.8/site-packages/airflow/example_dags/tutorial.py took 0.081 seconds
[2026-08-21T12:12:34.822+0000] {processor.py:161} INFO - Started process (PID=4169) to work on /home/airflow/.local/lib/python3.8/site-packages/airflow/example_dags/tutorial.py
[2026-08-21T12:12:34.823+0000] {processor.py:830} INFO - Processing file /home/airflow/.local/lib/python3.8/site-packages/airflow/example_dags/tutorial.py for tasks to queue
[2026-08-21T12:12:34.825+0000] {logging_mixin.py:188} INFO - [2026-08-21T12:12:34.825+0000] {dagbag.py:538} INFO - Filling up the DagBag from /home/airflow/.local/lib/python3.8/site-packages/airflow/example_dags/tutorial.py
[2026-08-21T12:12:34.831+0000] {processor.py:840} INFO - DAG(s) 'tutorial' retrieved from /home/airflow/.local/lib/python3.8/site-packages/airflow/example_dags/tutorial.py
[2026-08-21T12:12:34.851+0000] {logging_mixin.py:188} INFO - [2026-08-21T12:12:34.851+0000] {dag.py:3036} INFO - Sync 1 DAGs
[2026-08-21T12:12:34.872+0000] {logging_mixin.py:188} INFO - [2026-08-21T12:12:34.872+0000] {dag.py:3823} INFO - Setting next_dagrun for tutorial to 2026-08-20 00:00:00+00:00, run_after=2026-08-21 00:00:00+00:00
[2026-08-21T12:12:34.892+0000] {processor.py:183} INFO - Processing /home/airflow/.local/lib/python3.8/site-packages/airflow/example_dags/tutorial.py took 0.074 seconds
[2026-08-21T12:13:05.330+0000] {processor.py:161} INFO - Started process (PID=4256) to work on /home/airflow/.local/lib/python3.8/site-packages/airflow/example_dags/tutorial.py
[2026-08-21T12:13:05.332+0000] {processor.py:830} INFO - Processing file /home/airflow/.local/lib/python3.8/site-packages/airflow/example_dags/tutorial.py for tasks to queue
[2026-08-21T12:13:05.334+0000] {logging_mixin.py:188} INFO - [2026-08-21T12:13:05.334+0000] {dagbag.py:538} INFO - Filling up the DagBag from /home/airflow/.local/lib/python3.8/site-packages/airflow/example_dags/tutorial.py
[2026-08-21T12:13:05.342+0000] {processor.py:840} INFO - DAG(s) 'tutorial' retrieved from /home/airflow/.local/lib/python3.8/site-packages/airflow/example_dags/tutorial.py
[2026-08-21T12:13:05.363+0000] {logging_mixin.py:188} INFO - [2026-08-21T12:13:05.363+0000] {dag.py:3036} INFO - Sync 1 DAGs
[2026-08-21T12:13:05.385+0000] {logging_mixin.py:188} INFO - [2026-08-21T12:13:05.385+0000] {dag.py:3823} INFO - Setting next_dagrun for tutorial to 2026-08-20 00:00:00+00:00, run_after=2026-08-21 00:00:00+00:00
[2026-08-21T12:13:05.405+0000] {processor.py:183} INFO - Processing /home/airflow/.local/lib/python3.8/site-packages/airflow/example_dags/tutorial.py took 0.078 seconds
[2026-08-21T12:13:35.755+0000] {processor.py:161} INFO - Started process (PID=4343) to work on /home/airflow/.local/lib/python3.8/site-packages/airflow/example_dags/tutorial.py
[2026-08-21T12:13:35.756+0000] {processor.py:830} INFO - Processing file /home/airflow/.local/lib/python3.8/site-packages/airflow/example_dags/tutorial.py for tasks to queue
[2026-08-21T12:13:35.758+0000] {logging_mixin.py:188} INFO - [2026-08-21T12:13:35.758+0000] {dagbag.py:538} INFO - Filling up the DagBag from /home/airflow/.local/lib/python3.8/site-packages/airflow/example_dags/tutorial.py
[2026-08-21T12:13:35.764+0000] {processor.py:840} INFO - DAG(s) 'tutorial' retrieved from /home/airflow/.local/lib/python3.8/site-packages/airflow/example_dags/tutorial.py
[2026-08-21T12:13:35.785+0000] {logging_mixin.py:188} INFO - [2026-08-21T12:13:35.785+0000] {dag.py:3036} INFO - Sync 1 DAGs
[2026-08-21T12:13:35.808+0000] {logging_mixin.py:188} INFO - [2026-08-21T12:13:35.808+0000] {dag.py:3823} INFO - Setting next_dagrun for tutorial to 2026-08-20 00:00:00+00:00, run_after=2026-08-21 00:00:00+00:00
[2026-08-21T12:13:35.828+0000] {processor.py:183} INFO - Processing /home/airflow/.local/lib/python3.8/site-packages/airflow/example_dags/tutorial.py took 0.076 seconds
[2026-08-21T12:14:07.905+0000] {processor.py:161} INFO - Started process (PID=4431) to work on /home/airflow/.local/lib/python3.8/site-packages/airflow/example_dags/tutorial.py
[2026-08-21T12:14:07.907+0000] {processor.py:830} INFO - Processing file /home/airflow/.local/lib/python3.8/site-packages/airflow/example_dags/tutorial.py for tasks to queue
[2026-08-21T12:14:07.909+0000] {logging_mixin.py:188} INFO - [2026-08-21T12:14:07.909+0000] {dagbag.py:538} INFO - Filling up the DagBag from /home/airflow/.local/lib/python3.8/site-packages/airflow/example_dags/tutorial.py
[2026-08-21T12:14:07.916+0000] {processor.py:840} INFO - DAG(s) 'tutorial' retrieved from /home/airflow/.local/lib/python3.8/site-packages/airflow/example_dags/tutorial.py
[2026-08-21T12:14:07.938+0000] {logging_mixin.py:188} INFO - [2026-08-21T12:14:07.937+0000] {dag.py:3036} INFO - Sync 1 DAGs
[2026-08-21T12:14:07.966+0000] {logging_mixin.py:188} INFO - [2026-08-21T12:14:07.965+0000] {dag.py:3823} INFO - Setting next_dagrun for tutorial to 2026-08-20 00:00:00+00:00, run_after=2026-08-21 00:00:00+00:00
[2026-08-21T12:14:07.986+0000] {processor.py:183} INFO - Processing /home/airflow/.local/lib/python3.8/site-packages/airflow/example_dags/tutorial.py took 0.085 seconds
[2026-08-21T12:14:38.406+0000] {processor.py:161} INFO - Started process (PID=4518) to work on /home/airflow/.local/lib/python3.8/site-packages/airflow/example_dags/tutorial.py
[2026-08-21T12:14:38.407+0000] {processor.py:830} INFO - Processing file /home/airflow/.local/lib/python3.8/site-packages/airflow/example_dags/tutorial.py for tasks to queue
[2026-08-21T12:14:38.409+0000] {logging_mixin.py:188} INFO - [2026-08-21T12:14:38.409+0000] {dagbag.py:538} INFO - Filling up the DagBag from /home/airflow/.local/lib/python3.8/site-packages/airflow/example_dags/tutorial.py
[2026-08-21T12:14:38.415+0000] {processor.py:840} INFO - DAG(s) 'tutorial' retrieved from /home/airflow/.local/lib/python3.8/site-packages/airflow/example_dags/tutorial.py
[2026-08-21T12:14:38.436+0000] {logging_mixin.py:188} INFO - [2026-08-21T12:14:38.436+0000] {dag.py:3036} INFO - Sync 1 DAGs
[2026-08-21T12:14:38.457+0000] {logging_mixin.py:188} INFO - [2026-08-21T12:14:38.457+0000] {dag.py:3823} INFO - Setting next_dagrun for tutorial to 2026-08-20 00:00:00+00:00, run_after=2026-08-21 00:00:00+00:00
[2026-08-21T12:14:38.478+0000] {processor.py:183} INFO - Processing /home/airflow/.local/lib/python3.8/site-packages/airflow/example_dags/tutorial.py took 0.075 seconds
[2026-08-21T12:15:09.373+0000] {processor.py:161} INFO - Started process (PID=4605) to work on /home/airflow/.local/lib/python3.8/site-packages/airflow/example_dags/tutorial.py
[2026-08-21T12:15:09.376+0000] {processor.py:830} INFO - Processing file /home/airflow/.local/lib/python3.8/site-packages/airflow/example_dags/tutorial.py for tasks to queue
[2026-08-21T12:15:09.379+0000] {logging_mixin.py:188} INFO - [2026-08-21T12:15:09.378+0000] {dagbag.py:538} INFO - Filling up the DagBag from /home/airflow/.local/lib/python3.8/site-packages/airflow/example_dags/tutorial.py
[2026-08-21T12:15:09.385+0000] {processor.py:840} INFO - DAG(s) 'tutorial' retrieved from /home/airflow/.local/lib/python3.8/site-packages/airflow/example_dags/tutorial.py
[2026-08-21T12:15:09.411+0000] {logging_mixin.py:188} INFO - [2026-08-21T12:15:09.410+0000] {dag.py:3036} INFO - Sync 1 DAGs
[2026-08-21T12:15:09.433+0000] {logging_mixin.py:188} INFO - [2026-08-21T12:15:09.433+0000] {dag.py:3823} INFO - Setting next_dagrun for tutorial to 2026-08-20 00:00:00+00:00, run_after=2026-08-21 00:00:00+00:00
[2026-08-21T12:15:09.457+0000] {processor.py:183} INFO - Processing /home/airflow/.local/lib/python3.8/site-packages/airflow/example_dags/tutorial.py took 0.089 seconds
[2026-08-21T12:15:39.649+0000] {processor.py:161} INFO - Started process (PID=4692) to work on /home/airflow/.local/lib/python3.8/site-packages/airflow/example_dags/tutorial.py
[2026-08-21T12:15:39.650+0000] {processor.py:830} INFO - Processing file /home/airflow/.local/lib/python3.8/site-packages/airflow/example_dags/tutorial.py for tasks to queue
[2026-08-21T12:15:39.653+0000] {logging_mixin.py:188} INFO - [2026-08-21T12:15:39.652+0000] {dagbag.py:538} INFO - Filling up the DagBag from /home/airflow/.local/lib/python3.8/site-packages/airflow/example_dags/tutorial.py
[2026-08-21T12:15:39.661+0000] {processor.py:840} INFO - DAG(s) 'tutorial' retrieved from /home/airflow/.local/lib/python3.8/site-packages/airflow/example_dags/tutorial.py
[2026-08-21T12:15:39.687+0000] {logging_mixin.py:188} INFO - [2026-08-21T12:15:39.687+0000] {dag.py:3036} INFO - Sync 1 DAGs
[2026-08-21T12:15:39.713+0000] {logging_mixin.py:188} INFO - [2026-08-21T12:15:39.713+0000] {dag.py:3823} INFO - Setting next_dagrun for tutorial to 2026-08-20 00:00:00+00:00, run_after=2026-08-21 00:00:00+00:00
[2026-08-21T12:15:39.738+0000] {processor.py:183} INFO - Processing /home/airflow/.local/lib/python3.8/site-packages/airflow/example_dags/tutorial.py took 0.094 seconds
[2026-08-21T12:16:10.415+0000] {processor.py:161} INFO - Started process (PID=4779) to work on /home/airflow/.local/lib/python3.8/site-packages/airflow/example_dags/tutorial.py
[2026-08-21T12:16:10.416+0000] {processor.py:830} INFO - Processing file /home/airflow/.local/lib/python3.8/site-packages/airflow/example_dags/tutorial.py for tasks to queue
[2026-08-21T12:16:10.419+0000] {logging_mixin.py:188} INFO - [2026-08-21T12:16:10.418+0000] {dagbag.py:538} INFO - Filling up the DagBag from /home/airflow/.local/lib/python3.8/site-packages/airflow/example_dags/tutorial.py
[2026-08-21T12:16:10.426+0000] {processor.py:840} INFO - DAG(s) 'tutorial' retrieved from /home/airflow/.local/lib/python3.8/site-packages/airflow/example_dags/tutorial.py
[2026-08-21T12:16:10.454+0000] {logging_mixin.py:188} INFO - [2026-08-21T12:16:10.454+0000] {dag.py:3036} INFO - Sync 1 DAGs
[2026-08-21T12:16:10.476+0000] {logging_mixin.py:188} INFO - [2026-08-21T12:16:10.476+0000] {dag.py:3823} INFO - Setting next_dagrun for tutorial to 2026-08-20 00:00:00+00:00, run_after=2026-08-21 00:00:00+00:00
[2026-08-21T12:16:10.499+0000] {processor.py:183} INFO - Processing /home/airflow/.local/lib/python3.8/site-packages/airflow/example_dags/tutorial.py took 0.089 seconds
[2026-08-21T12:16:41.866+0000] {processor.py:161} INFO - Started process (PID=4867) to work on /home/airflow/.local/lib/python3.8/site-packages/airflow/example_dags/tutorial.py
[2026-08-21T12:16:41.867+0000] {processor.py:830} INFO - Processing file /home/airflow/.local/lib/python3.8/site-packages/airflow/example_dags/tutorial.py for tasks to queue
[2026-08-21T12:16:41.870+0000] {logging_mixin.py:188} INFO - [2026-08-21T12:16:41.869+0000] {dagbag.py:538} INFO - Filling up the DagBag from /home/airflow/.local/lib/python3.8/site-packages/airflow/example_dags/tutorial.py
[2026-08-21T12:16:41.877+0000] {processor.py:840} INFO - DAG(s) 'tutorial' retrieved from /home/airflow/.local/lib/python3.8/site-packages/airflow/example_dags/tutorial.py
[2026-08-21T12:16:41.910+0000] {logging_mixin.py:188} INFO - [2026-08-21T12:16:41.910+0000] {dag.py:3036} INFO - Sync 1 DAGs
[2026-08-21T12:16:41.944+0000] {logging_mixin.py:188} INFO - [2026-08-21T12:16:41.944+0000] {dag.py:3823} INFO - Setting next_dagrun for tutorial to 2026-08-20 00:00:00+00:00, run_after=2026-08-21 00:00:00+00:00
[2026-08-21T12:16:41.971+0000] {processor.py:183} INFO - Processing /home/airflow/.local/lib/python3.8/site-packages/airflow/example_dags/tutorial.py took 0.111 seconds
[2026-08-21T12:17:12.465+0000] {processor.py:161} INFO - Started process (PID=4954) to work on /home/airflow/.local/lib/python3.8/site-packages/airflow/example_dags/tutorial.py
[2026-08-21T12:17:12.467+0000] {processor.py:830} INFO - Processing file /home/airflow/.local/lib/python3.8/site-packages/airflow/example_dags/tutorial.py for tasks to queue
[2026-08-21T12:17:12.469+0000] {logging_mixin.py:188} INFO - [2026-08-21T12:17:12.469+0000] {dagbag.py:538} INFO - Filling up the DagBag from /home/airflow/.local/lib/python3.8/site-packages/airflow/example_dags/tutorial.py
[2026-08-21T12:17:12.475+0000] {processor.py:840} INFO - DAG(s) 'tutorial' retrieved from /home/airflow/.local/lib/python3.8/site-packages/airflow/example_dags/tutorial.py
[2026-08-21T12:17:12.502+0000] {logging_mixin.py:188} INFO - [2026-08-21T12:17:12.502+0000] {dag.py:3036} INFO - Sync 1 DAGs
[2026-08-21T12:17:12.526+0000] {logging_mixin.py:188} INFO - [2026-08-21T12:17:12.526+0000] {dag.py:3823} INFO - Setting next_dagrun for tutorial to 2026-08-20 00:00:00+00:00, run_after=2026-08-21 00:00:00+00:00
[2026-08-21T12:17:12.548+0000] {processor.py:183} INFO - Processing /home/airflow/.local/lib/python3.8/site-packages/airflow/example_dags/tutorial.py took 0.087 seconds
[2026-08-21T12:17:42.858+0000] {processor.py:161} INFO - Started process (PID=5041) to work on /home/airflow/.local/lib/python3.8/site-packages/airflow/example_dags/tutorial.py
[2026-08-21T12:17:42.860+0000] {processor.py:830} INFO - Processing file /home/airflow/.local/lib/python3.8/site-packages/airflow/example_dags/tutorial.py for tasks to queue
[2026-08-21T12:17:42.862+0000] {logging_mixin.py:188} INFO - [2026-08-21T12:17:42.862+0000] {dagbag.py:538} INFO - Filling up the DagBag from /home/airflow/.local/lib/python3.8/site-packages/airflow/example_dags/tutorial.py
[2026-08-21T12:17:42.868+0000] {processor.py:840} INFO - DAG(s) 'tutorial' retrieved from /home/airflow/.local/lib/python3.8/site-packages/airflow/example_dags/tutorial.py
[2026-08-21T12:17:42.892+0000] {logging_mixin.py:188} INFO - [2026-08-21T12:17:42.891+0000] {dag.py:3036} INFO - Sync 1 DAGs
[2026-08-21T12:17:42.918+0000] {logging_mixin.py:188} INFO - [2026-08-21T12:17:42.917+0000] {dag.py:3823} INFO - Setting next_dagrun for tutorial to 2026-08-20 00:00:00+00:00, run_after=2026-08-21 00:00:00+00:00
[2026-08-21T12:17:42.938+0000] {processor.py:183} INFO - Processing /home/airflow/.local/lib/python3.8/site-packages/airflow/example_dags/tutorial.py took 0.085 seconds
[2026-08-21T12:18:14.093+0000] {processor.py:161} INFO - Started process (PID=5128) to work on /home/airflow/.local/lib/python3.8/site-packages/airflow/example_dags/tutorial.py
[2026-08-21T12:18:14.096+0000] {processor.py:830} INFO - Processing file /home/airflow/.local/lib/python3.8/site-packages/airflow/example_dags/tutorial.py for tasks to queue
[2026-08-21T12:18:14.101+0000] {logging_mixin.py:188} INFO - [2026-08-21T12:18:14.101+0000] {dagbag.py:538} INFO - Filling up the DagBag from /home/airflow/.local/lib/python3.8/site-packages/airflow/example_dags/tutorial.py
[2026-08-21T12:18:14.120+0000] {processor.py:840} INFO - DAG(s) 'tutorial' retrieved from /home/airflow/.local/lib/python3.8/site-packages/airflow/example_dags/tutorial.py
[2026-08-21T12:18:14.163+0000] {logging_mixin.py:188} INFO - [2026-08-21T12:18:14.163+0000] {dag.py:3036} INFO - Sync 1 DAGs
[2026-08-21T12:18:14.228+0000] {logging_mixin.py:188} INFO - [2026-08-21T12:18:14.228+0000] {dag.py:3823} INFO - Setting next_dagrun for tutorial to 2026-08-20 00:00:00+00:00, run_after=2026-08-21 00:00:00+00:00
[2026-08-21T12:18:14.278+0000] {processor.py:183} INFO - Processing /home/airflow/.local/lib/python3.8/site-packages/airflow/example_dags/tutorial.py took 0.199 seconds
[2026-08-21T12:18:44.645+0000] {processor.py:161} INFO - Started process (PID=5215) to work on /home/airflow/.local/lib/python3.8/site-packages/airflow/example_dags/tutorial.py
[2026-08-21T12:18:44.646+0000] {processor.py:830} INFO - Processing file /home/airflow/.local/lib/python3.8/site-packages/airflow/example_dags/tutorial.py for tasks to queue
[2026-08-21T12:18:44.648+0000] {logging_mixin.py:188} INFO - [2026-08-21T12:18:44.648+0000] {dagbag.py:538} INFO - Filling up the DagBag from /home/airflow/.local/lib/python3.8/site-packages/airflow/example_dags/tutorial.py
[2026-08-21T12:18:44.654+0000] {processor.py:840} INFO - DAG(s) 'tutorial' retrieved from /home/airflow/.local/lib/python3.8/site-packages/airflow/example_dags/tutorial.py
[2026-08-21T12:18:44.675+0000] {logging_mixin.py:188} INFO - [2026-08-21T12:18:44.674+0000] {dag.py:3036} INFO - Sync 1 DAGs
[2026-08-21T12:18:44.697+0000] {logging_mixin.py:188} INFO - [2026-08-21T12:18:44.697+0000] {dag.py:3823} INFO - Setting next_dagrun for tutorial to 2026-08-20 00:00:00+00:00, run_after=2026-08-21 00:00:00+00:00
[2026-08-21T12:18:44.717+0000] {processor.py:183} INFO - Processing /home/airflow/.local/lib/python3.8/site-packages/airflow/example_dags/tutorial.py took 0.076 seconds
[2026-08-21T12:19:15.164+0000] {processor.py:161} INFO - Started process (PID=5302) to work on /home/airflow/.local/lib/python3.8/site-packages/airflow/example_dags/tutorial.py
[2026-08-21T12:19:15.165+0000] {processor.py:830} INFO - Processing file /home/airflow/.local/lib/python3.8/site-packages/airflow/example_dags/tutorial.py for tasks to queue
[2026-08-21T12:19:15.167+0000] {logging_mixin.py:188} INFO - [2026-08-21T12:19:15.167+0000] {dagbag.py:538} INFO - Filling up the DagBag from /home/airflow/.local/lib/python3.8/site-packages/airflow/example_dags/tutorial.py
[2026-08-21T12:19:15.179+0000] {processor.py:840} INFO - DAG(s) 'tutorial' retrieved from /home/airflow/.local/lib/python3.8/site-packages/airflow/example_dags/tutorial.py
[2026-08-21T12:19:15.212+0000] {logging_mixin.py:188} INFO - [2026-08-21T12:19:15.212+0000] {dag.py:3036} INFO - Sync 1 DAGs
[2026-08-21T12:19:15.237+0000] {logging_mixin.py:188} INFO - [2026-08-21T12:19:15.237+0000] {dag.py:3823} INFO - Setting next_dagrun for tutorial to 2026-08-20 00:00:00+00:00, run_after=2026-08-21 00:00:00+00:00
[2026-08-21T12:19:15.267+0000] {processor.py:183} INFO - Processing /home/airflow/.local/lib/python3.8/site-packages/airflow/example_dags/tutorial.py took 0.111 seconds
[2026-08-21T12:19:46.078+0000] {processor.py:161} INFO - Started process (PID=5389) to work on /home/airflow/.local/lib/python3.8/site-packages/airflow/example_dags/tutorial.py
[2026-08-21T12:19:46.079+0000] {processor.py:830} INFO - Processing file /home/airflow/.local/lib/python3.8/site-packages/airflow/example_dags/tutorial.py for tasks to queue
[2026-08-21T12:19:46.082+0000] {logging_mixin.py:188} INFO - [2026-08-21T12:19:46.081+0000] {dagbag.py:538} INFO - Filling up the DagBag from /home/airflow/.local/lib/python3.8/site-packages/airflow/example_dags/tutorial.py
[2026-08-21T12:19:46.087+0000] {processor.py:840} INFO - DAG(s) 'tutorial' retrieved from /home/airflow/.local/lib/python3.8/site-packages/airflow/example_dags/tutorial.py
[2026-08-21T12:19:46.108+0000] {logging_mixin.py:188} INFO - [2026-08-21T12:19:46.108+0000] {dag.py:3036} INFO - Sync 1 DAGs
[2026-08-21T12:19:46.128+0000] {logging_mixin.py:188} INFO - [2026-08-21T12:19:46.128+0000] {dag.py:3823} INFO - Setting next_dagrun for tutorial to 2026-08-20 00:00:00+00:00, run_after=2026-08-21 00:00:00+00:00
[2026-08-21T12:19:46.147+0000] {processor.py:183} INFO - Processing /home/airflow/.local/lib/python3.8/site-packages/airflow/example_dags/tutorial.py took 0.073 seconds
[2026-08-21T12:20:27.898+0000] {processor.py:161} INFO - Started process (PID=5482) to work on /home/airflow/.local/lib/python3.8/site-packages/airflow/example_dags/tutorial.py
[2026-08-21T12:20:27.902+0000] {processor.py:830} INFO - Processing file /home/airflow/.local/lib/python3.8/site-packages/airflow/example_dags/tutorial.py for tasks to queue
[2026-08-21T12:20:27.913+0000] {logging_mixin.py:188} INFO - [2026-08-21T12:20:27.911+0000] {dagbag.py:538} INFO - Filling up the DagBag from /home/airflow/.local/lib/python3.8/site-packages/airflow/example_dags/tutorial.py
[2026-08-21T12:20:27.945+0000] {processor.py:840} INFO - DAG(s) 'tutorial' retrieved from /home/airflow/.local/lib/python3.8/site-packages/airflow/example_dags/tutorial.py
[2026-08-21T12:20:28.024+0000] {logging_mixin.py:188} INFO - [2026-08-21T12:20:28.023+0000] {dag.py:3036} INFO - Sync 1 DAGs
[2026-08-21T12:20:28.120+0000] {logging_mixin.py:188} INFO - [2026-08-21T12:20:28.120+0000] {dag.py:3823} INFO - Setting next_dagrun for tutorial to 2026-08-20 00:00:00+00:00, run_after=2026-08-21 00:00:00+00:00
[2026-08-21T12:20:28.196+0000] {processor.py:183} INFO - Processing /home/airflow/.local/lib/python3.8/site-packages/airflow/example_dags/tutorial.py took 0.314 seconds
[2026-08-21T12:20:59.294+0000] {processor.py:161} INFO - Started process (PID=5569) to work on /home/airflow/.local/lib/python3.8/site-packages/airflow/example_dags/tutorial.py
[2026-08-21T12:20:59.308+0000] {processor.py:830} INFO - Processing file /home/airflow/.local/lib/python3.8/site-packages/airflow/example_dags/tutorial.py for tasks to queue
[2026-08-21T12:20:59.312+0000] {logging_mixin.py:188} INFO - [2026-08-21T12:20:59.311+0000] {dagbag.py:538} INFO - Filling up the DagBag from /home/airflow/.local/lib/python3.8/site-packages/airflow/example_dags/tutorial.py
[2026-08-21T12:20:59.333+0000] {processor.py:840} INFO - DAG(s) 'tutorial' retrieved from /home/airflow/.local/lib/python3.8/site-packages/airflow/example_dags/tutorial.py
[2026-08-21T12:20:59.427+0000] {logging_mixin.py:188} INFO - [2026-08-21T12:20:59.427+0000] {dag.py:3036} INFO - Sync 1 DAGs
[2026-08-21T12:20:59.504+0000] {logging_mixin.py:188} INFO - [2026-08-21T12:20:59.504+0000] {dag.py:3823} INFO - Setting next_dagrun for tutorial to 2026-08-20 00:00:00+00:00, run_after=2026-08-21 00:00:00+00:00
[2026-08-21T12:20:59.580+0000] {processor.py:183} INFO - Processing /home/airflow/.local/lib/python3.8/site-packages/airflow/example_dags/tutorial.py took 0.303 seconds
[2026-08-21T12:21:29.988+0000] {processor.py:161} INFO - Started process (PID=5656) to work on /home/airflow/.local/lib/python3.8/site-packages/airflow/example_dags/tutorial.py
[2026-08-21T12:21:29.990+0000] {processor.py:830} INFO - Processing file /home/airflow/.local/lib/python3.8/site-packages/airflow/example_dags/tutorial.py for tasks to queue
[2026-08-21T12:21:29.993+0000] {logging_mixin.py:188} INFO - [2026-08-21T12:21:29.992+0000] {dagbag.py:538} INFO - Filling up the DagBag from /home/airflow/.local/lib/python3.8/site-packages/airflow/example_dags/tutorial.py
[2026-08-21T12:21:29.999+0000] {processor.py:840} INFO - DAG(s) 'tutorial' retrieved from /home/airflow/.local/lib/python3.8/site-packages/airflow/example_dags/tutorial.py
[2026-08-21T12:21:30.026+0000] {logging_mixin.py:188} INFO - [2026-08-21T12:21:30.025+0000] {dag.py:3036} INFO - Sync 1 DAGs
[2026-08-21T12:21:30.052+0000] {logging_mixin.py:188} INFO - [2026-08-21T12:21:30.052+0000] {dag.py:3823} INFO - Setting next_dagrun for tutorial to 2026-08-20 00:00:00+00:00, run_after=2026-08-21 00:00:00+00:00
[2026-08-21T12:21:30.164+0000] {processor.py:183} INFO - Processing /home/airflow/.local/lib/python3.8/site-packages/airflow/example_dags/tutorial.py took 0.181 seconds
[2026-08-21T12:22:00.333+0000] {processor.py:161} INFO - Started process (PID=5743) to work on /home/airflow/.local/lib/python3.8/site-packages/airflow/example_dags/tutorial.py
[2026-08-21T12:22:00.334+0000] {processor.py:830} INFO - Processing file /home/airflow/.local/lib/python3.8/site-packages/airflow/example_dags/tutorial.py for tasks to queue
[2026-08-21T12:22:00.337+0000] {logging_mixin.py:188} INFO - [2026-08-21T12:22:00.336+0000] {dagbag.py:538} INFO - Filling up the DagBag from /home/airflow/.local/lib/python3.8/site-packages/airflow/example_dags/tutorial.py
[2026-08-21T12:22:00.344+0000] {processor.py:840} INFO - DAG(s) 'tutorial' retrieved from /home/airflow/.local/lib/python3.8/site-packages/airflow/example_dags/tutorial.py
[2026-08-21T12:22:00.365+0000] {logging_mixin.py:188} INFO - [2026-08-21T12:22:00.365+0000] {dag.py:3036} INFO - Sync 1 DAGs
[2026-08-21T12:22:00.387+0000] {logging_mixin.py:188} INFO - [2026-08-21T12:22:00.386+0000] {dag.py:3823} INFO - Setting next_dagrun for tutorial to 2026-08-20 00:00:00+00:00, run_after=2026-08-21 00:00:00+00:00
[2026-08-21T12:22:00.406+0000] {processor.py:183} INFO - Processing /home/airflow/.local/lib/python3.8/site-packages/airflow/example_dags/tutorial.py took 0.078 seconds
[2026-08-21T12:22:31.645+0000] {processor.py:161} INFO - Started process (PID=5831) to work on /home/airflow/.local/lib/python3.8/site-packages/airflow/example_dags/tutorial.py
[2026-08-21T12:22:31.647+0000] {processor.py:830} INFO - Processing file /home/airflow/.local/lib/python3.8/site-packages/airflow/example_dags/tutorial.py for tasks to queue
[2026-08-21T12:22:31.649+0000] {logging_mixin.py:188} INFO - [2026-08-21T12:22:31.649+0000] {dagbag.py:538} INFO - Filling up the DagBag from /home/airflow/.local/lib/python3.8/site-packages/airflow/example_dags/tutorial.py
[2026-08-21T12:22:31.656+0000] {processor.py:840} INFO - DAG(s) 'tutorial' retrieved from /home/airflow/.local/lib/python3.8/site-packages/airflow/example_dags/tutorial.py
[2026-08-21T12:22:31.677+0000] {logging_mixin.py:188} INFO - [2026-08-21T12:22:31.677+0000] {dag.py:3036} INFO - Sync 1 DAGs
[2026-08-21T12:22:31.699+0000] {logging_mixin.py:188} INFO - [2026-08-21T12:22:31.699+0000] {dag.py:3823} INFO - Setting next_dagrun for tutorial to 2026-08-20 00:00:00+00:00, run_after=2026-08-21 00:00:00+00:00
[2026-08-21T12:22:31.792+0000] {processor.py:183} INFO - Processing /home/airflow/.local/lib/python3.8/site-packages/airflow/example_dags/tutorial.py took 0.151 seconds
[2026-08-21T12:23:01.863+0000] {processor.py:161} INFO - Started process (PID=5918) to work on /home/airflow/.local/lib/python3.8/site-packages/airflow/example_dags/tutorial.py
[2026-08-21T12:23:01.864+0000] {processor.py:830} INFO - Processing file /home/airflow/.local/lib/python3.8/site-packages/airflow/example_dags/tutorial.py for tasks to queue
[2026-08-21T12:23:01.867+0000] {logging_mixin.py:188} INFO - [2026-08-21T12:23:01.866+0000] {dagbag.py:538} INFO - Filling up the DagBag from /home/airflow/.local/lib/python3.8/site-packages/airflow/example_dags/tutorial.py
[2026-08-21T12:23:01.874+0000] {processor.py:840} INFO - DAG(s) 'tutorial' retrieved from /home/airflow/.local/lib/python3.8/site-packages/airflow/example_dags/tutorial.py
[2026-08-21T12:23:01.894+0000] {logging_mixin.py:188} INFO - [2026-08-21T12:23:01.894+0000] {dag.py:3036} INFO - Sync 1 DAGs
[2026-08-21T12:23:01.915+0000] {logging_mixin.py:188} INFO - [2026-08-21T12:23:01.914+0000] {dag.py:3823} INFO - Setting next_dagrun for tutorial to 2026-08-20 00:00:00+00:00, run_after=2026-08-21 00:00:00+00:00
[2026-08-21T12:23:01.981+0000] {processor.py:183} INFO - Processing /home/airflow/.local/lib/python3.8/site-packages/airflow/example_dags/tutorial.py took 0.121 seconds
[2026-08-21T12:23:32.758+0000] {processor.py:161} INFO - Started process (PID=6005) to work on /home/airflow/.local/lib/python3.8/site-packages/airflow/example_dags/tutorial.py
[2026-08-21T12:23:32.763+0000] {processor.py:830} INFO - Processing file /home/airflow/.local/lib/python3.8/site-packages/airflow/example_dags/tutorial.py for tasks to queue
[2026-08-21T12:23:32.774+0000] {logging_mixin.py:188} INFO - [2026-08-21T12:23:32.770+0000] {dagbag.py:538} INFO - Filling up the DagBag from /home/airflow/.local/lib/python3.8/site-packages/airflow/example_dags/tutorial.py
[2026-08-21T12:23:32.791+0000] {processor.py:840} INFO - DAG(s) 'tutorial' retrieved from /home/airflow/.local/lib/python3.8/site-packages/airflow/example_dags/tutorial.py
[2026-08-21T12:23:32.812+0000] {logging_mixin.py:188} INFO - [2026-08-21T12:23:32.812+0000] {dag.py:3036} INFO - Sync 1 DAGs
[2026-08-21T12:23:32.833+0000] {logging_mixin.py:188} INFO - [2026-08-21T12:23:32.833+0000] {dag.py:3823} INFO - Setting next_dagrun for tutorial to 2026-08-20 00:00:00+00:00, run_after=2026-08-21 00:00:00+00:00
[2026-08-21T12:23:32.897+0000] {processor.py:183} INFO - Processing /home/airflow/.local/lib/python3.8/site-packages/airflow/example_dags/tutorial.py took 0.144 seconds
[2026-08-21T12:24:02.954+0000] {processor.py:161} INFO - Started process (PID=6092) to work on /home/airflow/.local/lib/python3.8/site-packages/airflow/example_dags/tutorial.py
[2026-08-21T12:24:02.956+0000] {processor.py:830} INFO - Processing file /home/airflow/.local/lib/python3.8/site-packages/airflow/example_dags/tutorial.py for tasks to queue
[2026-08-21T12:24:02.959+0000] {logging_mixin.py:188} INFO - [2026-08-21T12:24:02.958+0000] {dagbag.py:538} INFO - Filling up the DagBag from /home/airflow/.local/lib/python3.8/site-packages/airflow/example_dags/tutorial.py
[2026-08-21T12:24:02.966+0000] {processor.py:840} INFO - DAG(s) 'tutorial' retrieved from /home/airflow/.local/lib/python3.8/site-packages/airflow/example_dags/tutorial.py
[2026-08-21T12:24:03.000+0000] {logging_mixin.py:188} INFO - [2026-08-21T12:24:02.999+0000] {dag.py:3036} INFO - Sync 1 DAGs
[2026-08-21T12:24:03.032+0000] {logging_mixin.py:188} INFO - [2026-08-21T12:24:03.032+0000] {dag.py:3823} INFO - Setting next_dagrun for tutorial to 2026-08-20 00:00:00+00:00, run_after=2026-08-21 00:00:00+00:00
[2026-08-21T12:24:03.063+0000] {processor.py:183} INFO - Processing /home/airflow/.local/lib/python3.8/site-packages/airflow/example_dags/tutorial.py took 0.113 seconds
[2026-08-21T12:24:33.618+0000] {processor.py:161} INFO - Started process (PID=6179) to work on /home/airflow/.local/lib/python3.8/site-packages/airflow/example_dags/tutorial.py
[2026-08-21T12:24:33.621+0000] {processor.py:830} INFO - Processing file /home/airflow/.local/lib/python3.8/site-packages/airflow/example_dags/tutorial.py for tasks to queue
[2026-08-21T12:24:33.626+0000] {logging_mixin.py:188} INFO - [2026-08-21T12:24:33.625+0000] {dagbag.py:538} INFO - Filling up the DagBag from /home/airflow/.local/lib/python3.8/site-packages/airflow/example_dags/tutorial.py
[2026-08-21T12:24:33.639+0000] {processor.py:840} INFO - DAG(s) 'tutorial' retrieved from /home/airflow/.local/lib/python3.8/site-packages/airflow/example_dags/tutorial.py
[2026-08-21T12:24:33.682+0000] {logging_mixin.py:188} INFO - [2026-08-21T12:24:33.681+0000] {dag.py:3036} INFO - Sync 1 DAGs
[2026-08-21T12:24:33.718+0000] {logging_mixin.py:188} INFO - [2026-08-21T12:24:33.717+0000] {dag.py:3823} INFO - Setting next_dagrun for tutorial to 2026-08-20 00:00:00+00:00, run_after=2026-08-21 00:00:00+00:00
[2026-08-21T12:24:33.924+0000] {processor.py:183} INFO - Processing /home/airflow/.local/lib/python3.8/site-packages/airflow/example_dags/tutorial.py took 0.315 seconds
[2026-08-21T12:25:04.074+0000] {processor.py:161} INFO - Started process (PID=6266) to work on /home/airflow/.local/lib/python3.8/site-packages/airflow/example_dags/tutorial.py
[2026-08-21T12:25:04.076+0000] {processor.py:830} INFO - Processing file /home/airflow/.local/lib/python3.8/site-packages/airflow/example_dags/tutorial.py for tasks to queue
[2026-08-21T12:25:04.079+0000] {logging_mixin.py:188} INFO - [2026-08-21T12:25:04.078+0000] {dagbag.py:538} INFO - Filling up the DagBag from /home/airflow/.local/lib/python3.8/site-packages/airflow/example_dags/tutorial.py
[2026-08-21T12:25:04.086+0000] {processor.py:840} INFO - DAG(s) 'tutorial' retrieved from /home/airflow/.local/lib/python3.8/site-packages/airflow/example_dags/tutorial.py
[2026-08-21T12:25:04.108+0000] {logging_mixin.py:188} INFO - [2026-08-21T12:25:04.107+0000] {dag.py:3036} INFO - Sync 1 DAGs
[2026-08-21T12:25:04.130+0000] {logging_mixin.py:188} INFO - [2026-08-21T12:25:04.130+0000] {dag.py:3823} INFO - Setting next_dagrun for tutorial to 2026-08-20 00:00:00+00:00, run_after=2026-08-21 00:00:00+00:00
[2026-08-21T12:25:04.297+0000] {processor.py:183} INFO - Processing /home/airflow/.local/lib/python3.8/site-packages/airflow/example_dags/tutorial.py took 0.227 seconds
[2026-08-21T12:25:34.480+0000] {processor.py:161} INFO - Started process (PID=6353) to work on /home/airflow/.local/lib/python3.8/site-packages/airflow/example_dags/tutorial.py
[2026-08-21T12:25:34.481+0000] {processor.py:830} INFO - Processing file /home/airflow/.local/lib/python3.8/site-packages/airflow/example_dags/tutorial.py for tasks to queue
[2026-08-21T12:25:34.484+0000] {logging_mixin.py:188} INFO - [2026-08-21T12:25:34.483+0000] {dagbag.py:538} INFO - Filling up the DagBag from /home/airflow/.local/lib/python3.8/site-packages/airflow/example_dags/tutorial.py
[2026-08-21T12:25:34.490+0000] {processor.py:840} INFO - DAG(s) 'tutorial' retrieved from /home/airflow/.local/lib/python3.8/site-packages/airflow/example_dags/tutorial.py
[2026-08-21T12:25:34.511+0000] {logging_mixin.py:188} INFO - [2026-08-21T12:25:34.511+0000] {dag.py:3036} INFO - Sync 1 DAGs
[2026-08-21T12:25:34.531+0000] {logging_mixin.py:188} INFO - [2026-08-21T12:25:34.531+0000] {dag.py:3823} INFO - Setting next_dagrun for tutorial to 2026-08-20 00:00:00+00:00, run_after=2026-08-21 00:00:00+00:00
[2026-08-21T12:25:34.550+0000] {processor.py:183} INFO - Processing /home/airflow/.local/lib/python3.8/site-packages/airflow/example_dags/tutorial.py took 0.075 seconds
[2026-08-21T12:26:04.816+0000] {processor.py:161} INFO - Started process (PID=6440) to work on /home/airflow/.local/lib/python3.8/site-packages/airflow/example_dags/tutorial.py
[2026-08-21T12:26:04.817+0000] {processor.py:830} INFO - Processing file /home/airflow/.local/lib/python3.8/site-packages/airflow/example_dags/tutorial.py for tasks to queue
[2026-08-21T12:26:04.820+0000] {logging_mixin.py:188} INFO - [2026-08-21T12:26:04.819+0000] {dagbag.py:538} INFO - Filling up the DagBag from /home/airflow/.local/lib/python3.8/site-packages/airflow/example_dags/tutorial.py
[2026-08-21T12:26:04.825+0000] {processor.py:840} INFO - DAG(s) 'tutorial' retrieved from /home/airflow/.local/lib/python3.8/site-packages/airflow/example_dags/tutorial.py
[2026-08-21T12:26:04.852+0000] {logging_mixin.py:188} INFO - [2026-08-21T12:26:04.851+0000] {dag.py:3036} INFO - Sync 1 DAGs
[2026-08-21T12:26:04.873+0000] {logging_mixin.py:188} INFO - [2026-08-21T12:26:04.873+0000] {dag.py:3823} INFO - Setting next_dagrun for tutorial to 2026-08-20 00:00:00+00:00, run_after=2026-08-21 00:00:00+00:00
[2026-08-21T12:26:04.895+0000] {processor.py:183} INFO - Processing /home/airflow/.local/lib/python3.8/site-packages/airflow/example_dags/tutorial.py took 0.084 seconds
[2026-08-21T12:26:37.379+0000] {processor.py:161} INFO - Started process (PID=6527) to work on /home/airflow/.local/lib/python3.8/site-packages/airflow/example_dags/tutorial.py
[2026-08-21T12:26:37.382+0000] {processor.py:830} INFO - Processing file /home/airflow/.local/lib/python3.8/site-packages/airflow/example_dags/tutorial.py for tasks to queue
[2026-08-21T12:26:37.389+0000] {logging_mixin.py:188} INFO - [2026-08-21T12:26:37.388+0000] {dagbag.py:538} INFO - Filling up the DagBag from /home/airflow/.local/lib/python3.8/site-packages/airflow/example_dags/tutorial.py
[2026-08-21T12:26:37.401+0000] {processor.py:840} INFO - DAG(s) 'tutorial' retrieved from /home/airflow/.local/lib/python3.8/site-packages/airflow/example_dags/tutorial.py
[2026-08-21T12:26:37.631+0000] {logging_mixin.py:188} INFO - [2026-08-21T12:26:37.631+0000] {dag.py:3036} INFO - Sync 1 DAGs
[2026-08-21T12:26:37.655+0000] {logging_mixin.py:188} INFO - [2026-08-21T12:26:37.654+0000] {dag.py:3823} INFO - Setting next_dagrun for tutorial to 2026-08-20 00:00:00+00:00, run_after=2026-08-21 00:00:00+00:00
[2026-08-21T12:26:37.677+0000] {processor.py:183} INFO - Processing /home/airflow/.local/lib/python3.8/site-packages/airflow/example_dags/tutorial.py took 0.304 seconds
[2026-08-21T12:27:08.625+0000] {processor.py:161} INFO - Started process (PID=6618) to work on /home/airflow/.local/lib/python3.8/site-packages/airflow/example_dags/tutorial.py
[2026-08-21T12:27:08.627+0000] {processor.py:830} INFO - Processing file /home/airflow/.local/lib/python3.8/site-packages/airflow/example_dags/tutorial.py for tasks to queue
[2026-08-21T12:27:08.629+0000] {logging_mixin.py:188} INFO - [2026-08-21T12:27:08.629+0000] {dagbag.py:538} INFO - Filling up the DagBag from /home/airflow/.local/lib/python3.8/site-packages/airflow/example_dags/tutorial.py
[2026-08-21T12:27:08.635+0000] {processor.py:840} INFO - DAG(s) 'tutorial' retrieved from /home/airflow/.local/lib/python3.8/site-packages/airflow/example_dags/tutorial.py
[2026-08-21T12:27:08.658+0000] {logging_mixin.py:188} INFO - [2026-08-21T12:27:08.658+0000] {dag.py:3036} INFO - Sync 1 DAGs
[2026-08-21T12:27:08.682+0000] {logging_mixin.py:188} INFO - [2026-08-21T12:27:08.682+0000] {dag.py:3823} INFO - Setting next_dagrun for tutorial to 2026-08-20 00:00:00+00:00, run_after=2026-08-21 00:00:00+00:00
[2026-08-21T12:27:08.702+0000] {processor.py:183} INFO - Processing /home/airflow/.local/lib/python3.8/site-packages/airflow/example_dags/tutorial.py took 0.081 seconds
[2026-08-21T12:27:38.925+0000] {processor.py:161} INFO - Started process (PID=6705) to work on /home/airflow/.local/lib/python3.8/site-packages/airflow/example_dags/tutorial.py
[2026-08-21T12:27:38.927+0000] {processor.py:830} INFO - Processing file /home/airflow/.local/lib/python3.8/site-packages/airflow/example_dags/tutorial.py for tasks to queue
[2026-08-21T12:27:38.929+0000] {logging_mixin.py:188} INFO - [2026-08-21T12:27:38.929+0000] {dagbag.py:538} INFO - Filling up the DagBag from /home/airflow/.local/lib/python3.8/site-packages/airflow/example_dags/tutorial.py
[2026-08-21T12:27:38.937+0000] {processor.py:840} INFO - DAG(s) 'tutorial' retrieved from /home/airflow/.local/lib/python3.8/site-packages/airflow/example_dags/tutorial.py
[2026-08-21T12:27:38.967+0000] {logging_mixin.py:188} INFO - [2026-08-21T12:27:38.966+0000] {dag.py:3036} INFO - Sync 1 DAGs
[2026-08-21T12:27:38.993+0000] {logging_mixin.py:188} INFO - [2026-08-21T12:27:38.993+0000] {dag.py:3823} INFO - Setting next_dagrun for tutorial to 2026-08-20 00:00:00+00:00, run_after=2026-08-21 00:00:00+00:00
[2026-08-21T12:27:39.015+0000] {processor.py:183} INFO - Processing /home/airflow/.local/lib/python3.8/site-packages/airflow/example_dags/tutorial.py took 0.093 seconds
[2026-08-21T12:28:09.438+0000] {processor.py:161} INFO - Started process (PID=6792) to work on /home/airflow/.local/lib/python3.8/site-packages/airflow/example_dags/tutorial.py
[2026-08-21T12:28:09.440+0000] {processor.py:830} INFO - Processing file /home/airflow/.local/lib/python3.8/site-packages/airflow/example_dags/tutorial.py for tasks to queue
[2026-08-21T12:28:09.446+0000] {logging_mixin.py:188} INFO - [2026-08-21T12:28:09.445+0000] {dagbag.py:538} INFO - Filling up the DagBag from /home/airflow/.local/lib/python3.8/site-packages/airflow/example_dags/tutorial.py
[2026-08-21T12:28:09.452+0000] {processor.py:840} INFO - DAG(s) 'tutorial' retrieved from /home/airflow/.local/lib/python3.8/site-packages/airflow/example_dags/tutorial.py
[2026-08-21T12:28:09.480+0000] {logging_mixin.py:188} INFO - [2026-08-21T12:28:09.480+0000] {dag.py:3036} INFO - Sync 1 DAGs
[2026-08-21T12:28:09.504+0000] {logging_mixin.py:188} INFO - [2026-08-21T12:28:09.503+0000] {dag.py:3823} INFO - Setting next_dagrun for tutorial to 2026-08-20 00:00:00+00:00, run_after=2026-08-21 00:00:00+00:00
[2026-08-21T12:28:09.540+0000] {processor.py:183} INFO - Processing /home/airflow/.local/lib/python3.8/site-packages/airflow/example_dags/tutorial.py took 0.106 seconds
[2026-08-21T12:28:39.971+0000] {processor.py:161} INFO - Started process (PID=6879) to work on /home/airflow/.local/lib/python3.8/site-packages/airflow/example_dags/tutorial.py
[2026-08-21T12:28:39.972+0000] {processor.py:830} INFO - Processing file /home/airflow/.local/lib/python3.8/site-packages/airflow/example_dags/tutorial.py for tasks to queue
[2026-08-21T12:28:39.975+0000] {logging_mixin.py:188} INFO - [2026-08-21T12:28:39.974+0000] {dagbag.py:538} INFO - Filling up the DagBag from /home/airflow/.local/lib/python3.8/site-packages/airflow/example_dags/tutorial.py
[2026-08-21T12:28:39.982+0000] {processor.py:840} INFO - DAG(s) 'tutorial' retrieved from /home/airflow/.local/lib/python3.8/site-packages/airflow/example_dags/tutorial.py
[2026-08-21T12:28:40.005+0000] {logging_mixin.py:188} INFO - [2026-08-21T12:28:40.005+0000] {dag.py:3036} INFO - Sync 1 DAGs
[2026-08-21T12:28:40.031+0000] {logging_mixin.py:188} INFO - [2026-08-21T12:28:40.031+0000] {dag.py:3823} INFO - Setting next_dagrun for tutorial to 2026-08-20 00:00:00+00:00, run_after=2026-08-21 00:00:00+00:00
[2026-08-21T12:28:40.052+0000] {processor.py:183} INFO - Processing /home/airflow/.local/lib/python3.8/site-packages/airflow/example_dags/tutorial.py took 0.085 seconds
[2026-08-21T12:29:10.224+0000] {processor.py:161} INFO - Started process (PID=6966) to work on /home/airflow/.local/lib/python3.8/site-packages/airflow/example_dags/tutorial.py
[2026-08-21T12:29:10.224+0000] {processor.py:830} INFO - Processing file /home/airflow/.local/lib/python3.8/site-packages/airflow/example_dags/tutorial.py for tasks to queue
[2026-08-21T12:29:10.227+0000] {logging_mixin.py:188} INFO - [2026-08-21T12:29:10.226+0000] {dagbag.py:538} INFO - Filling up the DagBag from /home/airflow/.local/lib/python3.8/site-packages/airflow/example_dags/tutorial.py
[2026-08-21T12:29:10.232+0000] {processor.py:840} INFO - DAG(s) 'tutorial' retrieved from /home/airflow/.local/lib/python3.8/site-packages/airflow/example_dags/tutorial.py
[2026-08-21T12:29:10.251+0000] {logging_mixin.py:188} INFO - [2026-08-21T12:29:10.251+0000] {dag.py:3036} INFO - Sync 1 DAGs
[2026-08-21T12:29:10.275+0000] {logging_mixin.py:188} INFO - [2026-08-21T12:29:10.275+0000] {dag.py:3823} INFO - Setting next_dagrun for tutorial to 2026-08-20 00:00:00+00:00, run_after=2026-08-21 00:00:00+00:00
[2026-08-21T12:29:10.295+0000] {processor.py:183} INFO - Processing /home/airflow/.local/lib/python3.8/site-packages/airflow/example_dags/tutorial.py took 0.075 seconds
[2026-08-21T12:29:40.355+0000] {processor.py:161} INFO - Started process (PID=7053) to work on /home/airflow/.local/lib/python3.8/site-packages/airflow/example_dags/tutorial.py
[2026-08-21T12:29:40.356+0000] {processor.py:830} INFO - Processing file /home/airflow/.local/lib/python3.8/site-packages/airflow/example_dags/tutorial.py for tasks to queue
[2026-08-21T12:29:40.359+0000] {logging_mixin.py:188} INFO - [2026-08-21T12:29:40.358+0000] {dagbag.py:538} INFO - Filling up the DagBag from /home/airflow/.local/lib/python3.8/site-packages/airflow/example_dags/tutorial.py
[2026-08-21T12:29:40.365+0000] {processor.py:840} INFO - DAG(s) 'tutorial' retrieved from /home/airflow/.local/lib/python3.8/site-packages/airflow/example_dags/tutorial.py
[2026-08-21T12:29:40.389+0000] {logging_mixin.py:188} INFO - [2026-08-21T12:29:40.389+0000] {dag.py:3036} INFO - Sync 1 DAGs
[2026-08-21T12:29:40.413+0000] {logging_mixin.py:188} INFO - [2026-08-21T12:29:40.413+0000] {dag.py:3823} INFO - Setting next_dagrun for tutorial to 2026-08-20 00:00:00+00:00, run_after=2026-08-21 00:00:00+00:00
[2026-08-21T12:29:40.435+0000] {processor.py:183} INFO - Processing /home/airflow/.local/lib/python3.8/site-packages/airflow/example_dags/tutorial.py took 0.084 seconds
[2026-08-21T12:30:10.823+0000] {processor.py:161} INFO - Started process (PID=7140) to work on /home/airflow/.local/lib/python3.8/site-packages/airflow/example_dags/tutorial.py
[2026-08-21T12:30:10.824+0000] {processor.py:830} INFO - Processing file /home/airflow/.local/lib/python3.8/site-packages/airflow/example_dags/tutorial.py for tasks to queue
[2026-08-21T12:30:10.827+0000] {logging_mixin.py:188} INFO - [2026-08-21T12:30:10.826+0000] {dagbag.py:538} INFO - Filling up the DagBag from /home/airflow/.local/lib/python3.8/site-packages/airflow/example_dags/tutorial.py
[2026-08-21T12:30:10.834+0000] {processor.py:840} INFO - DAG(s) 'tutorial' retrieved from /home/airflow/.local/lib/python3.8/site-packages/airflow/example_dags/tutorial.py
[2026-08-21T12:30:10.858+0000] {logging_mixin.py:188} INFO - [2026-08-21T12:30:10.858+0000] {dag.py:3036} INFO - Sync 1 DAGs
[2026-08-21T12:30:10.885+0000] {logging_mixin.py:188} INFO - [2026-08-21T12:30:10.884+0000] {dag.py:3823} INFO - Setting next_dagrun for tutorial to 2026-08-20 00:00:00+00:00, run_after=2026-08-21 00:00:00+00:00
[2026-08-21T12:30:10.909+0000] {processor.py:183} INFO - Processing /home/airflow/.local/lib/python3.8/site-packages/airflow/example_dags/tutorial.py took 0.089 seconds
[2026-08-21T12:30:41.578+0000] {processor.py:161} INFO - Started process (PID=7227) to work on /home/airflow/.local/lib/python3.8/site-packages/airflow/example_dags/tutorial.py
[2026-08-21T12:30:41.579+0000] {processor.py:830} INFO - Processing file /home/airflow/.local/lib/python3.8/site-packages/airflow/example_dags/tutorial.py for tasks to queue
[2026-08-21T12:30:41.580+0000] {logging_mixin.py:188} INFO - [2026-08-21T12:30:41.580+0000] {dagbag.py:538} INFO - Filling up the DagBag from /home/airflow/.local/lib/python3.8/site-packages/airflow/example_dags/tutorial.py
[2026-08-21T12:30:41.586+0000] {processor.py:840} INFO - DAG(s) 'tutorial' retrieved from /home/airflow/.local/lib/python3.8/site-packages/airflow/example_dags/tutorial.py
[2026-08-21T12:30:41.607+0000] {logging_mixin.py:188} INFO - [2026-08-21T12:30:41.606+0000] {dag.py:3036} INFO - Sync 1 DAGs
[2026-08-21T12:30:41.627+0000] {logging_mixin.py:188} INFO - [2026-08-21T12:30:41.627+0000] {dag.py:3823} INFO - Setting next_dagrun for tutorial to 2026-08-20 00:00:00+00:00, run_after=2026-08-21 00:00:00+00:00
[2026-08-21T12:30:41.652+0000] {processor.py:183} INFO - Processing /home/airflow/.local/lib/python3.8/site-packages/airflow/example_dags/tutorial.py took 0.078 seconds
[2026-08-21T12:31:12.196+0000] {processor.py:161} INFO - Started process (PID=7315) to work on /home/airflow/.local/lib/python3.8/site-packages/airflow/example_dags/tutorial.py
[2026-08-21T12:31:12.197+0000] {processor.py:830} INFO - Processing file /home/airflow/.local/lib/python3.8/site-packages/airflow/example_dags/tutorial.py for tasks to queue
[2026-08-21T12:31:12.199+0000] {logging_mixin.py:188} INFO - [2026-08-21T12:31:12.199+0000] {dagbag.py:538} INFO - Filling up the DagBag from /home/airflow/.local/lib/python3.8/site-packages/airflow/example_dags/tutorial.py
[2026-08-21T12:31:12.205+0000] {processor.py:840} INFO - DAG(s) 'tutorial' retrieved from /home/airflow/.local/lib/python3.8/site-packages/airflow/example_dags/tutorial.py
[2026-08-21T12:31:12.227+0000] {logging_mixin.py:188} INFO - [2026-08-21T12:31:12.227+0000] {dag.py:3036} INFO - Sync 1 DAGs
[2026-08-21T12:31:12.249+0000] {logging_mixin.py:188} INFO - [2026-08-21T12:31:12.249+0000] {dag.py:3823} INFO - Setting next_dagrun for tutorial to 2026-08-20 00:00:00+00:00, run_after=2026-08-21 00:00:00+00:00
[2026-08-21T12:31:12.270+0000] {processor.py:183} INFO - Processing /home/airflow/.local/lib/python3.8/site-packages/airflow/example_dags/tutorial.py took 0.078 seconds
[2026-08-21T12:31:43.170+0000] {processor.py:161} INFO - Started process (PID=7402) to work on /home/airflow/.local/lib/python3.8/site-packages/airflow/example_dags/tutorial.py
[2026-08-21T12:31:43.171+0000] {processor.py:830} INFO - Processing file /home/airflow/.local/lib/python3.8/site-packages/airflow/example_dags/tutorial.py for tasks to queue
[2026-08-21T12:31:43.174+0000] {logging_mixin.py:188} INFO - [2026-08-21T12:31:43.173+0000] {dagbag.py:538} INFO - Filling up the DagBag from /home/airflow/.local/lib/python3.8/site-packages/airflow/example_dags/tutorial.py
[2026-08-21T12:31:43.181+0000] {processor.py:840} INFO - DAG(s) 'tutorial' retrieved from /home/airflow/.local/lib/python3.8/site-packages/airflow/example_dags/tutorial.py
[2026-08-21T12:31:43.207+0000] {logging_mixin.py:188} INFO - [2026-08-21T12:31:43.206+0000] {dag.py:3036} INFO - Sync 1 DAGs
[2026-08-21T12:31:43.231+0000] {logging_mixin.py:188} INFO - [2026-08-21T12:31:43.230+0000] {dag.py:3823} INFO - Setting next_dagrun for tutorial to 2026-08-20 00:00:00+00:00, run_after=2026-08-21 00:00:00+00:00
[2026-08-21T12:31:43.255+0000] {processor.py:183} INFO - Processing /home/airflow/.local/lib/python3.8/site-packages/airflow/example_dags/tutorial.py took 0.090 seconds
