[2026-08-21T11:42:25.323+0000] {processor.py:161} INFO - Started process (PID=84) to work on /opt/airflow/dags/dag_variables_jinja.py
[2026-08-21T11:42:25.331+0000] {processor.py:830} INFO - Processing file /opt/airflow/dags/dag_variables_jinja.py for tasks to queue
[2026-08-21T11:42:25.336+0000] {logging_mixin.py:188} INFO - [2026-08-21T11:42:25.335+0000] {dagbag.py:538} INFO - Filling up the DagBag from /opt/airflow/dags/dag_variables_jinja.py
[2026-08-21T11:42:26.297+0000] {processor.py:840} INFO - DAG(s) 'jour6_variables_jinja' retrieved from /opt/airflow/dags/dag_variables_jinja.py
[2026-08-21T11:42:26.476+0000] {logging_mixin.py:188} INFO - [2026-08-21T11:42:26.475+0000] {dag.py:3036} INFO - Sync 1 DAGs
[2026-08-21T11:42:26.511+0000] {logging_mixin.py:188} INFO - [2026-08-21T11:42:26.510+0000] {dag.py:3823} INFO - Setting next_dagrun for jour6_variables_jinja to 2026-08-20 00:00:00+00:00, run_after=2026-08-21 00:00:00+00:00
[2026-08-21T11:42:26.548+0000] {processor.py:183} INFO - Processing /opt/airflow/dags/dag_variables_jinja.py took 1.232 seconds
[2026-08-21T11:43:12.604+0000] {processor.py:161} INFO - Started process (PID=69) to work on /opt/airflow/dags/dag_variables_jinja.py
[2026-08-21T11:43:12.606+0000] {processor.py:830} INFO - Processing file /opt/airflow/dags/dag_variables_jinja.py for tasks to queue
[2026-08-21T11:43:12.611+0000] {logging_mixin.py:188} INFO - [2026-08-21T11:43:12.610+0000] {dagbag.py:538} INFO - Filling up the DagBag from /opt/airflow/dags/dag_variables_jinja.py
[2026-08-21T11:43:14.105+0000] {processor.py:840} INFO - DAG(s) 'jour6_variables_jinja' retrieved from /opt/airflow/dags/dag_variables_jinja.py
[2026-08-21T11:43:14.265+0000] {logging_mixin.py:188} INFO - [2026-08-21T11:43:14.265+0000] {dag.py:3036} INFO - Sync 1 DAGs
[2026-08-21T11:43:14.351+0000] {logging_mixin.py:188} INFO - [2026-08-21T11:43:14.351+0000] {dag.py:3823} INFO - Setting next_dagrun for jour6_variables_jinja to 2026-08-21 00:00:00+00:00, run_after=2026-08-22 00:00:00+00:00
[2026-08-21T11:43:14.407+0000] {processor.py:183} INFO - Processing /opt/airflow/dags/dag_variables_jinja.py took 1.811 seconds
[2026-08-21T11:43:44.635+0000] {processor.py:161} INFO - Started process (PID=172) to work on /opt/airflow/dags/dag_variables_jinja.py
[2026-08-21T11:43:44.636+0000] {processor.py:830} INFO - Processing file /opt/airflow/dags/dag_variables_jinja.py for tasks to queue
[2026-08-21T11:43:44.638+0000] {logging_mixin.py:188} INFO - [2026-08-21T11:43:44.638+0000] {dagbag.py:538} INFO - Filling up the DagBag from /opt/airflow/dags/dag_variables_jinja.py
[2026-08-21T11:43:45.002+0000] {processor.py:840} INFO - DAG(s) 'jour6_variables_jinja' retrieved from /opt/airflow/dags/dag_variables_jinja.py
[2026-08-21T11:43:45.035+0000] {logging_mixin.py:188} INFO - [2026-08-21T11:43:45.034+0000] {dag.py:3036} INFO - Sync 1 DAGs
[2026-08-21T11:43:45.053+0000] {logging_mixin.py:188} INFO - [2026-08-21T11:43:45.053+0000] {dag.py:3823} INFO - Setting next_dagrun for jour6_variables_jinja to 2026-08-21 00:00:00+00:00, run_after=2026-08-22 00:00:00+00:00
[2026-08-21T11:43:45.070+0000] {processor.py:183} INFO - Processing /opt/airflow/dags/dag_variables_jinja.py took 0.438 seconds
[2026-08-21T11:44:15.435+0000] {processor.py:161} INFO - Started process (PID=258) to work on /opt/airflow/dags/dag_variables_jinja.py
[2026-08-21T11:44:15.437+0000] {processor.py:830} INFO - Processing file /opt/airflow/dags/dag_variables_jinja.py for tasks to queue
[2026-08-21T11:44:15.439+0000] {logging_mixin.py:188} INFO - [2026-08-21T11:44:15.438+0000] {dagbag.py:538} INFO - Filling up the DagBag from /opt/airflow/dags/dag_variables_jinja.py
[2026-08-21T11:44:15.843+0000] {processor.py:840} INFO - DAG(s) 'jour6_variables_jinja' retrieved from /opt/airflow/dags/dag_variables_jinja.py
[2026-08-21T11:44:15.935+0000] {logging_mixin.py:188} INFO - [2026-08-21T11:44:15.934+0000] {dag.py:3036} INFO - Sync 1 DAGs
[2026-08-21T11:44:15.952+0000] {logging_mixin.py:188} INFO - [2026-08-21T11:44:15.952+0000] {dag.py:3823} INFO - Setting next_dagrun for jour6_variables_jinja to 2026-08-21 00:00:00+00:00, run_after=2026-08-22 00:00:00+00:00
[2026-08-21T11:44:16.217+0000] {processor.py:183} INFO - Processing /opt/airflow/dags/dag_variables_jinja.py took 0.788 seconds
[2026-08-21T11:44:46.283+0000] {processor.py:161} INFO - Started process (PID=344) to work on /opt/airflow/dags/dag_variables_jinja.py
[2026-08-21T11:44:46.285+0000] {processor.py:830} INFO - Processing file /opt/airflow/dags/dag_variables_jinja.py for tasks to queue
[2026-08-21T11:44:46.287+0000] {logging_mixin.py:188} INFO - [2026-08-21T11:44:46.287+0000] {dagbag.py:538} INFO - Filling up the DagBag from /opt/airflow/dags/dag_variables_jinja.py
[2026-08-21T11:44:46.728+0000] {processor.py:840} INFO - DAG(s) 'jour6_variables_jinja' retrieved from /opt/airflow/dags/dag_variables_jinja.py
[2026-08-21T11:44:46.769+0000] {logging_mixin.py:188} INFO - [2026-08-21T11:44:46.769+0000] {dag.py:3036} INFO - Sync 1 DAGs
[2026-08-21T11:44:46.797+0000] {logging_mixin.py:188} INFO - [2026-08-21T11:44:46.797+0000] {dag.py:3823} INFO - Setting next_dagrun for jour6_variables_jinja to 2026-08-21 00:00:00+00:00, run_after=2026-08-22 00:00:00+00:00
[2026-08-21T11:44:46.934+0000] {processor.py:183} INFO - Processing /opt/airflow/dags/dag_variables_jinja.py took 0.656 seconds
[2026-08-21T11:45:17.200+0000] {processor.py:161} INFO - Started process (PID=443) to work on /opt/airflow/dags/dag_variables_jinja.py
[2026-08-21T11:45:17.202+0000] {processor.py:830} INFO - Processing file /opt/airflow/dags/dag_variables_jinja.py for tasks to queue
[2026-08-21T11:45:17.204+0000] {logging_mixin.py:188} INFO - [2026-08-21T11:45:17.203+0000] {dagbag.py:538} INFO - Filling up the DagBag from /opt/airflow/dags/dag_variables_jinja.py
[2026-08-21T11:45:17.639+0000] {processor.py:840} INFO - DAG(s) 'jour6_variables_jinja' retrieved from /opt/airflow/dags/dag_variables_jinja.py
[2026-08-21T11:45:17.754+0000] {logging_mixin.py:188} INFO - [2026-08-21T11:45:17.754+0000] {dag.py:3036} INFO - Sync 1 DAGs
[2026-08-21T11:45:17.782+0000] {logging_mixin.py:188} INFO - [2026-08-21T11:45:17.782+0000] {dag.py:3823} INFO - Setting next_dagrun for jour6_variables_jinja to 2026-08-21 00:00:00+00:00, run_after=2026-08-22 00:00:00+00:00
[2026-08-21T11:45:17.833+0000] {processor.py:183} INFO - Processing /opt/airflow/dags/dag_variables_jinja.py took 0.637 seconds
[2026-08-21T11:45:48.516+0000] {processor.py:161} INFO - Started process (PID=529) to work on /opt/airflow/dags/dag_variables_jinja.py
[2026-08-21T11:45:48.517+0000] {processor.py:830} INFO - Processing file /opt/airflow/dags/dag_variables_jinja.py for tasks to queue
[2026-08-21T11:45:48.520+0000] {logging_mixin.py:188} INFO - [2026-08-21T11:45:48.520+0000] {dagbag.py:538} INFO - Filling up the DagBag from /opt/airflow/dags/dag_variables_jinja.py
[2026-08-21T11:45:49.062+0000] {processor.py:840} INFO - DAG(s) 'jour6_variables_jinja' retrieved from /opt/airflow/dags/dag_variables_jinja.py
[2026-08-21T11:45:49.126+0000] {logging_mixin.py:188} INFO - [2026-08-21T11:45:49.125+0000] {dag.py:3036} INFO - Sync 1 DAGs
[2026-08-21T11:45:49.176+0000] {logging_mixin.py:188} INFO - [2026-08-21T11:45:49.175+0000] {dag.py:3823} INFO - Setting next_dagrun for jour6_variables_jinja to 2026-08-21 00:00:00+00:00, run_after=2026-08-22 00:00:00+00:00
[2026-08-21T11:45:49.201+0000] {processor.py:183} INFO - Processing /opt/airflow/dags/dag_variables_jinja.py took 0.690 seconds
[2026-08-21T11:46:19.693+0000] {processor.py:161} INFO - Started process (PID=615) to work on /opt/airflow/dags/dag_variables_jinja.py
[2026-08-21T11:46:19.695+0000] {processor.py:830} INFO - Processing file /opt/airflow/dags/dag_variables_jinja.py for tasks to queue
[2026-08-21T11:46:19.697+0000] {logging_mixin.py:188} INFO - [2026-08-21T11:46:19.697+0000] {dagbag.py:538} INFO - Filling up the DagBag from /opt/airflow/dags/dag_variables_jinja.py
[2026-08-21T11:46:20.168+0000] {processor.py:840} INFO - DAG(s) 'jour6_variables_jinja' retrieved from /opt/airflow/dags/dag_variables_jinja.py
[2026-08-21T11:46:20.329+0000] {logging_mixin.py:188} INFO - [2026-08-21T11:46:20.329+0000] {dag.py:3036} INFO - Sync 1 DAGs
[2026-08-21T11:46:20.358+0000] {logging_mixin.py:188} INFO - [2026-08-21T11:46:20.358+0000] {dag.py:3823} INFO - Setting next_dagrun for jour6_variables_jinja to 2026-08-21 00:00:00+00:00, run_after=2026-08-22 00:00:00+00:00
[2026-08-21T11:46:20.433+0000] {processor.py:183} INFO - Processing /opt/airflow/dags/dag_variables_jinja.py took 0.743 seconds
[2026-08-21T11:46:50.893+0000] {processor.py:161} INFO - Started process (PID=705) to work on /opt/airflow/dags/dag_variables_jinja.py
[2026-08-21T11:46:50.894+0000] {processor.py:830} INFO - Processing file /opt/airflow/dags/dag_variables_jinja.py for tasks to queue
[2026-08-21T11:46:50.896+0000] {logging_mixin.py:188} INFO - [2026-08-21T11:46:50.896+0000] {dagbag.py:538} INFO - Filling up the DagBag from /opt/airflow/dags/dag_variables_jinja.py
[2026-08-21T11:46:51.268+0000] {processor.py:840} INFO - DAG(s) 'jour6_variables_jinja' retrieved from /opt/airflow/dags/dag_variables_jinja.py
[2026-08-21T11:46:51.299+0000] {logging_mixin.py:188} INFO - [2026-08-21T11:46:51.299+0000] {dag.py:3036} INFO - Sync 1 DAGs
[2026-08-21T11:46:51.317+0000] {logging_mixin.py:188} INFO - [2026-08-21T11:46:51.317+0000] {dag.py:3823} INFO - Setting next_dagrun for jour6_variables_jinja to 2026-08-21 00:00:00+00:00, run_after=2026-08-22 00:00:00+00:00
[2026-08-21T11:46:51.372+0000] {processor.py:183} INFO - Processing /opt/airflow/dags/dag_variables_jinja.py took 0.483 seconds
[2026-08-21T11:47:21.585+0000] {processor.py:161} INFO - Started process (PID=791) to work on /opt/airflow/dags/dag_variables_jinja.py
[2026-08-21T11:47:21.586+0000] {processor.py:830} INFO - Processing file /opt/airflow/dags/dag_variables_jinja.py for tasks to queue
[2026-08-21T11:47:21.590+0000] {logging_mixin.py:188} INFO - [2026-08-21T11:47:21.590+0000] {dagbag.py:538} INFO - Filling up the DagBag from /opt/airflow/dags/dag_variables_jinja.py
[2026-08-21T11:47:22.024+0000] {processor.py:840} INFO - DAG(s) 'jour6_variables_jinja' retrieved from /opt/airflow/dags/dag_variables_jinja.py
[2026-08-21T11:47:22.058+0000] {logging_mixin.py:188} INFO - [2026-08-21T11:47:22.057+0000] {dag.py:3036} INFO - Sync 1 DAGs
[2026-08-21T11:47:22.080+0000] {logging_mixin.py:188} INFO - [2026-08-21T11:47:22.079+0000] {dag.py:3823} INFO - Setting next_dagrun for jour6_variables_jinja to 2026-08-21 00:00:00+00:00, run_after=2026-08-22 00:00:00+00:00
[2026-08-21T11:47:22.103+0000] {processor.py:183} INFO - Processing /opt/airflow/dags/dag_variables_jinja.py took 0.522 seconds
[2026-08-21T11:47:52.291+0000] {processor.py:161} INFO - Started process (PID=880) to work on /opt/airflow/dags/dag_variables_jinja.py
[2026-08-21T11:47:52.293+0000] {processor.py:830} INFO - Processing file /opt/airflow/dags/dag_variables_jinja.py for tasks to queue
[2026-08-21T11:47:52.295+0000] {logging_mixin.py:188} INFO - [2026-08-21T11:47:52.295+0000] {dagbag.py:538} INFO - Filling up the DagBag from /opt/airflow/dags/dag_variables_jinja.py
[2026-08-21T11:47:52.621+0000] {processor.py:840} INFO - DAG(s) 'jour6_variables_jinja' retrieved from /opt/airflow/dags/dag_variables_jinja.py
[2026-08-21T11:47:52.654+0000] {logging_mixin.py:188} INFO - [2026-08-21T11:47:52.654+0000] {dag.py:3036} INFO - Sync 1 DAGs
[2026-08-21T11:47:52.677+0000] {logging_mixin.py:188} INFO - [2026-08-21T11:47:52.676+0000] {dag.py:3823} INFO - Setting next_dagrun for jour6_variables_jinja to 2026-08-21 00:00:00+00:00, run_after=2026-08-22 00:00:00+00:00
[2026-08-21T11:47:52.743+0000] {processor.py:183} INFO - Processing /opt/airflow/dags/dag_variables_jinja.py took 0.456 seconds
[2026-08-21T11:48:22.980+0000] {processor.py:161} INFO - Started process (PID=968) to work on /opt/airflow/dags/dag_variables_jinja.py
[2026-08-21T11:48:22.982+0000] {processor.py:830} INFO - Processing file /opt/airflow/dags/dag_variables_jinja.py for tasks to queue
[2026-08-21T11:48:22.984+0000] {logging_mixin.py:188} INFO - [2026-08-21T11:48:22.984+0000] {dagbag.py:538} INFO - Filling up the DagBag from /opt/airflow/dags/dag_variables_jinja.py
[2026-08-21T11:48:23.266+0000] {processor.py:840} INFO - DAG(s) 'jour6_variables_jinja' retrieved from /opt/airflow/dags/dag_variables_jinja.py
[2026-08-21T11:48:23.301+0000] {logging_mixin.py:188} INFO - [2026-08-21T11:48:23.301+0000] {dag.py:3036} INFO - Sync 1 DAGs
[2026-08-21T11:48:23.325+0000] {logging_mixin.py:188} INFO - [2026-08-21T11:48:23.324+0000] {dag.py:3823} INFO - Setting next_dagrun for jour6_variables_jinja to 2026-08-21 00:00:00+00:00, run_after=2026-08-22 00:00:00+00:00
[2026-08-21T11:48:23.390+0000] {processor.py:183} INFO - Processing /opt/airflow/dags/dag_variables_jinja.py took 0.414 seconds
[2026-08-21T11:48:41.285+0000] {processor.py:161} INFO - Started process (PID=56) to work on /opt/airflow/dags/dag_variables_jinja.py
[2026-08-21T11:48:41.286+0000] {processor.py:830} INFO - Processing file /opt/airflow/dags/dag_variables_jinja.py for tasks to queue
[2026-08-21T11:48:41.288+0000] {logging_mixin.py:188} INFO - [2026-08-21T11:48:41.288+0000] {dagbag.py:538} INFO - Filling up the DagBag from /opt/airflow/dags/dag_variables_jinja.py
[2026-08-21T11:48:41.715+0000] {processor.py:840} INFO - DAG(s) 'jour6_variables_jinja' retrieved from /opt/airflow/dags/dag_variables_jinja.py
[2026-08-21T11:48:41.750+0000] {logging_mixin.py:188} INFO - [2026-08-21T11:48:41.749+0000] {dag.py:3036} INFO - Sync 1 DAGs
[2026-08-21T11:48:41.772+0000] {logging_mixin.py:188} INFO - [2026-08-21T11:48:41.772+0000] {dag.py:3823} INFO - Setting next_dagrun for jour6_variables_jinja to 2026-08-21 00:00:00+00:00, run_after=2026-08-22 00:00:00+00:00
[2026-08-21T11:48:41.821+0000] {processor.py:183} INFO - Processing /opt/airflow/dags/dag_variables_jinja.py took 0.539 seconds
[2026-08-21T11:49:12.183+0000] {processor.py:161} INFO - Started process (PID=144) to work on /opt/airflow/dags/dag_variables_jinja.py
[2026-08-21T11:49:12.184+0000] {processor.py:830} INFO - Processing file /opt/airflow/dags/dag_variables_jinja.py for tasks to queue
[2026-08-21T11:49:12.187+0000] {logging_mixin.py:188} INFO - [2026-08-21T11:49:12.187+0000] {dagbag.py:538} INFO - Filling up the DagBag from /opt/airflow/dags/dag_variables_jinja.py
[2026-08-21T11:49:12.623+0000] {processor.py:840} INFO - DAG(s) 'jour6_variables_jinja' retrieved from /opt/airflow/dags/dag_variables_jinja.py
[2026-08-21T11:49:12.657+0000] {logging_mixin.py:188} INFO - [2026-08-21T11:49:12.657+0000] {dag.py:3036} INFO - Sync 1 DAGs
[2026-08-21T11:49:12.678+0000] {logging_mixin.py:188} INFO - [2026-08-21T11:49:12.678+0000] {dag.py:3823} INFO - Setting next_dagrun for jour6_variables_jinja to 2026-08-21 00:00:00+00:00, run_after=2026-08-22 00:00:00+00:00
[2026-08-21T11:49:12.736+0000] {processor.py:183} INFO - Processing /opt/airflow/dags/dag_variables_jinja.py took 0.557 seconds
[2026-08-21T11:49:43.194+0000] {processor.py:161} INFO - Started process (PID=233) to work on /opt/airflow/dags/dag_variables_jinja.py
[2026-08-21T11:49:43.195+0000] {processor.py:830} INFO - Processing file /opt/airflow/dags/dag_variables_jinja.py for tasks to queue
[2026-08-21T11:49:43.197+0000] {logging_mixin.py:188} INFO - [2026-08-21T11:49:43.197+0000] {dagbag.py:538} INFO - Filling up the DagBag from /opt/airflow/dags/dag_variables_jinja.py
[2026-08-21T11:49:43.640+0000] {processor.py:840} INFO - DAG(s) 'jour6_variables_jinja' retrieved from /opt/airflow/dags/dag_variables_jinja.py
[2026-08-21T11:49:43.672+0000] {logging_mixin.py:188} INFO - [2026-08-21T11:49:43.672+0000] {dag.py:3036} INFO - Sync 1 DAGs
[2026-08-21T11:49:43.694+0000] {logging_mixin.py:188} INFO - [2026-08-21T11:49:43.694+0000] {dag.py:3823} INFO - Setting next_dagrun for jour6_variables_jinja to 2026-08-21 00:00:00+00:00, run_after=2026-08-22 00:00:00+00:00
[2026-08-21T11:49:43.717+0000] {processor.py:183} INFO - Processing /opt/airflow/dags/dag_variables_jinja.py took 0.527 seconds
[2026-08-21T11:50:13.787+0000] {processor.py:161} INFO - Started process (PID=321) to work on /opt/airflow/dags/dag_variables_jinja.py
[2026-08-21T11:50:13.788+0000] {processor.py:830} INFO - Processing file /opt/airflow/dags/dag_variables_jinja.py for tasks to queue
[2026-08-21T11:50:13.790+0000] {logging_mixin.py:188} INFO - [2026-08-21T11:50:13.790+0000] {dagbag.py:538} INFO - Filling up the DagBag from /opt/airflow/dags/dag_variables_jinja.py
[2026-08-21T11:50:14.197+0000] {processor.py:840} INFO - DAG(s) 'jour6_variables_jinja' retrieved from /opt/airflow/dags/dag_variables_jinja.py
[2026-08-21T11:50:14.231+0000] {logging_mixin.py:188} INFO - [2026-08-21T11:50:14.230+0000] {dag.py:3036} INFO - Sync 1 DAGs
[2026-08-21T11:50:14.251+0000] {logging_mixin.py:188} INFO - [2026-08-21T11:50:14.251+0000] {dag.py:3823} INFO - Setting next_dagrun for jour6_variables_jinja to 2026-08-21 00:00:00+00:00, run_after=2026-08-22 00:00:00+00:00
[2026-08-21T11:50:14.271+0000] {processor.py:183} INFO - Processing /opt/airflow/dags/dag_variables_jinja.py took 0.488 seconds
[2026-08-21T11:50:44.607+0000] {processor.py:161} INFO - Started process (PID=409) to work on /opt/airflow/dags/dag_variables_jinja.py
[2026-08-21T11:50:44.608+0000] {processor.py:830} INFO - Processing file /opt/airflow/dags/dag_variables_jinja.py for tasks to queue
[2026-08-21T11:50:44.611+0000] {logging_mixin.py:188} INFO - [2026-08-21T11:50:44.611+0000] {dagbag.py:538} INFO - Filling up the DagBag from /opt/airflow/dags/dag_variables_jinja.py
[2026-08-21T11:50:45.008+0000] {processor.py:840} INFO - DAG(s) 'jour6_variables_jinja' retrieved from /opt/airflow/dags/dag_variables_jinja.py
[2026-08-21T11:50:45.046+0000] {logging_mixin.py:188} INFO - [2026-08-21T11:50:45.046+0000] {dag.py:3036} INFO - Sync 1 DAGs
[2026-08-21T11:50:45.067+0000] {logging_mixin.py:188} INFO - [2026-08-21T11:50:45.067+0000] {dag.py:3823} INFO - Setting next_dagrun for jour6_variables_jinja to 2026-08-21 00:00:00+00:00, run_after=2026-08-22 00:00:00+00:00
[2026-08-21T11:50:45.089+0000] {processor.py:183} INFO - Processing /opt/airflow/dags/dag_variables_jinja.py took 0.485 seconds
[2026-08-21T11:51:16.046+0000] {processor.py:161} INFO - Started process (PID=498) to work on /opt/airflow/dags/dag_variables_jinja.py
[2026-08-21T11:51:16.047+0000] {processor.py:830} INFO - Processing file /opt/airflow/dags/dag_variables_jinja.py for tasks to queue
[2026-08-21T11:51:16.049+0000] {logging_mixin.py:188} INFO - [2026-08-21T11:51:16.049+0000] {dagbag.py:538} INFO - Filling up the DagBag from /opt/airflow/dags/dag_variables_jinja.py
[2026-08-21T11:51:16.397+0000] {processor.py:840} INFO - DAG(s) 'jour6_variables_jinja' retrieved from /opt/airflow/dags/dag_variables_jinja.py
[2026-08-21T11:51:16.424+0000] {logging_mixin.py:188} INFO - [2026-08-21T11:51:16.424+0000] {dag.py:3036} INFO - Sync 1 DAGs
[2026-08-21T11:51:16.441+0000] {logging_mixin.py:188} INFO - [2026-08-21T11:51:16.441+0000] {dag.py:3823} INFO - Setting next_dagrun for jour6_variables_jinja to 2026-08-21 00:00:00+00:00, run_after=2026-08-22 00:00:00+00:00
[2026-08-21T11:51:16.457+0000] {processor.py:183} INFO - Processing /opt/airflow/dags/dag_variables_jinja.py took 0.415 seconds
[2026-08-21T11:51:46.539+0000] {processor.py:161} INFO - Started process (PID=585) to work on /opt/airflow/dags/dag_variables_jinja.py
[2026-08-21T11:51:46.540+0000] {processor.py:830} INFO - Processing file /opt/airflow/dags/dag_variables_jinja.py for tasks to queue
[2026-08-21T11:51:46.542+0000] {logging_mixin.py:188} INFO - [2026-08-21T11:51:46.542+0000] {dagbag.py:538} INFO - Filling up the DagBag from /opt/airflow/dags/dag_variables_jinja.py
[2026-08-21T11:51:46.914+0000] {processor.py:840} INFO - DAG(s) 'jour6_variables_jinja' retrieved from /opt/airflow/dags/dag_variables_jinja.py
[2026-08-21T11:51:46.944+0000] {logging_mixin.py:188} INFO - [2026-08-21T11:51:46.943+0000] {dag.py:3036} INFO - Sync 1 DAGs
[2026-08-21T11:51:46.963+0000] {logging_mixin.py:188} INFO - [2026-08-21T11:51:46.963+0000] {dag.py:3823} INFO - Setting next_dagrun for jour6_variables_jinja to 2026-08-21 00:00:00+00:00, run_after=2026-08-22 00:00:00+00:00
[2026-08-21T11:51:46.981+0000] {processor.py:183} INFO - Processing /opt/airflow/dags/dag_variables_jinja.py took 0.445 seconds
[2026-08-21T11:52:17.992+0000] {processor.py:161} INFO - Started process (PID=674) to work on /opt/airflow/dags/dag_variables_jinja.py
[2026-08-21T11:52:17.993+0000] {processor.py:830} INFO - Processing file /opt/airflow/dags/dag_variables_jinja.py for tasks to queue
[2026-08-21T11:52:17.995+0000] {logging_mixin.py:188} INFO - [2026-08-21T11:52:17.995+0000] {dagbag.py:538} INFO - Filling up the DagBag from /opt/airflow/dags/dag_variables_jinja.py
[2026-08-21T11:52:18.449+0000] {processor.py:840} INFO - DAG(s) 'jour6_variables_jinja' retrieved from /opt/airflow/dags/dag_variables_jinja.py
[2026-08-21T11:52:18.480+0000] {logging_mixin.py:188} INFO - [2026-08-21T11:52:18.480+0000] {dag.py:3036} INFO - Sync 1 DAGs
[2026-08-21T11:52:18.499+0000] {logging_mixin.py:188} INFO - [2026-08-21T11:52:18.498+0000] {dag.py:3823} INFO - Setting next_dagrun for jour6_variables_jinja to 2026-08-21 00:00:00+00:00, run_after=2026-08-22 00:00:00+00:00
[2026-08-21T11:52:18.517+0000] {processor.py:183} INFO - Processing /opt/airflow/dags/dag_variables_jinja.py took 0.529 seconds
[2026-08-21T11:52:48.732+0000] {processor.py:161} INFO - Started process (PID=761) to work on /opt/airflow/dags/dag_variables_jinja.py
[2026-08-21T11:52:48.733+0000] {processor.py:830} INFO - Processing file /opt/airflow/dags/dag_variables_jinja.py for tasks to queue
[2026-08-21T11:52:48.735+0000] {logging_mixin.py:188} INFO - [2026-08-21T11:52:48.734+0000] {dagbag.py:538} INFO - Filling up the DagBag from /opt/airflow/dags/dag_variables_jinja.py
[2026-08-21T11:52:49.093+0000] {processor.py:840} INFO - DAG(s) 'jour6_variables_jinja' retrieved from /opt/airflow/dags/dag_variables_jinja.py
[2026-08-21T11:52:49.122+0000] {logging_mixin.py:188} INFO - [2026-08-21T11:52:49.122+0000] {dag.py:3036} INFO - Sync 1 DAGs
[2026-08-21T11:52:49.140+0000] {logging_mixin.py:188} INFO - [2026-08-21T11:52:49.140+0000] {dag.py:3823} INFO - Setting next_dagrun for jour6_variables_jinja to 2026-08-21 00:00:00+00:00, run_after=2026-08-22 00:00:00+00:00
[2026-08-21T11:52:49.164+0000] {processor.py:183} INFO - Processing /opt/airflow/dags/dag_variables_jinja.py took 0.435 seconds
[2026-08-21T11:53:19.860+0000] {processor.py:161} INFO - Started process (PID=849) to work on /opt/airflow/dags/dag_variables_jinja.py
[2026-08-21T11:53:19.861+0000] {processor.py:830} INFO - Processing file /opt/airflow/dags/dag_variables_jinja.py for tasks to queue
[2026-08-21T11:53:19.863+0000] {logging_mixin.py:188} INFO - [2026-08-21T11:53:19.863+0000] {dagbag.py:538} INFO - Filling up the DagBag from /opt/airflow/dags/dag_variables_jinja.py
[2026-08-21T11:53:20.101+0000] {processor.py:840} INFO - DAG(s) 'jour6_variables_jinja' retrieved from /opt/airflow/dags/dag_variables_jinja.py
[2026-08-21T11:53:20.133+0000] {logging_mixin.py:188} INFO - [2026-08-21T11:53:20.133+0000] {dag.py:3036} INFO - Sync 1 DAGs
[2026-08-21T11:53:20.157+0000] {logging_mixin.py:188} INFO - [2026-08-21T11:53:20.156+0000] {dag.py:3823} INFO - Setting next_dagrun for jour6_variables_jinja to 2026-08-21 00:00:00+00:00, run_after=2026-08-22 00:00:00+00:00
[2026-08-21T11:53:20.177+0000] {processor.py:183} INFO - Processing /opt/airflow/dags/dag_variables_jinja.py took 0.320 seconds
[2026-08-21T11:53:50.924+0000] {processor.py:161} INFO - Started process (PID=936) to work on /opt/airflow/dags/dag_variables_jinja.py
[2026-08-21T11:53:50.925+0000] {processor.py:830} INFO - Processing file /opt/airflow/dags/dag_variables_jinja.py for tasks to queue
[2026-08-21T11:53:50.928+0000] {logging_mixin.py:188} INFO - [2026-08-21T11:53:50.927+0000] {dagbag.py:538} INFO - Filling up the DagBag from /opt/airflow/dags/dag_variables_jinja.py
[2026-08-21T11:53:51.223+0000] {processor.py:840} INFO - DAG(s) 'jour6_variables_jinja' retrieved from /opt/airflow/dags/dag_variables_jinja.py
[2026-08-21T11:53:51.258+0000] {logging_mixin.py:188} INFO - [2026-08-21T11:53:51.257+0000] {dag.py:3036} INFO - Sync 1 DAGs
[2026-08-21T11:53:51.287+0000] {logging_mixin.py:188} INFO - [2026-08-21T11:53:51.286+0000] {dag.py:3823} INFO - Setting next_dagrun for jour6_variables_jinja to 2026-08-21 00:00:00+00:00, run_after=2026-08-22 00:00:00+00:00
[2026-08-21T11:53:51.312+0000] {processor.py:183} INFO - Processing /opt/airflow/dags/dag_variables_jinja.py took 0.391 seconds
[2026-08-21T11:54:22.110+0000] {processor.py:161} INFO - Started process (PID=1023) to work on /opt/airflow/dags/dag_variables_jinja.py
[2026-08-21T11:54:22.111+0000] {processor.py:830} INFO - Processing file /opt/airflow/dags/dag_variables_jinja.py for tasks to queue
[2026-08-21T11:54:22.113+0000] {logging_mixin.py:188} INFO - [2026-08-21T11:54:22.112+0000] {dagbag.py:538} INFO - Filling up the DagBag from /opt/airflow/dags/dag_variables_jinja.py
[2026-08-21T11:54:22.374+0000] {processor.py:840} INFO - DAG(s) 'jour6_variables_jinja' retrieved from /opt/airflow/dags/dag_variables_jinja.py
[2026-08-21T11:54:22.406+0000] {logging_mixin.py:188} INFO - [2026-08-21T11:54:22.405+0000] {dag.py:3036} INFO - Sync 1 DAGs
[2026-08-21T11:54:22.428+0000] {logging_mixin.py:188} INFO - [2026-08-21T11:54:22.428+0000] {dag.py:3823} INFO - Setting next_dagrun for jour6_variables_jinja to 2026-08-21 00:00:00+00:00, run_after=2026-08-22 00:00:00+00:00
[2026-08-21T11:54:22.450+0000] {processor.py:183} INFO - Processing /opt/airflow/dags/dag_variables_jinja.py took 0.344 seconds
[2026-08-21T11:54:52.927+0000] {processor.py:161} INFO - Started process (PID=1110) to work on /opt/airflow/dags/dag_variables_jinja.py
[2026-08-21T11:54:52.929+0000] {processor.py:830} INFO - Processing file /opt/airflow/dags/dag_variables_jinja.py for tasks to queue
[2026-08-21T11:54:52.941+0000] {logging_mixin.py:188} INFO - [2026-08-21T11:54:52.941+0000] {dagbag.py:538} INFO - Filling up the DagBag from /opt/airflow/dags/dag_variables_jinja.py
[2026-08-21T11:54:53.396+0000] {processor.py:840} INFO - DAG(s) 'jour6_variables_jinja' retrieved from /opt/airflow/dags/dag_variables_jinja.py
[2026-08-21T11:54:53.444+0000] {logging_mixin.py:188} INFO - [2026-08-21T11:54:53.443+0000] {dag.py:3036} INFO - Sync 1 DAGs
[2026-08-21T11:54:53.472+0000] {logging_mixin.py:188} INFO - [2026-08-21T11:54:53.471+0000] {dag.py:3823} INFO - Setting next_dagrun for jour6_variables_jinja to 2026-08-21 00:00:00+00:00, run_after=2026-08-22 00:00:00+00:00
[2026-08-21T11:54:53.498+0000] {processor.py:183} INFO - Processing /opt/airflow/dags/dag_variables_jinja.py took 0.585 seconds
[2026-08-21T11:55:23.670+0000] {processor.py:161} INFO - Started process (PID=1198) to work on /opt/airflow/dags/dag_variables_jinja.py
[2026-08-21T11:55:23.672+0000] {processor.py:830} INFO - Processing file /opt/airflow/dags/dag_variables_jinja.py for tasks to queue
[2026-08-21T11:55:23.675+0000] {logging_mixin.py:188} INFO - [2026-08-21T11:55:23.674+0000] {dagbag.py:538} INFO - Filling up the DagBag from /opt/airflow/dags/dag_variables_jinja.py
[2026-08-21T11:55:23.956+0000] {processor.py:840} INFO - DAG(s) 'jour6_variables_jinja' retrieved from /opt/airflow/dags/dag_variables_jinja.py
[2026-08-21T11:55:24.005+0000] {logging_mixin.py:188} INFO - [2026-08-21T11:55:24.005+0000] {dag.py:3036} INFO - Sync 1 DAGs
[2026-08-21T11:55:24.040+0000] {logging_mixin.py:188} INFO - [2026-08-21T11:55:24.039+0000] {dag.py:3823} INFO - Setting next_dagrun for jour6_variables_jinja to 2026-08-21 00:00:00+00:00, run_after=2026-08-22 00:00:00+00:00
[2026-08-21T11:55:24.069+0000] {processor.py:183} INFO - Processing /opt/airflow/dags/dag_variables_jinja.py took 0.404 seconds
[2026-08-21T11:55:54.554+0000] {processor.py:161} INFO - Started process (PID=1285) to work on /opt/airflow/dags/dag_variables_jinja.py
[2026-08-21T11:55:54.555+0000] {processor.py:830} INFO - Processing file /opt/airflow/dags/dag_variables_jinja.py for tasks to queue
[2026-08-21T11:55:54.557+0000] {logging_mixin.py:188} INFO - [2026-08-21T11:55:54.557+0000] {dagbag.py:538} INFO - Filling up the DagBag from /opt/airflow/dags/dag_variables_jinja.py
[2026-08-21T11:55:54.796+0000] {processor.py:840} INFO - DAG(s) 'jour6_variables_jinja' retrieved from /opt/airflow/dags/dag_variables_jinja.py
[2026-08-21T11:55:54.826+0000] {logging_mixin.py:188} INFO - [2026-08-21T11:55:54.826+0000] {dag.py:3036} INFO - Sync 1 DAGs
[2026-08-21T11:55:54.848+0000] {logging_mixin.py:188} INFO - [2026-08-21T11:55:54.847+0000] {dag.py:3823} INFO - Setting next_dagrun for jour6_variables_jinja to 2026-08-21 00:00:00+00:00, run_after=2026-08-22 00:00:00+00:00
[2026-08-21T11:55:54.869+0000] {processor.py:183} INFO - Processing /opt/airflow/dags/dag_variables_jinja.py took 0.319 seconds
[2026-08-21T11:56:25.467+0000] {processor.py:161} INFO - Started process (PID=1372) to work on /opt/airflow/dags/dag_variables_jinja.py
[2026-08-21T11:56:25.468+0000] {processor.py:830} INFO - Processing file /opt/airflow/dags/dag_variables_jinja.py for tasks to queue
[2026-08-21T11:56:25.472+0000] {logging_mixin.py:188} INFO - [2026-08-21T11:56:25.471+0000] {dagbag.py:538} INFO - Filling up the DagBag from /opt/airflow/dags/dag_variables_jinja.py
[2026-08-21T11:56:25.789+0000] {processor.py:840} INFO - DAG(s) 'jour6_variables_jinja' retrieved from /opt/airflow/dags/dag_variables_jinja.py
[2026-08-21T11:56:25.831+0000] {logging_mixin.py:188} INFO - [2026-08-21T11:56:25.831+0000] {dag.py:3036} INFO - Sync 1 DAGs
[2026-08-21T11:56:25.875+0000] {logging_mixin.py:188} INFO - [2026-08-21T11:56:25.875+0000] {dag.py:3823} INFO - Setting next_dagrun for jour6_variables_jinja to 2026-08-21 00:00:00+00:00, run_after=2026-08-22 00:00:00+00:00
[2026-08-21T11:56:25.921+0000] {processor.py:183} INFO - Processing /opt/airflow/dags/dag_variables_jinja.py took 0.459 seconds
[2026-08-21T11:56:56.709+0000] {processor.py:161} INFO - Started process (PID=1459) to work on /opt/airflow/dags/dag_variables_jinja.py
[2026-08-21T11:56:56.710+0000] {processor.py:830} INFO - Processing file /opt/airflow/dags/dag_variables_jinja.py for tasks to queue
[2026-08-21T11:56:56.713+0000] {logging_mixin.py:188} INFO - [2026-08-21T11:56:56.712+0000] {dagbag.py:538} INFO - Filling up the DagBag from /opt/airflow/dags/dag_variables_jinja.py
[2026-08-21T11:56:57.142+0000] {processor.py:840} INFO - DAG(s) 'jour6_variables_jinja' retrieved from /opt/airflow/dags/dag_variables_jinja.py
[2026-08-21T11:56:57.193+0000] {logging_mixin.py:188} INFO - [2026-08-21T11:56:57.192+0000] {dag.py:3036} INFO - Sync 1 DAGs
[2026-08-21T11:56:57.238+0000] {logging_mixin.py:188} INFO - [2026-08-21T11:56:57.238+0000] {dag.py:3823} INFO - Setting next_dagrun for jour6_variables_jinja to 2026-08-21 00:00:00+00:00, run_after=2026-08-22 00:00:00+00:00
[2026-08-21T11:56:57.269+0000] {processor.py:183} INFO - Processing /opt/airflow/dags/dag_variables_jinja.py took 0.565 seconds
[2026-08-21T11:57:27.596+0000] {processor.py:161} INFO - Started process (PID=1547) to work on /opt/airflow/dags/dag_variables_jinja.py
[2026-08-21T11:57:27.598+0000] {processor.py:830} INFO - Processing file /opt/airflow/dags/dag_variables_jinja.py for tasks to queue
[2026-08-21T11:57:27.600+0000] {logging_mixin.py:188} INFO - [2026-08-21T11:57:27.600+0000] {dagbag.py:538} INFO - Filling up the DagBag from /opt/airflow/dags/dag_variables_jinja.py
[2026-08-21T11:57:27.891+0000] {processor.py:840} INFO - DAG(s) 'jour6_variables_jinja' retrieved from /opt/airflow/dags/dag_variables_jinja.py
[2026-08-21T11:57:27.922+0000] {logging_mixin.py:188} INFO - [2026-08-21T11:57:27.922+0000] {dag.py:3036} INFO - Sync 1 DAGs
[2026-08-21T11:57:27.944+0000] {logging_mixin.py:188} INFO - [2026-08-21T11:57:27.944+0000] {dag.py:3823} INFO - Setting next_dagrun for jour6_variables_jinja to 2026-08-21 00:00:00+00:00, run_after=2026-08-22 00:00:00+00:00
[2026-08-21T11:57:27.966+0000] {processor.py:183} INFO - Processing /opt/airflow/dags/dag_variables_jinja.py took 0.374 seconds
[2026-08-21T11:57:58.676+0000] {processor.py:161} INFO - Started process (PID=1634) to work on /opt/airflow/dags/dag_variables_jinja.py
[2026-08-21T11:57:58.677+0000] {processor.py:830} INFO - Processing file /opt/airflow/dags/dag_variables_jinja.py for tasks to queue
[2026-08-21T11:57:58.680+0000] {logging_mixin.py:188} INFO - [2026-08-21T11:57:58.679+0000] {dagbag.py:538} INFO - Filling up the DagBag from /opt/airflow/dags/dag_variables_jinja.py
[2026-08-21T11:57:58.947+0000] {processor.py:840} INFO - DAG(s) 'jour6_variables_jinja' retrieved from /opt/airflow/dags/dag_variables_jinja.py
[2026-08-21T11:57:59.193+0000] {logging_mixin.py:188} INFO - [2026-08-21T11:57:59.193+0000] {dag.py:3036} INFO - Sync 1 DAGs
[2026-08-21T11:57:59.211+0000] {logging_mixin.py:188} INFO - [2026-08-21T11:57:59.210+0000] {dag.py:3823} INFO - Setting next_dagrun for jour6_variables_jinja to 2026-08-21 00:00:00+00:00, run_after=2026-08-22 00:00:00+00:00
[2026-08-21T11:57:59.230+0000] {processor.py:183} INFO - Processing /opt/airflow/dags/dag_variables_jinja.py took 0.557 seconds
[2026-08-21T11:58:29.448+0000] {processor.py:161} INFO - Started process (PID=1721) to work on /opt/airflow/dags/dag_variables_jinja.py
[2026-08-21T11:58:29.449+0000] {processor.py:830} INFO - Processing file /opt/airflow/dags/dag_variables_jinja.py for tasks to queue
[2026-08-21T11:58:29.452+0000] {logging_mixin.py:188} INFO - [2026-08-21T11:58:29.452+0000] {dagbag.py:538} INFO - Filling up the DagBag from /opt/airflow/dags/dag_variables_jinja.py
[2026-08-21T11:58:29.857+0000] {processor.py:840} INFO - DAG(s) 'jour6_variables_jinja' retrieved from /opt/airflow/dags/dag_variables_jinja.py
[2026-08-21T11:58:29.997+0000] {logging_mixin.py:188} INFO - [2026-08-21T11:58:29.997+0000] {dag.py:3036} INFO - Sync 1 DAGs
[2026-08-21T11:58:30.228+0000] {logging_mixin.py:188} INFO - [2026-08-21T11:58:30.228+0000] {dag.py:3823} INFO - Setting next_dagrun for jour6_variables_jinja to 2026-08-21 00:00:00+00:00, run_after=2026-08-22 00:00:00+00:00
[2026-08-21T11:58:30.262+0000] {processor.py:183} INFO - Processing /opt/airflow/dags/dag_variables_jinja.py took 0.819 seconds
[2026-08-21T11:59:00.575+0000] {processor.py:161} INFO - Started process (PID=1808) to work on /opt/airflow/dags/dag_variables_jinja.py
[2026-08-21T11:59:00.576+0000] {processor.py:830} INFO - Processing file /opt/airflow/dags/dag_variables_jinja.py for tasks to queue
[2026-08-21T11:59:00.579+0000] {logging_mixin.py:188} INFO - [2026-08-21T11:59:00.578+0000] {dagbag.py:538} INFO - Filling up the DagBag from /opt/airflow/dags/dag_variables_jinja.py
[2026-08-21T11:59:00.838+0000] {processor.py:840} INFO - DAG(s) 'jour6_variables_jinja' retrieved from /opt/airflow/dags/dag_variables_jinja.py
[2026-08-21T11:59:01.182+0000] {logging_mixin.py:188} INFO - [2026-08-21T11:59:01.182+0000] {dag.py:3036} INFO - Sync 1 DAGs
[2026-08-21T11:59:01.205+0000] {logging_mixin.py:188} INFO - [2026-08-21T11:59:01.205+0000] {dag.py:3823} INFO - Setting next_dagrun for jour6_variables_jinja to 2026-08-21 00:00:00+00:00, run_after=2026-08-22 00:00:00+00:00
[2026-08-21T11:59:01.227+0000] {processor.py:183} INFO - Processing /opt/airflow/dags/dag_variables_jinja.py took 0.656 seconds
[2026-08-21T11:59:31.416+0000] {processor.py:161} INFO - Started process (PID=1895) to work on /opt/airflow/dags/dag_variables_jinja.py
[2026-08-21T11:59:31.417+0000] {processor.py:830} INFO - Processing file /opt/airflow/dags/dag_variables_jinja.py for tasks to queue
[2026-08-21T11:59:31.419+0000] {logging_mixin.py:188} INFO - [2026-08-21T11:59:31.419+0000] {dagbag.py:538} INFO - Filling up the DagBag from /opt/airflow/dags/dag_variables_jinja.py
[2026-08-21T11:59:31.694+0000] {processor.py:840} INFO - DAG(s) 'jour6_variables_jinja' retrieved from /opt/airflow/dags/dag_variables_jinja.py
[2026-08-21T11:59:31.731+0000] {logging_mixin.py:188} INFO - [2026-08-21T11:59:31.730+0000] {dag.py:3036} INFO - Sync 1 DAGs
[2026-08-21T11:59:31.913+0000] {logging_mixin.py:188} INFO - [2026-08-21T11:59:31.913+0000] {dag.py:3823} INFO - Setting next_dagrun for jour6_variables_jinja to 2026-08-21 00:00:00+00:00, run_after=2026-08-22 00:00:00+00:00
[2026-08-21T11:59:31.933+0000] {processor.py:183} INFO - Processing /opt/airflow/dags/dag_variables_jinja.py took 0.521 seconds
[2026-08-21T12:00:02.251+0000] {processor.py:161} INFO - Started process (PID=1983) to work on /opt/airflow/dags/dag_variables_jinja.py
[2026-08-21T12:00:02.255+0000] {processor.py:830} INFO - Processing file /opt/airflow/dags/dag_variables_jinja.py for tasks to queue
[2026-08-21T12:00:02.258+0000] {logging_mixin.py:188} INFO - [2026-08-21T12:00:02.258+0000] {dagbag.py:538} INFO - Filling up the DagBag from /opt/airflow/dags/dag_variables_jinja.py
[2026-08-21T12:00:02.844+0000] {processor.py:840} INFO - DAG(s) 'jour6_variables_jinja' retrieved from /opt/airflow/dags/dag_variables_jinja.py
[2026-08-21T12:00:02.882+0000] {logging_mixin.py:188} INFO - [2026-08-21T12:00:02.882+0000] {dag.py:3036} INFO - Sync 1 DAGs
[2026-08-21T12:00:02.917+0000] {logging_mixin.py:188} INFO - [2026-08-21T12:00:02.916+0000] {dag.py:3823} INFO - Setting next_dagrun for jour6_variables_jinja to 2026-08-21 00:00:00+00:00, run_after=2026-08-22 00:00:00+00:00
[2026-08-21T12:00:02.957+0000] {processor.py:183} INFO - Processing /opt/airflow/dags/dag_variables_jinja.py took 0.710 seconds
[2026-08-21T12:00:33.961+0000] {processor.py:161} INFO - Started process (PID=2070) to work on /opt/airflow/dags/dag_variables_jinja.py
[2026-08-21T12:00:33.963+0000] {processor.py:830} INFO - Processing file /opt/airflow/dags/dag_variables_jinja.py for tasks to queue
[2026-08-21T12:00:33.967+0000] {logging_mixin.py:188} INFO - [2026-08-21T12:00:33.966+0000] {dagbag.py:538} INFO - Filling up the DagBag from /opt/airflow/dags/dag_variables_jinja.py
[2026-08-21T12:00:34.671+0000] {processor.py:840} INFO - DAG(s) 'jour6_variables_jinja' retrieved from /opt/airflow/dags/dag_variables_jinja.py
[2026-08-21T12:00:34.713+0000] {logging_mixin.py:188} INFO - [2026-08-21T12:00:34.712+0000] {dag.py:3036} INFO - Sync 1 DAGs
[2026-08-21T12:00:34.738+0000] {logging_mixin.py:188} INFO - [2026-08-21T12:00:34.738+0000] {dag.py:3823} INFO - Setting next_dagrun for jour6_variables_jinja to 2026-08-21 00:00:00+00:00, run_after=2026-08-22 00:00:00+00:00
[2026-08-21T12:00:34.764+0000] {processor.py:183} INFO - Processing /opt/airflow/dags/dag_variables_jinja.py took 0.806 seconds
[2026-08-21T12:01:05.058+0000] {processor.py:161} INFO - Started process (PID=2157) to work on /opt/airflow/dags/dag_variables_jinja.py
[2026-08-21T12:01:05.059+0000] {processor.py:830} INFO - Processing file /opt/airflow/dags/dag_variables_jinja.py for tasks to queue
[2026-08-21T12:01:05.062+0000] {logging_mixin.py:188} INFO - [2026-08-21T12:01:05.062+0000] {dagbag.py:538} INFO - Filling up the DagBag from /opt/airflow/dags/dag_variables_jinja.py
[2026-08-21T12:01:05.491+0000] {processor.py:840} INFO - DAG(s) 'jour6_variables_jinja' retrieved from /opt/airflow/dags/dag_variables_jinja.py
[2026-08-21T12:01:05.536+0000] {logging_mixin.py:188} INFO - [2026-08-21T12:01:05.535+0000] {dag.py:3036} INFO - Sync 1 DAGs
[2026-08-21T12:01:05.569+0000] {logging_mixin.py:188} INFO - [2026-08-21T12:01:05.569+0000] {dag.py:3823} INFO - Setting next_dagrun for jour6_variables_jinja to 2026-08-21 00:00:00+00:00, run_after=2026-08-22 00:00:00+00:00
[2026-08-21T12:01:05.599+0000] {processor.py:183} INFO - Processing /opt/airflow/dags/dag_variables_jinja.py took 0.545 seconds
[2026-08-21T12:01:36.362+0000] {processor.py:161} INFO - Started process (PID=2244) to work on /opt/airflow/dags/dag_variables_jinja.py
[2026-08-21T12:01:36.364+0000] {processor.py:830} INFO - Processing file /opt/airflow/dags/dag_variables_jinja.py for tasks to queue
[2026-08-21T12:01:36.366+0000] {logging_mixin.py:188} INFO - [2026-08-21T12:01:36.365+0000] {dagbag.py:538} INFO - Filling up the DagBag from /opt/airflow/dags/dag_variables_jinja.py
[2026-08-21T12:01:37.207+0000] {processor.py:840} INFO - DAG(s) 'jour6_variables_jinja' retrieved from /opt/airflow/dags/dag_variables_jinja.py
[2026-08-21T12:01:37.260+0000] {logging_mixin.py:188} INFO - [2026-08-21T12:01:37.260+0000] {dag.py:3036} INFO - Sync 1 DAGs
[2026-08-21T12:01:37.285+0000] {logging_mixin.py:188} INFO - [2026-08-21T12:01:37.285+0000] {dag.py:3823} INFO - Setting next_dagrun for jour6_variables_jinja to 2026-08-21 00:00:00+00:00, run_after=2026-08-22 00:00:00+00:00
[2026-08-21T12:01:37.309+0000] {processor.py:183} INFO - Processing /opt/airflow/dags/dag_variables_jinja.py took 0.950 seconds
[2026-08-21T12:02:07.965+0000] {processor.py:161} INFO - Started process (PID=2331) to work on /opt/airflow/dags/dag_variables_jinja.py
[2026-08-21T12:02:07.967+0000] {processor.py:830} INFO - Processing file /opt/airflow/dags/dag_variables_jinja.py for tasks to queue
[2026-08-21T12:02:07.969+0000] {logging_mixin.py:188} INFO - [2026-08-21T12:02:07.969+0000] {dagbag.py:538} INFO - Filling up the DagBag from /opt/airflow/dags/dag_variables_jinja.py
[2026-08-21T12:02:08.470+0000] {processor.py:840} INFO - DAG(s) 'jour6_variables_jinja' retrieved from /opt/airflow/dags/dag_variables_jinja.py
[2026-08-21T12:02:08.504+0000] {logging_mixin.py:188} INFO - [2026-08-21T12:02:08.504+0000] {dag.py:3036} INFO - Sync 1 DAGs
[2026-08-21T12:02:08.527+0000] {logging_mixin.py:188} INFO - [2026-08-21T12:02:08.527+0000] {dag.py:3823} INFO - Setting next_dagrun for jour6_variables_jinja to 2026-08-21 00:00:00+00:00, run_after=2026-08-22 00:00:00+00:00
[2026-08-21T12:02:08.549+0000] {processor.py:183} INFO - Processing /opt/airflow/dags/dag_variables_jinja.py took 0.589 seconds
[2026-08-21T12:02:38.734+0000] {processor.py:161} INFO - Started process (PID=2418) to work on /opt/airflow/dags/dag_variables_jinja.py
[2026-08-21T12:02:38.735+0000] {processor.py:830} INFO - Processing file /opt/airflow/dags/dag_variables_jinja.py for tasks to queue
[2026-08-21T12:02:38.737+0000] {logging_mixin.py:188} INFO - [2026-08-21T12:02:38.737+0000] {dagbag.py:538} INFO - Filling up the DagBag from /opt/airflow/dags/dag_variables_jinja.py
[2026-08-21T12:02:39.135+0000] {processor.py:840} INFO - DAG(s) 'jour6_variables_jinja' retrieved from /opt/airflow/dags/dag_variables_jinja.py
[2026-08-21T12:02:39.166+0000] {logging_mixin.py:188} INFO - [2026-08-21T12:02:39.165+0000] {dag.py:3036} INFO - Sync 1 DAGs
[2026-08-21T12:02:39.191+0000] {logging_mixin.py:188} INFO - [2026-08-21T12:02:39.191+0000] {dag.py:3823} INFO - Setting next_dagrun for jour6_variables_jinja to 2026-08-21 00:00:00+00:00, run_after=2026-08-22 00:00:00+00:00
[2026-08-21T12:02:39.212+0000] {processor.py:183} INFO - Processing /opt/airflow/dags/dag_variables_jinja.py took 0.482 seconds
[2026-08-21T12:03:09.655+0000] {processor.py:161} INFO - Started process (PID=2505) to work on /opt/airflow/dags/dag_variables_jinja.py
[2026-08-21T12:03:09.656+0000] {processor.py:830} INFO - Processing file /opt/airflow/dags/dag_variables_jinja.py for tasks to queue
[2026-08-21T12:03:09.658+0000] {logging_mixin.py:188} INFO - [2026-08-21T12:03:09.658+0000] {dagbag.py:538} INFO - Filling up the DagBag from /opt/airflow/dags/dag_variables_jinja.py
[2026-08-21T12:03:10.048+0000] {processor.py:840} INFO - DAG(s) 'jour6_variables_jinja' retrieved from /opt/airflow/dags/dag_variables_jinja.py
[2026-08-21T12:03:10.078+0000] {logging_mixin.py:188} INFO - [2026-08-21T12:03:10.078+0000] {dag.py:3036} INFO - Sync 1 DAGs
[2026-08-21T12:03:10.100+0000] {logging_mixin.py:188} INFO - [2026-08-21T12:03:10.100+0000] {dag.py:3823} INFO - Setting next_dagrun for jour6_variables_jinja to 2026-08-21 00:00:00+00:00, run_after=2026-08-22 00:00:00+00:00
[2026-08-21T12:03:10.120+0000] {processor.py:183} INFO - Processing /opt/airflow/dags/dag_variables_jinja.py took 0.468 seconds
[2026-08-21T12:03:40.531+0000] {processor.py:161} INFO - Started process (PID=2592) to work on /opt/airflow/dags/dag_variables_jinja.py
[2026-08-21T12:03:40.532+0000] {processor.py:830} INFO - Processing file /opt/airflow/dags/dag_variables_jinja.py for tasks to queue
[2026-08-21T12:03:40.535+0000] {logging_mixin.py:188} INFO - [2026-08-21T12:03:40.534+0000] {dagbag.py:538} INFO - Filling up the DagBag from /opt/airflow/dags/dag_variables_jinja.py
[2026-08-21T12:03:40.929+0000] {processor.py:840} INFO - DAG(s) 'jour6_variables_jinja' retrieved from /opt/airflow/dags/dag_variables_jinja.py
[2026-08-21T12:03:40.962+0000] {logging_mixin.py:188} INFO - [2026-08-21T12:03:40.961+0000] {dag.py:3036} INFO - Sync 1 DAGs
[2026-08-21T12:03:40.988+0000] {logging_mixin.py:188} INFO - [2026-08-21T12:03:40.988+0000] {dag.py:3823} INFO - Setting next_dagrun for jour6_variables_jinja to 2026-08-21 00:00:00+00:00, run_after=2026-08-22 00:00:00+00:00
[2026-08-21T12:03:41.014+0000] {processor.py:183} INFO - Processing /opt/airflow/dags/dag_variables_jinja.py took 0.487 seconds
[2026-08-21T12:04:11.353+0000] {processor.py:161} INFO - Started process (PID=2679) to work on /opt/airflow/dags/dag_variables_jinja.py
[2026-08-21T12:04:11.354+0000] {processor.py:830} INFO - Processing file /opt/airflow/dags/dag_variables_jinja.py for tasks to queue
[2026-08-21T12:04:11.357+0000] {logging_mixin.py:188} INFO - [2026-08-21T12:04:11.357+0000] {dagbag.py:538} INFO - Filling up the DagBag from /opt/airflow/dags/dag_variables_jinja.py
[2026-08-21T12:04:11.775+0000] {processor.py:840} INFO - DAG(s) 'jour6_variables_jinja' retrieved from /opt/airflow/dags/dag_variables_jinja.py
[2026-08-21T12:04:11.806+0000] {logging_mixin.py:188} INFO - [2026-08-21T12:04:11.806+0000] {dag.py:3036} INFO - Sync 1 DAGs
[2026-08-21T12:04:11.827+0000] {logging_mixin.py:188} INFO - [2026-08-21T12:04:11.826+0000] {dag.py:3823} INFO - Setting next_dagrun for jour6_variables_jinja to 2026-08-21 00:00:00+00:00, run_after=2026-08-22 00:00:00+00:00
[2026-08-21T12:04:11.851+0000] {processor.py:183} INFO - Processing /opt/airflow/dags/dag_variables_jinja.py took 0.502 seconds
[2026-08-21T12:04:42.023+0000] {processor.py:161} INFO - Started process (PID=2766) to work on /opt/airflow/dags/dag_variables_jinja.py
[2026-08-21T12:04:42.025+0000] {processor.py:830} INFO - Processing file /opt/airflow/dags/dag_variables_jinja.py for tasks to queue
[2026-08-21T12:04:42.027+0000] {logging_mixin.py:188} INFO - [2026-08-21T12:04:42.027+0000] {dagbag.py:538} INFO - Filling up the DagBag from /opt/airflow/dags/dag_variables_jinja.py
[2026-08-21T12:04:42.437+0000] {processor.py:840} INFO - DAG(s) 'jour6_variables_jinja' retrieved from /opt/airflow/dags/dag_variables_jinja.py
[2026-08-21T12:04:42.468+0000] {logging_mixin.py:188} INFO - [2026-08-21T12:04:42.467+0000] {dag.py:3036} INFO - Sync 1 DAGs
[2026-08-21T12:04:42.488+0000] {logging_mixin.py:188} INFO - [2026-08-21T12:04:42.487+0000] {dag.py:3823} INFO - Setting next_dagrun for jour6_variables_jinja to 2026-08-21 00:00:00+00:00, run_after=2026-08-22 00:00:00+00:00
[2026-08-21T12:04:42.507+0000] {processor.py:183} INFO - Processing /opt/airflow/dags/dag_variables_jinja.py took 0.488 seconds
[2026-08-21T12:05:12.868+0000] {processor.py:161} INFO - Started process (PID=2861) to work on /opt/airflow/dags/dag_variables_jinja.py
[2026-08-21T12:05:12.875+0000] {processor.py:830} INFO - Processing file /opt/airflow/dags/dag_variables_jinja.py for tasks to queue
[2026-08-21T12:05:12.890+0000] {logging_mixin.py:188} INFO - [2026-08-21T12:05:12.889+0000] {dagbag.py:538} INFO - Filling up the DagBag from /opt/airflow/dags/dag_variables_jinja.py
[2026-08-21T12:05:14.399+0000] {processor.py:840} INFO - DAG(s) 'jour6_variables_jinja' retrieved from /opt/airflow/dags/dag_variables_jinja.py
[2026-08-21T12:05:14.507+0000] {logging_mixin.py:188} INFO - [2026-08-21T12:05:14.506+0000] {dag.py:3036} INFO - Sync 1 DAGs
[2026-08-21T12:05:14.558+0000] {logging_mixin.py:188} INFO - [2026-08-21T12:05:14.557+0000] {dag.py:3823} INFO - Setting next_dagrun for jour6_variables_jinja to 2026-08-21 00:00:00+00:00, run_after=2026-08-22 00:00:00+00:00
[2026-08-21T12:05:14.606+0000] {processor.py:183} INFO - Processing /opt/airflow/dags/dag_variables_jinja.py took 1.750 seconds
[2026-08-21T12:05:44.711+0000] {processor.py:161} INFO - Started process (PID=2972) to work on /opt/airflow/dags/dag_variables_jinja.py
[2026-08-21T12:05:44.713+0000] {processor.py:830} INFO - Processing file /opt/airflow/dags/dag_variables_jinja.py for tasks to queue
[2026-08-21T12:05:44.715+0000] {logging_mixin.py:188} INFO - [2026-08-21T12:05:44.715+0000] {dagbag.py:538} INFO - Filling up the DagBag from /opt/airflow/dags/dag_variables_jinja.py
[2026-08-21T12:05:45.044+0000] {processor.py:840} INFO - DAG(s) 'jour6_variables_jinja' retrieved from /opt/airflow/dags/dag_variables_jinja.py
[2026-08-21T12:05:45.081+0000] {logging_mixin.py:188} INFO - [2026-08-21T12:05:45.081+0000] {dag.py:3036} INFO - Sync 1 DAGs
[2026-08-21T12:05:45.111+0000] {logging_mixin.py:188} INFO - [2026-08-21T12:05:45.111+0000] {dag.py:3823} INFO - Setting next_dagrun for jour6_variables_jinja to 2026-08-21 00:00:00+00:00, run_after=2026-08-22 00:00:00+00:00
[2026-08-21T12:05:45.137+0000] {processor.py:183} INFO - Processing /opt/airflow/dags/dag_variables_jinja.py took 0.431 seconds
[2026-08-21T12:06:15.205+0000] {processor.py:161} INFO - Started process (PID=3059) to work on /opt/airflow/dags/dag_variables_jinja.py
[2026-08-21T12:06:15.206+0000] {processor.py:830} INFO - Processing file /opt/airflow/dags/dag_variables_jinja.py for tasks to queue
[2026-08-21T12:06:15.209+0000] {logging_mixin.py:188} INFO - [2026-08-21T12:06:15.209+0000] {dagbag.py:538} INFO - Filling up the DagBag from /opt/airflow/dags/dag_variables_jinja.py
[2026-08-21T12:06:15.468+0000] {processor.py:840} INFO - DAG(s) 'jour6_variables_jinja' retrieved from /opt/airflow/dags/dag_variables_jinja.py
[2026-08-21T12:06:15.501+0000] {logging_mixin.py:188} INFO - [2026-08-21T12:06:15.501+0000] {dag.py:3036} INFO - Sync 1 DAGs
[2026-08-21T12:06:15.527+0000] {logging_mixin.py:188} INFO - [2026-08-21T12:06:15.527+0000] {dag.py:3823} INFO - Setting next_dagrun for jour6_variables_jinja to 2026-08-21 00:00:00+00:00, run_after=2026-08-22 00:00:00+00:00
[2026-08-21T12:06:15.554+0000] {processor.py:183} INFO - Processing /opt/airflow/dags/dag_variables_jinja.py took 0.352 seconds
[2026-08-21T12:06:46.627+0000] {processor.py:161} INFO - Started process (PID=3147) to work on /opt/airflow/dags/dag_variables_jinja.py
[2026-08-21T12:06:46.629+0000] {processor.py:830} INFO - Processing file /opt/airflow/dags/dag_variables_jinja.py for tasks to queue
[2026-08-21T12:06:46.632+0000] {logging_mixin.py:188} INFO - [2026-08-21T12:06:46.632+0000] {dagbag.py:538} INFO - Filling up the DagBag from /opt/airflow/dags/dag_variables_jinja.py
[2026-08-21T12:06:46.913+0000] {processor.py:840} INFO - DAG(s) 'jour6_variables_jinja' retrieved from /opt/airflow/dags/dag_variables_jinja.py
[2026-08-21T12:06:46.947+0000] {logging_mixin.py:188} INFO - [2026-08-21T12:06:46.947+0000] {dag.py:3036} INFO - Sync 1 DAGs
[2026-08-21T12:06:46.970+0000] {logging_mixin.py:188} INFO - [2026-08-21T12:06:46.970+0000] {dag.py:3823} INFO - Setting next_dagrun for jour6_variables_jinja to 2026-08-21 00:00:00+00:00, run_after=2026-08-22 00:00:00+00:00
[2026-08-21T12:06:46.994+0000] {processor.py:183} INFO - Processing /opt/airflow/dags/dag_variables_jinja.py took 0.370 seconds
[2026-08-21T12:07:17.839+0000] {processor.py:161} INFO - Started process (PID=3234) to work on /opt/airflow/dags/dag_variables_jinja.py
[2026-08-21T12:07:17.840+0000] {processor.py:830} INFO - Processing file /opt/airflow/dags/dag_variables_jinja.py for tasks to queue
[2026-08-21T12:07:17.843+0000] {logging_mixin.py:188} INFO - [2026-08-21T12:07:17.842+0000] {dagbag.py:538} INFO - Filling up the DagBag from /opt/airflow/dags/dag_variables_jinja.py
[2026-08-21T12:07:18.110+0000] {processor.py:840} INFO - DAG(s) 'jour6_variables_jinja' retrieved from /opt/airflow/dags/dag_variables_jinja.py
[2026-08-21T12:07:18.144+0000] {logging_mixin.py:188} INFO - [2026-08-21T12:07:18.143+0000] {dag.py:3036} INFO - Sync 1 DAGs
[2026-08-21T12:07:18.174+0000] {logging_mixin.py:188} INFO - [2026-08-21T12:07:18.174+0000] {dag.py:3823} INFO - Setting next_dagrun for jour6_variables_jinja to 2026-08-21 00:00:00+00:00, run_after=2026-08-22 00:00:00+00:00
[2026-08-21T12:07:18.195+0000] {processor.py:183} INFO - Processing /opt/airflow/dags/dag_variables_jinja.py took 0.361 seconds
[2026-08-21T12:07:48.474+0000] {processor.py:161} INFO - Started process (PID=3321) to work on /opt/airflow/dags/dag_variables_jinja.py
[2026-08-21T12:07:48.479+0000] {processor.py:830} INFO - Processing file /opt/airflow/dags/dag_variables_jinja.py for tasks to queue
[2026-08-21T12:07:48.484+0000] {logging_mixin.py:188} INFO - [2026-08-21T12:07:48.483+0000] {dagbag.py:538} INFO - Filling up the DagBag from /opt/airflow/dags/dag_variables_jinja.py
[2026-08-21T12:07:49.633+0000] {processor.py:840} INFO - DAG(s) 'jour6_variables_jinja' retrieved from /opt/airflow/dags/dag_variables_jinja.py
[2026-08-21T12:07:49.800+0000] {logging_mixin.py:188} INFO - [2026-08-21T12:07:49.799+0000] {dag.py:3036} INFO - Sync 1 DAGs
[2026-08-21T12:07:49.868+0000] {logging_mixin.py:188} INFO - [2026-08-21T12:07:49.868+0000] {dag.py:3823} INFO - Setting next_dagrun for jour6_variables_jinja to 2026-08-21 00:00:00+00:00, run_after=2026-08-22 00:00:00+00:00
[2026-08-21T12:07:49.937+0000] {processor.py:183} INFO - Processing /opt/airflow/dags/dag_variables_jinja.py took 1.475 seconds
[2026-08-21T12:08:20.756+0000] {processor.py:161} INFO - Started process (PID=3411) to work on /opt/airflow/dags/dag_variables_jinja.py
[2026-08-21T12:08:20.757+0000] {processor.py:830} INFO - Processing file /opt/airflow/dags/dag_variables_jinja.py for tasks to queue
[2026-08-21T12:08:20.760+0000] {logging_mixin.py:188} INFO - [2026-08-21T12:08:20.759+0000] {dagbag.py:538} INFO - Filling up the DagBag from /opt/airflow/dags/dag_variables_jinja.py
[2026-08-21T12:08:21.055+0000] {processor.py:840} INFO - DAG(s) 'jour6_variables_jinja' retrieved from /opt/airflow/dags/dag_variables_jinja.py
[2026-08-21T12:08:21.094+0000] {logging_mixin.py:188} INFO - [2026-08-21T12:08:21.094+0000] {dag.py:3036} INFO - Sync 1 DAGs
[2026-08-21T12:08:21.118+0000] {logging_mixin.py:188} INFO - [2026-08-21T12:08:21.117+0000] {dag.py:3823} INFO - Setting next_dagrun for jour6_variables_jinja to 2026-08-21 00:00:00+00:00, run_after=2026-08-22 00:00:00+00:00
[2026-08-21T12:08:21.153+0000] {processor.py:183} INFO - Processing /opt/airflow/dags/dag_variables_jinja.py took 0.401 seconds
[2026-08-21T12:08:51.280+0000] {processor.py:161} INFO - Started process (PID=3498) to work on /opt/airflow/dags/dag_variables_jinja.py
[2026-08-21T12:08:51.281+0000] {processor.py:830} INFO - Processing file /opt/airflow/dags/dag_variables_jinja.py for tasks to queue
[2026-08-21T12:08:51.284+0000] {logging_mixin.py:188} INFO - [2026-08-21T12:08:51.283+0000] {dagbag.py:538} INFO - Filling up the DagBag from /opt/airflow/dags/dag_variables_jinja.py
[2026-08-21T12:08:51.550+0000] {processor.py:840} INFO - DAG(s) 'jour6_variables_jinja' retrieved from /opt/airflow/dags/dag_variables_jinja.py
[2026-08-21T12:08:51.588+0000] {logging_mixin.py:188} INFO - [2026-08-21T12:08:51.588+0000] {dag.py:3036} INFO - Sync 1 DAGs
[2026-08-21T12:08:51.610+0000] {logging_mixin.py:188} INFO - [2026-08-21T12:08:51.610+0000] {dag.py:3823} INFO - Setting next_dagrun for jour6_variables_jinja to 2026-08-21 00:00:00+00:00, run_after=2026-08-22 00:00:00+00:00
[2026-08-21T12:08:51.631+0000] {processor.py:183} INFO - Processing /opt/airflow/dags/dag_variables_jinja.py took 0.355 seconds
[2026-08-21T12:09:21.948+0000] {processor.py:161} INFO - Started process (PID=3589) to work on /opt/airflow/dags/dag_variables_jinja.py
[2026-08-21T12:09:21.950+0000] {processor.py:830} INFO - Processing file /opt/airflow/dags/dag_variables_jinja.py for tasks to queue
[2026-08-21T12:09:21.952+0000] {logging_mixin.py:188} INFO - [2026-08-21T12:09:21.951+0000] {dagbag.py:538} INFO - Filling up the DagBag from /opt/airflow/dags/dag_variables_jinja.py
[2026-08-21T12:09:22.246+0000] {processor.py:840} INFO - DAG(s) 'jour6_variables_jinja' retrieved from /opt/airflow/dags/dag_variables_jinja.py
[2026-08-21T12:09:22.280+0000] {logging_mixin.py:188} INFO - [2026-08-21T12:09:22.280+0000] {dag.py:3036} INFO - Sync 1 DAGs
[2026-08-21T12:09:22.304+0000] {logging_mixin.py:188} INFO - [2026-08-21T12:09:22.304+0000] {dag.py:3823} INFO - Setting next_dagrun for jour6_variables_jinja to 2026-08-21 00:00:00+00:00, run_after=2026-08-22 00:00:00+00:00
[2026-08-21T12:09:22.323+0000] {processor.py:183} INFO - Processing /opt/airflow/dags/dag_variables_jinja.py took 0.379 seconds
[2026-08-21T12:09:52.543+0000] {processor.py:161} INFO - Started process (PID=3676) to work on /opt/airflow/dags/dag_variables_jinja.py
[2026-08-21T12:09:52.544+0000] {processor.py:830} INFO - Processing file /opt/airflow/dags/dag_variables_jinja.py for tasks to queue
[2026-08-21T12:09:52.546+0000] {logging_mixin.py:188} INFO - [2026-08-21T12:09:52.546+0000] {dagbag.py:538} INFO - Filling up the DagBag from /opt/airflow/dags/dag_variables_jinja.py
[2026-08-21T12:09:52.806+0000] {processor.py:840} INFO - DAG(s) 'jour6_variables_jinja' retrieved from /opt/airflow/dags/dag_variables_jinja.py
[2026-08-21T12:09:52.837+0000] {logging_mixin.py:188} INFO - [2026-08-21T12:09:52.837+0000] {dag.py:3036} INFO - Sync 1 DAGs
[2026-08-21T12:09:52.862+0000] {logging_mixin.py:188} INFO - [2026-08-21T12:09:52.862+0000] {dag.py:3823} INFO - Setting next_dagrun for jour6_variables_jinja to 2026-08-21 00:00:00+00:00, run_after=2026-08-22 00:00:00+00:00
[2026-08-21T12:09:52.885+0000] {processor.py:183} INFO - Processing /opt/airflow/dags/dag_variables_jinja.py took 0.345 seconds
[2026-08-21T12:10:23.529+0000] {processor.py:161} INFO - Started process (PID=3763) to work on /opt/airflow/dags/dag_variables_jinja.py
[2026-08-21T12:10:23.530+0000] {processor.py:830} INFO - Processing file /opt/airflow/dags/dag_variables_jinja.py for tasks to queue
[2026-08-21T12:10:23.532+0000] {logging_mixin.py:188} INFO - [2026-08-21T12:10:23.532+0000] {dagbag.py:538} INFO - Filling up the DagBag from /opt/airflow/dags/dag_variables_jinja.py
[2026-08-21T12:10:23.827+0000] {processor.py:840} INFO - DAG(s) 'jour6_variables_jinja' retrieved from /opt/airflow/dags/dag_variables_jinja.py
[2026-08-21T12:10:23.865+0000] {logging_mixin.py:188} INFO - [2026-08-21T12:10:23.865+0000] {dag.py:3036} INFO - Sync 1 DAGs
[2026-08-21T12:10:23.889+0000] {logging_mixin.py:188} INFO - [2026-08-21T12:10:23.889+0000] {dag.py:3823} INFO - Setting next_dagrun for jour6_variables_jinja to 2026-08-21 00:00:00+00:00, run_after=2026-08-22 00:00:00+00:00
[2026-08-21T12:10:23.911+0000] {processor.py:183} INFO - Processing /opt/airflow/dags/dag_variables_jinja.py took 0.386 seconds
[2026-08-21T12:10:54.225+0000] {processor.py:161} INFO - Started process (PID=3855) to work on /opt/airflow/dags/dag_variables_jinja.py
[2026-08-21T12:10:54.226+0000] {processor.py:830} INFO - Processing file /opt/airflow/dags/dag_variables_jinja.py for tasks to queue
[2026-08-21T12:10:54.229+0000] {logging_mixin.py:188} INFO - [2026-08-21T12:10:54.228+0000] {dagbag.py:538} INFO - Filling up the DagBag from /opt/airflow/dags/dag_variables_jinja.py
[2026-08-21T12:10:54.493+0000] {processor.py:840} INFO - DAG(s) 'jour6_variables_jinja' retrieved from /opt/airflow/dags/dag_variables_jinja.py
[2026-08-21T12:10:54.524+0000] {logging_mixin.py:188} INFO - [2026-08-21T12:10:54.524+0000] {dag.py:3036} INFO - Sync 1 DAGs
[2026-08-21T12:10:54.548+0000] {logging_mixin.py:188} INFO - [2026-08-21T12:10:54.548+0000] {dag.py:3823} INFO - Setting next_dagrun for jour6_variables_jinja to 2026-08-21 00:00:00+00:00, run_after=2026-08-22 00:00:00+00:00
[2026-08-21T12:10:54.702+0000] {processor.py:183} INFO - Processing /opt/airflow/dags/dag_variables_jinja.py took 0.481 seconds
[2026-08-21T12:11:25.253+0000] {processor.py:161} INFO - Started process (PID=3942) to work on /opt/airflow/dags/dag_variables_jinja.py
[2026-08-21T12:11:25.255+0000] {processor.py:830} INFO - Processing file /opt/airflow/dags/dag_variables_jinja.py for tasks to queue
[2026-08-21T12:11:25.257+0000] {logging_mixin.py:188} INFO - [2026-08-21T12:11:25.257+0000] {dagbag.py:538} INFO - Filling up the DagBag from /opt/airflow/dags/dag_variables_jinja.py
[2026-08-21T12:11:25.513+0000] {processor.py:840} INFO - DAG(s) 'jour6_variables_jinja' retrieved from /opt/airflow/dags/dag_variables_jinja.py
[2026-08-21T12:11:25.544+0000] {logging_mixin.py:188} INFO - [2026-08-21T12:11:25.543+0000] {dag.py:3036} INFO - Sync 1 DAGs
[2026-08-21T12:11:25.564+0000] {logging_mixin.py:188} INFO - [2026-08-21T12:11:25.564+0000] {dag.py:3823} INFO - Setting next_dagrun for jour6_variables_jinja to 2026-08-21 00:00:00+00:00, run_after=2026-08-22 00:00:00+00:00
[2026-08-21T12:11:25.721+0000] {processor.py:183} INFO - Processing /opt/airflow/dags/dag_variables_jinja.py took 0.472 seconds
[2026-08-21T12:11:55.903+0000] {processor.py:161} INFO - Started process (PID=4029) to work on /opt/airflow/dags/dag_variables_jinja.py
[2026-08-21T12:11:55.904+0000] {processor.py:830} INFO - Processing file /opt/airflow/dags/dag_variables_jinja.py for tasks to queue
[2026-08-21T12:11:55.907+0000] {logging_mixin.py:188} INFO - [2026-08-21T12:11:55.906+0000] {dagbag.py:538} INFO - Filling up the DagBag from /opt/airflow/dags/dag_variables_jinja.py
[2026-08-21T12:11:56.375+0000] {processor.py:840} INFO - DAG(s) 'jour6_variables_jinja' retrieved from /opt/airflow/dags/dag_variables_jinja.py
[2026-08-21T12:11:56.408+0000] {logging_mixin.py:188} INFO - [2026-08-21T12:11:56.407+0000] {dag.py:3036} INFO - Sync 1 DAGs
[2026-08-21T12:11:56.427+0000] {logging_mixin.py:188} INFO - [2026-08-21T12:11:56.427+0000] {dag.py:3823} INFO - Setting next_dagrun for jour6_variables_jinja to 2026-08-21 00:00:00+00:00, run_after=2026-08-22 00:00:00+00:00
[2026-08-21T12:11:56.450+0000] {processor.py:183} INFO - Processing /opt/airflow/dags/dag_variables_jinja.py took 0.551 seconds
[2026-08-21T12:12:26.670+0000] {processor.py:161} INFO - Started process (PID=4116) to work on /opt/airflow/dags/dag_variables_jinja.py
[2026-08-21T12:12:26.672+0000] {processor.py:830} INFO - Processing file /opt/airflow/dags/dag_variables_jinja.py for tasks to queue
[2026-08-21T12:12:26.675+0000] {logging_mixin.py:188} INFO - [2026-08-21T12:12:26.674+0000] {dagbag.py:538} INFO - Filling up the DagBag from /opt/airflow/dags/dag_variables_jinja.py
[2026-08-21T12:12:27.124+0000] {processor.py:840} INFO - DAG(s) 'jour6_variables_jinja' retrieved from /opt/airflow/dags/dag_variables_jinja.py
[2026-08-21T12:12:27.154+0000] {logging_mixin.py:188} INFO - [2026-08-21T12:12:27.154+0000] {dag.py:3036} INFO - Sync 1 DAGs
[2026-08-21T12:12:27.173+0000] {logging_mixin.py:188} INFO - [2026-08-21T12:12:27.173+0000] {dag.py:3823} INFO - Setting next_dagrun for jour6_variables_jinja to 2026-08-21 00:00:00+00:00, run_after=2026-08-22 00:00:00+00:00
[2026-08-21T12:12:27.193+0000] {processor.py:183} INFO - Processing /opt/airflow/dags/dag_variables_jinja.py took 0.527 seconds
[2026-08-21T12:12:57.420+0000] {processor.py:161} INFO - Started process (PID=4203) to work on /opt/airflow/dags/dag_variables_jinja.py
[2026-08-21T12:12:57.422+0000] {processor.py:830} INFO - Processing file /opt/airflow/dags/dag_variables_jinja.py for tasks to queue
[2026-08-21T12:12:57.424+0000] {logging_mixin.py:188} INFO - [2026-08-21T12:12:57.424+0000] {dagbag.py:538} INFO - Filling up the DagBag from /opt/airflow/dags/dag_variables_jinja.py
[2026-08-21T12:12:57.815+0000] {processor.py:840} INFO - DAG(s) 'jour6_variables_jinja' retrieved from /opt/airflow/dags/dag_variables_jinja.py
[2026-08-21T12:12:57.850+0000] {logging_mixin.py:188} INFO - [2026-08-21T12:12:57.849+0000] {dag.py:3036} INFO - Sync 1 DAGs
[2026-08-21T12:12:57.868+0000] {logging_mixin.py:188} INFO - [2026-08-21T12:12:57.868+0000] {dag.py:3823} INFO - Setting next_dagrun for jour6_variables_jinja to 2026-08-21 00:00:00+00:00, run_after=2026-08-22 00:00:00+00:00
[2026-08-21T12:12:57.889+0000] {processor.py:183} INFO - Processing /opt/airflow/dags/dag_variables_jinja.py took 0.473 seconds
[2026-08-21T12:13:28.516+0000] {processor.py:161} INFO - Started process (PID=4290) to work on /opt/airflow/dags/dag_variables_jinja.py
[2026-08-21T12:13:28.517+0000] {processor.py:830} INFO - Processing file /opt/airflow/dags/dag_variables_jinja.py for tasks to queue
[2026-08-21T12:13:28.519+0000] {logging_mixin.py:188} INFO - [2026-08-21T12:13:28.519+0000] {dagbag.py:538} INFO - Filling up the DagBag from /opt/airflow/dags/dag_variables_jinja.py
[2026-08-21T12:13:28.930+0000] {processor.py:840} INFO - DAG(s) 'jour6_variables_jinja' retrieved from /opt/airflow/dags/dag_variables_jinja.py
[2026-08-21T12:13:28.960+0000] {logging_mixin.py:188} INFO - [2026-08-21T12:13:28.959+0000] {dag.py:3036} INFO - Sync 1 DAGs
[2026-08-21T12:13:28.979+0000] {logging_mixin.py:188} INFO - [2026-08-21T12:13:28.979+0000] {dag.py:3823} INFO - Setting next_dagrun for jour6_variables_jinja to 2026-08-21 00:00:00+00:00, run_after=2026-08-22 00:00:00+00:00
[2026-08-21T12:13:29.001+0000] {processor.py:183} INFO - Processing /opt/airflow/dags/dag_variables_jinja.py took 0.489 seconds
[2026-08-21T12:13:59.149+0000] {processor.py:161} INFO - Started process (PID=4377) to work on /opt/airflow/dags/dag_variables_jinja.py
[2026-08-21T12:13:59.151+0000] {processor.py:830} INFO - Processing file /opt/airflow/dags/dag_variables_jinja.py for tasks to queue
[2026-08-21T12:13:59.153+0000] {logging_mixin.py:188} INFO - [2026-08-21T12:13:59.152+0000] {dagbag.py:538} INFO - Filling up the DagBag from /opt/airflow/dags/dag_variables_jinja.py
[2026-08-21T12:13:59.527+0000] {processor.py:840} INFO - DAG(s) 'jour6_variables_jinja' retrieved from /opt/airflow/dags/dag_variables_jinja.py
[2026-08-21T12:13:59.559+0000] {logging_mixin.py:188} INFO - [2026-08-21T12:13:59.558+0000] {dag.py:3036} INFO - Sync 1 DAGs
[2026-08-21T12:13:59.583+0000] {logging_mixin.py:188} INFO - [2026-08-21T12:13:59.583+0000] {dag.py:3823} INFO - Setting next_dagrun for jour6_variables_jinja to 2026-08-21 00:00:00+00:00, run_after=2026-08-22 00:00:00+00:00
[2026-08-21T12:13:59.604+0000] {processor.py:183} INFO - Processing /opt/airflow/dags/dag_variables_jinja.py took 0.458 seconds
[2026-08-21T12:14:29.868+0000] {processor.py:161} INFO - Started process (PID=4464) to work on /opt/airflow/dags/dag_variables_jinja.py
[2026-08-21T12:14:29.869+0000] {processor.py:830} INFO - Processing file /opt/airflow/dags/dag_variables_jinja.py for tasks to queue
[2026-08-21T12:14:29.871+0000] {logging_mixin.py:188} INFO - [2026-08-21T12:14:29.871+0000] {dagbag.py:538} INFO - Filling up the DagBag from /opt/airflow/dags/dag_variables_jinja.py
[2026-08-21T12:14:30.271+0000] {processor.py:840} INFO - DAG(s) 'jour6_variables_jinja' retrieved from /opt/airflow/dags/dag_variables_jinja.py
[2026-08-21T12:14:30.301+0000] {logging_mixin.py:188} INFO - [2026-08-21T12:14:30.301+0000] {dag.py:3036} INFO - Sync 1 DAGs
[2026-08-21T12:14:30.323+0000] {logging_mixin.py:188} INFO - [2026-08-21T12:14:30.323+0000] {dag.py:3823} INFO - Setting next_dagrun for jour6_variables_jinja to 2026-08-21 00:00:00+00:00, run_after=2026-08-22 00:00:00+00:00
[2026-08-21T12:14:30.342+0000] {processor.py:183} INFO - Processing /opt/airflow/dags/dag_variables_jinja.py took 0.478 seconds
[2026-08-21T12:15:01.118+0000] {processor.py:161} INFO - Started process (PID=4552) to work on /opt/airflow/dags/dag_variables_jinja.py
[2026-08-21T12:15:01.120+0000] {processor.py:830} INFO - Processing file /opt/airflow/dags/dag_variables_jinja.py for tasks to queue
[2026-08-21T12:15:01.124+0000] {logging_mixin.py:188} INFO - [2026-08-21T12:15:01.123+0000] {dagbag.py:538} INFO - Filling up the DagBag from /opt/airflow/dags/dag_variables_jinja.py
[2026-08-21T12:15:01.566+0000] {processor.py:840} INFO - DAG(s) 'jour6_variables_jinja' retrieved from /opt/airflow/dags/dag_variables_jinja.py
[2026-08-21T12:15:01.594+0000] {logging_mixin.py:188} INFO - [2026-08-21T12:15:01.594+0000] {dag.py:3036} INFO - Sync 1 DAGs
[2026-08-21T12:15:01.613+0000] {logging_mixin.py:188} INFO - [2026-08-21T12:15:01.613+0000] {dag.py:3823} INFO - Setting next_dagrun for jour6_variables_jinja to 2026-08-21 00:00:00+00:00, run_after=2026-08-22 00:00:00+00:00
[2026-08-21T12:15:01.634+0000] {processor.py:183} INFO - Processing /opt/airflow/dags/dag_variables_jinja.py took 0.520 seconds
[2026-08-21T12:15:32.581+0000] {processor.py:161} INFO - Started process (PID=4639) to work on /opt/airflow/dags/dag_variables_jinja.py
[2026-08-21T12:15:32.583+0000] {processor.py:830} INFO - Processing file /opt/airflow/dags/dag_variables_jinja.py for tasks to queue
[2026-08-21T12:15:32.585+0000] {logging_mixin.py:188} INFO - [2026-08-21T12:15:32.584+0000] {dagbag.py:538} INFO - Filling up the DagBag from /opt/airflow/dags/dag_variables_jinja.py
[2026-08-21T12:15:33.004+0000] {processor.py:840} INFO - DAG(s) 'jour6_variables_jinja' retrieved from /opt/airflow/dags/dag_variables_jinja.py
[2026-08-21T12:15:33.039+0000] {logging_mixin.py:188} INFO - [2026-08-21T12:15:33.039+0000] {dag.py:3036} INFO - Sync 1 DAGs
[2026-08-21T12:15:33.061+0000] {logging_mixin.py:188} INFO - [2026-08-21T12:15:33.061+0000] {dag.py:3823} INFO - Setting next_dagrun for jour6_variables_jinja to 2026-08-21 00:00:00+00:00, run_after=2026-08-22 00:00:00+00:00
[2026-08-21T12:15:33.086+0000] {processor.py:183} INFO - Processing /opt/airflow/dags/dag_variables_jinja.py took 0.508 seconds
[2026-08-21T12:16:03.411+0000] {processor.py:161} INFO - Started process (PID=4726) to work on /opt/airflow/dags/dag_variables_jinja.py
[2026-08-21T12:16:03.412+0000] {processor.py:830} INFO - Processing file /opt/airflow/dags/dag_variables_jinja.py for tasks to queue
[2026-08-21T12:16:03.415+0000] {logging_mixin.py:188} INFO - [2026-08-21T12:16:03.414+0000] {dagbag.py:538} INFO - Filling up the DagBag from /opt/airflow/dags/dag_variables_jinja.py
[2026-08-21T12:16:03.805+0000] {processor.py:840} INFO - DAG(s) 'jour6_variables_jinja' retrieved from /opt/airflow/dags/dag_variables_jinja.py
[2026-08-21T12:16:03.834+0000] {logging_mixin.py:188} INFO - [2026-08-21T12:16:03.833+0000] {dag.py:3036} INFO - Sync 1 DAGs
[2026-08-21T12:16:03.854+0000] {logging_mixin.py:188} INFO - [2026-08-21T12:16:03.854+0000] {dag.py:3823} INFO - Setting next_dagrun for jour6_variables_jinja to 2026-08-21 00:00:00+00:00, run_after=2026-08-22 00:00:00+00:00
[2026-08-21T12:16:03.875+0000] {processor.py:183} INFO - Processing /opt/airflow/dags/dag_variables_jinja.py took 0.468 seconds
[2026-08-21T12:16:34.608+0000] {processor.py:161} INFO - Started process (PID=4814) to work on /opt/airflow/dags/dag_variables_jinja.py
[2026-08-21T12:16:34.609+0000] {processor.py:830} INFO - Processing file /opt/airflow/dags/dag_variables_jinja.py for tasks to queue
[2026-08-21T12:16:34.611+0000] {logging_mixin.py:188} INFO - [2026-08-21T12:16:34.611+0000] {dagbag.py:538} INFO - Filling up the DagBag from /opt/airflow/dags/dag_variables_jinja.py
[2026-08-21T12:16:34.999+0000] {processor.py:840} INFO - DAG(s) 'jour6_variables_jinja' retrieved from /opt/airflow/dags/dag_variables_jinja.py
[2026-08-21T12:16:35.028+0000] {logging_mixin.py:188} INFO - [2026-08-21T12:16:35.028+0000] {dag.py:3036} INFO - Sync 1 DAGs
[2026-08-21T12:16:35.048+0000] {logging_mixin.py:188} INFO - [2026-08-21T12:16:35.047+0000] {dag.py:3823} INFO - Setting next_dagrun for jour6_variables_jinja to 2026-08-21 00:00:00+00:00, run_after=2026-08-22 00:00:00+00:00
[2026-08-21T12:16:35.069+0000] {processor.py:183} INFO - Processing /opt/airflow/dags/dag_variables_jinja.py took 0.464 seconds
[2026-08-21T12:17:06.114+0000] {processor.py:161} INFO - Started process (PID=4901) to work on /opt/airflow/dags/dag_variables_jinja.py
[2026-08-21T12:17:06.115+0000] {processor.py:830} INFO - Processing file /opt/airflow/dags/dag_variables_jinja.py for tasks to queue
[2026-08-21T12:17:06.117+0000] {logging_mixin.py:188} INFO - [2026-08-21T12:17:06.117+0000] {dagbag.py:538} INFO - Filling up the DagBag from /opt/airflow/dags/dag_variables_jinja.py
[2026-08-21T12:17:06.556+0000] {processor.py:840} INFO - DAG(s) 'jour6_variables_jinja' retrieved from /opt/airflow/dags/dag_variables_jinja.py
[2026-08-21T12:17:06.592+0000] {logging_mixin.py:188} INFO - [2026-08-21T12:17:06.592+0000] {dag.py:3036} INFO - Sync 1 DAGs
[2026-08-21T12:17:06.614+0000] {logging_mixin.py:188} INFO - [2026-08-21T12:17:06.613+0000] {dag.py:3823} INFO - Setting next_dagrun for jour6_variables_jinja to 2026-08-21 00:00:00+00:00, run_after=2026-08-22 00:00:00+00:00
[2026-08-21T12:17:06.638+0000] {processor.py:183} INFO - Processing /opt/airflow/dags/dag_variables_jinja.py took 0.531 seconds
[2026-08-21T12:17:37.211+0000] {processor.py:161} INFO - Started process (PID=4988) to work on /opt/airflow/dags/dag_variables_jinja.py
[2026-08-21T12:17:37.212+0000] {processor.py:830} INFO - Processing file /opt/airflow/dags/dag_variables_jinja.py for tasks to queue
[2026-08-21T12:17:37.215+0000] {logging_mixin.py:188} INFO - [2026-08-21T12:17:37.214+0000] {dagbag.py:538} INFO - Filling up the DagBag from /opt/airflow/dags/dag_variables_jinja.py
[2026-08-21T12:17:37.470+0000] {processor.py:840} INFO - DAG(s) 'jour6_variables_jinja' retrieved from /opt/airflow/dags/dag_variables_jinja.py
[2026-08-21T12:17:37.506+0000] {logging_mixin.py:188} INFO - [2026-08-21T12:17:37.505+0000] {dag.py:3036} INFO - Sync 1 DAGs
[2026-08-21T12:17:37.535+0000] {logging_mixin.py:188} INFO - [2026-08-21T12:17:37.535+0000] {dag.py:3823} INFO - Setting next_dagrun for jour6_variables_jinja to 2026-08-21 00:00:00+00:00, run_after=2026-08-22 00:00:00+00:00
[2026-08-21T12:17:37.567+0000] {processor.py:183} INFO - Processing /opt/airflow/dags/dag_variables_jinja.py took 0.360 seconds
[2026-08-21T12:18:07.843+0000] {processor.py:161} INFO - Started process (PID=5075) to work on /opt/airflow/dags/dag_variables_jinja.py
[2026-08-21T12:18:07.844+0000] {processor.py:830} INFO - Processing file /opt/airflow/dags/dag_variables_jinja.py for tasks to queue
[2026-08-21T12:18:07.847+0000] {logging_mixin.py:188} INFO - [2026-08-21T12:18:07.846+0000] {dagbag.py:538} INFO - Filling up the DagBag from /opt/airflow/dags/dag_variables_jinja.py
[2026-08-21T12:18:08.121+0000] {processor.py:840} INFO - DAG(s) 'jour6_variables_jinja' retrieved from /opt/airflow/dags/dag_variables_jinja.py
[2026-08-21T12:18:08.154+0000] {logging_mixin.py:188} INFO - [2026-08-21T12:18:08.154+0000] {dag.py:3036} INFO - Sync 1 DAGs
[2026-08-21T12:18:08.179+0000] {logging_mixin.py:188} INFO - [2026-08-21T12:18:08.179+0000] {dag.py:3823} INFO - Setting next_dagrun for jour6_variables_jinja to 2026-08-21 00:00:00+00:00, run_after=2026-08-22 00:00:00+00:00
[2026-08-21T12:18:08.201+0000] {processor.py:183} INFO - Processing /opt/airflow/dags/dag_variables_jinja.py took 0.365 seconds
[2026-08-21T12:18:38.266+0000] {processor.py:161} INFO - Started process (PID=5161) to work on /opt/airflow/dags/dag_variables_jinja.py
[2026-08-21T12:18:38.267+0000] {processor.py:830} INFO - Processing file /opt/airflow/dags/dag_variables_jinja.py for tasks to queue
[2026-08-21T12:18:38.270+0000] {logging_mixin.py:188} INFO - [2026-08-21T12:18:38.269+0000] {dagbag.py:538} INFO - Filling up the DagBag from /opt/airflow/dags/dag_variables_jinja.py
[2026-08-21T12:18:38.542+0000] {processor.py:840} INFO - DAG(s) 'jour6_variables_jinja' retrieved from /opt/airflow/dags/dag_variables_jinja.py
[2026-08-21T12:18:38.575+0000] {logging_mixin.py:188} INFO - [2026-08-21T12:18:38.575+0000] {dag.py:3036} INFO - Sync 1 DAGs
[2026-08-21T12:18:38.598+0000] {logging_mixin.py:188} INFO - [2026-08-21T12:18:38.598+0000] {dag.py:3823} INFO - Setting next_dagrun for jour6_variables_jinja to 2026-08-21 00:00:00+00:00, run_after=2026-08-22 00:00:00+00:00
[2026-08-21T12:18:38.619+0000] {processor.py:183} INFO - Processing /opt/airflow/dags/dag_variables_jinja.py took 0.356 seconds
[2026-08-21T12:19:08.862+0000] {processor.py:161} INFO - Started process (PID=5248) to work on /opt/airflow/dags/dag_variables_jinja.py
[2026-08-21T12:19:08.866+0000] {processor.py:830} INFO - Processing file /opt/airflow/dags/dag_variables_jinja.py for tasks to queue
[2026-08-21T12:19:08.871+0000] {logging_mixin.py:188} INFO - [2026-08-21T12:19:08.871+0000] {dagbag.py:538} INFO - Filling up the DagBag from /opt/airflow/dags/dag_variables_jinja.py
[2026-08-21T12:19:09.316+0000] {processor.py:840} INFO - DAG(s) 'jour6_variables_jinja' retrieved from /opt/airflow/dags/dag_variables_jinja.py
[2026-08-21T12:19:09.367+0000] {logging_mixin.py:188} INFO - [2026-08-21T12:19:09.367+0000] {dag.py:3036} INFO - Sync 1 DAGs
[2026-08-21T12:19:09.405+0000] {logging_mixin.py:188} INFO - [2026-08-21T12:19:09.404+0000] {dag.py:3823} INFO - Setting next_dagrun for jour6_variables_jinja to 2026-08-21 00:00:00+00:00, run_after=2026-08-22 00:00:00+00:00
[2026-08-21T12:19:09.441+0000] {processor.py:183} INFO - Processing /opt/airflow/dags/dag_variables_jinja.py took 0.582 seconds
[2026-08-21T12:19:39.551+0000] {processor.py:161} INFO - Started process (PID=5335) to work on /opt/airflow/dags/dag_variables_jinja.py
[2026-08-21T12:19:39.553+0000] {processor.py:830} INFO - Processing file /opt/airflow/dags/dag_variables_jinja.py for tasks to queue
[2026-08-21T12:19:39.555+0000] {logging_mixin.py:188} INFO - [2026-08-21T12:19:39.554+0000] {dagbag.py:538} INFO - Filling up the DagBag from /opt/airflow/dags/dag_variables_jinja.py
[2026-08-21T12:19:39.830+0000] {processor.py:840} INFO - DAG(s) 'jour6_variables_jinja' retrieved from /opt/airflow/dags/dag_variables_jinja.py
[2026-08-21T12:19:39.862+0000] {logging_mixin.py:188} INFO - [2026-08-21T12:19:39.862+0000] {dag.py:3036} INFO - Sync 1 DAGs
[2026-08-21T12:19:39.884+0000] {logging_mixin.py:188} INFO - [2026-08-21T12:19:39.884+0000] {dag.py:3823} INFO - Setting next_dagrun for jour6_variables_jinja to 2026-08-21 00:00:00+00:00, run_after=2026-08-22 00:00:00+00:00
[2026-08-21T12:19:39.904+0000] {processor.py:183} INFO - Processing /opt/airflow/dags/dag_variables_jinja.py took 0.355 seconds
[2026-08-21T12:20:10.301+0000] {processor.py:161} INFO - Started process (PID=5422) to work on /opt/airflow/dags/dag_variables_jinja.py
[2026-08-21T12:20:10.303+0000] {processor.py:830} INFO - Processing file /opt/airflow/dags/dag_variables_jinja.py for tasks to queue
[2026-08-21T12:20:10.311+0000] {logging_mixin.py:188} INFO - [2026-08-21T12:20:10.310+0000] {dagbag.py:538} INFO - Filling up the DagBag from /opt/airflow/dags/dag_variables_jinja.py
[2026-08-21T12:20:10.883+0000] {processor.py:840} INFO - DAG(s) 'jour6_variables_jinja' retrieved from /opt/airflow/dags/dag_variables_jinja.py
[2026-08-21T12:20:10.950+0000] {logging_mixin.py:188} INFO - [2026-08-21T12:20:10.949+0000] {dag.py:3036} INFO - Sync 1 DAGs
[2026-08-21T12:20:10.980+0000] {logging_mixin.py:188} INFO - [2026-08-21T12:20:10.979+0000] {dag.py:3823} INFO - Setting next_dagrun for jour6_variables_jinja to 2026-08-21 00:00:00+00:00, run_after=2026-08-22 00:00:00+00:00
[2026-08-21T12:20:11.035+0000] {processor.py:183} INFO - Processing /opt/airflow/dags/dag_variables_jinja.py took 0.738 seconds
[2026-08-21T12:20:42.138+0000] {processor.py:161} INFO - Started process (PID=5509) to work on /opt/airflow/dags/dag_variables_jinja.py
[2026-08-21T12:20:42.144+0000] {processor.py:830} INFO - Processing file /opt/airflow/dags/dag_variables_jinja.py for tasks to queue
[2026-08-21T12:20:42.151+0000] {logging_mixin.py:188} INFO - [2026-08-21T12:20:42.150+0000] {dagbag.py:538} INFO - Filling up the DagBag from /opt/airflow/dags/dag_variables_jinja.py
[2026-08-21T12:20:42.913+0000] {processor.py:840} INFO - DAG(s) 'jour6_variables_jinja' retrieved from /opt/airflow/dags/dag_variables_jinja.py
[2026-08-21T12:20:42.970+0000] {logging_mixin.py:188} INFO - [2026-08-21T12:20:42.970+0000] {dag.py:3036} INFO - Sync 1 DAGs
[2026-08-21T12:20:43.010+0000] {logging_mixin.py:188} INFO - [2026-08-21T12:20:43.010+0000] {dag.py:3823} INFO - Setting next_dagrun for jour6_variables_jinja to 2026-08-21 00:00:00+00:00, run_after=2026-08-22 00:00:00+00:00
[2026-08-21T12:20:43.057+0000] {processor.py:183} INFO - Processing /opt/airflow/dags/dag_variables_jinja.py took 0.926 seconds
[2026-08-21T12:21:13.656+0000] {processor.py:161} INFO - Started process (PID=5596) to work on /opt/airflow/dags/dag_variables_jinja.py
[2026-08-21T12:21:13.657+0000] {processor.py:830} INFO - Processing file /opt/airflow/dags/dag_variables_jinja.py for tasks to queue
[2026-08-21T12:21:13.661+0000] {logging_mixin.py:188} INFO - [2026-08-21T12:21:13.660+0000] {dagbag.py:538} INFO - Filling up the DagBag from /opt/airflow/dags/dag_variables_jinja.py
[2026-08-21T12:21:14.000+0000] {processor.py:840} INFO - DAG(s) 'jour6_variables_jinja' retrieved from /opt/airflow/dags/dag_variables_jinja.py
[2026-08-21T12:21:14.043+0000] {logging_mixin.py:188} INFO - [2026-08-21T12:21:14.043+0000] {dag.py:3036} INFO - Sync 1 DAGs
[2026-08-21T12:21:14.232+0000] {logging_mixin.py:188} INFO - [2026-08-21T12:21:14.231+0000] {dag.py:3823} INFO - Setting next_dagrun for jour6_variables_jinja to 2026-08-21 00:00:00+00:00, run_after=2026-08-22 00:00:00+00:00
[2026-08-21T12:21:14.296+0000] {processor.py:183} INFO - Processing /opt/airflow/dags/dag_variables_jinja.py took 0.645 seconds
[2026-08-21T12:21:45.054+0000] {processor.py:161} INFO - Started process (PID=5683) to work on /opt/airflow/dags/dag_variables_jinja.py
[2026-08-21T12:21:45.055+0000] {processor.py:830} INFO - Processing file /opt/airflow/dags/dag_variables_jinja.py for tasks to queue
[2026-08-21T12:21:45.058+0000] {logging_mixin.py:188} INFO - [2026-08-21T12:21:45.058+0000] {dagbag.py:538} INFO - Filling up the DagBag from /opt/airflow/dags/dag_variables_jinja.py
[2026-08-21T12:21:45.645+0000] {processor.py:840} INFO - DAG(s) 'jour6_variables_jinja' retrieved from /opt/airflow/dags/dag_variables_jinja.py
[2026-08-21T12:21:45.694+0000] {logging_mixin.py:188} INFO - [2026-08-21T12:21:45.693+0000] {dag.py:3036} INFO - Sync 1 DAGs
[2026-08-21T12:21:45.731+0000] {logging_mixin.py:188} INFO - [2026-08-21T12:21:45.731+0000] {dag.py:3823} INFO - Setting next_dagrun for jour6_variables_jinja to 2026-08-21 00:00:00+00:00, run_after=2026-08-22 00:00:00+00:00
[2026-08-21T12:21:45.802+0000] {processor.py:183} INFO - Processing /opt/airflow/dags/dag_variables_jinja.py took 0.752 seconds
[2026-08-21T12:22:16.493+0000] {processor.py:161} INFO - Started process (PID=5770) to work on /opt/airflow/dags/dag_variables_jinja.py
[2026-08-21T12:22:16.495+0000] {processor.py:830} INFO - Processing file /opt/airflow/dags/dag_variables_jinja.py for tasks to queue
[2026-08-21T12:22:16.499+0000] {logging_mixin.py:188} INFO - [2026-08-21T12:22:16.498+0000] {dagbag.py:538} INFO - Filling up the DagBag from /opt/airflow/dags/dag_variables_jinja.py
[2026-08-21T12:22:17.147+0000] {processor.py:840} INFO - DAG(s) 'jour6_variables_jinja' retrieved from /opt/airflow/dags/dag_variables_jinja.py
[2026-08-21T12:22:17.377+0000] {logging_mixin.py:188} INFO - [2026-08-21T12:22:17.377+0000] {dag.py:3036} INFO - Sync 1 DAGs
[2026-08-21T12:22:17.422+0000] {logging_mixin.py:188} INFO - [2026-08-21T12:22:17.421+0000] {dag.py:3823} INFO - Setting next_dagrun for jour6_variables_jinja to 2026-08-21 00:00:00+00:00, run_after=2026-08-22 00:00:00+00:00
[2026-08-21T12:22:17.535+0000] {processor.py:183} INFO - Processing /opt/airflow/dags/dag_variables_jinja.py took 1.046 seconds
[2026-08-21T12:22:47.819+0000] {processor.py:161} INFO - Started process (PID=5864) to work on /opt/airflow/dags/dag_variables_jinja.py
[2026-08-21T12:22:47.820+0000] {processor.py:830} INFO - Processing file /opt/airflow/dags/dag_variables_jinja.py for tasks to queue
[2026-08-21T12:22:47.824+0000] {logging_mixin.py:188} INFO - [2026-08-21T12:22:47.823+0000] {dagbag.py:538} INFO - Filling up the DagBag from /opt/airflow/dags/dag_variables_jinja.py
[2026-08-21T12:22:48.393+0000] {processor.py:840} INFO - DAG(s) 'jour6_variables_jinja' retrieved from /opt/airflow/dags/dag_variables_jinja.py
[2026-08-21T12:22:48.423+0000] {logging_mixin.py:188} INFO - [2026-08-21T12:22:48.423+0000] {dag.py:3036} INFO - Sync 1 DAGs
[2026-08-21T12:22:48.442+0000] {logging_mixin.py:188} INFO - [2026-08-21T12:22:48.442+0000] {dag.py:3823} INFO - Setting next_dagrun for jour6_variables_jinja to 2026-08-21 00:00:00+00:00, run_after=2026-08-22 00:00:00+00:00
[2026-08-21T12:22:48.497+0000] {processor.py:183} INFO - Processing /opt/airflow/dags/dag_variables_jinja.py took 0.682 seconds
[2026-08-21T12:23:19.487+0000] {processor.py:161} INFO - Started process (PID=5951) to work on /opt/airflow/dags/dag_variables_jinja.py
[2026-08-21T12:23:19.489+0000] {processor.py:830} INFO - Processing file /opt/airflow/dags/dag_variables_jinja.py for tasks to queue
[2026-08-21T12:23:19.492+0000] {logging_mixin.py:188} INFO - [2026-08-21T12:23:19.491+0000] {dagbag.py:538} INFO - Filling up the DagBag from /opt/airflow/dags/dag_variables_jinja.py
[2026-08-21T12:23:19.883+0000] {processor.py:840} INFO - DAG(s) 'jour6_variables_jinja' retrieved from /opt/airflow/dags/dag_variables_jinja.py
[2026-08-21T12:23:19.913+0000] {logging_mixin.py:188} INFO - [2026-08-21T12:23:19.912+0000] {dag.py:3036} INFO - Sync 1 DAGs
[2026-08-21T12:23:19.933+0000] {logging_mixin.py:188} INFO - [2026-08-21T12:23:19.932+0000] {dag.py:3823} INFO - Setting next_dagrun for jour6_variables_jinja to 2026-08-21 00:00:00+00:00, run_after=2026-08-22 00:00:00+00:00
[2026-08-21T12:23:19.983+0000] {processor.py:183} INFO - Processing /opt/airflow/dags/dag_variables_jinja.py took 0.499 seconds
[2026-08-21T12:23:50.079+0000] {processor.py:161} INFO - Started process (PID=6038) to work on /opt/airflow/dags/dag_variables_jinja.py
[2026-08-21T12:23:50.081+0000] {processor.py:830} INFO - Processing file /opt/airflow/dags/dag_variables_jinja.py for tasks to queue
[2026-08-21T12:23:50.084+0000] {logging_mixin.py:188} INFO - [2026-08-21T12:23:50.083+0000] {dagbag.py:538} INFO - Filling up the DagBag from /opt/airflow/dags/dag_variables_jinja.py
[2026-08-21T12:23:50.691+0000] {processor.py:840} INFO - DAG(s) 'jour6_variables_jinja' retrieved from /opt/airflow/dags/dag_variables_jinja.py
[2026-08-21T12:23:50.736+0000] {logging_mixin.py:188} INFO - [2026-08-21T12:23:50.736+0000] {dag.py:3036} INFO - Sync 1 DAGs
[2026-08-21T12:23:50.763+0000] {logging_mixin.py:188} INFO - [2026-08-21T12:23:50.763+0000] {dag.py:3823} INFO - Setting next_dagrun for jour6_variables_jinja to 2026-08-21 00:00:00+00:00, run_after=2026-08-22 00:00:00+00:00
[2026-08-21T12:23:50.857+0000] {processor.py:183} INFO - Processing /opt/airflow/dags/dag_variables_jinja.py took 0.781 seconds
[2026-08-21T12:24:21.588+0000] {processor.py:161} INFO - Started process (PID=6125) to work on /opt/airflow/dags/dag_variables_jinja.py
[2026-08-21T12:24:21.590+0000] {processor.py:830} INFO - Processing file /opt/airflow/dags/dag_variables_jinja.py for tasks to queue
[2026-08-21T12:24:21.593+0000] {logging_mixin.py:188} INFO - [2026-08-21T12:24:21.592+0000] {dagbag.py:538} INFO - Filling up the DagBag from /opt/airflow/dags/dag_variables_jinja.py
[2026-08-21T12:24:22.100+0000] {processor.py:840} INFO - DAG(s) 'jour6_variables_jinja' retrieved from /opt/airflow/dags/dag_variables_jinja.py
[2026-08-21T12:24:22.134+0000] {logging_mixin.py:188} INFO - [2026-08-21T12:24:22.133+0000] {dag.py:3036} INFO - Sync 1 DAGs
[2026-08-21T12:24:22.156+0000] {logging_mixin.py:188} INFO - [2026-08-21T12:24:22.156+0000] {dag.py:3823} INFO - Setting next_dagrun for jour6_variables_jinja to 2026-08-21 00:00:00+00:00, run_after=2026-08-22 00:00:00+00:00
[2026-08-21T12:24:22.239+0000] {processor.py:183} INFO - Processing /opt/airflow/dags/dag_variables_jinja.py took 0.654 seconds
[2026-08-21T12:24:52.387+0000] {processor.py:161} INFO - Started process (PID=6212) to work on /opt/airflow/dags/dag_variables_jinja.py
[2026-08-21T12:24:52.388+0000] {processor.py:830} INFO - Processing file /opt/airflow/dags/dag_variables_jinja.py for tasks to queue
[2026-08-21T12:24:52.390+0000] {logging_mixin.py:188} INFO - [2026-08-21T12:24:52.390+0000] {dagbag.py:538} INFO - Filling up the DagBag from /opt/airflow/dags/dag_variables_jinja.py
[2026-08-21T12:24:52.822+0000] {processor.py:840} INFO - DAG(s) 'jour6_variables_jinja' retrieved from /opt/airflow/dags/dag_variables_jinja.py
[2026-08-21T12:24:52.854+0000] {logging_mixin.py:188} INFO - [2026-08-21T12:24:52.854+0000] {dag.py:3036} INFO - Sync 1 DAGs
[2026-08-21T12:24:52.873+0000] {logging_mixin.py:188} INFO - [2026-08-21T12:24:52.873+0000] {dag.py:3823} INFO - Setting next_dagrun for jour6_variables_jinja to 2026-08-21 00:00:00+00:00, run_after=2026-08-22 00:00:00+00:00
[2026-08-21T12:24:53.031+0000] {processor.py:183} INFO - Processing /opt/airflow/dags/dag_variables_jinja.py took 0.647 seconds
[2026-08-21T12:25:23.397+0000] {processor.py:161} INFO - Started process (PID=6299) to work on /opt/airflow/dags/dag_variables_jinja.py
[2026-08-21T12:25:23.398+0000] {processor.py:830} INFO - Processing file /opt/airflow/dags/dag_variables_jinja.py for tasks to queue
[2026-08-21T12:25:23.401+0000] {logging_mixin.py:188} INFO - [2026-08-21T12:25:23.400+0000] {dagbag.py:538} INFO - Filling up the DagBag from /opt/airflow/dags/dag_variables_jinja.py
[2026-08-21T12:25:23.860+0000] {processor.py:840} INFO - DAG(s) 'jour6_variables_jinja' retrieved from /opt/airflow/dags/dag_variables_jinja.py
[2026-08-21T12:25:23.891+0000] {logging_mixin.py:188} INFO - [2026-08-21T12:25:23.891+0000] {dag.py:3036} INFO - Sync 1 DAGs
[2026-08-21T12:25:23.914+0000] {logging_mixin.py:188} INFO - [2026-08-21T12:25:23.914+0000] {dag.py:3823} INFO - Setting next_dagrun for jour6_variables_jinja to 2026-08-21 00:00:00+00:00, run_after=2026-08-22 00:00:00+00:00
[2026-08-21T12:25:23.936+0000] {processor.py:183} INFO - Processing /opt/airflow/dags/dag_variables_jinja.py took 0.544 seconds
[2026-08-21T12:25:54.816+0000] {processor.py:161} INFO - Started process (PID=6386) to work on /opt/airflow/dags/dag_variables_jinja.py
[2026-08-21T12:25:54.817+0000] {processor.py:830} INFO - Processing file /opt/airflow/dags/dag_variables_jinja.py for tasks to queue
[2026-08-21T12:25:54.820+0000] {logging_mixin.py:188} INFO - [2026-08-21T12:25:54.819+0000] {dagbag.py:538} INFO - Filling up the DagBag from /opt/airflow/dags/dag_variables_jinja.py
[2026-08-21T12:25:55.285+0000] {processor.py:840} INFO - DAG(s) 'jour6_variables_jinja' retrieved from /opt/airflow/dags/dag_variables_jinja.py
[2026-08-21T12:25:55.324+0000] {logging_mixin.py:188} INFO - [2026-08-21T12:25:55.323+0000] {dag.py:3036} INFO - Sync 1 DAGs
[2026-08-21T12:25:55.351+0000] {logging_mixin.py:188} INFO - [2026-08-21T12:25:55.351+0000] {dag.py:3823} INFO - Setting next_dagrun for jour6_variables_jinja to 2026-08-21 00:00:00+00:00, run_after=2026-08-22 00:00:00+00:00
[2026-08-21T12:25:55.379+0000] {processor.py:183} INFO - Processing /opt/airflow/dags/dag_variables_jinja.py took 0.569 seconds
[2026-08-21T12:26:26.292+0000] {processor.py:161} INFO - Started process (PID=6473) to work on /opt/airflow/dags/dag_variables_jinja.py
[2026-08-21T12:26:26.294+0000] {processor.py:830} INFO - Processing file /opt/airflow/dags/dag_variables_jinja.py for tasks to queue
[2026-08-21T12:26:26.297+0000] {logging_mixin.py:188} INFO - [2026-08-21T12:26:26.296+0000] {dagbag.py:538} INFO - Filling up the DagBag from /opt/airflow/dags/dag_variables_jinja.py
[2026-08-21T12:26:26.858+0000] {processor.py:840} INFO - DAG(s) 'jour6_variables_jinja' retrieved from /opt/airflow/dags/dag_variables_jinja.py
[2026-08-21T12:26:26.894+0000] {logging_mixin.py:188} INFO - [2026-08-21T12:26:26.894+0000] {dag.py:3036} INFO - Sync 1 DAGs
[2026-08-21T12:26:26.915+0000] {logging_mixin.py:188} INFO - [2026-08-21T12:26:26.914+0000] {dag.py:3823} INFO - Setting next_dagrun for jour6_variables_jinja to 2026-08-21 00:00:00+00:00, run_after=2026-08-22 00:00:00+00:00
[2026-08-21T12:26:26.939+0000] {processor.py:183} INFO - Processing /opt/airflow/dags/dag_variables_jinja.py took 0.652 seconds
[2026-08-21T12:26:57.924+0000] {processor.py:161} INFO - Started process (PID=6560) to work on /opt/airflow/dags/dag_variables_jinja.py
[2026-08-21T12:26:57.925+0000] {processor.py:830} INFO - Processing file /opt/airflow/dags/dag_variables_jinja.py for tasks to queue
[2026-08-21T12:26:57.928+0000] {logging_mixin.py:188} INFO - [2026-08-21T12:26:57.927+0000] {dagbag.py:538} INFO - Filling up the DagBag from /opt/airflow/dags/dag_variables_jinja.py
[2026-08-21T12:26:58.207+0000] {processor.py:840} INFO - DAG(s) 'jour6_variables_jinja' retrieved from /opt/airflow/dags/dag_variables_jinja.py
[2026-08-21T12:26:58.248+0000] {logging_mixin.py:188} INFO - [2026-08-21T12:26:58.247+0000] {dag.py:3036} INFO - Sync 1 DAGs
[2026-08-21T12:26:58.280+0000] {logging_mixin.py:188} INFO - [2026-08-21T12:26:58.280+0000] {dag.py:3823} INFO - Setting next_dagrun for jour6_variables_jinja to 2026-08-21 00:00:00+00:00, run_after=2026-08-22 00:00:00+00:00
[2026-08-21T12:26:58.305+0000] {processor.py:183} INFO - Processing /opt/airflow/dags/dag_variables_jinja.py took 0.384 seconds
[2026-08-21T12:27:28.726+0000] {processor.py:161} INFO - Started process (PID=6651) to work on /opt/airflow/dags/dag_variables_jinja.py
[2026-08-21T12:27:28.727+0000] {processor.py:830} INFO - Processing file /opt/airflow/dags/dag_variables_jinja.py for tasks to queue
[2026-08-21T12:27:28.730+0000] {logging_mixin.py:188} INFO - [2026-08-21T12:27:28.730+0000] {dagbag.py:538} INFO - Filling up the DagBag from /opt/airflow/dags/dag_variables_jinja.py
[2026-08-21T12:27:29.013+0000] {processor.py:840} INFO - DAG(s) 'jour6_variables_jinja' retrieved from /opt/airflow/dags/dag_variables_jinja.py
[2026-08-21T12:27:29.049+0000] {logging_mixin.py:188} INFO - [2026-08-21T12:27:29.049+0000] {dag.py:3036} INFO - Sync 1 DAGs
[2026-08-21T12:27:29.076+0000] {logging_mixin.py:188} INFO - [2026-08-21T12:27:29.076+0000] {dag.py:3823} INFO - Setting next_dagrun for jour6_variables_jinja to 2026-08-21 00:00:00+00:00, run_after=2026-08-22 00:00:00+00:00
[2026-08-21T12:27:29.099+0000] {processor.py:183} INFO - Processing /opt/airflow/dags/dag_variables_jinja.py took 0.377 seconds
[2026-08-21T12:27:59.256+0000] {processor.py:161} INFO - Started process (PID=6738) to work on /opt/airflow/dags/dag_variables_jinja.py
[2026-08-21T12:27:59.257+0000] {processor.py:830} INFO - Processing file /opt/airflow/dags/dag_variables_jinja.py for tasks to queue
[2026-08-21T12:27:59.259+0000] {logging_mixin.py:188} INFO - [2026-08-21T12:27:59.259+0000] {dagbag.py:538} INFO - Filling up the DagBag from /opt/airflow/dags/dag_variables_jinja.py
[2026-08-21T12:27:59.618+0000] {processor.py:840} INFO - DAG(s) 'jour6_variables_jinja' retrieved from /opt/airflow/dags/dag_variables_jinja.py
[2026-08-21T12:27:59.662+0000] {logging_mixin.py:188} INFO - [2026-08-21T12:27:59.661+0000] {dag.py:3036} INFO - Sync 1 DAGs
[2026-08-21T12:27:59.692+0000] {logging_mixin.py:188} INFO - [2026-08-21T12:27:59.692+0000] {dag.py:3823} INFO - Setting next_dagrun for jour6_variables_jinja to 2026-08-21 00:00:00+00:00, run_after=2026-08-22 00:00:00+00:00
[2026-08-21T12:27:59.722+0000] {processor.py:183} INFO - Processing /opt/airflow/dags/dag_variables_jinja.py took 0.473 seconds
[2026-08-21T12:28:29.791+0000] {processor.py:161} INFO - Started process (PID=6824) to work on /opt/airflow/dags/dag_variables_jinja.py
[2026-08-21T12:28:29.793+0000] {processor.py:830} INFO - Processing file /opt/airflow/dags/dag_variables_jinja.py for tasks to queue
[2026-08-21T12:28:29.796+0000] {logging_mixin.py:188} INFO - [2026-08-21T12:28:29.796+0000] {dagbag.py:538} INFO - Filling up the DagBag from /opt/airflow/dags/dag_variables_jinja.py
[2026-08-21T12:28:30.056+0000] {processor.py:840} INFO - DAG(s) 'jour6_variables_jinja' retrieved from /opt/airflow/dags/dag_variables_jinja.py
[2026-08-21T12:28:30.088+0000] {logging_mixin.py:188} INFO - [2026-08-21T12:28:30.088+0000] {dag.py:3036} INFO - Sync 1 DAGs
[2026-08-21T12:28:30.109+0000] {logging_mixin.py:188} INFO - [2026-08-21T12:28:30.108+0000] {dag.py:3823} INFO - Setting next_dagrun for jour6_variables_jinja to 2026-08-21 00:00:00+00:00, run_after=2026-08-22 00:00:00+00:00
[2026-08-21T12:28:30.128+0000] {processor.py:183} INFO - Processing /opt/airflow/dags/dag_variables_jinja.py took 0.341 seconds
[2026-08-21T12:29:00.264+0000] {processor.py:161} INFO - Started process (PID=6912) to work on /opt/airflow/dags/dag_variables_jinja.py
[2026-08-21T12:29:00.266+0000] {processor.py:830} INFO - Processing file /opt/airflow/dags/dag_variables_jinja.py for tasks to queue
[2026-08-21T12:29:00.271+0000] {logging_mixin.py:188} INFO - [2026-08-21T12:29:00.270+0000] {dagbag.py:538} INFO - Filling up the DagBag from /opt/airflow/dags/dag_variables_jinja.py
[2026-08-21T12:29:00.533+0000] {processor.py:840} INFO - DAG(s) 'jour6_variables_jinja' retrieved from /opt/airflow/dags/dag_variables_jinja.py
[2026-08-21T12:29:00.564+0000] {logging_mixin.py:188} INFO - [2026-08-21T12:29:00.564+0000] {dag.py:3036} INFO - Sync 1 DAGs
[2026-08-21T12:29:00.585+0000] {logging_mixin.py:188} INFO - [2026-08-21T12:29:00.584+0000] {dag.py:3823} INFO - Setting next_dagrun for jour6_variables_jinja to 2026-08-21 00:00:00+00:00, run_after=2026-08-22 00:00:00+00:00
[2026-08-21T12:29:00.607+0000] {processor.py:183} INFO - Processing /opt/airflow/dags/dag_variables_jinja.py took 0.348 seconds
[2026-08-21T12:29:30.763+0000] {processor.py:161} INFO - Started process (PID=6999) to work on /opt/airflow/dags/dag_variables_jinja.py
[2026-08-21T12:29:30.765+0000] {processor.py:830} INFO - Processing file /opt/airflow/dags/dag_variables_jinja.py for tasks to queue
[2026-08-21T12:29:30.767+0000] {logging_mixin.py:188} INFO - [2026-08-21T12:29:30.767+0000] {dagbag.py:538} INFO - Filling up the DagBag from /opt/airflow/dags/dag_variables_jinja.py
[2026-08-21T12:29:31.045+0000] {processor.py:840} INFO - DAG(s) 'jour6_variables_jinja' retrieved from /opt/airflow/dags/dag_variables_jinja.py
[2026-08-21T12:29:31.078+0000] {logging_mixin.py:188} INFO - [2026-08-21T12:29:31.078+0000] {dag.py:3036} INFO - Sync 1 DAGs
[2026-08-21T12:29:31.099+0000] {logging_mixin.py:188} INFO - [2026-08-21T12:29:31.099+0000] {dag.py:3823} INFO - Setting next_dagrun for jour6_variables_jinja to 2026-08-21 00:00:00+00:00, run_after=2026-08-22 00:00:00+00:00
[2026-08-21T12:29:31.120+0000] {processor.py:183} INFO - Processing /opt/airflow/dags/dag_variables_jinja.py took 0.361 seconds
[2026-08-21T12:30:01.613+0000] {processor.py:161} INFO - Started process (PID=7086) to work on /opt/airflow/dags/dag_variables_jinja.py
[2026-08-21T12:30:01.614+0000] {processor.py:830} INFO - Processing file /opt/airflow/dags/dag_variables_jinja.py for tasks to queue
[2026-08-21T12:30:01.617+0000] {logging_mixin.py:188} INFO - [2026-08-21T12:30:01.616+0000] {dagbag.py:538} INFO - Filling up the DagBag from /opt/airflow/dags/dag_variables_jinja.py
[2026-08-21T12:30:01.897+0000] {processor.py:840} INFO - DAG(s) 'jour6_variables_jinja' retrieved from /opt/airflow/dags/dag_variables_jinja.py
[2026-08-21T12:30:01.932+0000] {logging_mixin.py:188} INFO - [2026-08-21T12:30:01.932+0000] {dag.py:3036} INFO - Sync 1 DAGs
[2026-08-21T12:30:01.956+0000] {logging_mixin.py:188} INFO - [2026-08-21T12:30:01.956+0000] {dag.py:3823} INFO - Setting next_dagrun for jour6_variables_jinja to 2026-08-21 00:00:00+00:00, run_after=2026-08-22 00:00:00+00:00
[2026-08-21T12:30:01.978+0000] {processor.py:183} INFO - Processing /opt/airflow/dags/dag_variables_jinja.py took 0.369 seconds
[2026-08-21T12:30:33.009+0000] {processor.py:161} INFO - Started process (PID=7173) to work on /opt/airflow/dags/dag_variables_jinja.py
[2026-08-21T12:30:33.010+0000] {processor.py:830} INFO - Processing file /opt/airflow/dags/dag_variables_jinja.py for tasks to queue
[2026-08-21T12:30:33.013+0000] {logging_mixin.py:188} INFO - [2026-08-21T12:30:33.012+0000] {dagbag.py:538} INFO - Filling up the DagBag from /opt/airflow/dags/dag_variables_jinja.py
[2026-08-21T12:30:33.293+0000] {processor.py:840} INFO - DAG(s) 'jour6_variables_jinja' retrieved from /opt/airflow/dags/dag_variables_jinja.py
[2026-08-21T12:30:33.325+0000] {logging_mixin.py:188} INFO - [2026-08-21T12:30:33.325+0000] {dag.py:3036} INFO - Sync 1 DAGs
[2026-08-21T12:30:33.347+0000] {logging_mixin.py:188} INFO - [2026-08-21T12:30:33.347+0000] {dag.py:3823} INFO - Setting next_dagrun for jour6_variables_jinja to 2026-08-21 00:00:00+00:00, run_after=2026-08-22 00:00:00+00:00
[2026-08-21T12:30:33.368+0000] {processor.py:183} INFO - Processing /opt/airflow/dags/dag_variables_jinja.py took 0.363 seconds
[2026-08-21T12:31:03.575+0000] {processor.py:161} INFO - Started process (PID=7261) to work on /opt/airflow/dags/dag_variables_jinja.py
[2026-08-21T12:31:03.577+0000] {processor.py:830} INFO - Processing file /opt/airflow/dags/dag_variables_jinja.py for tasks to queue
[2026-08-21T12:31:03.580+0000] {logging_mixin.py:188} INFO - [2026-08-21T12:31:03.579+0000] {dagbag.py:538} INFO - Filling up the DagBag from /opt/airflow/dags/dag_variables_jinja.py
[2026-08-21T12:31:03.852+0000] {processor.py:840} INFO - DAG(s) 'jour6_variables_jinja' retrieved from /opt/airflow/dags/dag_variables_jinja.py
[2026-08-21T12:31:03.888+0000] {logging_mixin.py:188} INFO - [2026-08-21T12:31:03.888+0000] {dag.py:3036} INFO - Sync 1 DAGs
[2026-08-21T12:31:03.913+0000] {logging_mixin.py:188} INFO - [2026-08-21T12:31:03.913+0000] {dag.py:3823} INFO - Setting next_dagrun for jour6_variables_jinja to 2026-08-21 00:00:00+00:00, run_after=2026-08-22 00:00:00+00:00
[2026-08-21T12:31:03.935+0000] {processor.py:183} INFO - Processing /opt/airflow/dags/dag_variables_jinja.py took 0.363 seconds
[2026-08-21T12:31:34.214+0000] {processor.py:161} INFO - Started process (PID=7348) to work on /opt/airflow/dags/dag_variables_jinja.py
[2026-08-21T12:31:34.216+0000] {processor.py:830} INFO - Processing file /opt/airflow/dags/dag_variables_jinja.py for tasks to queue
[2026-08-21T12:31:34.220+0000] {logging_mixin.py:188} INFO - [2026-08-21T12:31:34.219+0000] {dagbag.py:538} INFO - Filling up the DagBag from /opt/airflow/dags/dag_variables_jinja.py
[2026-08-21T12:31:34.515+0000] {processor.py:840} INFO - DAG(s) 'jour6_variables_jinja' retrieved from /opt/airflow/dags/dag_variables_jinja.py
[2026-08-21T12:31:34.550+0000] {logging_mixin.py:188} INFO - [2026-08-21T12:31:34.550+0000] {dag.py:3036} INFO - Sync 1 DAGs
[2026-08-21T12:31:34.733+0000] {logging_mixin.py:188} INFO - [2026-08-21T12:31:34.732+0000] {dag.py:3823} INFO - Setting next_dagrun for jour6_variables_jinja to 2026-08-21 00:00:00+00:00, run_after=2026-08-22 00:00:00+00:00
[2026-08-21T12:31:34.764+0000] {processor.py:183} INFO - Processing /opt/airflow/dags/dag_variables_jinja.py took 0.555 seconds
[2026-08-21T12:32:04.868+0000] {processor.py:161} INFO - Started process (PID=7435) to work on /opt/airflow/dags/dag_variables_jinja.py
[2026-08-21T12:32:04.870+0000] {processor.py:830} INFO - Processing file /opt/airflow/dags/dag_variables_jinja.py for tasks to queue
[2026-08-21T12:32:04.873+0000] {logging_mixin.py:188} INFO - [2026-08-21T12:32:04.872+0000] {dagbag.py:538} INFO - Filling up the DagBag from /opt/airflow/dags/dag_variables_jinja.py
[2026-08-21T12:32:05.248+0000] {processor.py:840} INFO - DAG(s) 'jour6_variables_jinja' retrieved from /opt/airflow/dags/dag_variables_jinja.py
[2026-08-21T12:32:05.515+0000] {logging_mixin.py:188} INFO - [2026-08-21T12:32:05.515+0000] {dag.py:3036} INFO - Sync 1 DAGs
[2026-08-21T12:32:05.589+0000] {logging_mixin.py:188} INFO - [2026-08-21T12:32:05.589+0000] {dag.py:3823} INFO - Setting next_dagrun for jour6_variables_jinja to 2026-08-21 00:00:00+00:00, run_after=2026-08-22 00:00:00+00:00
