[2026-08-21T11:42:21.172+0000] {processor.py:161} INFO - Started process (PID=74) to work on /opt/airflow/dags/dag_monitoring.py
[2026-08-21T11:42:21.175+0000] {processor.py:830} INFO - Processing file /opt/airflow/dags/dag_monitoring.py for tasks to queue
[2026-08-21T11:42:21.182+0000] {logging_mixin.py:188} INFO - [2026-08-21T11:42:21.181+0000] {dagbag.py:538} INFO - Filling up the DagBag from /opt/airflow/dags/dag_monitoring.py
[2026-08-21T11:42:22.546+0000] {processor.py:840} INFO - DAG(s) 'jour8_monitoring' retrieved from /opt/airflow/dags/dag_monitoring.py
[2026-08-21T11:42:23.013+0000] {logging_mixin.py:188} INFO - [2026-08-21T11:42:23.012+0000] {dag.py:3036} INFO - Sync 1 DAGs
[2026-08-21T11:42:23.055+0000] {logging_mixin.py:188} INFO - [2026-08-21T11:42:23.054+0000] {dag.py:3823} INFO - Setting next_dagrun for jour8_monitoring to 2026-08-20 00:00:00+00:00, run_after=2026-08-21 00:00:00+00:00
[2026-08-21T11:42:23.104+0000] {processor.py:183} INFO - Processing /opt/airflow/dags/dag_monitoring.py took 1.946 seconds
[2026-08-21T11:43:09.484+0000] {processor.py:161} INFO - Started process (PID=56) to work on /opt/airflow/dags/dag_monitoring.py
[2026-08-21T11:43:09.496+0000] {processor.py:830} INFO - Processing file /opt/airflow/dags/dag_monitoring.py for tasks to queue
[2026-08-21T11:43:09.501+0000] {logging_mixin.py:188} INFO - [2026-08-21T11:43:09.499+0000] {dagbag.py:538} INFO - Filling up the DagBag from /opt/airflow/dags/dag_monitoring.py
[2026-08-21T11:43:10.372+0000] {processor.py:840} INFO - DAG(s) 'jour8_monitoring' retrieved from /opt/airflow/dags/dag_monitoring.py
[2026-08-21T11:43:10.381+0000] {logging_mixin.py:188} INFO - [2026-08-21T11:43:10.378+0000] {dagbag.py:538} INFO - Filling up the DagBag from /opt/airflow/dags/dag_monitoring.py
[2026-08-21T11:43:10.500+0000] {logging_mixin.py:188} INFO - [2026-08-21T11:43:10.498+0000] {processor.py:431} INFO - Running SLA Checks for jour8_monitoring
[2026-08-21T11:43:11.125+0000] {logging_mixin.py:188} INFO - [2026-08-21T11:43:11.124+0000] {processor.py:529} INFO - Calling SLA miss callback <function sla_miss_callback at 0x7f3c3b3bd430>
[2026-08-21T11:43:11.138+0000] {logging_mixin.py:188} INFO - [2026-08-21T11:43:11.128+0000] {processor.py:541} ERROR - Could not call sla_miss_callback(sla_miss_callback) for DAG jour8_monitoring
Traceback (most recent call last):
  File "/home/airflow/.local/lib/python3.8/site-packages/airflow/dag_processing/processor.py", line 531, in manage_slas
    callback(dag, task_list, blocking_task_list, slas, blocking_tis)
  File "/opt/airflow/dags/dag_monitoring.py", line 75, in sla_miss_callback
    msg = (f"[SLA DÉPASSÉ] DAG: {dag.dag_id} | "
AttributeError: 'SlaMiss' object has no attribute 'sla'
[2026-08-21T11:43:11.248+0000] {logging_mixin.py:188} INFO - [2026-08-21T11:43:11.247+0000] {dag.py:3036} INFO - Sync 1 DAGs
[2026-08-21T11:43:11.285+0000] {logging_mixin.py:188} INFO - [2026-08-21T11:43:11.284+0000] {dag.py:3823} INFO - Setting next_dagrun for jour8_monitoring to 2026-08-21 00:00:00+00:00, run_after=2026-08-22 00:00:00+00:00
[2026-08-21T11:43:11.325+0000] {processor.py:183} INFO - Processing /opt/airflow/dags/dag_monitoring.py took 1.849 seconds
[2026-08-21T11:43:22.018+0000] {processor.py:161} INFO - Started process (PID=106) to work on /opt/airflow/dags/dag_monitoring.py
[2026-08-21T11:43:22.020+0000] {processor.py:830} INFO - Processing file /opt/airflow/dags/dag_monitoring.py for tasks to queue
[2026-08-21T11:43:22.024+0000] {logging_mixin.py:188} INFO - [2026-08-21T11:43:22.023+0000] {dagbag.py:538} INFO - Filling up the DagBag from /opt/airflow/dags/dag_monitoring.py
[2026-08-21T11:43:22.713+0000] {processor.py:840} INFO - DAG(s) 'jour8_monitoring' retrieved from /opt/airflow/dags/dag_monitoring.py
[2026-08-21T11:43:22.715+0000] {logging_mixin.py:188} INFO - [2026-08-21T11:43:22.715+0000] {dagbag.py:538} INFO - Filling up the DagBag from /opt/airflow/dags/dag_monitoring.py
[2026-08-21T11:43:22.749+0000] {logging_mixin.py:188} INFO - [2026-08-21T11:43:22.749+0000] {processor.py:431} INFO - Running SLA Checks for jour8_monitoring
[2026-08-21T11:43:22.796+0000] {logging_mixin.py:188} INFO - [2026-08-21T11:43:22.795+0000] {processor.py:529} INFO - Calling SLA miss callback <function sla_miss_callback at 0x7f3c2436f700>
[2026-08-21T11:43:22.802+0000] {logging_mixin.py:188} INFO - [2026-08-21T11:43:22.797+0000] {processor.py:541} ERROR - Could not call sla_miss_callback(sla_miss_callback) for DAG jour8_monitoring
Traceback (most recent call last):
  File "/home/airflow/.local/lib/python3.8/site-packages/airflow/dag_processing/processor.py", line 531, in manage_slas
    callback(dag, task_list, blocking_task_list, slas, blocking_tis)
  File "/opt/airflow/dags/dag_monitoring.py", line 75, in sla_miss_callback
    msg = (f"[SLA DÉPASSÉ] DAG: {dag.dag_id} | "
AttributeError: 'SlaMiss' object has no attribute 'sla'
[2026-08-21T11:43:22.835+0000] {logging_mixin.py:188} INFO - [2026-08-21T11:43:22.834+0000] {dag.py:1508} INFO - Executing dag callback function: <function on_success_callback at 0x7f3c243c79d0>
[2026-08-21T11:43:22.836+0000] {logging_mixin.py:188} INFO - [SUCCÈS] jour8_monitoring terminé en 59s pour 2026-08-20
[2026-08-21T11:43:22.918+0000] {logging_mixin.py:188} INFO - [2026-08-21T11:43:22.917+0000] {dag.py:3036} INFO - Sync 1 DAGs
[2026-08-21T11:43:22.942+0000] {logging_mixin.py:188} INFO - [2026-08-21T11:43:22.941+0000] {dag.py:3823} INFO - Setting next_dagrun for jour8_monitoring to 2026-08-21 00:00:00+00:00, run_after=2026-08-22 00:00:00+00:00
[2026-08-21T11:43:22.976+0000] {processor.py:183} INFO - Processing /opt/airflow/dags/dag_monitoring.py took 0.966 seconds
[2026-08-21T11:43:53.214+0000] {processor.py:161} INFO - Started process (PID=201) to work on /opt/airflow/dags/dag_monitoring.py
[2026-08-21T11:43:53.218+0000] {processor.py:830} INFO - Processing file /opt/airflow/dags/dag_monitoring.py for tasks to queue
[2026-08-21T11:43:53.221+0000] {logging_mixin.py:188} INFO - [2026-08-21T11:43:53.220+0000] {dagbag.py:538} INFO - Filling up the DagBag from /opt/airflow/dags/dag_monitoring.py
[2026-08-21T11:43:53.936+0000] {processor.py:840} INFO - DAG(s) 'jour8_monitoring' retrieved from /opt/airflow/dags/dag_monitoring.py
[2026-08-21T11:43:54.018+0000] {logging_mixin.py:188} INFO - [2026-08-21T11:43:54.017+0000] {dag.py:3036} INFO - Sync 1 DAGs
[2026-08-21T11:43:54.067+0000] {logging_mixin.py:188} INFO - [2026-08-21T11:43:54.067+0000] {dag.py:3823} INFO - Setting next_dagrun for jour8_monitoring to 2026-08-21 00:00:00+00:00, run_after=2026-08-22 00:00:00+00:00
[2026-08-21T11:43:54.103+0000] {processor.py:183} INFO - Processing /opt/airflow/dags/dag_monitoring.py took 0.894 seconds
[2026-08-21T11:44:25.121+0000] {processor.py:161} INFO - Started process (PID=289) to work on /opt/airflow/dags/dag_monitoring.py
[2026-08-21T11:44:25.122+0000] {processor.py:830} INFO - Processing file /opt/airflow/dags/dag_monitoring.py for tasks to queue
[2026-08-21T11:44:25.124+0000] {logging_mixin.py:188} INFO - [2026-08-21T11:44:25.124+0000] {dagbag.py:538} INFO - Filling up the DagBag from /opt/airflow/dags/dag_monitoring.py
[2026-08-21T11:44:25.618+0000] {processor.py:840} INFO - DAG(s) 'jour8_monitoring' retrieved from /opt/airflow/dags/dag_monitoring.py
[2026-08-21T11:44:25.731+0000] {logging_mixin.py:188} INFO - [2026-08-21T11:44:25.731+0000] {dag.py:3036} INFO - Sync 1 DAGs
[2026-08-21T11:44:25.758+0000] {logging_mixin.py:188} INFO - [2026-08-21T11:44:25.757+0000] {dag.py:3823} INFO - Setting next_dagrun for jour8_monitoring to 2026-08-21 00:00:00+00:00, run_after=2026-08-22 00:00:00+00:00
[2026-08-21T11:44:25.783+0000] {processor.py:183} INFO - Processing /opt/airflow/dags/dag_monitoring.py took 0.666 seconds
[2026-08-21T11:44:56.469+0000] {processor.py:161} INFO - Started process (PID=368) to work on /opt/airflow/dags/dag_monitoring.py
[2026-08-21T11:44:56.471+0000] {processor.py:830} INFO - Processing file /opt/airflow/dags/dag_monitoring.py for tasks to queue
[2026-08-21T11:44:56.473+0000] {logging_mixin.py:188} INFO - [2026-08-21T11:44:56.472+0000] {dagbag.py:538} INFO - Filling up the DagBag from /opt/airflow/dags/dag_monitoring.py
[2026-08-21T11:44:56.875+0000] {processor.py:840} INFO - DAG(s) 'jour8_monitoring' retrieved from /opt/airflow/dags/dag_monitoring.py
[2026-08-21T11:44:56.972+0000] {logging_mixin.py:188} INFO - [2026-08-21T11:44:56.972+0000] {dag.py:3036} INFO - Sync 1 DAGs
[2026-08-21T11:44:57.097+0000] {logging_mixin.py:188} INFO - [2026-08-21T11:44:57.096+0000] {dag.py:3823} INFO - Setting next_dagrun for jour8_monitoring to 2026-08-21 00:00:00+00:00, run_after=2026-08-22 00:00:00+00:00
[2026-08-21T11:44:57.192+0000] {processor.py:183} INFO - Processing /opt/airflow/dags/dag_monitoring.py took 0.726 seconds
[2026-08-21T11:45:27.830+0000] {processor.py:161} INFO - Started process (PID=467) to work on /opt/airflow/dags/dag_monitoring.py
[2026-08-21T11:45:27.832+0000] {processor.py:830} INFO - Processing file /opt/airflow/dags/dag_monitoring.py for tasks to queue
[2026-08-21T11:45:27.837+0000] {logging_mixin.py:188} INFO - [2026-08-21T11:45:27.837+0000] {dagbag.py:538} INFO - Filling up the DagBag from /opt/airflow/dags/dag_monitoring.py
[2026-08-21T11:45:28.250+0000] {processor.py:840} INFO - DAG(s) 'jour8_monitoring' retrieved from /opt/airflow/dags/dag_monitoring.py
[2026-08-21T11:45:28.291+0000] {logging_mixin.py:188} INFO - [2026-08-21T11:45:28.291+0000] {dag.py:3036} INFO - Sync 1 DAGs
[2026-08-21T11:45:28.314+0000] {logging_mixin.py:188} INFO - [2026-08-21T11:45:28.314+0000] {dag.py:3823} INFO - Setting next_dagrun for jour8_monitoring to 2026-08-21 00:00:00+00:00, run_after=2026-08-22 00:00:00+00:00
[2026-08-21T11:45:28.760+0000] {processor.py:183} INFO - Processing /opt/airflow/dags/dag_monitoring.py took 0.934 seconds
[2026-08-21T11:45:59.645+0000] {processor.py:161} INFO - Started process (PID=553) to work on /opt/airflow/dags/dag_monitoring.py
[2026-08-21T11:45:59.646+0000] {processor.py:830} INFO - Processing file /opt/airflow/dags/dag_monitoring.py for tasks to queue
[2026-08-21T11:45:59.649+0000] {logging_mixin.py:188} INFO - [2026-08-21T11:45:59.648+0000] {dagbag.py:538} INFO - Filling up the DagBag from /opt/airflow/dags/dag_monitoring.py
[2026-08-21T11:46:00.165+0000] {processor.py:840} INFO - DAG(s) 'jour8_monitoring' retrieved from /opt/airflow/dags/dag_monitoring.py
[2026-08-21T11:46:00.286+0000] {logging_mixin.py:188} INFO - [2026-08-21T11:46:00.285+0000] {dag.py:3036} INFO - Sync 1 DAGs
[2026-08-21T11:46:00.307+0000] {logging_mixin.py:188} INFO - [2026-08-21T11:46:00.306+0000] {dag.py:3823} INFO - Setting next_dagrun for jour8_monitoring to 2026-08-21 00:00:00+00:00, run_after=2026-08-22 00:00:00+00:00
[2026-08-21T11:46:00.402+0000] {processor.py:183} INFO - Processing /opt/airflow/dags/dag_monitoring.py took 0.761 seconds
[2026-08-21T11:46:31.202+0000] {processor.py:161} INFO - Started process (PID=644) to work on /opt/airflow/dags/dag_monitoring.py
[2026-08-21T11:46:31.205+0000] {processor.py:830} INFO - Processing file /opt/airflow/dags/dag_monitoring.py for tasks to queue
[2026-08-21T11:46:31.207+0000] {logging_mixin.py:188} INFO - [2026-08-21T11:46:31.207+0000] {dagbag.py:538} INFO - Filling up the DagBag from /opt/airflow/dags/dag_monitoring.py
[2026-08-21T11:46:31.747+0000] {processor.py:840} INFO - DAG(s) 'jour8_monitoring' retrieved from /opt/airflow/dags/dag_monitoring.py
[2026-08-21T11:46:31.896+0000] {logging_mixin.py:188} INFO - [2026-08-21T11:46:31.895+0000] {dag.py:3036} INFO - Sync 1 DAGs
[2026-08-21T11:46:32.038+0000] {logging_mixin.py:188} INFO - [2026-08-21T11:46:32.038+0000] {dag.py:3823} INFO - Setting next_dagrun for jour8_monitoring to 2026-08-21 00:00:00+00:00, run_after=2026-08-22 00:00:00+00:00
[2026-08-21T11:46:32.172+0000] {processor.py:183} INFO - Processing /opt/airflow/dags/dag_monitoring.py took 0.974 seconds
[2026-08-21T11:47:02.732+0000] {processor.py:161} INFO - Started process (PID=729) to work on /opt/airflow/dags/dag_monitoring.py
[2026-08-21T11:47:02.733+0000] {processor.py:830} INFO - Processing file /opt/airflow/dags/dag_monitoring.py for tasks to queue
[2026-08-21T11:47:02.736+0000] {logging_mixin.py:188} INFO - [2026-08-21T11:47:02.736+0000] {dagbag.py:538} INFO - Filling up the DagBag from /opt/airflow/dags/dag_monitoring.py
[2026-08-21T11:47:03.190+0000] {processor.py:840} INFO - DAG(s) 'jour8_monitoring' retrieved from /opt/airflow/dags/dag_monitoring.py
[2026-08-21T11:47:03.244+0000] {logging_mixin.py:188} INFO - [2026-08-21T11:47:03.244+0000] {dag.py:3036} INFO - Sync 1 DAGs
[2026-08-21T11:47:03.268+0000] {logging_mixin.py:188} INFO - [2026-08-21T11:47:03.267+0000] {dag.py:3823} INFO - Setting next_dagrun for jour8_monitoring to 2026-08-21 00:00:00+00:00, run_after=2026-08-22 00:00:00+00:00
[2026-08-21T11:47:03.350+0000] {processor.py:183} INFO - Processing /opt/airflow/dags/dag_monitoring.py took 0.623 seconds
[2026-08-21T11:47:33.675+0000] {processor.py:161} INFO - Started process (PID=815) to work on /opt/airflow/dags/dag_monitoring.py
[2026-08-21T11:47:33.676+0000] {processor.py:830} INFO - Processing file /opt/airflow/dags/dag_monitoring.py for tasks to queue
[2026-08-21T11:47:33.678+0000] {logging_mixin.py:188} INFO - [2026-08-21T11:47:33.678+0000] {dagbag.py:538} INFO - Filling up the DagBag from /opt/airflow/dags/dag_monitoring.py
[2026-08-21T11:47:34.114+0000] {processor.py:840} INFO - DAG(s) 'jour8_monitoring' retrieved from /opt/airflow/dags/dag_monitoring.py
[2026-08-21T11:47:34.160+0000] {logging_mixin.py:188} INFO - [2026-08-21T11:47:34.159+0000] {dag.py:3036} INFO - Sync 1 DAGs
[2026-08-21T11:47:34.180+0000] {logging_mixin.py:188} INFO - [2026-08-21T11:47:34.180+0000] {dag.py:3823} INFO - Setting next_dagrun for jour8_monitoring to 2026-08-21 00:00:00+00:00, run_after=2026-08-22 00:00:00+00:00
[2026-08-21T11:47:34.256+0000] {processor.py:183} INFO - Processing /opt/airflow/dags/dag_monitoring.py took 0.586 seconds
[2026-08-21T11:48:04.553+0000] {processor.py:161} INFO - Started process (PID=902) to work on /opt/airflow/dags/dag_monitoring.py
[2026-08-21T11:48:04.554+0000] {processor.py:830} INFO - Processing file /opt/airflow/dags/dag_monitoring.py for tasks to queue
[2026-08-21T11:48:04.556+0000] {logging_mixin.py:188} INFO - [2026-08-21T11:48:04.556+0000] {dagbag.py:538} INFO - Filling up the DagBag from /opt/airflow/dags/dag_monitoring.py
[2026-08-21T11:48:04.803+0000] {processor.py:840} INFO - DAG(s) 'jour8_monitoring' retrieved from /opt/airflow/dags/dag_monitoring.py
[2026-08-21T11:48:04.847+0000] {logging_mixin.py:188} INFO - [2026-08-21T11:48:04.847+0000] {dag.py:3036} INFO - Sync 1 DAGs
[2026-08-21T11:48:04.871+0000] {logging_mixin.py:188} INFO - [2026-08-21T11:48:04.871+0000] {dag.py:3823} INFO - Setting next_dagrun for jour8_monitoring to 2026-08-21 00:00:00+00:00, run_after=2026-08-22 00:00:00+00:00
[2026-08-21T11:48:04.940+0000] {processor.py:183} INFO - Processing /opt/airflow/dags/dag_monitoring.py took 0.390 seconds
[2026-08-21T11:48:40.666+0000] {processor.py:161} INFO - Started process (PID=45) to work on /opt/airflow/dags/dag_monitoring.py
[2026-08-21T11:48:40.669+0000] {processor.py:830} INFO - Processing file /opt/airflow/dags/dag_monitoring.py for tasks to queue
[2026-08-21T11:48:40.671+0000] {logging_mixin.py:188} INFO - [2026-08-21T11:48:40.671+0000] {dagbag.py:538} INFO - Filling up the DagBag from /opt/airflow/dags/dag_monitoring.py
[2026-08-21T11:48:41.078+0000] {processor.py:840} INFO - DAG(s) 'jour8_monitoring' retrieved from /opt/airflow/dags/dag_monitoring.py
[2026-08-21T11:48:41.128+0000] {logging_mixin.py:188} INFO - [2026-08-21T11:48:41.128+0000] {dag.py:3036} INFO - Sync 1 DAGs
[2026-08-21T11:48:41.148+0000] {logging_mixin.py:188} INFO - [2026-08-21T11:48:41.148+0000] {dag.py:3823} INFO - Setting next_dagrun for jour8_monitoring to 2026-08-21 00:00:00+00:00, run_after=2026-08-22 00:00:00+00:00
[2026-08-21T11:48:41.208+0000] {processor.py:183} INFO - Processing /opt/airflow/dags/dag_monitoring.py took 0.546 seconds
[2026-08-21T11:49:11.522+0000] {processor.py:161} INFO - Started process (PID=139) to work on /opt/airflow/dags/dag_monitoring.py
[2026-08-21T11:49:11.524+0000] {processor.py:830} INFO - Processing file /opt/airflow/dags/dag_monitoring.py for tasks to queue
[2026-08-21T11:49:11.526+0000] {logging_mixin.py:188} INFO - [2026-08-21T11:49:11.526+0000] {dagbag.py:538} INFO - Filling up the DagBag from /opt/airflow/dags/dag_monitoring.py
[2026-08-21T11:49:11.978+0000] {processor.py:840} INFO - DAG(s) 'jour8_monitoring' retrieved from /opt/airflow/dags/dag_monitoring.py
[2026-08-21T11:49:12.036+0000] {logging_mixin.py:188} INFO - [2026-08-21T11:49:12.036+0000] {dag.py:3036} INFO - Sync 1 DAGs
[2026-08-21T11:49:12.062+0000] {logging_mixin.py:188} INFO - [2026-08-21T11:49:12.061+0000] {dag.py:3823} INFO - Setting next_dagrun for jour8_monitoring to 2026-08-21 00:00:00+00:00, run_after=2026-08-22 00:00:00+00:00
[2026-08-21T11:49:12.131+0000] {processor.py:183} INFO - Processing /opt/airflow/dags/dag_monitoring.py took 0.612 seconds
[2026-08-21T11:49:42.693+0000] {processor.py:161} INFO - Started process (PID=230) to work on /opt/airflow/dags/dag_monitoring.py
[2026-08-21T11:49:42.694+0000] {processor.py:830} INFO - Processing file /opt/airflow/dags/dag_monitoring.py for tasks to queue
[2026-08-21T11:49:42.696+0000] {logging_mixin.py:188} INFO - [2026-08-21T11:49:42.696+0000] {dagbag.py:538} INFO - Filling up the DagBag from /opt/airflow/dags/dag_monitoring.py
[2026-08-21T11:49:43.055+0000] {processor.py:840} INFO - DAG(s) 'jour8_monitoring' retrieved from /opt/airflow/dags/dag_monitoring.py
[2026-08-21T11:49:43.095+0000] {logging_mixin.py:188} INFO - [2026-08-21T11:49:43.094+0000] {dag.py:3036} INFO - Sync 1 DAGs
[2026-08-21T11:49:43.114+0000] {logging_mixin.py:188} INFO - [2026-08-21T11:49:43.113+0000] {dag.py:3823} INFO - Setting next_dagrun for jour8_monitoring to 2026-08-21 00:00:00+00:00, run_after=2026-08-22 00:00:00+00:00
[2026-08-21T11:49:43.132+0000] {processor.py:183} INFO - Processing /opt/airflow/dags/dag_monitoring.py took 0.443 seconds
[2026-08-21T11:50:13.249+0000] {processor.py:161} INFO - Started process (PID=317) to work on /opt/airflow/dags/dag_monitoring.py
[2026-08-21T11:50:13.250+0000] {processor.py:830} INFO - Processing file /opt/airflow/dags/dag_monitoring.py for tasks to queue
[2026-08-21T11:50:13.252+0000] {logging_mixin.py:188} INFO - [2026-08-21T11:50:13.252+0000] {dagbag.py:538} INFO - Filling up the DagBag from /opt/airflow/dags/dag_monitoring.py
[2026-08-21T11:50:13.651+0000] {processor.py:840} INFO - DAG(s) 'jour8_monitoring' retrieved from /opt/airflow/dags/dag_monitoring.py
[2026-08-21T11:50:13.691+0000] {logging_mixin.py:188} INFO - [2026-08-21T11:50:13.691+0000] {dag.py:3036} INFO - Sync 1 DAGs
[2026-08-21T11:50:13.709+0000] {logging_mixin.py:188} INFO - [2026-08-21T11:50:13.709+0000] {dag.py:3823} INFO - Setting next_dagrun for jour8_monitoring to 2026-08-21 00:00:00+00:00, run_after=2026-08-22 00:00:00+00:00
[2026-08-21T11:50:13.727+0000] {processor.py:183} INFO - Processing /opt/airflow/dags/dag_monitoring.py took 0.482 seconds
[2026-08-21T11:50:43.940+0000] {processor.py:161} INFO - Started process (PID=404) to work on /opt/airflow/dags/dag_monitoring.py
[2026-08-21T11:50:43.942+0000] {processor.py:830} INFO - Processing file /opt/airflow/dags/dag_monitoring.py for tasks to queue
[2026-08-21T11:50:43.944+0000] {logging_mixin.py:188} INFO - [2026-08-21T11:50:43.944+0000] {dagbag.py:538} INFO - Filling up the DagBag from /opt/airflow/dags/dag_monitoring.py
[2026-08-21T11:50:44.447+0000] {processor.py:840} INFO - DAG(s) 'jour8_monitoring' retrieved from /opt/airflow/dags/dag_monitoring.py
[2026-08-21T11:50:44.495+0000] {logging_mixin.py:188} INFO - [2026-08-21T11:50:44.495+0000] {dag.py:3036} INFO - Sync 1 DAGs
[2026-08-21T11:50:44.518+0000] {logging_mixin.py:188} INFO - [2026-08-21T11:50:44.517+0000] {dag.py:3823} INFO - Setting next_dagrun for jour8_monitoring to 2026-08-21 00:00:00+00:00, run_after=2026-08-22 00:00:00+00:00
[2026-08-21T11:50:44.540+0000] {processor.py:183} INFO - Processing /opt/airflow/dags/dag_monitoring.py took 0.605 seconds
[2026-08-21T11:51:15.075+0000] {processor.py:161} INFO - Started process (PID=492) to work on /opt/airflow/dags/dag_monitoring.py
[2026-08-21T11:51:15.076+0000] {processor.py:830} INFO - Processing file /opt/airflow/dags/dag_monitoring.py for tasks to queue
[2026-08-21T11:51:15.079+0000] {logging_mixin.py:188} INFO - [2026-08-21T11:51:15.079+0000] {dagbag.py:538} INFO - Filling up the DagBag from /opt/airflow/dags/dag_monitoring.py
[2026-08-21T11:51:15.439+0000] {processor.py:840} INFO - DAG(s) 'jour8_monitoring' retrieved from /opt/airflow/dags/dag_monitoring.py
[2026-08-21T11:51:15.475+0000] {logging_mixin.py:188} INFO - [2026-08-21T11:51:15.475+0000] {dag.py:3036} INFO - Sync 1 DAGs
[2026-08-21T11:51:15.494+0000] {logging_mixin.py:188} INFO - [2026-08-21T11:51:15.494+0000] {dag.py:3823} INFO - Setting next_dagrun for jour8_monitoring to 2026-08-21 00:00:00+00:00, run_after=2026-08-22 00:00:00+00:00
[2026-08-21T11:51:15.512+0000] {processor.py:183} INFO - Processing /opt/airflow/dags/dag_monitoring.py took 0.441 seconds
[2026-08-21T11:51:45.983+0000] {processor.py:161} INFO - Started process (PID=580) to work on /opt/airflow/dags/dag_monitoring.py
[2026-08-21T11:51:45.985+0000] {processor.py:830} INFO - Processing file /opt/airflow/dags/dag_monitoring.py for tasks to queue
[2026-08-21T11:51:45.995+0000] {logging_mixin.py:188} INFO - [2026-08-21T11:51:45.995+0000] {dagbag.py:538} INFO - Filling up the DagBag from /opt/airflow/dags/dag_monitoring.py
[2026-08-21T11:51:46.375+0000] {processor.py:840} INFO - DAG(s) 'jour8_monitoring' retrieved from /opt/airflow/dags/dag_monitoring.py
[2026-08-21T11:51:46.412+0000] {logging_mixin.py:188} INFO - [2026-08-21T11:51:46.411+0000] {dag.py:3036} INFO - Sync 1 DAGs
[2026-08-21T11:51:46.431+0000] {logging_mixin.py:188} INFO - [2026-08-21T11:51:46.431+0000] {dag.py:3823} INFO - Setting next_dagrun for jour8_monitoring to 2026-08-21 00:00:00+00:00, run_after=2026-08-22 00:00:00+00:00
[2026-08-21T11:51:46.449+0000] {processor.py:183} INFO - Processing /opt/airflow/dags/dag_monitoring.py took 0.471 seconds
[2026-08-21T11:52:16.940+0000] {processor.py:161} INFO - Started process (PID=668) to work on /opt/airflow/dags/dag_monitoring.py
[2026-08-21T11:52:16.941+0000] {processor.py:830} INFO - Processing file /opt/airflow/dags/dag_monitoring.py for tasks to queue
[2026-08-21T11:52:16.943+0000] {logging_mixin.py:188} INFO - [2026-08-21T11:52:16.943+0000] {dagbag.py:538} INFO - Filling up the DagBag from /opt/airflow/dags/dag_monitoring.py
[2026-08-21T11:52:17.418+0000] {processor.py:840} INFO - DAG(s) 'jour8_monitoring' retrieved from /opt/airflow/dags/dag_monitoring.py
[2026-08-21T11:52:17.466+0000] {logging_mixin.py:188} INFO - [2026-08-21T11:52:17.465+0000] {dag.py:3036} INFO - Sync 1 DAGs
[2026-08-21T11:52:17.491+0000] {logging_mixin.py:188} INFO - [2026-08-21T11:52:17.490+0000] {dag.py:3823} INFO - Setting next_dagrun for jour8_monitoring to 2026-08-21 00:00:00+00:00, run_after=2026-08-22 00:00:00+00:00
[2026-08-21T11:52:17.517+0000] {processor.py:183} INFO - Processing /opt/airflow/dags/dag_monitoring.py took 0.581 seconds
[2026-08-21T11:52:48.212+0000] {processor.py:161} INFO - Started process (PID=756) to work on /opt/airflow/dags/dag_monitoring.py
[2026-08-21T11:52:48.213+0000] {processor.py:830} INFO - Processing file /opt/airflow/dags/dag_monitoring.py for tasks to queue
[2026-08-21T11:52:48.215+0000] {logging_mixin.py:188} INFO - [2026-08-21T11:52:48.215+0000] {dagbag.py:538} INFO - Filling up the DagBag from /opt/airflow/dags/dag_monitoring.py
[2026-08-21T11:52:48.581+0000] {processor.py:840} INFO - DAG(s) 'jour8_monitoring' retrieved from /opt/airflow/dags/dag_monitoring.py
[2026-08-21T11:52:48.618+0000] {logging_mixin.py:188} INFO - [2026-08-21T11:52:48.618+0000] {dag.py:3036} INFO - Sync 1 DAGs
[2026-08-21T11:52:48.639+0000] {logging_mixin.py:188} INFO - [2026-08-21T11:52:48.639+0000] {dag.py:3823} INFO - Setting next_dagrun for jour8_monitoring to 2026-08-21 00:00:00+00:00, run_after=2026-08-22 00:00:00+00:00
[2026-08-21T11:52:48.663+0000] {processor.py:183} INFO - Processing /opt/airflow/dags/dag_monitoring.py took 0.454 seconds
[2026-08-21T11:53:18.766+0000] {processor.py:161} INFO - Started process (PID=844) to work on /opt/airflow/dags/dag_monitoring.py
[2026-08-21T11:53:18.767+0000] {processor.py:830} INFO - Processing file /opt/airflow/dags/dag_monitoring.py for tasks to queue
[2026-08-21T11:53:18.769+0000] {logging_mixin.py:188} INFO - [2026-08-21T11:53:18.769+0000] {dagbag.py:538} INFO - Filling up the DagBag from /opt/airflow/dags/dag_monitoring.py
[2026-08-21T11:53:19.013+0000] {processor.py:840} INFO - DAG(s) 'jour8_monitoring' retrieved from /opt/airflow/dags/dag_monitoring.py
[2026-08-21T11:53:19.050+0000] {logging_mixin.py:188} INFO - [2026-08-21T11:53:19.050+0000] {dag.py:3036} INFO - Sync 1 DAGs
[2026-08-21T11:53:19.072+0000] {logging_mixin.py:188} INFO - [2026-08-21T11:53:19.072+0000] {dag.py:3823} INFO - Setting next_dagrun for jour8_monitoring to 2026-08-21 00:00:00+00:00, run_after=2026-08-22 00:00:00+00:00
[2026-08-21T11:53:19.093+0000] {processor.py:183} INFO - Processing /opt/airflow/dags/dag_monitoring.py took 0.330 seconds
[2026-08-21T11:53:49.522+0000] {processor.py:161} INFO - Started process (PID=931) to work on /opt/airflow/dags/dag_monitoring.py
[2026-08-21T11:53:49.523+0000] {processor.py:830} INFO - Processing file /opt/airflow/dags/dag_monitoring.py for tasks to queue
[2026-08-21T11:53:49.525+0000] {logging_mixin.py:188} INFO - [2026-08-21T11:53:49.524+0000] {dagbag.py:538} INFO - Filling up the DagBag from /opt/airflow/dags/dag_monitoring.py
[2026-08-21T11:53:49.766+0000] {processor.py:840} INFO - DAG(s) 'jour8_monitoring' retrieved from /opt/airflow/dags/dag_monitoring.py
[2026-08-21T11:53:49.809+0000] {logging_mixin.py:188} INFO - [2026-08-21T11:53:49.809+0000] {dag.py:3036} INFO - Sync 1 DAGs
[2026-08-21T11:53:49.832+0000] {logging_mixin.py:188} INFO - [2026-08-21T11:53:49.832+0000] {dag.py:3823} INFO - Setting next_dagrun for jour8_monitoring to 2026-08-21 00:00:00+00:00, run_after=2026-08-22 00:00:00+00:00
[2026-08-21T11:53:49.853+0000] {processor.py:183} INFO - Processing /opt/airflow/dags/dag_monitoring.py took 0.334 seconds
[2026-08-21T11:54:20.671+0000] {processor.py:161} INFO - Started process (PID=1018) to work on /opt/airflow/dags/dag_monitoring.py
[2026-08-21T11:54:20.673+0000] {processor.py:830} INFO - Processing file /opt/airflow/dags/dag_monitoring.py for tasks to queue
[2026-08-21T11:54:20.675+0000] {logging_mixin.py:188} INFO - [2026-08-21T11:54:20.675+0000] {dagbag.py:538} INFO - Filling up the DagBag from /opt/airflow/dags/dag_monitoring.py
[2026-08-21T11:54:20.932+0000] {processor.py:840} INFO - DAG(s) 'jour8_monitoring' retrieved from /opt/airflow/dags/dag_monitoring.py
[2026-08-21T11:54:20.979+0000] {logging_mixin.py:188} INFO - [2026-08-21T11:54:20.978+0000] {dag.py:3036} INFO - Sync 1 DAGs
[2026-08-21T11:54:21.001+0000] {logging_mixin.py:188} INFO - [2026-08-21T11:54:21.001+0000] {dag.py:3823} INFO - Setting next_dagrun for jour8_monitoring to 2026-08-21 00:00:00+00:00, run_after=2026-08-22 00:00:00+00:00
[2026-08-21T11:54:21.021+0000] {processor.py:183} INFO - Processing /opt/airflow/dags/dag_monitoring.py took 0.353 seconds
[2026-08-21T11:54:51.285+0000] {processor.py:161} INFO - Started process (PID=1104) to work on /opt/airflow/dags/dag_monitoring.py
[2026-08-21T11:54:51.286+0000] {processor.py:830} INFO - Processing file /opt/airflow/dags/dag_monitoring.py for tasks to queue
[2026-08-21T11:54:51.289+0000] {logging_mixin.py:188} INFO - [2026-08-21T11:54:51.288+0000] {dagbag.py:538} INFO - Filling up the DagBag from /opt/airflow/dags/dag_monitoring.py
[2026-08-21T11:54:51.648+0000] {processor.py:840} INFO - DAG(s) 'jour8_monitoring' retrieved from /opt/airflow/dags/dag_monitoring.py
[2026-08-21T11:54:51.709+0000] {logging_mixin.py:188} INFO - [2026-08-21T11:54:51.709+0000] {dag.py:3036} INFO - Sync 1 DAGs
[2026-08-21T11:54:51.740+0000] {logging_mixin.py:188} INFO - [2026-08-21T11:54:51.740+0000] {dag.py:3823} INFO - Setting next_dagrun for jour8_monitoring to 2026-08-21 00:00:00+00:00, run_after=2026-08-22 00:00:00+00:00
[2026-08-21T11:54:51.763+0000] {processor.py:183} INFO - Processing /opt/airflow/dags/dag_monitoring.py took 0.483 seconds
[2026-08-21T11:55:22.244+0000] {processor.py:161} INFO - Started process (PID=1193) to work on /opt/airflow/dags/dag_monitoring.py
[2026-08-21T11:55:22.245+0000] {processor.py:830} INFO - Processing file /opt/airflow/dags/dag_monitoring.py for tasks to queue
[2026-08-21T11:55:22.249+0000] {logging_mixin.py:188} INFO - [2026-08-21T11:55:22.248+0000] {dagbag.py:538} INFO - Filling up the DagBag from /opt/airflow/dags/dag_monitoring.py
[2026-08-21T11:55:22.487+0000] {processor.py:840} INFO - DAG(s) 'jour8_monitoring' retrieved from /opt/airflow/dags/dag_monitoring.py
[2026-08-21T11:55:22.527+0000] {logging_mixin.py:188} INFO - [2026-08-21T11:55:22.527+0000] {dag.py:3036} INFO - Sync 1 DAGs
[2026-08-21T11:55:22.553+0000] {logging_mixin.py:188} INFO - [2026-08-21T11:55:22.552+0000] {dag.py:3823} INFO - Setting next_dagrun for jour8_monitoring to 2026-08-21 00:00:00+00:00, run_after=2026-08-22 00:00:00+00:00
[2026-08-21T11:55:22.572+0000] {processor.py:183} INFO - Processing /opt/airflow/dags/dag_monitoring.py took 0.332 seconds
[2026-08-21T11:55:52.968+0000] {processor.py:161} INFO - Started process (PID=1280) to work on /opt/airflow/dags/dag_monitoring.py
[2026-08-21T11:55:52.970+0000] {processor.py:830} INFO - Processing file /opt/airflow/dags/dag_monitoring.py for tasks to queue
[2026-08-21T11:55:52.973+0000] {logging_mixin.py:188} INFO - [2026-08-21T11:55:52.973+0000] {dagbag.py:538} INFO - Filling up the DagBag from /opt/airflow/dags/dag_monitoring.py
[2026-08-21T11:55:53.346+0000] {processor.py:840} INFO - DAG(s) 'jour8_monitoring' retrieved from /opt/airflow/dags/dag_monitoring.py
[2026-08-21T11:55:53.395+0000] {logging_mixin.py:188} INFO - [2026-08-21T11:55:53.395+0000] {dag.py:3036} INFO - Sync 1 DAGs
[2026-08-21T11:55:53.425+0000] {logging_mixin.py:188} INFO - [2026-08-21T11:55:53.425+0000] {dag.py:3823} INFO - Setting next_dagrun for jour8_monitoring to 2026-08-21 00:00:00+00:00, run_after=2026-08-22 00:00:00+00:00
[2026-08-21T11:55:53.454+0000] {processor.py:183} INFO - Processing /opt/airflow/dags/dag_monitoring.py took 0.491 seconds
[2026-08-21T11:56:24.000+0000] {processor.py:161} INFO - Started process (PID=1367) to work on /opt/airflow/dags/dag_monitoring.py
[2026-08-21T11:56:24.006+0000] {processor.py:830} INFO - Processing file /opt/airflow/dags/dag_monitoring.py for tasks to queue
[2026-08-21T11:56:24.009+0000] {logging_mixin.py:188} INFO - [2026-08-21T11:56:24.008+0000] {dagbag.py:538} INFO - Filling up the DagBag from /opt/airflow/dags/dag_monitoring.py
[2026-08-21T11:56:24.279+0000] {processor.py:840} INFO - DAG(s) 'jour8_monitoring' retrieved from /opt/airflow/dags/dag_monitoring.py
[2026-08-21T11:56:24.328+0000] {logging_mixin.py:188} INFO - [2026-08-21T11:56:24.328+0000] {dag.py:3036} INFO - Sync 1 DAGs
[2026-08-21T11:56:24.354+0000] {logging_mixin.py:188} INFO - [2026-08-21T11:56:24.353+0000] {dag.py:3823} INFO - Setting next_dagrun for jour8_monitoring to 2026-08-21 00:00:00+00:00, run_after=2026-08-22 00:00:00+00:00
[2026-08-21T11:56:24.381+0000] {processor.py:183} INFO - Processing /opt/airflow/dags/dag_monitoring.py took 0.385 seconds
[2026-08-21T11:56:55.071+0000] {processor.py:161} INFO - Started process (PID=1454) to work on /opt/airflow/dags/dag_monitoring.py
[2026-08-21T11:56:55.072+0000] {processor.py:830} INFO - Processing file /opt/airflow/dags/dag_monitoring.py for tasks to queue
[2026-08-21T11:56:55.075+0000] {logging_mixin.py:188} INFO - [2026-08-21T11:56:55.075+0000] {dagbag.py:538} INFO - Filling up the DagBag from /opt/airflow/dags/dag_monitoring.py
[2026-08-21T11:56:55.470+0000] {processor.py:840} INFO - DAG(s) 'jour8_monitoring' retrieved from /opt/airflow/dags/dag_monitoring.py
[2026-08-21T11:56:55.539+0000] {logging_mixin.py:188} INFO - [2026-08-21T11:56:55.538+0000] {dag.py:3036} INFO - Sync 1 DAGs
[2026-08-21T11:56:55.580+0000] {logging_mixin.py:188} INFO - [2026-08-21T11:56:55.579+0000] {dag.py:3823} INFO - Setting next_dagrun for jour8_monitoring to 2026-08-21 00:00:00+00:00, run_after=2026-08-22 00:00:00+00:00
[2026-08-21T11:56:55.611+0000] {processor.py:183} INFO - Processing /opt/airflow/dags/dag_monitoring.py took 0.546 seconds
[2026-08-21T11:57:26.044+0000] {processor.py:161} INFO - Started process (PID=1542) to work on /opt/airflow/dags/dag_monitoring.py
[2026-08-21T11:57:26.046+0000] {processor.py:830} INFO - Processing file /opt/airflow/dags/dag_monitoring.py for tasks to queue
[2026-08-21T11:57:26.049+0000] {logging_mixin.py:188} INFO - [2026-08-21T11:57:26.048+0000] {dagbag.py:538} INFO - Filling up the DagBag from /opt/airflow/dags/dag_monitoring.py
[2026-08-21T11:57:26.401+0000] {processor.py:840} INFO - DAG(s) 'jour8_monitoring' retrieved from /opt/airflow/dags/dag_monitoring.py
[2026-08-21T11:57:26.458+0000] {logging_mixin.py:188} INFO - [2026-08-21T11:57:26.458+0000] {dag.py:3036} INFO - Sync 1 DAGs
[2026-08-21T11:57:26.492+0000] {logging_mixin.py:188} INFO - [2026-08-21T11:57:26.491+0000] {dag.py:3823} INFO - Setting next_dagrun for jour8_monitoring to 2026-08-21 00:00:00+00:00, run_after=2026-08-22 00:00:00+00:00
[2026-08-21T11:57:26.518+0000] {processor.py:183} INFO - Processing /opt/airflow/dags/dag_monitoring.py took 0.480 seconds
[2026-08-21T11:57:56.940+0000] {processor.py:161} INFO - Started process (PID=1629) to work on /opt/airflow/dags/dag_monitoring.py
[2026-08-21T11:57:56.941+0000] {processor.py:830} INFO - Processing file /opt/airflow/dags/dag_monitoring.py for tasks to queue
[2026-08-21T11:57:56.943+0000] {logging_mixin.py:188} INFO - [2026-08-21T11:57:56.943+0000] {dagbag.py:538} INFO - Filling up the DagBag from /opt/airflow/dags/dag_monitoring.py
[2026-08-21T11:57:57.257+0000] {processor.py:840} INFO - DAG(s) 'jour8_monitoring' retrieved from /opt/airflow/dags/dag_monitoring.py
[2026-08-21T11:57:57.384+0000] {logging_mixin.py:188} INFO - [2026-08-21T11:57:57.383+0000] {dag.py:3036} INFO - Sync 1 DAGs
[2026-08-21T11:57:57.570+0000] {logging_mixin.py:188} INFO - [2026-08-21T11:57:57.570+0000] {dag.py:3823} INFO - Setting next_dagrun for jour8_monitoring to 2026-08-21 00:00:00+00:00, run_after=2026-08-22 00:00:00+00:00
[2026-08-21T11:57:57.591+0000] {processor.py:183} INFO - Processing /opt/airflow/dags/dag_monitoring.py took 0.655 seconds
[2026-08-21T11:58:28.423+0000] {processor.py:161} INFO - Started process (PID=1716) to work on /opt/airflow/dags/dag_monitoring.py
[2026-08-21T11:58:28.425+0000] {processor.py:830} INFO - Processing file /opt/airflow/dags/dag_monitoring.py for tasks to queue
[2026-08-21T11:58:28.427+0000] {logging_mixin.py:188} INFO - [2026-08-21T11:58:28.427+0000] {dagbag.py:538} INFO - Filling up the DagBag from /opt/airflow/dags/dag_monitoring.py
[2026-08-21T11:58:28.781+0000] {processor.py:840} INFO - DAG(s) 'jour8_monitoring' retrieved from /opt/airflow/dags/dag_monitoring.py
[2026-08-21T11:58:29.193+0000] {logging_mixin.py:188} INFO - [2026-08-21T11:58:29.193+0000] {dag.py:3036} INFO - Sync 1 DAGs
[2026-08-21T11:58:29.220+0000] {logging_mixin.py:188} INFO - [2026-08-21T11:58:29.220+0000] {dag.py:3823} INFO - Setting next_dagrun for jour8_monitoring to 2026-08-21 00:00:00+00:00, run_after=2026-08-22 00:00:00+00:00
[2026-08-21T11:58:29.258+0000] {processor.py:183} INFO - Processing /opt/airflow/dags/dag_monitoring.py took 0.840 seconds
[2026-08-21T11:58:59.490+0000] {processor.py:161} INFO - Started process (PID=1803) to work on /opt/airflow/dags/dag_monitoring.py
[2026-08-21T11:58:59.492+0000] {processor.py:830} INFO - Processing file /opt/airflow/dags/dag_monitoring.py for tasks to queue
[2026-08-21T11:58:59.495+0000] {logging_mixin.py:188} INFO - [2026-08-21T11:58:59.494+0000] {dagbag.py:538} INFO - Filling up the DagBag from /opt/airflow/dags/dag_monitoring.py
[2026-08-21T11:58:59.783+0000] {processor.py:840} INFO - DAG(s) 'jour8_monitoring' retrieved from /opt/airflow/dags/dag_monitoring.py
[2026-08-21T11:59:00.075+0000] {logging_mixin.py:188} INFO - [2026-08-21T11:59:00.075+0000] {dag.py:3036} INFO - Sync 1 DAGs
[2026-08-21T11:59:00.102+0000] {logging_mixin.py:188} INFO - [2026-08-21T11:59:00.102+0000] {dag.py:3823} INFO - Setting next_dagrun for jour8_monitoring to 2026-08-21 00:00:00+00:00, run_after=2026-08-22 00:00:00+00:00
[2026-08-21T11:59:00.133+0000] {processor.py:183} INFO - Processing /opt/airflow/dags/dag_monitoring.py took 0.648 seconds
[2026-08-21T11:59:30.593+0000] {processor.py:161} INFO - Started process (PID=1890) to work on /opt/airflow/dags/dag_monitoring.py
[2026-08-21T11:59:30.594+0000] {processor.py:830} INFO - Processing file /opt/airflow/dags/dag_monitoring.py for tasks to queue
[2026-08-21T11:59:30.598+0000] {logging_mixin.py:188} INFO - [2026-08-21T11:59:30.597+0000] {dagbag.py:538} INFO - Filling up the DagBag from /opt/airflow/dags/dag_monitoring.py
[2026-08-21T11:59:30.857+0000] {processor.py:840} INFO - DAG(s) 'jour8_monitoring' retrieved from /opt/airflow/dags/dag_monitoring.py
[2026-08-21T11:59:30.911+0000] {logging_mixin.py:188} INFO - [2026-08-21T11:59:30.910+0000] {dag.py:3036} INFO - Sync 1 DAGs
[2026-08-21T11:59:30.948+0000] {logging_mixin.py:188} INFO - [2026-08-21T11:59:30.947+0000] {dag.py:3823} INFO - Setting next_dagrun for jour8_monitoring to 2026-08-21 00:00:00+00:00, run_after=2026-08-22 00:00:00+00:00
[2026-08-21T11:59:31.026+0000] {processor.py:183} INFO - Processing /opt/airflow/dags/dag_monitoring.py took 0.437 seconds
[2026-08-21T12:00:01.486+0000] {processor.py:161} INFO - Started process (PID=1978) to work on /opt/airflow/dags/dag_monitoring.py
[2026-08-21T12:00:01.488+0000] {processor.py:830} INFO - Processing file /opt/airflow/dags/dag_monitoring.py for tasks to queue
[2026-08-21T12:00:01.491+0000] {logging_mixin.py:188} INFO - [2026-08-21T12:00:01.490+0000] {dagbag.py:538} INFO - Filling up the DagBag from /opt/airflow/dags/dag_monitoring.py
[2026-08-21T12:00:01.782+0000] {processor.py:840} INFO - DAG(s) 'jour8_monitoring' retrieved from /opt/airflow/dags/dag_monitoring.py
[2026-08-21T12:00:02.053+0000] {logging_mixin.py:188} INFO - [2026-08-21T12:00:02.052+0000] {dag.py:3036} INFO - Sync 1 DAGs
[2026-08-21T12:00:02.082+0000] {logging_mixin.py:188} INFO - [2026-08-21T12:00:02.081+0000] {dag.py:3823} INFO - Setting next_dagrun for jour8_monitoring to 2026-08-21 00:00:00+00:00, run_after=2026-08-22 00:00:00+00:00
[2026-08-21T12:00:02.114+0000] {processor.py:183} INFO - Processing /opt/airflow/dags/dag_monitoring.py took 0.634 seconds
[2026-08-21T12:00:32.273+0000] {processor.py:161} INFO - Started process (PID=2065) to work on /opt/airflow/dags/dag_monitoring.py
[2026-08-21T12:00:32.274+0000] {processor.py:830} INFO - Processing file /opt/airflow/dags/dag_monitoring.py for tasks to queue
[2026-08-21T12:00:32.283+0000] {logging_mixin.py:188} INFO - [2026-08-21T12:00:32.282+0000] {dagbag.py:538} INFO - Filling up the DagBag from /opt/airflow/dags/dag_monitoring.py
[2026-08-21T12:00:32.769+0000] {processor.py:840} INFO - DAG(s) 'jour8_monitoring' retrieved from /opt/airflow/dags/dag_monitoring.py
[2026-08-21T12:00:32.822+0000] {logging_mixin.py:188} INFO - [2026-08-21T12:00:32.821+0000] {dag.py:3036} INFO - Sync 1 DAGs
[2026-08-21T12:00:32.847+0000] {logging_mixin.py:188} INFO - [2026-08-21T12:00:32.847+0000] {dag.py:3823} INFO - Setting next_dagrun for jour8_monitoring to 2026-08-21 00:00:00+00:00, run_after=2026-08-22 00:00:00+00:00
[2026-08-21T12:00:32.873+0000] {processor.py:183} INFO - Processing /opt/airflow/dags/dag_monitoring.py took 0.605 seconds
[2026-08-21T12:01:02.930+0000] {processor.py:161} INFO - Started process (PID=2152) to work on /opt/airflow/dags/dag_monitoring.py
[2026-08-21T12:01:02.932+0000] {processor.py:830} INFO - Processing file /opt/airflow/dags/dag_monitoring.py for tasks to queue
[2026-08-21T12:01:02.934+0000] {logging_mixin.py:188} INFO - [2026-08-21T12:01:02.934+0000] {dagbag.py:538} INFO - Filling up the DagBag from /opt/airflow/dags/dag_monitoring.py
[2026-08-21T12:01:03.384+0000] {processor.py:840} INFO - DAG(s) 'jour8_monitoring' retrieved from /opt/airflow/dags/dag_monitoring.py
[2026-08-21T12:01:03.434+0000] {logging_mixin.py:188} INFO - [2026-08-21T12:01:03.434+0000] {dag.py:3036} INFO - Sync 1 DAGs
[2026-08-21T12:01:03.457+0000] {logging_mixin.py:188} INFO - [2026-08-21T12:01:03.456+0000] {dag.py:3823} INFO - Setting next_dagrun for jour8_monitoring to 2026-08-21 00:00:00+00:00, run_after=2026-08-22 00:00:00+00:00
[2026-08-21T12:01:03.480+0000] {processor.py:183} INFO - Processing /opt/airflow/dags/dag_monitoring.py took 0.554 seconds
[2026-08-21T12:01:33.758+0000] {processor.py:161} INFO - Started process (PID=2239) to work on /opt/airflow/dags/dag_monitoring.py
[2026-08-21T12:01:33.759+0000] {processor.py:830} INFO - Processing file /opt/airflow/dags/dag_monitoring.py for tasks to queue
[2026-08-21T12:01:33.761+0000] {logging_mixin.py:188} INFO - [2026-08-21T12:01:33.761+0000] {dagbag.py:538} INFO - Filling up the DagBag from /opt/airflow/dags/dag_monitoring.py
[2026-08-21T12:01:34.186+0000] {processor.py:840} INFO - DAG(s) 'jour8_monitoring' retrieved from /opt/airflow/dags/dag_monitoring.py
[2026-08-21T12:01:34.229+0000] {logging_mixin.py:188} INFO - [2026-08-21T12:01:34.229+0000] {dag.py:3036} INFO - Sync 1 DAGs
[2026-08-21T12:01:34.250+0000] {logging_mixin.py:188} INFO - [2026-08-21T12:01:34.250+0000] {dag.py:3823} INFO - Setting next_dagrun for jour8_monitoring to 2026-08-21 00:00:00+00:00, run_after=2026-08-22 00:00:00+00:00
[2026-08-21T12:01:34.270+0000] {processor.py:183} INFO - Processing /opt/airflow/dags/dag_monitoring.py took 0.517 seconds
[2026-08-21T12:02:04.374+0000] {processor.py:161} INFO - Started process (PID=2326) to work on /opt/airflow/dags/dag_monitoring.py
[2026-08-21T12:02:04.376+0000] {processor.py:830} INFO - Processing file /opt/airflow/dags/dag_monitoring.py for tasks to queue
[2026-08-21T12:02:04.379+0000] {logging_mixin.py:188} INFO - [2026-08-21T12:02:04.378+0000] {dagbag.py:538} INFO - Filling up the DagBag from /opt/airflow/dags/dag_monitoring.py
[2026-08-21T12:02:04.759+0000] {processor.py:840} INFO - DAG(s) 'jour8_monitoring' retrieved from /opt/airflow/dags/dag_monitoring.py
[2026-08-21T12:02:04.798+0000] {logging_mixin.py:188} INFO - [2026-08-21T12:02:04.798+0000] {dag.py:3036} INFO - Sync 1 DAGs
[2026-08-21T12:02:04.819+0000] {logging_mixin.py:188} INFO - [2026-08-21T12:02:04.818+0000] {dag.py:3823} INFO - Setting next_dagrun for jour8_monitoring to 2026-08-21 00:00:00+00:00, run_after=2026-08-22 00:00:00+00:00
[2026-08-21T12:02:04.842+0000] {processor.py:183} INFO - Processing /opt/airflow/dags/dag_monitoring.py took 0.472 seconds
[2026-08-21T12:02:35.099+0000] {processor.py:161} INFO - Started process (PID=2413) to work on /opt/airflow/dags/dag_monitoring.py
[2026-08-21T12:02:35.100+0000] {processor.py:830} INFO - Processing file /opt/airflow/dags/dag_monitoring.py for tasks to queue
[2026-08-21T12:02:35.103+0000] {logging_mixin.py:188} INFO - [2026-08-21T12:02:35.102+0000] {dagbag.py:538} INFO - Filling up the DagBag from /opt/airflow/dags/dag_monitoring.py
[2026-08-21T12:02:35.511+0000] {processor.py:840} INFO - DAG(s) 'jour8_monitoring' retrieved from /opt/airflow/dags/dag_monitoring.py
[2026-08-21T12:02:35.558+0000] {logging_mixin.py:188} INFO - [2026-08-21T12:02:35.557+0000] {dag.py:3036} INFO - Sync 1 DAGs
[2026-08-21T12:02:35.579+0000] {logging_mixin.py:188} INFO - [2026-08-21T12:02:35.579+0000] {dag.py:3823} INFO - Setting next_dagrun for jour8_monitoring to 2026-08-21 00:00:00+00:00, run_after=2026-08-22 00:00:00+00:00
[2026-08-21T12:02:35.597+0000] {processor.py:183} INFO - Processing /opt/airflow/dags/dag_monitoring.py took 0.501 seconds
[2026-08-21T12:03:05.989+0000] {processor.py:161} INFO - Started process (PID=2500) to work on /opt/airflow/dags/dag_monitoring.py
[2026-08-21T12:03:05.990+0000] {processor.py:830} INFO - Processing file /opt/airflow/dags/dag_monitoring.py for tasks to queue
[2026-08-21T12:03:05.992+0000] {logging_mixin.py:188} INFO - [2026-08-21T12:03:05.992+0000] {dagbag.py:538} INFO - Filling up the DagBag from /opt/airflow/dags/dag_monitoring.py
[2026-08-21T12:03:06.445+0000] {processor.py:840} INFO - DAG(s) 'jour8_monitoring' retrieved from /opt/airflow/dags/dag_monitoring.py
[2026-08-21T12:03:06.486+0000] {logging_mixin.py:188} INFO - [2026-08-21T12:03:06.486+0000] {dag.py:3036} INFO - Sync 1 DAGs
[2026-08-21T12:03:06.507+0000] {logging_mixin.py:188} INFO - [2026-08-21T12:03:06.507+0000] {dag.py:3823} INFO - Setting next_dagrun for jour8_monitoring to 2026-08-21 00:00:00+00:00, run_after=2026-08-22 00:00:00+00:00
[2026-08-21T12:03:06.526+0000] {processor.py:183} INFO - Processing /opt/airflow/dags/dag_monitoring.py took 0.542 seconds
[2026-08-21T12:03:36.771+0000] {processor.py:161} INFO - Started process (PID=2587) to work on /opt/airflow/dags/dag_monitoring.py
[2026-08-21T12:03:36.773+0000] {processor.py:830} INFO - Processing file /opt/airflow/dags/dag_monitoring.py for tasks to queue
[2026-08-21T12:03:36.775+0000] {logging_mixin.py:188} INFO - [2026-08-21T12:03:36.774+0000] {dagbag.py:538} INFO - Filling up the DagBag from /opt/airflow/dags/dag_monitoring.py
[2026-08-21T12:03:37.161+0000] {processor.py:840} INFO - DAG(s) 'jour8_monitoring' retrieved from /opt/airflow/dags/dag_monitoring.py
[2026-08-21T12:03:37.196+0000] {logging_mixin.py:188} INFO - [2026-08-21T12:03:37.196+0000] {dag.py:3036} INFO - Sync 1 DAGs
[2026-08-21T12:03:37.215+0000] {logging_mixin.py:188} INFO - [2026-08-21T12:03:37.215+0000] {dag.py:3823} INFO - Setting next_dagrun for jour8_monitoring to 2026-08-21 00:00:00+00:00, run_after=2026-08-22 00:00:00+00:00
[2026-08-21T12:03:37.234+0000] {processor.py:183} INFO - Processing /opt/airflow/dags/dag_monitoring.py took 0.466 seconds
[2026-08-21T12:04:07.369+0000] {processor.py:161} INFO - Started process (PID=2674) to work on /opt/airflow/dags/dag_monitoring.py
[2026-08-21T12:04:07.371+0000] {processor.py:830} INFO - Processing file /opt/airflow/dags/dag_monitoring.py for tasks to queue
[2026-08-21T12:04:07.373+0000] {logging_mixin.py:188} INFO - [2026-08-21T12:04:07.372+0000] {dagbag.py:538} INFO - Filling up the DagBag from /opt/airflow/dags/dag_monitoring.py
[2026-08-21T12:04:07.825+0000] {processor.py:840} INFO - DAG(s) 'jour8_monitoring' retrieved from /opt/airflow/dags/dag_monitoring.py
[2026-08-21T12:04:07.870+0000] {logging_mixin.py:188} INFO - [2026-08-21T12:04:07.870+0000] {dag.py:3036} INFO - Sync 1 DAGs
[2026-08-21T12:04:07.891+0000] {logging_mixin.py:188} INFO - [2026-08-21T12:04:07.891+0000] {dag.py:3823} INFO - Setting next_dagrun for jour8_monitoring to 2026-08-21 00:00:00+00:00, run_after=2026-08-22 00:00:00+00:00
[2026-08-21T12:04:07.913+0000] {processor.py:183} INFO - Processing /opt/airflow/dags/dag_monitoring.py took 0.547 seconds
[2026-08-21T12:04:38.350+0000] {processor.py:161} INFO - Started process (PID=2761) to work on /opt/airflow/dags/dag_monitoring.py
[2026-08-21T12:04:38.351+0000] {processor.py:830} INFO - Processing file /opt/airflow/dags/dag_monitoring.py for tasks to queue
[2026-08-21T12:04:38.353+0000] {logging_mixin.py:188} INFO - [2026-08-21T12:04:38.353+0000] {dagbag.py:538} INFO - Filling up the DagBag from /opt/airflow/dags/dag_monitoring.py
[2026-08-21T12:04:38.795+0000] {processor.py:840} INFO - DAG(s) 'jour8_monitoring' retrieved from /opt/airflow/dags/dag_monitoring.py
[2026-08-21T12:04:38.847+0000] {logging_mixin.py:188} INFO - [2026-08-21T12:04:38.846+0000] {dag.py:3036} INFO - Sync 1 DAGs
[2026-08-21T12:04:38.868+0000] {logging_mixin.py:188} INFO - [2026-08-21T12:04:38.868+0000] {dag.py:3823} INFO - Setting next_dagrun for jour8_monitoring to 2026-08-21 00:00:00+00:00, run_after=2026-08-22 00:00:00+00:00
[2026-08-21T12:04:38.889+0000] {processor.py:183} INFO - Processing /opt/airflow/dags/dag_monitoring.py took 0.543 seconds
[2026-08-21T12:05:10.272+0000] {processor.py:161} INFO - Started process (PID=2856) to work on /opt/airflow/dags/dag_monitoring.py
[2026-08-21T12:05:10.276+0000] {processor.py:830} INFO - Processing file /opt/airflow/dags/dag_monitoring.py for tasks to queue
[2026-08-21T12:05:10.284+0000] {logging_mixin.py:188} INFO - [2026-08-21T12:05:10.283+0000] {dagbag.py:538} INFO - Filling up the DagBag from /opt/airflow/dags/dag_monitoring.py
[2026-08-21T12:05:11.442+0000] {processor.py:840} INFO - DAG(s) 'jour8_monitoring' retrieved from /opt/airflow/dags/dag_monitoring.py
[2026-08-21T12:05:11.638+0000] {logging_mixin.py:188} INFO - [2026-08-21T12:05:11.637+0000] {dag.py:3036} INFO - Sync 1 DAGs
[2026-08-21T12:05:11.711+0000] {logging_mixin.py:188} INFO - [2026-08-21T12:05:11.710+0000] {dag.py:3823} INFO - Setting next_dagrun for jour8_monitoring to 2026-08-21 00:00:00+00:00, run_after=2026-08-22 00:00:00+00:00
[2026-08-21T12:05:11.773+0000] {processor.py:183} INFO - Processing /opt/airflow/dags/dag_monitoring.py took 1.507 seconds
[2026-08-21T12:05:41.904+0000] {processor.py:161} INFO - Started process (PID=2962) to work on /opt/airflow/dags/dag_monitoring.py
[2026-08-21T12:05:41.905+0000] {processor.py:830} INFO - Processing file /opt/airflow/dags/dag_monitoring.py for tasks to queue
[2026-08-21T12:05:41.908+0000] {logging_mixin.py:188} INFO - [2026-08-21T12:05:41.907+0000] {dagbag.py:538} INFO - Filling up the DagBag from /opt/airflow/dags/dag_monitoring.py
[2026-08-21T12:05:42.159+0000] {processor.py:840} INFO - DAG(s) 'jour8_monitoring' retrieved from /opt/airflow/dags/dag_monitoring.py
[2026-08-21T12:05:42.211+0000] {logging_mixin.py:188} INFO - [2026-08-21T12:05:42.211+0000] {dag.py:3036} INFO - Sync 1 DAGs
[2026-08-21T12:05:42.234+0000] {logging_mixin.py:188} INFO - [2026-08-21T12:05:42.234+0000] {dag.py:3823} INFO - Setting next_dagrun for jour8_monitoring to 2026-08-21 00:00:00+00:00, run_after=2026-08-22 00:00:00+00:00
[2026-08-21T12:05:42.254+0000] {processor.py:183} INFO - Processing /opt/airflow/dags/dag_monitoring.py took 0.354 seconds
[2026-08-21T12:06:12.496+0000] {processor.py:161} INFO - Started process (PID=3049) to work on /opt/airflow/dags/dag_monitoring.py
[2026-08-21T12:06:12.498+0000] {processor.py:830} INFO - Processing file /opt/airflow/dags/dag_monitoring.py for tasks to queue
[2026-08-21T12:06:12.502+0000] {logging_mixin.py:188} INFO - [2026-08-21T12:06:12.501+0000] {dagbag.py:538} INFO - Filling up the DagBag from /opt/airflow/dags/dag_monitoring.py
[2026-08-21T12:06:12.842+0000] {processor.py:840} INFO - DAG(s) 'jour8_monitoring' retrieved from /opt/airflow/dags/dag_monitoring.py
[2026-08-21T12:06:12.888+0000] {logging_mixin.py:188} INFO - [2026-08-21T12:06:12.887+0000] {dag.py:3036} INFO - Sync 1 DAGs
[2026-08-21T12:06:12.910+0000] {logging_mixin.py:188} INFO - [2026-08-21T12:06:12.909+0000] {dag.py:3823} INFO - Setting next_dagrun for jour8_monitoring to 2026-08-21 00:00:00+00:00, run_after=2026-08-22 00:00:00+00:00
[2026-08-21T12:06:12.931+0000] {processor.py:183} INFO - Processing /opt/airflow/dags/dag_monitoring.py took 0.440 seconds
[2026-08-21T12:06:43.260+0000] {processor.py:161} INFO - Started process (PID=3136) to work on /opt/airflow/dags/dag_monitoring.py
[2026-08-21T12:06:43.261+0000] {processor.py:830} INFO - Processing file /opt/airflow/dags/dag_monitoring.py for tasks to queue
[2026-08-21T12:06:43.264+0000] {logging_mixin.py:188} INFO - [2026-08-21T12:06:43.263+0000] {dagbag.py:538} INFO - Filling up the DagBag from /opt/airflow/dags/dag_monitoring.py
[2026-08-21T12:06:43.543+0000] {processor.py:840} INFO - DAG(s) 'jour8_monitoring' retrieved from /opt/airflow/dags/dag_monitoring.py
[2026-08-21T12:06:43.590+0000] {logging_mixin.py:188} INFO - [2026-08-21T12:06:43.589+0000] {dag.py:3036} INFO - Sync 1 DAGs
[2026-08-21T12:06:43.616+0000] {logging_mixin.py:188} INFO - [2026-08-21T12:06:43.616+0000] {dag.py:3823} INFO - Setting next_dagrun for jour8_monitoring to 2026-08-21 00:00:00+00:00, run_after=2026-08-22 00:00:00+00:00
[2026-08-21T12:06:43.645+0000] {processor.py:183} INFO - Processing /opt/airflow/dags/dag_monitoring.py took 0.390 seconds
[2026-08-21T12:07:14.232+0000] {processor.py:161} INFO - Started process (PID=3223) to work on /opt/airflow/dags/dag_monitoring.py
[2026-08-21T12:07:14.233+0000] {processor.py:830} INFO - Processing file /opt/airflow/dags/dag_monitoring.py for tasks to queue
[2026-08-21T12:07:14.237+0000] {logging_mixin.py:188} INFO - [2026-08-21T12:07:14.236+0000] {dagbag.py:538} INFO - Filling up the DagBag from /opt/airflow/dags/dag_monitoring.py
[2026-08-21T12:07:14.581+0000] {processor.py:840} INFO - DAG(s) 'jour8_monitoring' retrieved from /opt/airflow/dags/dag_monitoring.py
[2026-08-21T12:07:14.628+0000] {logging_mixin.py:188} INFO - [2026-08-21T12:07:14.628+0000] {dag.py:3036} INFO - Sync 1 DAGs
[2026-08-21T12:07:14.651+0000] {logging_mixin.py:188} INFO - [2026-08-21T12:07:14.650+0000] {dag.py:3823} INFO - Setting next_dagrun for jour8_monitoring to 2026-08-21 00:00:00+00:00, run_after=2026-08-22 00:00:00+00:00
[2026-08-21T12:07:14.674+0000] {processor.py:183} INFO - Processing /opt/airflow/dags/dag_monitoring.py took 0.446 seconds
[2026-08-21T12:07:44.767+0000] {processor.py:161} INFO - Started process (PID=3315) to work on /opt/airflow/dags/dag_monitoring.py
[2026-08-21T12:07:44.768+0000] {processor.py:830} INFO - Processing file /opt/airflow/dags/dag_monitoring.py for tasks to queue
[2026-08-21T12:07:44.771+0000] {logging_mixin.py:188} INFO - [2026-08-21T12:07:44.771+0000] {dagbag.py:538} INFO - Filling up the DagBag from /opt/airflow/dags/dag_monitoring.py
[2026-08-21T12:07:45.080+0000] {processor.py:840} INFO - DAG(s) 'jour8_monitoring' retrieved from /opt/airflow/dags/dag_monitoring.py
[2026-08-21T12:07:45.138+0000] {logging_mixin.py:188} INFO - [2026-08-21T12:07:45.137+0000] {dag.py:3036} INFO - Sync 1 DAGs
[2026-08-21T12:07:45.173+0000] {logging_mixin.py:188} INFO - [2026-08-21T12:07:45.173+0000] {dag.py:3823} INFO - Setting next_dagrun for jour8_monitoring to 2026-08-21 00:00:00+00:00, run_after=2026-08-22 00:00:00+00:00
[2026-08-21T12:07:45.200+0000] {processor.py:183} INFO - Processing /opt/airflow/dags/dag_monitoring.py took 0.438 seconds
[2026-08-21T12:08:15.287+0000] {processor.py:161} INFO - Started process (PID=3400) to work on /opt/airflow/dags/dag_monitoring.py
[2026-08-21T12:08:15.289+0000] {processor.py:830} INFO - Processing file /opt/airflow/dags/dag_monitoring.py for tasks to queue
[2026-08-21T12:08:15.292+0000] {logging_mixin.py:188} INFO - [2026-08-21T12:08:15.292+0000] {dagbag.py:538} INFO - Filling up the DagBag from /opt/airflow/dags/dag_monitoring.py
[2026-08-21T12:08:15.698+0000] {processor.py:840} INFO - DAG(s) 'jour8_monitoring' retrieved from /opt/airflow/dags/dag_monitoring.py
[2026-08-21T12:08:15.779+0000] {logging_mixin.py:188} INFO - [2026-08-21T12:08:15.778+0000] {dag.py:3036} INFO - Sync 1 DAGs
[2026-08-21T12:08:15.822+0000] {logging_mixin.py:188} INFO - [2026-08-21T12:08:15.821+0000] {dag.py:3823} INFO - Setting next_dagrun for jour8_monitoring to 2026-08-21 00:00:00+00:00, run_after=2026-08-22 00:00:00+00:00
[2026-08-21T12:08:15.859+0000] {processor.py:183} INFO - Processing /opt/airflow/dags/dag_monitoring.py took 0.577 seconds
[2026-08-21T12:08:46.717+0000] {processor.py:161} INFO - Started process (PID=3489) to work on /opt/airflow/dags/dag_monitoring.py
[2026-08-21T12:08:46.718+0000] {processor.py:830} INFO - Processing file /opt/airflow/dags/dag_monitoring.py for tasks to queue
[2026-08-21T12:08:46.720+0000] {logging_mixin.py:188} INFO - [2026-08-21T12:08:46.720+0000] {dagbag.py:538} INFO - Filling up the DagBag from /opt/airflow/dags/dag_monitoring.py
[2026-08-21T12:08:46.967+0000] {processor.py:840} INFO - DAG(s) 'jour8_monitoring' retrieved from /opt/airflow/dags/dag_monitoring.py
[2026-08-21T12:08:47.018+0000] {logging_mixin.py:188} INFO - [2026-08-21T12:08:47.018+0000] {dag.py:3036} INFO - Sync 1 DAGs
[2026-08-21T12:08:47.041+0000] {logging_mixin.py:188} INFO - [2026-08-21T12:08:47.040+0000] {dag.py:3823} INFO - Setting next_dagrun for jour8_monitoring to 2026-08-21 00:00:00+00:00, run_after=2026-08-22 00:00:00+00:00
[2026-08-21T12:08:47.059+0000] {processor.py:183} INFO - Processing /opt/airflow/dags/dag_monitoring.py took 0.345 seconds
[2026-08-21T12:09:17.183+0000] {processor.py:161} INFO - Started process (PID=3580) to work on /opt/airflow/dags/dag_monitoring.py
[2026-08-21T12:09:17.184+0000] {processor.py:830} INFO - Processing file /opt/airflow/dags/dag_monitoring.py for tasks to queue
[2026-08-21T12:09:17.187+0000] {logging_mixin.py:188} INFO - [2026-08-21T12:09:17.186+0000] {dagbag.py:538} INFO - Filling up the DagBag from /opt/airflow/dags/dag_monitoring.py
[2026-08-21T12:09:17.422+0000] {processor.py:840} INFO - DAG(s) 'jour8_monitoring' retrieved from /opt/airflow/dags/dag_monitoring.py
[2026-08-21T12:09:17.474+0000] {logging_mixin.py:188} INFO - [2026-08-21T12:09:17.474+0000] {dag.py:3036} INFO - Sync 1 DAGs
[2026-08-21T12:09:17.496+0000] {logging_mixin.py:188} INFO - [2026-08-21T12:09:17.495+0000] {dag.py:3823} INFO - Setting next_dagrun for jour8_monitoring to 2026-08-21 00:00:00+00:00, run_after=2026-08-22 00:00:00+00:00
[2026-08-21T12:09:17.514+0000] {processor.py:183} INFO - Processing /opt/airflow/dags/dag_monitoring.py took 0.333 seconds
[2026-08-21T12:09:48.394+0000] {processor.py:161} INFO - Started process (PID=3667) to work on /opt/airflow/dags/dag_monitoring.py
[2026-08-21T12:09:48.396+0000] {processor.py:830} INFO - Processing file /opt/airflow/dags/dag_monitoring.py for tasks to queue
[2026-08-21T12:09:48.399+0000] {logging_mixin.py:188} INFO - [2026-08-21T12:09:48.398+0000] {dagbag.py:538} INFO - Filling up the DagBag from /opt/airflow/dags/dag_monitoring.py
[2026-08-21T12:09:48.707+0000] {processor.py:840} INFO - DAG(s) 'jour8_monitoring' retrieved from /opt/airflow/dags/dag_monitoring.py
[2026-08-21T12:09:48.760+0000] {logging_mixin.py:188} INFO - [2026-08-21T12:09:48.759+0000] {dag.py:3036} INFO - Sync 1 DAGs
[2026-08-21T12:09:48.810+0000] {logging_mixin.py:188} INFO - [2026-08-21T12:09:48.810+0000] {dag.py:3823} INFO - Setting next_dagrun for jour8_monitoring to 2026-08-21 00:00:00+00:00, run_after=2026-08-22 00:00:00+00:00
[2026-08-21T12:09:48.868+0000] {processor.py:183} INFO - Processing /opt/airflow/dags/dag_monitoring.py took 0.479 seconds
[2026-08-21T12:10:19.540+0000] {processor.py:161} INFO - Started process (PID=3754) to work on /opt/airflow/dags/dag_monitoring.py
[2026-08-21T12:10:19.542+0000] {processor.py:830} INFO - Processing file /opt/airflow/dags/dag_monitoring.py for tasks to queue
[2026-08-21T12:10:19.544+0000] {logging_mixin.py:188} INFO - [2026-08-21T12:10:19.544+0000] {dagbag.py:538} INFO - Filling up the DagBag from /opt/airflow/dags/dag_monitoring.py
[2026-08-21T12:10:19.802+0000] {processor.py:840} INFO - DAG(s) 'jour8_monitoring' retrieved from /opt/airflow/dags/dag_monitoring.py
[2026-08-21T12:10:19.847+0000] {logging_mixin.py:188} INFO - [2026-08-21T12:10:19.847+0000] {dag.py:3036} INFO - Sync 1 DAGs
[2026-08-21T12:10:19.873+0000] {logging_mixin.py:188} INFO - [2026-08-21T12:10:19.873+0000] {dag.py:3823} INFO - Setting next_dagrun for jour8_monitoring to 2026-08-21 00:00:00+00:00, run_after=2026-08-22 00:00:00+00:00
[2026-08-21T12:10:19.895+0000] {processor.py:183} INFO - Processing /opt/airflow/dags/dag_monitoring.py took 0.359 seconds
[2026-08-21T12:10:50.212+0000] {processor.py:161} INFO - Started process (PID=3846) to work on /opt/airflow/dags/dag_monitoring.py
[2026-08-21T12:10:50.214+0000] {processor.py:830} INFO - Processing file /opt/airflow/dags/dag_monitoring.py for tasks to queue
[2026-08-21T12:10:50.217+0000] {logging_mixin.py:188} INFO - [2026-08-21T12:10:50.216+0000] {dagbag.py:538} INFO - Filling up the DagBag from /opt/airflow/dags/dag_monitoring.py
[2026-08-21T12:10:50.477+0000] {processor.py:840} INFO - DAG(s) 'jour8_monitoring' retrieved from /opt/airflow/dags/dag_monitoring.py
[2026-08-21T12:10:50.522+0000] {logging_mixin.py:188} INFO - [2026-08-21T12:10:50.521+0000] {dag.py:3036} INFO - Sync 1 DAGs
[2026-08-21T12:10:50.680+0000] {logging_mixin.py:188} INFO - [2026-08-21T12:10:50.680+0000] {dag.py:3823} INFO - Setting next_dagrun for jour8_monitoring to 2026-08-21 00:00:00+00:00, run_after=2026-08-22 00:00:00+00:00
[2026-08-21T12:10:50.699+0000] {processor.py:183} INFO - Processing /opt/airflow/dags/dag_monitoring.py took 0.490 seconds
[2026-08-21T12:11:21.256+0000] {processor.py:161} INFO - Started process (PID=3933) to work on /opt/airflow/dags/dag_monitoring.py
[2026-08-21T12:11:21.257+0000] {processor.py:830} INFO - Processing file /opt/airflow/dags/dag_monitoring.py for tasks to queue
[2026-08-21T12:11:21.260+0000] {logging_mixin.py:188} INFO - [2026-08-21T12:11:21.259+0000] {dagbag.py:538} INFO - Filling up the DagBag from /opt/airflow/dags/dag_monitoring.py
[2026-08-21T12:11:21.529+0000] {processor.py:840} INFO - DAG(s) 'jour8_monitoring' retrieved from /opt/airflow/dags/dag_monitoring.py
[2026-08-21T12:11:21.594+0000] {logging_mixin.py:188} INFO - [2026-08-21T12:11:21.593+0000] {dag.py:3036} INFO - Sync 1 DAGs
[2026-08-21T12:11:21.749+0000] {logging_mixin.py:188} INFO - [2026-08-21T12:11:21.748+0000] {dag.py:3823} INFO - Setting next_dagrun for jour8_monitoring to 2026-08-21 00:00:00+00:00, run_after=2026-08-22 00:00:00+00:00
[2026-08-21T12:11:21.766+0000] {processor.py:183} INFO - Processing /opt/airflow/dags/dag_monitoring.py took 0.515 seconds
[2026-08-21T12:11:51.923+0000] {processor.py:161} INFO - Started process (PID=4020) to work on /opt/airflow/dags/dag_monitoring.py
[2026-08-21T12:11:51.924+0000] {processor.py:830} INFO - Processing file /opt/airflow/dags/dag_monitoring.py for tasks to queue
[2026-08-21T12:11:51.927+0000] {logging_mixin.py:188} INFO - [2026-08-21T12:11:51.927+0000] {dagbag.py:538} INFO - Filling up the DagBag from /opt/airflow/dags/dag_monitoring.py
[2026-08-21T12:11:52.369+0000] {processor.py:840} INFO - DAG(s) 'jour8_monitoring' retrieved from /opt/airflow/dags/dag_monitoring.py
[2026-08-21T12:11:52.421+0000] {logging_mixin.py:188} INFO - [2026-08-21T12:11:52.421+0000] {dag.py:3036} INFO - Sync 1 DAGs
[2026-08-21T12:11:52.445+0000] {logging_mixin.py:188} INFO - [2026-08-21T12:11:52.444+0000] {dag.py:3823} INFO - Setting next_dagrun for jour8_monitoring to 2026-08-21 00:00:00+00:00, run_after=2026-08-22 00:00:00+00:00
[2026-08-21T12:11:52.465+0000] {processor.py:183} INFO - Processing /opt/airflow/dags/dag_monitoring.py took 0.546 seconds
[2026-08-21T12:12:22.662+0000] {processor.py:161} INFO - Started process (PID=4107) to work on /opt/airflow/dags/dag_monitoring.py
[2026-08-21T12:12:22.664+0000] {processor.py:830} INFO - Processing file /opt/airflow/dags/dag_monitoring.py for tasks to queue
[2026-08-21T12:12:22.671+0000] {logging_mixin.py:188} INFO - [2026-08-21T12:12:22.668+0000] {dagbag.py:538} INFO - Filling up the DagBag from /opt/airflow/dags/dag_monitoring.py
[2026-08-21T12:12:23.119+0000] {processor.py:840} INFO - DAG(s) 'jour8_monitoring' retrieved from /opt/airflow/dags/dag_monitoring.py
[2026-08-21T12:12:23.158+0000] {logging_mixin.py:188} INFO - [2026-08-21T12:12:23.157+0000] {dag.py:3036} INFO - Sync 1 DAGs
[2026-08-21T12:12:23.179+0000] {logging_mixin.py:188} INFO - [2026-08-21T12:12:23.179+0000] {dag.py:3823} INFO - Setting next_dagrun for jour8_monitoring to 2026-08-21 00:00:00+00:00, run_after=2026-08-22 00:00:00+00:00
[2026-08-21T12:12:23.199+0000] {processor.py:183} INFO - Processing /opt/airflow/dags/dag_monitoring.py took 0.541 seconds
[2026-08-21T12:12:53.390+0000] {processor.py:161} INFO - Started process (PID=4194) to work on /opt/airflow/dags/dag_monitoring.py
[2026-08-21T12:12:53.392+0000] {processor.py:830} INFO - Processing file /opt/airflow/dags/dag_monitoring.py for tasks to queue
[2026-08-21T12:12:53.394+0000] {logging_mixin.py:188} INFO - [2026-08-21T12:12:53.394+0000] {dagbag.py:538} INFO - Filling up the DagBag from /opt/airflow/dags/dag_monitoring.py
[2026-08-21T12:12:53.827+0000] {processor.py:840} INFO - DAG(s) 'jour8_monitoring' retrieved from /opt/airflow/dags/dag_monitoring.py
[2026-08-21T12:12:53.865+0000] {logging_mixin.py:188} INFO - [2026-08-21T12:12:53.864+0000] {dag.py:3036} INFO - Sync 1 DAGs
[2026-08-21T12:12:53.887+0000] {logging_mixin.py:188} INFO - [2026-08-21T12:12:53.886+0000] {dag.py:3823} INFO - Setting next_dagrun for jour8_monitoring to 2026-08-21 00:00:00+00:00, run_after=2026-08-22 00:00:00+00:00
[2026-08-21T12:12:53.907+0000] {processor.py:183} INFO - Processing /opt/airflow/dags/dag_monitoring.py took 0.520 seconds
[2026-08-21T12:13:23.972+0000] {processor.py:161} INFO - Started process (PID=4281) to work on /opt/airflow/dags/dag_monitoring.py
[2026-08-21T12:13:23.973+0000] {processor.py:830} INFO - Processing file /opt/airflow/dags/dag_monitoring.py for tasks to queue
[2026-08-21T12:13:23.977+0000] {logging_mixin.py:188} INFO - [2026-08-21T12:13:23.976+0000] {dagbag.py:538} INFO - Filling up the DagBag from /opt/airflow/dags/dag_monitoring.py
[2026-08-21T12:13:24.466+0000] {processor.py:840} INFO - DAG(s) 'jour8_monitoring' retrieved from /opt/airflow/dags/dag_monitoring.py
[2026-08-21T12:13:24.508+0000] {logging_mixin.py:188} INFO - [2026-08-21T12:13:24.508+0000] {dag.py:3036} INFO - Sync 1 DAGs
[2026-08-21T12:13:24.530+0000] {logging_mixin.py:188} INFO - [2026-08-21T12:13:24.530+0000] {dag.py:3823} INFO - Setting next_dagrun for jour8_monitoring to 2026-08-21 00:00:00+00:00, run_after=2026-08-22 00:00:00+00:00
[2026-08-21T12:13:24.548+0000] {processor.py:183} INFO - Processing /opt/airflow/dags/dag_monitoring.py took 0.581 seconds
[2026-08-21T12:13:54.596+0000] {processor.py:161} INFO - Started process (PID=4369) to work on /opt/airflow/dags/dag_monitoring.py
[2026-08-21T12:13:54.597+0000] {processor.py:830} INFO - Processing file /opt/airflow/dags/dag_monitoring.py for tasks to queue
[2026-08-21T12:13:54.600+0000] {logging_mixin.py:188} INFO - [2026-08-21T12:13:54.599+0000] {dagbag.py:538} INFO - Filling up the DagBag from /opt/airflow/dags/dag_monitoring.py
[2026-08-21T12:13:55.036+0000] {processor.py:840} INFO - DAG(s) 'jour8_monitoring' retrieved from /opt/airflow/dags/dag_monitoring.py
[2026-08-21T12:13:55.078+0000] {logging_mixin.py:188} INFO - [2026-08-21T12:13:55.077+0000] {dag.py:3036} INFO - Sync 1 DAGs
[2026-08-21T12:13:55.101+0000] {logging_mixin.py:188} INFO - [2026-08-21T12:13:55.101+0000] {dag.py:3823} INFO - Setting next_dagrun for jour8_monitoring to 2026-08-21 00:00:00+00:00, run_after=2026-08-22 00:00:00+00:00
[2026-08-21T12:13:55.126+0000] {processor.py:183} INFO - Processing /opt/airflow/dags/dag_monitoring.py took 0.534 seconds
[2026-08-21T12:14:25.194+0000] {processor.py:161} INFO - Started process (PID=4456) to work on /opt/airflow/dags/dag_monitoring.py
[2026-08-21T12:14:25.195+0000] {processor.py:830} INFO - Processing file /opt/airflow/dags/dag_monitoring.py for tasks to queue
[2026-08-21T12:14:25.197+0000] {logging_mixin.py:188} INFO - [2026-08-21T12:14:25.197+0000] {dagbag.py:538} INFO - Filling up the DagBag from /opt/airflow/dags/dag_monitoring.py
[2026-08-21T12:14:25.591+0000] {processor.py:840} INFO - DAG(s) 'jour8_monitoring' retrieved from /opt/airflow/dags/dag_monitoring.py
[2026-08-21T12:14:25.636+0000] {logging_mixin.py:188} INFO - [2026-08-21T12:14:25.635+0000] {dag.py:3036} INFO - Sync 1 DAGs
[2026-08-21T12:14:25.659+0000] {logging_mixin.py:188} INFO - [2026-08-21T12:14:25.659+0000] {dag.py:3823} INFO - Setting next_dagrun for jour8_monitoring to 2026-08-21 00:00:00+00:00, run_after=2026-08-22 00:00:00+00:00
[2026-08-21T12:14:25.679+0000] {processor.py:183} INFO - Processing /opt/airflow/dags/dag_monitoring.py took 0.489 seconds
[2026-08-21T12:14:55.770+0000] {processor.py:161} INFO - Started process (PID=4543) to work on /opt/airflow/dags/dag_monitoring.py
[2026-08-21T12:14:55.772+0000] {processor.py:830} INFO - Processing file /opt/airflow/dags/dag_monitoring.py for tasks to queue
[2026-08-21T12:14:55.774+0000] {logging_mixin.py:188} INFO - [2026-08-21T12:14:55.774+0000] {dagbag.py:538} INFO - Filling up the DagBag from /opt/airflow/dags/dag_monitoring.py
[2026-08-21T12:14:56.222+0000] {processor.py:840} INFO - DAG(s) 'jour8_monitoring' retrieved from /opt/airflow/dags/dag_monitoring.py
[2026-08-21T12:14:56.261+0000] {logging_mixin.py:188} INFO - [2026-08-21T12:14:56.260+0000] {dag.py:3036} INFO - Sync 1 DAGs
[2026-08-21T12:14:56.282+0000] {logging_mixin.py:188} INFO - [2026-08-21T12:14:56.282+0000] {dag.py:3823} INFO - Setting next_dagrun for jour8_monitoring to 2026-08-21 00:00:00+00:00, run_after=2026-08-22 00:00:00+00:00
[2026-08-21T12:14:56.302+0000] {processor.py:183} INFO - Processing /opt/airflow/dags/dag_monitoring.py took 0.537 seconds
[2026-08-21T12:15:26.409+0000] {processor.py:161} INFO - Started process (PID=4630) to work on /opt/airflow/dags/dag_monitoring.py
[2026-08-21T12:15:26.411+0000] {processor.py:830} INFO - Processing file /opt/airflow/dags/dag_monitoring.py for tasks to queue
[2026-08-21T12:15:26.420+0000] {logging_mixin.py:188} INFO - [2026-08-21T12:15:26.419+0000] {dagbag.py:538} INFO - Filling up the DagBag from /opt/airflow/dags/dag_monitoring.py
[2026-08-21T12:15:26.984+0000] {processor.py:840} INFO - DAG(s) 'jour8_monitoring' retrieved from /opt/airflow/dags/dag_monitoring.py
[2026-08-21T12:15:27.029+0000] {logging_mixin.py:188} INFO - [2026-08-21T12:15:27.029+0000] {dag.py:3036} INFO - Sync 1 DAGs
[2026-08-21T12:15:27.052+0000] {logging_mixin.py:188} INFO - [2026-08-21T12:15:27.051+0000] {dag.py:3823} INFO - Setting next_dagrun for jour8_monitoring to 2026-08-21 00:00:00+00:00, run_after=2026-08-22 00:00:00+00:00
[2026-08-21T12:15:27.074+0000] {processor.py:183} INFO - Processing /opt/airflow/dags/dag_monitoring.py took 0.670 seconds
[2026-08-21T12:15:58.127+0000] {processor.py:161} INFO - Started process (PID=4717) to work on /opt/airflow/dags/dag_monitoring.py
[2026-08-21T12:15:58.128+0000] {processor.py:830} INFO - Processing file /opt/airflow/dags/dag_monitoring.py for tasks to queue
[2026-08-21T12:15:58.131+0000] {logging_mixin.py:188} INFO - [2026-08-21T12:15:58.131+0000] {dagbag.py:538} INFO - Filling up the DagBag from /opt/airflow/dags/dag_monitoring.py
[2026-08-21T12:15:58.581+0000] {processor.py:840} INFO - DAG(s) 'jour8_monitoring' retrieved from /opt/airflow/dags/dag_monitoring.py
[2026-08-21T12:15:58.623+0000] {logging_mixin.py:188} INFO - [2026-08-21T12:15:58.623+0000] {dag.py:3036} INFO - Sync 1 DAGs
[2026-08-21T12:15:58.644+0000] {logging_mixin.py:188} INFO - [2026-08-21T12:15:58.644+0000] {dag.py:3823} INFO - Setting next_dagrun for jour8_monitoring to 2026-08-21 00:00:00+00:00, run_after=2026-08-22 00:00:00+00:00
[2026-08-21T12:15:58.665+0000] {processor.py:183} INFO - Processing /opt/airflow/dags/dag_monitoring.py took 0.543 seconds
[2026-08-21T12:16:28.733+0000] {processor.py:161} INFO - Started process (PID=4805) to work on /opt/airflow/dags/dag_monitoring.py
[2026-08-21T12:16:28.735+0000] {processor.py:830} INFO - Processing file /opt/airflow/dags/dag_monitoring.py for tasks to queue
[2026-08-21T12:16:28.738+0000] {logging_mixin.py:188} INFO - [2026-08-21T12:16:28.738+0000] {dagbag.py:538} INFO - Filling up the DagBag from /opt/airflow/dags/dag_monitoring.py
[2026-08-21T12:16:29.138+0000] {processor.py:840} INFO - DAG(s) 'jour8_monitoring' retrieved from /opt/airflow/dags/dag_monitoring.py
[2026-08-21T12:16:29.180+0000] {logging_mixin.py:188} INFO - [2026-08-21T12:16:29.180+0000] {dag.py:3036} INFO - Sync 1 DAGs
[2026-08-21T12:16:29.201+0000] {logging_mixin.py:188} INFO - [2026-08-21T12:16:29.201+0000] {dag.py:3823} INFO - Setting next_dagrun for jour8_monitoring to 2026-08-21 00:00:00+00:00, run_after=2026-08-22 00:00:00+00:00
[2026-08-21T12:16:29.221+0000] {processor.py:183} INFO - Processing /opt/airflow/dags/dag_monitoring.py took 0.492 seconds
[2026-08-21T12:16:59.508+0000] {processor.py:161} INFO - Started process (PID=4892) to work on /opt/airflow/dags/dag_monitoring.py
[2026-08-21T12:16:59.510+0000] {processor.py:830} INFO - Processing file /opt/airflow/dags/dag_monitoring.py for tasks to queue
[2026-08-21T12:16:59.513+0000] {logging_mixin.py:188} INFO - [2026-08-21T12:16:59.512+0000] {dagbag.py:538} INFO - Filling up the DagBag from /opt/airflow/dags/dag_monitoring.py
[2026-08-21T12:16:59.931+0000] {processor.py:840} INFO - DAG(s) 'jour8_monitoring' retrieved from /opt/airflow/dags/dag_monitoring.py
[2026-08-21T12:16:59.973+0000] {logging_mixin.py:188} INFO - [2026-08-21T12:16:59.972+0000] {dag.py:3036} INFO - Sync 1 DAGs
[2026-08-21T12:16:59.994+0000] {logging_mixin.py:188} INFO - [2026-08-21T12:16:59.994+0000] {dag.py:3823} INFO - Setting next_dagrun for jour8_monitoring to 2026-08-21 00:00:00+00:00, run_after=2026-08-22 00:00:00+00:00
[2026-08-21T12:17:00.015+0000] {processor.py:183} INFO - Processing /opt/airflow/dags/dag_monitoring.py took 0.510 seconds
[2026-08-21T12:17:30.141+0000] {processor.py:161} INFO - Started process (PID=4979) to work on /opt/airflow/dags/dag_monitoring.py
[2026-08-21T12:17:30.142+0000] {processor.py:830} INFO - Processing file /opt/airflow/dags/dag_monitoring.py for tasks to queue
[2026-08-21T12:17:30.145+0000] {logging_mixin.py:188} INFO - [2026-08-21T12:17:30.144+0000] {dagbag.py:538} INFO - Filling up the DagBag from /opt/airflow/dags/dag_monitoring.py
[2026-08-21T12:17:30.467+0000] {processor.py:840} INFO - DAG(s) 'jour8_monitoring' retrieved from /opt/airflow/dags/dag_monitoring.py
[2026-08-21T12:17:30.514+0000] {logging_mixin.py:188} INFO - [2026-08-21T12:17:30.513+0000] {dag.py:3036} INFO - Sync 1 DAGs
[2026-08-21T12:17:30.539+0000] {logging_mixin.py:188} INFO - [2026-08-21T12:17:30.539+0000] {dag.py:3823} INFO - Setting next_dagrun for jour8_monitoring to 2026-08-21 00:00:00+00:00, run_after=2026-08-22 00:00:00+00:00
[2026-08-21T12:17:30.559+0000] {processor.py:183} INFO - Processing /opt/airflow/dags/dag_monitoring.py took 0.422 seconds
[2026-08-21T12:18:02.486+0000] {processor.py:161} INFO - Started process (PID=5069) to work on /opt/airflow/dags/dag_monitoring.py
[2026-08-21T12:18:02.488+0000] {processor.py:830} INFO - Processing file /opt/airflow/dags/dag_monitoring.py for tasks to queue
[2026-08-21T12:18:02.497+0000] {logging_mixin.py:188} INFO - [2026-08-21T12:18:02.496+0000] {dagbag.py:538} INFO - Filling up the DagBag from /opt/airflow/dags/dag_monitoring.py
[2026-08-21T12:18:03.188+0000] {processor.py:840} INFO - DAG(s) 'jour8_monitoring' retrieved from /opt/airflow/dags/dag_monitoring.py
[2026-08-21T12:18:03.263+0000] {logging_mixin.py:188} INFO - [2026-08-21T12:18:03.262+0000] {dag.py:3036} INFO - Sync 1 DAGs
[2026-08-21T12:18:03.314+0000] {logging_mixin.py:188} INFO - [2026-08-21T12:18:03.314+0000] {dag.py:3823} INFO - Setting next_dagrun for jour8_monitoring to 2026-08-21 00:00:00+00:00, run_after=2026-08-22 00:00:00+00:00
[2026-08-21T12:18:03.364+0000] {processor.py:183} INFO - Processing /opt/airflow/dags/dag_monitoring.py took 0.886 seconds
[2026-08-21T12:18:33.427+0000] {processor.py:161} INFO - Started process (PID=5156) to work on /opt/airflow/dags/dag_monitoring.py
[2026-08-21T12:18:33.428+0000] {processor.py:830} INFO - Processing file /opt/airflow/dags/dag_monitoring.py for tasks to queue
[2026-08-21T12:18:33.431+0000] {logging_mixin.py:188} INFO - [2026-08-21T12:18:33.430+0000] {dagbag.py:538} INFO - Filling up the DagBag from /opt/airflow/dags/dag_monitoring.py
[2026-08-21T12:18:33.662+0000] {processor.py:840} INFO - DAG(s) 'jour8_monitoring' retrieved from /opt/airflow/dags/dag_monitoring.py
[2026-08-21T12:18:33.697+0000] {logging_mixin.py:188} INFO - [2026-08-21T12:18:33.697+0000] {dag.py:3036} INFO - Sync 1 DAGs
[2026-08-21T12:18:33.717+0000] {logging_mixin.py:188} INFO - [2026-08-21T12:18:33.717+0000] {dag.py:3823} INFO - Setting next_dagrun for jour8_monitoring to 2026-08-21 00:00:00+00:00, run_after=2026-08-22 00:00:00+00:00
[2026-08-21T12:18:33.734+0000] {processor.py:183} INFO - Processing /opt/airflow/dags/dag_monitoring.py took 0.311 seconds
[2026-08-21T12:19:04.200+0000] {processor.py:161} INFO - Started process (PID=5243) to work on /opt/airflow/dags/dag_monitoring.py
[2026-08-21T12:19:04.201+0000] {processor.py:830} INFO - Processing file /opt/airflow/dags/dag_monitoring.py for tasks to queue
[2026-08-21T12:19:04.203+0000] {logging_mixin.py:188} INFO - [2026-08-21T12:19:04.203+0000] {dagbag.py:538} INFO - Filling up the DagBag from /opt/airflow/dags/dag_monitoring.py
[2026-08-21T12:19:04.515+0000] {processor.py:840} INFO - DAG(s) 'jour8_monitoring' retrieved from /opt/airflow/dags/dag_monitoring.py
[2026-08-21T12:19:04.573+0000] {logging_mixin.py:188} INFO - [2026-08-21T12:19:04.572+0000] {dag.py:3036} INFO - Sync 1 DAGs
[2026-08-21T12:19:04.601+0000] {logging_mixin.py:188} INFO - [2026-08-21T12:19:04.601+0000] {dag.py:3823} INFO - Setting next_dagrun for jour8_monitoring to 2026-08-21 00:00:00+00:00, run_after=2026-08-22 00:00:00+00:00
[2026-08-21T12:19:04.622+0000] {processor.py:183} INFO - Processing /opt/airflow/dags/dag_monitoring.py took 0.426 seconds
[2026-08-21T12:19:34.672+0000] {processor.py:161} INFO - Started process (PID=5329) to work on /opt/airflow/dags/dag_monitoring.py
[2026-08-21T12:19:34.673+0000] {processor.py:830} INFO - Processing file /opt/airflow/dags/dag_monitoring.py for tasks to queue
[2026-08-21T12:19:34.675+0000] {logging_mixin.py:188} INFO - [2026-08-21T12:19:34.675+0000] {dagbag.py:538} INFO - Filling up the DagBag from /opt/airflow/dags/dag_monitoring.py
[2026-08-21T12:19:34.908+0000] {processor.py:840} INFO - DAG(s) 'jour8_monitoring' retrieved from /opt/airflow/dags/dag_monitoring.py
[2026-08-21T12:19:34.949+0000] {logging_mixin.py:188} INFO - [2026-08-21T12:19:34.949+0000] {dag.py:3036} INFO - Sync 1 DAGs
[2026-08-21T12:19:34.972+0000] {logging_mixin.py:188} INFO - [2026-08-21T12:19:34.972+0000] {dag.py:3823} INFO - Setting next_dagrun for jour8_monitoring to 2026-08-21 00:00:00+00:00, run_after=2026-08-22 00:00:00+00:00
[2026-08-21T12:19:34.991+0000] {processor.py:183} INFO - Processing /opt/airflow/dags/dag_monitoring.py took 0.323 seconds
[2026-08-21T12:20:05.946+0000] {processor.py:161} INFO - Started process (PID=5416) to work on /opt/airflow/dags/dag_monitoring.py
[2026-08-21T12:20:05.947+0000] {processor.py:830} INFO - Processing file /opt/airflow/dags/dag_monitoring.py for tasks to queue
[2026-08-21T12:20:05.951+0000] {logging_mixin.py:188} INFO - [2026-08-21T12:20:05.951+0000] {dagbag.py:538} INFO - Filling up the DagBag from /opt/airflow/dags/dag_monitoring.py
[2026-08-21T12:20:06.279+0000] {processor.py:840} INFO - DAG(s) 'jour8_monitoring' retrieved from /opt/airflow/dags/dag_monitoring.py
[2026-08-21T12:20:06.335+0000] {logging_mixin.py:188} INFO - [2026-08-21T12:20:06.335+0000] {dag.py:3036} INFO - Sync 1 DAGs
[2026-08-21T12:20:06.361+0000] {logging_mixin.py:188} INFO - [2026-08-21T12:20:06.360+0000] {dag.py:3823} INFO - Setting next_dagrun for jour8_monitoring to 2026-08-21 00:00:00+00:00, run_after=2026-08-22 00:00:00+00:00
[2026-08-21T12:20:06.384+0000] {processor.py:183} INFO - Processing /opt/airflow/dags/dag_monitoring.py took 0.444 seconds
[2026-08-21T12:20:36.619+0000] {processor.py:161} INFO - Started process (PID=5502) to work on /opt/airflow/dags/dag_monitoring.py
[2026-08-21T12:20:36.623+0000] {processor.py:830} INFO - Processing file /opt/airflow/dags/dag_monitoring.py for tasks to queue
[2026-08-21T12:20:36.627+0000] {logging_mixin.py:188} INFO - [2026-08-21T12:20:36.627+0000] {dagbag.py:538} INFO - Filling up the DagBag from /opt/airflow/dags/dag_monitoring.py
[2026-08-21T12:20:37.957+0000] {processor.py:840} INFO - DAG(s) 'jour8_monitoring' retrieved from /opt/airflow/dags/dag_monitoring.py
[2026-08-21T12:20:38.110+0000] {logging_mixin.py:188} INFO - [2026-08-21T12:20:38.109+0000] {dag.py:3036} INFO - Sync 1 DAGs
[2026-08-21T12:20:38.233+0000] {logging_mixin.py:188} INFO - [2026-08-21T12:20:38.233+0000] {dag.py:3823} INFO - Setting next_dagrun for jour8_monitoring to 2026-08-21 00:00:00+00:00, run_after=2026-08-22 00:00:00+00:00
[2026-08-21T12:20:38.334+0000] {processor.py:183} INFO - Processing /opt/airflow/dags/dag_monitoring.py took 1.725 seconds
[2026-08-21T12:21:08.906+0000] {processor.py:161} INFO - Started process (PID=5589) to work on /opt/airflow/dags/dag_monitoring.py
[2026-08-21T12:21:08.908+0000] {processor.py:830} INFO - Processing file /opt/airflow/dags/dag_monitoring.py for tasks to queue
[2026-08-21T12:21:08.910+0000] {logging_mixin.py:188} INFO - [2026-08-21T12:21:08.910+0000] {dagbag.py:538} INFO - Filling up the DagBag from /opt/airflow/dags/dag_monitoring.py
[2026-08-21T12:21:09.171+0000] {processor.py:840} INFO - DAG(s) 'jour8_monitoring' retrieved from /opt/airflow/dags/dag_monitoring.py
[2026-08-21T12:21:09.383+0000] {logging_mixin.py:188} INFO - [2026-08-21T12:21:09.382+0000] {dag.py:3036} INFO - Sync 1 DAGs
[2026-08-21T12:21:09.527+0000] {logging_mixin.py:188} INFO - [2026-08-21T12:21:09.527+0000] {dag.py:3823} INFO - Setting next_dagrun for jour8_monitoring to 2026-08-21 00:00:00+00:00, run_after=2026-08-22 00:00:00+00:00
[2026-08-21T12:21:09.726+0000] {processor.py:183} INFO - Processing /opt/airflow/dags/dag_monitoring.py took 0.823 seconds
[2026-08-21T12:21:39.888+0000] {processor.py:161} INFO - Started process (PID=5676) to work on /opt/airflow/dags/dag_monitoring.py
[2026-08-21T12:21:39.889+0000] {processor.py:830} INFO - Processing file /opt/airflow/dags/dag_monitoring.py for tasks to queue
[2026-08-21T12:21:39.892+0000] {logging_mixin.py:188} INFO - [2026-08-21T12:21:39.891+0000] {dagbag.py:538} INFO - Filling up the DagBag from /opt/airflow/dags/dag_monitoring.py
[2026-08-21T12:21:40.198+0000] {processor.py:840} INFO - DAG(s) 'jour8_monitoring' retrieved from /opt/airflow/dags/dag_monitoring.py
[2026-08-21T12:21:40.249+0000] {logging_mixin.py:188} INFO - [2026-08-21T12:21:40.249+0000] {dag.py:3036} INFO - Sync 1 DAGs
[2026-08-21T12:21:40.440+0000] {logging_mixin.py:188} INFO - [2026-08-21T12:21:40.440+0000] {dag.py:3823} INFO - Setting next_dagrun for jour8_monitoring to 2026-08-21 00:00:00+00:00, run_after=2026-08-22 00:00:00+00:00
[2026-08-21T12:21:40.512+0000] {processor.py:183} INFO - Processing /opt/airflow/dags/dag_monitoring.py took 0.628 seconds
[2026-08-21T12:22:10.911+0000] {processor.py:161} INFO - Started process (PID=5763) to work on /opt/airflow/dags/dag_monitoring.py
[2026-08-21T12:22:10.913+0000] {processor.py:830} INFO - Processing file /opt/airflow/dags/dag_monitoring.py for tasks to queue
[2026-08-21T12:22:10.915+0000] {logging_mixin.py:188} INFO - [2026-08-21T12:22:10.915+0000] {dagbag.py:538} INFO - Filling up the DagBag from /opt/airflow/dags/dag_monitoring.py
[2026-08-21T12:22:11.454+0000] {processor.py:840} INFO - DAG(s) 'jour8_monitoring' retrieved from /opt/airflow/dags/dag_monitoring.py
[2026-08-21T12:22:11.519+0000] {logging_mixin.py:188} INFO - [2026-08-21T12:22:11.518+0000] {dag.py:3036} INFO - Sync 1 DAGs
[2026-08-21T12:22:11.548+0000] {logging_mixin.py:188} INFO - [2026-08-21T12:22:11.548+0000] {dag.py:3823} INFO - Setting next_dagrun for jour8_monitoring to 2026-08-21 00:00:00+00:00, run_after=2026-08-22 00:00:00+00:00
[2026-08-21T12:22:11.634+0000] {processor.py:183} INFO - Processing /opt/airflow/dags/dag_monitoring.py took 0.726 seconds
[2026-08-21T12:22:41.743+0000] {processor.py:161} INFO - Started process (PID=5851) to work on /opt/airflow/dags/dag_monitoring.py
[2026-08-21T12:22:41.746+0000] {processor.py:830} INFO - Processing file /opt/airflow/dags/dag_monitoring.py for tasks to queue
[2026-08-21T12:22:41.751+0000] {logging_mixin.py:188} INFO - [2026-08-21T12:22:41.750+0000] {dagbag.py:538} INFO - Filling up the DagBag from /opt/airflow/dags/dag_monitoring.py
[2026-08-21T12:22:42.307+0000] {processor.py:840} INFO - DAG(s) 'jour8_monitoring' retrieved from /opt/airflow/dags/dag_monitoring.py
[2026-08-21T12:22:42.385+0000] {logging_mixin.py:188} INFO - [2026-08-21T12:22:42.384+0000] {dag.py:3036} INFO - Sync 1 DAGs
[2026-08-21T12:22:42.415+0000] {logging_mixin.py:188} INFO - [2026-08-21T12:22:42.415+0000] {dag.py:3823} INFO - Setting next_dagrun for jour8_monitoring to 2026-08-21 00:00:00+00:00, run_after=2026-08-22 00:00:00+00:00
[2026-08-21T12:22:42.517+0000] {processor.py:183} INFO - Processing /opt/airflow/dags/dag_monitoring.py took 0.784 seconds
[2026-08-21T12:23:12.830+0000] {processor.py:161} INFO - Started process (PID=5938) to work on /opt/airflow/dags/dag_monitoring.py
[2026-08-21T12:23:12.833+0000] {processor.py:830} INFO - Processing file /opt/airflow/dags/dag_monitoring.py for tasks to queue
[2026-08-21T12:23:12.837+0000] {logging_mixin.py:188} INFO - [2026-08-21T12:23:12.836+0000] {dagbag.py:538} INFO - Filling up the DagBag from /opt/airflow/dags/dag_monitoring.py
[2026-08-21T12:23:13.256+0000] {processor.py:840} INFO - DAG(s) 'jour8_monitoring' retrieved from /opt/airflow/dags/dag_monitoring.py
[2026-08-21T12:23:13.295+0000] {logging_mixin.py:188} INFO - [2026-08-21T12:23:13.294+0000] {dag.py:3036} INFO - Sync 1 DAGs
[2026-08-21T12:23:13.314+0000] {logging_mixin.py:188} INFO - [2026-08-21T12:23:13.313+0000] {dag.py:3823} INFO - Setting next_dagrun for jour8_monitoring to 2026-08-21 00:00:00+00:00, run_after=2026-08-22 00:00:00+00:00
[2026-08-21T12:23:13.372+0000] {processor.py:183} INFO - Processing /opt/airflow/dags/dag_monitoring.py took 0.548 seconds
[2026-08-21T12:23:43.808+0000] {processor.py:161} INFO - Started process (PID=6025) to work on /opt/airflow/dags/dag_monitoring.py
[2026-08-21T12:23:43.809+0000] {processor.py:830} INFO - Processing file /opt/airflow/dags/dag_monitoring.py for tasks to queue
[2026-08-21T12:23:43.812+0000] {logging_mixin.py:188} INFO - [2026-08-21T12:23:43.812+0000] {dagbag.py:538} INFO - Filling up the DagBag from /opt/airflow/dags/dag_monitoring.py
[2026-08-21T12:23:44.182+0000] {processor.py:840} INFO - DAG(s) 'jour8_monitoring' retrieved from /opt/airflow/dags/dag_monitoring.py
[2026-08-21T12:23:44.219+0000] {logging_mixin.py:188} INFO - [2026-08-21T12:23:44.219+0000] {dag.py:3036} INFO - Sync 1 DAGs
[2026-08-21T12:23:44.237+0000] {logging_mixin.py:188} INFO - [2026-08-21T12:23:44.236+0000] {dag.py:3823} INFO - Setting next_dagrun for jour8_monitoring to 2026-08-21 00:00:00+00:00, run_after=2026-08-22 00:00:00+00:00
[2026-08-21T12:23:44.276+0000] {processor.py:183} INFO - Processing /opt/airflow/dags/dag_monitoring.py took 0.473 seconds
[2026-08-21T12:24:14.423+0000] {processor.py:161} INFO - Started process (PID=6112) to work on /opt/airflow/dags/dag_monitoring.py
[2026-08-21T12:24:14.424+0000] {processor.py:830} INFO - Processing file /opt/airflow/dags/dag_monitoring.py for tasks to queue
[2026-08-21T12:24:14.426+0000] {logging_mixin.py:188} INFO - [2026-08-21T12:24:14.426+0000] {dagbag.py:538} INFO - Filling up the DagBag from /opt/airflow/dags/dag_monitoring.py
[2026-08-21T12:24:14.853+0000] {processor.py:840} INFO - DAG(s) 'jour8_monitoring' retrieved from /opt/airflow/dags/dag_monitoring.py
[2026-08-21T12:24:14.905+0000] {logging_mixin.py:188} INFO - [2026-08-21T12:24:14.905+0000] {dag.py:3036} INFO - Sync 1 DAGs
[2026-08-21T12:24:14.934+0000] {logging_mixin.py:188} INFO - [2026-08-21T12:24:14.933+0000] {dag.py:3823} INFO - Setting next_dagrun for jour8_monitoring to 2026-08-21 00:00:00+00:00, run_after=2026-08-22 00:00:00+00:00
[2026-08-21T12:24:15.028+0000] {processor.py:183} INFO - Processing /opt/airflow/dags/dag_monitoring.py took 0.609 seconds
[2026-08-21T12:24:45.086+0000] {processor.py:161} INFO - Started process (PID=6198) to work on /opt/airflow/dags/dag_monitoring.py
[2026-08-21T12:24:45.088+0000] {processor.py:830} INFO - Processing file /opt/airflow/dags/dag_monitoring.py for tasks to queue
[2026-08-21T12:24:45.090+0000] {logging_mixin.py:188} INFO - [2026-08-21T12:24:45.090+0000] {dagbag.py:538} INFO - Filling up the DagBag from /opt/airflow/dags/dag_monitoring.py
[2026-08-21T12:24:45.552+0000] {processor.py:840} INFO - DAG(s) 'jour8_monitoring' retrieved from /opt/airflow/dags/dag_monitoring.py
[2026-08-21T12:24:45.603+0000] {logging_mixin.py:188} INFO - [2026-08-21T12:24:45.603+0000] {dag.py:3036} INFO - Sync 1 DAGs
[2026-08-21T12:24:45.621+0000] {logging_mixin.py:188} INFO - [2026-08-21T12:24:45.621+0000] {dag.py:3823} INFO - Setting next_dagrun for jour8_monitoring to 2026-08-21 00:00:00+00:00, run_after=2026-08-22 00:00:00+00:00
[2026-08-21T12:24:45.674+0000] {processor.py:183} INFO - Processing /opt/airflow/dags/dag_monitoring.py took 0.591 seconds
[2026-08-21T12:25:16.613+0000] {processor.py:161} INFO - Started process (PID=6285) to work on /opt/airflow/dags/dag_monitoring.py
[2026-08-21T12:25:16.614+0000] {processor.py:830} INFO - Processing file /opt/airflow/dags/dag_monitoring.py for tasks to queue
[2026-08-21T12:25:16.616+0000] {logging_mixin.py:188} INFO - [2026-08-21T12:25:16.616+0000] {dagbag.py:538} INFO - Filling up the DagBag from /opt/airflow/dags/dag_monitoring.py
[2026-08-21T12:25:17.072+0000] {processor.py:840} INFO - DAG(s) 'jour8_monitoring' retrieved from /opt/airflow/dags/dag_monitoring.py
[2026-08-21T12:25:17.123+0000] {logging_mixin.py:188} INFO - [2026-08-21T12:25:17.122+0000] {dag.py:3036} INFO - Sync 1 DAGs
[2026-08-21T12:25:17.148+0000] {logging_mixin.py:188} INFO - [2026-08-21T12:25:17.147+0000] {dag.py:3823} INFO - Setting next_dagrun for jour8_monitoring to 2026-08-21 00:00:00+00:00, run_after=2026-08-22 00:00:00+00:00
[2026-08-21T12:25:17.171+0000] {processor.py:183} INFO - Processing /opt/airflow/dags/dag_monitoring.py took 0.562 seconds
[2026-08-21T12:25:47.454+0000] {processor.py:161} INFO - Started process (PID=6372) to work on /opt/airflow/dags/dag_monitoring.py
[2026-08-21T12:25:47.455+0000] {processor.py:830} INFO - Processing file /opt/airflow/dags/dag_monitoring.py for tasks to queue
[2026-08-21T12:25:47.457+0000] {logging_mixin.py:188} INFO - [2026-08-21T12:25:47.457+0000] {dagbag.py:538} INFO - Filling up the DagBag from /opt/airflow/dags/dag_monitoring.py
[2026-08-21T12:25:47.912+0000] {processor.py:840} INFO - DAG(s) 'jour8_monitoring' retrieved from /opt/airflow/dags/dag_monitoring.py
[2026-08-21T12:25:47.958+0000] {logging_mixin.py:188} INFO - [2026-08-21T12:25:47.957+0000] {dag.py:3036} INFO - Sync 1 DAGs
[2026-08-21T12:25:47.982+0000] {logging_mixin.py:188} INFO - [2026-08-21T12:25:47.982+0000] {dag.py:3823} INFO - Setting next_dagrun for jour8_monitoring to 2026-08-21 00:00:00+00:00, run_after=2026-08-22 00:00:00+00:00
[2026-08-21T12:25:48.004+0000] {processor.py:183} INFO - Processing /opt/airflow/dags/dag_monitoring.py took 0.554 seconds
[2026-08-21T12:26:18.983+0000] {processor.py:161} INFO - Started process (PID=6468) to work on /opt/airflow/dags/dag_monitoring.py
[2026-08-21T12:26:18.986+0000] {processor.py:830} INFO - Processing file /opt/airflow/dags/dag_monitoring.py for tasks to queue
[2026-08-21T12:26:18.992+0000] {logging_mixin.py:188} INFO - [2026-08-21T12:26:18.991+0000] {dagbag.py:538} INFO - Filling up the DagBag from /opt/airflow/dags/dag_monitoring.py
[2026-08-21T12:26:19.741+0000] {processor.py:840} INFO - DAG(s) 'jour8_monitoring' retrieved from /opt/airflow/dags/dag_monitoring.py
[2026-08-21T12:26:19.799+0000] {logging_mixin.py:188} INFO - [2026-08-21T12:26:19.798+0000] {dag.py:3036} INFO - Sync 1 DAGs
[2026-08-21T12:26:19.822+0000] {logging_mixin.py:188} INFO - [2026-08-21T12:26:19.822+0000] {dag.py:3823} INFO - Setting next_dagrun for jour8_monitoring to 2026-08-21 00:00:00+00:00, run_after=2026-08-22 00:00:00+00:00
[2026-08-21T12:26:19.873+0000] {processor.py:183} INFO - Processing /opt/airflow/dags/dag_monitoring.py took 0.897 seconds
[2026-08-21T12:26:49.999+0000] {processor.py:161} INFO - Started process (PID=6555) to work on /opt/airflow/dags/dag_monitoring.py
[2026-08-21T12:26:50.001+0000] {processor.py:830} INFO - Processing file /opt/airflow/dags/dag_monitoring.py for tasks to queue
[2026-08-21T12:26:50.004+0000] {logging_mixin.py:188} INFO - [2026-08-21T12:26:50.004+0000] {dagbag.py:538} INFO - Filling up the DagBag from /opt/airflow/dags/dag_monitoring.py
[2026-08-21T12:26:50.268+0000] {processor.py:840} INFO - DAG(s) 'jour8_monitoring' retrieved from /opt/airflow/dags/dag_monitoring.py
[2026-08-21T12:26:50.313+0000] {logging_mixin.py:188} INFO - [2026-08-21T12:26:50.313+0000] {dag.py:3036} INFO - Sync 1 DAGs
[2026-08-21T12:26:50.334+0000] {logging_mixin.py:188} INFO - [2026-08-21T12:26:50.334+0000] {dag.py:3823} INFO - Setting next_dagrun for jour8_monitoring to 2026-08-21 00:00:00+00:00, run_after=2026-08-22 00:00:00+00:00
[2026-08-21T12:26:50.359+0000] {processor.py:183} INFO - Processing /opt/airflow/dags/dag_monitoring.py took 0.368 seconds
[2026-08-21T12:27:20.405+0000] {processor.py:161} INFO - Started process (PID=6645) to work on /opt/airflow/dags/dag_monitoring.py
[2026-08-21T12:27:20.407+0000] {processor.py:830} INFO - Processing file /opt/airflow/dags/dag_monitoring.py for tasks to queue
[2026-08-21T12:27:20.409+0000] {logging_mixin.py:188} INFO - [2026-08-21T12:27:20.408+0000] {dagbag.py:538} INFO - Filling up the DagBag from /opt/airflow/dags/dag_monitoring.py
[2026-08-21T12:27:20.671+0000] {processor.py:840} INFO - DAG(s) 'jour8_monitoring' retrieved from /opt/airflow/dags/dag_monitoring.py
[2026-08-21T12:27:20.719+0000] {logging_mixin.py:188} INFO - [2026-08-21T12:27:20.719+0000] {dag.py:3036} INFO - Sync 1 DAGs
[2026-08-21T12:27:20.742+0000] {logging_mixin.py:188} INFO - [2026-08-21T12:27:20.741+0000] {dag.py:3823} INFO - Setting next_dagrun for jour8_monitoring to 2026-08-21 00:00:00+00:00, run_after=2026-08-22 00:00:00+00:00
[2026-08-21T12:27:20.762+0000] {processor.py:183} INFO - Processing /opt/airflow/dags/dag_monitoring.py took 0.361 seconds
[2026-08-21T12:27:50.904+0000] {processor.py:161} INFO - Started process (PID=6732) to work on /opt/airflow/dags/dag_monitoring.py
[2026-08-21T12:27:50.906+0000] {processor.py:830} INFO - Processing file /opt/airflow/dags/dag_monitoring.py for tasks to queue
[2026-08-21T12:27:50.908+0000] {logging_mixin.py:188} INFO - [2026-08-21T12:27:50.908+0000] {dagbag.py:538} INFO - Filling up the DagBag from /opt/airflow/dags/dag_monitoring.py
[2026-08-21T12:27:51.194+0000] {processor.py:840} INFO - DAG(s) 'jour8_monitoring' retrieved from /opt/airflow/dags/dag_monitoring.py
[2026-08-21T12:27:51.237+0000] {logging_mixin.py:188} INFO - [2026-08-21T12:27:51.237+0000] {dag.py:3036} INFO - Sync 1 DAGs
[2026-08-21T12:27:51.263+0000] {logging_mixin.py:188} INFO - [2026-08-21T12:27:51.263+0000] {dag.py:3823} INFO - Setting next_dagrun for jour8_monitoring to 2026-08-21 00:00:00+00:00, run_after=2026-08-22 00:00:00+00:00
[2026-08-21T12:27:51.291+0000] {processor.py:183} INFO - Processing /opt/airflow/dags/dag_monitoring.py took 0.390 seconds
[2026-08-21T12:28:21.469+0000] {processor.py:161} INFO - Started process (PID=6819) to work on /opt/airflow/dags/dag_monitoring.py
[2026-08-21T12:28:21.470+0000] {processor.py:830} INFO - Processing file /opt/airflow/dags/dag_monitoring.py for tasks to queue
[2026-08-21T12:28:21.472+0000] {logging_mixin.py:188} INFO - [2026-08-21T12:28:21.472+0000] {dagbag.py:538} INFO - Filling up the DagBag from /opt/airflow/dags/dag_monitoring.py
[2026-08-21T12:28:21.708+0000] {processor.py:840} INFO - DAG(s) 'jour8_monitoring' retrieved from /opt/airflow/dags/dag_monitoring.py
[2026-08-21T12:28:21.749+0000] {logging_mixin.py:188} INFO - [2026-08-21T12:28:21.748+0000] {dag.py:3036} INFO - Sync 1 DAGs
[2026-08-21T12:28:21.770+0000] {logging_mixin.py:188} INFO - [2026-08-21T12:28:21.769+0000] {dag.py:3823} INFO - Setting next_dagrun for jour8_monitoring to 2026-08-21 00:00:00+00:00, run_after=2026-08-22 00:00:00+00:00
[2026-08-21T12:28:21.792+0000] {processor.py:183} INFO - Processing /opt/airflow/dags/dag_monitoring.py took 0.327 seconds
[2026-08-21T12:28:51.937+0000] {processor.py:161} INFO - Started process (PID=6906) to work on /opt/airflow/dags/dag_monitoring.py
[2026-08-21T12:28:51.939+0000] {processor.py:830} INFO - Processing file /opt/airflow/dags/dag_monitoring.py for tasks to queue
[2026-08-21T12:28:51.941+0000] {logging_mixin.py:188} INFO - [2026-08-21T12:28:51.940+0000] {dagbag.py:538} INFO - Filling up the DagBag from /opt/airflow/dags/dag_monitoring.py
[2026-08-21T12:28:52.188+0000] {processor.py:840} INFO - DAG(s) 'jour8_monitoring' retrieved from /opt/airflow/dags/dag_monitoring.py
[2026-08-21T12:28:52.229+0000] {logging_mixin.py:188} INFO - [2026-08-21T12:28:52.228+0000] {dag.py:3036} INFO - Sync 1 DAGs
[2026-08-21T12:28:52.253+0000] {logging_mixin.py:188} INFO - [2026-08-21T12:28:52.253+0000] {dag.py:3823} INFO - Setting next_dagrun for jour8_monitoring to 2026-08-21 00:00:00+00:00, run_after=2026-08-22 00:00:00+00:00
[2026-08-21T12:28:52.274+0000] {processor.py:183} INFO - Processing /opt/airflow/dags/dag_monitoring.py took 0.341 seconds
[2026-08-21T12:29:22.507+0000] {processor.py:161} INFO - Started process (PID=6993) to work on /opt/airflow/dags/dag_monitoring.py
[2026-08-21T12:29:22.508+0000] {processor.py:830} INFO - Processing file /opt/airflow/dags/dag_monitoring.py for tasks to queue
[2026-08-21T12:29:22.511+0000] {logging_mixin.py:188} INFO - [2026-08-21T12:29:22.510+0000] {dagbag.py:538} INFO - Filling up the DagBag from /opt/airflow/dags/dag_monitoring.py
[2026-08-21T12:29:22.772+0000] {processor.py:840} INFO - DAG(s) 'jour8_monitoring' retrieved from /opt/airflow/dags/dag_monitoring.py
[2026-08-21T12:29:22.822+0000] {logging_mixin.py:188} INFO - [2026-08-21T12:29:22.821+0000] {dag.py:3036} INFO - Sync 1 DAGs
[2026-08-21T12:29:22.850+0000] {logging_mixin.py:188} INFO - [2026-08-21T12:29:22.850+0000] {dag.py:3823} INFO - Setting next_dagrun for jour8_monitoring to 2026-08-21 00:00:00+00:00, run_after=2026-08-22 00:00:00+00:00
[2026-08-21T12:29:22.870+0000] {processor.py:183} INFO - Processing /opt/airflow/dags/dag_monitoring.py took 0.369 seconds
[2026-08-21T12:29:53.057+0000] {processor.py:161} INFO - Started process (PID=7080) to work on /opt/airflow/dags/dag_monitoring.py
[2026-08-21T12:29:53.058+0000] {processor.py:830} INFO - Processing file /opt/airflow/dags/dag_monitoring.py for tasks to queue
[2026-08-21T12:29:53.061+0000] {logging_mixin.py:188} INFO - [2026-08-21T12:29:53.060+0000] {dagbag.py:538} INFO - Filling up the DagBag from /opt/airflow/dags/dag_monitoring.py
[2026-08-21T12:29:53.338+0000] {processor.py:840} INFO - DAG(s) 'jour8_monitoring' retrieved from /opt/airflow/dags/dag_monitoring.py
[2026-08-21T12:29:53.386+0000] {logging_mixin.py:188} INFO - [2026-08-21T12:29:53.386+0000] {dag.py:3036} INFO - Sync 1 DAGs
[2026-08-21T12:29:53.413+0000] {logging_mixin.py:188} INFO - [2026-08-21T12:29:53.413+0000] {dag.py:3823} INFO - Setting next_dagrun for jour8_monitoring to 2026-08-21 00:00:00+00:00, run_after=2026-08-22 00:00:00+00:00
[2026-08-21T12:29:53.435+0000] {processor.py:183} INFO - Processing /opt/airflow/dags/dag_monitoring.py took 0.381 seconds
[2026-08-21T12:30:23.622+0000] {processor.py:161} INFO - Started process (PID=7167) to work on /opt/airflow/dags/dag_monitoring.py
[2026-08-21T12:30:23.623+0000] {processor.py:830} INFO - Processing file /opt/airflow/dags/dag_monitoring.py for tasks to queue
[2026-08-21T12:30:23.626+0000] {logging_mixin.py:188} INFO - [2026-08-21T12:30:23.625+0000] {dagbag.py:538} INFO - Filling up the DagBag from /opt/airflow/dags/dag_monitoring.py
[2026-08-21T12:30:23.875+0000] {processor.py:840} INFO - DAG(s) 'jour8_monitoring' retrieved from /opt/airflow/dags/dag_monitoring.py
[2026-08-21T12:30:23.915+0000] {logging_mixin.py:188} INFO - [2026-08-21T12:30:23.915+0000] {dag.py:3036} INFO - Sync 1 DAGs
[2026-08-21T12:30:23.937+0000] {logging_mixin.py:188} INFO - [2026-08-21T12:30:23.937+0000] {dag.py:3823} INFO - Setting next_dagrun for jour8_monitoring to 2026-08-21 00:00:00+00:00, run_after=2026-08-22 00:00:00+00:00
[2026-08-21T12:30:23.960+0000] {processor.py:183} INFO - Processing /opt/airflow/dags/dag_monitoring.py took 0.341 seconds
[2026-08-21T12:30:54.163+0000] {processor.py:161} INFO - Started process (PID=7255) to work on /opt/airflow/dags/dag_monitoring.py
[2026-08-21T12:30:54.165+0000] {processor.py:830} INFO - Processing file /opt/airflow/dags/dag_monitoring.py for tasks to queue
[2026-08-21T12:30:54.168+0000] {logging_mixin.py:188} INFO - [2026-08-21T12:30:54.168+0000] {dagbag.py:538} INFO - Filling up the DagBag from /opt/airflow/dags/dag_monitoring.py
[2026-08-21T12:30:54.444+0000] {processor.py:840} INFO - DAG(s) 'jour8_monitoring' retrieved from /opt/airflow/dags/dag_monitoring.py
[2026-08-21T12:30:54.506+0000] {logging_mixin.py:188} INFO - [2026-08-21T12:30:54.505+0000] {dag.py:3036} INFO - Sync 1 DAGs
[2026-08-21T12:30:54.532+0000] {logging_mixin.py:188} INFO - [2026-08-21T12:30:54.531+0000] {dag.py:3823} INFO - Setting next_dagrun for jour8_monitoring to 2026-08-21 00:00:00+00:00, run_after=2026-08-22 00:00:00+00:00
[2026-08-21T12:30:54.551+0000] {processor.py:183} INFO - Processing /opt/airflow/dags/dag_monitoring.py took 0.393 seconds
[2026-08-21T12:31:24.795+0000] {processor.py:161} INFO - Started process (PID=7342) to work on /opt/airflow/dags/dag_monitoring.py
[2026-08-21T12:31:24.799+0000] {processor.py:830} INFO - Processing file /opt/airflow/dags/dag_monitoring.py for tasks to queue
[2026-08-21T12:31:24.802+0000] {logging_mixin.py:188} INFO - [2026-08-21T12:31:24.801+0000] {dagbag.py:538} INFO - Filling up the DagBag from /opt/airflow/dags/dag_monitoring.py
[2026-08-21T12:31:25.157+0000] {processor.py:840} INFO - DAG(s) 'jour8_monitoring' retrieved from /opt/airflow/dags/dag_monitoring.py
[2026-08-21T12:31:25.203+0000] {logging_mixin.py:188} INFO - [2026-08-21T12:31:25.202+0000] {dag.py:3036} INFO - Sync 1 DAGs
[2026-08-21T12:31:25.230+0000] {logging_mixin.py:188} INFO - [2026-08-21T12:31:25.230+0000] {dag.py:3823} INFO - Setting next_dagrun for jour8_monitoring to 2026-08-21 00:00:00+00:00, run_after=2026-08-22 00:00:00+00:00
[2026-08-21T12:31:25.254+0000] {processor.py:183} INFO - Processing /opt/airflow/dags/dag_monitoring.py took 0.463 seconds
[2026-08-21T12:31:55.391+0000] {processor.py:161} INFO - Started process (PID=7429) to work on /opt/airflow/dags/dag_monitoring.py
[2026-08-21T12:31:55.392+0000] {processor.py:830} INFO - Processing file /opt/airflow/dags/dag_monitoring.py for tasks to queue
[2026-08-21T12:31:55.395+0000] {logging_mixin.py:188} INFO - [2026-08-21T12:31:55.394+0000] {dagbag.py:538} INFO - Filling up the DagBag from /opt/airflow/dags/dag_monitoring.py
[2026-08-21T12:31:55.639+0000] {processor.py:840} INFO - DAG(s) 'jour8_monitoring' retrieved from /opt/airflow/dags/dag_monitoring.py
[2026-08-21T12:31:55.850+0000] {logging_mixin.py:188} INFO - [2026-08-21T12:31:55.849+0000] {dag.py:3036} INFO - Sync 1 DAGs
[2026-08-21T12:31:55.871+0000] {logging_mixin.py:188} INFO - [2026-08-21T12:31:55.871+0000] {dag.py:3823} INFO - Setting next_dagrun for jour8_monitoring to 2026-08-21 00:00:00+00:00, run_after=2026-08-22 00:00:00+00:00
[2026-08-21T12:31:55.893+0000] {processor.py:183} INFO - Processing /opt/airflow/dags/dag_monitoring.py took 0.506 seconds
