[2026-08-09T19:50:03.369+0000] {processor.py:161} INFO - Started process (PID=111) to work on /home/airflow/.local/lib/python3.8/site-packages/airflow/example_dags/example_subdag_operator.py
[2026-08-09T19:50:03.373+0000] {processor.py:830} INFO - Processing file /home/airflow/.local/lib/python3.8/site-packages/airflow/example_dags/example_subdag_operator.py for tasks to queue
[2026-08-09T19:50:03.377+0000] {logging_mixin.py:188} INFO - [2026-08-09T19:50:03.377+0000] {dagbag.py:538} INFO - Filling up the DagBag from /home/airflow/.local/lib/python3.8/site-packages/airflow/example_dags/example_subdag_operator.py
[2026-08-09T19:50:03.443+0000] {processor.py:840} INFO - DAG(s) 'example_subdag_operator.section-1', 'example_subdag_operator.section-2', 'example_subdag_operator' retrieved from /home/airflow/.local/lib/python3.8/site-packages/airflow/example_dags/example_subdag_operator.py
[2026-08-09T19:50:03.450+0000] {logging_mixin.py:188} INFO - [2026-08-09T19:50:03.450+0000] {dag.py:3036} INFO - Sync 3 DAGs
[2026-08-09T19:50:03.504+0000] {logging_mixin.py:188} INFO - [2026-08-09T19:50:03.503+0000] {dag.py:3823} INFO - Setting next_dagrun for example_subdag_operator to 2022-01-01 00:00:00+00:00, run_after=2022-01-01 00:00:00+00:00
[2026-08-09T19:50:03.515+0000] {logging_mixin.py:188} INFO - [2026-08-09T19:50:03.514+0000] {dag.py:3823} INFO - Setting next_dagrun for example_subdag_operator.section-1 to None, run_after=None
[2026-08-09T19:50:03.518+0000] {logging_mixin.py:188} INFO - [2026-08-09T19:50:03.518+0000] {dag.py:3823} INFO - Setting next_dagrun for example_subdag_operator.section-2 to None, run_after=None
[2026-08-09T19:50:03.541+0000] {logging_mixin.py:188} INFO - [2026-08-09T19:50:03.540+0000] {dag.py:3036} INFO - Sync 2 DAGs
[2026-08-09T19:50:03.553+0000] {logging_mixin.py:188} INFO - [2026-08-09T19:50:03.553+0000] {dag.py:3823} INFO - Setting next_dagrun for example_subdag_operator.section-1 to None, run_after=None
[2026-08-09T19:50:03.557+0000] {logging_mixin.py:188} INFO - [2026-08-09T19:50:03.555+0000] {dag.py:3823} INFO - Setting next_dagrun for example_subdag_operator.section-2 to None, run_after=None
[2026-08-09T19:50:03.600+0000] {processor.py:183} INFO - Processing /home/airflow/.local/lib/python3.8/site-packages/airflow/example_dags/example_subdag_operator.py took 0.237 seconds
[2026-08-09T19:50:33.683+0000] {processor.py:161} INFO - Started process (PID=180) to work on /home/airflow/.local/lib/python3.8/site-packages/airflow/example_dags/example_subdag_operator.py
[2026-08-09T19:50:33.685+0000] {processor.py:830} INFO - Processing file /home/airflow/.local/lib/python3.8/site-packages/airflow/example_dags/example_subdag_operator.py for tasks to queue
[2026-08-09T19:50:33.689+0000] {logging_mixin.py:188} INFO - [2026-08-09T19:50:33.688+0000] {dagbag.py:538} INFO - Filling up the DagBag from /home/airflow/.local/lib/python3.8/site-packages/airflow/example_dags/example_subdag_operator.py
[2026-08-09T19:50:33.766+0000] {processor.py:840} INFO - DAG(s) 'example_subdag_operator.section-1', 'example_subdag_operator.section-2', 'example_subdag_operator' retrieved from /home/airflow/.local/lib/python3.8/site-packages/airflow/example_dags/example_subdag_operator.py
[2026-08-09T19:50:33.940+0000] {logging_mixin.py:188} INFO - [2026-08-09T19:50:33.939+0000] {dag.py:3036} INFO - Sync 3 DAGs
[2026-08-09T19:50:33.986+0000] {logging_mixin.py:188} INFO - [2026-08-09T19:50:33.986+0000] {dag.py:3823} INFO - Setting next_dagrun for example_subdag_operator to 2022-01-01 00:00:00+00:00, run_after=2022-01-01 00:00:00+00:00
[2026-08-09T19:50:33.994+0000] {logging_mixin.py:188} INFO - [2026-08-09T19:50:33.994+0000] {dag.py:3823} INFO - Setting next_dagrun for example_subdag_operator.section-1 to None, run_after=None
[2026-08-09T19:50:34.001+0000] {logging_mixin.py:188} INFO - [2026-08-09T19:50:34.000+0000] {dag.py:3823} INFO - Setting next_dagrun for example_subdag_operator.section-2 to None, run_after=None
[2026-08-09T19:50:34.019+0000] {logging_mixin.py:188} INFO - [2026-08-09T19:50:34.018+0000] {dag.py:3036} INFO - Sync 2 DAGs
[2026-08-09T19:50:34.030+0000] {logging_mixin.py:188} INFO - [2026-08-09T19:50:34.030+0000] {dag.py:3823} INFO - Setting next_dagrun for example_subdag_operator.section-1 to None, run_after=None
[2026-08-09T19:50:34.032+0000] {logging_mixin.py:188} INFO - [2026-08-09T19:50:34.032+0000] {dag.py:3823} INFO - Setting next_dagrun for example_subdag_operator.section-2 to None, run_after=None
[2026-08-09T19:50:34.066+0000] {processor.py:183} INFO - Processing /home/airflow/.local/lib/python3.8/site-packages/airflow/example_dags/example_subdag_operator.py took 0.390 seconds
[2026-08-09T19:51:05.685+0000] {processor.py:161} INFO - Started process (PID=245) to work on /home/airflow/.local/lib/python3.8/site-packages/airflow/example_dags/example_subdag_operator.py
[2026-08-09T19:51:05.687+0000] {processor.py:830} INFO - Processing file /home/airflow/.local/lib/python3.8/site-packages/airflow/example_dags/example_subdag_operator.py for tasks to queue
[2026-08-09T19:51:05.691+0000] {logging_mixin.py:188} INFO - [2026-08-09T19:51:05.690+0000] {dagbag.py:538} INFO - Filling up the DagBag from /home/airflow/.local/lib/python3.8/site-packages/airflow/example_dags/example_subdag_operator.py
[2026-08-09T19:51:05.756+0000] {processor.py:840} INFO - DAG(s) 'example_subdag_operator.section-1', 'example_subdag_operator.section-2', 'example_subdag_operator' retrieved from /home/airflow/.local/lib/python3.8/site-packages/airflow/example_dags/example_subdag_operator.py
[2026-08-09T19:51:05.764+0000] {logging_mixin.py:188} INFO - [2026-08-09T19:51:05.763+0000] {dag.py:3036} INFO - Sync 3 DAGs
[2026-08-09T19:51:05.835+0000] {logging_mixin.py:188} INFO - [2026-08-09T19:51:05.835+0000] {dag.py:3823} INFO - Setting next_dagrun for example_subdag_operator to 2022-01-01 00:00:00+00:00, run_after=2022-01-01 00:00:00+00:00
[2026-08-09T19:51:05.851+0000] {logging_mixin.py:188} INFO - [2026-08-09T19:51:05.851+0000] {dag.py:3823} INFO - Setting next_dagrun for example_subdag_operator.section-1 to None, run_after=None
[2026-08-09T19:51:05.855+0000] {logging_mixin.py:188} INFO - [2026-08-09T19:51:05.854+0000] {dag.py:3823} INFO - Setting next_dagrun for example_subdag_operator.section-2 to None, run_after=None
[2026-08-09T19:51:05.872+0000] {logging_mixin.py:188} INFO - [2026-08-09T19:51:05.872+0000] {dag.py:3036} INFO - Sync 2 DAGs
[2026-08-09T19:51:05.884+0000] {logging_mixin.py:188} INFO - [2026-08-09T19:51:05.884+0000] {dag.py:3823} INFO - Setting next_dagrun for example_subdag_operator.section-1 to None, run_after=None
[2026-08-09T19:51:05.886+0000] {logging_mixin.py:188} INFO - [2026-08-09T19:51:05.886+0000] {dag.py:3823} INFO - Setting next_dagrun for example_subdag_operator.section-2 to None, run_after=None
[2026-08-09T19:51:05.922+0000] {processor.py:183} INFO - Processing /home/airflow/.local/lib/python3.8/site-packages/airflow/example_dags/example_subdag_operator.py took 0.243 seconds
[2026-08-09T19:52:47.610+0000] {processor.py:161} INFO - Started process (PID=96) to work on /home/airflow/.local/lib/python3.8/site-packages/airflow/example_dags/example_subdag_operator.py
[2026-08-09T19:52:47.616+0000] {processor.py:830} INFO - Processing file /home/airflow/.local/lib/python3.8/site-packages/airflow/example_dags/example_subdag_operator.py for tasks to queue
[2026-08-09T19:52:47.620+0000] {logging_mixin.py:188} INFO - [2026-08-09T19:52:47.620+0000] {dagbag.py:538} INFO - Filling up the DagBag from /home/airflow/.local/lib/python3.8/site-packages/airflow/example_dags/example_subdag_operator.py
[2026-08-09T19:52:47.669+0000] {processor.py:840} INFO - DAG(s) 'example_subdag_operator.section-1', 'example_subdag_operator.section-2', 'example_subdag_operator' retrieved from /home/airflow/.local/lib/python3.8/site-packages/airflow/example_dags/example_subdag_operator.py
[2026-08-09T19:52:47.678+0000] {logging_mixin.py:188} INFO - [2026-08-09T19:52:47.678+0000] {dag.py:3036} INFO - Sync 3 DAGs
[2026-08-09T19:52:47.739+0000] {logging_mixin.py:188} INFO - [2026-08-09T19:52:47.738+0000] {dag.py:3823} INFO - Setting next_dagrun for example_subdag_operator to 2022-01-01 00:00:00+00:00, run_after=2022-01-01 00:00:00+00:00
[2026-08-09T19:52:47.746+0000] {logging_mixin.py:188} INFO - [2026-08-09T19:52:47.745+0000] {dag.py:3823} INFO - Setting next_dagrun for example_subdag_operator.section-1 to None, run_after=None
[2026-08-09T19:52:47.749+0000] {logging_mixin.py:188} INFO - [2026-08-09T19:52:47.748+0000] {dag.py:3823} INFO - Setting next_dagrun for example_subdag_operator.section-2 to None, run_after=None
[2026-08-09T19:52:47.766+0000] {logging_mixin.py:188} INFO - [2026-08-09T19:52:47.765+0000] {dag.py:3036} INFO - Sync 2 DAGs
[2026-08-09T19:52:47.780+0000] {logging_mixin.py:188} INFO - [2026-08-09T19:52:47.779+0000] {dag.py:3823} INFO - Setting next_dagrun for example_subdag_operator.section-1 to None, run_after=None
[2026-08-09T19:52:47.782+0000] {logging_mixin.py:188} INFO - [2026-08-09T19:52:47.781+0000] {dag.py:3823} INFO - Setting next_dagrun for example_subdag_operator.section-2 to None, run_after=None
[2026-08-09T19:52:47.810+0000] {processor.py:183} INFO - Processing /home/airflow/.local/lib/python3.8/site-packages/airflow/example_dags/example_subdag_operator.py took 0.207 seconds
[2026-08-09T19:53:18.010+0000] {processor.py:161} INFO - Started process (PID=161) to work on /home/airflow/.local/lib/python3.8/site-packages/airflow/example_dags/example_subdag_operator.py
[2026-08-09T19:53:18.011+0000] {processor.py:830} INFO - Processing file /home/airflow/.local/lib/python3.8/site-packages/airflow/example_dags/example_subdag_operator.py for tasks to queue
[2026-08-09T19:53:18.013+0000] {logging_mixin.py:188} INFO - [2026-08-09T19:53:18.013+0000] {dagbag.py:538} INFO - Filling up the DagBag from /home/airflow/.local/lib/python3.8/site-packages/airflow/example_dags/example_subdag_operator.py
[2026-08-09T19:53:18.039+0000] {processor.py:840} INFO - DAG(s) 'example_subdag_operator.section-1', 'example_subdag_operator.section-2', 'example_subdag_operator' retrieved from /home/airflow/.local/lib/python3.8/site-packages/airflow/example_dags/example_subdag_operator.py
[2026-08-09T19:53:18.124+0000] {logging_mixin.py:188} INFO - [2026-08-09T19:53:18.123+0000] {dag.py:3036} INFO - Sync 3 DAGs
[2026-08-09T19:53:18.143+0000] {logging_mixin.py:188} INFO - [2026-08-09T19:53:18.143+0000] {dag.py:3823} INFO - Setting next_dagrun for example_subdag_operator to 2022-01-01 00:00:00+00:00, run_after=2022-01-01 00:00:00+00:00
[2026-08-09T19:53:18.146+0000] {logging_mixin.py:188} INFO - [2026-08-09T19:53:18.146+0000] {dag.py:3823} INFO - Setting next_dagrun for example_subdag_operator.section-1 to None, run_after=None
[2026-08-09T19:53:18.148+0000] {logging_mixin.py:188} INFO - [2026-08-09T19:53:18.147+0000] {dag.py:3823} INFO - Setting next_dagrun for example_subdag_operator.section-2 to None, run_after=None
[2026-08-09T19:53:18.156+0000] {logging_mixin.py:188} INFO - [2026-08-09T19:53:18.156+0000] {dag.py:3036} INFO - Sync 2 DAGs
[2026-08-09T19:53:18.161+0000] {logging_mixin.py:188} INFO - [2026-08-09T19:53:18.161+0000] {dag.py:3823} INFO - Setting next_dagrun for example_subdag_operator.section-1 to None, run_after=None
[2026-08-09T19:53:18.162+0000] {logging_mixin.py:188} INFO - [2026-08-09T19:53:18.162+0000] {dag.py:3823} INFO - Setting next_dagrun for example_subdag_operator.section-2 to None, run_after=None
[2026-08-09T19:53:18.173+0000] {processor.py:183} INFO - Processing /home/airflow/.local/lib/python3.8/site-packages/airflow/example_dags/example_subdag_operator.py took 0.167 seconds
[2026-08-09T19:53:50.152+0000] {processor.py:161} INFO - Started process (PID=227) to work on /home/airflow/.local/lib/python3.8/site-packages/airflow/example_dags/example_subdag_operator.py
[2026-08-09T19:53:50.153+0000] {processor.py:830} INFO - Processing file /home/airflow/.local/lib/python3.8/site-packages/airflow/example_dags/example_subdag_operator.py for tasks to queue
[2026-08-09T19:53:50.156+0000] {logging_mixin.py:188} INFO - [2026-08-09T19:53:50.156+0000] {dagbag.py:538} INFO - Filling up the DagBag from /home/airflow/.local/lib/python3.8/site-packages/airflow/example_dags/example_subdag_operator.py
[2026-08-09T19:53:50.193+0000] {processor.py:840} INFO - DAG(s) 'example_subdag_operator.section-1', 'example_subdag_operator.section-2', 'example_subdag_operator' retrieved from /home/airflow/.local/lib/python3.8/site-packages/airflow/example_dags/example_subdag_operator.py
[2026-08-09T19:53:50.214+0000] {logging_mixin.py:188} INFO - [2026-08-09T19:53:50.213+0000] {dag.py:3036} INFO - Sync 3 DAGs
[2026-08-09T19:53:50.244+0000] {logging_mixin.py:188} INFO - [2026-08-09T19:53:50.243+0000] {dag.py:3823} INFO - Setting next_dagrun for example_subdag_operator to 2022-01-01 00:00:00+00:00, run_after=2022-01-01 00:00:00+00:00
[2026-08-09T19:53:50.251+0000] {logging_mixin.py:188} INFO - [2026-08-09T19:53:50.250+0000] {dag.py:3823} INFO - Setting next_dagrun for example_subdag_operator.section-1 to None, run_after=None
[2026-08-09T19:53:50.253+0000] {logging_mixin.py:188} INFO - [2026-08-09T19:53:50.253+0000] {dag.py:3823} INFO - Setting next_dagrun for example_subdag_operator.section-2 to None, run_after=None
[2026-08-09T19:53:50.265+0000] {logging_mixin.py:188} INFO - [2026-08-09T19:53:50.265+0000] {dag.py:3036} INFO - Sync 2 DAGs
[2026-08-09T19:53:50.271+0000] {logging_mixin.py:188} INFO - [2026-08-09T19:53:50.271+0000] {dag.py:3823} INFO - Setting next_dagrun for example_subdag_operator.section-1 to None, run_after=None
[2026-08-09T19:53:50.273+0000] {logging_mixin.py:188} INFO - [2026-08-09T19:53:50.272+0000] {dag.py:3823} INFO - Setting next_dagrun for example_subdag_operator.section-2 to None, run_after=None
[2026-08-09T19:53:50.291+0000] {processor.py:183} INFO - Processing /home/airflow/.local/lib/python3.8/site-packages/airflow/example_dags/example_subdag_operator.py took 0.146 seconds
[2026-08-09T19:54:20.985+0000] {processor.py:161} INFO - Started process (PID=292) to work on /home/airflow/.local/lib/python3.8/site-packages/airflow/example_dags/example_subdag_operator.py
[2026-08-09T19:54:20.986+0000] {processor.py:830} INFO - Processing file /home/airflow/.local/lib/python3.8/site-packages/airflow/example_dags/example_subdag_operator.py for tasks to queue
[2026-08-09T19:54:20.988+0000] {logging_mixin.py:188} INFO - [2026-08-09T19:54:20.988+0000] {dagbag.py:538} INFO - Filling up the DagBag from /home/airflow/.local/lib/python3.8/site-packages/airflow/example_dags/example_subdag_operator.py
[2026-08-09T19:54:21.015+0000] {processor.py:840} INFO - DAG(s) 'example_subdag_operator.section-1', 'example_subdag_operator.section-2', 'example_subdag_operator' retrieved from /home/airflow/.local/lib/python3.8/site-packages/airflow/example_dags/example_subdag_operator.py
[2026-08-09T19:54:21.029+0000] {logging_mixin.py:188} INFO - [2026-08-09T19:54:21.028+0000] {dag.py:3036} INFO - Sync 3 DAGs
[2026-08-09T19:54:21.050+0000] {logging_mixin.py:188} INFO - [2026-08-09T19:54:21.050+0000] {dag.py:3823} INFO - Setting next_dagrun for example_subdag_operator to 2022-01-01 00:00:00+00:00, run_after=2022-01-01 00:00:00+00:00
[2026-08-09T19:54:21.054+0000] {logging_mixin.py:188} INFO - [2026-08-09T19:54:21.053+0000] {dag.py:3823} INFO - Setting next_dagrun for example_subdag_operator.section-1 to None, run_after=None
[2026-08-09T19:54:21.055+0000] {logging_mixin.py:188} INFO - [2026-08-09T19:54:21.055+0000] {dag.py:3823} INFO - Setting next_dagrun for example_subdag_operator.section-2 to None, run_after=None
[2026-08-09T19:54:21.065+0000] {logging_mixin.py:188} INFO - [2026-08-09T19:54:21.064+0000] {dag.py:3036} INFO - Sync 2 DAGs
[2026-08-09T19:54:21.071+0000] {logging_mixin.py:188} INFO - [2026-08-09T19:54:21.071+0000] {dag.py:3823} INFO - Setting next_dagrun for example_subdag_operator.section-1 to None, run_after=None
[2026-08-09T19:54:21.072+0000] {logging_mixin.py:188} INFO - [2026-08-09T19:54:21.071+0000] {dag.py:3823} INFO - Setting next_dagrun for example_subdag_operator.section-2 to None, run_after=None
[2026-08-09T19:54:21.083+0000] {processor.py:183} INFO - Processing /home/airflow/.local/lib/python3.8/site-packages/airflow/example_dags/example_subdag_operator.py took 0.102 seconds
[2026-08-09T19:54:51.832+0000] {processor.py:161} INFO - Started process (PID=357) to work on /home/airflow/.local/lib/python3.8/site-packages/airflow/example_dags/example_subdag_operator.py
[2026-08-09T19:54:51.834+0000] {processor.py:830} INFO - Processing file /home/airflow/.local/lib/python3.8/site-packages/airflow/example_dags/example_subdag_operator.py for tasks to queue
[2026-08-09T19:54:51.837+0000] {logging_mixin.py:188} INFO - [2026-08-09T19:54:51.837+0000] {dagbag.py:538} INFO - Filling up the DagBag from /home/airflow/.local/lib/python3.8/site-packages/airflow/example_dags/example_subdag_operator.py
[2026-08-09T19:54:51.880+0000] {processor.py:840} INFO - DAG(s) 'example_subdag_operator.section-1', 'example_subdag_operator.section-2', 'example_subdag_operator' retrieved from /home/airflow/.local/lib/python3.8/site-packages/airflow/example_dags/example_subdag_operator.py
[2026-08-09T19:54:51.900+0000] {logging_mixin.py:188} INFO - [2026-08-09T19:54:51.900+0000] {dag.py:3036} INFO - Sync 3 DAGs
[2026-08-09T19:54:51.932+0000] {logging_mixin.py:188} INFO - [2026-08-09T19:54:51.932+0000] {dag.py:3823} INFO - Setting next_dagrun for example_subdag_operator to 2022-01-01 00:00:00+00:00, run_after=2022-01-01 00:00:00+00:00
[2026-08-09T19:54:51.937+0000] {logging_mixin.py:188} INFO - [2026-08-09T19:54:51.937+0000] {dag.py:3823} INFO - Setting next_dagrun for example_subdag_operator.section-1 to None, run_after=None
[2026-08-09T19:54:51.940+0000] {logging_mixin.py:188} INFO - [2026-08-09T19:54:51.939+0000] {dag.py:3823} INFO - Setting next_dagrun for example_subdag_operator.section-2 to None, run_after=None
[2026-08-09T19:54:51.948+0000] {logging_mixin.py:188} INFO - [2026-08-09T19:54:51.948+0000] {dag.py:3036} INFO - Sync 2 DAGs
[2026-08-09T19:54:51.954+0000] {logging_mixin.py:188} INFO - [2026-08-09T19:54:51.954+0000] {dag.py:3823} INFO - Setting next_dagrun for example_subdag_operator.section-1 to None, run_after=None
[2026-08-09T19:54:51.955+0000] {logging_mixin.py:188} INFO - [2026-08-09T19:54:51.955+0000] {dag.py:3823} INFO - Setting next_dagrun for example_subdag_operator.section-2 to None, run_after=None
[2026-08-09T19:54:51.970+0000] {processor.py:183} INFO - Processing /home/airflow/.local/lib/python3.8/site-packages/airflow/example_dags/example_subdag_operator.py took 0.142 seconds
[2026-08-09T19:55:22.226+0000] {processor.py:161} INFO - Started process (PID=422) to work on /home/airflow/.local/lib/python3.8/site-packages/airflow/example_dags/example_subdag_operator.py
[2026-08-09T19:55:22.227+0000] {processor.py:830} INFO - Processing file /home/airflow/.local/lib/python3.8/site-packages/airflow/example_dags/example_subdag_operator.py for tasks to queue
[2026-08-09T19:55:22.231+0000] {logging_mixin.py:188} INFO - [2026-08-09T19:55:22.230+0000] {dagbag.py:538} INFO - Filling up the DagBag from /home/airflow/.local/lib/python3.8/site-packages/airflow/example_dags/example_subdag_operator.py
[2026-08-09T19:55:22.260+0000] {processor.py:840} INFO - DAG(s) 'example_subdag_operator.section-1', 'example_subdag_operator.section-2', 'example_subdag_operator' retrieved from /home/airflow/.local/lib/python3.8/site-packages/airflow/example_dags/example_subdag_operator.py
[2026-08-09T19:55:22.277+0000] {logging_mixin.py:188} INFO - [2026-08-09T19:55:22.276+0000] {dag.py:3036} INFO - Sync 3 DAGs
[2026-08-09T19:55:22.313+0000] {logging_mixin.py:188} INFO - [2026-08-09T19:55:22.312+0000] {dag.py:3823} INFO - Setting next_dagrun for example_subdag_operator to 2022-01-01 00:00:00+00:00, run_after=2022-01-01 00:00:00+00:00
[2026-08-09T19:55:22.319+0000] {logging_mixin.py:188} INFO - [2026-08-09T19:55:22.319+0000] {dag.py:3823} INFO - Setting next_dagrun for example_subdag_operator.section-1 to None, run_after=None
[2026-08-09T19:55:22.323+0000] {logging_mixin.py:188} INFO - [2026-08-09T19:55:22.322+0000] {dag.py:3823} INFO - Setting next_dagrun for example_subdag_operator.section-2 to None, run_after=None
[2026-08-09T19:55:22.337+0000] {logging_mixin.py:188} INFO - [2026-08-09T19:55:22.336+0000] {dag.py:3036} INFO - Sync 2 DAGs
[2026-08-09T19:55:22.347+0000] {logging_mixin.py:188} INFO - [2026-08-09T19:55:22.347+0000] {dag.py:3823} INFO - Setting next_dagrun for example_subdag_operator.section-1 to None, run_after=None
[2026-08-09T19:55:22.349+0000] {logging_mixin.py:188} INFO - [2026-08-09T19:55:22.348+0000] {dag.py:3823} INFO - Setting next_dagrun for example_subdag_operator.section-2 to None, run_after=None
[2026-08-09T19:55:22.402+0000] {processor.py:183} INFO - Processing /home/airflow/.local/lib/python3.8/site-packages/airflow/example_dags/example_subdag_operator.py took 0.180 seconds
[2026-08-09T19:55:52.493+0000] {processor.py:161} INFO - Started process (PID=487) to work on /home/airflow/.local/lib/python3.8/site-packages/airflow/example_dags/example_subdag_operator.py
[2026-08-09T19:55:52.496+0000] {processor.py:830} INFO - Processing file /home/airflow/.local/lib/python3.8/site-packages/airflow/example_dags/example_subdag_operator.py for tasks to queue
[2026-08-09T19:55:52.500+0000] {logging_mixin.py:188} INFO - [2026-08-09T19:55:52.499+0000] {dagbag.py:538} INFO - Filling up the DagBag from /home/airflow/.local/lib/python3.8/site-packages/airflow/example_dags/example_subdag_operator.py
[2026-08-09T19:55:52.539+0000] {processor.py:840} INFO - DAG(s) 'example_subdag_operator.section-1', 'example_subdag_operator.section-2', 'example_subdag_operator' retrieved from /home/airflow/.local/lib/python3.8/site-packages/airflow/example_dags/example_subdag_operator.py
[2026-08-09T19:55:52.558+0000] {logging_mixin.py:188} INFO - [2026-08-09T19:55:52.558+0000] {dag.py:3036} INFO - Sync 3 DAGs
[2026-08-09T19:55:52.590+0000] {logging_mixin.py:188} INFO - [2026-08-09T19:55:52.589+0000] {dag.py:3823} INFO - Setting next_dagrun for example_subdag_operator to 2022-01-01 00:00:00+00:00, run_after=2022-01-01 00:00:00+00:00
[2026-08-09T19:55:52.595+0000] {logging_mixin.py:188} INFO - [2026-08-09T19:55:52.594+0000] {dag.py:3823} INFO - Setting next_dagrun for example_subdag_operator.section-1 to None, run_after=None
[2026-08-09T19:55:52.597+0000] {logging_mixin.py:188} INFO - [2026-08-09T19:55:52.597+0000] {dag.py:3823} INFO - Setting next_dagrun for example_subdag_operator.section-2 to None, run_after=None
[2026-08-09T19:55:52.607+0000] {logging_mixin.py:188} INFO - [2026-08-09T19:55:52.607+0000] {dag.py:3036} INFO - Sync 2 DAGs
[2026-08-09T19:55:52.615+0000] {logging_mixin.py:188} INFO - [2026-08-09T19:55:52.614+0000] {dag.py:3823} INFO - Setting next_dagrun for example_subdag_operator.section-1 to None, run_after=None
[2026-08-09T19:55:52.617+0000] {logging_mixin.py:188} INFO - [2026-08-09T19:55:52.616+0000] {dag.py:3823} INFO - Setting next_dagrun for example_subdag_operator.section-2 to None, run_after=None
[2026-08-09T19:55:52.635+0000] {processor.py:183} INFO - Processing /home/airflow/.local/lib/python3.8/site-packages/airflow/example_dags/example_subdag_operator.py took 0.148 seconds
[2026-08-09T19:56:23.567+0000] {processor.py:161} INFO - Started process (PID=552) to work on /home/airflow/.local/lib/python3.8/site-packages/airflow/example_dags/example_subdag_operator.py
[2026-08-09T19:56:23.568+0000] {processor.py:830} INFO - Processing file /home/airflow/.local/lib/python3.8/site-packages/airflow/example_dags/example_subdag_operator.py for tasks to queue
[2026-08-09T19:56:23.570+0000] {logging_mixin.py:188} INFO - [2026-08-09T19:56:23.570+0000] {dagbag.py:538} INFO - Filling up the DagBag from /home/airflow/.local/lib/python3.8/site-packages/airflow/example_dags/example_subdag_operator.py
[2026-08-09T19:56:23.597+0000] {processor.py:840} INFO - DAG(s) 'example_subdag_operator.section-1', 'example_subdag_operator.section-2', 'example_subdag_operator' retrieved from /home/airflow/.local/lib/python3.8/site-packages/airflow/example_dags/example_subdag_operator.py
[2026-08-09T19:56:23.612+0000] {logging_mixin.py:188} INFO - [2026-08-09T19:56:23.612+0000] {dag.py:3036} INFO - Sync 3 DAGs
[2026-08-09T19:56:23.634+0000] {logging_mixin.py:188} INFO - [2026-08-09T19:56:23.634+0000] {dag.py:3823} INFO - Setting next_dagrun for example_subdag_operator to 2022-01-01 00:00:00+00:00, run_after=2022-01-01 00:00:00+00:00
[2026-08-09T19:56:23.638+0000] {logging_mixin.py:188} INFO - [2026-08-09T19:56:23.638+0000] {dag.py:3823} INFO - Setting next_dagrun for example_subdag_operator.section-1 to None, run_after=None
[2026-08-09T19:56:23.639+0000] {logging_mixin.py:188} INFO - [2026-08-09T19:56:23.639+0000] {dag.py:3823} INFO - Setting next_dagrun for example_subdag_operator.section-2 to None, run_after=None
[2026-08-09T19:56:23.648+0000] {logging_mixin.py:188} INFO - [2026-08-09T19:56:23.647+0000] {dag.py:3036} INFO - Sync 2 DAGs
[2026-08-09T19:56:23.653+0000] {logging_mixin.py:188} INFO - [2026-08-09T19:56:23.652+0000] {dag.py:3823} INFO - Setting next_dagrun for example_subdag_operator.section-1 to None, run_after=None
[2026-08-09T19:56:23.653+0000] {logging_mixin.py:188} INFO - [2026-08-09T19:56:23.653+0000] {dag.py:3823} INFO - Setting next_dagrun for example_subdag_operator.section-2 to None, run_after=None
[2026-08-09T19:56:23.817+0000] {processor.py:183} INFO - Processing /home/airflow/.local/lib/python3.8/site-packages/airflow/example_dags/example_subdag_operator.py took 0.253 seconds
[2026-08-09T19:56:56.101+0000] {processor.py:161} INFO - Started process (PID=617) to work on /home/airflow/.local/lib/python3.8/site-packages/airflow/example_dags/example_subdag_operator.py
[2026-08-09T19:56:56.103+0000] {processor.py:830} INFO - Processing file /home/airflow/.local/lib/python3.8/site-packages/airflow/example_dags/example_subdag_operator.py for tasks to queue
[2026-08-09T19:56:56.105+0000] {logging_mixin.py:188} INFO - [2026-08-09T19:56:56.104+0000] {dagbag.py:538} INFO - Filling up the DagBag from /home/airflow/.local/lib/python3.8/site-packages/airflow/example_dags/example_subdag_operator.py
[2026-08-09T19:56:56.137+0000] {processor.py:840} INFO - DAG(s) 'example_subdag_operator.section-1', 'example_subdag_operator.section-2', 'example_subdag_operator' retrieved from /home/airflow/.local/lib/python3.8/site-packages/airflow/example_dags/example_subdag_operator.py
[2026-08-09T19:56:56.157+0000] {logging_mixin.py:188} INFO - [2026-08-09T19:56:56.157+0000] {dag.py:3036} INFO - Sync 3 DAGs
[2026-08-09T19:56:56.192+0000] {logging_mixin.py:188} INFO - [2026-08-09T19:56:56.191+0000] {dag.py:3823} INFO - Setting next_dagrun for example_subdag_operator to 2022-01-01 00:00:00+00:00, run_after=2022-01-01 00:00:00+00:00
[2026-08-09T19:56:56.201+0000] {logging_mixin.py:188} INFO - [2026-08-09T19:56:56.200+0000] {dag.py:3823} INFO - Setting next_dagrun for example_subdag_operator.section-1 to None, run_after=None
[2026-08-09T19:56:56.203+0000] {logging_mixin.py:188} INFO - [2026-08-09T19:56:56.203+0000] {dag.py:3823} INFO - Setting next_dagrun for example_subdag_operator.section-2 to None, run_after=None
[2026-08-09T19:56:56.213+0000] {logging_mixin.py:188} INFO - [2026-08-09T19:56:56.213+0000] {dag.py:3036} INFO - Sync 2 DAGs
[2026-08-09T19:56:56.222+0000] {logging_mixin.py:188} INFO - [2026-08-09T19:56:56.222+0000] {dag.py:3823} INFO - Setting next_dagrun for example_subdag_operator.section-1 to None, run_after=None
[2026-08-09T19:56:56.224+0000] {logging_mixin.py:188} INFO - [2026-08-09T19:56:56.223+0000] {dag.py:3823} INFO - Setting next_dagrun for example_subdag_operator.section-2 to None, run_after=None
[2026-08-09T19:56:56.243+0000] {processor.py:183} INFO - Processing /home/airflow/.local/lib/python3.8/site-packages/airflow/example_dags/example_subdag_operator.py took 0.145 seconds
[2026-08-09T19:57:27.218+0000] {processor.py:161} INFO - Started process (PID=682) to work on /home/airflow/.local/lib/python3.8/site-packages/airflow/example_dags/example_subdag_operator.py
[2026-08-09T19:57:27.220+0000] {processor.py:830} INFO - Processing file /home/airflow/.local/lib/python3.8/site-packages/airflow/example_dags/example_subdag_operator.py for tasks to queue
[2026-08-09T19:57:27.222+0000] {logging_mixin.py:188} INFO - [2026-08-09T19:57:27.222+0000] {dagbag.py:538} INFO - Filling up the DagBag from /home/airflow/.local/lib/python3.8/site-packages/airflow/example_dags/example_subdag_operator.py
[2026-08-09T19:57:27.249+0000] {processor.py:840} INFO - DAG(s) 'example_subdag_operator.section-1', 'example_subdag_operator.section-2', 'example_subdag_operator' retrieved from /home/airflow/.local/lib/python3.8/site-packages/airflow/example_dags/example_subdag_operator.py
[2026-08-09T19:57:27.266+0000] {logging_mixin.py:188} INFO - [2026-08-09T19:57:27.266+0000] {dag.py:3036} INFO - Sync 3 DAGs
[2026-08-09T19:57:27.293+0000] {logging_mixin.py:188} INFO - [2026-08-09T19:57:27.292+0000] {dag.py:3823} INFO - Setting next_dagrun for example_subdag_operator to 2022-01-01 00:00:00+00:00, run_after=2022-01-01 00:00:00+00:00
[2026-08-09T19:57:27.297+0000] {logging_mixin.py:188} INFO - [2026-08-09T19:57:27.296+0000] {dag.py:3823} INFO - Setting next_dagrun for example_subdag_operator.section-1 to None, run_after=None
[2026-08-09T19:57:27.299+0000] {logging_mixin.py:188} INFO - [2026-08-09T19:57:27.298+0000] {dag.py:3823} INFO - Setting next_dagrun for example_subdag_operator.section-2 to None, run_after=None
[2026-08-09T19:57:27.306+0000] {logging_mixin.py:188} INFO - [2026-08-09T19:57:27.306+0000] {dag.py:3036} INFO - Sync 2 DAGs
[2026-08-09T19:57:27.312+0000] {logging_mixin.py:188} INFO - [2026-08-09T19:57:27.312+0000] {dag.py:3823} INFO - Setting next_dagrun for example_subdag_operator.section-1 to None, run_after=None
[2026-08-09T19:57:27.313+0000] {logging_mixin.py:188} INFO - [2026-08-09T19:57:27.313+0000] {dag.py:3823} INFO - Setting next_dagrun for example_subdag_operator.section-2 to None, run_after=None
[2026-08-09T19:57:27.357+0000] {processor.py:183} INFO - Processing /home/airflow/.local/lib/python3.8/site-packages/airflow/example_dags/example_subdag_operator.py took 0.143 seconds
[2026-08-09T19:57:58.082+0000] {processor.py:161} INFO - Started process (PID=751) to work on /home/airflow/.local/lib/python3.8/site-packages/airflow/example_dags/example_subdag_operator.py
[2026-08-09T19:57:58.083+0000] {processor.py:830} INFO - Processing file /home/airflow/.local/lib/python3.8/site-packages/airflow/example_dags/example_subdag_operator.py for tasks to queue
[2026-08-09T19:57:58.087+0000] {logging_mixin.py:188} INFO - [2026-08-09T19:57:58.086+0000] {dagbag.py:538} INFO - Filling up the DagBag from /home/airflow/.local/lib/python3.8/site-packages/airflow/example_dags/example_subdag_operator.py
[2026-08-09T19:57:58.122+0000] {processor.py:840} INFO - DAG(s) 'example_subdag_operator.section-1', 'example_subdag_operator.section-2', 'example_subdag_operator' retrieved from /home/airflow/.local/lib/python3.8/site-packages/airflow/example_dags/example_subdag_operator.py
[2026-08-09T19:57:58.139+0000] {logging_mixin.py:188} INFO - [2026-08-09T19:57:58.139+0000] {dag.py:3036} INFO - Sync 3 DAGs
[2026-08-09T19:57:58.166+0000] {logging_mixin.py:188} INFO - [2026-08-09T19:57:58.166+0000] {dag.py:3823} INFO - Setting next_dagrun for example_subdag_operator to 2022-01-01 00:00:00+00:00, run_after=2022-01-01 00:00:00+00:00
[2026-08-09T19:57:58.170+0000] {logging_mixin.py:188} INFO - [2026-08-09T19:57:58.170+0000] {dag.py:3823} INFO - Setting next_dagrun for example_subdag_operator.section-1 to None, run_after=None
[2026-08-09T19:57:58.173+0000] {logging_mixin.py:188} INFO - [2026-08-09T19:57:58.173+0000] {dag.py:3823} INFO - Setting next_dagrun for example_subdag_operator.section-2 to None, run_after=None
[2026-08-09T19:57:58.181+0000] {logging_mixin.py:188} INFO - [2026-08-09T19:57:58.181+0000] {dag.py:3036} INFO - Sync 2 DAGs
[2026-08-09T19:57:58.188+0000] {logging_mixin.py:188} INFO - [2026-08-09T19:57:58.187+0000] {dag.py:3823} INFO - Setting next_dagrun for example_subdag_operator.section-1 to None, run_after=None
[2026-08-09T19:57:58.188+0000] {logging_mixin.py:188} INFO - [2026-08-09T19:57:58.188+0000] {dag.py:3823} INFO - Setting next_dagrun for example_subdag_operator.section-2 to None, run_after=None
[2026-08-09T19:57:58.241+0000] {processor.py:183} INFO - Processing /home/airflow/.local/lib/python3.8/site-packages/airflow/example_dags/example_subdag_operator.py took 0.164 seconds
[2026-08-09T19:58:29.223+0000] {processor.py:161} INFO - Started process (PID=820) to work on /home/airflow/.local/lib/python3.8/site-packages/airflow/example_dags/example_subdag_operator.py
[2026-08-09T19:58:29.225+0000] {processor.py:830} INFO - Processing file /home/airflow/.local/lib/python3.8/site-packages/airflow/example_dags/example_subdag_operator.py for tasks to queue
[2026-08-09T19:58:29.228+0000] {logging_mixin.py:188} INFO - [2026-08-09T19:58:29.228+0000] {dagbag.py:538} INFO - Filling up the DagBag from /home/airflow/.local/lib/python3.8/site-packages/airflow/example_dags/example_subdag_operator.py
[2026-08-09T19:58:29.255+0000] {processor.py:840} INFO - DAG(s) 'example_subdag_operator.section-1', 'example_subdag_operator.section-2', 'example_subdag_operator' retrieved from /home/airflow/.local/lib/python3.8/site-packages/airflow/example_dags/example_subdag_operator.py
[2026-08-09T19:58:29.272+0000] {logging_mixin.py:188} INFO - [2026-08-09T19:58:29.271+0000] {dag.py:3036} INFO - Sync 3 DAGs
[2026-08-09T19:58:29.298+0000] {logging_mixin.py:188} INFO - [2026-08-09T19:58:29.298+0000] {dag.py:3823} INFO - Setting next_dagrun for example_subdag_operator to 2022-01-01 00:00:00+00:00, run_after=2022-01-01 00:00:00+00:00
[2026-08-09T19:58:29.302+0000] {logging_mixin.py:188} INFO - [2026-08-09T19:58:29.302+0000] {dag.py:3823} INFO - Setting next_dagrun for example_subdag_operator.section-1 to None, run_after=None
[2026-08-09T19:58:29.304+0000] {logging_mixin.py:188} INFO - [2026-08-09T19:58:29.304+0000] {dag.py:3823} INFO - Setting next_dagrun for example_subdag_operator.section-2 to None, run_after=None
[2026-08-09T19:58:29.313+0000] {logging_mixin.py:188} INFO - [2026-08-09T19:58:29.313+0000] {dag.py:3036} INFO - Sync 2 DAGs
[2026-08-09T19:58:29.320+0000] {logging_mixin.py:188} INFO - [2026-08-09T19:58:29.320+0000] {dag.py:3823} INFO - Setting next_dagrun for example_subdag_operator.section-1 to None, run_after=None
[2026-08-09T19:58:29.321+0000] {logging_mixin.py:188} INFO - [2026-08-09T19:58:29.321+0000] {dag.py:3823} INFO - Setting next_dagrun for example_subdag_operator.section-2 to None, run_after=None
[2026-08-09T19:58:29.337+0000] {processor.py:183} INFO - Processing /home/airflow/.local/lib/python3.8/site-packages/airflow/example_dags/example_subdag_operator.py took 0.118 seconds
[2026-08-09T19:58:59.915+0000] {processor.py:161} INFO - Started process (PID=889) to work on /home/airflow/.local/lib/python3.8/site-packages/airflow/example_dags/example_subdag_operator.py
[2026-08-09T19:58:59.916+0000] {processor.py:830} INFO - Processing file /home/airflow/.local/lib/python3.8/site-packages/airflow/example_dags/example_subdag_operator.py for tasks to queue
[2026-08-09T19:58:59.920+0000] {logging_mixin.py:188} INFO - [2026-08-09T19:58:59.919+0000] {dagbag.py:538} INFO - Filling up the DagBag from /home/airflow/.local/lib/python3.8/site-packages/airflow/example_dags/example_subdag_operator.py
[2026-08-09T19:58:59.955+0000] {processor.py:840} INFO - DAG(s) 'example_subdag_operator.section-1', 'example_subdag_operator.section-2', 'example_subdag_operator' retrieved from /home/airflow/.local/lib/python3.8/site-packages/airflow/example_dags/example_subdag_operator.py
[2026-08-09T19:58:59.976+0000] {logging_mixin.py:188} INFO - [2026-08-09T19:58:59.975+0000] {dag.py:3036} INFO - Sync 3 DAGs
[2026-08-09T19:59:00.010+0000] {logging_mixin.py:188} INFO - [2026-08-09T19:59:00.010+0000] {dag.py:3823} INFO - Setting next_dagrun for example_subdag_operator to 2022-01-01 00:00:00+00:00, run_after=2022-01-01 00:00:00+00:00
[2026-08-09T19:59:00.017+0000] {logging_mixin.py:188} INFO - [2026-08-09T19:59:00.017+0000] {dag.py:3823} INFO - Setting next_dagrun for example_subdag_operator.section-1 to None, run_after=None
[2026-08-09T19:59:00.024+0000] {logging_mixin.py:188} INFO - [2026-08-09T19:59:00.023+0000] {dag.py:3823} INFO - Setting next_dagrun for example_subdag_operator.section-2 to None, run_after=None
[2026-08-09T19:59:00.037+0000] {logging_mixin.py:188} INFO - [2026-08-09T19:59:00.036+0000] {dag.py:3036} INFO - Sync 2 DAGs
[2026-08-09T19:59:00.046+0000] {logging_mixin.py:188} INFO - [2026-08-09T19:59:00.046+0000] {dag.py:3823} INFO - Setting next_dagrun for example_subdag_operator.section-1 to None, run_after=None
[2026-08-09T19:59:00.047+0000] {logging_mixin.py:188} INFO - [2026-08-09T19:59:00.047+0000] {dag.py:3823} INFO - Setting next_dagrun for example_subdag_operator.section-2 to None, run_after=None
[2026-08-09T19:59:00.067+0000] {processor.py:183} INFO - Processing /home/airflow/.local/lib/python3.8/site-packages/airflow/example_dags/example_subdag_operator.py took 0.157 seconds
[2026-08-09T19:59:31.296+0000] {processor.py:161} INFO - Started process (PID=958) to work on /home/airflow/.local/lib/python3.8/site-packages/airflow/example_dags/example_subdag_operator.py
[2026-08-09T19:59:31.298+0000] {processor.py:830} INFO - Processing file /home/airflow/.local/lib/python3.8/site-packages/airflow/example_dags/example_subdag_operator.py for tasks to queue
[2026-08-09T19:59:31.300+0000] {logging_mixin.py:188} INFO - [2026-08-09T19:59:31.300+0000] {dagbag.py:538} INFO - Filling up the DagBag from /home/airflow/.local/lib/python3.8/site-packages/airflow/example_dags/example_subdag_operator.py
[2026-08-09T19:59:31.330+0000] {processor.py:840} INFO - DAG(s) 'example_subdag_operator.section-1', 'example_subdag_operator.section-2', 'example_subdag_operator' retrieved from /home/airflow/.local/lib/python3.8/site-packages/airflow/example_dags/example_subdag_operator.py
[2026-08-09T19:59:31.356+0000] {logging_mixin.py:188} INFO - [2026-08-09T19:59:31.355+0000] {dag.py:3036} INFO - Sync 3 DAGs
[2026-08-09T19:59:31.388+0000] {logging_mixin.py:188} INFO - [2026-08-09T19:59:31.387+0000] {dag.py:3823} INFO - Setting next_dagrun for example_subdag_operator to 2022-01-01 00:00:00+00:00, run_after=2022-01-01 00:00:00+00:00
[2026-08-09T19:59:31.395+0000] {logging_mixin.py:188} INFO - [2026-08-09T19:59:31.395+0000] {dag.py:3823} INFO - Setting next_dagrun for example_subdag_operator.section-1 to None, run_after=None
[2026-08-09T19:59:31.397+0000] {logging_mixin.py:188} INFO - [2026-08-09T19:59:31.397+0000] {dag.py:3823} INFO - Setting next_dagrun for example_subdag_operator.section-2 to None, run_after=None
[2026-08-09T19:59:31.408+0000] {logging_mixin.py:188} INFO - [2026-08-09T19:59:31.408+0000] {dag.py:3036} INFO - Sync 2 DAGs
[2026-08-09T19:59:31.416+0000] {logging_mixin.py:188} INFO - [2026-08-09T19:59:31.415+0000] {dag.py:3823} INFO - Setting next_dagrun for example_subdag_operator.section-1 to None, run_after=None
[2026-08-09T19:59:31.417+0000] {logging_mixin.py:188} INFO - [2026-08-09T19:59:31.417+0000] {dag.py:3823} INFO - Setting next_dagrun for example_subdag_operator.section-2 to None, run_after=None
[2026-08-09T19:59:31.438+0000] {processor.py:183} INFO - Processing /home/airflow/.local/lib/python3.8/site-packages/airflow/example_dags/example_subdag_operator.py took 0.146 seconds
[2026-08-09T20:00:02.691+0000] {processor.py:161} INFO - Started process (PID=1027) to work on /home/airflow/.local/lib/python3.8/site-packages/airflow/example_dags/example_subdag_operator.py
[2026-08-09T20:00:02.693+0000] {processor.py:830} INFO - Processing file /home/airflow/.local/lib/python3.8/site-packages/airflow/example_dags/example_subdag_operator.py for tasks to queue
[2026-08-09T20:00:02.696+0000] {logging_mixin.py:188} INFO - [2026-08-09T20:00:02.696+0000] {dagbag.py:538} INFO - Filling up the DagBag from /home/airflow/.local/lib/python3.8/site-packages/airflow/example_dags/example_subdag_operator.py
[2026-08-09T20:00:02.740+0000] {processor.py:840} INFO - DAG(s) 'example_subdag_operator.section-1', 'example_subdag_operator.section-2', 'example_subdag_operator' retrieved from /home/airflow/.local/lib/python3.8/site-packages/airflow/example_dags/example_subdag_operator.py
[2026-08-09T20:00:02.763+0000] {logging_mixin.py:188} INFO - [2026-08-09T20:00:02.763+0000] {dag.py:3036} INFO - Sync 3 DAGs
[2026-08-09T20:00:02.801+0000] {logging_mixin.py:188} INFO - [2026-08-09T20:00:02.800+0000] {dag.py:3823} INFO - Setting next_dagrun for example_subdag_operator to 2022-01-01 00:00:00+00:00, run_after=2022-01-01 00:00:00+00:00
[2026-08-09T20:00:02.808+0000] {logging_mixin.py:188} INFO - [2026-08-09T20:00:02.808+0000] {dag.py:3823} INFO - Setting next_dagrun for example_subdag_operator.section-1 to None, run_after=None
[2026-08-09T20:00:02.811+0000] {logging_mixin.py:188} INFO - [2026-08-09T20:00:02.810+0000] {dag.py:3823} INFO - Setting next_dagrun for example_subdag_operator.section-2 to None, run_after=None
[2026-08-09T20:00:02.825+0000] {logging_mixin.py:188} INFO - [2026-08-09T20:00:02.824+0000] {dag.py:3036} INFO - Sync 2 DAGs
[2026-08-09T20:00:02.833+0000] {logging_mixin.py:188} INFO - [2026-08-09T20:00:02.833+0000] {dag.py:3823} INFO - Setting next_dagrun for example_subdag_operator.section-1 to None, run_after=None
[2026-08-09T20:00:02.835+0000] {logging_mixin.py:188} INFO - [2026-08-09T20:00:02.835+0000] {dag.py:3823} INFO - Setting next_dagrun for example_subdag_operator.section-2 to None, run_after=None
[2026-08-09T20:00:02.856+0000] {processor.py:183} INFO - Processing /home/airflow/.local/lib/python3.8/site-packages/airflow/example_dags/example_subdag_operator.py took 0.170 seconds
[2026-08-09T20:00:34.866+0000] {processor.py:161} INFO - Started process (PID=1096) to work on /home/airflow/.local/lib/python3.8/site-packages/airflow/example_dags/example_subdag_operator.py
[2026-08-09T20:00:34.868+0000] {processor.py:830} INFO - Processing file /home/airflow/.local/lib/python3.8/site-packages/airflow/example_dags/example_subdag_operator.py for tasks to queue
[2026-08-09T20:00:34.873+0000] {logging_mixin.py:188} INFO - [2026-08-09T20:00:34.872+0000] {dagbag.py:538} INFO - Filling up the DagBag from /home/airflow/.local/lib/python3.8/site-packages/airflow/example_dags/example_subdag_operator.py
[2026-08-09T20:00:34.915+0000] {processor.py:840} INFO - DAG(s) 'example_subdag_operator.section-1', 'example_subdag_operator.section-2', 'example_subdag_operator' retrieved from /home/airflow/.local/lib/python3.8/site-packages/airflow/example_dags/example_subdag_operator.py
[2026-08-09T20:00:34.942+0000] {logging_mixin.py:188} INFO - [2026-08-09T20:00:34.941+0000] {dag.py:3036} INFO - Sync 3 DAGs
[2026-08-09T20:00:34.975+0000] {logging_mixin.py:188} INFO - [2026-08-09T20:00:34.974+0000] {dag.py:3823} INFO - Setting next_dagrun for example_subdag_operator to 2022-01-01 00:00:00+00:00, run_after=2022-01-01 00:00:00+00:00
[2026-08-09T20:00:34.981+0000] {logging_mixin.py:188} INFO - [2026-08-09T20:00:34.981+0000] {dag.py:3823} INFO - Setting next_dagrun for example_subdag_operator.section-1 to None, run_after=None
[2026-08-09T20:00:34.984+0000] {logging_mixin.py:188} INFO - [2026-08-09T20:00:34.983+0000] {dag.py:3823} INFO - Setting next_dagrun for example_subdag_operator.section-2 to None, run_after=None
[2026-08-09T20:00:34.997+0000] {logging_mixin.py:188} INFO - [2026-08-09T20:00:34.997+0000] {dag.py:3036} INFO - Sync 2 DAGs
[2026-08-09T20:00:35.011+0000] {logging_mixin.py:188} INFO - [2026-08-09T20:00:35.010+0000] {dag.py:3823} INFO - Setting next_dagrun for example_subdag_operator.section-1 to None, run_after=None
[2026-08-09T20:00:35.013+0000] {logging_mixin.py:188} INFO - [2026-08-09T20:00:35.012+0000] {dag.py:3823} INFO - Setting next_dagrun for example_subdag_operator.section-2 to None, run_after=None
[2026-08-09T20:00:35.040+0000] {processor.py:183} INFO - Processing /home/airflow/.local/lib/python3.8/site-packages/airflow/example_dags/example_subdag_operator.py took 0.179 seconds
[2026-08-09T20:01:06.466+0000] {processor.py:161} INFO - Started process (PID=1165) to work on /home/airflow/.local/lib/python3.8/site-packages/airflow/example_dags/example_subdag_operator.py
[2026-08-09T20:01:06.468+0000] {processor.py:830} INFO - Processing file /home/airflow/.local/lib/python3.8/site-packages/airflow/example_dags/example_subdag_operator.py for tasks to queue
[2026-08-09T20:01:06.471+0000] {logging_mixin.py:188} INFO - [2026-08-09T20:01:06.471+0000] {dagbag.py:538} INFO - Filling up the DagBag from /home/airflow/.local/lib/python3.8/site-packages/airflow/example_dags/example_subdag_operator.py
[2026-08-09T20:01:06.510+0000] {processor.py:840} INFO - DAG(s) 'example_subdag_operator.section-1', 'example_subdag_operator.section-2', 'example_subdag_operator' retrieved from /home/airflow/.local/lib/python3.8/site-packages/airflow/example_dags/example_subdag_operator.py
[2026-08-09T20:01:06.535+0000] {logging_mixin.py:188} INFO - [2026-08-09T20:01:06.534+0000] {dag.py:3036} INFO - Sync 3 DAGs
[2026-08-09T20:01:06.569+0000] {logging_mixin.py:188} INFO - [2026-08-09T20:01:06.569+0000] {dag.py:3823} INFO - Setting next_dagrun for example_subdag_operator to 2022-01-01 00:00:00+00:00, run_after=2022-01-01 00:00:00+00:00
[2026-08-09T20:01:06.575+0000] {logging_mixin.py:188} INFO - [2026-08-09T20:01:06.575+0000] {dag.py:3823} INFO - Setting next_dagrun for example_subdag_operator.section-1 to None, run_after=None
[2026-08-09T20:01:06.578+0000] {logging_mixin.py:188} INFO - [2026-08-09T20:01:06.578+0000] {dag.py:3823} INFO - Setting next_dagrun for example_subdag_operator.section-2 to None, run_after=None
[2026-08-09T20:01:06.586+0000] {logging_mixin.py:188} INFO - [2026-08-09T20:01:06.586+0000] {dag.py:3036} INFO - Sync 2 DAGs
[2026-08-09T20:01:06.594+0000] {logging_mixin.py:188} INFO - [2026-08-09T20:01:06.594+0000] {dag.py:3823} INFO - Setting next_dagrun for example_subdag_operator.section-1 to None, run_after=None
[2026-08-09T20:01:06.595+0000] {logging_mixin.py:188} INFO - [2026-08-09T20:01:06.595+0000] {dag.py:3823} INFO - Setting next_dagrun for example_subdag_operator.section-2 to None, run_after=None
[2026-08-09T20:01:06.618+0000] {processor.py:183} INFO - Processing /home/airflow/.local/lib/python3.8/site-packages/airflow/example_dags/example_subdag_operator.py took 0.158 seconds
[2026-08-09T20:01:36.820+0000] {processor.py:161} INFO - Started process (PID=1234) to work on /home/airflow/.local/lib/python3.8/site-packages/airflow/example_dags/example_subdag_operator.py
[2026-08-09T20:01:36.822+0000] {processor.py:830} INFO - Processing file /home/airflow/.local/lib/python3.8/site-packages/airflow/example_dags/example_subdag_operator.py for tasks to queue
[2026-08-09T20:01:36.825+0000] {logging_mixin.py:188} INFO - [2026-08-09T20:01:36.824+0000] {dagbag.py:538} INFO - Filling up the DagBag from /home/airflow/.local/lib/python3.8/site-packages/airflow/example_dags/example_subdag_operator.py
[2026-08-09T20:01:36.866+0000] {processor.py:840} INFO - DAG(s) 'example_subdag_operator.section-1', 'example_subdag_operator.section-2', 'example_subdag_operator' retrieved from /home/airflow/.local/lib/python3.8/site-packages/airflow/example_dags/example_subdag_operator.py
[2026-08-09T20:01:36.894+0000] {logging_mixin.py:188} INFO - [2026-08-09T20:01:36.894+0000] {dag.py:3036} INFO - Sync 3 DAGs
[2026-08-09T20:01:36.933+0000] {logging_mixin.py:188} INFO - [2026-08-09T20:01:36.933+0000] {dag.py:3823} INFO - Setting next_dagrun for example_subdag_operator to 2022-01-01 00:00:00+00:00, run_after=2022-01-01 00:00:00+00:00
[2026-08-09T20:01:36.938+0000] {logging_mixin.py:188} INFO - [2026-08-09T20:01:36.937+0000] {dag.py:3823} INFO - Setting next_dagrun for example_subdag_operator.section-1 to None, run_after=None
[2026-08-09T20:01:36.942+0000] {logging_mixin.py:188} INFO - [2026-08-09T20:01:36.941+0000] {dag.py:3823} INFO - Setting next_dagrun for example_subdag_operator.section-2 to None, run_after=None
[2026-08-09T20:01:36.955+0000] {logging_mixin.py:188} INFO - [2026-08-09T20:01:36.955+0000] {dag.py:3036} INFO - Sync 2 DAGs
[2026-08-09T20:01:36.967+0000] {logging_mixin.py:188} INFO - [2026-08-09T20:01:36.966+0000] {dag.py:3823} INFO - Setting next_dagrun for example_subdag_operator.section-1 to None, run_after=None
[2026-08-09T20:01:36.968+0000] {logging_mixin.py:188} INFO - [2026-08-09T20:01:36.967+0000] {dag.py:3823} INFO - Setting next_dagrun for example_subdag_operator.section-2 to None, run_after=None
[2026-08-09T20:01:36.982+0000] {processor.py:183} INFO - Processing /home/airflow/.local/lib/python3.8/site-packages/airflow/example_dags/example_subdag_operator.py took 0.166 seconds
[2026-08-09T20:02:08.612+0000] {processor.py:161} INFO - Started process (PID=1303) to work on /home/airflow/.local/lib/python3.8/site-packages/airflow/example_dags/example_subdag_operator.py
[2026-08-09T20:02:08.614+0000] {processor.py:830} INFO - Processing file /home/airflow/.local/lib/python3.8/site-packages/airflow/example_dags/example_subdag_operator.py for tasks to queue
[2026-08-09T20:02:08.619+0000] {logging_mixin.py:188} INFO - [2026-08-09T20:02:08.619+0000] {dagbag.py:538} INFO - Filling up the DagBag from /home/airflow/.local/lib/python3.8/site-packages/airflow/example_dags/example_subdag_operator.py
[2026-08-09T20:02:08.664+0000] {processor.py:840} INFO - DAG(s) 'example_subdag_operator.section-1', 'example_subdag_operator.section-2', 'example_subdag_operator' retrieved from /home/airflow/.local/lib/python3.8/site-packages/airflow/example_dags/example_subdag_operator.py
[2026-08-09T20:02:08.706+0000] {logging_mixin.py:188} INFO - [2026-08-09T20:02:08.706+0000] {dag.py:3036} INFO - Sync 3 DAGs
[2026-08-09T20:02:08.780+0000] {logging_mixin.py:188} INFO - [2026-08-09T20:02:08.778+0000] {dag.py:3823} INFO - Setting next_dagrun for example_subdag_operator to 2022-01-01 00:00:00+00:00, run_after=2022-01-01 00:00:00+00:00
[2026-08-09T20:02:08.794+0000] {logging_mixin.py:188} INFO - [2026-08-09T20:02:08.793+0000] {dag.py:3823} INFO - Setting next_dagrun for example_subdag_operator.section-1 to None, run_after=None
[2026-08-09T20:02:08.799+0000] {logging_mixin.py:188} INFO - [2026-08-09T20:02:08.798+0000] {dag.py:3823} INFO - Setting next_dagrun for example_subdag_operator.section-2 to None, run_after=None
[2026-08-09T20:02:08.826+0000] {logging_mixin.py:188} INFO - [2026-08-09T20:02:08.826+0000] {dag.py:3036} INFO - Sync 2 DAGs
[2026-08-09T20:02:08.850+0000] {logging_mixin.py:188} INFO - [2026-08-09T20:02:08.849+0000] {dag.py:3823} INFO - Setting next_dagrun for example_subdag_operator.section-1 to None, run_after=None
[2026-08-09T20:02:08.851+0000] {logging_mixin.py:188} INFO - [2026-08-09T20:02:08.851+0000] {dag.py:3823} INFO - Setting next_dagrun for example_subdag_operator.section-2 to None, run_after=None
[2026-08-09T20:02:08.885+0000] {processor.py:183} INFO - Processing /home/airflow/.local/lib/python3.8/site-packages/airflow/example_dags/example_subdag_operator.py took 0.280 seconds
[2026-08-09T20:02:39.958+0000] {processor.py:161} INFO - Started process (PID=1372) to work on /home/airflow/.local/lib/python3.8/site-packages/airflow/example_dags/example_subdag_operator.py
[2026-08-09T20:02:39.960+0000] {processor.py:830} INFO - Processing file /home/airflow/.local/lib/python3.8/site-packages/airflow/example_dags/example_subdag_operator.py for tasks to queue
[2026-08-09T20:02:39.964+0000] {logging_mixin.py:188} INFO - [2026-08-09T20:02:39.963+0000] {dagbag.py:538} INFO - Filling up the DagBag from /home/airflow/.local/lib/python3.8/site-packages/airflow/example_dags/example_subdag_operator.py
[2026-08-09T20:02:40.009+0000] {processor.py:840} INFO - DAG(s) 'example_subdag_operator.section-1', 'example_subdag_operator.section-2', 'example_subdag_operator' retrieved from /home/airflow/.local/lib/python3.8/site-packages/airflow/example_dags/example_subdag_operator.py
[2026-08-09T20:02:40.032+0000] {logging_mixin.py:188} INFO - [2026-08-09T20:02:40.031+0000] {dag.py:3036} INFO - Sync 3 DAGs
[2026-08-09T20:02:40.062+0000] {logging_mixin.py:188} INFO - [2026-08-09T20:02:40.062+0000] {dag.py:3823} INFO - Setting next_dagrun for example_subdag_operator to 2022-01-01 00:00:00+00:00, run_after=2022-01-01 00:00:00+00:00
[2026-08-09T20:02:40.069+0000] {logging_mixin.py:188} INFO - [2026-08-09T20:02:40.068+0000] {dag.py:3823} INFO - Setting next_dagrun for example_subdag_operator.section-1 to None, run_after=None
[2026-08-09T20:02:40.074+0000] {logging_mixin.py:188} INFO - [2026-08-09T20:02:40.073+0000] {dag.py:3823} INFO - Setting next_dagrun for example_subdag_operator.section-2 to None, run_after=None
[2026-08-09T20:02:40.095+0000] {logging_mixin.py:188} INFO - [2026-08-09T20:02:40.094+0000] {dag.py:3036} INFO - Sync 2 DAGs
[2026-08-09T20:02:40.107+0000] {logging_mixin.py:188} INFO - [2026-08-09T20:02:40.106+0000] {dag.py:3823} INFO - Setting next_dagrun for example_subdag_operator.section-1 to None, run_after=None
[2026-08-09T20:02:40.110+0000] {logging_mixin.py:188} INFO - [2026-08-09T20:02:40.109+0000] {dag.py:3823} INFO - Setting next_dagrun for example_subdag_operator.section-2 to None, run_after=None
[2026-08-09T20:02:40.139+0000] {processor.py:183} INFO - Processing /home/airflow/.local/lib/python3.8/site-packages/airflow/example_dags/example_subdag_operator.py took 0.186 seconds
[2026-08-09T20:03:12.228+0000] {processor.py:161} INFO - Started process (PID=1448) to work on /home/airflow/.local/lib/python3.8/site-packages/airflow/example_dags/example_subdag_operator.py
[2026-08-09T20:03:12.230+0000] {processor.py:830} INFO - Processing file /home/airflow/.local/lib/python3.8/site-packages/airflow/example_dags/example_subdag_operator.py for tasks to queue
[2026-08-09T20:03:12.235+0000] {logging_mixin.py:188} INFO - [2026-08-09T20:03:12.233+0000] {dagbag.py:538} INFO - Filling up the DagBag from /home/airflow/.local/lib/python3.8/site-packages/airflow/example_dags/example_subdag_operator.py
[2026-08-09T20:03:12.282+0000] {processor.py:840} INFO - DAG(s) 'example_subdag_operator.section-1', 'example_subdag_operator.section-2', 'example_subdag_operator' retrieved from /home/airflow/.local/lib/python3.8/site-packages/airflow/example_dags/example_subdag_operator.py
[2026-08-09T20:03:12.311+0000] {logging_mixin.py:188} INFO - [2026-08-09T20:03:12.311+0000] {dag.py:3036} INFO - Sync 3 DAGs
[2026-08-09T20:03:12.345+0000] {logging_mixin.py:188} INFO - [2026-08-09T20:03:12.344+0000] {dag.py:3823} INFO - Setting next_dagrun for example_subdag_operator to 2022-01-01 00:00:00+00:00, run_after=2022-01-01 00:00:00+00:00
[2026-08-09T20:03:12.351+0000] {logging_mixin.py:188} INFO - [2026-08-09T20:03:12.351+0000] {dag.py:3823} INFO - Setting next_dagrun for example_subdag_operator.section-1 to None, run_after=None
[2026-08-09T20:03:12.354+0000] {logging_mixin.py:188} INFO - [2026-08-09T20:03:12.353+0000] {dag.py:3823} INFO - Setting next_dagrun for example_subdag_operator.section-2 to None, run_after=None
[2026-08-09T20:03:12.367+0000] {logging_mixin.py:188} INFO - [2026-08-09T20:03:12.367+0000] {dag.py:3036} INFO - Sync 2 DAGs
[2026-08-09T20:03:12.380+0000] {logging_mixin.py:188} INFO - [2026-08-09T20:03:12.380+0000] {dag.py:3823} INFO - Setting next_dagrun for example_subdag_operator.section-1 to None, run_after=None
[2026-08-09T20:03:12.382+0000] {logging_mixin.py:188} INFO - [2026-08-09T20:03:12.381+0000] {dag.py:3823} INFO - Setting next_dagrun for example_subdag_operator.section-2 to None, run_after=None
[2026-08-09T20:03:12.406+0000] {processor.py:183} INFO - Processing /home/airflow/.local/lib/python3.8/site-packages/airflow/example_dags/example_subdag_operator.py took 0.185 seconds
[2026-08-09T20:03:46.995+0000] {processor.py:161} INFO - Started process (PID=1529) to work on /home/airflow/.local/lib/python3.8/site-packages/airflow/example_dags/example_subdag_operator.py
[2026-08-09T20:03:47.005+0000] {processor.py:830} INFO - Processing file /home/airflow/.local/lib/python3.8/site-packages/airflow/example_dags/example_subdag_operator.py for tasks to queue
[2026-08-09T20:03:47.016+0000] {logging_mixin.py:188} INFO - [2026-08-09T20:03:47.014+0000] {dagbag.py:538} INFO - Filling up the DagBag from /home/airflow/.local/lib/python3.8/site-packages/airflow/example_dags/example_subdag_operator.py
[2026-08-09T20:03:47.129+0000] {processor.py:840} INFO - DAG(s) 'example_subdag_operator.section-1', 'example_subdag_operator.section-2', 'example_subdag_operator' retrieved from /home/airflow/.local/lib/python3.8/site-packages/airflow/example_dags/example_subdag_operator.py
[2026-08-09T20:03:47.160+0000] {logging_mixin.py:188} INFO - [2026-08-09T20:03:47.159+0000] {dag.py:3036} INFO - Sync 3 DAGs
[2026-08-09T20:03:47.219+0000] {logging_mixin.py:188} INFO - [2026-08-09T20:03:47.218+0000] {dag.py:3823} INFO - Setting next_dagrun for example_subdag_operator to 2022-01-01 00:00:00+00:00, run_after=2022-01-01 00:00:00+00:00
[2026-08-09T20:03:47.230+0000] {logging_mixin.py:188} INFO - [2026-08-09T20:03:47.229+0000] {dag.py:3823} INFO - Setting next_dagrun for example_subdag_operator.section-1 to None, run_after=None
[2026-08-09T20:03:47.236+0000] {logging_mixin.py:188} INFO - [2026-08-09T20:03:47.236+0000] {dag.py:3823} INFO - Setting next_dagrun for example_subdag_operator.section-2 to None, run_after=None
[2026-08-09T20:03:47.262+0000] {logging_mixin.py:188} INFO - [2026-08-09T20:03:47.261+0000] {dag.py:3036} INFO - Sync 2 DAGs
[2026-08-09T20:03:47.281+0000] {logging_mixin.py:188} INFO - [2026-08-09T20:03:47.280+0000] {dag.py:3823} INFO - Setting next_dagrun for example_subdag_operator.section-1 to None, run_after=None
[2026-08-09T20:03:47.281+0000] {logging_mixin.py:188} INFO - [2026-08-09T20:03:47.281+0000] {dag.py:3823} INFO - Setting next_dagrun for example_subdag_operator.section-2 to None, run_after=None
[2026-08-09T20:03:47.319+0000] {processor.py:183} INFO - Processing /home/airflow/.local/lib/python3.8/site-packages/airflow/example_dags/example_subdag_operator.py took 0.340 seconds
[2026-08-09T20:04:17.975+0000] {processor.py:161} INFO - Started process (PID=1606) to work on /home/airflow/.local/lib/python3.8/site-packages/airflow/example_dags/example_subdag_operator.py
[2026-08-09T20:04:17.977+0000] {processor.py:830} INFO - Processing file /home/airflow/.local/lib/python3.8/site-packages/airflow/example_dags/example_subdag_operator.py for tasks to queue
[2026-08-09T20:04:17.979+0000] {logging_mixin.py:188} INFO - [2026-08-09T20:04:17.978+0000] {dagbag.py:538} INFO - Filling up the DagBag from /home/airflow/.local/lib/python3.8/site-packages/airflow/example_dags/example_subdag_operator.py
[2026-08-09T20:04:18.009+0000] {processor.py:840} INFO - DAG(s) 'example_subdag_operator.section-1', 'example_subdag_operator.section-2', 'example_subdag_operator' retrieved from /home/airflow/.local/lib/python3.8/site-packages/airflow/example_dags/example_subdag_operator.py
[2026-08-09T20:04:18.027+0000] {logging_mixin.py:188} INFO - [2026-08-09T20:04:18.027+0000] {dag.py:3036} INFO - Sync 3 DAGs
[2026-08-09T20:04:18.063+0000] {logging_mixin.py:188} INFO - [2026-08-09T20:04:18.062+0000] {dag.py:3823} INFO - Setting next_dagrun for example_subdag_operator to 2022-01-01 00:00:00+00:00, run_after=2022-01-01 00:00:00+00:00
[2026-08-09T20:04:18.069+0000] {logging_mixin.py:188} INFO - [2026-08-09T20:04:18.069+0000] {dag.py:3823} INFO - Setting next_dagrun for example_subdag_operator.section-1 to None, run_after=None
[2026-08-09T20:04:18.071+0000] {logging_mixin.py:188} INFO - [2026-08-09T20:04:18.071+0000] {dag.py:3823} INFO - Setting next_dagrun for example_subdag_operator.section-2 to None, run_after=None
[2026-08-09T20:04:18.082+0000] {logging_mixin.py:188} INFO - [2026-08-09T20:04:18.081+0000] {dag.py:3036} INFO - Sync 2 DAGs
[2026-08-09T20:04:18.095+0000] {logging_mixin.py:188} INFO - [2026-08-09T20:04:18.094+0000] {dag.py:3823} INFO - Setting next_dagrun for example_subdag_operator.section-1 to None, run_after=None
[2026-08-09T20:04:18.096+0000] {logging_mixin.py:188} INFO - [2026-08-09T20:04:18.095+0000] {dag.py:3823} INFO - Setting next_dagrun for example_subdag_operator.section-2 to None, run_after=None
[2026-08-09T20:04:18.114+0000] {processor.py:183} INFO - Processing /home/airflow/.local/lib/python3.8/site-packages/airflow/example_dags/example_subdag_operator.py took 0.143 seconds
[2026-08-09T20:04:48.595+0000] {processor.py:161} INFO - Started process (PID=1675) to work on /home/airflow/.local/lib/python3.8/site-packages/airflow/example_dags/example_subdag_operator.py
[2026-08-09T20:04:48.596+0000] {processor.py:830} INFO - Processing file /home/airflow/.local/lib/python3.8/site-packages/airflow/example_dags/example_subdag_operator.py for tasks to queue
[2026-08-09T20:04:48.598+0000] {logging_mixin.py:188} INFO - [2026-08-09T20:04:48.598+0000] {dagbag.py:538} INFO - Filling up the DagBag from /home/airflow/.local/lib/python3.8/site-packages/airflow/example_dags/example_subdag_operator.py
[2026-08-09T20:04:48.623+0000] {processor.py:840} INFO - DAG(s) 'example_subdag_operator.section-1', 'example_subdag_operator.section-2', 'example_subdag_operator' retrieved from /home/airflow/.local/lib/python3.8/site-packages/airflow/example_dags/example_subdag_operator.py
[2026-08-09T20:04:48.638+0000] {logging_mixin.py:188} INFO - [2026-08-09T20:04:48.638+0000] {dag.py:3036} INFO - Sync 3 DAGs
[2026-08-09T20:04:48.658+0000] {logging_mixin.py:188} INFO - [2026-08-09T20:04:48.658+0000] {dag.py:3823} INFO - Setting next_dagrun for example_subdag_operator to 2022-01-01 00:00:00+00:00, run_after=2022-01-01 00:00:00+00:00
[2026-08-09T20:04:48.662+0000] {logging_mixin.py:188} INFO - [2026-08-09T20:04:48.662+0000] {dag.py:3823} INFO - Setting next_dagrun for example_subdag_operator.section-1 to None, run_after=None
[2026-08-09T20:04:48.664+0000] {logging_mixin.py:188} INFO - [2026-08-09T20:04:48.664+0000] {dag.py:3823} INFO - Setting next_dagrun for example_subdag_operator.section-2 to None, run_after=None
[2026-08-09T20:04:48.671+0000] {logging_mixin.py:188} INFO - [2026-08-09T20:04:48.671+0000] {dag.py:3036} INFO - Sync 2 DAGs
[2026-08-09T20:04:48.677+0000] {logging_mixin.py:188} INFO - [2026-08-09T20:04:48.676+0000] {dag.py:3823} INFO - Setting next_dagrun for example_subdag_operator.section-1 to None, run_after=None
[2026-08-09T20:04:48.677+0000] {logging_mixin.py:188} INFO - [2026-08-09T20:04:48.677+0000] {dag.py:3823} INFO - Setting next_dagrun for example_subdag_operator.section-2 to None, run_after=None
[2026-08-09T20:04:48.690+0000] {processor.py:183} INFO - Processing /home/airflow/.local/lib/python3.8/site-packages/airflow/example_dags/example_subdag_operator.py took 0.101 seconds
[2026-08-09T20:05:19.370+0000] {processor.py:161} INFO - Started process (PID=1744) to work on /home/airflow/.local/lib/python3.8/site-packages/airflow/example_dags/example_subdag_operator.py
[2026-08-09T20:05:19.371+0000] {processor.py:830} INFO - Processing file /home/airflow/.local/lib/python3.8/site-packages/airflow/example_dags/example_subdag_operator.py for tasks to queue
[2026-08-09T20:05:19.373+0000] {logging_mixin.py:188} INFO - [2026-08-09T20:05:19.373+0000] {dagbag.py:538} INFO - Filling up the DagBag from /home/airflow/.local/lib/python3.8/site-packages/airflow/example_dags/example_subdag_operator.py
[2026-08-09T20:05:19.397+0000] {processor.py:840} INFO - DAG(s) 'example_subdag_operator.section-1', 'example_subdag_operator.section-2', 'example_subdag_operator' retrieved from /home/airflow/.local/lib/python3.8/site-packages/airflow/example_dags/example_subdag_operator.py
[2026-08-09T20:05:19.412+0000] {logging_mixin.py:188} INFO - [2026-08-09T20:05:19.412+0000] {dag.py:3036} INFO - Sync 3 DAGs
[2026-08-09T20:05:19.432+0000] {logging_mixin.py:188} INFO - [2026-08-09T20:05:19.432+0000] {dag.py:3823} INFO - Setting next_dagrun for example_subdag_operator to 2022-01-01 00:00:00+00:00, run_after=2022-01-01 00:00:00+00:00
[2026-08-09T20:05:19.436+0000] {logging_mixin.py:188} INFO - [2026-08-09T20:05:19.436+0000] {dag.py:3823} INFO - Setting next_dagrun for example_subdag_operator.section-1 to None, run_after=None
[2026-08-09T20:05:19.438+0000] {logging_mixin.py:188} INFO - [2026-08-09T20:05:19.437+0000] {dag.py:3823} INFO - Setting next_dagrun for example_subdag_operator.section-2 to None, run_after=None
[2026-08-09T20:05:19.445+0000] {logging_mixin.py:188} INFO - [2026-08-09T20:05:19.445+0000] {dag.py:3036} INFO - Sync 2 DAGs
[2026-08-09T20:05:19.451+0000] {logging_mixin.py:188} INFO - [2026-08-09T20:05:19.451+0000] {dag.py:3823} INFO - Setting next_dagrun for example_subdag_operator.section-1 to None, run_after=None
[2026-08-09T20:05:19.452+0000] {logging_mixin.py:188} INFO - [2026-08-09T20:05:19.451+0000] {dag.py:3823} INFO - Setting next_dagrun for example_subdag_operator.section-2 to None, run_after=None
[2026-08-09T20:05:19.464+0000] {processor.py:183} INFO - Processing /home/airflow/.local/lib/python3.8/site-packages/airflow/example_dags/example_subdag_operator.py took 0.097 seconds
[2026-08-09T20:05:50.000+0000] {processor.py:161} INFO - Started process (PID=1813) to work on /home/airflow/.local/lib/python3.8/site-packages/airflow/example_dags/example_subdag_operator.py
[2026-08-09T20:05:50.001+0000] {processor.py:830} INFO - Processing file /home/airflow/.local/lib/python3.8/site-packages/airflow/example_dags/example_subdag_operator.py for tasks to queue
[2026-08-09T20:05:50.003+0000] {logging_mixin.py:188} INFO - [2026-08-09T20:05:50.003+0000] {dagbag.py:538} INFO - Filling up the DagBag from /home/airflow/.local/lib/python3.8/site-packages/airflow/example_dags/example_subdag_operator.py
[2026-08-09T20:05:50.040+0000] {processor.py:840} INFO - DAG(s) 'example_subdag_operator.section-1', 'example_subdag_operator.section-2', 'example_subdag_operator' retrieved from /home/airflow/.local/lib/python3.8/site-packages/airflow/example_dags/example_subdag_operator.py
[2026-08-09T20:05:50.066+0000] {logging_mixin.py:188} INFO - [2026-08-09T20:05:50.066+0000] {dag.py:3036} INFO - Sync 3 DAGs
[2026-08-09T20:05:50.099+0000] {logging_mixin.py:188} INFO - [2026-08-09T20:05:50.099+0000] {dag.py:3823} INFO - Setting next_dagrun for example_subdag_operator to 2022-01-01 00:00:00+00:00, run_after=2022-01-01 00:00:00+00:00
[2026-08-09T20:05:50.105+0000] {logging_mixin.py:188} INFO - [2026-08-09T20:05:50.104+0000] {dag.py:3823} INFO - Setting next_dagrun for example_subdag_operator.section-1 to None, run_after=None
[2026-08-09T20:05:50.107+0000] {logging_mixin.py:188} INFO - [2026-08-09T20:05:50.107+0000] {dag.py:3823} INFO - Setting next_dagrun for example_subdag_operator.section-2 to None, run_after=None
[2026-08-09T20:05:50.120+0000] {logging_mixin.py:188} INFO - [2026-08-09T20:05:50.119+0000] {dag.py:3036} INFO - Sync 2 DAGs
[2026-08-09T20:05:50.128+0000] {logging_mixin.py:188} INFO - [2026-08-09T20:05:50.127+0000] {dag.py:3823} INFO - Setting next_dagrun for example_subdag_operator.section-1 to None, run_after=None
[2026-08-09T20:05:50.129+0000] {logging_mixin.py:188} INFO - [2026-08-09T20:05:50.129+0000] {dag.py:3823} INFO - Setting next_dagrun for example_subdag_operator.section-2 to None, run_after=None
[2026-08-09T20:05:50.158+0000] {processor.py:183} INFO - Processing /home/airflow/.local/lib/python3.8/site-packages/airflow/example_dags/example_subdag_operator.py took 0.163 seconds
[2026-08-09T20:06:20.216+0000] {processor.py:161} INFO - Started process (PID=1882) to work on /home/airflow/.local/lib/python3.8/site-packages/airflow/example_dags/example_subdag_operator.py
[2026-08-09T20:06:20.218+0000] {processor.py:830} INFO - Processing file /home/airflow/.local/lib/python3.8/site-packages/airflow/example_dags/example_subdag_operator.py for tasks to queue
[2026-08-09T20:06:20.221+0000] {logging_mixin.py:188} INFO - [2026-08-09T20:06:20.220+0000] {dagbag.py:538} INFO - Filling up the DagBag from /home/airflow/.local/lib/python3.8/site-packages/airflow/example_dags/example_subdag_operator.py
[2026-08-09T20:06:20.245+0000] {processor.py:840} INFO - DAG(s) 'example_subdag_operator.section-1', 'example_subdag_operator.section-2', 'example_subdag_operator' retrieved from /home/airflow/.local/lib/python3.8/site-packages/airflow/example_dags/example_subdag_operator.py
[2026-08-09T20:06:20.265+0000] {logging_mixin.py:188} INFO - [2026-08-09T20:06:20.264+0000] {dag.py:3036} INFO - Sync 3 DAGs
[2026-08-09T20:06:20.290+0000] {logging_mixin.py:188} INFO - [2026-08-09T20:06:20.290+0000] {dag.py:3823} INFO - Setting next_dagrun for example_subdag_operator to 2022-01-01 00:00:00+00:00, run_after=2022-01-01 00:00:00+00:00
[2026-08-09T20:06:20.295+0000] {logging_mixin.py:188} INFO - [2026-08-09T20:06:20.295+0000] {dag.py:3823} INFO - Setting next_dagrun for example_subdag_operator.section-1 to None, run_after=None
[2026-08-09T20:06:20.297+0000] {logging_mixin.py:188} INFO - [2026-08-09T20:06:20.296+0000] {dag.py:3823} INFO - Setting next_dagrun for example_subdag_operator.section-2 to None, run_after=None
[2026-08-09T20:06:20.305+0000] {logging_mixin.py:188} INFO - [2026-08-09T20:06:20.305+0000] {dag.py:3036} INFO - Sync 2 DAGs
[2026-08-09T20:06:20.313+0000] {logging_mixin.py:188} INFO - [2026-08-09T20:06:20.312+0000] {dag.py:3823} INFO - Setting next_dagrun for example_subdag_operator.section-1 to None, run_after=None
[2026-08-09T20:06:20.314+0000] {logging_mixin.py:188} INFO - [2026-08-09T20:06:20.313+0000] {dag.py:3823} INFO - Setting next_dagrun for example_subdag_operator.section-2 to None, run_after=None
[2026-08-09T20:06:20.330+0000] {processor.py:183} INFO - Processing /home/airflow/.local/lib/python3.8/site-packages/airflow/example_dags/example_subdag_operator.py took 0.118 seconds
[2026-08-09T20:06:50.521+0000] {processor.py:161} INFO - Started process (PID=1951) to work on /home/airflow/.local/lib/python3.8/site-packages/airflow/example_dags/example_subdag_operator.py
[2026-08-09T20:06:50.523+0000] {processor.py:830} INFO - Processing file /home/airflow/.local/lib/python3.8/site-packages/airflow/example_dags/example_subdag_operator.py for tasks to queue
[2026-08-09T20:06:50.527+0000] {logging_mixin.py:188} INFO - [2026-08-09T20:06:50.527+0000] {dagbag.py:538} INFO - Filling up the DagBag from /home/airflow/.local/lib/python3.8/site-packages/airflow/example_dags/example_subdag_operator.py
[2026-08-09T20:06:50.562+0000] {processor.py:840} INFO - DAG(s) 'example_subdag_operator.section-1', 'example_subdag_operator.section-2', 'example_subdag_operator' retrieved from /home/airflow/.local/lib/python3.8/site-packages/airflow/example_dags/example_subdag_operator.py
[2026-08-09T20:06:50.581+0000] {logging_mixin.py:188} INFO - [2026-08-09T20:06:50.581+0000] {dag.py:3036} INFO - Sync 3 DAGs
[2026-08-09T20:06:50.612+0000] {logging_mixin.py:188} INFO - [2026-08-09T20:06:50.612+0000] {dag.py:3823} INFO - Setting next_dagrun for example_subdag_operator to 2022-01-01 00:00:00+00:00, run_after=2022-01-01 00:00:00+00:00
[2026-08-09T20:06:50.617+0000] {logging_mixin.py:188} INFO - [2026-08-09T20:06:50.616+0000] {dag.py:3823} INFO - Setting next_dagrun for example_subdag_operator.section-1 to None, run_after=None
[2026-08-09T20:06:50.619+0000] {logging_mixin.py:188} INFO - [2026-08-09T20:06:50.618+0000] {dag.py:3823} INFO - Setting next_dagrun for example_subdag_operator.section-2 to None, run_after=None
[2026-08-09T20:06:50.632+0000] {logging_mixin.py:188} INFO - [2026-08-09T20:06:50.632+0000] {dag.py:3036} INFO - Sync 2 DAGs
[2026-08-09T20:06:50.638+0000] {logging_mixin.py:188} INFO - [2026-08-09T20:06:50.638+0000] {dag.py:3823} INFO - Setting next_dagrun for example_subdag_operator.section-1 to None, run_after=None
[2026-08-09T20:06:50.639+0000] {logging_mixin.py:188} INFO - [2026-08-09T20:06:50.639+0000] {dag.py:3823} INFO - Setting next_dagrun for example_subdag_operator.section-2 to None, run_after=None
[2026-08-09T20:06:50.661+0000] {processor.py:183} INFO - Processing /home/airflow/.local/lib/python3.8/site-packages/airflow/example_dags/example_subdag_operator.py took 0.145 seconds
[2026-08-09T20:07:20.888+0000] {processor.py:161} INFO - Started process (PID=2020) to work on /home/airflow/.local/lib/python3.8/site-packages/airflow/example_dags/example_subdag_operator.py
[2026-08-09T20:07:20.890+0000] {processor.py:830} INFO - Processing file /home/airflow/.local/lib/python3.8/site-packages/airflow/example_dags/example_subdag_operator.py for tasks to queue
[2026-08-09T20:07:20.892+0000] {logging_mixin.py:188} INFO - [2026-08-09T20:07:20.891+0000] {dagbag.py:538} INFO - Filling up the DagBag from /home/airflow/.local/lib/python3.8/site-packages/airflow/example_dags/example_subdag_operator.py
[2026-08-09T20:07:20.940+0000] {processor.py:840} INFO - DAG(s) 'example_subdag_operator.section-1', 'example_subdag_operator.section-2', 'example_subdag_operator' retrieved from /home/airflow/.local/lib/python3.8/site-packages/airflow/example_dags/example_subdag_operator.py
[2026-08-09T20:07:20.965+0000] {logging_mixin.py:188} INFO - [2026-08-09T20:07:20.964+0000] {dag.py:3036} INFO - Sync 3 DAGs
[2026-08-09T20:07:21.008+0000] {logging_mixin.py:188} INFO - [2026-08-09T20:07:21.007+0000] {dag.py:3823} INFO - Setting next_dagrun for example_subdag_operator to 2022-01-01 00:00:00+00:00, run_after=2022-01-01 00:00:00+00:00
[2026-08-09T20:07:21.012+0000] {logging_mixin.py:188} INFO - [2026-08-09T20:07:21.012+0000] {dag.py:3823} INFO - Setting next_dagrun for example_subdag_operator.section-1 to None, run_after=None
[2026-08-09T20:07:21.015+0000] {logging_mixin.py:188} INFO - [2026-08-09T20:07:21.015+0000] {dag.py:3823} INFO - Setting next_dagrun for example_subdag_operator.section-2 to None, run_after=None
[2026-08-09T20:07:21.032+0000] {logging_mixin.py:188} INFO - [2026-08-09T20:07:21.032+0000] {dag.py:3036} INFO - Sync 2 DAGs
[2026-08-09T20:07:21.041+0000] {logging_mixin.py:188} INFO - [2026-08-09T20:07:21.041+0000] {dag.py:3823} INFO - Setting next_dagrun for example_subdag_operator.section-1 to None, run_after=None
[2026-08-09T20:07:21.049+0000] {logging_mixin.py:188} INFO - [2026-08-09T20:07:21.048+0000] {dag.py:3823} INFO - Setting next_dagrun for example_subdag_operator.section-2 to None, run_after=None
[2026-08-09T20:07:21.072+0000] {processor.py:183} INFO - Processing /home/airflow/.local/lib/python3.8/site-packages/airflow/example_dags/example_subdag_operator.py took 0.191 seconds
[2026-08-09T20:07:52.510+0000] {processor.py:161} INFO - Started process (PID=2089) to work on /home/airflow/.local/lib/python3.8/site-packages/airflow/example_dags/example_subdag_operator.py
[2026-08-09T20:07:52.512+0000] {processor.py:830} INFO - Processing file /home/airflow/.local/lib/python3.8/site-packages/airflow/example_dags/example_subdag_operator.py for tasks to queue
[2026-08-09T20:07:52.514+0000] {logging_mixin.py:188} INFO - [2026-08-09T20:07:52.514+0000] {dagbag.py:538} INFO - Filling up the DagBag from /home/airflow/.local/lib/python3.8/site-packages/airflow/example_dags/example_subdag_operator.py
[2026-08-09T20:07:52.551+0000] {processor.py:840} INFO - DAG(s) 'example_subdag_operator.section-1', 'example_subdag_operator.section-2', 'example_subdag_operator' retrieved from /home/airflow/.local/lib/python3.8/site-packages/airflow/example_dags/example_subdag_operator.py
[2026-08-09T20:07:52.574+0000] {logging_mixin.py:188} INFO - [2026-08-09T20:07:52.574+0000] {dag.py:3036} INFO - Sync 3 DAGs
[2026-08-09T20:07:52.603+0000] {logging_mixin.py:188} INFO - [2026-08-09T20:07:52.602+0000] {dag.py:3823} INFO - Setting next_dagrun for example_subdag_operator to 2022-01-01 00:00:00+00:00, run_after=2022-01-01 00:00:00+00:00
[2026-08-09T20:07:52.610+0000] {logging_mixin.py:188} INFO - [2026-08-09T20:07:52.609+0000] {dag.py:3823} INFO - Setting next_dagrun for example_subdag_operator.section-1 to None, run_after=None
[2026-08-09T20:07:52.613+0000] {logging_mixin.py:188} INFO - [2026-08-09T20:07:52.612+0000] {dag.py:3823} INFO - Setting next_dagrun for example_subdag_operator.section-2 to None, run_after=None
[2026-08-09T20:07:52.626+0000] {logging_mixin.py:188} INFO - [2026-08-09T20:07:52.625+0000] {dag.py:3036} INFO - Sync 2 DAGs
[2026-08-09T20:07:52.631+0000] {logging_mixin.py:188} INFO - [2026-08-09T20:07:52.631+0000] {dag.py:3823} INFO - Setting next_dagrun for example_subdag_operator.section-1 to None, run_after=None
[2026-08-09T20:07:52.633+0000] {logging_mixin.py:188} INFO - [2026-08-09T20:07:52.633+0000] {dag.py:3823} INFO - Setting next_dagrun for example_subdag_operator.section-2 to None, run_after=None
[2026-08-09T20:07:52.653+0000] {processor.py:183} INFO - Processing /home/airflow/.local/lib/python3.8/site-packages/airflow/example_dags/example_subdag_operator.py took 0.151 seconds
[2026-08-09T20:08:23.464+0000] {processor.py:161} INFO - Started process (PID=2158) to work on /home/airflow/.local/lib/python3.8/site-packages/airflow/example_dags/example_subdag_operator.py
[2026-08-09T20:08:23.466+0000] {processor.py:830} INFO - Processing file /home/airflow/.local/lib/python3.8/site-packages/airflow/example_dags/example_subdag_operator.py for tasks to queue
[2026-08-09T20:08:23.471+0000] {logging_mixin.py:188} INFO - [2026-08-09T20:08:23.471+0000] {dagbag.py:538} INFO - Filling up the DagBag from /home/airflow/.local/lib/python3.8/site-packages/airflow/example_dags/example_subdag_operator.py
[2026-08-09T20:08:23.515+0000] {processor.py:840} INFO - DAG(s) 'example_subdag_operator.section-1', 'example_subdag_operator.section-2', 'example_subdag_operator' retrieved from /home/airflow/.local/lib/python3.8/site-packages/airflow/example_dags/example_subdag_operator.py
[2026-08-09T20:08:23.540+0000] {logging_mixin.py:188} INFO - [2026-08-09T20:08:23.539+0000] {dag.py:3036} INFO - Sync 3 DAGs
[2026-08-09T20:08:23.580+0000] {logging_mixin.py:188} INFO - [2026-08-09T20:08:23.580+0000] {dag.py:3823} INFO - Setting next_dagrun for example_subdag_operator to 2022-01-01 00:00:00+00:00, run_after=2022-01-01 00:00:00+00:00
[2026-08-09T20:08:23.591+0000] {logging_mixin.py:188} INFO - [2026-08-09T20:08:23.591+0000] {dag.py:3823} INFO - Setting next_dagrun for example_subdag_operator.section-1 to None, run_after=None
[2026-08-09T20:08:23.595+0000] {logging_mixin.py:188} INFO - [2026-08-09T20:08:23.594+0000] {dag.py:3823} INFO - Setting next_dagrun for example_subdag_operator.section-2 to None, run_after=None
[2026-08-09T20:08:23.607+0000] {logging_mixin.py:188} INFO - [2026-08-09T20:08:23.606+0000] {dag.py:3036} INFO - Sync 2 DAGs
[2026-08-09T20:08:23.616+0000] {logging_mixin.py:188} INFO - [2026-08-09T20:08:23.616+0000] {dag.py:3823} INFO - Setting next_dagrun for example_subdag_operator.section-1 to None, run_after=None
[2026-08-09T20:08:23.617+0000] {logging_mixin.py:188} INFO - [2026-08-09T20:08:23.617+0000] {dag.py:3823} INFO - Setting next_dagrun for example_subdag_operator.section-2 to None, run_after=None
[2026-08-09T20:08:23.637+0000] {processor.py:183} INFO - Processing /home/airflow/.local/lib/python3.8/site-packages/airflow/example_dags/example_subdag_operator.py took 0.181 seconds
[2026-08-09T20:08:54.287+0000] {processor.py:161} INFO - Started process (PID=2227) to work on /home/airflow/.local/lib/python3.8/site-packages/airflow/example_dags/example_subdag_operator.py
[2026-08-09T20:08:54.289+0000] {processor.py:830} INFO - Processing file /home/airflow/.local/lib/python3.8/site-packages/airflow/example_dags/example_subdag_operator.py for tasks to queue
[2026-08-09T20:08:54.291+0000] {logging_mixin.py:188} INFO - [2026-08-09T20:08:54.291+0000] {dagbag.py:538} INFO - Filling up the DagBag from /home/airflow/.local/lib/python3.8/site-packages/airflow/example_dags/example_subdag_operator.py
[2026-08-09T20:08:54.324+0000] {processor.py:840} INFO - DAG(s) 'example_subdag_operator.section-1', 'example_subdag_operator.section-2', 'example_subdag_operator' retrieved from /home/airflow/.local/lib/python3.8/site-packages/airflow/example_dags/example_subdag_operator.py
[2026-08-09T20:08:54.347+0000] {logging_mixin.py:188} INFO - [2026-08-09T20:08:54.346+0000] {dag.py:3036} INFO - Sync 3 DAGs
[2026-08-09T20:08:54.372+0000] {logging_mixin.py:188} INFO - [2026-08-09T20:08:54.371+0000] {dag.py:3823} INFO - Setting next_dagrun for example_subdag_operator to 2022-01-01 00:00:00+00:00, run_after=2022-01-01 00:00:00+00:00
[2026-08-09T20:08:54.377+0000] {logging_mixin.py:188} INFO - [2026-08-09T20:08:54.377+0000] {dag.py:3823} INFO - Setting next_dagrun for example_subdag_operator.section-1 to None, run_after=None
[2026-08-09T20:08:54.379+0000] {logging_mixin.py:188} INFO - [2026-08-09T20:08:54.379+0000] {dag.py:3823} INFO - Setting next_dagrun for example_subdag_operator.section-2 to None, run_after=None
[2026-08-09T20:08:54.390+0000] {logging_mixin.py:188} INFO - [2026-08-09T20:08:54.389+0000] {dag.py:3036} INFO - Sync 2 DAGs
[2026-08-09T20:08:54.395+0000] {logging_mixin.py:188} INFO - [2026-08-09T20:08:54.395+0000] {dag.py:3823} INFO - Setting next_dagrun for example_subdag_operator.section-1 to None, run_after=None
[2026-08-09T20:08:54.396+0000] {logging_mixin.py:188} INFO - [2026-08-09T20:08:54.396+0000] {dag.py:3823} INFO - Setting next_dagrun for example_subdag_operator.section-2 to None, run_after=None
[2026-08-09T20:08:54.414+0000] {processor.py:183} INFO - Processing /home/airflow/.local/lib/python3.8/site-packages/airflow/example_dags/example_subdag_operator.py took 0.133 seconds
[2026-08-09T20:09:25.473+0000] {processor.py:161} INFO - Started process (PID=2296) to work on /home/airflow/.local/lib/python3.8/site-packages/airflow/example_dags/example_subdag_operator.py
[2026-08-09T20:09:25.476+0000] {processor.py:830} INFO - Processing file /home/airflow/.local/lib/python3.8/site-packages/airflow/example_dags/example_subdag_operator.py for tasks to queue
[2026-08-09T20:09:25.479+0000] {logging_mixin.py:188} INFO - [2026-08-09T20:09:25.479+0000] {dagbag.py:538} INFO - Filling up the DagBag from /home/airflow/.local/lib/python3.8/site-packages/airflow/example_dags/example_subdag_operator.py
[2026-08-09T20:09:25.526+0000] {processor.py:840} INFO - DAG(s) 'example_subdag_operator.section-1', 'example_subdag_operator.section-2', 'example_subdag_operator' retrieved from /home/airflow/.local/lib/python3.8/site-packages/airflow/example_dags/example_subdag_operator.py
[2026-08-09T20:09:25.544+0000] {logging_mixin.py:188} INFO - [2026-08-09T20:09:25.544+0000] {dag.py:3036} INFO - Sync 3 DAGs
[2026-08-09T20:09:25.578+0000] {logging_mixin.py:188} INFO - [2026-08-09T20:09:25.578+0000] {dag.py:3823} INFO - Setting next_dagrun for example_subdag_operator to 2022-01-01 00:00:00+00:00, run_after=2022-01-01 00:00:00+00:00
[2026-08-09T20:09:25.586+0000] {logging_mixin.py:188} INFO - [2026-08-09T20:09:25.586+0000] {dag.py:3823} INFO - Setting next_dagrun for example_subdag_operator.section-1 to None, run_after=None
[2026-08-09T20:09:25.589+0000] {logging_mixin.py:188} INFO - [2026-08-09T20:09:25.588+0000] {dag.py:3823} INFO - Setting next_dagrun for example_subdag_operator.section-2 to None, run_after=None
[2026-08-09T20:09:25.806+0000] {logging_mixin.py:188} INFO - [2026-08-09T20:09:25.806+0000] {dag.py:3036} INFO - Sync 2 DAGs
[2026-08-09T20:09:25.812+0000] {logging_mixin.py:188} INFO - [2026-08-09T20:09:25.812+0000] {dag.py:3823} INFO - Setting next_dagrun for example_subdag_operator.section-1 to None, run_after=None
[2026-08-09T20:09:25.813+0000] {logging_mixin.py:188} INFO - [2026-08-09T20:09:25.813+0000] {dag.py:3823} INFO - Setting next_dagrun for example_subdag_operator.section-2 to None, run_after=None
[2026-08-09T20:09:25.833+0000] {processor.py:183} INFO - Processing /home/airflow/.local/lib/python3.8/site-packages/airflow/example_dags/example_subdag_operator.py took 0.367 seconds
[2026-08-09T20:09:56.279+0000] {processor.py:161} INFO - Started process (PID=2373) to work on /home/airflow/.local/lib/python3.8/site-packages/airflow/example_dags/example_subdag_operator.py
[2026-08-09T20:09:56.280+0000] {processor.py:830} INFO - Processing file /home/airflow/.local/lib/python3.8/site-packages/airflow/example_dags/example_subdag_operator.py for tasks to queue
[2026-08-09T20:09:56.283+0000] {logging_mixin.py:188} INFO - [2026-08-09T20:09:56.282+0000] {dagbag.py:538} INFO - Filling up the DagBag from /home/airflow/.local/lib/python3.8/site-packages/airflow/example_dags/example_subdag_operator.py
[2026-08-09T20:09:56.314+0000] {processor.py:840} INFO - DAG(s) 'example_subdag_operator.section-1', 'example_subdag_operator.section-2', 'example_subdag_operator' retrieved from /home/airflow/.local/lib/python3.8/site-packages/airflow/example_dags/example_subdag_operator.py
[2026-08-09T20:09:56.319+0000] {logging_mixin.py:188} INFO - [2026-08-09T20:09:56.318+0000] {dag.py:3036} INFO - Sync 3 DAGs
[2026-08-09T20:09:56.352+0000] {logging_mixin.py:188} INFO - [2026-08-09T20:09:56.352+0000] {dag.py:3823} INFO - Setting next_dagrun for example_subdag_operator to 2022-01-01 00:00:00+00:00, run_after=2022-01-01 00:00:00+00:00
[2026-08-09T20:09:56.359+0000] {logging_mixin.py:188} INFO - [2026-08-09T20:09:56.358+0000] {dag.py:3823} INFO - Setting next_dagrun for example_subdag_operator.section-1 to None, run_after=None
[2026-08-09T20:09:56.361+0000] {logging_mixin.py:188} INFO - [2026-08-09T20:09:56.361+0000] {dag.py:3823} INFO - Setting next_dagrun for example_subdag_operator.section-2 to None, run_after=None
[2026-08-09T20:09:56.375+0000] {logging_mixin.py:188} INFO - [2026-08-09T20:09:56.375+0000] {dag.py:3036} INFO - Sync 2 DAGs
[2026-08-09T20:09:56.381+0000] {logging_mixin.py:188} INFO - [2026-08-09T20:09:56.381+0000] {dag.py:3823} INFO - Setting next_dagrun for example_subdag_operator.section-1 to None, run_after=None
[2026-08-09T20:09:56.386+0000] {logging_mixin.py:188} INFO - [2026-08-09T20:09:56.386+0000] {dag.py:3823} INFO - Setting next_dagrun for example_subdag_operator.section-2 to None, run_after=None
[2026-08-09T20:09:56.572+0000] {processor.py:183} INFO - Processing /home/airflow/.local/lib/python3.8/site-packages/airflow/example_dags/example_subdag_operator.py took 0.298 seconds
[2026-08-09T20:10:30.683+0000] {processor.py:161} INFO - Started process (PID=2442) to work on /home/airflow/.local/lib/python3.8/site-packages/airflow/example_dags/example_subdag_operator.py
[2026-08-09T20:10:30.685+0000] {processor.py:830} INFO - Processing file /home/airflow/.local/lib/python3.8/site-packages/airflow/example_dags/example_subdag_operator.py for tasks to queue
[2026-08-09T20:10:30.687+0000] {logging_mixin.py:188} INFO - [2026-08-09T20:10:30.687+0000] {dagbag.py:538} INFO - Filling up the DagBag from /home/airflow/.local/lib/python3.8/site-packages/airflow/example_dags/example_subdag_operator.py
[2026-08-09T20:10:30.721+0000] {processor.py:840} INFO - DAG(s) 'example_subdag_operator.section-1', 'example_subdag_operator.section-2', 'example_subdag_operator' retrieved from /home/airflow/.local/lib/python3.8/site-packages/airflow/example_dags/example_subdag_operator.py
[2026-08-09T20:10:30.848+0000] {logging_mixin.py:188} INFO - [2026-08-09T20:10:30.847+0000] {dag.py:3036} INFO - Sync 3 DAGs
[2026-08-09T20:10:31.074+0000] {logging_mixin.py:188} INFO - [2026-08-09T20:10:31.073+0000] {dag.py:3823} INFO - Setting next_dagrun for example_subdag_operator to 2022-01-01 00:00:00+00:00, run_after=2022-01-01 00:00:00+00:00
[2026-08-09T20:10:31.081+0000] {logging_mixin.py:188} INFO - [2026-08-09T20:10:31.081+0000] {dag.py:3823} INFO - Setting next_dagrun for example_subdag_operator.section-1 to None, run_after=None
[2026-08-09T20:10:31.086+0000] {logging_mixin.py:188} INFO - [2026-08-09T20:10:31.086+0000] {dag.py:3823} INFO - Setting next_dagrun for example_subdag_operator.section-2 to None, run_after=None
[2026-08-09T20:10:31.113+0000] {logging_mixin.py:188} INFO - [2026-08-09T20:10:31.112+0000] {dag.py:3036} INFO - Sync 2 DAGs
[2026-08-09T20:10:31.132+0000] {logging_mixin.py:188} INFO - [2026-08-09T20:10:31.131+0000] {dag.py:3823} INFO - Setting next_dagrun for example_subdag_operator.section-1 to None, run_after=None
[2026-08-09T20:10:31.136+0000] {logging_mixin.py:188} INFO - [2026-08-09T20:10:31.136+0000] {dag.py:3823} INFO - Setting next_dagrun for example_subdag_operator.section-2 to None, run_after=None
[2026-08-09T20:10:31.180+0000] {processor.py:183} INFO - Processing /home/airflow/.local/lib/python3.8/site-packages/airflow/example_dags/example_subdag_operator.py took 0.502 seconds
[2026-08-09T20:11:01.634+0000] {processor.py:161} INFO - Started process (PID=2511) to work on /home/airflow/.local/lib/python3.8/site-packages/airflow/example_dags/example_subdag_operator.py
[2026-08-09T20:11:01.637+0000] {processor.py:830} INFO - Processing file /home/airflow/.local/lib/python3.8/site-packages/airflow/example_dags/example_subdag_operator.py for tasks to queue
[2026-08-09T20:11:01.643+0000] {logging_mixin.py:188} INFO - [2026-08-09T20:11:01.643+0000] {dagbag.py:538} INFO - Filling up the DagBag from /home/airflow/.local/lib/python3.8/site-packages/airflow/example_dags/example_subdag_operator.py
[2026-08-09T20:11:01.689+0000] {processor.py:840} INFO - DAG(s) 'example_subdag_operator.section-1', 'example_subdag_operator.section-2', 'example_subdag_operator' retrieved from /home/airflow/.local/lib/python3.8/site-packages/airflow/example_dags/example_subdag_operator.py
[2026-08-09T20:11:01.715+0000] {logging_mixin.py:188} INFO - [2026-08-09T20:11:01.715+0000] {dag.py:3036} INFO - Sync 3 DAGs
[2026-08-09T20:11:01.754+0000] {logging_mixin.py:188} INFO - [2026-08-09T20:11:01.754+0000] {dag.py:3823} INFO - Setting next_dagrun for example_subdag_operator to 2022-01-01 00:00:00+00:00, run_after=2022-01-01 00:00:00+00:00
[2026-08-09T20:11:01.763+0000] {logging_mixin.py:188} INFO - [2026-08-09T20:11:01.763+0000] {dag.py:3823} INFO - Setting next_dagrun for example_subdag_operator.section-1 to None, run_after=None
[2026-08-09T20:11:01.766+0000] {logging_mixin.py:188} INFO - [2026-08-09T20:11:01.766+0000] {dag.py:3823} INFO - Setting next_dagrun for example_subdag_operator.section-2 to None, run_after=None
[2026-08-09T20:11:01.783+0000] {logging_mixin.py:188} INFO - [2026-08-09T20:11:01.783+0000] {dag.py:3036} INFO - Sync 2 DAGs
[2026-08-09T20:11:01.793+0000] {logging_mixin.py:188} INFO - [2026-08-09T20:11:01.793+0000] {dag.py:3823} INFO - Setting next_dagrun for example_subdag_operator.section-1 to None, run_after=None
[2026-08-09T20:11:01.794+0000] {logging_mixin.py:188} INFO - [2026-08-09T20:11:01.794+0000] {dag.py:3823} INFO - Setting next_dagrun for example_subdag_operator.section-2 to None, run_after=None
[2026-08-09T20:11:01.817+0000] {processor.py:183} INFO - Processing /home/airflow/.local/lib/python3.8/site-packages/airflow/example_dags/example_subdag_operator.py took 0.189 seconds
[2026-08-09T20:11:35.509+0000] {processor.py:161} INFO - Started process (PID=2580) to work on /home/airflow/.local/lib/python3.8/site-packages/airflow/example_dags/example_subdag_operator.py
[2026-08-09T20:11:35.513+0000] {processor.py:830} INFO - Processing file /home/airflow/.local/lib/python3.8/site-packages/airflow/example_dags/example_subdag_operator.py for tasks to queue
[2026-08-09T20:11:35.517+0000] {logging_mixin.py:188} INFO - [2026-08-09T20:11:35.516+0000] {dagbag.py:538} INFO - Filling up the DagBag from /home/airflow/.local/lib/python3.8/site-packages/airflow/example_dags/example_subdag_operator.py
[2026-08-09T20:11:35.571+0000] {processor.py:840} INFO - DAG(s) 'example_subdag_operator.section-1', 'example_subdag_operator.section-2', 'example_subdag_operator' retrieved from /home/airflow/.local/lib/python3.8/site-packages/airflow/example_dags/example_subdag_operator.py
[2026-08-09T20:11:35.604+0000] {logging_mixin.py:188} INFO - [2026-08-09T20:11:35.604+0000] {dag.py:3036} INFO - Sync 3 DAGs
[2026-08-09T20:11:35.849+0000] {logging_mixin.py:188} INFO - [2026-08-09T20:11:35.849+0000] {dag.py:3823} INFO - Setting next_dagrun for example_subdag_operator to 2022-01-01 00:00:00+00:00, run_after=2022-01-01 00:00:00+00:00
[2026-08-09T20:11:35.858+0000] {logging_mixin.py:188} INFO - [2026-08-09T20:11:35.857+0000] {dag.py:3823} INFO - Setting next_dagrun for example_subdag_operator.section-1 to None, run_after=None
[2026-08-09T20:11:35.861+0000] {logging_mixin.py:188} INFO - [2026-08-09T20:11:35.861+0000] {dag.py:3823} INFO - Setting next_dagrun for example_subdag_operator.section-2 to None, run_after=None
[2026-08-09T20:11:35.871+0000] {logging_mixin.py:188} INFO - [2026-08-09T20:11:35.871+0000] {dag.py:3036} INFO - Sync 2 DAGs
[2026-08-09T20:11:35.884+0000] {logging_mixin.py:188} INFO - [2026-08-09T20:11:35.883+0000] {dag.py:3823} INFO - Setting next_dagrun for example_subdag_operator.section-1 to None, run_after=None
[2026-08-09T20:11:35.885+0000] {logging_mixin.py:188} INFO - [2026-08-09T20:11:35.884+0000] {dag.py:3823} INFO - Setting next_dagrun for example_subdag_operator.section-2 to None, run_after=None
[2026-08-09T20:11:35.911+0000] {processor.py:183} INFO - Processing /home/airflow/.local/lib/python3.8/site-packages/airflow/example_dags/example_subdag_operator.py took 0.408 seconds
[2026-08-09T20:12:06.904+0000] {processor.py:161} INFO - Started process (PID=2649) to work on /home/airflow/.local/lib/python3.8/site-packages/airflow/example_dags/example_subdag_operator.py
[2026-08-09T20:12:06.906+0000] {processor.py:830} INFO - Processing file /home/airflow/.local/lib/python3.8/site-packages/airflow/example_dags/example_subdag_operator.py for tasks to queue
[2026-08-09T20:12:06.909+0000] {logging_mixin.py:188} INFO - [2026-08-09T20:12:06.909+0000] {dagbag.py:538} INFO - Filling up the DagBag from /home/airflow/.local/lib/python3.8/site-packages/airflow/example_dags/example_subdag_operator.py
[2026-08-09T20:12:06.949+0000] {processor.py:840} INFO - DAG(s) 'example_subdag_operator.section-1', 'example_subdag_operator.section-2', 'example_subdag_operator' retrieved from /home/airflow/.local/lib/python3.8/site-packages/airflow/example_dags/example_subdag_operator.py
[2026-08-09T20:12:07.158+0000] {logging_mixin.py:188} INFO - [2026-08-09T20:12:07.158+0000] {dag.py:3036} INFO - Sync 3 DAGs
[2026-08-09T20:12:07.178+0000] {logging_mixin.py:188} INFO - [2026-08-09T20:12:07.178+0000] {dag.py:3823} INFO - Setting next_dagrun for example_subdag_operator to 2022-01-01 00:00:00+00:00, run_after=2022-01-01 00:00:00+00:00
[2026-08-09T20:12:07.183+0000] {logging_mixin.py:188} INFO - [2026-08-09T20:12:07.183+0000] {dag.py:3823} INFO - Setting next_dagrun for example_subdag_operator.section-1 to None, run_after=None
[2026-08-09T20:12:07.185+0000] {logging_mixin.py:188} INFO - [2026-08-09T20:12:07.185+0000] {dag.py:3823} INFO - Setting next_dagrun for example_subdag_operator.section-2 to None, run_after=None
[2026-08-09T20:12:07.193+0000] {logging_mixin.py:188} INFO - [2026-08-09T20:12:07.193+0000] {dag.py:3036} INFO - Sync 2 DAGs
[2026-08-09T20:12:07.200+0000] {logging_mixin.py:188} INFO - [2026-08-09T20:12:07.199+0000] {dag.py:3823} INFO - Setting next_dagrun for example_subdag_operator.section-1 to None, run_after=None
[2026-08-09T20:12:07.201+0000] {logging_mixin.py:188} INFO - [2026-08-09T20:12:07.200+0000] {dag.py:3823} INFO - Setting next_dagrun for example_subdag_operator.section-2 to None, run_after=None
[2026-08-09T20:12:07.214+0000] {processor.py:183} INFO - Processing /home/airflow/.local/lib/python3.8/site-packages/airflow/example_dags/example_subdag_operator.py took 0.316 seconds
[2026-08-09T20:12:37.860+0000] {processor.py:161} INFO - Started process (PID=2718) to work on /home/airflow/.local/lib/python3.8/site-packages/airflow/example_dags/example_subdag_operator.py
[2026-08-09T20:12:37.861+0000] {processor.py:830} INFO - Processing file /home/airflow/.local/lib/python3.8/site-packages/airflow/example_dags/example_subdag_operator.py for tasks to queue
[2026-08-09T20:12:37.863+0000] {logging_mixin.py:188} INFO - [2026-08-09T20:12:37.863+0000] {dagbag.py:538} INFO - Filling up the DagBag from /home/airflow/.local/lib/python3.8/site-packages/airflow/example_dags/example_subdag_operator.py
[2026-08-09T20:12:37.899+0000] {processor.py:840} INFO - DAG(s) 'example_subdag_operator.section-1', 'example_subdag_operator.section-2', 'example_subdag_operator' retrieved from /home/airflow/.local/lib/python3.8/site-packages/airflow/example_dags/example_subdag_operator.py
[2026-08-09T20:12:37.926+0000] {logging_mixin.py:188} INFO - [2026-08-09T20:12:37.926+0000] {dag.py:3036} INFO - Sync 3 DAGs
[2026-08-09T20:12:37.956+0000] {logging_mixin.py:188} INFO - [2026-08-09T20:12:37.956+0000] {dag.py:3823} INFO - Setting next_dagrun for example_subdag_operator to 2022-01-01 00:00:00+00:00, run_after=2022-01-01 00:00:00+00:00
[2026-08-09T20:12:37.960+0000] {logging_mixin.py:188} INFO - [2026-08-09T20:12:37.960+0000] {dag.py:3823} INFO - Setting next_dagrun for example_subdag_operator.section-1 to None, run_after=None
[2026-08-09T20:12:37.962+0000] {logging_mixin.py:188} INFO - [2026-08-09T20:12:37.962+0000] {dag.py:3823} INFO - Setting next_dagrun for example_subdag_operator.section-2 to None, run_after=None
[2026-08-09T20:12:37.974+0000] {logging_mixin.py:188} INFO - [2026-08-09T20:12:37.973+0000] {dag.py:3036} INFO - Sync 2 DAGs
[2026-08-09T20:12:37.980+0000] {logging_mixin.py:188} INFO - [2026-08-09T20:12:37.980+0000] {dag.py:3823} INFO - Setting next_dagrun for example_subdag_operator.section-1 to None, run_after=None
[2026-08-09T20:12:37.981+0000] {logging_mixin.py:188} INFO - [2026-08-09T20:12:37.981+0000] {dag.py:3823} INFO - Setting next_dagrun for example_subdag_operator.section-2 to None, run_after=None
[2026-08-09T20:12:38.000+0000] {processor.py:183} INFO - Processing /home/airflow/.local/lib/python3.8/site-packages/airflow/example_dags/example_subdag_operator.py took 0.143 seconds
[2026-08-09T20:13:08.265+0000] {processor.py:161} INFO - Started process (PID=2787) to work on /home/airflow/.local/lib/python3.8/site-packages/airflow/example_dags/example_subdag_operator.py
[2026-08-09T20:13:08.266+0000] {processor.py:830} INFO - Processing file /home/airflow/.local/lib/python3.8/site-packages/airflow/example_dags/example_subdag_operator.py for tasks to queue
[2026-08-09T20:13:08.268+0000] {logging_mixin.py:188} INFO - [2026-08-09T20:13:08.268+0000] {dagbag.py:538} INFO - Filling up the DagBag from /home/airflow/.local/lib/python3.8/site-packages/airflow/example_dags/example_subdag_operator.py
[2026-08-09T20:13:08.296+0000] {processor.py:840} INFO - DAG(s) 'example_subdag_operator.section-1', 'example_subdag_operator.section-2', 'example_subdag_operator' retrieved from /home/airflow/.local/lib/python3.8/site-packages/airflow/example_dags/example_subdag_operator.py
[2026-08-09T20:13:08.313+0000] {logging_mixin.py:188} INFO - [2026-08-09T20:13:08.313+0000] {dag.py:3036} INFO - Sync 3 DAGs
[2026-08-09T20:13:08.338+0000] {logging_mixin.py:188} INFO - [2026-08-09T20:13:08.338+0000] {dag.py:3823} INFO - Setting next_dagrun for example_subdag_operator to 2022-01-01 00:00:00+00:00, run_after=2022-01-01 00:00:00+00:00
[2026-08-09T20:13:08.344+0000] {logging_mixin.py:188} INFO - [2026-08-09T20:13:08.343+0000] {dag.py:3823} INFO - Setting next_dagrun for example_subdag_operator.section-1 to None, run_after=None
[2026-08-09T20:13:08.347+0000] {logging_mixin.py:188} INFO - [2026-08-09T20:13:08.346+0000] {dag.py:3823} INFO - Setting next_dagrun for example_subdag_operator.section-2 to None, run_after=None
[2026-08-09T20:13:08.360+0000] {logging_mixin.py:188} INFO - [2026-08-09T20:13:08.359+0000] {dag.py:3036} INFO - Sync 2 DAGs
[2026-08-09T20:13:08.366+0000] {logging_mixin.py:188} INFO - [2026-08-09T20:13:08.366+0000] {dag.py:3823} INFO - Setting next_dagrun for example_subdag_operator.section-1 to None, run_after=None
[2026-08-09T20:13:08.368+0000] {logging_mixin.py:188} INFO - [2026-08-09T20:13:08.368+0000] {dag.py:3823} INFO - Setting next_dagrun for example_subdag_operator.section-2 to None, run_after=None
[2026-08-09T20:13:08.390+0000] {processor.py:183} INFO - Processing /home/airflow/.local/lib/python3.8/site-packages/airflow/example_dags/example_subdag_operator.py took 0.128 seconds
[2026-08-09T20:13:39.085+0000] {processor.py:161} INFO - Started process (PID=2856) to work on /home/airflow/.local/lib/python3.8/site-packages/airflow/example_dags/example_subdag_operator.py
[2026-08-09T20:13:39.087+0000] {processor.py:830} INFO - Processing file /home/airflow/.local/lib/python3.8/site-packages/airflow/example_dags/example_subdag_operator.py for tasks to queue
[2026-08-09T20:13:39.092+0000] {logging_mixin.py:188} INFO - [2026-08-09T20:13:39.091+0000] {dagbag.py:538} INFO - Filling up the DagBag from /home/airflow/.local/lib/python3.8/site-packages/airflow/example_dags/example_subdag_operator.py
[2026-08-09T20:13:39.153+0000] {processor.py:840} INFO - DAG(s) 'example_subdag_operator.section-1', 'example_subdag_operator.section-2', 'example_subdag_operator' retrieved from /home/airflow/.local/lib/python3.8/site-packages/airflow/example_dags/example_subdag_operator.py
[2026-08-09T20:13:39.192+0000] {logging_mixin.py:188} INFO - [2026-08-09T20:13:39.191+0000] {dag.py:3036} INFO - Sync 3 DAGs
[2026-08-09T20:13:39.231+0000] {logging_mixin.py:188} INFO - [2026-08-09T20:13:39.231+0000] {dag.py:3823} INFO - Setting next_dagrun for example_subdag_operator to 2022-01-01 00:00:00+00:00, run_after=2022-01-01 00:00:00+00:00
[2026-08-09T20:13:39.240+0000] {logging_mixin.py:188} INFO - [2026-08-09T20:13:39.240+0000] {dag.py:3823} INFO - Setting next_dagrun for example_subdag_operator.section-1 to None, run_after=None
[2026-08-09T20:13:39.245+0000] {logging_mixin.py:188} INFO - [2026-08-09T20:13:39.243+0000] {dag.py:3823} INFO - Setting next_dagrun for example_subdag_operator.section-2 to None, run_after=None
[2026-08-09T20:13:39.255+0000] {logging_mixin.py:188} INFO - [2026-08-09T20:13:39.254+0000] {dag.py:3036} INFO - Sync 2 DAGs
[2026-08-09T20:13:39.263+0000] {logging_mixin.py:188} INFO - [2026-08-09T20:13:39.262+0000] {dag.py:3823} INFO - Setting next_dagrun for example_subdag_operator.section-1 to None, run_after=None
[2026-08-09T20:13:39.263+0000] {logging_mixin.py:188} INFO - [2026-08-09T20:13:39.263+0000] {dag.py:3823} INFO - Setting next_dagrun for example_subdag_operator.section-2 to None, run_after=None
[2026-08-09T20:13:39.282+0000] {processor.py:183} INFO - Processing /home/airflow/.local/lib/python3.8/site-packages/airflow/example_dags/example_subdag_operator.py took 0.204 seconds
[2026-08-09T20:14:09.574+0000] {processor.py:161} INFO - Started process (PID=2925) to work on /home/airflow/.local/lib/python3.8/site-packages/airflow/example_dags/example_subdag_operator.py
[2026-08-09T20:14:09.575+0000] {processor.py:830} INFO - Processing file /home/airflow/.local/lib/python3.8/site-packages/airflow/example_dags/example_subdag_operator.py for tasks to queue
[2026-08-09T20:14:09.579+0000] {logging_mixin.py:188} INFO - [2026-08-09T20:14:09.579+0000] {dagbag.py:538} INFO - Filling up the DagBag from /home/airflow/.local/lib/python3.8/site-packages/airflow/example_dags/example_subdag_operator.py
[2026-08-09T20:14:09.615+0000] {processor.py:840} INFO - DAG(s) 'example_subdag_operator.section-1', 'example_subdag_operator.section-2', 'example_subdag_operator' retrieved from /home/airflow/.local/lib/python3.8/site-packages/airflow/example_dags/example_subdag_operator.py
[2026-08-09T20:14:09.635+0000] {logging_mixin.py:188} INFO - [2026-08-09T20:14:09.635+0000] {dag.py:3036} INFO - Sync 3 DAGs
[2026-08-09T20:14:09.662+0000] {logging_mixin.py:188} INFO - [2026-08-09T20:14:09.662+0000] {dag.py:3823} INFO - Setting next_dagrun for example_subdag_operator to 2022-01-01 00:00:00+00:00, run_after=2022-01-01 00:00:00+00:00
[2026-08-09T20:14:09.668+0000] {logging_mixin.py:188} INFO - [2026-08-09T20:14:09.667+0000] {dag.py:3823} INFO - Setting next_dagrun for example_subdag_operator.section-1 to None, run_after=None
[2026-08-09T20:14:09.671+0000] {logging_mixin.py:188} INFO - [2026-08-09T20:14:09.671+0000] {dag.py:3823} INFO - Setting next_dagrun for example_subdag_operator.section-2 to None, run_after=None
[2026-08-09T20:14:09.680+0000] {logging_mixin.py:188} INFO - [2026-08-09T20:14:09.680+0000] {dag.py:3036} INFO - Sync 2 DAGs
[2026-08-09T20:14:09.689+0000] {logging_mixin.py:188} INFO - [2026-08-09T20:14:09.689+0000] {dag.py:3823} INFO - Setting next_dagrun for example_subdag_operator.section-1 to None, run_after=None
[2026-08-09T20:14:09.690+0000] {logging_mixin.py:188} INFO - [2026-08-09T20:14:09.690+0000] {dag.py:3823} INFO - Setting next_dagrun for example_subdag_operator.section-2 to None, run_after=None
[2026-08-09T20:14:09.710+0000] {processor.py:183} INFO - Processing /home/airflow/.local/lib/python3.8/site-packages/airflow/example_dags/example_subdag_operator.py took 0.141 seconds
[2026-08-09T20:14:40.523+0000] {processor.py:161} INFO - Started process (PID=2994) to work on /home/airflow/.local/lib/python3.8/site-packages/airflow/example_dags/example_subdag_operator.py
[2026-08-09T20:14:40.525+0000] {processor.py:830} INFO - Processing file /home/airflow/.local/lib/python3.8/site-packages/airflow/example_dags/example_subdag_operator.py for tasks to queue
[2026-08-09T20:14:40.528+0000] {logging_mixin.py:188} INFO - [2026-08-09T20:14:40.527+0000] {dagbag.py:538} INFO - Filling up the DagBag from /home/airflow/.local/lib/python3.8/site-packages/airflow/example_dags/example_subdag_operator.py
[2026-08-09T20:14:40.564+0000] {processor.py:840} INFO - DAG(s) 'example_subdag_operator.section-1', 'example_subdag_operator.section-2', 'example_subdag_operator' retrieved from /home/airflow/.local/lib/python3.8/site-packages/airflow/example_dags/example_subdag_operator.py
[2026-08-09T20:14:40.585+0000] {logging_mixin.py:188} INFO - [2026-08-09T20:14:40.584+0000] {dag.py:3036} INFO - Sync 3 DAGs
[2026-08-09T20:14:40.614+0000] {logging_mixin.py:188} INFO - [2026-08-09T20:14:40.613+0000] {dag.py:3823} INFO - Setting next_dagrun for example_subdag_operator to 2022-01-01 00:00:00+00:00, run_after=2022-01-01 00:00:00+00:00
[2026-08-09T20:14:40.618+0000] {logging_mixin.py:188} INFO - [2026-08-09T20:14:40.618+0000] {dag.py:3823} INFO - Setting next_dagrun for example_subdag_operator.section-1 to None, run_after=None
[2026-08-09T20:14:40.620+0000] {logging_mixin.py:188} INFO - [2026-08-09T20:14:40.620+0000] {dag.py:3823} INFO - Setting next_dagrun for example_subdag_operator.section-2 to None, run_after=None
[2026-08-09T20:14:40.632+0000] {logging_mixin.py:188} INFO - [2026-08-09T20:14:40.632+0000] {dag.py:3036} INFO - Sync 2 DAGs
[2026-08-09T20:14:40.638+0000] {logging_mixin.py:188} INFO - [2026-08-09T20:14:40.637+0000] {dag.py:3823} INFO - Setting next_dagrun for example_subdag_operator.section-1 to None, run_after=None
[2026-08-09T20:14:40.639+0000] {logging_mixin.py:188} INFO - [2026-08-09T20:14:40.638+0000] {dag.py:3823} INFO - Setting next_dagrun for example_subdag_operator.section-2 to None, run_after=None
[2026-08-09T20:14:40.659+0000] {processor.py:183} INFO - Processing /home/airflow/.local/lib/python3.8/site-packages/airflow/example_dags/example_subdag_operator.py took 0.141 seconds
[2026-08-09T20:15:11.477+0000] {processor.py:161} INFO - Started process (PID=3063) to work on /home/airflow/.local/lib/python3.8/site-packages/airflow/example_dags/example_subdag_operator.py
[2026-08-09T20:15:11.480+0000] {processor.py:830} INFO - Processing file /home/airflow/.local/lib/python3.8/site-packages/airflow/example_dags/example_subdag_operator.py for tasks to queue
[2026-08-09T20:15:11.489+0000] {logging_mixin.py:188} INFO - [2026-08-09T20:15:11.488+0000] {dagbag.py:538} INFO - Filling up the DagBag from /home/airflow/.local/lib/python3.8/site-packages/airflow/example_dags/example_subdag_operator.py
[2026-08-09T20:15:11.548+0000] {processor.py:840} INFO - DAG(s) 'example_subdag_operator.section-1', 'example_subdag_operator.section-2', 'example_subdag_operator' retrieved from /home/airflow/.local/lib/python3.8/site-packages/airflow/example_dags/example_subdag_operator.py
[2026-08-09T20:15:11.580+0000] {logging_mixin.py:188} INFO - [2026-08-09T20:15:11.580+0000] {dag.py:3036} INFO - Sync 3 DAGs
[2026-08-09T20:15:11.616+0000] {logging_mixin.py:188} INFO - [2026-08-09T20:15:11.615+0000] {dag.py:3823} INFO - Setting next_dagrun for example_subdag_operator to 2022-01-01 00:00:00+00:00, run_after=2022-01-01 00:00:00+00:00
[2026-08-09T20:15:11.622+0000] {logging_mixin.py:188} INFO - [2026-08-09T20:15:11.622+0000] {dag.py:3823} INFO - Setting next_dagrun for example_subdag_operator.section-1 to None, run_after=None
[2026-08-09T20:15:11.625+0000] {logging_mixin.py:188} INFO - [2026-08-09T20:15:11.624+0000] {dag.py:3823} INFO - Setting next_dagrun for example_subdag_operator.section-2 to None, run_after=None
[2026-08-09T20:15:11.638+0000] {logging_mixin.py:188} INFO - [2026-08-09T20:15:11.637+0000] {dag.py:3036} INFO - Sync 2 DAGs
[2026-08-09T20:15:11.648+0000] {logging_mixin.py:188} INFO - [2026-08-09T20:15:11.648+0000] {dag.py:3823} INFO - Setting next_dagrun for example_subdag_operator.section-1 to None, run_after=None
[2026-08-09T20:15:11.650+0000] {logging_mixin.py:188} INFO - [2026-08-09T20:15:11.649+0000] {dag.py:3823} INFO - Setting next_dagrun for example_subdag_operator.section-2 to None, run_after=None
[2026-08-09T20:15:11.677+0000] {processor.py:183} INFO - Processing /home/airflow/.local/lib/python3.8/site-packages/airflow/example_dags/example_subdag_operator.py took 0.211 seconds
[2026-08-09T20:15:41.951+0000] {processor.py:161} INFO - Started process (PID=3132) to work on /home/airflow/.local/lib/python3.8/site-packages/airflow/example_dags/example_subdag_operator.py
[2026-08-09T20:15:41.953+0000] {processor.py:830} INFO - Processing file /home/airflow/.local/lib/python3.8/site-packages/airflow/example_dags/example_subdag_operator.py for tasks to queue
[2026-08-09T20:15:41.956+0000] {logging_mixin.py:188} INFO - [2026-08-09T20:15:41.955+0000] {dagbag.py:538} INFO - Filling up the DagBag from /home/airflow/.local/lib/python3.8/site-packages/airflow/example_dags/example_subdag_operator.py
[2026-08-09T20:15:41.992+0000] {processor.py:840} INFO - DAG(s) 'example_subdag_operator.section-1', 'example_subdag_operator.section-2', 'example_subdag_operator' retrieved from /home/airflow/.local/lib/python3.8/site-packages/airflow/example_dags/example_subdag_operator.py
[2026-08-09T20:15:42.016+0000] {logging_mixin.py:188} INFO - [2026-08-09T20:15:42.015+0000] {dag.py:3036} INFO - Sync 3 DAGs
[2026-08-09T20:15:42.043+0000] {logging_mixin.py:188} INFO - [2026-08-09T20:15:42.042+0000] {dag.py:3823} INFO - Setting next_dagrun for example_subdag_operator to 2022-01-01 00:00:00+00:00, run_after=2022-01-01 00:00:00+00:00
[2026-08-09T20:15:42.047+0000] {logging_mixin.py:188} INFO - [2026-08-09T20:15:42.047+0000] {dag.py:3823} INFO - Setting next_dagrun for example_subdag_operator.section-1 to None, run_after=None
[2026-08-09T20:15:42.049+0000] {logging_mixin.py:188} INFO - [2026-08-09T20:15:42.049+0000] {dag.py:3823} INFO - Setting next_dagrun for example_subdag_operator.section-2 to None, run_after=None
[2026-08-09T20:15:42.058+0000] {logging_mixin.py:188} INFO - [2026-08-09T20:15:42.057+0000] {dag.py:3036} INFO - Sync 2 DAGs
[2026-08-09T20:15:42.064+0000] {logging_mixin.py:188} INFO - [2026-08-09T20:15:42.064+0000] {dag.py:3823} INFO - Setting next_dagrun for example_subdag_operator.section-1 to None, run_after=None
[2026-08-09T20:15:42.065+0000] {logging_mixin.py:188} INFO - [2026-08-09T20:15:42.065+0000] {dag.py:3823} INFO - Setting next_dagrun for example_subdag_operator.section-2 to None, run_after=None
[2026-08-09T20:15:42.082+0000] {processor.py:183} INFO - Processing /home/airflow/.local/lib/python3.8/site-packages/airflow/example_dags/example_subdag_operator.py took 0.137 seconds
[2026-08-09T20:16:12.230+0000] {processor.py:161} INFO - Started process (PID=3202) to work on /home/airflow/.local/lib/python3.8/site-packages/airflow/example_dags/example_subdag_operator.py
[2026-08-09T20:16:12.233+0000] {processor.py:830} INFO - Processing file /home/airflow/.local/lib/python3.8/site-packages/airflow/example_dags/example_subdag_operator.py for tasks to queue
[2026-08-09T20:16:12.236+0000] {logging_mixin.py:188} INFO - [2026-08-09T20:16:12.235+0000] {dagbag.py:538} INFO - Filling up the DagBag from /home/airflow/.local/lib/python3.8/site-packages/airflow/example_dags/example_subdag_operator.py
[2026-08-09T20:16:12.274+0000] {processor.py:840} INFO - DAG(s) 'example_subdag_operator.section-1', 'example_subdag_operator.section-2', 'example_subdag_operator' retrieved from /home/airflow/.local/lib/python3.8/site-packages/airflow/example_dags/example_subdag_operator.py
[2026-08-09T20:16:12.301+0000] {logging_mixin.py:188} INFO - [2026-08-09T20:16:12.300+0000] {dag.py:3036} INFO - Sync 3 DAGs
[2026-08-09T20:16:12.330+0000] {logging_mixin.py:188} INFO - [2026-08-09T20:16:12.330+0000] {dag.py:3823} INFO - Setting next_dagrun for example_subdag_operator to 2022-01-01 00:00:00+00:00, run_after=2022-01-01 00:00:00+00:00
[2026-08-09T20:16:12.335+0000] {logging_mixin.py:188} INFO - [2026-08-09T20:16:12.335+0000] {dag.py:3823} INFO - Setting next_dagrun for example_subdag_operator.section-1 to None, run_after=None
[2026-08-09T20:16:12.338+0000] {logging_mixin.py:188} INFO - [2026-08-09T20:16:12.337+0000] {dag.py:3823} INFO - Setting next_dagrun for example_subdag_operator.section-2 to None, run_after=None
[2026-08-09T20:16:12.346+0000] {logging_mixin.py:188} INFO - [2026-08-09T20:16:12.346+0000] {dag.py:3036} INFO - Sync 2 DAGs
[2026-08-09T20:16:12.354+0000] {logging_mixin.py:188} INFO - [2026-08-09T20:16:12.353+0000] {dag.py:3823} INFO - Setting next_dagrun for example_subdag_operator.section-1 to None, run_after=None
[2026-08-09T20:16:12.355+0000] {logging_mixin.py:188} INFO - [2026-08-09T20:16:12.354+0000] {dag.py:3823} INFO - Setting next_dagrun for example_subdag_operator.section-2 to None, run_after=None
[2026-08-09T20:16:12.371+0000] {processor.py:183} INFO - Processing /home/airflow/.local/lib/python3.8/site-packages/airflow/example_dags/example_subdag_operator.py took 0.148 seconds
[2026-08-09T20:16:42.478+0000] {processor.py:161} INFO - Started process (PID=3271) to work on /home/airflow/.local/lib/python3.8/site-packages/airflow/example_dags/example_subdag_operator.py
[2026-08-09T20:16:42.480+0000] {processor.py:830} INFO - Processing file /home/airflow/.local/lib/python3.8/site-packages/airflow/example_dags/example_subdag_operator.py for tasks to queue
[2026-08-09T20:16:42.482+0000] {logging_mixin.py:188} INFO - [2026-08-09T20:16:42.481+0000] {dagbag.py:538} INFO - Filling up the DagBag from /home/airflow/.local/lib/python3.8/site-packages/airflow/example_dags/example_subdag_operator.py
[2026-08-09T20:16:42.508+0000] {processor.py:840} INFO - DAG(s) 'example_subdag_operator.section-1', 'example_subdag_operator.section-2', 'example_subdag_operator' retrieved from /home/airflow/.local/lib/python3.8/site-packages/airflow/example_dags/example_subdag_operator.py
[2026-08-09T20:16:42.528+0000] {logging_mixin.py:188} INFO - [2026-08-09T20:16:42.528+0000] {dag.py:3036} INFO - Sync 3 DAGs
[2026-08-09T20:16:42.548+0000] {logging_mixin.py:188} INFO - [2026-08-09T20:16:42.548+0000] {dag.py:3823} INFO - Setting next_dagrun for example_subdag_operator to 2022-01-01 00:00:00+00:00, run_after=2022-01-01 00:00:00+00:00
[2026-08-09T20:16:42.552+0000] {logging_mixin.py:188} INFO - [2026-08-09T20:16:42.552+0000] {dag.py:3823} INFO - Setting next_dagrun for example_subdag_operator.section-1 to None, run_after=None
[2026-08-09T20:16:42.554+0000] {logging_mixin.py:188} INFO - [2026-08-09T20:16:42.553+0000] {dag.py:3823} INFO - Setting next_dagrun for example_subdag_operator.section-2 to None, run_after=None
[2026-08-09T20:16:42.561+0000] {logging_mixin.py:188} INFO - [2026-08-09T20:16:42.561+0000] {dag.py:3036} INFO - Sync 2 DAGs
[2026-08-09T20:16:42.567+0000] {logging_mixin.py:188} INFO - [2026-08-09T20:16:42.567+0000] {dag.py:3823} INFO - Setting next_dagrun for example_subdag_operator.section-1 to None, run_after=None
[2026-08-09T20:16:42.568+0000] {logging_mixin.py:188} INFO - [2026-08-09T20:16:42.568+0000] {dag.py:3823} INFO - Setting next_dagrun for example_subdag_operator.section-2 to None, run_after=None
[2026-08-09T20:16:42.582+0000] {processor.py:183} INFO - Processing /home/airflow/.local/lib/python3.8/site-packages/airflow/example_dags/example_subdag_operator.py took 0.107 seconds
[2026-08-09T20:17:13.021+0000] {processor.py:161} INFO - Started process (PID=3340) to work on /home/airflow/.local/lib/python3.8/site-packages/airflow/example_dags/example_subdag_operator.py
[2026-08-09T20:17:13.023+0000] {processor.py:830} INFO - Processing file /home/airflow/.local/lib/python3.8/site-packages/airflow/example_dags/example_subdag_operator.py for tasks to queue
[2026-08-09T20:17:13.025+0000] {logging_mixin.py:188} INFO - [2026-08-09T20:17:13.025+0000] {dagbag.py:538} INFO - Filling up the DagBag from /home/airflow/.local/lib/python3.8/site-packages/airflow/example_dags/example_subdag_operator.py
[2026-08-09T20:17:13.056+0000] {processor.py:840} INFO - DAG(s) 'example_subdag_operator.section-1', 'example_subdag_operator.section-2', 'example_subdag_operator' retrieved from /home/airflow/.local/lib/python3.8/site-packages/airflow/example_dags/example_subdag_operator.py
[2026-08-09T20:17:13.072+0000] {logging_mixin.py:188} INFO - [2026-08-09T20:17:13.072+0000] {dag.py:3036} INFO - Sync 3 DAGs
[2026-08-09T20:17:13.095+0000] {logging_mixin.py:188} INFO - [2026-08-09T20:17:13.094+0000] {dag.py:3823} INFO - Setting next_dagrun for example_subdag_operator to 2022-01-01 00:00:00+00:00, run_after=2022-01-01 00:00:00+00:00
[2026-08-09T20:17:13.099+0000] {logging_mixin.py:188} INFO - [2026-08-09T20:17:13.099+0000] {dag.py:3823} INFO - Setting next_dagrun for example_subdag_operator.section-1 to None, run_after=None
[2026-08-09T20:17:13.101+0000] {logging_mixin.py:188} INFO - [2026-08-09T20:17:13.101+0000] {dag.py:3823} INFO - Setting next_dagrun for example_subdag_operator.section-2 to None, run_after=None
[2026-08-09T20:17:13.111+0000] {logging_mixin.py:188} INFO - [2026-08-09T20:17:13.110+0000] {dag.py:3036} INFO - Sync 2 DAGs
[2026-08-09T20:17:13.120+0000] {logging_mixin.py:188} INFO - [2026-08-09T20:17:13.119+0000] {dag.py:3823} INFO - Setting next_dagrun for example_subdag_operator.section-1 to None, run_after=None
[2026-08-09T20:17:13.121+0000] {logging_mixin.py:188} INFO - [2026-08-09T20:17:13.120+0000] {dag.py:3823} INFO - Setting next_dagrun for example_subdag_operator.section-2 to None, run_after=None
[2026-08-09T20:17:13.134+0000] {processor.py:183} INFO - Processing /home/airflow/.local/lib/python3.8/site-packages/airflow/example_dags/example_subdag_operator.py took 0.117 seconds
