[2026-08-09T19:49:59.832+0000] {processor.py:161} INFO - Started process (PID=95) to work on /home/airflow/.local/lib/python3.8/site-packages/airflow/example_dags/example_datasets.py
[2026-08-09T19:49:59.847+0000] {processor.py:830} INFO - Processing file /home/airflow/.local/lib/python3.8/site-packages/airflow/example_dags/example_datasets.py for tasks to queue
[2026-08-09T19:49:59.853+0000] {logging_mixin.py:188} INFO - [2026-08-09T19:49:59.852+0000] {dagbag.py:538} INFO - Filling up the DagBag from /home/airflow/.local/lib/python3.8/site-packages/airflow/example_dags/example_datasets.py
[2026-08-09T19:49:59.933+0000] {processor.py:840} INFO - DAG(s) 'dataset_produces_2', 'dataset_consumes_1_never_scheduled', 'dataset_consumes_1', 'dataset_produces_1', 'dataset_consumes_unknown_never_scheduled', 'dataset_consumes_1_and_2' retrieved from /home/airflow/.local/lib/python3.8/site-packages/airflow/example_dags/example_datasets.py
[2026-08-09T19:49:59.997+0000] {logging_mixin.py:188} INFO - [2026-08-09T19:49:59.996+0000] {dag.py:3036} INFO - Sync 6 DAGs
[2026-08-09T19:50:00.074+0000] {logging_mixin.py:188} INFO - [2026-08-09T19:50:00.073+0000] {dag.py:3823} INFO - Setting next_dagrun for dataset_consumes_1 to None, run_after=None
[2026-08-09T19:50:00.090+0000] {logging_mixin.py:188} INFO - [2026-08-09T19:50:00.089+0000] {dag.py:3823} INFO - Setting next_dagrun for dataset_consumes_1_and_2 to None, run_after=None
[2026-08-09T19:50:00.099+0000] {logging_mixin.py:188} INFO - [2026-08-09T19:50:00.098+0000] {dag.py:3823} INFO - Setting next_dagrun for dataset_consumes_1_never_scheduled to None, run_after=None
[2026-08-09T19:50:00.105+0000] {logging_mixin.py:188} INFO - [2026-08-09T19:50:00.104+0000] {dag.py:3823} INFO - Setting next_dagrun for dataset_consumes_unknown_never_scheduled to None, run_after=None
[2026-08-09T19:50:00.113+0000] {logging_mixin.py:188} INFO - [2026-08-09T19:50:00.113+0000] {dag.py:3823} INFO - Setting next_dagrun for dataset_produces_1 to 2026-08-08 00:00:00+00:00, run_after=2026-08-09 00:00:00+00:00
[2026-08-09T19:50:00.117+0000] {logging_mixin.py:188} INFO - [2026-08-09T19:50:00.116+0000] {dag.py:3823} INFO - Setting next_dagrun for dataset_produces_2 to None, run_after=None
[2026-08-09T19:50:00.229+0000] {processor.py:183} INFO - Processing /home/airflow/.local/lib/python3.8/site-packages/airflow/example_dags/example_datasets.py took 0.409 seconds
[2026-08-09T19:50:31.041+0000] {processor.py:161} INFO - Started process (PID=164) to work on /home/airflow/.local/lib/python3.8/site-packages/airflow/example_dags/example_datasets.py
[2026-08-09T19:50:31.049+0000] {processor.py:830} INFO - Processing file /home/airflow/.local/lib/python3.8/site-packages/airflow/example_dags/example_datasets.py for tasks to queue
[2026-08-09T19:50:31.054+0000] {logging_mixin.py:188} INFO - [2026-08-09T19:50:31.054+0000] {dagbag.py:538} INFO - Filling up the DagBag from /home/airflow/.local/lib/python3.8/site-packages/airflow/example_dags/example_datasets.py
[2026-08-09T19:50:31.083+0000] {processor.py:840} INFO - DAG(s) 'dataset_consumes_1_and_2', 'dataset_consumes_unknown_never_scheduled', 'dataset_produces_1', 'dataset_produces_2', 'dataset_consumes_1_never_scheduled', 'dataset_consumes_1' retrieved from /home/airflow/.local/lib/python3.8/site-packages/airflow/example_dags/example_datasets.py
[2026-08-09T19:50:31.347+0000] {logging_mixin.py:188} INFO - [2026-08-09T19:50:31.346+0000] {dag.py:3036} INFO - Sync 6 DAGs
[2026-08-09T19:50:31.377+0000] {logging_mixin.py:188} INFO - [2026-08-09T19:50:31.377+0000] {dag.py:3823} INFO - Setting next_dagrun for dataset_consumes_1 to None, run_after=None
[2026-08-09T19:50:31.384+0000] {logging_mixin.py:188} INFO - [2026-08-09T19:50:31.384+0000] {dag.py:3823} INFO - Setting next_dagrun for dataset_consumes_1_and_2 to None, run_after=None
[2026-08-09T19:50:31.387+0000] {logging_mixin.py:188} INFO - [2026-08-09T19:50:31.387+0000] {dag.py:3823} INFO - Setting next_dagrun for dataset_consumes_1_never_scheduled to None, run_after=None
[2026-08-09T19:50:31.389+0000] {logging_mixin.py:188} INFO - [2026-08-09T19:50:31.389+0000] {dag.py:3823} INFO - Setting next_dagrun for dataset_consumes_unknown_never_scheduled to None, run_after=None
[2026-08-09T19:50:31.394+0000] {logging_mixin.py:188} INFO - [2026-08-09T19:50:31.394+0000] {dag.py:3823} INFO - Setting next_dagrun for dataset_produces_1 to 2026-08-08 00:00:00+00:00, run_after=2026-08-09 00:00:00+00:00
[2026-08-09T19:50:31.397+0000] {logging_mixin.py:188} INFO - [2026-08-09T19:50:31.397+0000] {dag.py:3823} INFO - Setting next_dagrun for dataset_produces_2 to None, run_after=None
[2026-08-09T19:50:31.465+0000] {processor.py:183} INFO - Processing /home/airflow/.local/lib/python3.8/site-packages/airflow/example_dags/example_datasets.py took 0.431 seconds
[2026-08-09T19:51:02.545+0000] {processor.py:161} INFO - Started process (PID=229) to work on /home/airflow/.local/lib/python3.8/site-packages/airflow/example_dags/example_datasets.py
[2026-08-09T19:51:02.547+0000] {processor.py:830} INFO - Processing file /home/airflow/.local/lib/python3.8/site-packages/airflow/example_dags/example_datasets.py for tasks to queue
[2026-08-09T19:51:02.550+0000] {logging_mixin.py:188} INFO - [2026-08-09T19:51:02.549+0000] {dagbag.py:538} INFO - Filling up the DagBag from /home/airflow/.local/lib/python3.8/site-packages/airflow/example_dags/example_datasets.py
[2026-08-09T19:51:02.574+0000] {processor.py:840} INFO - DAG(s) 'dataset_produces_1', 'dataset_consumes_unknown_never_scheduled', 'dataset_produces_2', 'dataset_consumes_1_never_scheduled', 'dataset_consumes_1', 'dataset_consumes_1_and_2' retrieved from /home/airflow/.local/lib/python3.8/site-packages/airflow/example_dags/example_datasets.py
[2026-08-09T19:51:02.605+0000] {logging_mixin.py:188} INFO - [2026-08-09T19:51:02.604+0000] {dag.py:3036} INFO - Sync 6 DAGs
[2026-08-09T19:51:02.658+0000] {logging_mixin.py:188} INFO - [2026-08-09T19:51:02.656+0000] {dag.py:3823} INFO - Setting next_dagrun for dataset_consumes_1 to None, run_after=None
[2026-08-09T19:51:02.675+0000] {logging_mixin.py:188} INFO - [2026-08-09T19:51:02.675+0000] {dag.py:3823} INFO - Setting next_dagrun for dataset_consumes_1_and_2 to None, run_after=None
[2026-08-09T19:51:02.688+0000] {logging_mixin.py:188} INFO - [2026-08-09T19:51:02.687+0000] {dag.py:3823} INFO - Setting next_dagrun for dataset_consumes_1_never_scheduled to None, run_after=None
[2026-08-09T19:51:02.692+0000] {logging_mixin.py:188} INFO - [2026-08-09T19:51:02.691+0000] {dag.py:3823} INFO - Setting next_dagrun for dataset_consumes_unknown_never_scheduled to None, run_after=None
[2026-08-09T19:51:02.698+0000] {logging_mixin.py:188} INFO - [2026-08-09T19:51:02.698+0000] {dag.py:3823} INFO - Setting next_dagrun for dataset_produces_1 to 2026-08-08 00:00:00+00:00, run_after=2026-08-09 00:00:00+00:00
[2026-08-09T19:51:02.712+0000] {logging_mixin.py:188} INFO - [2026-08-09T19:51:02.711+0000] {dag.py:3823} INFO - Setting next_dagrun for dataset_produces_2 to None, run_after=None
[2026-08-09T19:51:02.862+0000] {processor.py:183} INFO - Processing /home/airflow/.local/lib/python3.8/site-packages/airflow/example_dags/example_datasets.py took 0.322 seconds
[2026-08-09T19:52:45.837+0000] {processor.py:161} INFO - Started process (PID=80) to work on /home/airflow/.local/lib/python3.8/site-packages/airflow/example_dags/example_datasets.py
[2026-08-09T19:52:45.838+0000] {processor.py:830} INFO - Processing file /home/airflow/.local/lib/python3.8/site-packages/airflow/example_dags/example_datasets.py for tasks to queue
[2026-08-09T19:52:45.841+0000] {logging_mixin.py:188} INFO - [2026-08-09T19:52:45.840+0000] {dagbag.py:538} INFO - Filling up the DagBag from /home/airflow/.local/lib/python3.8/site-packages/airflow/example_dags/example_datasets.py
[2026-08-09T19:52:45.860+0000] {processor.py:840} INFO - DAG(s) 'dataset_produces_2', 'dataset_produces_1', 'dataset_consumes_1', 'dataset_consumes_1_and_2', 'dataset_consumes_1_never_scheduled', 'dataset_consumes_unknown_never_scheduled' retrieved from /home/airflow/.local/lib/python3.8/site-packages/airflow/example_dags/example_datasets.py
[2026-08-09T19:52:45.891+0000] {logging_mixin.py:188} INFO - [2026-08-09T19:52:45.891+0000] {dag.py:3036} INFO - Sync 6 DAGs
[2026-08-09T19:52:45.938+0000] {logging_mixin.py:188} INFO - [2026-08-09T19:52:45.938+0000] {dag.py:3823} INFO - Setting next_dagrun for dataset_consumes_1 to None, run_after=None
[2026-08-09T19:52:45.944+0000] {logging_mixin.py:188} INFO - [2026-08-09T19:52:45.944+0000] {dag.py:3823} INFO - Setting next_dagrun for dataset_consumes_1_and_2 to None, run_after=None
[2026-08-09T19:52:45.953+0000] {logging_mixin.py:188} INFO - [2026-08-09T19:52:45.952+0000] {dag.py:3823} INFO - Setting next_dagrun for dataset_consumes_1_never_scheduled to None, run_after=None
[2026-08-09T19:52:45.955+0000] {logging_mixin.py:188} INFO - [2026-08-09T19:52:45.955+0000] {dag.py:3823} INFO - Setting next_dagrun for dataset_consumes_unknown_never_scheduled to None, run_after=None
[2026-08-09T19:52:45.959+0000] {logging_mixin.py:188} INFO - [2026-08-09T19:52:45.958+0000] {dag.py:3823} INFO - Setting next_dagrun for dataset_produces_1 to 2026-08-08 00:00:00+00:00, run_after=2026-08-09 00:00:00+00:00
[2026-08-09T19:52:45.961+0000] {logging_mixin.py:188} INFO - [2026-08-09T19:52:45.961+0000] {dag.py:3823} INFO - Setting next_dagrun for dataset_produces_2 to None, run_after=None
[2026-08-09T19:52:46.022+0000] {processor.py:183} INFO - Processing /home/airflow/.local/lib/python3.8/site-packages/airflow/example_dags/example_datasets.py took 0.190 seconds
[2026-08-09T19:53:16.345+0000] {processor.py:161} INFO - Started process (PID=145) to work on /home/airflow/.local/lib/python3.8/site-packages/airflow/example_dags/example_datasets.py
[2026-08-09T19:53:16.346+0000] {processor.py:830} INFO - Processing file /home/airflow/.local/lib/python3.8/site-packages/airflow/example_dags/example_datasets.py for tasks to queue
[2026-08-09T19:53:16.349+0000] {logging_mixin.py:188} INFO - [2026-08-09T19:53:16.348+0000] {dagbag.py:538} INFO - Filling up the DagBag from /home/airflow/.local/lib/python3.8/site-packages/airflow/example_dags/example_datasets.py
[2026-08-09T19:53:16.358+0000] {processor.py:840} INFO - DAG(s) 'dataset_produces_1', 'dataset_consumes_1', 'dataset_consumes_unknown_never_scheduled', 'dataset_consumes_1_and_2', 'dataset_consumes_1_never_scheduled', 'dataset_produces_2' retrieved from /home/airflow/.local/lib/python3.8/site-packages/airflow/example_dags/example_datasets.py
[2026-08-09T19:53:16.509+0000] {logging_mixin.py:188} INFO - [2026-08-09T19:53:16.508+0000] {dag.py:3036} INFO - Sync 6 DAGs
[2026-08-09T19:53:16.533+0000] {logging_mixin.py:188} INFO - [2026-08-09T19:53:16.533+0000] {dag.py:3823} INFO - Setting next_dagrun for dataset_consumes_1 to None, run_after=None
[2026-08-09T19:53:16.539+0000] {logging_mixin.py:188} INFO - [2026-08-09T19:53:16.539+0000] {dag.py:3823} INFO - Setting next_dagrun for dataset_consumes_1_and_2 to None, run_after=None
[2026-08-09T19:53:16.541+0000] {logging_mixin.py:188} INFO - [2026-08-09T19:53:16.541+0000] {dag.py:3823} INFO - Setting next_dagrun for dataset_consumes_1_never_scheduled to None, run_after=None
[2026-08-09T19:53:16.543+0000] {logging_mixin.py:188} INFO - [2026-08-09T19:53:16.543+0000] {dag.py:3823} INFO - Setting next_dagrun for dataset_consumes_unknown_never_scheduled to None, run_after=None
[2026-08-09T19:53:16.547+0000] {logging_mixin.py:188} INFO - [2026-08-09T19:53:16.546+0000] {dag.py:3823} INFO - Setting next_dagrun for dataset_produces_1 to 2026-08-08 00:00:00+00:00, run_after=2026-08-09 00:00:00+00:00
[2026-08-09T19:53:16.549+0000] {logging_mixin.py:188} INFO - [2026-08-09T19:53:16.548+0000] {dag.py:3823} INFO - Setting next_dagrun for dataset_produces_2 to None, run_after=None
[2026-08-09T19:53:16.586+0000] {processor.py:183} INFO - Processing /home/airflow/.local/lib/python3.8/site-packages/airflow/example_dags/example_datasets.py took 0.245 seconds
[2026-08-09T19:53:48.741+0000] {processor.py:161} INFO - Started process (PID=211) to work on /home/airflow/.local/lib/python3.8/site-packages/airflow/example_dags/example_datasets.py
[2026-08-09T19:53:48.744+0000] {processor.py:830} INFO - Processing file /home/airflow/.local/lib/python3.8/site-packages/airflow/example_dags/example_datasets.py for tasks to queue
[2026-08-09T19:53:48.748+0000] {logging_mixin.py:188} INFO - [2026-08-09T19:53:48.747+0000] {dagbag.py:538} INFO - Filling up the DagBag from /home/airflow/.local/lib/python3.8/site-packages/airflow/example_dags/example_datasets.py
[2026-08-09T19:53:48.763+0000] {processor.py:840} INFO - DAG(s) 'dataset_consumes_1_and_2', 'dataset_consumes_unknown_never_scheduled', 'dataset_produces_2', 'dataset_produces_1', 'dataset_consumes_1', 'dataset_consumes_1_never_scheduled' retrieved from /home/airflow/.local/lib/python3.8/site-packages/airflow/example_dags/example_datasets.py
[2026-08-09T19:53:48.824+0000] {logging_mixin.py:188} INFO - [2026-08-09T19:53:48.824+0000] {dag.py:3036} INFO - Sync 6 DAGs
[2026-08-09T19:53:48.860+0000] {logging_mixin.py:188} INFO - [2026-08-09T19:53:48.860+0000] {dag.py:3823} INFO - Setting next_dagrun for dataset_consumes_1 to None, run_after=None
[2026-08-09T19:53:48.866+0000] {logging_mixin.py:188} INFO - [2026-08-09T19:53:48.866+0000] {dag.py:3823} INFO - Setting next_dagrun for dataset_consumes_1_and_2 to None, run_after=None
[2026-08-09T19:53:48.869+0000] {logging_mixin.py:188} INFO - [2026-08-09T19:53:48.869+0000] {dag.py:3823} INFO - Setting next_dagrun for dataset_consumes_1_never_scheduled to None, run_after=None
[2026-08-09T19:53:48.872+0000] {logging_mixin.py:188} INFO - [2026-08-09T19:53:48.871+0000] {dag.py:3823} INFO - Setting next_dagrun for dataset_consumes_unknown_never_scheduled to None, run_after=None
[2026-08-09T19:53:48.877+0000] {logging_mixin.py:188} INFO - [2026-08-09T19:53:48.877+0000] {dag.py:3823} INFO - Setting next_dagrun for dataset_produces_1 to 2026-08-08 00:00:00+00:00, run_after=2026-08-09 00:00:00+00:00
[2026-08-09T19:53:48.881+0000] {logging_mixin.py:188} INFO - [2026-08-09T19:53:48.880+0000] {dag.py:3823} INFO - Setting next_dagrun for dataset_produces_2 to None, run_after=None
[2026-08-09T19:53:48.953+0000] {processor.py:183} INFO - Processing /home/airflow/.local/lib/python3.8/site-packages/airflow/example_dags/example_datasets.py took 0.218 seconds
[2026-08-09T19:54:19.852+0000] {processor.py:161} INFO - Started process (PID=276) to work on /home/airflow/.local/lib/python3.8/site-packages/airflow/example_dags/example_datasets.py
[2026-08-09T19:54:19.854+0000] {processor.py:830} INFO - Processing file /home/airflow/.local/lib/python3.8/site-packages/airflow/example_dags/example_datasets.py for tasks to queue
[2026-08-09T19:54:19.856+0000] {logging_mixin.py:188} INFO - [2026-08-09T19:54:19.855+0000] {dagbag.py:538} INFO - Filling up the DagBag from /home/airflow/.local/lib/python3.8/site-packages/airflow/example_dags/example_datasets.py
[2026-08-09T19:54:19.865+0000] {processor.py:840} INFO - DAG(s) 'dataset_produces_1', 'dataset_consumes_unknown_never_scheduled', 'dataset_consumes_1_never_scheduled', 'dataset_produces_2', 'dataset_consumes_1', 'dataset_consumes_1_and_2' retrieved from /home/airflow/.local/lib/python3.8/site-packages/airflow/example_dags/example_datasets.py
[2026-08-09T19:54:19.897+0000] {logging_mixin.py:188} INFO - [2026-08-09T19:54:19.897+0000] {dag.py:3036} INFO - Sync 6 DAGs
[2026-08-09T19:54:19.917+0000] {logging_mixin.py:188} INFO - [2026-08-09T19:54:19.917+0000] {dag.py:3823} INFO - Setting next_dagrun for dataset_consumes_1 to None, run_after=None
[2026-08-09T19:54:19.920+0000] {logging_mixin.py:188} INFO - [2026-08-09T19:54:19.920+0000] {dag.py:3823} INFO - Setting next_dagrun for dataset_consumes_1_and_2 to None, run_after=None
[2026-08-09T19:54:19.922+0000] {logging_mixin.py:188} INFO - [2026-08-09T19:54:19.922+0000] {dag.py:3823} INFO - Setting next_dagrun for dataset_consumes_1_never_scheduled to None, run_after=None
[2026-08-09T19:54:19.923+0000] {logging_mixin.py:188} INFO - [2026-08-09T19:54:19.923+0000] {dag.py:3823} INFO - Setting next_dagrun for dataset_consumes_unknown_never_scheduled to None, run_after=None
[2026-08-09T19:54:19.925+0000] {logging_mixin.py:188} INFO - [2026-08-09T19:54:19.925+0000] {dag.py:3823} INFO - Setting next_dagrun for dataset_produces_1 to 2026-08-08 00:00:00+00:00, run_after=2026-08-09 00:00:00+00:00
[2026-08-09T19:54:19.927+0000] {logging_mixin.py:188} INFO - [2026-08-09T19:54:19.927+0000] {dag.py:3823} INFO - Setting next_dagrun for dataset_produces_2 to None, run_after=None
[2026-08-09T19:54:19.983+0000] {processor.py:183} INFO - Processing /home/airflow/.local/lib/python3.8/site-packages/airflow/example_dags/example_datasets.py took 0.135 seconds
[2026-08-09T19:54:50.093+0000] {processor.py:161} INFO - Started process (PID=341) to work on /home/airflow/.local/lib/python3.8/site-packages/airflow/example_dags/example_datasets.py
[2026-08-09T19:54:50.112+0000] {processor.py:830} INFO - Processing file /home/airflow/.local/lib/python3.8/site-packages/airflow/example_dags/example_datasets.py for tasks to queue
[2026-08-09T19:54:50.116+0000] {logging_mixin.py:188} INFO - [2026-08-09T19:54:50.115+0000] {dagbag.py:538} INFO - Filling up the DagBag from /home/airflow/.local/lib/python3.8/site-packages/airflow/example_dags/example_datasets.py
[2026-08-09T19:54:50.127+0000] {processor.py:840} INFO - DAG(s) 'dataset_consumes_unknown_never_scheduled', 'dataset_consumes_1', 'dataset_consumes_1_never_scheduled', 'dataset_consumes_1_and_2', 'dataset_produces_1', 'dataset_produces_2' retrieved from /home/airflow/.local/lib/python3.8/site-packages/airflow/example_dags/example_datasets.py
[2026-08-09T19:54:50.166+0000] {logging_mixin.py:188} INFO - [2026-08-09T19:54:50.165+0000] {dag.py:3036} INFO - Sync 6 DAGs
[2026-08-09T19:54:50.191+0000] {logging_mixin.py:188} INFO - [2026-08-09T19:54:50.190+0000] {dag.py:3823} INFO - Setting next_dagrun for dataset_consumes_1 to None, run_after=None
[2026-08-09T19:54:50.196+0000] {logging_mixin.py:188} INFO - [2026-08-09T19:54:50.196+0000] {dag.py:3823} INFO - Setting next_dagrun for dataset_consumes_1_and_2 to None, run_after=None
[2026-08-09T19:54:50.198+0000] {logging_mixin.py:188} INFO - [2026-08-09T19:54:50.198+0000] {dag.py:3823} INFO - Setting next_dagrun for dataset_consumes_1_never_scheduled to None, run_after=None
[2026-08-09T19:54:50.199+0000] {logging_mixin.py:188} INFO - [2026-08-09T19:54:50.199+0000] {dag.py:3823} INFO - Setting next_dagrun for dataset_consumes_unknown_never_scheduled to None, run_after=None
[2026-08-09T19:54:50.202+0000] {logging_mixin.py:188} INFO - [2026-08-09T19:54:50.202+0000] {dag.py:3823} INFO - Setting next_dagrun for dataset_produces_1 to 2026-08-08 00:00:00+00:00, run_after=2026-08-09 00:00:00+00:00
[2026-08-09T19:54:50.204+0000] {logging_mixin.py:188} INFO - [2026-08-09T19:54:50.203+0000] {dag.py:3823} INFO - Setting next_dagrun for dataset_produces_2 to None, run_after=None
[2026-08-09T19:54:50.404+0000] {processor.py:183} INFO - Processing /home/airflow/.local/lib/python3.8/site-packages/airflow/example_dags/example_datasets.py took 0.316 seconds
[2026-08-09T19:55:20.553+0000] {processor.py:161} INFO - Started process (PID=407) to work on /home/airflow/.local/lib/python3.8/site-packages/airflow/example_dags/example_datasets.py
[2026-08-09T19:55:20.555+0000] {processor.py:830} INFO - Processing file /home/airflow/.local/lib/python3.8/site-packages/airflow/example_dags/example_datasets.py for tasks to queue
[2026-08-09T19:55:20.559+0000] {logging_mixin.py:188} INFO - [2026-08-09T19:55:20.558+0000] {dagbag.py:538} INFO - Filling up the DagBag from /home/airflow/.local/lib/python3.8/site-packages/airflow/example_dags/example_datasets.py
[2026-08-09T19:55:20.573+0000] {processor.py:840} INFO - DAG(s) 'dataset_produces_1', 'dataset_produces_2', 'dataset_consumes_1_never_scheduled', 'dataset_consumes_unknown_never_scheduled', 'dataset_consumes_1_and_2', 'dataset_consumes_1' retrieved from /home/airflow/.local/lib/python3.8/site-packages/airflow/example_dags/example_datasets.py
[2026-08-09T19:55:20.619+0000] {logging_mixin.py:188} INFO - [2026-08-09T19:55:20.618+0000] {dag.py:3036} INFO - Sync 6 DAGs
[2026-08-09T19:55:20.651+0000] {logging_mixin.py:188} INFO - [2026-08-09T19:55:20.651+0000] {dag.py:3823} INFO - Setting next_dagrun for dataset_consumes_1 to None, run_after=None
[2026-08-09T19:55:20.656+0000] {logging_mixin.py:188} INFO - [2026-08-09T19:55:20.655+0000] {dag.py:3823} INFO - Setting next_dagrun for dataset_consumes_1_and_2 to None, run_after=None
[2026-08-09T19:55:20.658+0000] {logging_mixin.py:188} INFO - [2026-08-09T19:55:20.658+0000] {dag.py:3823} INFO - Setting next_dagrun for dataset_consumes_1_never_scheduled to None, run_after=None
[2026-08-09T19:55:20.659+0000] {logging_mixin.py:188} INFO - [2026-08-09T19:55:20.659+0000] {dag.py:3823} INFO - Setting next_dagrun for dataset_consumes_unknown_never_scheduled to None, run_after=None
[2026-08-09T19:55:20.665+0000] {logging_mixin.py:188} INFO - [2026-08-09T19:55:20.664+0000] {dag.py:3823} INFO - Setting next_dagrun for dataset_produces_1 to 2026-08-08 00:00:00+00:00, run_after=2026-08-09 00:00:00+00:00
[2026-08-09T19:55:20.667+0000] {logging_mixin.py:188} INFO - [2026-08-09T19:55:20.666+0000] {dag.py:3823} INFO - Setting next_dagrun for dataset_produces_2 to None, run_after=None
[2026-08-09T19:55:20.760+0000] {processor.py:183} INFO - Processing /home/airflow/.local/lib/python3.8/site-packages/airflow/example_dags/example_datasets.py took 0.211 seconds
[2026-08-09T19:55:51.180+0000] {processor.py:161} INFO - Started process (PID=471) to work on /home/airflow/.local/lib/python3.8/site-packages/airflow/example_dags/example_datasets.py
[2026-08-09T19:55:51.181+0000] {processor.py:830} INFO - Processing file /home/airflow/.local/lib/python3.8/site-packages/airflow/example_dags/example_datasets.py for tasks to queue
[2026-08-09T19:55:51.184+0000] {logging_mixin.py:188} INFO - [2026-08-09T19:55:51.183+0000] {dagbag.py:538} INFO - Filling up the DagBag from /home/airflow/.local/lib/python3.8/site-packages/airflow/example_dags/example_datasets.py
[2026-08-09T19:55:51.194+0000] {processor.py:840} INFO - DAG(s) 'dataset_consumes_1_and_2', 'dataset_consumes_1', 'dataset_produces_1', 'dataset_produces_2', 'dataset_consumes_unknown_never_scheduled', 'dataset_consumes_1_never_scheduled' retrieved from /home/airflow/.local/lib/python3.8/site-packages/airflow/example_dags/example_datasets.py
[2026-08-09T19:55:51.236+0000] {logging_mixin.py:188} INFO - [2026-08-09T19:55:51.235+0000] {dag.py:3036} INFO - Sync 6 DAGs
[2026-08-09T19:55:51.266+0000] {logging_mixin.py:188} INFO - [2026-08-09T19:55:51.266+0000] {dag.py:3823} INFO - Setting next_dagrun for dataset_consumes_1 to None, run_after=None
[2026-08-09T19:55:51.272+0000] {logging_mixin.py:188} INFO - [2026-08-09T19:55:51.272+0000] {dag.py:3823} INFO - Setting next_dagrun for dataset_consumes_1_and_2 to None, run_after=None
[2026-08-09T19:55:51.274+0000] {logging_mixin.py:188} INFO - [2026-08-09T19:55:51.274+0000] {dag.py:3823} INFO - Setting next_dagrun for dataset_consumes_1_never_scheduled to None, run_after=None
[2026-08-09T19:55:51.276+0000] {logging_mixin.py:188} INFO - [2026-08-09T19:55:51.276+0000] {dag.py:3823} INFO - Setting next_dagrun for dataset_consumes_unknown_never_scheduled to None, run_after=None
[2026-08-09T19:55:51.280+0000] {logging_mixin.py:188} INFO - [2026-08-09T19:55:51.280+0000] {dag.py:3823} INFO - Setting next_dagrun for dataset_produces_1 to 2026-08-08 00:00:00+00:00, run_after=2026-08-09 00:00:00+00:00
[2026-08-09T19:55:51.282+0000] {logging_mixin.py:188} INFO - [2026-08-09T19:55:51.282+0000] {dag.py:3823} INFO - Setting next_dagrun for dataset_produces_2 to None, run_after=None
[2026-08-09T19:55:51.349+0000] {processor.py:183} INFO - Processing /home/airflow/.local/lib/python3.8/site-packages/airflow/example_dags/example_datasets.py took 0.174 seconds
[2026-08-09T19:56:22.182+0000] {processor.py:161} INFO - Started process (PID=536) to work on /home/airflow/.local/lib/python3.8/site-packages/airflow/example_dags/example_datasets.py
[2026-08-09T19:56:22.183+0000] {processor.py:830} INFO - Processing file /home/airflow/.local/lib/python3.8/site-packages/airflow/example_dags/example_datasets.py for tasks to queue
[2026-08-09T19:56:22.185+0000] {logging_mixin.py:188} INFO - [2026-08-09T19:56:22.185+0000] {dagbag.py:538} INFO - Filling up the DagBag from /home/airflow/.local/lib/python3.8/site-packages/airflow/example_dags/example_datasets.py
[2026-08-09T19:56:22.194+0000] {processor.py:840} INFO - DAG(s) 'dataset_produces_2', 'dataset_produces_1', 'dataset_consumes_1_and_2', 'dataset_consumes_unknown_never_scheduled', 'dataset_consumes_1', 'dataset_consumes_1_never_scheduled' retrieved from /home/airflow/.local/lib/python3.8/site-packages/airflow/example_dags/example_datasets.py
[2026-08-09T19:56:22.229+0000] {logging_mixin.py:188} INFO - [2026-08-09T19:56:22.229+0000] {dag.py:3036} INFO - Sync 6 DAGs
[2026-08-09T19:56:22.253+0000] {logging_mixin.py:188} INFO - [2026-08-09T19:56:22.253+0000] {dag.py:3823} INFO - Setting next_dagrun for dataset_consumes_1 to None, run_after=None
[2026-08-09T19:56:22.258+0000] {logging_mixin.py:188} INFO - [2026-08-09T19:56:22.257+0000] {dag.py:3823} INFO - Setting next_dagrun for dataset_consumes_1_and_2 to None, run_after=None
[2026-08-09T19:56:22.259+0000] {logging_mixin.py:188} INFO - [2026-08-09T19:56:22.259+0000] {dag.py:3823} INFO - Setting next_dagrun for dataset_consumes_1_never_scheduled to None, run_after=None
[2026-08-09T19:56:22.261+0000] {logging_mixin.py:188} INFO - [2026-08-09T19:56:22.261+0000] {dag.py:3823} INFO - Setting next_dagrun for dataset_consumes_unknown_never_scheduled to None, run_after=None
[2026-08-09T19:56:22.264+0000] {logging_mixin.py:188} INFO - [2026-08-09T19:56:22.263+0000] {dag.py:3823} INFO - Setting next_dagrun for dataset_produces_1 to 2026-08-08 00:00:00+00:00, run_after=2026-08-09 00:00:00+00:00
[2026-08-09T19:56:22.266+0000] {logging_mixin.py:188} INFO - [2026-08-09T19:56:22.266+0000] {dag.py:3823} INFO - Setting next_dagrun for dataset_produces_2 to None, run_after=None
[2026-08-09T19:56:22.345+0000] {processor.py:183} INFO - Processing /home/airflow/.local/lib/python3.8/site-packages/airflow/example_dags/example_datasets.py took 0.167 seconds
[2026-08-09T19:56:54.558+0000] {processor.py:161} INFO - Started process (PID=601) to work on /home/airflow/.local/lib/python3.8/site-packages/airflow/example_dags/example_datasets.py
[2026-08-09T19:56:54.560+0000] {processor.py:830} INFO - Processing file /home/airflow/.local/lib/python3.8/site-packages/airflow/example_dags/example_datasets.py for tasks to queue
[2026-08-09T19:56:54.564+0000] {logging_mixin.py:188} INFO - [2026-08-09T19:56:54.564+0000] {dagbag.py:538} INFO - Filling up the DagBag from /home/airflow/.local/lib/python3.8/site-packages/airflow/example_dags/example_datasets.py
[2026-08-09T19:56:54.590+0000] {processor.py:840} INFO - DAG(s) 'dataset_consumes_1_and_2', 'dataset_consumes_1', 'dataset_consumes_unknown_never_scheduled', 'dataset_produces_2', 'dataset_consumes_1_never_scheduled', 'dataset_produces_1' retrieved from /home/airflow/.local/lib/python3.8/site-packages/airflow/example_dags/example_datasets.py
[2026-08-09T19:56:54.691+0000] {logging_mixin.py:188} INFO - [2026-08-09T19:56:54.690+0000] {dag.py:3036} INFO - Sync 6 DAGs
[2026-08-09T19:56:54.759+0000] {logging_mixin.py:188} INFO - [2026-08-09T19:56:54.759+0000] {dag.py:3823} INFO - Setting next_dagrun for dataset_consumes_1 to None, run_after=None
[2026-08-09T19:56:54.771+0000] {logging_mixin.py:188} INFO - [2026-08-09T19:56:54.771+0000] {dag.py:3823} INFO - Setting next_dagrun for dataset_consumes_1_and_2 to None, run_after=None
[2026-08-09T19:56:54.775+0000] {logging_mixin.py:188} INFO - [2026-08-09T19:56:54.774+0000] {dag.py:3823} INFO - Setting next_dagrun for dataset_consumes_1_never_scheduled to None, run_after=None
[2026-08-09T19:56:54.778+0000] {logging_mixin.py:188} INFO - [2026-08-09T19:56:54.778+0000] {dag.py:3823} INFO - Setting next_dagrun for dataset_consumes_unknown_never_scheduled to None, run_after=None
[2026-08-09T19:56:54.784+0000] {logging_mixin.py:188} INFO - [2026-08-09T19:56:54.783+0000] {dag.py:3823} INFO - Setting next_dagrun for dataset_produces_1 to 2026-08-08 00:00:00+00:00, run_after=2026-08-09 00:00:00+00:00
[2026-08-09T19:56:54.789+0000] {logging_mixin.py:188} INFO - [2026-08-09T19:56:54.788+0000] {dag.py:3823} INFO - Setting next_dagrun for dataset_produces_2 to None, run_after=None
[2026-08-09T19:56:54.892+0000] {processor.py:183} INFO - Processing /home/airflow/.local/lib/python3.8/site-packages/airflow/example_dags/example_datasets.py took 0.340 seconds
[2026-08-09T19:57:25.430+0000] {processor.py:161} INFO - Started process (PID=666) to work on /home/airflow/.local/lib/python3.8/site-packages/airflow/example_dags/example_datasets.py
[2026-08-09T19:57:25.431+0000] {processor.py:830} INFO - Processing file /home/airflow/.local/lib/python3.8/site-packages/airflow/example_dags/example_datasets.py for tasks to queue
[2026-08-09T19:57:25.433+0000] {logging_mixin.py:188} INFO - [2026-08-09T19:57:25.433+0000] {dagbag.py:538} INFO - Filling up the DagBag from /home/airflow/.local/lib/python3.8/site-packages/airflow/example_dags/example_datasets.py
[2026-08-09T19:57:25.443+0000] {processor.py:840} INFO - DAG(s) 'dataset_produces_1', 'dataset_consumes_unknown_never_scheduled', 'dataset_consumes_1_never_scheduled', 'dataset_consumes_1', 'dataset_produces_2', 'dataset_consumes_1_and_2' retrieved from /home/airflow/.local/lib/python3.8/site-packages/airflow/example_dags/example_datasets.py
[2026-08-09T19:57:25.483+0000] {logging_mixin.py:188} INFO - [2026-08-09T19:57:25.483+0000] {dag.py:3036} INFO - Sync 6 DAGs
[2026-08-09T19:57:25.505+0000] {logging_mixin.py:188} INFO - [2026-08-09T19:57:25.504+0000] {dag.py:3823} INFO - Setting next_dagrun for dataset_consumes_1 to None, run_after=None
[2026-08-09T19:57:25.511+0000] {logging_mixin.py:188} INFO - [2026-08-09T19:57:25.511+0000] {dag.py:3823} INFO - Setting next_dagrun for dataset_consumes_1_and_2 to None, run_after=None
[2026-08-09T19:57:25.514+0000] {logging_mixin.py:188} INFO - [2026-08-09T19:57:25.513+0000] {dag.py:3823} INFO - Setting next_dagrun for dataset_consumes_1_never_scheduled to None, run_after=None
[2026-08-09T19:57:25.516+0000] {logging_mixin.py:188} INFO - [2026-08-09T19:57:25.515+0000] {dag.py:3823} INFO - Setting next_dagrun for dataset_consumes_unknown_never_scheduled to None, run_after=None
[2026-08-09T19:57:25.519+0000] {logging_mixin.py:188} INFO - [2026-08-09T19:57:25.519+0000] {dag.py:3823} INFO - Setting next_dagrun for dataset_produces_1 to 2026-08-08 00:00:00+00:00, run_after=2026-08-09 00:00:00+00:00
[2026-08-09T19:57:25.521+0000] {logging_mixin.py:188} INFO - [2026-08-09T19:57:25.521+0000] {dag.py:3823} INFO - Setting next_dagrun for dataset_produces_2 to None, run_after=None
[2026-08-09T19:57:25.593+0000] {processor.py:183} INFO - Processing /home/airflow/.local/lib/python3.8/site-packages/airflow/example_dags/example_datasets.py took 0.166 seconds
[2026-08-09T19:57:56.194+0000] {processor.py:161} INFO - Started process (PID=735) to work on /home/airflow/.local/lib/python3.8/site-packages/airflow/example_dags/example_datasets.py
[2026-08-09T19:57:56.195+0000] {processor.py:830} INFO - Processing file /home/airflow/.local/lib/python3.8/site-packages/airflow/example_dags/example_datasets.py for tasks to queue
[2026-08-09T19:57:56.197+0000] {logging_mixin.py:188} INFO - [2026-08-09T19:57:56.197+0000] {dagbag.py:538} INFO - Filling up the DagBag from /home/airflow/.local/lib/python3.8/site-packages/airflow/example_dags/example_datasets.py
[2026-08-09T19:57:56.206+0000] {processor.py:840} INFO - DAG(s) 'dataset_consumes_1_never_scheduled', 'dataset_consumes_unknown_never_scheduled', 'dataset_produces_2', 'dataset_produces_1', 'dataset_consumes_1_and_2', 'dataset_consumes_1' retrieved from /home/airflow/.local/lib/python3.8/site-packages/airflow/example_dags/example_datasets.py
[2026-08-09T19:57:56.239+0000] {logging_mixin.py:188} INFO - [2026-08-09T19:57:56.239+0000] {dag.py:3036} INFO - Sync 6 DAGs
[2026-08-09T19:57:56.263+0000] {logging_mixin.py:188} INFO - [2026-08-09T19:57:56.263+0000] {dag.py:3823} INFO - Setting next_dagrun for dataset_consumes_1 to None, run_after=None
[2026-08-09T19:57:56.268+0000] {logging_mixin.py:188} INFO - [2026-08-09T19:57:56.268+0000] {dag.py:3823} INFO - Setting next_dagrun for dataset_consumes_1_and_2 to None, run_after=None
[2026-08-09T19:57:56.270+0000] {logging_mixin.py:188} INFO - [2026-08-09T19:57:56.269+0000] {dag.py:3823} INFO - Setting next_dagrun for dataset_consumes_1_never_scheduled to None, run_after=None
[2026-08-09T19:57:56.271+0000] {logging_mixin.py:188} INFO - [2026-08-09T19:57:56.271+0000] {dag.py:3823} INFO - Setting next_dagrun for dataset_consumes_unknown_never_scheduled to None, run_after=None
[2026-08-09T19:57:56.274+0000] {logging_mixin.py:188} INFO - [2026-08-09T19:57:56.274+0000] {dag.py:3823} INFO - Setting next_dagrun for dataset_produces_1 to 2026-08-08 00:00:00+00:00, run_after=2026-08-09 00:00:00+00:00
[2026-08-09T19:57:56.276+0000] {logging_mixin.py:188} INFO - [2026-08-09T19:57:56.276+0000] {dag.py:3823} INFO - Setting next_dagrun for dataset_produces_2 to None, run_after=None
[2026-08-09T19:57:56.350+0000] {processor.py:183} INFO - Processing /home/airflow/.local/lib/python3.8/site-packages/airflow/example_dags/example_datasets.py took 0.160 seconds
[2026-08-09T19:58:26.388+0000] {processor.py:161} INFO - Started process (PID=802) to work on /home/airflow/.local/lib/python3.8/site-packages/airflow/example_dags/example_datasets.py
[2026-08-09T19:58:26.389+0000] {processor.py:830} INFO - Processing file /home/airflow/.local/lib/python3.8/site-packages/airflow/example_dags/example_datasets.py for tasks to queue
[2026-08-09T19:58:26.391+0000] {logging_mixin.py:188} INFO - [2026-08-09T19:58:26.391+0000] {dagbag.py:538} INFO - Filling up the DagBag from /home/airflow/.local/lib/python3.8/site-packages/airflow/example_dags/example_datasets.py
[2026-08-09T19:58:26.405+0000] {processor.py:840} INFO - DAG(s) 'dataset_consumes_1', 'dataset_produces_2', 'dataset_consumes_1_and_2', 'dataset_produces_1', 'dataset_consumes_1_never_scheduled', 'dataset_consumes_unknown_never_scheduled' retrieved from /home/airflow/.local/lib/python3.8/site-packages/airflow/example_dags/example_datasets.py
[2026-08-09T19:58:26.447+0000] {logging_mixin.py:188} INFO - [2026-08-09T19:58:26.446+0000] {dag.py:3036} INFO - Sync 6 DAGs
[2026-08-09T19:58:26.473+0000] {logging_mixin.py:188} INFO - [2026-08-09T19:58:26.473+0000] {dag.py:3823} INFO - Setting next_dagrun for dataset_consumes_1 to None, run_after=None
[2026-08-09T19:58:26.477+0000] {logging_mixin.py:188} INFO - [2026-08-09T19:58:26.477+0000] {dag.py:3823} INFO - Setting next_dagrun for dataset_consumes_1_and_2 to None, run_after=None
[2026-08-09T19:58:26.479+0000] {logging_mixin.py:188} INFO - [2026-08-09T19:58:26.479+0000] {dag.py:3823} INFO - Setting next_dagrun for dataset_consumes_1_never_scheduled to None, run_after=None
[2026-08-09T19:58:26.481+0000] {logging_mixin.py:188} INFO - [2026-08-09T19:58:26.480+0000] {dag.py:3823} INFO - Setting next_dagrun for dataset_consumes_unknown_never_scheduled to None, run_after=None
[2026-08-09T19:58:26.485+0000] {logging_mixin.py:188} INFO - [2026-08-09T19:58:26.485+0000] {dag.py:3823} INFO - Setting next_dagrun for dataset_produces_1 to 2026-08-08 00:00:00+00:00, run_after=2026-08-09 00:00:00+00:00
[2026-08-09T19:58:26.489+0000] {logging_mixin.py:188} INFO - [2026-08-09T19:58:26.488+0000] {dag.py:3823} INFO - Setting next_dagrun for dataset_produces_2 to None, run_after=None
[2026-08-09T19:58:26.526+0000] {processor.py:183} INFO - Processing /home/airflow/.local/lib/python3.8/site-packages/airflow/example_dags/example_datasets.py took 0.141 seconds
[2026-08-09T19:58:57.865+0000] {processor.py:161} INFO - Started process (PID=871) to work on /home/airflow/.local/lib/python3.8/site-packages/airflow/example_dags/example_datasets.py
[2026-08-09T19:58:57.866+0000] {processor.py:830} INFO - Processing file /home/airflow/.local/lib/python3.8/site-packages/airflow/example_dags/example_datasets.py for tasks to queue
[2026-08-09T19:58:57.870+0000] {logging_mixin.py:188} INFO - [2026-08-09T19:58:57.868+0000] {dagbag.py:538} INFO - Filling up the DagBag from /home/airflow/.local/lib/python3.8/site-packages/airflow/example_dags/example_datasets.py
[2026-08-09T19:58:57.886+0000] {processor.py:840} INFO - DAG(s) 'dataset_produces_1', 'dataset_consumes_1', 'dataset_produces_2', 'dataset_consumes_unknown_never_scheduled', 'dataset_consumes_1_never_scheduled', 'dataset_consumes_1_and_2' retrieved from /home/airflow/.local/lib/python3.8/site-packages/airflow/example_dags/example_datasets.py
[2026-08-09T19:58:57.951+0000] {logging_mixin.py:188} INFO - [2026-08-09T19:58:57.951+0000] {dag.py:3036} INFO - Sync 6 DAGs
[2026-08-09T19:58:57.994+0000] {logging_mixin.py:188} INFO - [2026-08-09T19:58:57.993+0000] {dag.py:3823} INFO - Setting next_dagrun for dataset_consumes_1 to None, run_after=None
[2026-08-09T19:58:57.998+0000] {logging_mixin.py:188} INFO - [2026-08-09T19:58:57.998+0000] {dag.py:3823} INFO - Setting next_dagrun for dataset_consumes_1_and_2 to None, run_after=None
[2026-08-09T19:58:58.002+0000] {logging_mixin.py:188} INFO - [2026-08-09T19:58:58.001+0000] {dag.py:3823} INFO - Setting next_dagrun for dataset_consumes_1_never_scheduled to None, run_after=None
[2026-08-09T19:58:58.009+0000] {logging_mixin.py:188} INFO - [2026-08-09T19:58:58.008+0000] {dag.py:3823} INFO - Setting next_dagrun for dataset_consumes_unknown_never_scheduled to None, run_after=None
[2026-08-09T19:58:58.013+0000] {logging_mixin.py:188} INFO - [2026-08-09T19:58:58.013+0000] {dag.py:3823} INFO - Setting next_dagrun for dataset_produces_1 to 2026-08-08 00:00:00+00:00, run_after=2026-08-09 00:00:00+00:00
[2026-08-09T19:58:58.015+0000] {logging_mixin.py:188} INFO - [2026-08-09T19:58:58.014+0000] {dag.py:3823} INFO - Setting next_dagrun for dataset_produces_2 to None, run_after=None
[2026-08-09T19:58:58.066+0000] {processor.py:183} INFO - Processing /home/airflow/.local/lib/python3.8/site-packages/airflow/example_dags/example_datasets.py took 0.205 seconds
[2026-08-09T19:59:29.462+0000] {processor.py:161} INFO - Started process (PID=942) to work on /home/airflow/.local/lib/python3.8/site-packages/airflow/example_dags/example_datasets.py
[2026-08-09T19:59:29.463+0000] {processor.py:830} INFO - Processing file /home/airflow/.local/lib/python3.8/site-packages/airflow/example_dags/example_datasets.py for tasks to queue
[2026-08-09T19:59:29.466+0000] {logging_mixin.py:188} INFO - [2026-08-09T19:59:29.465+0000] {dagbag.py:538} INFO - Filling up the DagBag from /home/airflow/.local/lib/python3.8/site-packages/airflow/example_dags/example_datasets.py
[2026-08-09T19:59:29.479+0000] {processor.py:840} INFO - DAG(s) 'dataset_consumes_1_never_scheduled', 'dataset_consumes_unknown_never_scheduled', 'dataset_consumes_1_and_2', 'dataset_consumes_1', 'dataset_produces_1', 'dataset_produces_2' retrieved from /home/airflow/.local/lib/python3.8/site-packages/airflow/example_dags/example_datasets.py
[2026-08-09T19:59:29.523+0000] {logging_mixin.py:188} INFO - [2026-08-09T19:59:29.522+0000] {dag.py:3036} INFO - Sync 6 DAGs
[2026-08-09T19:59:29.552+0000] {logging_mixin.py:188} INFO - [2026-08-09T19:59:29.552+0000] {dag.py:3823} INFO - Setting next_dagrun for dataset_consumes_1 to None, run_after=None
[2026-08-09T19:59:29.557+0000] {logging_mixin.py:188} INFO - [2026-08-09T19:59:29.557+0000] {dag.py:3823} INFO - Setting next_dagrun for dataset_consumes_1_and_2 to None, run_after=None
[2026-08-09T19:59:29.564+0000] {logging_mixin.py:188} INFO - [2026-08-09T19:59:29.563+0000] {dag.py:3823} INFO - Setting next_dagrun for dataset_consumes_1_never_scheduled to None, run_after=None
[2026-08-09T19:59:29.568+0000] {logging_mixin.py:188} INFO - [2026-08-09T19:59:29.567+0000] {dag.py:3823} INFO - Setting next_dagrun for dataset_consumes_unknown_never_scheduled to None, run_after=None
[2026-08-09T19:59:29.573+0000] {logging_mixin.py:188} INFO - [2026-08-09T19:59:29.572+0000] {dag.py:3823} INFO - Setting next_dagrun for dataset_produces_1 to 2026-08-08 00:00:00+00:00, run_after=2026-08-09 00:00:00+00:00
[2026-08-09T19:59:29.575+0000] {logging_mixin.py:188} INFO - [2026-08-09T19:59:29.575+0000] {dag.py:3823} INFO - Setting next_dagrun for dataset_produces_2 to None, run_after=None
[2026-08-09T19:59:29.626+0000] {processor.py:183} INFO - Processing /home/airflow/.local/lib/python3.8/site-packages/airflow/example_dags/example_datasets.py took 0.170 seconds
[2026-08-09T20:00:00.875+0000] {processor.py:161} INFO - Started process (PID=1011) to work on /home/airflow/.local/lib/python3.8/site-packages/airflow/example_dags/example_datasets.py
[2026-08-09T20:00:00.878+0000] {processor.py:830} INFO - Processing file /home/airflow/.local/lib/python3.8/site-packages/airflow/example_dags/example_datasets.py for tasks to queue
[2026-08-09T20:00:00.884+0000] {logging_mixin.py:188} INFO - [2026-08-09T20:00:00.883+0000] {dagbag.py:538} INFO - Filling up the DagBag from /home/airflow/.local/lib/python3.8/site-packages/airflow/example_dags/example_datasets.py
[2026-08-09T20:00:00.907+0000] {processor.py:840} INFO - DAG(s) 'dataset_consumes_1_and_2', 'dataset_consumes_unknown_never_scheduled', 'dataset_produces_2', 'dataset_consumes_1_never_scheduled', 'dataset_produces_1', 'dataset_consumes_1' retrieved from /home/airflow/.local/lib/python3.8/site-packages/airflow/example_dags/example_datasets.py
[2026-08-09T20:00:00.986+0000] {logging_mixin.py:188} INFO - [2026-08-09T20:00:00.986+0000] {dag.py:3036} INFO - Sync 6 DAGs
[2026-08-09T20:00:01.032+0000] {logging_mixin.py:188} INFO - [2026-08-09T20:00:01.032+0000] {dag.py:3823} INFO - Setting next_dagrun for dataset_consumes_1 to None, run_after=None
[2026-08-09T20:00:01.046+0000] {logging_mixin.py:188} INFO - [2026-08-09T20:00:01.045+0000] {dag.py:3823} INFO - Setting next_dagrun for dataset_consumes_1_and_2 to None, run_after=None
[2026-08-09T20:00:01.051+0000] {logging_mixin.py:188} INFO - [2026-08-09T20:00:01.050+0000] {dag.py:3823} INFO - Setting next_dagrun for dataset_consumes_1_never_scheduled to None, run_after=None
[2026-08-09T20:00:01.054+0000] {logging_mixin.py:188} INFO - [2026-08-09T20:00:01.054+0000] {dag.py:3823} INFO - Setting next_dagrun for dataset_consumes_unknown_never_scheduled to None, run_after=None
[2026-08-09T20:00:01.062+0000] {logging_mixin.py:188} INFO - [2026-08-09T20:00:01.061+0000] {dag.py:3823} INFO - Setting next_dagrun for dataset_produces_1 to 2026-08-08 00:00:00+00:00, run_after=2026-08-09 00:00:00+00:00
[2026-08-09T20:00:01.067+0000] {logging_mixin.py:188} INFO - [2026-08-09T20:00:01.066+0000] {dag.py:3823} INFO - Setting next_dagrun for dataset_produces_2 to None, run_after=None
[2026-08-09T20:00:01.144+0000] {processor.py:183} INFO - Processing /home/airflow/.local/lib/python3.8/site-packages/airflow/example_dags/example_datasets.py took 0.285 seconds
[2026-08-09T20:00:32.922+0000] {processor.py:161} INFO - Started process (PID=1080) to work on /home/airflow/.local/lib/python3.8/site-packages/airflow/example_dags/example_datasets.py
[2026-08-09T20:00:32.924+0000] {processor.py:830} INFO - Processing file /home/airflow/.local/lib/python3.8/site-packages/airflow/example_dags/example_datasets.py for tasks to queue
[2026-08-09T20:00:32.928+0000] {logging_mixin.py:188} INFO - [2026-08-09T20:00:32.927+0000] {dagbag.py:538} INFO - Filling up the DagBag from /home/airflow/.local/lib/python3.8/site-packages/airflow/example_dags/example_datasets.py
[2026-08-09T20:00:32.945+0000] {processor.py:840} INFO - DAG(s) 'dataset_consumes_1', 'dataset_produces_2', 'dataset_consumes_unknown_never_scheduled', 'dataset_consumes_1_never_scheduled', 'dataset_produces_1', 'dataset_consumes_1_and_2' retrieved from /home/airflow/.local/lib/python3.8/site-packages/airflow/example_dags/example_datasets.py
[2026-08-09T20:00:33.021+0000] {logging_mixin.py:188} INFO - [2026-08-09T20:00:33.020+0000] {dag.py:3036} INFO - Sync 6 DAGs
[2026-08-09T20:00:33.057+0000] {logging_mixin.py:188} INFO - [2026-08-09T20:00:33.056+0000] {dag.py:3823} INFO - Setting next_dagrun for dataset_consumes_1 to None, run_after=None
[2026-08-09T20:00:33.063+0000] {logging_mixin.py:188} INFO - [2026-08-09T20:00:33.063+0000] {dag.py:3823} INFO - Setting next_dagrun for dataset_consumes_1_and_2 to None, run_after=None
[2026-08-09T20:00:33.066+0000] {logging_mixin.py:188} INFO - [2026-08-09T20:00:33.065+0000] {dag.py:3823} INFO - Setting next_dagrun for dataset_consumes_1_never_scheduled to None, run_after=None
[2026-08-09T20:00:33.070+0000] {logging_mixin.py:188} INFO - [2026-08-09T20:00:33.069+0000] {dag.py:3823} INFO - Setting next_dagrun for dataset_consumes_unknown_never_scheduled to None, run_after=None
[2026-08-09T20:00:33.075+0000] {logging_mixin.py:188} INFO - [2026-08-09T20:00:33.074+0000] {dag.py:3823} INFO - Setting next_dagrun for dataset_produces_1 to 2026-08-08 00:00:00+00:00, run_after=2026-08-09 00:00:00+00:00
[2026-08-09T20:00:33.078+0000] {logging_mixin.py:188} INFO - [2026-08-09T20:00:33.078+0000] {dag.py:3823} INFO - Setting next_dagrun for dataset_produces_2 to None, run_after=None
[2026-08-09T20:00:33.135+0000] {processor.py:183} INFO - Processing /home/airflow/.local/lib/python3.8/site-packages/airflow/example_dags/example_datasets.py took 0.220 seconds
[2026-08-09T20:01:04.429+0000] {processor.py:161} INFO - Started process (PID=1149) to work on /home/airflow/.local/lib/python3.8/site-packages/airflow/example_dags/example_datasets.py
[2026-08-09T20:01:04.431+0000] {processor.py:830} INFO - Processing file /home/airflow/.local/lib/python3.8/site-packages/airflow/example_dags/example_datasets.py for tasks to queue
[2026-08-09T20:01:04.435+0000] {logging_mixin.py:188} INFO - [2026-08-09T20:01:04.434+0000] {dagbag.py:538} INFO - Filling up the DagBag from /home/airflow/.local/lib/python3.8/site-packages/airflow/example_dags/example_datasets.py
[2026-08-09T20:01:04.449+0000] {processor.py:840} INFO - DAG(s) 'dataset_consumes_1', 'dataset_consumes_1_and_2', 'dataset_consumes_1_never_scheduled', 'dataset_consumes_unknown_never_scheduled', 'dataset_produces_2', 'dataset_produces_1' retrieved from /home/airflow/.local/lib/python3.8/site-packages/airflow/example_dags/example_datasets.py
[2026-08-09T20:01:04.512+0000] {logging_mixin.py:188} INFO - [2026-08-09T20:01:04.512+0000] {dag.py:3036} INFO - Sync 6 DAGs
[2026-08-09T20:01:04.552+0000] {logging_mixin.py:188} INFO - [2026-08-09T20:01:04.551+0000] {dag.py:3823} INFO - Setting next_dagrun for dataset_consumes_1 to None, run_after=None
[2026-08-09T20:01:04.559+0000] {logging_mixin.py:188} INFO - [2026-08-09T20:01:04.558+0000] {dag.py:3823} INFO - Setting next_dagrun for dataset_consumes_1_and_2 to None, run_after=None
[2026-08-09T20:01:04.562+0000] {logging_mixin.py:188} INFO - [2026-08-09T20:01:04.561+0000] {dag.py:3823} INFO - Setting next_dagrun for dataset_consumes_1_never_scheduled to None, run_after=None
[2026-08-09T20:01:04.565+0000] {logging_mixin.py:188} INFO - [2026-08-09T20:01:04.564+0000] {dag.py:3823} INFO - Setting next_dagrun for dataset_consumes_unknown_never_scheduled to None, run_after=None
[2026-08-09T20:01:04.569+0000] {logging_mixin.py:188} INFO - [2026-08-09T20:01:04.569+0000] {dag.py:3823} INFO - Setting next_dagrun for dataset_produces_1 to 2026-08-08 00:00:00+00:00, run_after=2026-08-09 00:00:00+00:00
[2026-08-09T20:01:04.572+0000] {logging_mixin.py:188} INFO - [2026-08-09T20:01:04.571+0000] {dag.py:3823} INFO - Setting next_dagrun for dataset_produces_2 to None, run_after=None
[2026-08-09T20:01:04.629+0000] {processor.py:183} INFO - Processing /home/airflow/.local/lib/python3.8/site-packages/airflow/example_dags/example_datasets.py took 0.206 seconds
[2026-08-09T20:01:34.997+0000] {processor.py:161} INFO - Started process (PID=1217) to work on /home/airflow/.local/lib/python3.8/site-packages/airflow/example_dags/example_datasets.py
[2026-08-09T20:01:34.998+0000] {processor.py:830} INFO - Processing file /home/airflow/.local/lib/python3.8/site-packages/airflow/example_dags/example_datasets.py for tasks to queue
[2026-08-09T20:01:35.002+0000] {logging_mixin.py:188} INFO - [2026-08-09T20:01:35.002+0000] {dagbag.py:538} INFO - Filling up the DagBag from /home/airflow/.local/lib/python3.8/site-packages/airflow/example_dags/example_datasets.py
[2026-08-09T20:01:35.015+0000] {processor.py:840} INFO - DAG(s) 'dataset_produces_1', 'dataset_consumes_1_never_scheduled', 'dataset_consumes_unknown_never_scheduled', 'dataset_consumes_1', 'dataset_produces_2', 'dataset_consumes_1_and_2' retrieved from /home/airflow/.local/lib/python3.8/site-packages/airflow/example_dags/example_datasets.py
[2026-08-09T20:01:35.079+0000] {logging_mixin.py:188} INFO - [2026-08-09T20:01:35.079+0000] {dag.py:3036} INFO - Sync 6 DAGs
[2026-08-09T20:01:35.118+0000] {logging_mixin.py:188} INFO - [2026-08-09T20:01:35.118+0000] {dag.py:3823} INFO - Setting next_dagrun for dataset_consumes_1 to None, run_after=None
[2026-08-09T20:01:35.125+0000] {logging_mixin.py:188} INFO - [2026-08-09T20:01:35.124+0000] {dag.py:3823} INFO - Setting next_dagrun for dataset_consumes_1_and_2 to None, run_after=None
[2026-08-09T20:01:35.128+0000] {logging_mixin.py:188} INFO - [2026-08-09T20:01:35.128+0000] {dag.py:3823} INFO - Setting next_dagrun for dataset_consumes_1_never_scheduled to None, run_after=None
[2026-08-09T20:01:35.132+0000] {logging_mixin.py:188} INFO - [2026-08-09T20:01:35.132+0000] {dag.py:3823} INFO - Setting next_dagrun for dataset_consumes_unknown_never_scheduled to None, run_after=None
[2026-08-09T20:01:35.138+0000] {logging_mixin.py:188} INFO - [2026-08-09T20:01:35.138+0000] {dag.py:3823} INFO - Setting next_dagrun for dataset_produces_1 to 2026-08-08 00:00:00+00:00, run_after=2026-08-09 00:00:00+00:00
[2026-08-09T20:01:35.140+0000] {logging_mixin.py:188} INFO - [2026-08-09T20:01:35.140+0000] {dag.py:3823} INFO - Setting next_dagrun for dataset_produces_2 to None, run_after=None
[2026-08-09T20:01:35.190+0000] {processor.py:183} INFO - Processing /home/airflow/.local/lib/python3.8/site-packages/airflow/example_dags/example_datasets.py took 0.198 seconds
[2026-08-09T20:02:06.813+0000] {processor.py:161} INFO - Started process (PID=1287) to work on /home/airflow/.local/lib/python3.8/site-packages/airflow/example_dags/example_datasets.py
[2026-08-09T20:02:06.814+0000] {processor.py:830} INFO - Processing file /home/airflow/.local/lib/python3.8/site-packages/airflow/example_dags/example_datasets.py for tasks to queue
[2026-08-09T20:02:06.819+0000] {logging_mixin.py:188} INFO - [2026-08-09T20:02:06.818+0000] {dagbag.py:538} INFO - Filling up the DagBag from /home/airflow/.local/lib/python3.8/site-packages/airflow/example_dags/example_datasets.py
[2026-08-09T20:02:06.836+0000] {processor.py:840} INFO - DAG(s) 'dataset_produces_1', 'dataset_produces_2', 'dataset_consumes_unknown_never_scheduled', 'dataset_consumes_1', 'dataset_consumes_1_and_2', 'dataset_consumes_1_never_scheduled' retrieved from /home/airflow/.local/lib/python3.8/site-packages/airflow/example_dags/example_datasets.py
[2026-08-09T20:02:06.914+0000] {logging_mixin.py:188} INFO - [2026-08-09T20:02:06.914+0000] {dag.py:3036} INFO - Sync 6 DAGs
[2026-08-09T20:02:06.963+0000] {logging_mixin.py:188} INFO - [2026-08-09T20:02:06.962+0000] {dag.py:3823} INFO - Setting next_dagrun for dataset_consumes_1 to None, run_after=None
[2026-08-09T20:02:06.970+0000] {logging_mixin.py:188} INFO - [2026-08-09T20:02:06.969+0000] {dag.py:3823} INFO - Setting next_dagrun for dataset_consumes_1_and_2 to None, run_after=None
[2026-08-09T20:02:06.975+0000] {logging_mixin.py:188} INFO - [2026-08-09T20:02:06.974+0000] {dag.py:3823} INFO - Setting next_dagrun for dataset_consumes_1_never_scheduled to None, run_after=None
[2026-08-09T20:02:06.980+0000] {logging_mixin.py:188} INFO - [2026-08-09T20:02:06.979+0000] {dag.py:3823} INFO - Setting next_dagrun for dataset_consumes_unknown_never_scheduled to None, run_after=None
[2026-08-09T20:02:06.987+0000] {logging_mixin.py:188} INFO - [2026-08-09T20:02:06.986+0000] {dag.py:3823} INFO - Setting next_dagrun for dataset_produces_1 to 2026-08-08 00:00:00+00:00, run_after=2026-08-09 00:00:00+00:00
[2026-08-09T20:02:06.992+0000] {logging_mixin.py:188} INFO - [2026-08-09T20:02:06.991+0000] {dag.py:3823} INFO - Setting next_dagrun for dataset_produces_2 to None, run_after=None
[2026-08-09T20:02:07.057+0000] {processor.py:183} INFO - Processing /home/airflow/.local/lib/python3.8/site-packages/airflow/example_dags/example_datasets.py took 0.249 seconds
[2026-08-09T20:02:38.091+0000] {processor.py:161} INFO - Started process (PID=1356) to work on /home/airflow/.local/lib/python3.8/site-packages/airflow/example_dags/example_datasets.py
[2026-08-09T20:02:38.092+0000] {processor.py:830} INFO - Processing file /home/airflow/.local/lib/python3.8/site-packages/airflow/example_dags/example_datasets.py for tasks to queue
[2026-08-09T20:02:38.095+0000] {logging_mixin.py:188} INFO - [2026-08-09T20:02:38.095+0000] {dagbag.py:538} INFO - Filling up the DagBag from /home/airflow/.local/lib/python3.8/site-packages/airflow/example_dags/example_datasets.py
[2026-08-09T20:02:38.109+0000] {processor.py:840} INFO - DAG(s) 'dataset_consumes_unknown_never_scheduled', 'dataset_consumes_1', 'dataset_produces_2', 'dataset_consumes_1_and_2', 'dataset_produces_1', 'dataset_consumes_1_never_scheduled' retrieved from /home/airflow/.local/lib/python3.8/site-packages/airflow/example_dags/example_datasets.py
[2026-08-09T20:02:38.170+0000] {logging_mixin.py:188} INFO - [2026-08-09T20:02:38.170+0000] {dag.py:3036} INFO - Sync 6 DAGs
[2026-08-09T20:02:38.209+0000] {logging_mixin.py:188} INFO - [2026-08-09T20:02:38.209+0000] {dag.py:3823} INFO - Setting next_dagrun for dataset_consumes_1 to None, run_after=None
[2026-08-09T20:02:38.218+0000] {logging_mixin.py:188} INFO - [2026-08-09T20:02:38.218+0000] {dag.py:3823} INFO - Setting next_dagrun for dataset_consumes_1_and_2 to None, run_after=None
[2026-08-09T20:02:38.222+0000] {logging_mixin.py:188} INFO - [2026-08-09T20:02:38.222+0000] {dag.py:3823} INFO - Setting next_dagrun for dataset_consumes_1_never_scheduled to None, run_after=None
[2026-08-09T20:02:38.224+0000] {logging_mixin.py:188} INFO - [2026-08-09T20:02:38.224+0000] {dag.py:3823} INFO - Setting next_dagrun for dataset_consumes_unknown_never_scheduled to None, run_after=None
[2026-08-09T20:02:38.229+0000] {logging_mixin.py:188} INFO - [2026-08-09T20:02:38.228+0000] {dag.py:3823} INFO - Setting next_dagrun for dataset_produces_1 to 2026-08-08 00:00:00+00:00, run_after=2026-08-09 00:00:00+00:00
[2026-08-09T20:02:38.233+0000] {logging_mixin.py:188} INFO - [2026-08-09T20:02:38.232+0000] {dag.py:3823} INFO - Setting next_dagrun for dataset_produces_2 to None, run_after=None
[2026-08-09T20:02:38.295+0000] {processor.py:183} INFO - Processing /home/airflow/.local/lib/python3.8/site-packages/airflow/example_dags/example_datasets.py took 0.211 seconds
[2026-08-09T20:03:10.394+0000] {processor.py:161} INFO - Started process (PID=1426) to work on /home/airflow/.local/lib/python3.8/site-packages/airflow/example_dags/example_datasets.py
[2026-08-09T20:03:10.396+0000] {processor.py:830} INFO - Processing file /home/airflow/.local/lib/python3.8/site-packages/airflow/example_dags/example_datasets.py for tasks to queue
[2026-08-09T20:03:10.402+0000] {logging_mixin.py:188} INFO - [2026-08-09T20:03:10.401+0000] {dagbag.py:538} INFO - Filling up the DagBag from /home/airflow/.local/lib/python3.8/site-packages/airflow/example_dags/example_datasets.py
[2026-08-09T20:03:10.426+0000] {processor.py:840} INFO - DAG(s) 'dataset_produces_1', 'dataset_consumes_1', 'dataset_consumes_1_and_2', 'dataset_consumes_1_never_scheduled', 'dataset_consumes_unknown_never_scheduled', 'dataset_produces_2' retrieved from /home/airflow/.local/lib/python3.8/site-packages/airflow/example_dags/example_datasets.py
[2026-08-09T20:03:10.497+0000] {logging_mixin.py:188} INFO - [2026-08-09T20:03:10.496+0000] {dag.py:3036} INFO - Sync 6 DAGs
[2026-08-09T20:03:10.541+0000] {logging_mixin.py:188} INFO - [2026-08-09T20:03:10.540+0000] {dag.py:3823} INFO - Setting next_dagrun for dataset_consumes_1 to None, run_after=None
[2026-08-09T20:03:10.555+0000] {logging_mixin.py:188} INFO - [2026-08-09T20:03:10.554+0000] {dag.py:3823} INFO - Setting next_dagrun for dataset_consumes_1_and_2 to None, run_after=None
[2026-08-09T20:03:10.562+0000] {logging_mixin.py:188} INFO - [2026-08-09T20:03:10.562+0000] {dag.py:3823} INFO - Setting next_dagrun for dataset_consumes_1_never_scheduled to None, run_after=None
[2026-08-09T20:03:10.566+0000] {logging_mixin.py:188} INFO - [2026-08-09T20:03:10.565+0000] {dag.py:3823} INFO - Setting next_dagrun for dataset_consumes_unknown_never_scheduled to None, run_after=None
[2026-08-09T20:03:10.577+0000] {logging_mixin.py:188} INFO - [2026-08-09T20:03:10.576+0000] {dag.py:3823} INFO - Setting next_dagrun for dataset_produces_1 to 2026-08-08 00:00:00+00:00, run_after=2026-08-09 00:00:00+00:00
[2026-08-09T20:03:10.582+0000] {logging_mixin.py:188} INFO - [2026-08-09T20:03:10.582+0000] {dag.py:3823} INFO - Setting next_dagrun for dataset_produces_2 to None, run_after=None
[2026-08-09T20:03:10.665+0000] {processor.py:183} INFO - Processing /home/airflow/.local/lib/python3.8/site-packages/airflow/example_dags/example_datasets.py took 0.280 seconds
[2026-08-09T20:03:43.565+0000] {processor.py:161} INFO - Started process (PID=1509) to work on /home/airflow/.local/lib/python3.8/site-packages/airflow/example_dags/example_datasets.py
[2026-08-09T20:03:43.585+0000] {processor.py:830} INFO - Processing file /home/airflow/.local/lib/python3.8/site-packages/airflow/example_dags/example_datasets.py for tasks to queue
[2026-08-09T20:03:43.627+0000] {logging_mixin.py:188} INFO - [2026-08-09T20:03:43.626+0000] {dagbag.py:538} INFO - Filling up the DagBag from /home/airflow/.local/lib/python3.8/site-packages/airflow/example_dags/example_datasets.py
[2026-08-09T20:03:43.701+0000] {processor.py:840} INFO - DAG(s) 'dataset_consumes_1_and_2', 'dataset_consumes_unknown_never_scheduled', 'dataset_produces_2', 'dataset_consumes_1_never_scheduled', 'dataset_consumes_1', 'dataset_produces_1' retrieved from /home/airflow/.local/lib/python3.8/site-packages/airflow/example_dags/example_datasets.py
[2026-08-09T20:03:43.925+0000] {logging_mixin.py:188} INFO - [2026-08-09T20:03:43.924+0000] {dag.py:3036} INFO - Sync 6 DAGs
[2026-08-09T20:03:44.045+0000] {logging_mixin.py:188} INFO - [2026-08-09T20:03:44.044+0000] {dag.py:3823} INFO - Setting next_dagrun for dataset_consumes_1 to None, run_after=None
[2026-08-09T20:03:44.065+0000] {logging_mixin.py:188} INFO - [2026-08-09T20:03:44.064+0000] {dag.py:3823} INFO - Setting next_dagrun for dataset_consumes_1_and_2 to None, run_after=None
[2026-08-09T20:03:44.076+0000] {logging_mixin.py:188} INFO - [2026-08-09T20:03:44.075+0000] {dag.py:3823} INFO - Setting next_dagrun for dataset_consumes_1_never_scheduled to None, run_after=None
[2026-08-09T20:03:44.083+0000] {logging_mixin.py:188} INFO - [2026-08-09T20:03:44.082+0000] {dag.py:3823} INFO - Setting next_dagrun for dataset_consumes_unknown_never_scheduled to None, run_after=None
[2026-08-09T20:03:44.095+0000] {logging_mixin.py:188} INFO - [2026-08-09T20:03:44.094+0000] {dag.py:3823} INFO - Setting next_dagrun for dataset_produces_1 to 2026-08-08 00:00:00+00:00, run_after=2026-08-09 00:00:00+00:00
[2026-08-09T20:03:44.103+0000] {logging_mixin.py:188} INFO - [2026-08-09T20:03:44.102+0000] {dag.py:3823} INFO - Setting next_dagrun for dataset_produces_2 to None, run_after=None
[2026-08-09T20:03:44.320+0000] {processor.py:183} INFO - Processing /home/airflow/.local/lib/python3.8/site-packages/airflow/example_dags/example_datasets.py took 0.775 seconds
[2026-08-09T20:04:14.446+0000] {processor.py:161} INFO - Started process (PID=1591) to work on /home/airflow/.local/lib/python3.8/site-packages/airflow/example_dags/example_datasets.py
[2026-08-09T20:04:14.448+0000] {processor.py:830} INFO - Processing file /home/airflow/.local/lib/python3.8/site-packages/airflow/example_dags/example_datasets.py for tasks to queue
[2026-08-09T20:04:14.450+0000] {logging_mixin.py:188} INFO - [2026-08-09T20:04:14.450+0000] {dagbag.py:538} INFO - Filling up the DagBag from /home/airflow/.local/lib/python3.8/site-packages/airflow/example_dags/example_datasets.py
[2026-08-09T20:04:14.460+0000] {processor.py:840} INFO - DAG(s) 'dataset_consumes_1', 'dataset_consumes_unknown_never_scheduled', 'dataset_consumes_1_never_scheduled', 'dataset_consumes_1_and_2', 'dataset_produces_2', 'dataset_produces_1' retrieved from /home/airflow/.local/lib/python3.8/site-packages/airflow/example_dags/example_datasets.py
[2026-08-09T20:04:14.499+0000] {logging_mixin.py:188} INFO - [2026-08-09T20:04:14.499+0000] {dag.py:3036} INFO - Sync 6 DAGs
[2026-08-09T20:04:14.519+0000] {logging_mixin.py:188} INFO - [2026-08-09T20:04:14.519+0000] {dag.py:3823} INFO - Setting next_dagrun for dataset_consumes_1 to None, run_after=None
[2026-08-09T20:04:14.524+0000] {logging_mixin.py:188} INFO - [2026-08-09T20:04:14.523+0000] {dag.py:3823} INFO - Setting next_dagrun for dataset_consumes_1_and_2 to None, run_after=None
[2026-08-09T20:04:14.527+0000] {logging_mixin.py:188} INFO - [2026-08-09T20:04:14.527+0000] {dag.py:3823} INFO - Setting next_dagrun for dataset_consumes_1_never_scheduled to None, run_after=None
[2026-08-09T20:04:14.529+0000] {logging_mixin.py:188} INFO - [2026-08-09T20:04:14.529+0000] {dag.py:3823} INFO - Setting next_dagrun for dataset_consumes_unknown_never_scheduled to None, run_after=None
[2026-08-09T20:04:14.532+0000] {logging_mixin.py:188} INFO - [2026-08-09T20:04:14.532+0000] {dag.py:3823} INFO - Setting next_dagrun for dataset_produces_1 to 2026-08-08 00:00:00+00:00, run_after=2026-08-09 00:00:00+00:00
[2026-08-09T20:04:14.534+0000] {logging_mixin.py:188} INFO - [2026-08-09T20:04:14.534+0000] {dag.py:3823} INFO - Setting next_dagrun for dataset_produces_2 to None, run_after=None
[2026-08-09T20:04:14.576+0000] {processor.py:183} INFO - Processing /home/airflow/.local/lib/python3.8/site-packages/airflow/example_dags/example_datasets.py took 0.134 seconds
[2026-08-09T20:04:45.497+0000] {processor.py:161} INFO - Started process (PID=1659) to work on /home/airflow/.local/lib/python3.8/site-packages/airflow/example_dags/example_datasets.py
[2026-08-09T20:04:45.498+0000] {processor.py:830} INFO - Processing file /home/airflow/.local/lib/python3.8/site-packages/airflow/example_dags/example_datasets.py for tasks to queue
[2026-08-09T20:04:45.500+0000] {logging_mixin.py:188} INFO - [2026-08-09T20:04:45.499+0000] {dagbag.py:538} INFO - Filling up the DagBag from /home/airflow/.local/lib/python3.8/site-packages/airflow/example_dags/example_datasets.py
[2026-08-09T20:04:45.508+0000] {processor.py:840} INFO - DAG(s) 'dataset_produces_1', 'dataset_produces_2', 'dataset_consumes_1', 'dataset_consumes_1_and_2', 'dataset_consumes_1_never_scheduled', 'dataset_consumes_unknown_never_scheduled' retrieved from /home/airflow/.local/lib/python3.8/site-packages/airflow/example_dags/example_datasets.py
[2026-08-09T20:04:45.544+0000] {logging_mixin.py:188} INFO - [2026-08-09T20:04:45.544+0000] {dag.py:3036} INFO - Sync 6 DAGs
[2026-08-09T20:04:45.566+0000] {logging_mixin.py:188} INFO - [2026-08-09T20:04:45.566+0000] {dag.py:3823} INFO - Setting next_dagrun for dataset_consumes_1 to None, run_after=None
[2026-08-09T20:04:45.570+0000] {logging_mixin.py:188} INFO - [2026-08-09T20:04:45.569+0000] {dag.py:3823} INFO - Setting next_dagrun for dataset_consumes_1_and_2 to None, run_after=None
[2026-08-09T20:04:45.571+0000] {logging_mixin.py:188} INFO - [2026-08-09T20:04:45.571+0000] {dag.py:3823} INFO - Setting next_dagrun for dataset_consumes_1_never_scheduled to None, run_after=None
[2026-08-09T20:04:45.573+0000] {logging_mixin.py:188} INFO - [2026-08-09T20:04:45.573+0000] {dag.py:3823} INFO - Setting next_dagrun for dataset_consumes_unknown_never_scheduled to None, run_after=None
[2026-08-09T20:04:45.576+0000] {logging_mixin.py:188} INFO - [2026-08-09T20:04:45.575+0000] {dag.py:3823} INFO - Setting next_dagrun for dataset_produces_1 to 2026-08-08 00:00:00+00:00, run_after=2026-08-09 00:00:00+00:00
[2026-08-09T20:04:45.577+0000] {logging_mixin.py:188} INFO - [2026-08-09T20:04:45.577+0000] {dag.py:3823} INFO - Setting next_dagrun for dataset_produces_2 to None, run_after=None
[2026-08-09T20:04:45.606+0000] {processor.py:183} INFO - Processing /home/airflow/.local/lib/python3.8/site-packages/airflow/example_dags/example_datasets.py took 0.113 seconds
[2026-08-09T20:05:16.176+0000] {processor.py:161} INFO - Started process (PID=1728) to work on /home/airflow/.local/lib/python3.8/site-packages/airflow/example_dags/example_datasets.py
[2026-08-09T20:05:16.177+0000] {processor.py:830} INFO - Processing file /home/airflow/.local/lib/python3.8/site-packages/airflow/example_dags/example_datasets.py for tasks to queue
[2026-08-09T20:05:16.179+0000] {logging_mixin.py:188} INFO - [2026-08-09T20:05:16.179+0000] {dagbag.py:538} INFO - Filling up the DagBag from /home/airflow/.local/lib/python3.8/site-packages/airflow/example_dags/example_datasets.py
[2026-08-09T20:05:16.188+0000] {processor.py:840} INFO - DAG(s) 'dataset_consumes_1_and_2', 'dataset_consumes_1_never_scheduled', 'dataset_consumes_1', 'dataset_produces_2', 'dataset_consumes_unknown_never_scheduled', 'dataset_produces_1' retrieved from /home/airflow/.local/lib/python3.8/site-packages/airflow/example_dags/example_datasets.py
[2026-08-09T20:05:16.223+0000] {logging_mixin.py:188} INFO - [2026-08-09T20:05:16.223+0000] {dag.py:3036} INFO - Sync 6 DAGs
[2026-08-09T20:05:16.244+0000] {logging_mixin.py:188} INFO - [2026-08-09T20:05:16.244+0000] {dag.py:3823} INFO - Setting next_dagrun for dataset_consumes_1 to None, run_after=None
[2026-08-09T20:05:16.248+0000] {logging_mixin.py:188} INFO - [2026-08-09T20:05:16.248+0000] {dag.py:3823} INFO - Setting next_dagrun for dataset_consumes_1_and_2 to None, run_after=None
[2026-08-09T20:05:16.250+0000] {logging_mixin.py:188} INFO - [2026-08-09T20:05:16.249+0000] {dag.py:3823} INFO - Setting next_dagrun for dataset_consumes_1_never_scheduled to None, run_after=None
[2026-08-09T20:05:16.251+0000] {logging_mixin.py:188} INFO - [2026-08-09T20:05:16.251+0000] {dag.py:3823} INFO - Setting next_dagrun for dataset_consumes_unknown_never_scheduled to None, run_after=None
[2026-08-09T20:05:16.256+0000] {logging_mixin.py:188} INFO - [2026-08-09T20:05:16.255+0000] {dag.py:3823} INFO - Setting next_dagrun for dataset_produces_1 to 2026-08-08 00:00:00+00:00, run_after=2026-08-09 00:00:00+00:00
[2026-08-09T20:05:16.258+0000] {logging_mixin.py:188} INFO - [2026-08-09T20:05:16.257+0000] {dag.py:3823} INFO - Setting next_dagrun for dataset_produces_2 to None, run_after=None
[2026-08-09T20:05:16.288+0000] {processor.py:183} INFO - Processing /home/airflow/.local/lib/python3.8/site-packages/airflow/example_dags/example_datasets.py took 0.115 seconds
[2026-08-09T20:05:46.906+0000] {processor.py:161} INFO - Started process (PID=1797) to work on /home/airflow/.local/lib/python3.8/site-packages/airflow/example_dags/example_datasets.py
[2026-08-09T20:05:46.908+0000] {processor.py:830} INFO - Processing file /home/airflow/.local/lib/python3.8/site-packages/airflow/example_dags/example_datasets.py for tasks to queue
[2026-08-09T20:05:46.911+0000] {logging_mixin.py:188} INFO - [2026-08-09T20:05:46.911+0000] {dagbag.py:538} INFO - Filling up the DagBag from /home/airflow/.local/lib/python3.8/site-packages/airflow/example_dags/example_datasets.py
[2026-08-09T20:05:46.928+0000] {processor.py:840} INFO - DAG(s) 'dataset_consumes_1_and_2', 'dataset_consumes_1', 'dataset_produces_1', 'dataset_consumes_1_never_scheduled', 'dataset_produces_2', 'dataset_consumes_unknown_never_scheduled' retrieved from /home/airflow/.local/lib/python3.8/site-packages/airflow/example_dags/example_datasets.py
[2026-08-09T20:05:46.997+0000] {logging_mixin.py:188} INFO - [2026-08-09T20:05:46.997+0000] {dag.py:3036} INFO - Sync 6 DAGs
[2026-08-09T20:05:47.029+0000] {logging_mixin.py:188} INFO - [2026-08-09T20:05:47.028+0000] {dag.py:3823} INFO - Setting next_dagrun for dataset_consumes_1 to None, run_after=None
[2026-08-09T20:05:47.035+0000] {logging_mixin.py:188} INFO - [2026-08-09T20:05:47.035+0000] {dag.py:3823} INFO - Setting next_dagrun for dataset_consumes_1_and_2 to None, run_after=None
[2026-08-09T20:05:47.038+0000] {logging_mixin.py:188} INFO - [2026-08-09T20:05:47.037+0000] {dag.py:3823} INFO - Setting next_dagrun for dataset_consumes_1_never_scheduled to None, run_after=None
[2026-08-09T20:05:47.040+0000] {logging_mixin.py:188} INFO - [2026-08-09T20:05:47.040+0000] {dag.py:3823} INFO - Setting next_dagrun for dataset_consumes_unknown_never_scheduled to None, run_after=None
[2026-08-09T20:05:47.047+0000] {logging_mixin.py:188} INFO - [2026-08-09T20:05:47.046+0000] {dag.py:3823} INFO - Setting next_dagrun for dataset_produces_1 to 2026-08-08 00:00:00+00:00, run_after=2026-08-09 00:00:00+00:00
[2026-08-09T20:05:47.050+0000] {logging_mixin.py:188} INFO - [2026-08-09T20:05:47.049+0000] {dag.py:3823} INFO - Setting next_dagrun for dataset_produces_2 to None, run_after=None
[2026-08-09T20:05:47.108+0000] {processor.py:183} INFO - Processing /home/airflow/.local/lib/python3.8/site-packages/airflow/example_dags/example_datasets.py took 0.208 seconds
[2026-08-09T20:06:17.612+0000] {processor.py:161} INFO - Started process (PID=1865) to work on /home/airflow/.local/lib/python3.8/site-packages/airflow/example_dags/example_datasets.py
[2026-08-09T20:06:17.614+0000] {processor.py:830} INFO - Processing file /home/airflow/.local/lib/python3.8/site-packages/airflow/example_dags/example_datasets.py for tasks to queue
[2026-08-09T20:06:17.617+0000] {logging_mixin.py:188} INFO - [2026-08-09T20:06:17.616+0000] {dagbag.py:538} INFO - Filling up the DagBag from /home/airflow/.local/lib/python3.8/site-packages/airflow/example_dags/example_datasets.py
[2026-08-09T20:06:17.630+0000] {processor.py:840} INFO - DAG(s) 'dataset_consumes_1', 'dataset_consumes_1_and_2', 'dataset_consumes_1_never_scheduled', 'dataset_produces_2', 'dataset_consumes_unknown_never_scheduled', 'dataset_produces_1' retrieved from /home/airflow/.local/lib/python3.8/site-packages/airflow/example_dags/example_datasets.py
[2026-08-09T20:06:17.678+0000] {logging_mixin.py:188} INFO - [2026-08-09T20:06:17.678+0000] {dag.py:3036} INFO - Sync 6 DAGs
[2026-08-09T20:06:17.706+0000] {logging_mixin.py:188} INFO - [2026-08-09T20:06:17.705+0000] {dag.py:3823} INFO - Setting next_dagrun for dataset_consumes_1 to None, run_after=None
[2026-08-09T20:06:17.710+0000] {logging_mixin.py:188} INFO - [2026-08-09T20:06:17.710+0000] {dag.py:3823} INFO - Setting next_dagrun for dataset_consumes_1_and_2 to None, run_after=None
[2026-08-09T20:06:17.716+0000] {logging_mixin.py:188} INFO - [2026-08-09T20:06:17.715+0000] {dag.py:3823} INFO - Setting next_dagrun for dataset_consumes_1_never_scheduled to None, run_after=None
[2026-08-09T20:06:17.718+0000] {logging_mixin.py:188} INFO - [2026-08-09T20:06:17.718+0000] {dag.py:3823} INFO - Setting next_dagrun for dataset_consumes_unknown_never_scheduled to None, run_after=None
[2026-08-09T20:06:17.723+0000] {logging_mixin.py:188} INFO - [2026-08-09T20:06:17.722+0000] {dag.py:3823} INFO - Setting next_dagrun for dataset_produces_1 to 2026-08-08 00:00:00+00:00, run_after=2026-08-09 00:00:00+00:00
[2026-08-09T20:06:17.725+0000] {logging_mixin.py:188} INFO - [2026-08-09T20:06:17.725+0000] {dag.py:3823} INFO - Setting next_dagrun for dataset_produces_2 to None, run_after=None
[2026-08-09T20:06:17.770+0000] {processor.py:183} INFO - Processing /home/airflow/.local/lib/python3.8/site-packages/airflow/example_dags/example_datasets.py took 0.161 seconds
[2026-08-09T20:06:48.041+0000] {processor.py:161} INFO - Started process (PID=1934) to work on /home/airflow/.local/lib/python3.8/site-packages/airflow/example_dags/example_datasets.py
[2026-08-09T20:06:48.044+0000] {processor.py:830} INFO - Processing file /home/airflow/.local/lib/python3.8/site-packages/airflow/example_dags/example_datasets.py for tasks to queue
[2026-08-09T20:06:48.049+0000] {logging_mixin.py:188} INFO - [2026-08-09T20:06:48.048+0000] {dagbag.py:538} INFO - Filling up the DagBag from /home/airflow/.local/lib/python3.8/site-packages/airflow/example_dags/example_datasets.py
[2026-08-09T20:06:48.062+0000] {processor.py:840} INFO - DAG(s) 'dataset_consumes_1', 'dataset_consumes_unknown_never_scheduled', 'dataset_produces_1', 'dataset_consumes_1_and_2', 'dataset_consumes_1_never_scheduled', 'dataset_produces_2' retrieved from /home/airflow/.local/lib/python3.8/site-packages/airflow/example_dags/example_datasets.py
[2026-08-09T20:06:48.113+0000] {logging_mixin.py:188} INFO - [2026-08-09T20:06:48.113+0000] {dag.py:3036} INFO - Sync 6 DAGs
[2026-08-09T20:06:48.139+0000] {logging_mixin.py:188} INFO - [2026-08-09T20:06:48.139+0000] {dag.py:3823} INFO - Setting next_dagrun for dataset_consumes_1 to None, run_after=None
[2026-08-09T20:06:48.143+0000] {logging_mixin.py:188} INFO - [2026-08-09T20:06:48.143+0000] {dag.py:3823} INFO - Setting next_dagrun for dataset_consumes_1_and_2 to None, run_after=None
[2026-08-09T20:06:48.145+0000] {logging_mixin.py:188} INFO - [2026-08-09T20:06:48.145+0000] {dag.py:3823} INFO - Setting next_dagrun for dataset_consumes_1_never_scheduled to None, run_after=None
[2026-08-09T20:06:48.147+0000] {logging_mixin.py:188} INFO - [2026-08-09T20:06:48.147+0000] {dag.py:3823} INFO - Setting next_dagrun for dataset_consumes_unknown_never_scheduled to None, run_after=None
[2026-08-09T20:06:48.150+0000] {logging_mixin.py:188} INFO - [2026-08-09T20:06:48.150+0000] {dag.py:3823} INFO - Setting next_dagrun for dataset_produces_1 to 2026-08-08 00:00:00+00:00, run_after=2026-08-09 00:00:00+00:00
[2026-08-09T20:06:48.152+0000] {logging_mixin.py:188} INFO - [2026-08-09T20:06:48.151+0000] {dag.py:3823} INFO - Setting next_dagrun for dataset_produces_2 to None, run_after=None
[2026-08-09T20:06:48.186+0000] {processor.py:183} INFO - Processing /home/airflow/.local/lib/python3.8/site-packages/airflow/example_dags/example_datasets.py took 0.149 seconds
[2026-08-09T20:07:18.820+0000] {processor.py:161} INFO - Started process (PID=2002) to work on /home/airflow/.local/lib/python3.8/site-packages/airflow/example_dags/example_datasets.py
[2026-08-09T20:07:18.821+0000] {processor.py:830} INFO - Processing file /home/airflow/.local/lib/python3.8/site-packages/airflow/example_dags/example_datasets.py for tasks to queue
[2026-08-09T20:07:18.823+0000] {logging_mixin.py:188} INFO - [2026-08-09T20:07:18.823+0000] {dagbag.py:538} INFO - Filling up the DagBag from /home/airflow/.local/lib/python3.8/site-packages/airflow/example_dags/example_datasets.py
[2026-08-09T20:07:18.837+0000] {processor.py:840} INFO - DAG(s) 'dataset_consumes_1', 'dataset_consumes_1_never_scheduled', 'dataset_consumes_unknown_never_scheduled', 'dataset_consumes_1_and_2', 'dataset_produces_2', 'dataset_produces_1' retrieved from /home/airflow/.local/lib/python3.8/site-packages/airflow/example_dags/example_datasets.py
[2026-08-09T20:07:18.879+0000] {logging_mixin.py:188} INFO - [2026-08-09T20:07:18.879+0000] {dag.py:3036} INFO - Sync 6 DAGs
[2026-08-09T20:07:18.909+0000] {logging_mixin.py:188} INFO - [2026-08-09T20:07:18.909+0000] {dag.py:3823} INFO - Setting next_dagrun for dataset_consumes_1 to None, run_after=None
[2026-08-09T20:07:18.913+0000] {logging_mixin.py:188} INFO - [2026-08-09T20:07:18.913+0000] {dag.py:3823} INFO - Setting next_dagrun for dataset_consumes_1_and_2 to None, run_after=None
[2026-08-09T20:07:18.916+0000] {logging_mixin.py:188} INFO - [2026-08-09T20:07:18.916+0000] {dag.py:3823} INFO - Setting next_dagrun for dataset_consumes_1_never_scheduled to None, run_after=None
[2026-08-09T20:07:18.920+0000] {logging_mixin.py:188} INFO - [2026-08-09T20:07:18.920+0000] {dag.py:3823} INFO - Setting next_dagrun for dataset_consumes_unknown_never_scheduled to None, run_after=None
[2026-08-09T20:07:18.926+0000] {logging_mixin.py:188} INFO - [2026-08-09T20:07:18.926+0000] {dag.py:3823} INFO - Setting next_dagrun for dataset_produces_1 to 2026-08-08 00:00:00+00:00, run_after=2026-08-09 00:00:00+00:00
[2026-08-09T20:07:18.928+0000] {logging_mixin.py:188} INFO - [2026-08-09T20:07:18.928+0000] {dag.py:3823} INFO - Setting next_dagrun for dataset_produces_2 to None, run_after=None
[2026-08-09T20:07:19.001+0000] {processor.py:183} INFO - Processing /home/airflow/.local/lib/python3.8/site-packages/airflow/example_dags/example_datasets.py took 0.185 seconds
[2026-08-09T20:07:50.187+0000] {processor.py:161} INFO - Started process (PID=2071) to work on /home/airflow/.local/lib/python3.8/site-packages/airflow/example_dags/example_datasets.py
[2026-08-09T20:07:50.195+0000] {processor.py:830} INFO - Processing file /home/airflow/.local/lib/python3.8/site-packages/airflow/example_dags/example_datasets.py for tasks to queue
[2026-08-09T20:07:50.199+0000] {logging_mixin.py:188} INFO - [2026-08-09T20:07:50.198+0000] {dagbag.py:538} INFO - Filling up the DagBag from /home/airflow/.local/lib/python3.8/site-packages/airflow/example_dags/example_datasets.py
[2026-08-09T20:07:50.224+0000] {processor.py:840} INFO - DAG(s) 'dataset_produces_1', 'dataset_consumes_1_never_scheduled', 'dataset_consumes_unknown_never_scheduled', 'dataset_consumes_1', 'dataset_produces_2', 'dataset_consumes_1_and_2' retrieved from /home/airflow/.local/lib/python3.8/site-packages/airflow/example_dags/example_datasets.py
[2026-08-09T20:07:50.290+0000] {logging_mixin.py:188} INFO - [2026-08-09T20:07:50.290+0000] {dag.py:3036} INFO - Sync 6 DAGs
[2026-08-09T20:07:50.348+0000] {logging_mixin.py:188} INFO - [2026-08-09T20:07:50.348+0000] {dag.py:3823} INFO - Setting next_dagrun for dataset_consumes_1 to None, run_after=None
[2026-08-09T20:07:50.366+0000] {logging_mixin.py:188} INFO - [2026-08-09T20:07:50.365+0000] {dag.py:3823} INFO - Setting next_dagrun for dataset_consumes_1_and_2 to None, run_after=None
[2026-08-09T20:07:50.370+0000] {logging_mixin.py:188} INFO - [2026-08-09T20:07:50.370+0000] {dag.py:3823} INFO - Setting next_dagrun for dataset_consumes_1_never_scheduled to None, run_after=None
[2026-08-09T20:07:50.377+0000] {logging_mixin.py:188} INFO - [2026-08-09T20:07:50.376+0000] {dag.py:3823} INFO - Setting next_dagrun for dataset_consumes_unknown_never_scheduled to None, run_after=None
[2026-08-09T20:07:50.383+0000] {logging_mixin.py:188} INFO - [2026-08-09T20:07:50.382+0000] {dag.py:3823} INFO - Setting next_dagrun for dataset_produces_1 to 2026-08-08 00:00:00+00:00, run_after=2026-08-09 00:00:00+00:00
[2026-08-09T20:07:50.386+0000] {logging_mixin.py:188} INFO - [2026-08-09T20:07:50.386+0000] {dag.py:3823} INFO - Setting next_dagrun for dataset_produces_2 to None, run_after=None
[2026-08-09T20:07:50.503+0000] {processor.py:183} INFO - Processing /home/airflow/.local/lib/python3.8/site-packages/airflow/example_dags/example_datasets.py took 0.322 seconds
[2026-08-09T20:08:21.558+0000] {processor.py:161} INFO - Started process (PID=2140) to work on /home/airflow/.local/lib/python3.8/site-packages/airflow/example_dags/example_datasets.py
[2026-08-09T20:08:21.560+0000] {processor.py:830} INFO - Processing file /home/airflow/.local/lib/python3.8/site-packages/airflow/example_dags/example_datasets.py for tasks to queue
[2026-08-09T20:08:21.563+0000] {logging_mixin.py:188} INFO - [2026-08-09T20:08:21.562+0000] {dagbag.py:538} INFO - Filling up the DagBag from /home/airflow/.local/lib/python3.8/site-packages/airflow/example_dags/example_datasets.py
[2026-08-09T20:08:21.575+0000] {processor.py:840} INFO - DAG(s) 'dataset_consumes_1', 'dataset_produces_1', 'dataset_consumes_1_never_scheduled', 'dataset_consumes_1_and_2', 'dataset_produces_2', 'dataset_consumes_unknown_never_scheduled' retrieved from /home/airflow/.local/lib/python3.8/site-packages/airflow/example_dags/example_datasets.py
[2026-08-09T20:08:21.633+0000] {logging_mixin.py:188} INFO - [2026-08-09T20:08:21.633+0000] {dag.py:3036} INFO - Sync 6 DAGs
[2026-08-09T20:08:21.659+0000] {logging_mixin.py:188} INFO - [2026-08-09T20:08:21.658+0000] {dag.py:3823} INFO - Setting next_dagrun for dataset_consumes_1 to None, run_after=None
[2026-08-09T20:08:21.666+0000] {logging_mixin.py:188} INFO - [2026-08-09T20:08:21.665+0000] {dag.py:3823} INFO - Setting next_dagrun for dataset_consumes_1_and_2 to None, run_after=None
[2026-08-09T20:08:21.669+0000] {logging_mixin.py:188} INFO - [2026-08-09T20:08:21.669+0000] {dag.py:3823} INFO - Setting next_dagrun for dataset_consumes_1_never_scheduled to None, run_after=None
[2026-08-09T20:08:21.672+0000] {logging_mixin.py:188} INFO - [2026-08-09T20:08:21.672+0000] {dag.py:3823} INFO - Setting next_dagrun for dataset_consumes_unknown_never_scheduled to None, run_after=None
[2026-08-09T20:08:21.675+0000] {logging_mixin.py:188} INFO - [2026-08-09T20:08:21.675+0000] {dag.py:3823} INFO - Setting next_dagrun for dataset_produces_1 to 2026-08-08 00:00:00+00:00, run_after=2026-08-09 00:00:00+00:00
[2026-08-09T20:08:21.680+0000] {logging_mixin.py:188} INFO - [2026-08-09T20:08:21.679+0000] {dag.py:3823} INFO - Setting next_dagrun for dataset_produces_2 to None, run_after=None
[2026-08-09T20:08:21.748+0000] {processor.py:183} INFO - Processing /home/airflow/.local/lib/python3.8/site-packages/airflow/example_dags/example_datasets.py took 0.194 seconds
[2026-08-09T20:08:52.658+0000] {processor.py:161} INFO - Started process (PID=2209) to work on /home/airflow/.local/lib/python3.8/site-packages/airflow/example_dags/example_datasets.py
[2026-08-09T20:08:52.660+0000] {processor.py:830} INFO - Processing file /home/airflow/.local/lib/python3.8/site-packages/airflow/example_dags/example_datasets.py for tasks to queue
[2026-08-09T20:08:52.662+0000] {logging_mixin.py:188} INFO - [2026-08-09T20:08:52.662+0000] {dagbag.py:538} INFO - Filling up the DagBag from /home/airflow/.local/lib/python3.8/site-packages/airflow/example_dags/example_datasets.py
[2026-08-09T20:08:52.678+0000] {processor.py:840} INFO - DAG(s) 'dataset_consumes_1_never_scheduled', 'dataset_consumes_unknown_never_scheduled', 'dataset_consumes_1', 'dataset_consumes_1_and_2', 'dataset_produces_2', 'dataset_produces_1' retrieved from /home/airflow/.local/lib/python3.8/site-packages/airflow/example_dags/example_datasets.py
[2026-08-09T20:08:52.728+0000] {logging_mixin.py:188} INFO - [2026-08-09T20:08:52.728+0000] {dag.py:3036} INFO - Sync 6 DAGs
[2026-08-09T20:08:52.760+0000] {logging_mixin.py:188} INFO - [2026-08-09T20:08:52.760+0000] {dag.py:3823} INFO - Setting next_dagrun for dataset_consumes_1 to None, run_after=None
[2026-08-09T20:08:52.765+0000] {logging_mixin.py:188} INFO - [2026-08-09T20:08:52.764+0000] {dag.py:3823} INFO - Setting next_dagrun for dataset_consumes_1_and_2 to None, run_after=None
[2026-08-09T20:08:52.767+0000] {logging_mixin.py:188} INFO - [2026-08-09T20:08:52.767+0000] {dag.py:3823} INFO - Setting next_dagrun for dataset_consumes_1_never_scheduled to None, run_after=None
[2026-08-09T20:08:52.770+0000] {logging_mixin.py:188} INFO - [2026-08-09T20:08:52.770+0000] {dag.py:3823} INFO - Setting next_dagrun for dataset_consumes_unknown_never_scheduled to None, run_after=None
[2026-08-09T20:08:52.775+0000] {logging_mixin.py:188} INFO - [2026-08-09T20:08:52.775+0000] {dag.py:3823} INFO - Setting next_dagrun for dataset_produces_1 to 2026-08-08 00:00:00+00:00, run_after=2026-08-09 00:00:00+00:00
[2026-08-09T20:08:52.777+0000] {logging_mixin.py:188} INFO - [2026-08-09T20:08:52.777+0000] {dag.py:3823} INFO - Setting next_dagrun for dataset_produces_2 to None, run_after=None
[2026-08-09T20:08:52.824+0000] {processor.py:183} INFO - Processing /home/airflow/.local/lib/python3.8/site-packages/airflow/example_dags/example_datasets.py took 0.170 seconds
[2026-08-09T20:09:23.716+0000] {processor.py:161} INFO - Started process (PID=2278) to work on /home/airflow/.local/lib/python3.8/site-packages/airflow/example_dags/example_datasets.py
[2026-08-09T20:09:23.718+0000] {processor.py:830} INFO - Processing file /home/airflow/.local/lib/python3.8/site-packages/airflow/example_dags/example_datasets.py for tasks to queue
[2026-08-09T20:09:23.720+0000] {logging_mixin.py:188} INFO - [2026-08-09T20:09:23.720+0000] {dagbag.py:538} INFO - Filling up the DagBag from /home/airflow/.local/lib/python3.8/site-packages/airflow/example_dags/example_datasets.py
[2026-08-09T20:09:23.729+0000] {processor.py:840} INFO - DAG(s) 'dataset_consumes_1', 'dataset_consumes_1_never_scheduled', 'dataset_produces_1', 'dataset_produces_2', 'dataset_consumes_unknown_never_scheduled', 'dataset_consumes_1_and_2' retrieved from /home/airflow/.local/lib/python3.8/site-packages/airflow/example_dags/example_datasets.py
[2026-08-09T20:09:23.764+0000] {logging_mixin.py:188} INFO - [2026-08-09T20:09:23.763+0000] {dag.py:3036} INFO - Sync 6 DAGs
[2026-08-09T20:09:23.784+0000] {logging_mixin.py:188} INFO - [2026-08-09T20:09:23.783+0000] {dag.py:3823} INFO - Setting next_dagrun for dataset_consumes_1 to None, run_after=None
[2026-08-09T20:09:23.788+0000] {logging_mixin.py:188} INFO - [2026-08-09T20:09:23.787+0000] {dag.py:3823} INFO - Setting next_dagrun for dataset_consumes_1_and_2 to None, run_after=None
[2026-08-09T20:09:23.789+0000] {logging_mixin.py:188} INFO - [2026-08-09T20:09:23.789+0000] {dag.py:3823} INFO - Setting next_dagrun for dataset_consumes_1_never_scheduled to None, run_after=None
[2026-08-09T20:09:23.791+0000] {logging_mixin.py:188} INFO - [2026-08-09T20:09:23.791+0000] {dag.py:3823} INFO - Setting next_dagrun for dataset_consumes_unknown_never_scheduled to None, run_after=None
[2026-08-09T20:09:23.794+0000] {logging_mixin.py:188} INFO - [2026-08-09T20:09:23.794+0000] {dag.py:3823} INFO - Setting next_dagrun for dataset_produces_1 to 2026-08-08 00:00:00+00:00, run_after=2026-08-09 00:00:00+00:00
[2026-08-09T20:09:23.795+0000] {logging_mixin.py:188} INFO - [2026-08-09T20:09:23.795+0000] {dag.py:3823} INFO - Setting next_dagrun for dataset_produces_2 to None, run_after=None
[2026-08-09T20:09:23.829+0000] {processor.py:183} INFO - Processing /home/airflow/.local/lib/python3.8/site-packages/airflow/example_dags/example_datasets.py took 0.116 seconds
[2026-08-09T20:09:54.692+0000] {processor.py:161} INFO - Started process (PID=2355) to work on /home/airflow/.local/lib/python3.8/site-packages/airflow/example_dags/example_datasets.py
[2026-08-09T20:09:54.694+0000] {processor.py:830} INFO - Processing file /home/airflow/.local/lib/python3.8/site-packages/airflow/example_dags/example_datasets.py for tasks to queue
[2026-08-09T20:09:54.697+0000] {logging_mixin.py:188} INFO - [2026-08-09T20:09:54.697+0000] {dagbag.py:538} INFO - Filling up the DagBag from /home/airflow/.local/lib/python3.8/site-packages/airflow/example_dags/example_datasets.py
[2026-08-09T20:09:54.711+0000] {processor.py:840} INFO - DAG(s) 'dataset_consumes_1', 'dataset_produces_2', 'dataset_consumes_1_and_2', 'dataset_consumes_unknown_never_scheduled', 'dataset_consumes_1_never_scheduled', 'dataset_produces_1' retrieved from /home/airflow/.local/lib/python3.8/site-packages/airflow/example_dags/example_datasets.py
[2026-08-09T20:09:54.731+0000] {logging_mixin.py:188} INFO - [2026-08-09T20:09:54.730+0000] {dag.py:3036} INFO - Sync 6 DAGs
[2026-08-09T20:09:54.756+0000] {logging_mixin.py:188} INFO - [2026-08-09T20:09:54.756+0000] {dag.py:3823} INFO - Setting next_dagrun for dataset_consumes_1 to None, run_after=None
[2026-08-09T20:09:54.761+0000] {logging_mixin.py:188} INFO - [2026-08-09T20:09:54.760+0000] {dag.py:3823} INFO - Setting next_dagrun for dataset_consumes_1_and_2 to None, run_after=None
[2026-08-09T20:09:54.763+0000] {logging_mixin.py:188} INFO - [2026-08-09T20:09:54.763+0000] {dag.py:3823} INFO - Setting next_dagrun for dataset_consumes_1_never_scheduled to None, run_after=None
[2026-08-09T20:09:54.765+0000] {logging_mixin.py:188} INFO - [2026-08-09T20:09:54.764+0000] {dag.py:3823} INFO - Setting next_dagrun for dataset_consumes_unknown_never_scheduled to None, run_after=None
[2026-08-09T20:09:54.768+0000] {logging_mixin.py:188} INFO - [2026-08-09T20:09:54.767+0000] {dag.py:3823} INFO - Setting next_dagrun for dataset_produces_1 to 2026-08-08 00:00:00+00:00, run_after=2026-08-09 00:00:00+00:00
[2026-08-09T20:09:54.769+0000] {logging_mixin.py:188} INFO - [2026-08-09T20:09:54.769+0000] {dag.py:3823} INFO - Setting next_dagrun for dataset_produces_2 to None, run_after=None
[2026-08-09T20:09:54.811+0000] {processor.py:183} INFO - Processing /home/airflow/.local/lib/python3.8/site-packages/airflow/example_dags/example_datasets.py took 0.126 seconds
[2026-08-09T20:10:26.686+0000] {processor.py:161} INFO - Started process (PID=2424) to work on /home/airflow/.local/lib/python3.8/site-packages/airflow/example_dags/example_datasets.py
[2026-08-09T20:10:26.687+0000] {processor.py:830} INFO - Processing file /home/airflow/.local/lib/python3.8/site-packages/airflow/example_dags/example_datasets.py for tasks to queue
[2026-08-09T20:10:26.691+0000] {logging_mixin.py:188} INFO - [2026-08-09T20:10:26.690+0000] {dagbag.py:538} INFO - Filling up the DagBag from /home/airflow/.local/lib/python3.8/site-packages/airflow/example_dags/example_datasets.py
[2026-08-09T20:10:26.704+0000] {processor.py:840} INFO - DAG(s) 'dataset_produces_1', 'dataset_consumes_1', 'dataset_produces_2', 'dataset_consumes_1_and_2', 'dataset_consumes_unknown_never_scheduled', 'dataset_consumes_1_never_scheduled' retrieved from /home/airflow/.local/lib/python3.8/site-packages/airflow/example_dags/example_datasets.py
[2026-08-09T20:10:27.109+0000] {logging_mixin.py:188} INFO - [2026-08-09T20:10:27.108+0000] {dag.py:3036} INFO - Sync 6 DAGs
[2026-08-09T20:10:27.136+0000] {logging_mixin.py:188} INFO - [2026-08-09T20:10:27.136+0000] {dag.py:3823} INFO - Setting next_dagrun for dataset_consumes_1 to None, run_after=None
[2026-08-09T20:10:27.140+0000] {logging_mixin.py:188} INFO - [2026-08-09T20:10:27.140+0000] {dag.py:3823} INFO - Setting next_dagrun for dataset_consumes_1_and_2 to None, run_after=None
[2026-08-09T20:10:27.142+0000] {logging_mixin.py:188} INFO - [2026-08-09T20:10:27.142+0000] {dag.py:3823} INFO - Setting next_dagrun for dataset_consumes_1_never_scheduled to None, run_after=None
[2026-08-09T20:10:27.144+0000] {logging_mixin.py:188} INFO - [2026-08-09T20:10:27.144+0000] {dag.py:3823} INFO - Setting next_dagrun for dataset_consumes_unknown_never_scheduled to None, run_after=None
[2026-08-09T20:10:27.147+0000] {logging_mixin.py:188} INFO - [2026-08-09T20:10:27.146+0000] {dag.py:3823} INFO - Setting next_dagrun for dataset_produces_1 to 2026-08-08 00:00:00+00:00, run_after=2026-08-09 00:00:00+00:00
[2026-08-09T20:10:27.149+0000] {logging_mixin.py:188} INFO - [2026-08-09T20:10:27.149+0000] {dag.py:3823} INFO - Setting next_dagrun for dataset_produces_2 to None, run_after=None
[2026-08-09T20:10:27.185+0000] {processor.py:183} INFO - Processing /home/airflow/.local/lib/python3.8/site-packages/airflow/example_dags/example_datasets.py took 0.504 seconds
[2026-08-09T20:10:58.017+0000] {processor.py:161} INFO - Started process (PID=2493) to work on /home/airflow/.local/lib/python3.8/site-packages/airflow/example_dags/example_datasets.py
[2026-08-09T20:10:58.018+0000] {processor.py:830} INFO - Processing file /home/airflow/.local/lib/python3.8/site-packages/airflow/example_dags/example_datasets.py for tasks to queue
[2026-08-09T20:10:58.022+0000] {logging_mixin.py:188} INFO - [2026-08-09T20:10:58.021+0000] {dagbag.py:538} INFO - Filling up the DagBag from /home/airflow/.local/lib/python3.8/site-packages/airflow/example_dags/example_datasets.py
[2026-08-09T20:10:58.043+0000] {processor.py:840} INFO - DAG(s) 'dataset_produces_2', 'dataset_consumes_1', 'dataset_consumes_1_never_scheduled', 'dataset_produces_1', 'dataset_consumes_unknown_never_scheduled', 'dataset_consumes_1_and_2' retrieved from /home/airflow/.local/lib/python3.8/site-packages/airflow/example_dags/example_datasets.py
[2026-08-09T20:10:58.114+0000] {logging_mixin.py:188} INFO - [2026-08-09T20:10:58.114+0000] {dag.py:3036} INFO - Sync 6 DAGs
[2026-08-09T20:10:58.157+0000] {logging_mixin.py:188} INFO - [2026-08-09T20:10:58.157+0000] {dag.py:3823} INFO - Setting next_dagrun for dataset_consumes_1 to None, run_after=None
[2026-08-09T20:10:58.163+0000] {logging_mixin.py:188} INFO - [2026-08-09T20:10:58.163+0000] {dag.py:3823} INFO - Setting next_dagrun for dataset_consumes_1_and_2 to None, run_after=None
[2026-08-09T20:10:58.354+0000] {logging_mixin.py:188} INFO - [2026-08-09T20:10:58.354+0000] {dag.py:3823} INFO - Setting next_dagrun for dataset_consumes_1_never_scheduled to None, run_after=None
[2026-08-09T20:10:58.360+0000] {logging_mixin.py:188} INFO - [2026-08-09T20:10:58.359+0000] {dag.py:3823} INFO - Setting next_dagrun for dataset_consumes_unknown_never_scheduled to None, run_after=None
[2026-08-09T20:10:58.367+0000] {logging_mixin.py:188} INFO - [2026-08-09T20:10:58.365+0000] {dag.py:3823} INFO - Setting next_dagrun for dataset_produces_1 to 2026-08-08 00:00:00+00:00, run_after=2026-08-09 00:00:00+00:00
[2026-08-09T20:10:58.371+0000] {logging_mixin.py:188} INFO - [2026-08-09T20:10:58.370+0000] {dag.py:3823} INFO - Setting next_dagrun for dataset_produces_2 to None, run_after=None
[2026-08-09T20:10:58.442+0000] {processor.py:183} INFO - Processing /home/airflow/.local/lib/python3.8/site-packages/airflow/example_dags/example_datasets.py took 0.430 seconds
[2026-08-09T20:11:31.375+0000] {processor.py:161} INFO - Started process (PID=2564) to work on /home/airflow/.local/lib/python3.8/site-packages/airflow/example_dags/example_datasets.py
[2026-08-09T20:11:31.385+0000] {processor.py:830} INFO - Processing file /home/airflow/.local/lib/python3.8/site-packages/airflow/example_dags/example_datasets.py for tasks to queue
[2026-08-09T20:11:31.436+0000] {logging_mixin.py:188} INFO - [2026-08-09T20:11:31.435+0000] {dagbag.py:538} INFO - Filling up the DagBag from /home/airflow/.local/lib/python3.8/site-packages/airflow/example_dags/example_datasets.py
[2026-08-09T20:11:31.516+0000] {processor.py:840} INFO - DAG(s) 'dataset_consumes_1_and_2', 'dataset_produces_1', 'dataset_consumes_unknown_never_scheduled', 'dataset_produces_2', 'dataset_consumes_1', 'dataset_consumes_1_never_scheduled' retrieved from /home/airflow/.local/lib/python3.8/site-packages/airflow/example_dags/example_datasets.py
[2026-08-09T20:11:31.679+0000] {logging_mixin.py:188} INFO - [2026-08-09T20:11:31.678+0000] {dag.py:3036} INFO - Sync 6 DAGs
[2026-08-09T20:11:32.078+0000] {logging_mixin.py:188} INFO - [2026-08-09T20:11:32.077+0000] {dag.py:3823} INFO - Setting next_dagrun for dataset_consumes_1 to None, run_after=None
[2026-08-09T20:11:32.088+0000] {logging_mixin.py:188} INFO - [2026-08-09T20:11:32.087+0000] {dag.py:3823} INFO - Setting next_dagrun for dataset_consumes_1_and_2 to None, run_after=None
[2026-08-09T20:11:32.095+0000] {logging_mixin.py:188} INFO - [2026-08-09T20:11:32.094+0000] {dag.py:3823} INFO - Setting next_dagrun for dataset_consumes_1_never_scheduled to None, run_after=None
[2026-08-09T20:11:32.100+0000] {logging_mixin.py:188} INFO - [2026-08-09T20:11:32.098+0000] {dag.py:3823} INFO - Setting next_dagrun for dataset_consumes_unknown_never_scheduled to None, run_after=None
[2026-08-09T20:11:32.104+0000] {logging_mixin.py:188} INFO - [2026-08-09T20:11:32.104+0000] {dag.py:3823} INFO - Setting next_dagrun for dataset_produces_1 to 2026-08-08 00:00:00+00:00, run_after=2026-08-09 00:00:00+00:00
[2026-08-09T20:11:32.109+0000] {logging_mixin.py:188} INFO - [2026-08-09T20:11:32.108+0000] {dag.py:3823} INFO - Setting next_dagrun for dataset_produces_2 to None, run_after=None
[2026-08-09T20:11:32.187+0000] {processor.py:183} INFO - Processing /home/airflow/.local/lib/python3.8/site-packages/airflow/example_dags/example_datasets.py took 0.828 seconds
[2026-08-09T20:12:02.918+0000] {processor.py:161} INFO - Started process (PID=2632) to work on /home/airflow/.local/lib/python3.8/site-packages/airflow/example_dags/example_datasets.py
[2026-08-09T20:12:02.920+0000] {processor.py:830} INFO - Processing file /home/airflow/.local/lib/python3.8/site-packages/airflow/example_dags/example_datasets.py for tasks to queue
[2026-08-09T20:12:02.922+0000] {logging_mixin.py:188} INFO - [2026-08-09T20:12:02.922+0000] {dagbag.py:538} INFO - Filling up the DagBag from /home/airflow/.local/lib/python3.8/site-packages/airflow/example_dags/example_datasets.py
[2026-08-09T20:12:02.946+0000] {processor.py:840} INFO - DAG(s) 'dataset_produces_1', 'dataset_produces_2', 'dataset_consumes_1_and_2', 'dataset_consumes_1', 'dataset_consumes_unknown_never_scheduled', 'dataset_consumes_1_never_scheduled' retrieved from /home/airflow/.local/lib/python3.8/site-packages/airflow/example_dags/example_datasets.py
[2026-08-09T20:12:03.033+0000] {logging_mixin.py:188} INFO - [2026-08-09T20:12:03.033+0000] {dag.py:3036} INFO - Sync 6 DAGs
[2026-08-09T20:12:03.309+0000] {logging_mixin.py:188} INFO - [2026-08-09T20:12:03.308+0000] {dag.py:3823} INFO - Setting next_dagrun for dataset_consumes_1 to None, run_after=None
[2026-08-09T20:12:03.313+0000] {logging_mixin.py:188} INFO - [2026-08-09T20:12:03.313+0000] {dag.py:3823} INFO - Setting next_dagrun for dataset_consumes_1_and_2 to None, run_after=None
[2026-08-09T20:12:03.317+0000] {logging_mixin.py:188} INFO - [2026-08-09T20:12:03.317+0000] {dag.py:3823} INFO - Setting next_dagrun for dataset_consumes_1_never_scheduled to None, run_after=None
[2026-08-09T20:12:03.321+0000] {logging_mixin.py:188} INFO - [2026-08-09T20:12:03.320+0000] {dag.py:3823} INFO - Setting next_dagrun for dataset_consumes_unknown_never_scheduled to None, run_after=None
[2026-08-09T20:12:03.325+0000] {logging_mixin.py:188} INFO - [2026-08-09T20:12:03.325+0000] {dag.py:3823} INFO - Setting next_dagrun for dataset_produces_1 to 2026-08-08 00:00:00+00:00, run_after=2026-08-09 00:00:00+00:00
[2026-08-09T20:12:03.327+0000] {logging_mixin.py:188} INFO - [2026-08-09T20:12:03.327+0000] {dag.py:3823} INFO - Setting next_dagrun for dataset_produces_2 to None, run_after=None
[2026-08-09T20:12:03.372+0000] {processor.py:183} INFO - Processing /home/airflow/.local/lib/python3.8/site-packages/airflow/example_dags/example_datasets.py took 0.460 seconds
[2026-08-09T20:12:33.470+0000] {processor.py:161} INFO - Started process (PID=2700) to work on /home/airflow/.local/lib/python3.8/site-packages/airflow/example_dags/example_datasets.py
[2026-08-09T20:12:33.471+0000] {processor.py:830} INFO - Processing file /home/airflow/.local/lib/python3.8/site-packages/airflow/example_dags/example_datasets.py for tasks to queue
[2026-08-09T20:12:33.475+0000] {logging_mixin.py:188} INFO - [2026-08-09T20:12:33.474+0000] {dagbag.py:538} INFO - Filling up the DagBag from /home/airflow/.local/lib/python3.8/site-packages/airflow/example_dags/example_datasets.py
[2026-08-09T20:12:33.487+0000] {processor.py:840} INFO - DAG(s) 'dataset_consumes_1_never_scheduled', 'dataset_consumes_unknown_never_scheduled', 'dataset_produces_2', 'dataset_consumes_1', 'dataset_produces_1', 'dataset_consumes_1_and_2' retrieved from /home/airflow/.local/lib/python3.8/site-packages/airflow/example_dags/example_datasets.py
[2026-08-09T20:12:33.534+0000] {logging_mixin.py:188} INFO - [2026-08-09T20:12:33.534+0000] {dag.py:3036} INFO - Sync 6 DAGs
[2026-08-09T20:12:33.560+0000] {logging_mixin.py:188} INFO - [2026-08-09T20:12:33.560+0000] {dag.py:3823} INFO - Setting next_dagrun for dataset_consumes_1 to None, run_after=None
[2026-08-09T20:12:33.564+0000] {logging_mixin.py:188} INFO - [2026-08-09T20:12:33.563+0000] {dag.py:3823} INFO - Setting next_dagrun for dataset_consumes_1_and_2 to None, run_after=None
[2026-08-09T20:12:33.565+0000] {logging_mixin.py:188} INFO - [2026-08-09T20:12:33.565+0000] {dag.py:3823} INFO - Setting next_dagrun for dataset_consumes_1_never_scheduled to None, run_after=None
[2026-08-09T20:12:33.567+0000] {logging_mixin.py:188} INFO - [2026-08-09T20:12:33.567+0000] {dag.py:3823} INFO - Setting next_dagrun for dataset_consumes_unknown_never_scheduled to None, run_after=None
[2026-08-09T20:12:33.570+0000] {logging_mixin.py:188} INFO - [2026-08-09T20:12:33.569+0000] {dag.py:3823} INFO - Setting next_dagrun for dataset_produces_1 to 2026-08-08 00:00:00+00:00, run_after=2026-08-09 00:00:00+00:00
[2026-08-09T20:12:33.574+0000] {logging_mixin.py:188} INFO - [2026-08-09T20:12:33.574+0000] {dag.py:3823} INFO - Setting next_dagrun for dataset_produces_2 to None, run_after=None
[2026-08-09T20:12:33.612+0000] {processor.py:183} INFO - Processing /home/airflow/.local/lib/python3.8/site-packages/airflow/example_dags/example_datasets.py took 0.146 seconds
[2026-08-09T20:13:03.980+0000] {processor.py:161} INFO - Started process (PID=2769) to work on /home/airflow/.local/lib/python3.8/site-packages/airflow/example_dags/example_datasets.py
[2026-08-09T20:13:03.982+0000] {processor.py:830} INFO - Processing file /home/airflow/.local/lib/python3.8/site-packages/airflow/example_dags/example_datasets.py for tasks to queue
[2026-08-09T20:13:03.985+0000] {logging_mixin.py:188} INFO - [2026-08-09T20:13:03.984+0000] {dagbag.py:538} INFO - Filling up the DagBag from /home/airflow/.local/lib/python3.8/site-packages/airflow/example_dags/example_datasets.py
[2026-08-09T20:13:03.998+0000] {processor.py:840} INFO - DAG(s) 'dataset_consumes_1', 'dataset_consumes_1_never_scheduled', 'dataset_consumes_unknown_never_scheduled', 'dataset_consumes_1_and_2', 'dataset_produces_1', 'dataset_produces_2' retrieved from /home/airflow/.local/lib/python3.8/site-packages/airflow/example_dags/example_datasets.py
[2026-08-09T20:13:04.044+0000] {logging_mixin.py:188} INFO - [2026-08-09T20:13:04.044+0000] {dag.py:3036} INFO - Sync 6 DAGs
[2026-08-09T20:13:04.069+0000] {logging_mixin.py:188} INFO - [2026-08-09T20:13:04.069+0000] {dag.py:3823} INFO - Setting next_dagrun for dataset_consumes_1 to None, run_after=None
[2026-08-09T20:13:04.073+0000] {logging_mixin.py:188} INFO - [2026-08-09T20:13:04.073+0000] {dag.py:3823} INFO - Setting next_dagrun for dataset_consumes_1_and_2 to None, run_after=None
[2026-08-09T20:13:04.075+0000] {logging_mixin.py:188} INFO - [2026-08-09T20:13:04.075+0000] {dag.py:3823} INFO - Setting next_dagrun for dataset_consumes_1_never_scheduled to None, run_after=None
[2026-08-09T20:13:04.079+0000] {logging_mixin.py:188} INFO - [2026-08-09T20:13:04.078+0000] {dag.py:3823} INFO - Setting next_dagrun for dataset_consumes_unknown_never_scheduled to None, run_after=None
[2026-08-09T20:13:04.085+0000] {logging_mixin.py:188} INFO - [2026-08-09T20:13:04.084+0000] {dag.py:3823} INFO - Setting next_dagrun for dataset_produces_1 to 2026-08-08 00:00:00+00:00, run_after=2026-08-09 00:00:00+00:00
[2026-08-09T20:13:04.087+0000] {logging_mixin.py:188} INFO - [2026-08-09T20:13:04.087+0000] {dag.py:3823} INFO - Setting next_dagrun for dataset_produces_2 to None, run_after=None
[2026-08-09T20:13:04.126+0000] {processor.py:183} INFO - Processing /home/airflow/.local/lib/python3.8/site-packages/airflow/example_dags/example_datasets.py took 0.151 seconds
[2026-08-09T20:13:34.231+0000] {processor.py:161} INFO - Started process (PID=2838) to work on /home/airflow/.local/lib/python3.8/site-packages/airflow/example_dags/example_datasets.py
[2026-08-09T20:13:34.233+0000] {processor.py:830} INFO - Processing file /home/airflow/.local/lib/python3.8/site-packages/airflow/example_dags/example_datasets.py for tasks to queue
[2026-08-09T20:13:34.235+0000] {logging_mixin.py:188} INFO - [2026-08-09T20:13:34.234+0000] {dagbag.py:538} INFO - Filling up the DagBag from /home/airflow/.local/lib/python3.8/site-packages/airflow/example_dags/example_datasets.py
[2026-08-09T20:13:34.247+0000] {processor.py:840} INFO - DAG(s) 'dataset_consumes_unknown_never_scheduled', 'dataset_consumes_1', 'dataset_produces_1', 'dataset_produces_2', 'dataset_consumes_1_and_2', 'dataset_consumes_1_never_scheduled' retrieved from /home/airflow/.local/lib/python3.8/site-packages/airflow/example_dags/example_datasets.py
[2026-08-09T20:13:34.288+0000] {logging_mixin.py:188} INFO - [2026-08-09T20:13:34.288+0000] {dag.py:3036} INFO - Sync 6 DAGs
[2026-08-09T20:13:34.314+0000] {logging_mixin.py:188} INFO - [2026-08-09T20:13:34.313+0000] {dag.py:3823} INFO - Setting next_dagrun for dataset_consumes_1 to None, run_after=None
[2026-08-09T20:13:34.317+0000] {logging_mixin.py:188} INFO - [2026-08-09T20:13:34.317+0000] {dag.py:3823} INFO - Setting next_dagrun for dataset_consumes_1_and_2 to None, run_after=None
[2026-08-09T20:13:34.319+0000] {logging_mixin.py:188} INFO - [2026-08-09T20:13:34.319+0000] {dag.py:3823} INFO - Setting next_dagrun for dataset_consumes_1_never_scheduled to None, run_after=None
[2026-08-09T20:13:34.321+0000] {logging_mixin.py:188} INFO - [2026-08-09T20:13:34.321+0000] {dag.py:3823} INFO - Setting next_dagrun for dataset_consumes_unknown_never_scheduled to None, run_after=None
[2026-08-09T20:13:34.324+0000] {logging_mixin.py:188} INFO - [2026-08-09T20:13:34.324+0000] {dag.py:3823} INFO - Setting next_dagrun for dataset_produces_1 to 2026-08-08 00:00:00+00:00, run_after=2026-08-09 00:00:00+00:00
[2026-08-09T20:13:34.326+0000] {logging_mixin.py:188} INFO - [2026-08-09T20:13:34.326+0000] {dag.py:3823} INFO - Setting next_dagrun for dataset_produces_2 to None, run_after=None
[2026-08-09T20:13:34.366+0000] {processor.py:183} INFO - Processing /home/airflow/.local/lib/python3.8/site-packages/airflow/example_dags/example_datasets.py took 0.138 seconds
[2026-08-09T20:14:04.950+0000] {processor.py:161} INFO - Started process (PID=2906) to work on /home/airflow/.local/lib/python3.8/site-packages/airflow/example_dags/example_datasets.py
[2026-08-09T20:14:04.951+0000] {processor.py:830} INFO - Processing file /home/airflow/.local/lib/python3.8/site-packages/airflow/example_dags/example_datasets.py for tasks to queue
[2026-08-09T20:14:04.955+0000] {logging_mixin.py:188} INFO - [2026-08-09T20:14:04.954+0000] {dagbag.py:538} INFO - Filling up the DagBag from /home/airflow/.local/lib/python3.8/site-packages/airflow/example_dags/example_datasets.py
[2026-08-09T20:14:04.966+0000] {processor.py:840} INFO - DAG(s) 'dataset_produces_1', 'dataset_consumes_unknown_never_scheduled', 'dataset_produces_2', 'dataset_consumes_1_and_2', 'dataset_consumes_1_never_scheduled', 'dataset_consumes_1' retrieved from /home/airflow/.local/lib/python3.8/site-packages/airflow/example_dags/example_datasets.py
[2026-08-09T20:14:05.015+0000] {logging_mixin.py:188} INFO - [2026-08-09T20:14:05.015+0000] {dag.py:3036} INFO - Sync 6 DAGs
[2026-08-09T20:14:05.047+0000] {logging_mixin.py:188} INFO - [2026-08-09T20:14:05.047+0000] {dag.py:3823} INFO - Setting next_dagrun for dataset_consumes_1 to None, run_after=None
[2026-08-09T20:14:05.051+0000] {logging_mixin.py:188} INFO - [2026-08-09T20:14:05.051+0000] {dag.py:3823} INFO - Setting next_dagrun for dataset_consumes_1_and_2 to None, run_after=None
[2026-08-09T20:14:05.052+0000] {logging_mixin.py:188} INFO - [2026-08-09T20:14:05.052+0000] {dag.py:3823} INFO - Setting next_dagrun for dataset_consumes_1_never_scheduled to None, run_after=None
[2026-08-09T20:14:05.054+0000] {logging_mixin.py:188} INFO - [2026-08-09T20:14:05.054+0000] {dag.py:3823} INFO - Setting next_dagrun for dataset_consumes_unknown_never_scheduled to None, run_after=None
[2026-08-09T20:14:05.059+0000] {logging_mixin.py:188} INFO - [2026-08-09T20:14:05.058+0000] {dag.py:3823} INFO - Setting next_dagrun for dataset_produces_1 to 2026-08-08 00:00:00+00:00, run_after=2026-08-09 00:00:00+00:00
[2026-08-09T20:14:05.062+0000] {logging_mixin.py:188} INFO - [2026-08-09T20:14:05.062+0000] {dag.py:3823} INFO - Setting next_dagrun for dataset_produces_2 to None, run_after=None
[2026-08-09T20:14:05.103+0000] {processor.py:183} INFO - Processing /home/airflow/.local/lib/python3.8/site-packages/airflow/example_dags/example_datasets.py took 0.157 seconds
[2026-08-09T20:14:35.729+0000] {processor.py:161} INFO - Started process (PID=2975) to work on /home/airflow/.local/lib/python3.8/site-packages/airflow/example_dags/example_datasets.py
[2026-08-09T20:14:35.730+0000] {processor.py:830} INFO - Processing file /home/airflow/.local/lib/python3.8/site-packages/airflow/example_dags/example_datasets.py for tasks to queue
[2026-08-09T20:14:35.732+0000] {logging_mixin.py:188} INFO - [2026-08-09T20:14:35.731+0000] {dagbag.py:538} INFO - Filling up the DagBag from /home/airflow/.local/lib/python3.8/site-packages/airflow/example_dags/example_datasets.py
[2026-08-09T20:14:35.746+0000] {processor.py:840} INFO - DAG(s) 'dataset_consumes_1_and_2', 'dataset_consumes_1_never_scheduled', 'dataset_produces_1', 'dataset_consumes_1', 'dataset_consumes_unknown_never_scheduled', 'dataset_produces_2' retrieved from /home/airflow/.local/lib/python3.8/site-packages/airflow/example_dags/example_datasets.py
[2026-08-09T20:14:35.795+0000] {logging_mixin.py:188} INFO - [2026-08-09T20:14:35.795+0000] {dag.py:3036} INFO - Sync 6 DAGs
[2026-08-09T20:14:35.822+0000] {logging_mixin.py:188} INFO - [2026-08-09T20:14:35.822+0000] {dag.py:3823} INFO - Setting next_dagrun for dataset_consumes_1 to None, run_after=None
[2026-08-09T20:14:35.826+0000] {logging_mixin.py:188} INFO - [2026-08-09T20:14:35.826+0000] {dag.py:3823} INFO - Setting next_dagrun for dataset_consumes_1_and_2 to None, run_after=None
[2026-08-09T20:14:35.828+0000] {logging_mixin.py:188} INFO - [2026-08-09T20:14:35.828+0000] {dag.py:3823} INFO - Setting next_dagrun for dataset_consumes_1_never_scheduled to None, run_after=None
[2026-08-09T20:14:35.831+0000] {logging_mixin.py:188} INFO - [2026-08-09T20:14:35.830+0000] {dag.py:3823} INFO - Setting next_dagrun for dataset_consumes_unknown_never_scheduled to None, run_after=None
[2026-08-09T20:14:35.837+0000] {logging_mixin.py:188} INFO - [2026-08-09T20:14:35.836+0000] {dag.py:3823} INFO - Setting next_dagrun for dataset_produces_1 to 2026-08-08 00:00:00+00:00, run_after=2026-08-09 00:00:00+00:00
[2026-08-09T20:14:35.838+0000] {logging_mixin.py:188} INFO - [2026-08-09T20:14:35.838+0000] {dag.py:3823} INFO - Setting next_dagrun for dataset_produces_2 to None, run_after=None
[2026-08-09T20:14:35.877+0000] {processor.py:183} INFO - Processing /home/airflow/.local/lib/python3.8/site-packages/airflow/example_dags/example_datasets.py took 0.152 seconds
[2026-08-09T20:15:06.611+0000] {processor.py:161} INFO - Started process (PID=3044) to work on /home/airflow/.local/lib/python3.8/site-packages/airflow/example_dags/example_datasets.py
[2026-08-09T20:15:06.612+0000] {processor.py:830} INFO - Processing file /home/airflow/.local/lib/python3.8/site-packages/airflow/example_dags/example_datasets.py for tasks to queue
[2026-08-09T20:15:06.615+0000] {logging_mixin.py:188} INFO - [2026-08-09T20:15:06.615+0000] {dagbag.py:538} INFO - Filling up the DagBag from /home/airflow/.local/lib/python3.8/site-packages/airflow/example_dags/example_datasets.py
[2026-08-09T20:15:06.630+0000] {processor.py:840} INFO - DAG(s) 'dataset_produces_1', 'dataset_consumes_1', 'dataset_consumes_1_never_scheduled', 'dataset_consumes_1_and_2', 'dataset_produces_2', 'dataset_consumes_unknown_never_scheduled' retrieved from /home/airflow/.local/lib/python3.8/site-packages/airflow/example_dags/example_datasets.py
[2026-08-09T20:15:06.685+0000] {logging_mixin.py:188} INFO - [2026-08-09T20:15:06.685+0000] {dag.py:3036} INFO - Sync 6 DAGs
[2026-08-09T20:15:06.725+0000] {logging_mixin.py:188} INFO - [2026-08-09T20:15:06.724+0000] {dag.py:3823} INFO - Setting next_dagrun for dataset_consumes_1 to None, run_after=None
[2026-08-09T20:15:06.732+0000] {logging_mixin.py:188} INFO - [2026-08-09T20:15:06.732+0000] {dag.py:3823} INFO - Setting next_dagrun for dataset_consumes_1_and_2 to None, run_after=None
[2026-08-09T20:15:06.735+0000] {logging_mixin.py:188} INFO - [2026-08-09T20:15:06.735+0000] {dag.py:3823} INFO - Setting next_dagrun for dataset_consumes_1_never_scheduled to None, run_after=None
[2026-08-09T20:15:06.740+0000] {logging_mixin.py:188} INFO - [2026-08-09T20:15:06.739+0000] {dag.py:3823} INFO - Setting next_dagrun for dataset_consumes_unknown_never_scheduled to None, run_after=None
[2026-08-09T20:15:06.744+0000] {logging_mixin.py:188} INFO - [2026-08-09T20:15:06.744+0000] {dag.py:3823} INFO - Setting next_dagrun for dataset_produces_1 to 2026-08-08 00:00:00+00:00, run_after=2026-08-09 00:00:00+00:00
[2026-08-09T20:15:06.747+0000] {logging_mixin.py:188} INFO - [2026-08-09T20:15:06.747+0000] {dag.py:3823} INFO - Setting next_dagrun for dataset_produces_2 to None, run_after=None
[2026-08-09T20:15:06.794+0000] {processor.py:183} INFO - Processing /home/airflow/.local/lib/python3.8/site-packages/airflow/example_dags/example_datasets.py took 0.191 seconds
[2026-08-09T20:15:37.776+0000] {processor.py:161} INFO - Started process (PID=3113) to work on /home/airflow/.local/lib/python3.8/site-packages/airflow/example_dags/example_datasets.py
[2026-08-09T20:15:37.779+0000] {processor.py:830} INFO - Processing file /home/airflow/.local/lib/python3.8/site-packages/airflow/example_dags/example_datasets.py for tasks to queue
[2026-08-09T20:15:37.783+0000] {logging_mixin.py:188} INFO - [2026-08-09T20:15:37.783+0000] {dagbag.py:538} INFO - Filling up the DagBag from /home/airflow/.local/lib/python3.8/site-packages/airflow/example_dags/example_datasets.py
[2026-08-09T20:15:37.797+0000] {processor.py:840} INFO - DAG(s) 'dataset_produces_1', 'dataset_consumes_1_and_2', 'dataset_produces_2', 'dataset_consumes_unknown_never_scheduled', 'dataset_consumes_1', 'dataset_consumes_1_never_scheduled' retrieved from /home/airflow/.local/lib/python3.8/site-packages/airflow/example_dags/example_datasets.py
[2026-08-09T20:15:37.846+0000] {logging_mixin.py:188} INFO - [2026-08-09T20:15:37.845+0000] {dag.py:3036} INFO - Sync 6 DAGs
[2026-08-09T20:15:37.875+0000] {logging_mixin.py:188} INFO - [2026-08-09T20:15:37.875+0000] {dag.py:3823} INFO - Setting next_dagrun for dataset_consumes_1 to None, run_after=None
[2026-08-09T20:15:37.880+0000] {logging_mixin.py:188} INFO - [2026-08-09T20:15:37.880+0000] {dag.py:3823} INFO - Setting next_dagrun for dataset_consumes_1_and_2 to None, run_after=None
[2026-08-09T20:15:37.883+0000] {logging_mixin.py:188} INFO - [2026-08-09T20:15:37.883+0000] {dag.py:3823} INFO - Setting next_dagrun for dataset_consumes_1_never_scheduled to None, run_after=None
[2026-08-09T20:15:37.885+0000] {logging_mixin.py:188} INFO - [2026-08-09T20:15:37.885+0000] {dag.py:3823} INFO - Setting next_dagrun for dataset_consumes_unknown_never_scheduled to None, run_after=None
[2026-08-09T20:15:37.888+0000] {logging_mixin.py:188} INFO - [2026-08-09T20:15:37.888+0000] {dag.py:3823} INFO - Setting next_dagrun for dataset_produces_1 to 2026-08-08 00:00:00+00:00, run_after=2026-08-09 00:00:00+00:00
[2026-08-09T20:15:37.890+0000] {logging_mixin.py:188} INFO - [2026-08-09T20:15:37.890+0000] {dag.py:3823} INFO - Setting next_dagrun for dataset_produces_2 to None, run_after=None
[2026-08-09T20:15:37.926+0000] {processor.py:183} INFO - Processing /home/airflow/.local/lib/python3.8/site-packages/airflow/example_dags/example_datasets.py took 0.154 seconds
[2026-08-09T20:16:08.762+0000] {processor.py:161} INFO - Started process (PID=3183) to work on /home/airflow/.local/lib/python3.8/site-packages/airflow/example_dags/example_datasets.py
[2026-08-09T20:16:08.763+0000] {processor.py:830} INFO - Processing file /home/airflow/.local/lib/python3.8/site-packages/airflow/example_dags/example_datasets.py for tasks to queue
[2026-08-09T20:16:08.766+0000] {logging_mixin.py:188} INFO - [2026-08-09T20:16:08.766+0000] {dagbag.py:538} INFO - Filling up the DagBag from /home/airflow/.local/lib/python3.8/site-packages/airflow/example_dags/example_datasets.py
[2026-08-09T20:16:08.780+0000] {processor.py:840} INFO - DAG(s) 'dataset_produces_1', 'dataset_produces_2', 'dataset_consumes_1_never_scheduled', 'dataset_consumes_unknown_never_scheduled', 'dataset_consumes_1', 'dataset_consumes_1_and_2' retrieved from /home/airflow/.local/lib/python3.8/site-packages/airflow/example_dags/example_datasets.py
[2026-08-09T20:16:08.831+0000] {logging_mixin.py:188} INFO - [2026-08-09T20:16:08.831+0000] {dag.py:3036} INFO - Sync 6 DAGs
[2026-08-09T20:16:08.869+0000] {logging_mixin.py:188} INFO - [2026-08-09T20:16:08.869+0000] {dag.py:3823} INFO - Setting next_dagrun for dataset_consumes_1 to None, run_after=None
[2026-08-09T20:16:08.875+0000] {logging_mixin.py:188} INFO - [2026-08-09T20:16:08.874+0000] {dag.py:3823} INFO - Setting next_dagrun for dataset_consumes_1_and_2 to None, run_after=None
[2026-08-09T20:16:08.877+0000] {logging_mixin.py:188} INFO - [2026-08-09T20:16:08.877+0000] {dag.py:3823} INFO - Setting next_dagrun for dataset_consumes_1_never_scheduled to None, run_after=None
[2026-08-09T20:16:08.879+0000] {logging_mixin.py:188} INFO - [2026-08-09T20:16:08.879+0000] {dag.py:3823} INFO - Setting next_dagrun for dataset_consumes_unknown_never_scheduled to None, run_after=None
[2026-08-09T20:16:08.882+0000] {logging_mixin.py:188} INFO - [2026-08-09T20:16:08.882+0000] {dag.py:3823} INFO - Setting next_dagrun for dataset_produces_1 to 2026-08-08 00:00:00+00:00, run_after=2026-08-09 00:00:00+00:00
[2026-08-09T20:16:08.885+0000] {logging_mixin.py:188} INFO - [2026-08-09T20:16:08.884+0000] {dag.py:3823} INFO - Setting next_dagrun for dataset_produces_2 to None, run_after=None
[2026-08-09T20:16:08.922+0000] {processor.py:183} INFO - Processing /home/airflow/.local/lib/python3.8/site-packages/airflow/example_dags/example_datasets.py took 0.166 seconds
[2026-08-09T20:16:39.978+0000] {processor.py:161} INFO - Started process (PID=3253) to work on /home/airflow/.local/lib/python3.8/site-packages/airflow/example_dags/example_datasets.py
[2026-08-09T20:16:39.980+0000] {processor.py:830} INFO - Processing file /home/airflow/.local/lib/python3.8/site-packages/airflow/example_dags/example_datasets.py for tasks to queue
[2026-08-09T20:16:39.983+0000] {logging_mixin.py:188} INFO - [2026-08-09T20:16:39.983+0000] {dagbag.py:538} INFO - Filling up the DagBag from /home/airflow/.local/lib/python3.8/site-packages/airflow/example_dags/example_datasets.py
[2026-08-09T20:16:39.999+0000] {processor.py:840} INFO - DAG(s) 'dataset_consumes_unknown_never_scheduled', 'dataset_consumes_1_and_2', 'dataset_consumes_1_never_scheduled', 'dataset_produces_2', 'dataset_produces_1', 'dataset_consumes_1' retrieved from /home/airflow/.local/lib/python3.8/site-packages/airflow/example_dags/example_datasets.py
[2026-08-09T20:16:40.040+0000] {logging_mixin.py:188} INFO - [2026-08-09T20:16:40.040+0000] {dag.py:3036} INFO - Sync 6 DAGs
[2026-08-09T20:16:40.064+0000] {logging_mixin.py:188} INFO - [2026-08-09T20:16:40.064+0000] {dag.py:3823} INFO - Setting next_dagrun for dataset_consumes_1 to None, run_after=None
[2026-08-09T20:16:40.068+0000] {logging_mixin.py:188} INFO - [2026-08-09T20:16:40.068+0000] {dag.py:3823} INFO - Setting next_dagrun for dataset_consumes_1_and_2 to None, run_after=None
[2026-08-09T20:16:40.070+0000] {logging_mixin.py:188} INFO - [2026-08-09T20:16:40.070+0000] {dag.py:3823} INFO - Setting next_dagrun for dataset_consumes_1_never_scheduled to None, run_after=None
[2026-08-09T20:16:40.073+0000] {logging_mixin.py:188} INFO - [2026-08-09T20:16:40.073+0000] {dag.py:3823} INFO - Setting next_dagrun for dataset_consumes_unknown_never_scheduled to None, run_after=None
[2026-08-09T20:16:40.078+0000] {logging_mixin.py:188} INFO - [2026-08-09T20:16:40.078+0000] {dag.py:3823} INFO - Setting next_dagrun for dataset_produces_1 to 2026-08-08 00:00:00+00:00, run_after=2026-08-09 00:00:00+00:00
[2026-08-09T20:16:40.080+0000] {logging_mixin.py:188} INFO - [2026-08-09T20:16:40.080+0000] {dag.py:3823} INFO - Setting next_dagrun for dataset_produces_2 to None, run_after=None
[2026-08-09T20:16:40.117+0000] {processor.py:183} INFO - Processing /home/airflow/.local/lib/python3.8/site-packages/airflow/example_dags/example_datasets.py took 0.143 seconds
[2026-08-09T20:17:11.725+0000] {processor.py:161} INFO - Started process (PID=3324) to work on /home/airflow/.local/lib/python3.8/site-packages/airflow/example_dags/example_datasets.py
[2026-08-09T20:17:11.727+0000] {processor.py:830} INFO - Processing file /home/airflow/.local/lib/python3.8/site-packages/airflow/example_dags/example_datasets.py for tasks to queue
[2026-08-09T20:17:11.731+0000] {logging_mixin.py:188} INFO - [2026-08-09T20:17:11.730+0000] {dagbag.py:538} INFO - Filling up the DagBag from /home/airflow/.local/lib/python3.8/site-packages/airflow/example_dags/example_datasets.py
[2026-08-09T20:17:11.744+0000] {processor.py:840} INFO - DAG(s) 'dataset_consumes_1', 'dataset_consumes_1_never_scheduled', 'dataset_consumes_1_and_2', 'dataset_produces_2', 'dataset_consumes_unknown_never_scheduled', 'dataset_produces_1' retrieved from /home/airflow/.local/lib/python3.8/site-packages/airflow/example_dags/example_datasets.py
[2026-08-09T20:17:11.799+0000] {logging_mixin.py:188} INFO - [2026-08-09T20:17:11.798+0000] {dag.py:3036} INFO - Sync 6 DAGs
[2026-08-09T20:17:11.826+0000] {logging_mixin.py:188} INFO - [2026-08-09T20:17:11.826+0000] {dag.py:3823} INFO - Setting next_dagrun for dataset_consumes_1 to None, run_after=None
[2026-08-09T20:17:11.835+0000] {logging_mixin.py:188} INFO - [2026-08-09T20:17:11.835+0000] {dag.py:3823} INFO - Setting next_dagrun for dataset_consumes_1_and_2 to None, run_after=None
[2026-08-09T20:17:11.838+0000] {logging_mixin.py:188} INFO - [2026-08-09T20:17:11.838+0000] {dag.py:3823} INFO - Setting next_dagrun for dataset_consumes_1_never_scheduled to None, run_after=None
[2026-08-09T20:17:11.841+0000] {logging_mixin.py:188} INFO - [2026-08-09T20:17:11.840+0000] {dag.py:3823} INFO - Setting next_dagrun for dataset_consumes_unknown_never_scheduled to None, run_after=None
[2026-08-09T20:17:11.847+0000] {logging_mixin.py:188} INFO - [2026-08-09T20:17:11.846+0000] {dag.py:3823} INFO - Setting next_dagrun for dataset_produces_1 to 2026-08-08 00:00:00+00:00, run_after=2026-08-09 00:00:00+00:00
[2026-08-09T20:17:11.852+0000] {logging_mixin.py:188} INFO - [2026-08-09T20:17:11.851+0000] {dag.py:3823} INFO - Setting next_dagrun for dataset_produces_2 to None, run_after=None
[2026-08-09T20:17:11.897+0000] {processor.py:183} INFO - Processing /home/airflow/.local/lib/python3.8/site-packages/airflow/example_dags/example_datasets.py took 0.176 seconds
