[2026-08-19T12:22:22.882+0000] {processor.py:161} INFO - Started process (PID=193) to work on /home/airflow/.local/lib/python3.8/site-packages/airflow/example_dags/example_xcomargs.py
[2026-08-19T12:22:22.885+0000] {processor.py:830} INFO - Processing file /home/airflow/.local/lib/python3.8/site-packages/airflow/example_dags/example_xcomargs.py for tasks to queue
[2026-08-19T12:22:22.896+0000] {logging_mixin.py:188} INFO - [2026-08-19T12:22:22.888+0000] {dagbag.py:538} INFO - Filling up the DagBag from /home/airflow/.local/lib/python3.8/site-packages/airflow/example_dags/example_xcomargs.py
[2026-08-19T12:22:22.925+0000] {processor.py:840} INFO - DAG(s) 'example_xcom_args', 'example_xcom_args_with_operators' retrieved from /home/airflow/.local/lib/python3.8/site-packages/airflow/example_dags/example_xcomargs.py
[2026-08-19T12:22:23.292+0000] {logging_mixin.py:188} INFO - [2026-08-19T12:22:23.291+0000] {dag.py:3036} INFO - Sync 2 DAGs
[2026-08-19T12:22:23.329+0000] {logging_mixin.py:188} INFO - [2026-08-19T12:22:23.328+0000] {dag.py:3823} INFO - Setting next_dagrun for example_xcom_args to None, run_after=None
[2026-08-19T12:22:23.337+0000] {logging_mixin.py:188} INFO - [2026-08-19T12:22:23.336+0000] {dag.py:3823} INFO - Setting next_dagrun for example_xcom_args_with_operators to None, run_after=None
[2026-08-19T12:22:23.419+0000] {processor.py:183} INFO - Processing /home/airflow/.local/lib/python3.8/site-packages/airflow/example_dags/example_xcomargs.py took 0.544 seconds
[2026-08-19T12:22:55.204+0000] {processor.py:161} INFO - Started process (PID=283) to work on /home/airflow/.local/lib/python3.8/site-packages/airflow/example_dags/example_xcomargs.py
[2026-08-19T12:22:55.206+0000] {processor.py:830} INFO - Processing file /home/airflow/.local/lib/python3.8/site-packages/airflow/example_dags/example_xcomargs.py for tasks to queue
[2026-08-19T12:22:55.210+0000] {logging_mixin.py:188} INFO - [2026-08-19T12:22:55.209+0000] {dagbag.py:538} INFO - Filling up the DagBag from /home/airflow/.local/lib/python3.8/site-packages/airflow/example_dags/example_xcomargs.py
[2026-08-19T12:22:55.226+0000] {processor.py:840} INFO - DAG(s) 'example_xcom_args_with_operators', 'example_xcom_args' retrieved from /home/airflow/.local/lib/python3.8/site-packages/airflow/example_dags/example_xcomargs.py
[2026-08-19T12:22:55.269+0000] {logging_mixin.py:188} INFO - [2026-08-19T12:22:55.269+0000] {dag.py:3036} INFO - Sync 2 DAGs
[2026-08-19T12:22:55.392+0000] {logging_mixin.py:188} INFO - [2026-08-19T12:22:55.392+0000] {dag.py:3823} INFO - Setting next_dagrun for example_xcom_args to None, run_after=None
[2026-08-19T12:22:55.397+0000] {logging_mixin.py:188} INFO - [2026-08-19T12:22:55.397+0000] {dag.py:3823} INFO - Setting next_dagrun for example_xcom_args_with_operators to None, run_after=None
[2026-08-19T12:22:55.422+0000] {processor.py:183} INFO - Processing /home/airflow/.local/lib/python3.8/site-packages/airflow/example_dags/example_xcomargs.py took 0.223 seconds
[2026-08-19T12:23:26.577+0000] {processor.py:161} INFO - Started process (PID=366) to work on /home/airflow/.local/lib/python3.8/site-packages/airflow/example_dags/example_xcomargs.py
[2026-08-19T12:23:26.587+0000] {processor.py:830} INFO - Processing file /home/airflow/.local/lib/python3.8/site-packages/airflow/example_dags/example_xcomargs.py for tasks to queue
[2026-08-19T12:23:26.591+0000] {logging_mixin.py:188} INFO - [2026-08-19T12:23:26.590+0000] {dagbag.py:538} INFO - Filling up the DagBag from /home/airflow/.local/lib/python3.8/site-packages/airflow/example_dags/example_xcomargs.py
[2026-08-19T12:23:26.620+0000] {processor.py:840} INFO - DAG(s) 'example_xcom_args', 'example_xcom_args_with_operators' retrieved from /home/airflow/.local/lib/python3.8/site-packages/airflow/example_dags/example_xcomargs.py
[2026-08-19T12:23:26.909+0000] {logging_mixin.py:188} INFO - [2026-08-19T12:23:26.909+0000] {dag.py:3036} INFO - Sync 2 DAGs
[2026-08-19T12:23:26.933+0000] {logging_mixin.py:188} INFO - [2026-08-19T12:23:26.933+0000] {dag.py:3823} INFO - Setting next_dagrun for example_xcom_args to None, run_after=None
[2026-08-19T12:23:26.938+0000] {logging_mixin.py:188} INFO - [2026-08-19T12:23:26.938+0000] {dag.py:3823} INFO - Setting next_dagrun for example_xcom_args_with_operators to None, run_after=None
[2026-08-19T12:23:26.981+0000] {processor.py:183} INFO - Processing /home/airflow/.local/lib/python3.8/site-packages/airflow/example_dags/example_xcomargs.py took 0.423 seconds
[2026-08-19T12:24:00.066+0000] {processor.py:161} INFO - Started process (PID=449) to work on /home/airflow/.local/lib/python3.8/site-packages/airflow/example_dags/example_xcomargs.py
[2026-08-19T12:24:00.068+0000] {processor.py:830} INFO - Processing file /home/airflow/.local/lib/python3.8/site-packages/airflow/example_dags/example_xcomargs.py for tasks to queue
[2026-08-19T12:24:00.073+0000] {logging_mixin.py:188} INFO - [2026-08-19T12:24:00.072+0000] {dagbag.py:538} INFO - Filling up the DagBag from /home/airflow/.local/lib/python3.8/site-packages/airflow/example_dags/example_xcomargs.py
[2026-08-19T12:24:00.091+0000] {processor.py:840} INFO - DAG(s) 'example_xcom_args', 'example_xcom_args_with_operators' retrieved from /home/airflow/.local/lib/python3.8/site-packages/airflow/example_dags/example_xcomargs.py
[2026-08-19T12:24:00.133+0000] {logging_mixin.py:188} INFO - [2026-08-19T12:24:00.133+0000] {dag.py:3036} INFO - Sync 2 DAGs
[2026-08-19T12:24:00.152+0000] {logging_mixin.py:188} INFO - [2026-08-19T12:24:00.151+0000] {dag.py:3823} INFO - Setting next_dagrun for example_xcom_args to None, run_after=None
[2026-08-19T12:24:00.157+0000] {logging_mixin.py:188} INFO - [2026-08-19T12:24:00.157+0000] {dag.py:3823} INFO - Setting next_dagrun for example_xcom_args_with_operators to None, run_after=None
[2026-08-19T12:24:00.193+0000] {processor.py:183} INFO - Processing /home/airflow/.local/lib/python3.8/site-packages/airflow/example_dags/example_xcomargs.py took 0.132 seconds
[2026-08-19T12:24:30.766+0000] {processor.py:161} INFO - Started process (PID=536) to work on /home/airflow/.local/lib/python3.8/site-packages/airflow/example_dags/example_xcomargs.py
[2026-08-19T12:24:30.767+0000] {processor.py:830} INFO - Processing file /home/airflow/.local/lib/python3.8/site-packages/airflow/example_dags/example_xcomargs.py for tasks to queue
[2026-08-19T12:24:30.770+0000] {logging_mixin.py:188} INFO - [2026-08-19T12:24:30.770+0000] {dagbag.py:538} INFO - Filling up the DagBag from /home/airflow/.local/lib/python3.8/site-packages/airflow/example_dags/example_xcomargs.py
[2026-08-19T12:24:30.780+0000] {processor.py:840} INFO - DAG(s) 'example_xcom_args_with_operators', 'example_xcom_args' retrieved from /home/airflow/.local/lib/python3.8/site-packages/airflow/example_dags/example_xcomargs.py
[2026-08-19T12:24:30.807+0000] {logging_mixin.py:188} INFO - [2026-08-19T12:24:30.807+0000] {dag.py:3036} INFO - Sync 2 DAGs
[2026-08-19T12:24:30.820+0000] {logging_mixin.py:188} INFO - [2026-08-19T12:24:30.820+0000] {dag.py:3823} INFO - Setting next_dagrun for example_xcom_args to None, run_after=None
[2026-08-19T12:24:30.824+0000] {logging_mixin.py:188} INFO - [2026-08-19T12:24:30.824+0000] {dag.py:3823} INFO - Setting next_dagrun for example_xcom_args_with_operators to None, run_after=None
[2026-08-19T12:24:30.904+0000] {processor.py:183} INFO - Processing /home/airflow/.local/lib/python3.8/site-packages/airflow/example_dags/example_xcomargs.py took 0.143 seconds
[2026-08-19T12:25:01.635+0000] {processor.py:161} INFO - Started process (PID=619) to work on /home/airflow/.local/lib/python3.8/site-packages/airflow/example_dags/example_xcomargs.py
[2026-08-19T12:25:01.637+0000] {processor.py:830} INFO - Processing file /home/airflow/.local/lib/python3.8/site-packages/airflow/example_dags/example_xcomargs.py for tasks to queue
[2026-08-19T12:25:01.639+0000] {logging_mixin.py:188} INFO - [2026-08-19T12:25:01.639+0000] {dagbag.py:538} INFO - Filling up the DagBag from /home/airflow/.local/lib/python3.8/site-packages/airflow/example_dags/example_xcomargs.py
[2026-08-19T12:25:01.648+0000] {processor.py:840} INFO - DAG(s) 'example_xcom_args', 'example_xcom_args_with_operators' retrieved from /home/airflow/.local/lib/python3.8/site-packages/airflow/example_dags/example_xcomargs.py
[2026-08-19T12:25:01.678+0000] {logging_mixin.py:188} INFO - [2026-08-19T12:25:01.678+0000] {dag.py:3036} INFO - Sync 2 DAGs
[2026-08-19T12:25:01.693+0000] {logging_mixin.py:188} INFO - [2026-08-19T12:25:01.693+0000] {dag.py:3823} INFO - Setting next_dagrun for example_xcom_args to None, run_after=None
[2026-08-19T12:25:01.698+0000] {logging_mixin.py:188} INFO - [2026-08-19T12:25:01.698+0000] {dag.py:3823} INFO - Setting next_dagrun for example_xcom_args_with_operators to None, run_after=None
[2026-08-19T12:25:01.783+0000] {processor.py:183} INFO - Processing /home/airflow/.local/lib/python3.8/site-packages/airflow/example_dags/example_xcomargs.py took 0.154 seconds
[2026-08-19T12:25:31.952+0000] {processor.py:161} INFO - Started process (PID=702) to work on /home/airflow/.local/lib/python3.8/site-packages/airflow/example_dags/example_xcomargs.py
[2026-08-19T12:25:31.953+0000] {processor.py:830} INFO - Processing file /home/airflow/.local/lib/python3.8/site-packages/airflow/example_dags/example_xcomargs.py for tasks to queue
[2026-08-19T12:25:31.956+0000] {logging_mixin.py:188} INFO - [2026-08-19T12:25:31.955+0000] {dagbag.py:538} INFO - Filling up the DagBag from /home/airflow/.local/lib/python3.8/site-packages/airflow/example_dags/example_xcomargs.py
[2026-08-19T12:25:31.965+0000] {processor.py:840} INFO - DAG(s) 'example_xcom_args', 'example_xcom_args_with_operators' retrieved from /home/airflow/.local/lib/python3.8/site-packages/airflow/example_dags/example_xcomargs.py
[2026-08-19T12:25:31.992+0000] {logging_mixin.py:188} INFO - [2026-08-19T12:25:31.991+0000] {dag.py:3036} INFO - Sync 2 DAGs
[2026-08-19T12:25:32.006+0000] {logging_mixin.py:188} INFO - [2026-08-19T12:25:32.006+0000] {dag.py:3823} INFO - Setting next_dagrun for example_xcom_args to None, run_after=None
[2026-08-19T12:25:32.010+0000] {logging_mixin.py:188} INFO - [2026-08-19T12:25:32.010+0000] {dag.py:3823} INFO - Setting next_dagrun for example_xcom_args_with_operators to None, run_after=None
[2026-08-19T12:25:32.031+0000] {processor.py:183} INFO - Processing /home/airflow/.local/lib/python3.8/site-packages/airflow/example_dags/example_xcomargs.py took 0.083 seconds
[2026-08-19T12:26:03.324+0000] {processor.py:161} INFO - Started process (PID=785) to work on /home/airflow/.local/lib/python3.8/site-packages/airflow/example_dags/example_xcomargs.py
[2026-08-19T12:26:03.325+0000] {processor.py:830} INFO - Processing file /home/airflow/.local/lib/python3.8/site-packages/airflow/example_dags/example_xcomargs.py for tasks to queue
[2026-08-19T12:26:03.328+0000] {logging_mixin.py:188} INFO - [2026-08-19T12:26:03.327+0000] {dagbag.py:538} INFO - Filling up the DagBag from /home/airflow/.local/lib/python3.8/site-packages/airflow/example_dags/example_xcomargs.py
[2026-08-19T12:26:03.338+0000] {processor.py:840} INFO - DAG(s) 'example_xcom_args_with_operators', 'example_xcom_args' retrieved from /home/airflow/.local/lib/python3.8/site-packages/airflow/example_dags/example_xcomargs.py
[2026-08-19T12:26:03.369+0000] {logging_mixin.py:188} INFO - [2026-08-19T12:26:03.369+0000] {dag.py:3036} INFO - Sync 2 DAGs
[2026-08-19T12:26:03.382+0000] {logging_mixin.py:188} INFO - [2026-08-19T12:26:03.382+0000] {dag.py:3823} INFO - Setting next_dagrun for example_xcom_args to None, run_after=None
[2026-08-19T12:26:03.387+0000] {logging_mixin.py:188} INFO - [2026-08-19T12:26:03.387+0000] {dag.py:3823} INFO - Setting next_dagrun for example_xcom_args_with_operators to None, run_after=None
[2026-08-19T12:26:03.749+0000] {processor.py:183} INFO - Processing /home/airflow/.local/lib/python3.8/site-packages/airflow/example_dags/example_xcomargs.py took 0.429 seconds
[2026-08-19T12:26:34.474+0000] {processor.py:161} INFO - Started process (PID=869) to work on /home/airflow/.local/lib/python3.8/site-packages/airflow/example_dags/example_xcomargs.py
[2026-08-19T12:26:34.476+0000] {processor.py:830} INFO - Processing file /home/airflow/.local/lib/python3.8/site-packages/airflow/example_dags/example_xcomargs.py for tasks to queue
[2026-08-19T12:26:34.481+0000] {logging_mixin.py:188} INFO - [2026-08-19T12:26:34.481+0000] {dagbag.py:538} INFO - Filling up the DagBag from /home/airflow/.local/lib/python3.8/site-packages/airflow/example_dags/example_xcomargs.py
[2026-08-19T12:26:34.498+0000] {processor.py:840} INFO - DAG(s) 'example_xcom_args', 'example_xcom_args_with_operators' retrieved from /home/airflow/.local/lib/python3.8/site-packages/airflow/example_dags/example_xcomargs.py
[2026-08-19T12:26:34.548+0000] {logging_mixin.py:188} INFO - [2026-08-19T12:26:34.547+0000] {dag.py:3036} INFO - Sync 2 DAGs
[2026-08-19T12:26:34.575+0000] {logging_mixin.py:188} INFO - [2026-08-19T12:26:34.574+0000] {dag.py:3823} INFO - Setting next_dagrun for example_xcom_args to None, run_after=None
[2026-08-19T12:26:34.584+0000] {logging_mixin.py:188} INFO - [2026-08-19T12:26:34.583+0000] {dag.py:3823} INFO - Setting next_dagrun for example_xcom_args_with_operators to None, run_after=None
[2026-08-19T12:26:34.623+0000] {processor.py:183} INFO - Processing /home/airflow/.local/lib/python3.8/site-packages/airflow/example_dags/example_xcomargs.py took 0.155 seconds
[2026-08-19T12:27:05.122+0000] {processor.py:161} INFO - Started process (PID=954) to work on /home/airflow/.local/lib/python3.8/site-packages/airflow/example_dags/example_xcomargs.py
[2026-08-19T12:27:05.124+0000] {processor.py:830} INFO - Processing file /home/airflow/.local/lib/python3.8/site-packages/airflow/example_dags/example_xcomargs.py for tasks to queue
[2026-08-19T12:27:05.126+0000] {logging_mixin.py:188} INFO - [2026-08-19T12:27:05.126+0000] {dagbag.py:538} INFO - Filling up the DagBag from /home/airflow/.local/lib/python3.8/site-packages/airflow/example_dags/example_xcomargs.py
[2026-08-19T12:27:05.136+0000] {processor.py:840} INFO - DAG(s) 'example_xcom_args_with_operators', 'example_xcom_args' retrieved from /home/airflow/.local/lib/python3.8/site-packages/airflow/example_dags/example_xcomargs.py
[2026-08-19T12:27:05.167+0000] {logging_mixin.py:188} INFO - [2026-08-19T12:27:05.166+0000] {dag.py:3036} INFO - Sync 2 DAGs
[2026-08-19T12:27:05.180+0000] {logging_mixin.py:188} INFO - [2026-08-19T12:27:05.180+0000] {dag.py:3823} INFO - Setting next_dagrun for example_xcom_args to None, run_after=None
[2026-08-19T12:27:05.184+0000] {logging_mixin.py:188} INFO - [2026-08-19T12:27:05.184+0000] {dag.py:3823} INFO - Setting next_dagrun for example_xcom_args_with_operators to None, run_after=None
[2026-08-19T12:27:05.221+0000] {processor.py:183} INFO - Processing /home/airflow/.local/lib/python3.8/site-packages/airflow/example_dags/example_xcomargs.py took 0.104 seconds
[2026-08-19T12:27:36.243+0000] {processor.py:161} INFO - Started process (PID=1037) to work on /home/airflow/.local/lib/python3.8/site-packages/airflow/example_dags/example_xcomargs.py
[2026-08-19T12:27:36.245+0000] {processor.py:830} INFO - Processing file /home/airflow/.local/lib/python3.8/site-packages/airflow/example_dags/example_xcomargs.py for tasks to queue
[2026-08-19T12:27:36.249+0000] {logging_mixin.py:188} INFO - [2026-08-19T12:27:36.248+0000] {dagbag.py:538} INFO - Filling up the DagBag from /home/airflow/.local/lib/python3.8/site-packages/airflow/example_dags/example_xcomargs.py
[2026-08-19T12:27:36.265+0000] {processor.py:840} INFO - DAG(s) 'example_xcom_args_with_operators', 'example_xcom_args' retrieved from /home/airflow/.local/lib/python3.8/site-packages/airflow/example_dags/example_xcomargs.py
[2026-08-19T12:27:36.353+0000] {logging_mixin.py:188} INFO - [2026-08-19T12:27:36.352+0000] {dag.py:3036} INFO - Sync 2 DAGs
[2026-08-19T12:27:36.392+0000] {logging_mixin.py:188} INFO - [2026-08-19T12:27:36.392+0000] {dag.py:3823} INFO - Setting next_dagrun for example_xcom_args to None, run_after=None
[2026-08-19T12:27:36.400+0000] {logging_mixin.py:188} INFO - [2026-08-19T12:27:36.400+0000] {dag.py:3823} INFO - Setting next_dagrun for example_xcom_args_with_operators to None, run_after=None
[2026-08-19T12:27:36.450+0000] {processor.py:183} INFO - Processing /home/airflow/.local/lib/python3.8/site-packages/airflow/example_dags/example_xcomargs.py took 0.213 seconds
[2026-08-19T12:28:07.280+0000] {processor.py:161} INFO - Started process (PID=1120) to work on /home/airflow/.local/lib/python3.8/site-packages/airflow/example_dags/example_xcomargs.py
[2026-08-19T12:28:07.281+0000] {processor.py:830} INFO - Processing file /home/airflow/.local/lib/python3.8/site-packages/airflow/example_dags/example_xcomargs.py for tasks to queue
[2026-08-19T12:28:07.283+0000] {logging_mixin.py:188} INFO - [2026-08-19T12:28:07.283+0000] {dagbag.py:538} INFO - Filling up the DagBag from /home/airflow/.local/lib/python3.8/site-packages/airflow/example_dags/example_xcomargs.py
[2026-08-19T12:28:07.292+0000] {processor.py:840} INFO - DAG(s) 'example_xcom_args_with_operators', 'example_xcom_args' retrieved from /home/airflow/.local/lib/python3.8/site-packages/airflow/example_dags/example_xcomargs.py
[2026-08-19T12:28:07.317+0000] {logging_mixin.py:188} INFO - [2026-08-19T12:28:07.317+0000] {dag.py:3036} INFO - Sync 2 DAGs
[2026-08-19T12:28:07.330+0000] {logging_mixin.py:188} INFO - [2026-08-19T12:28:07.330+0000] {dag.py:3823} INFO - Setting next_dagrun for example_xcom_args to None, run_after=None
[2026-08-19T12:28:07.335+0000] {logging_mixin.py:188} INFO - [2026-08-19T12:28:07.334+0000] {dag.py:3823} INFO - Setting next_dagrun for example_xcom_args_with_operators to None, run_after=None
[2026-08-19T12:28:07.353+0000] {processor.py:183} INFO - Processing /home/airflow/.local/lib/python3.8/site-packages/airflow/example_dags/example_xcomargs.py took 0.078 seconds
[2026-08-19T12:28:38.092+0000] {processor.py:161} INFO - Started process (PID=1203) to work on /home/airflow/.local/lib/python3.8/site-packages/airflow/example_dags/example_xcomargs.py
[2026-08-19T12:28:38.094+0000] {processor.py:830} INFO - Processing file /home/airflow/.local/lib/python3.8/site-packages/airflow/example_dags/example_xcomargs.py for tasks to queue
[2026-08-19T12:28:38.096+0000] {logging_mixin.py:188} INFO - [2026-08-19T12:28:38.095+0000] {dagbag.py:538} INFO - Filling up the DagBag from /home/airflow/.local/lib/python3.8/site-packages/airflow/example_dags/example_xcomargs.py
[2026-08-19T12:28:38.104+0000] {processor.py:840} INFO - DAG(s) 'example_xcom_args_with_operators', 'example_xcom_args' retrieved from /home/airflow/.local/lib/python3.8/site-packages/airflow/example_dags/example_xcomargs.py
[2026-08-19T12:28:38.130+0000] {logging_mixin.py:188} INFO - [2026-08-19T12:28:38.130+0000] {dag.py:3036} INFO - Sync 2 DAGs
[2026-08-19T12:28:38.142+0000] {logging_mixin.py:188} INFO - [2026-08-19T12:28:38.142+0000] {dag.py:3823} INFO - Setting next_dagrun for example_xcom_args to None, run_after=None
[2026-08-19T12:28:38.152+0000] {logging_mixin.py:188} INFO - [2026-08-19T12:28:38.151+0000] {dag.py:3823} INFO - Setting next_dagrun for example_xcom_args_with_operators to None, run_after=None
[2026-08-19T12:28:38.171+0000] {processor.py:183} INFO - Processing /home/airflow/.local/lib/python3.8/site-packages/airflow/example_dags/example_xcomargs.py took 0.082 seconds
[2026-08-19T12:29:10.537+0000] {processor.py:161} INFO - Started process (PID=1300) to work on /home/airflow/.local/lib/python3.8/site-packages/airflow/example_dags/example_xcomargs.py
[2026-08-19T12:29:10.544+0000] {processor.py:830} INFO - Processing file /home/airflow/.local/lib/python3.8/site-packages/airflow/example_dags/example_xcomargs.py for tasks to queue
[2026-08-19T12:29:10.549+0000] {logging_mixin.py:188} INFO - [2026-08-19T12:29:10.548+0000] {dagbag.py:538} INFO - Filling up the DagBag from /home/airflow/.local/lib/python3.8/site-packages/airflow/example_dags/example_xcomargs.py
[2026-08-19T12:29:10.572+0000] {processor.py:840} INFO - DAG(s) 'example_xcom_args_with_operators', 'example_xcom_args' retrieved from /home/airflow/.local/lib/python3.8/site-packages/airflow/example_dags/example_xcomargs.py
[2026-08-19T12:29:10.644+0000] {logging_mixin.py:188} INFO - [2026-08-19T12:29:10.644+0000] {dag.py:3036} INFO - Sync 2 DAGs
[2026-08-19T12:29:10.702+0000] {logging_mixin.py:188} INFO - [2026-08-19T12:29:10.702+0000] {dag.py:3823} INFO - Setting next_dagrun for example_xcom_args to None, run_after=None
[2026-08-19T12:29:10.712+0000] {logging_mixin.py:188} INFO - [2026-08-19T12:29:10.712+0000] {dag.py:3823} INFO - Setting next_dagrun for example_xcom_args_with_operators to None, run_after=None
[2026-08-19T12:29:10.780+0000] {processor.py:183} INFO - Processing /home/airflow/.local/lib/python3.8/site-packages/airflow/example_dags/example_xcomargs.py took 0.256 seconds
[2026-08-19T12:29:41.644+0000] {processor.py:161} INFO - Started process (PID=1392) to work on /home/airflow/.local/lib/python3.8/site-packages/airflow/example_dags/example_xcomargs.py
[2026-08-19T12:29:41.645+0000] {processor.py:830} INFO - Processing file /home/airflow/.local/lib/python3.8/site-packages/airflow/example_dags/example_xcomargs.py for tasks to queue
[2026-08-19T12:29:41.648+0000] {logging_mixin.py:188} INFO - [2026-08-19T12:29:41.647+0000] {dagbag.py:538} INFO - Filling up the DagBag from /home/airflow/.local/lib/python3.8/site-packages/airflow/example_dags/example_xcomargs.py
[2026-08-19T12:29:41.658+0000] {processor.py:840} INFO - DAG(s) 'example_xcom_args', 'example_xcom_args_with_operators' retrieved from /home/airflow/.local/lib/python3.8/site-packages/airflow/example_dags/example_xcomargs.py
[2026-08-19T12:29:41.687+0000] {logging_mixin.py:188} INFO - [2026-08-19T12:29:41.687+0000] {dag.py:3036} INFO - Sync 2 DAGs
[2026-08-19T12:29:41.704+0000] {logging_mixin.py:188} INFO - [2026-08-19T12:29:41.704+0000] {dag.py:3823} INFO - Setting next_dagrun for example_xcom_args to None, run_after=None
[2026-08-19T12:29:41.708+0000] {logging_mixin.py:188} INFO - [2026-08-19T12:29:41.708+0000] {dag.py:3823} INFO - Setting next_dagrun for example_xcom_args_with_operators to None, run_after=None
[2026-08-19T12:29:41.745+0000] {processor.py:183} INFO - Processing /home/airflow/.local/lib/python3.8/site-packages/airflow/example_dags/example_xcomargs.py took 0.105 seconds
[2026-08-19T12:30:11.795+0000] {processor.py:161} INFO - Started process (PID=1476) to work on /home/airflow/.local/lib/python3.8/site-packages/airflow/example_dags/example_xcomargs.py
[2026-08-19T12:30:11.796+0000] {processor.py:830} INFO - Processing file /home/airflow/.local/lib/python3.8/site-packages/airflow/example_dags/example_xcomargs.py for tasks to queue
[2026-08-19T12:30:11.798+0000] {logging_mixin.py:188} INFO - [2026-08-19T12:30:11.797+0000] {dagbag.py:538} INFO - Filling up the DagBag from /home/airflow/.local/lib/python3.8/site-packages/airflow/example_dags/example_xcomargs.py
[2026-08-19T12:30:11.805+0000] {processor.py:840} INFO - DAG(s) 'example_xcom_args_with_operators', 'example_xcom_args' retrieved from /home/airflow/.local/lib/python3.8/site-packages/airflow/example_dags/example_xcomargs.py
[2026-08-19T12:30:11.827+0000] {logging_mixin.py:188} INFO - [2026-08-19T12:30:11.827+0000] {dag.py:3036} INFO - Sync 2 DAGs
[2026-08-19T12:30:11.840+0000] {logging_mixin.py:188} INFO - [2026-08-19T12:30:11.840+0000] {dag.py:3823} INFO - Setting next_dagrun for example_xcom_args to None, run_after=None
[2026-08-19T12:30:11.844+0000] {logging_mixin.py:188} INFO - [2026-08-19T12:30:11.843+0000] {dag.py:3823} INFO - Setting next_dagrun for example_xcom_args_with_operators to None, run_after=None
[2026-08-19T12:30:11.859+0000] {processor.py:183} INFO - Processing /home/airflow/.local/lib/python3.8/site-packages/airflow/example_dags/example_xcomargs.py took 0.067 seconds
[2026-08-19T12:30:41.922+0000] {processor.py:161} INFO - Started process (PID=1559) to work on /home/airflow/.local/lib/python3.8/site-packages/airflow/example_dags/example_xcomargs.py
[2026-08-19T12:30:41.924+0000] {processor.py:830} INFO - Processing file /home/airflow/.local/lib/python3.8/site-packages/airflow/example_dags/example_xcomargs.py for tasks to queue
[2026-08-19T12:30:41.926+0000] {logging_mixin.py:188} INFO - [2026-08-19T12:30:41.926+0000] {dagbag.py:538} INFO - Filling up the DagBag from /home/airflow/.local/lib/python3.8/site-packages/airflow/example_dags/example_xcomargs.py
[2026-08-19T12:30:41.935+0000] {processor.py:840} INFO - DAG(s) 'example_xcom_args_with_operators', 'example_xcom_args' retrieved from /home/airflow/.local/lib/python3.8/site-packages/airflow/example_dags/example_xcomargs.py
[2026-08-19T12:30:41.957+0000] {logging_mixin.py:188} INFO - [2026-08-19T12:30:41.956+0000] {dag.py:3036} INFO - Sync 2 DAGs
[2026-08-19T12:30:41.969+0000] {logging_mixin.py:188} INFO - [2026-08-19T12:30:41.969+0000] {dag.py:3823} INFO - Setting next_dagrun for example_xcom_args to None, run_after=None
[2026-08-19T12:30:41.974+0000] {logging_mixin.py:188} INFO - [2026-08-19T12:30:41.974+0000] {dag.py:3823} INFO - Setting next_dagrun for example_xcom_args_with_operators to None, run_after=None
[2026-08-19T12:30:42.003+0000] {processor.py:183} INFO - Processing /home/airflow/.local/lib/python3.8/site-packages/airflow/example_dags/example_xcomargs.py took 0.084 seconds
[2026-08-19T12:31:12.177+0000] {processor.py:161} INFO - Started process (PID=1642) to work on /home/airflow/.local/lib/python3.8/site-packages/airflow/example_dags/example_xcomargs.py
[2026-08-19T12:31:12.179+0000] {processor.py:830} INFO - Processing file /home/airflow/.local/lib/python3.8/site-packages/airflow/example_dags/example_xcomargs.py for tasks to queue
[2026-08-19T12:31:12.181+0000] {logging_mixin.py:188} INFO - [2026-08-19T12:31:12.180+0000] {dagbag.py:538} INFO - Filling up the DagBag from /home/airflow/.local/lib/python3.8/site-packages/airflow/example_dags/example_xcomargs.py
[2026-08-19T12:31:12.191+0000] {processor.py:840} INFO - DAG(s) 'example_xcom_args', 'example_xcom_args_with_operators' retrieved from /home/airflow/.local/lib/python3.8/site-packages/airflow/example_dags/example_xcomargs.py
[2026-08-19T12:31:12.221+0000] {logging_mixin.py:188} INFO - [2026-08-19T12:31:12.220+0000] {dag.py:3036} INFO - Sync 2 DAGs
[2026-08-19T12:31:12.233+0000] {logging_mixin.py:188} INFO - [2026-08-19T12:31:12.233+0000] {dag.py:3823} INFO - Setting next_dagrun for example_xcom_args to None, run_after=None
[2026-08-19T12:31:12.237+0000] {logging_mixin.py:188} INFO - [2026-08-19T12:31:12.237+0000] {dag.py:3823} INFO - Setting next_dagrun for example_xcom_args_with_operators to None, run_after=None
[2026-08-19T12:31:12.254+0000] {processor.py:183} INFO - Processing /home/airflow/.local/lib/python3.8/site-packages/airflow/example_dags/example_xcomargs.py took 0.081 seconds
[2026-08-19T12:31:42.557+0000] {processor.py:161} INFO - Started process (PID=1729) to work on /home/airflow/.local/lib/python3.8/site-packages/airflow/example_dags/example_xcomargs.py
[2026-08-19T12:31:42.559+0000] {processor.py:830} INFO - Processing file /home/airflow/.local/lib/python3.8/site-packages/airflow/example_dags/example_xcomargs.py for tasks to queue
[2026-08-19T12:31:42.561+0000] {logging_mixin.py:188} INFO - [2026-08-19T12:31:42.561+0000] {dagbag.py:538} INFO - Filling up the DagBag from /home/airflow/.local/lib/python3.8/site-packages/airflow/example_dags/example_xcomargs.py
[2026-08-19T12:31:42.570+0000] {processor.py:840} INFO - DAG(s) 'example_xcom_args', 'example_xcom_args_with_operators' retrieved from /home/airflow/.local/lib/python3.8/site-packages/airflow/example_dags/example_xcomargs.py
[2026-08-19T12:31:42.597+0000] {logging_mixin.py:188} INFO - [2026-08-19T12:31:42.596+0000] {dag.py:3036} INFO - Sync 2 DAGs
[2026-08-19T12:31:42.610+0000] {logging_mixin.py:188} INFO - [2026-08-19T12:31:42.610+0000] {dag.py:3823} INFO - Setting next_dagrun for example_xcom_args to None, run_after=None
[2026-08-19T12:31:42.614+0000] {logging_mixin.py:188} INFO - [2026-08-19T12:31:42.614+0000] {dag.py:3823} INFO - Setting next_dagrun for example_xcom_args_with_operators to None, run_after=None
[2026-08-19T12:31:42.629+0000] {processor.py:183} INFO - Processing /home/airflow/.local/lib/python3.8/site-packages/airflow/example_dags/example_xcomargs.py took 0.075 seconds
[2026-08-19T12:32:13.225+0000] {processor.py:161} INFO - Started process (PID=1812) to work on /home/airflow/.local/lib/python3.8/site-packages/airflow/example_dags/example_xcomargs.py
[2026-08-19T12:32:13.226+0000] {processor.py:830} INFO - Processing file /home/airflow/.local/lib/python3.8/site-packages/airflow/example_dags/example_xcomargs.py for tasks to queue
[2026-08-19T12:32:13.228+0000] {logging_mixin.py:188} INFO - [2026-08-19T12:32:13.228+0000] {dagbag.py:538} INFO - Filling up the DagBag from /home/airflow/.local/lib/python3.8/site-packages/airflow/example_dags/example_xcomargs.py
[2026-08-19T12:32:13.236+0000] {processor.py:840} INFO - DAG(s) 'example_xcom_args_with_operators', 'example_xcom_args' retrieved from /home/airflow/.local/lib/python3.8/site-packages/airflow/example_dags/example_xcomargs.py
[2026-08-19T12:32:13.263+0000] {logging_mixin.py:188} INFO - [2026-08-19T12:32:13.263+0000] {dag.py:3036} INFO - Sync 2 DAGs
[2026-08-19T12:32:13.275+0000] {logging_mixin.py:188} INFO - [2026-08-19T12:32:13.275+0000] {dag.py:3823} INFO - Setting next_dagrun for example_xcom_args to None, run_after=None
[2026-08-19T12:32:13.282+0000] {logging_mixin.py:188} INFO - [2026-08-19T12:32:13.282+0000] {dag.py:3823} INFO - Setting next_dagrun for example_xcom_args_with_operators to None, run_after=None
[2026-08-19T12:32:13.302+0000] {processor.py:183} INFO - Processing /home/airflow/.local/lib/python3.8/site-packages/airflow/example_dags/example_xcomargs.py took 0.080 seconds
[2026-08-19T12:32:43.853+0000] {processor.py:161} INFO - Started process (PID=1899) to work on /home/airflow/.local/lib/python3.8/site-packages/airflow/example_dags/example_xcomargs.py
[2026-08-19T12:32:43.854+0000] {processor.py:830} INFO - Processing file /home/airflow/.local/lib/python3.8/site-packages/airflow/example_dags/example_xcomargs.py for tasks to queue
[2026-08-19T12:32:43.856+0000] {logging_mixin.py:188} INFO - [2026-08-19T12:32:43.856+0000] {dagbag.py:538} INFO - Filling up the DagBag from /home/airflow/.local/lib/python3.8/site-packages/airflow/example_dags/example_xcomargs.py
[2026-08-19T12:32:43.864+0000] {processor.py:840} INFO - DAG(s) 'example_xcom_args_with_operators', 'example_xcom_args' retrieved from /home/airflow/.local/lib/python3.8/site-packages/airflow/example_dags/example_xcomargs.py
[2026-08-19T12:32:43.888+0000] {logging_mixin.py:188} INFO - [2026-08-19T12:32:43.887+0000] {dag.py:3036} INFO - Sync 2 DAGs
[2026-08-19T12:32:43.900+0000] {logging_mixin.py:188} INFO - [2026-08-19T12:32:43.900+0000] {dag.py:3823} INFO - Setting next_dagrun for example_xcom_args to None, run_after=None
[2026-08-19T12:32:43.904+0000] {logging_mixin.py:188} INFO - [2026-08-19T12:32:43.904+0000] {dag.py:3823} INFO - Setting next_dagrun for example_xcom_args_with_operators to None, run_after=None
[2026-08-19T12:32:43.921+0000] {processor.py:183} INFO - Processing /home/airflow/.local/lib/python3.8/site-packages/airflow/example_dags/example_xcomargs.py took 0.072 seconds
[2026-08-19T12:33:14.023+0000] {processor.py:161} INFO - Started process (PID=1980) to work on /home/airflow/.local/lib/python3.8/site-packages/airflow/example_dags/example_xcomargs.py
[2026-08-19T12:33:14.024+0000] {processor.py:830} INFO - Processing file /home/airflow/.local/lib/python3.8/site-packages/airflow/example_dags/example_xcomargs.py for tasks to queue
[2026-08-19T12:33:14.026+0000] {logging_mixin.py:188} INFO - [2026-08-19T12:33:14.026+0000] {dagbag.py:538} INFO - Filling up the DagBag from /home/airflow/.local/lib/python3.8/site-packages/airflow/example_dags/example_xcomargs.py
[2026-08-19T12:33:14.036+0000] {processor.py:840} INFO - DAG(s) 'example_xcom_args_with_operators', 'example_xcom_args' retrieved from /home/airflow/.local/lib/python3.8/site-packages/airflow/example_dags/example_xcomargs.py
[2026-08-19T12:33:14.063+0000] {logging_mixin.py:188} INFO - [2026-08-19T12:33:14.063+0000] {dag.py:3036} INFO - Sync 2 DAGs
[2026-08-19T12:33:14.076+0000] {logging_mixin.py:188} INFO - [2026-08-19T12:33:14.075+0000] {dag.py:3823} INFO - Setting next_dagrun for example_xcom_args to None, run_after=None
[2026-08-19T12:33:14.081+0000] {logging_mixin.py:188} INFO - [2026-08-19T12:33:14.081+0000] {dag.py:3823} INFO - Setting next_dagrun for example_xcom_args_with_operators to None, run_after=None
[2026-08-19T12:33:14.099+0000] {processor.py:183} INFO - Processing /home/airflow/.local/lib/python3.8/site-packages/airflow/example_dags/example_xcomargs.py took 0.079 seconds
[2026-08-19T12:33:44.142+0000] {processor.py:161} INFO - Started process (PID=2063) to work on /home/airflow/.local/lib/python3.8/site-packages/airflow/example_dags/example_xcomargs.py
[2026-08-19T12:33:44.143+0000] {processor.py:830} INFO - Processing file /home/airflow/.local/lib/python3.8/site-packages/airflow/example_dags/example_xcomargs.py for tasks to queue
[2026-08-19T12:33:44.145+0000] {logging_mixin.py:188} INFO - [2026-08-19T12:33:44.145+0000] {dagbag.py:538} INFO - Filling up the DagBag from /home/airflow/.local/lib/python3.8/site-packages/airflow/example_dags/example_xcomargs.py
[2026-08-19T12:33:44.154+0000] {processor.py:840} INFO - DAG(s) 'example_xcom_args_with_operators', 'example_xcom_args' retrieved from /home/airflow/.local/lib/python3.8/site-packages/airflow/example_dags/example_xcomargs.py
[2026-08-19T12:33:44.179+0000] {logging_mixin.py:188} INFO - [2026-08-19T12:33:44.178+0000] {dag.py:3036} INFO - Sync 2 DAGs
[2026-08-19T12:33:44.190+0000] {logging_mixin.py:188} INFO - [2026-08-19T12:33:44.190+0000] {dag.py:3823} INFO - Setting next_dagrun for example_xcom_args to None, run_after=None
[2026-08-19T12:33:44.194+0000] {logging_mixin.py:188} INFO - [2026-08-19T12:33:44.194+0000] {dag.py:3823} INFO - Setting next_dagrun for example_xcom_args_with_operators to None, run_after=None
[2026-08-19T12:33:44.212+0000] {processor.py:183} INFO - Processing /home/airflow/.local/lib/python3.8/site-packages/airflow/example_dags/example_xcomargs.py took 0.073 seconds
[2026-08-19T12:34:14.684+0000] {processor.py:161} INFO - Started process (PID=2150) to work on /home/airflow/.local/lib/python3.8/site-packages/airflow/example_dags/example_xcomargs.py
[2026-08-19T12:34:14.686+0000] {processor.py:830} INFO - Processing file /home/airflow/.local/lib/python3.8/site-packages/airflow/example_dags/example_xcomargs.py for tasks to queue
[2026-08-19T12:34:14.689+0000] {logging_mixin.py:188} INFO - [2026-08-19T12:34:14.688+0000] {dagbag.py:538} INFO - Filling up the DagBag from /home/airflow/.local/lib/python3.8/site-packages/airflow/example_dags/example_xcomargs.py
[2026-08-19T12:34:14.699+0000] {processor.py:840} INFO - DAG(s) 'example_xcom_args', 'example_xcom_args_with_operators' retrieved from /home/airflow/.local/lib/python3.8/site-packages/airflow/example_dags/example_xcomargs.py
[2026-08-19T12:34:14.730+0000] {logging_mixin.py:188} INFO - [2026-08-19T12:34:14.730+0000] {dag.py:3036} INFO - Sync 2 DAGs
[2026-08-19T12:34:14.743+0000] {logging_mixin.py:188} INFO - [2026-08-19T12:34:14.743+0000] {dag.py:3823} INFO - Setting next_dagrun for example_xcom_args to None, run_after=None
[2026-08-19T12:34:14.747+0000] {logging_mixin.py:188} INFO - [2026-08-19T12:34:14.746+0000] {dag.py:3823} INFO - Setting next_dagrun for example_xcom_args_with_operators to None, run_after=None
[2026-08-19T12:34:14.768+0000] {processor.py:183} INFO - Processing /home/airflow/.local/lib/python3.8/site-packages/airflow/example_dags/example_xcomargs.py took 0.087 seconds
[2026-08-19T12:34:45.248+0000] {processor.py:161} INFO - Started process (PID=2233) to work on /home/airflow/.local/lib/python3.8/site-packages/airflow/example_dags/example_xcomargs.py
[2026-08-19T12:34:45.249+0000] {processor.py:830} INFO - Processing file /home/airflow/.local/lib/python3.8/site-packages/airflow/example_dags/example_xcomargs.py for tasks to queue
[2026-08-19T12:34:45.252+0000] {logging_mixin.py:188} INFO - [2026-08-19T12:34:45.251+0000] {dagbag.py:538} INFO - Filling up the DagBag from /home/airflow/.local/lib/python3.8/site-packages/airflow/example_dags/example_xcomargs.py
[2026-08-19T12:34:45.265+0000] {processor.py:840} INFO - DAG(s) 'example_xcom_args', 'example_xcom_args_with_operators' retrieved from /home/airflow/.local/lib/python3.8/site-packages/airflow/example_dags/example_xcomargs.py
[2026-08-19T12:34:45.297+0000] {logging_mixin.py:188} INFO - [2026-08-19T12:34:45.296+0000] {dag.py:3036} INFO - Sync 2 DAGs
[2026-08-19T12:34:45.313+0000] {logging_mixin.py:188} INFO - [2026-08-19T12:34:45.312+0000] {dag.py:3823} INFO - Setting next_dagrun for example_xcom_args to None, run_after=None
[2026-08-19T12:34:45.318+0000] {logging_mixin.py:188} INFO - [2026-08-19T12:34:45.318+0000] {dag.py:3823} INFO - Setting next_dagrun for example_xcom_args_with_operators to None, run_after=None
[2026-08-19T12:34:45.343+0000] {processor.py:183} INFO - Processing /home/airflow/.local/lib/python3.8/site-packages/airflow/example_dags/example_xcomargs.py took 0.100 seconds
[2026-08-19T12:35:15.755+0000] {processor.py:161} INFO - Started process (PID=2316) to work on /home/airflow/.local/lib/python3.8/site-packages/airflow/example_dags/example_xcomargs.py
[2026-08-19T12:35:15.757+0000] {processor.py:830} INFO - Processing file /home/airflow/.local/lib/python3.8/site-packages/airflow/example_dags/example_xcomargs.py for tasks to queue
[2026-08-19T12:35:15.759+0000] {logging_mixin.py:188} INFO - [2026-08-19T12:35:15.758+0000] {dagbag.py:538} INFO - Filling up the DagBag from /home/airflow/.local/lib/python3.8/site-packages/airflow/example_dags/example_xcomargs.py
[2026-08-19T12:35:15.767+0000] {processor.py:840} INFO - DAG(s) 'example_xcom_args', 'example_xcom_args_with_operators' retrieved from /home/airflow/.local/lib/python3.8/site-packages/airflow/example_dags/example_xcomargs.py
[2026-08-19T12:35:15.800+0000] {logging_mixin.py:188} INFO - [2026-08-19T12:35:15.800+0000] {dag.py:3036} INFO - Sync 2 DAGs
[2026-08-19T12:35:15.816+0000] {logging_mixin.py:188} INFO - [2026-08-19T12:35:15.816+0000] {dag.py:3823} INFO - Setting next_dagrun for example_xcom_args to None, run_after=None
[2026-08-19T12:35:15.822+0000] {logging_mixin.py:188} INFO - [2026-08-19T12:35:15.822+0000] {dag.py:3823} INFO - Setting next_dagrun for example_xcom_args_with_operators to None, run_after=None
[2026-08-19T12:35:15.850+0000] {processor.py:183} INFO - Processing /home/airflow/.local/lib/python3.8/site-packages/airflow/example_dags/example_xcomargs.py took 0.098 seconds
[2026-08-19T12:35:46.121+0000] {processor.py:161} INFO - Started process (PID=2399) to work on /home/airflow/.local/lib/python3.8/site-packages/airflow/example_dags/example_xcomargs.py
[2026-08-19T12:35:46.123+0000] {processor.py:830} INFO - Processing file /home/airflow/.local/lib/python3.8/site-packages/airflow/example_dags/example_xcomargs.py for tasks to queue
[2026-08-19T12:35:46.126+0000] {logging_mixin.py:188} INFO - [2026-08-19T12:35:46.126+0000] {dagbag.py:538} INFO - Filling up the DagBag from /home/airflow/.local/lib/python3.8/site-packages/airflow/example_dags/example_xcomargs.py
[2026-08-19T12:35:46.137+0000] {processor.py:840} INFO - DAG(s) 'example_xcom_args_with_operators', 'example_xcom_args' retrieved from /home/airflow/.local/lib/python3.8/site-packages/airflow/example_dags/example_xcomargs.py
[2026-08-19T12:35:46.171+0000] {logging_mixin.py:188} INFO - [2026-08-19T12:35:46.170+0000] {dag.py:3036} INFO - Sync 2 DAGs
[2026-08-19T12:35:46.185+0000] {logging_mixin.py:188} INFO - [2026-08-19T12:35:46.185+0000] {dag.py:3823} INFO - Setting next_dagrun for example_xcom_args to None, run_after=None
[2026-08-19T12:35:46.189+0000] {logging_mixin.py:188} INFO - [2026-08-19T12:35:46.189+0000] {dag.py:3823} INFO - Setting next_dagrun for example_xcom_args_with_operators to None, run_after=None
[2026-08-19T12:35:46.214+0000] {processor.py:183} INFO - Processing /home/airflow/.local/lib/python3.8/site-packages/airflow/example_dags/example_xcomargs.py took 0.097 seconds
[2026-08-19T12:36:16.452+0000] {processor.py:161} INFO - Started process (PID=2482) to work on /home/airflow/.local/lib/python3.8/site-packages/airflow/example_dags/example_xcomargs.py
[2026-08-19T12:36:16.454+0000] {processor.py:830} INFO - Processing file /home/airflow/.local/lib/python3.8/site-packages/airflow/example_dags/example_xcomargs.py for tasks to queue
[2026-08-19T12:36:16.456+0000] {logging_mixin.py:188} INFO - [2026-08-19T12:36:16.455+0000] {dagbag.py:538} INFO - Filling up the DagBag from /home/airflow/.local/lib/python3.8/site-packages/airflow/example_dags/example_xcomargs.py
[2026-08-19T12:36:16.469+0000] {processor.py:840} INFO - DAG(s) 'example_xcom_args', 'example_xcom_args_with_operators' retrieved from /home/airflow/.local/lib/python3.8/site-packages/airflow/example_dags/example_xcomargs.py
[2026-08-19T12:36:16.501+0000] {logging_mixin.py:188} INFO - [2026-08-19T12:36:16.500+0000] {dag.py:3036} INFO - Sync 2 DAGs
[2026-08-19T12:36:16.515+0000] {logging_mixin.py:188} INFO - [2026-08-19T12:36:16.514+0000] {dag.py:3823} INFO - Setting next_dagrun for example_xcom_args to None, run_after=None
[2026-08-19T12:36:16.519+0000] {logging_mixin.py:188} INFO - [2026-08-19T12:36:16.519+0000] {dag.py:3823} INFO - Setting next_dagrun for example_xcom_args_with_operators to None, run_after=None
[2026-08-19T12:36:16.541+0000] {processor.py:183} INFO - Processing /home/airflow/.local/lib/python3.8/site-packages/airflow/example_dags/example_xcomargs.py took 0.093 seconds
[2026-08-19T12:36:46.787+0000] {processor.py:161} INFO - Started process (PID=2573) to work on /home/airflow/.local/lib/python3.8/site-packages/airflow/example_dags/example_xcomargs.py
[2026-08-19T12:36:46.788+0000] {processor.py:830} INFO - Processing file /home/airflow/.local/lib/python3.8/site-packages/airflow/example_dags/example_xcomargs.py for tasks to queue
[2026-08-19T12:36:46.792+0000] {logging_mixin.py:188} INFO - [2026-08-19T12:36:46.792+0000] {dagbag.py:538} INFO - Filling up the DagBag from /home/airflow/.local/lib/python3.8/site-packages/airflow/example_dags/example_xcomargs.py
[2026-08-19T12:36:46.807+0000] {processor.py:840} INFO - DAG(s) 'example_xcom_args_with_operators', 'example_xcom_args' retrieved from /home/airflow/.local/lib/python3.8/site-packages/airflow/example_dags/example_xcomargs.py
[2026-08-19T12:36:46.837+0000] {logging_mixin.py:188} INFO - [2026-08-19T12:36:46.837+0000] {dag.py:3036} INFO - Sync 2 DAGs
[2026-08-19T12:36:46.851+0000] {logging_mixin.py:188} INFO - [2026-08-19T12:36:46.851+0000] {dag.py:3823} INFO - Setting next_dagrun for example_xcom_args to None, run_after=None
[2026-08-19T12:36:46.855+0000] {logging_mixin.py:188} INFO - [2026-08-19T12:36:46.855+0000] {dag.py:3823} INFO - Setting next_dagrun for example_xcom_args_with_operators to None, run_after=None
[2026-08-19T12:36:46.877+0000] {processor.py:183} INFO - Processing /home/airflow/.local/lib/python3.8/site-packages/airflow/example_dags/example_xcomargs.py took 0.096 seconds
[2026-08-19T12:37:17.144+0000] {processor.py:161} INFO - Started process (PID=2656) to work on /home/airflow/.local/lib/python3.8/site-packages/airflow/example_dags/example_xcomargs.py
[2026-08-19T12:37:17.145+0000] {processor.py:830} INFO - Processing file /home/airflow/.local/lib/python3.8/site-packages/airflow/example_dags/example_xcomargs.py for tasks to queue
[2026-08-19T12:37:17.147+0000] {logging_mixin.py:188} INFO - [2026-08-19T12:37:17.147+0000] {dagbag.py:538} INFO - Filling up the DagBag from /home/airflow/.local/lib/python3.8/site-packages/airflow/example_dags/example_xcomargs.py
[2026-08-19T12:37:17.156+0000] {processor.py:840} INFO - DAG(s) 'example_xcom_args', 'example_xcom_args_with_operators' retrieved from /home/airflow/.local/lib/python3.8/site-packages/airflow/example_dags/example_xcomargs.py
[2026-08-19T12:37:17.179+0000] {logging_mixin.py:188} INFO - [2026-08-19T12:37:17.178+0000] {dag.py:3036} INFO - Sync 2 DAGs
[2026-08-19T12:37:17.192+0000] {logging_mixin.py:188} INFO - [2026-08-19T12:37:17.192+0000] {dag.py:3823} INFO - Setting next_dagrun for example_xcom_args to None, run_after=None
[2026-08-19T12:37:17.197+0000] {logging_mixin.py:188} INFO - [2026-08-19T12:37:17.196+0000] {dag.py:3823} INFO - Setting next_dagrun for example_xcom_args_with_operators to None, run_after=None
[2026-08-19T12:37:17.216+0000] {processor.py:183} INFO - Processing /home/airflow/.local/lib/python3.8/site-packages/airflow/example_dags/example_xcomargs.py took 0.076 seconds
[2026-08-19T12:37:47.634+0000] {processor.py:161} INFO - Started process (PID=2739) to work on /home/airflow/.local/lib/python3.8/site-packages/airflow/example_dags/example_xcomargs.py
[2026-08-19T12:37:47.635+0000] {processor.py:830} INFO - Processing file /home/airflow/.local/lib/python3.8/site-packages/airflow/example_dags/example_xcomargs.py for tasks to queue
[2026-08-19T12:37:47.638+0000] {logging_mixin.py:188} INFO - [2026-08-19T12:37:47.637+0000] {dagbag.py:538} INFO - Filling up the DagBag from /home/airflow/.local/lib/python3.8/site-packages/airflow/example_dags/example_xcomargs.py
[2026-08-19T12:37:47.646+0000] {processor.py:840} INFO - DAG(s) 'example_xcom_args', 'example_xcom_args_with_operators' retrieved from /home/airflow/.local/lib/python3.8/site-packages/airflow/example_dags/example_xcomargs.py
[2026-08-19T12:37:47.672+0000] {logging_mixin.py:188} INFO - [2026-08-19T12:37:47.671+0000] {dag.py:3036} INFO - Sync 2 DAGs
[2026-08-19T12:37:47.685+0000] {logging_mixin.py:188} INFO - [2026-08-19T12:37:47.685+0000] {dag.py:3823} INFO - Setting next_dagrun for example_xcom_args to None, run_after=None
[2026-08-19T12:37:47.691+0000] {logging_mixin.py:188} INFO - [2026-08-19T12:37:47.690+0000] {dag.py:3823} INFO - Setting next_dagrun for example_xcom_args_with_operators to None, run_after=None
[2026-08-19T12:37:47.711+0000] {processor.py:183} INFO - Processing /home/airflow/.local/lib/python3.8/site-packages/airflow/example_dags/example_xcomargs.py took 0.081 seconds
[2026-08-19T12:38:18.616+0000] {processor.py:161} INFO - Started process (PID=2822) to work on /home/airflow/.local/lib/python3.8/site-packages/airflow/example_dags/example_xcomargs.py
[2026-08-19T12:38:18.617+0000] {processor.py:830} INFO - Processing file /home/airflow/.local/lib/python3.8/site-packages/airflow/example_dags/example_xcomargs.py for tasks to queue
[2026-08-19T12:38:18.620+0000] {logging_mixin.py:188} INFO - [2026-08-19T12:38:18.619+0000] {dagbag.py:538} INFO - Filling up the DagBag from /home/airflow/.local/lib/python3.8/site-packages/airflow/example_dags/example_xcomargs.py
[2026-08-19T12:38:18.629+0000] {processor.py:840} INFO - DAG(s) 'example_xcom_args_with_operators', 'example_xcom_args' retrieved from /home/airflow/.local/lib/python3.8/site-packages/airflow/example_dags/example_xcomargs.py
[2026-08-19T12:38:18.653+0000] {logging_mixin.py:188} INFO - [2026-08-19T12:38:18.653+0000] {dag.py:3036} INFO - Sync 2 DAGs
[2026-08-19T12:38:18.667+0000] {logging_mixin.py:188} INFO - [2026-08-19T12:38:18.667+0000] {dag.py:3823} INFO - Setting next_dagrun for example_xcom_args to None, run_after=None
[2026-08-19T12:38:18.671+0000] {logging_mixin.py:188} INFO - [2026-08-19T12:38:18.671+0000] {dag.py:3823} INFO - Setting next_dagrun for example_xcom_args_with_operators to None, run_after=None
[2026-08-19T12:38:18.691+0000] {processor.py:183} INFO - Processing /home/airflow/.local/lib/python3.8/site-packages/airflow/example_dags/example_xcomargs.py took 0.078 seconds
[2026-08-19T12:38:49.786+0000] {processor.py:161} INFO - Started process (PID=2905) to work on /home/airflow/.local/lib/python3.8/site-packages/airflow/example_dags/example_xcomargs.py
[2026-08-19T12:38:49.787+0000] {processor.py:830} INFO - Processing file /home/airflow/.local/lib/python3.8/site-packages/airflow/example_dags/example_xcomargs.py for tasks to queue
[2026-08-19T12:38:49.792+0000] {logging_mixin.py:188} INFO - [2026-08-19T12:38:49.792+0000] {dagbag.py:538} INFO - Filling up the DagBag from /home/airflow/.local/lib/python3.8/site-packages/airflow/example_dags/example_xcomargs.py
[2026-08-19T12:38:49.804+0000] {processor.py:840} INFO - DAG(s) 'example_xcom_args_with_operators', 'example_xcom_args' retrieved from /home/airflow/.local/lib/python3.8/site-packages/airflow/example_dags/example_xcomargs.py
[2026-08-19T12:38:49.831+0000] {logging_mixin.py:188} INFO - [2026-08-19T12:38:49.830+0000] {dag.py:3036} INFO - Sync 2 DAGs
[2026-08-19T12:38:49.845+0000] {logging_mixin.py:188} INFO - [2026-08-19T12:38:49.845+0000] {dag.py:3823} INFO - Setting next_dagrun for example_xcom_args to None, run_after=None
[2026-08-19T12:38:49.851+0000] {logging_mixin.py:188} INFO - [2026-08-19T12:38:49.851+0000] {dag.py:3823} INFO - Setting next_dagrun for example_xcom_args_with_operators to None, run_after=None
[2026-08-19T12:38:49.874+0000] {processor.py:183} INFO - Processing /home/airflow/.local/lib/python3.8/site-packages/airflow/example_dags/example_xcomargs.py took 0.095 seconds
[2026-08-19T12:39:20.882+0000] {processor.py:161} INFO - Started process (PID=2988) to work on /home/airflow/.local/lib/python3.8/site-packages/airflow/example_dags/example_xcomargs.py
[2026-08-19T12:39:20.883+0000] {processor.py:830} INFO - Processing file /home/airflow/.local/lib/python3.8/site-packages/airflow/example_dags/example_xcomargs.py for tasks to queue
[2026-08-19T12:39:20.885+0000] {logging_mixin.py:188} INFO - [2026-08-19T12:39:20.885+0000] {dagbag.py:538} INFO - Filling up the DagBag from /home/airflow/.local/lib/python3.8/site-packages/airflow/example_dags/example_xcomargs.py
[2026-08-19T12:39:20.894+0000] {processor.py:840} INFO - DAG(s) 'example_xcom_args', 'example_xcom_args_with_operators' retrieved from /home/airflow/.local/lib/python3.8/site-packages/airflow/example_dags/example_xcomargs.py
[2026-08-19T12:39:20.917+0000] {logging_mixin.py:188} INFO - [2026-08-19T12:39:20.917+0000] {dag.py:3036} INFO - Sync 2 DAGs
[2026-08-19T12:39:20.930+0000] {logging_mixin.py:188} INFO - [2026-08-19T12:39:20.930+0000] {dag.py:3823} INFO - Setting next_dagrun for example_xcom_args to None, run_after=None
[2026-08-19T12:39:20.934+0000] {logging_mixin.py:188} INFO - [2026-08-19T12:39:20.934+0000] {dag.py:3823} INFO - Setting next_dagrun for example_xcom_args_with_operators to None, run_after=None
[2026-08-19T12:39:20.952+0000] {processor.py:183} INFO - Processing /home/airflow/.local/lib/python3.8/site-packages/airflow/example_dags/example_xcomargs.py took 0.074 seconds
[2026-08-19T12:39:52.656+0000] {processor.py:161} INFO - Started process (PID=3071) to work on /home/airflow/.local/lib/python3.8/site-packages/airflow/example_dags/example_xcomargs.py
[2026-08-19T12:39:52.657+0000] {processor.py:830} INFO - Processing file /home/airflow/.local/lib/python3.8/site-packages/airflow/example_dags/example_xcomargs.py for tasks to queue
[2026-08-19T12:39:52.659+0000] {logging_mixin.py:188} INFO - [2026-08-19T12:39:52.659+0000] {dagbag.py:538} INFO - Filling up the DagBag from /home/airflow/.local/lib/python3.8/site-packages/airflow/example_dags/example_xcomargs.py
[2026-08-19T12:39:52.672+0000] {processor.py:840} INFO - DAG(s) 'example_xcom_args', 'example_xcom_args_with_operators' retrieved from /home/airflow/.local/lib/python3.8/site-packages/airflow/example_dags/example_xcomargs.py
[2026-08-19T12:39:52.718+0000] {logging_mixin.py:188} INFO - [2026-08-19T12:39:52.718+0000] {dag.py:3036} INFO - Sync 2 DAGs
[2026-08-19T12:39:52.748+0000] {logging_mixin.py:188} INFO - [2026-08-19T12:39:52.747+0000] {dag.py:3823} INFO - Setting next_dagrun for example_xcom_args to None, run_after=None
[2026-08-19T12:39:52.755+0000] {logging_mixin.py:188} INFO - [2026-08-19T12:39:52.754+0000] {dag.py:3823} INFO - Setting next_dagrun for example_xcom_args_with_operators to None, run_after=None
[2026-08-19T12:39:52.819+0000] {processor.py:183} INFO - Processing /home/airflow/.local/lib/python3.8/site-packages/airflow/example_dags/example_xcomargs.py took 0.167 seconds
[2026-08-19T12:40:23.502+0000] {processor.py:161} INFO - Started process (PID=3154) to work on /home/airflow/.local/lib/python3.8/site-packages/airflow/example_dags/example_xcomargs.py
[2026-08-19T12:40:23.504+0000] {processor.py:830} INFO - Processing file /home/airflow/.local/lib/python3.8/site-packages/airflow/example_dags/example_xcomargs.py for tasks to queue
[2026-08-19T12:40:23.507+0000] {logging_mixin.py:188} INFO - [2026-08-19T12:40:23.507+0000] {dagbag.py:538} INFO - Filling up the DagBag from /home/airflow/.local/lib/python3.8/site-packages/airflow/example_dags/example_xcomargs.py
[2026-08-19T12:40:23.526+0000] {processor.py:840} INFO - DAG(s) 'example_xcom_args', 'example_xcom_args_with_operators' retrieved from /home/airflow/.local/lib/python3.8/site-packages/airflow/example_dags/example_xcomargs.py
[2026-08-19T12:40:23.558+0000] {logging_mixin.py:188} INFO - [2026-08-19T12:40:23.558+0000] {dag.py:3036} INFO - Sync 2 DAGs
[2026-08-19T12:40:23.574+0000] {logging_mixin.py:188} INFO - [2026-08-19T12:40:23.574+0000] {dag.py:3823} INFO - Setting next_dagrun for example_xcom_args to None, run_after=None
[2026-08-19T12:40:23.579+0000] {logging_mixin.py:188} INFO - [2026-08-19T12:40:23.579+0000] {dag.py:3823} INFO - Setting next_dagrun for example_xcom_args_with_operators to None, run_after=None
[2026-08-19T12:40:23.602+0000] {processor.py:183} INFO - Processing /home/airflow/.local/lib/python3.8/site-packages/airflow/example_dags/example_xcomargs.py took 0.106 seconds
[2026-08-19T12:40:54.742+0000] {processor.py:161} INFO - Started process (PID=3237) to work on /home/airflow/.local/lib/python3.8/site-packages/airflow/example_dags/example_xcomargs.py
[2026-08-19T12:40:54.744+0000] {processor.py:830} INFO - Processing file /home/airflow/.local/lib/python3.8/site-packages/airflow/example_dags/example_xcomargs.py for tasks to queue
[2026-08-19T12:40:54.746+0000] {logging_mixin.py:188} INFO - [2026-08-19T12:40:54.746+0000] {dagbag.py:538} INFO - Filling up the DagBag from /home/airflow/.local/lib/python3.8/site-packages/airflow/example_dags/example_xcomargs.py
[2026-08-19T12:40:54.755+0000] {processor.py:840} INFO - DAG(s) 'example_xcom_args_with_operators', 'example_xcom_args' retrieved from /home/airflow/.local/lib/python3.8/site-packages/airflow/example_dags/example_xcomargs.py
[2026-08-19T12:40:54.783+0000] {logging_mixin.py:188} INFO - [2026-08-19T12:40:54.783+0000] {dag.py:3036} INFO - Sync 2 DAGs
[2026-08-19T12:40:54.796+0000] {logging_mixin.py:188} INFO - [2026-08-19T12:40:54.796+0000] {dag.py:3823} INFO - Setting next_dagrun for example_xcom_args to None, run_after=None
[2026-08-19T12:40:54.800+0000] {logging_mixin.py:188} INFO - [2026-08-19T12:40:54.800+0000] {dag.py:3823} INFO - Setting next_dagrun for example_xcom_args_with_operators to None, run_after=None
[2026-08-19T12:40:54.818+0000] {processor.py:183} INFO - Processing /home/airflow/.local/lib/python3.8/site-packages/airflow/example_dags/example_xcomargs.py took 0.080 seconds
[2026-08-19T12:41:26.096+0000] {processor.py:161} INFO - Started process (PID=3324) to work on /home/airflow/.local/lib/python3.8/site-packages/airflow/example_dags/example_xcomargs.py
[2026-08-19T12:41:26.098+0000] {processor.py:830} INFO - Processing file /home/airflow/.local/lib/python3.8/site-packages/airflow/example_dags/example_xcomargs.py for tasks to queue
[2026-08-19T12:41:26.101+0000] {logging_mixin.py:188} INFO - [2026-08-19T12:41:26.100+0000] {dagbag.py:538} INFO - Filling up the DagBag from /home/airflow/.local/lib/python3.8/site-packages/airflow/example_dags/example_xcomargs.py
[2026-08-19T12:41:26.110+0000] {processor.py:840} INFO - DAG(s) 'example_xcom_args_with_operators', 'example_xcom_args' retrieved from /home/airflow/.local/lib/python3.8/site-packages/airflow/example_dags/example_xcomargs.py
[2026-08-19T12:41:26.143+0000] {logging_mixin.py:188} INFO - [2026-08-19T12:41:26.143+0000] {dag.py:3036} INFO - Sync 2 DAGs
[2026-08-19T12:41:26.157+0000] {logging_mixin.py:188} INFO - [2026-08-19T12:41:26.157+0000] {dag.py:3823} INFO - Setting next_dagrun for example_xcom_args to None, run_after=None
[2026-08-19T12:41:26.161+0000] {logging_mixin.py:188} INFO - [2026-08-19T12:41:26.161+0000] {dag.py:3823} INFO - Setting next_dagrun for example_xcom_args_with_operators to None, run_after=None
[2026-08-19T12:41:26.180+0000] {processor.py:183} INFO - Processing /home/airflow/.local/lib/python3.8/site-packages/airflow/example_dags/example_xcomargs.py took 0.088 seconds
[2026-08-19T12:41:56.928+0000] {processor.py:161} INFO - Started process (PID=3407) to work on /home/airflow/.local/lib/python3.8/site-packages/airflow/example_dags/example_xcomargs.py
[2026-08-19T12:41:56.929+0000] {processor.py:830} INFO - Processing file /home/airflow/.local/lib/python3.8/site-packages/airflow/example_dags/example_xcomargs.py for tasks to queue
[2026-08-19T12:41:56.931+0000] {logging_mixin.py:188} INFO - [2026-08-19T12:41:56.931+0000] {dagbag.py:538} INFO - Filling up the DagBag from /home/airflow/.local/lib/python3.8/site-packages/airflow/example_dags/example_xcomargs.py
[2026-08-19T12:41:56.940+0000] {processor.py:840} INFO - DAG(s) 'example_xcom_args', 'example_xcom_args_with_operators' retrieved from /home/airflow/.local/lib/python3.8/site-packages/airflow/example_dags/example_xcomargs.py
[2026-08-19T12:41:56.967+0000] {logging_mixin.py:188} INFO - [2026-08-19T12:41:56.967+0000] {dag.py:3036} INFO - Sync 2 DAGs
[2026-08-19T12:41:56.979+0000] {logging_mixin.py:188} INFO - [2026-08-19T12:41:56.979+0000] {dag.py:3823} INFO - Setting next_dagrun for example_xcom_args to None, run_after=None
[2026-08-19T12:41:56.984+0000] {logging_mixin.py:188} INFO - [2026-08-19T12:41:56.983+0000] {dag.py:3823} INFO - Setting next_dagrun for example_xcom_args_with_operators to None, run_after=None
[2026-08-19T12:41:57.001+0000] {processor.py:183} INFO - Processing /home/airflow/.local/lib/python3.8/site-packages/airflow/example_dags/example_xcomargs.py took 0.077 seconds
[2026-08-19T12:42:27.231+0000] {processor.py:161} INFO - Started process (PID=3490) to work on /home/airflow/.local/lib/python3.8/site-packages/airflow/example_dags/example_xcomargs.py
[2026-08-19T12:42:27.232+0000] {processor.py:830} INFO - Processing file /home/airflow/.local/lib/python3.8/site-packages/airflow/example_dags/example_xcomargs.py for tasks to queue
[2026-08-19T12:42:27.234+0000] {logging_mixin.py:188} INFO - [2026-08-19T12:42:27.234+0000] {dagbag.py:538} INFO - Filling up the DagBag from /home/airflow/.local/lib/python3.8/site-packages/airflow/example_dags/example_xcomargs.py
[2026-08-19T12:42:27.242+0000] {processor.py:840} INFO - DAG(s) 'example_xcom_args', 'example_xcom_args_with_operators' retrieved from /home/airflow/.local/lib/python3.8/site-packages/airflow/example_dags/example_xcomargs.py
[2026-08-19T12:42:27.267+0000] {logging_mixin.py:188} INFO - [2026-08-19T12:42:27.267+0000] {dag.py:3036} INFO - Sync 2 DAGs
[2026-08-19T12:42:27.280+0000] {logging_mixin.py:188} INFO - [2026-08-19T12:42:27.279+0000] {dag.py:3823} INFO - Setting next_dagrun for example_xcom_args to None, run_after=None
[2026-08-19T12:42:27.284+0000] {logging_mixin.py:188} INFO - [2026-08-19T12:42:27.283+0000] {dag.py:3823} INFO - Setting next_dagrun for example_xcom_args_with_operators to None, run_after=None
[2026-08-19T12:42:27.301+0000] {processor.py:183} INFO - Processing /home/airflow/.local/lib/python3.8/site-packages/airflow/example_dags/example_xcomargs.py took 0.073 seconds
[2026-08-19T12:42:58.891+0000] {processor.py:161} INFO - Started process (PID=3573) to work on /home/airflow/.local/lib/python3.8/site-packages/airflow/example_dags/example_xcomargs.py
[2026-08-19T12:42:58.892+0000] {processor.py:830} INFO - Processing file /home/airflow/.local/lib/python3.8/site-packages/airflow/example_dags/example_xcomargs.py for tasks to queue
[2026-08-19T12:42:58.895+0000] {logging_mixin.py:188} INFO - [2026-08-19T12:42:58.895+0000] {dagbag.py:538} INFO - Filling up the DagBag from /home/airflow/.local/lib/python3.8/site-packages/airflow/example_dags/example_xcomargs.py
[2026-08-19T12:42:58.904+0000] {processor.py:840} INFO - DAG(s) 'example_xcom_args_with_operators', 'example_xcom_args' retrieved from /home/airflow/.local/lib/python3.8/site-packages/airflow/example_dags/example_xcomargs.py
[2026-08-19T12:42:58.930+0000] {logging_mixin.py:188} INFO - [2026-08-19T12:42:58.929+0000] {dag.py:3036} INFO - Sync 2 DAGs
[2026-08-19T12:42:58.943+0000] {logging_mixin.py:188} INFO - [2026-08-19T12:42:58.942+0000] {dag.py:3823} INFO - Setting next_dagrun for example_xcom_args to None, run_after=None
[2026-08-19T12:42:58.946+0000] {logging_mixin.py:188} INFO - [2026-08-19T12:42:58.946+0000] {dag.py:3823} INFO - Setting next_dagrun for example_xcom_args_with_operators to None, run_after=None
[2026-08-19T12:42:58.967+0000] {processor.py:183} INFO - Processing /home/airflow/.local/lib/python3.8/site-packages/airflow/example_dags/example_xcomargs.py took 0.080 seconds
[2026-08-19T12:43:31.671+0000] {processor.py:161} INFO - Started process (PID=3656) to work on /home/airflow/.local/lib/python3.8/site-packages/airflow/example_dags/example_xcomargs.py
[2026-08-19T12:43:31.673+0000] {processor.py:830} INFO - Processing file /home/airflow/.local/lib/python3.8/site-packages/airflow/example_dags/example_xcomargs.py for tasks to queue
[2026-08-19T12:43:31.677+0000] {logging_mixin.py:188} INFO - [2026-08-19T12:43:31.677+0000] {dagbag.py:538} INFO - Filling up the DagBag from /home/airflow/.local/lib/python3.8/site-packages/airflow/example_dags/example_xcomargs.py
[2026-08-19T12:43:31.697+0000] {processor.py:840} INFO - DAG(s) 'example_xcom_args', 'example_xcom_args_with_operators' retrieved from /home/airflow/.local/lib/python3.8/site-packages/airflow/example_dags/example_xcomargs.py
[2026-08-19T12:43:31.757+0000] {logging_mixin.py:188} INFO - [2026-08-19T12:43:31.756+0000] {dag.py:3036} INFO - Sync 2 DAGs
[2026-08-19T12:43:31.789+0000] {logging_mixin.py:188} INFO - [2026-08-19T12:43:31.789+0000] {dag.py:3823} INFO - Setting next_dagrun for example_xcom_args to None, run_after=None
[2026-08-19T12:43:31.805+0000] {logging_mixin.py:188} INFO - [2026-08-19T12:43:31.805+0000] {dag.py:3823} INFO - Setting next_dagrun for example_xcom_args_with_operators to None, run_after=None
[2026-08-19T12:43:32.108+0000] {processor.py:183} INFO - Processing /home/airflow/.local/lib/python3.8/site-packages/airflow/example_dags/example_xcomargs.py took 0.443 seconds
[2026-08-19T12:44:10.693+0000] {processor.py:161} INFO - Started process (PID=3741) to work on /home/airflow/.local/lib/python3.8/site-packages/airflow/example_dags/example_xcomargs.py
[2026-08-19T12:44:10.696+0000] {processor.py:830} INFO - Processing file /home/airflow/.local/lib/python3.8/site-packages/airflow/example_dags/example_xcomargs.py for tasks to queue
[2026-08-19T12:44:10.699+0000] {logging_mixin.py:188} INFO - [2026-08-19T12:44:10.699+0000] {dagbag.py:538} INFO - Filling up the DagBag from /home/airflow/.local/lib/python3.8/site-packages/airflow/example_dags/example_xcomargs.py
[2026-08-19T12:44:10.917+0000] {processor.py:840} INFO - DAG(s) 'example_xcom_args', 'example_xcom_args_with_operators' retrieved from /home/airflow/.local/lib/python3.8/site-packages/airflow/example_dags/example_xcomargs.py
[2026-08-19T12:44:10.946+0000] {logging_mixin.py:188} INFO - [2026-08-19T12:44:10.946+0000] {dag.py:3036} INFO - Sync 2 DAGs
[2026-08-19T12:44:10.966+0000] {logging_mixin.py:188} INFO - [2026-08-19T12:44:10.965+0000] {dag.py:3823} INFO - Setting next_dagrun for example_xcom_args to None, run_after=None
[2026-08-19T12:44:10.972+0000] {logging_mixin.py:188} INFO - [2026-08-19T12:44:10.972+0000] {dag.py:3823} INFO - Setting next_dagrun for example_xcom_args_with_operators to None, run_after=None
[2026-08-19T12:44:11.007+0000] {processor.py:183} INFO - Processing /home/airflow/.local/lib/python3.8/site-packages/airflow/example_dags/example_xcomargs.py took 0.323 seconds
[2026-08-19T12:44:41.235+0000] {processor.py:161} INFO - Started process (PID=3826) to work on /home/airflow/.local/lib/python3.8/site-packages/airflow/example_dags/example_xcomargs.py
[2026-08-19T12:44:41.237+0000] {processor.py:830} INFO - Processing file /home/airflow/.local/lib/python3.8/site-packages/airflow/example_dags/example_xcomargs.py for tasks to queue
[2026-08-19T12:44:41.240+0000] {logging_mixin.py:188} INFO - [2026-08-19T12:44:41.239+0000] {dagbag.py:538} INFO - Filling up the DagBag from /home/airflow/.local/lib/python3.8/site-packages/airflow/example_dags/example_xcomargs.py
[2026-08-19T12:44:41.250+0000] {processor.py:840} INFO - DAG(s) 'example_xcom_args_with_operators', 'example_xcom_args' retrieved from /home/airflow/.local/lib/python3.8/site-packages/airflow/example_dags/example_xcomargs.py
[2026-08-19T12:44:41.279+0000] {logging_mixin.py:188} INFO - [2026-08-19T12:44:41.279+0000] {dag.py:3036} INFO - Sync 2 DAGs
[2026-08-19T12:44:41.293+0000] {logging_mixin.py:188} INFO - [2026-08-19T12:44:41.293+0000] {dag.py:3823} INFO - Setting next_dagrun for example_xcom_args to None, run_after=None
[2026-08-19T12:44:41.299+0000] {logging_mixin.py:188} INFO - [2026-08-19T12:44:41.298+0000] {dag.py:3823} INFO - Setting next_dagrun for example_xcom_args_with_operators to None, run_after=None
[2026-08-19T12:44:41.320+0000] {processor.py:183} INFO - Processing /home/airflow/.local/lib/python3.8/site-packages/airflow/example_dags/example_xcomargs.py took 0.090 seconds
[2026-08-19T12:45:11.519+0000] {processor.py:161} INFO - Started process (PID=3913) to work on /home/airflow/.local/lib/python3.8/site-packages/airflow/example_dags/example_xcomargs.py
[2026-08-19T12:45:11.521+0000] {processor.py:830} INFO - Processing file /home/airflow/.local/lib/python3.8/site-packages/airflow/example_dags/example_xcomargs.py for tasks to queue
[2026-08-19T12:45:11.523+0000] {logging_mixin.py:188} INFO - [2026-08-19T12:45:11.523+0000] {dagbag.py:538} INFO - Filling up the DagBag from /home/airflow/.local/lib/python3.8/site-packages/airflow/example_dags/example_xcomargs.py
[2026-08-19T12:45:11.533+0000] {processor.py:840} INFO - DAG(s) 'example_xcom_args', 'example_xcom_args_with_operators' retrieved from /home/airflow/.local/lib/python3.8/site-packages/airflow/example_dags/example_xcomargs.py
[2026-08-19T12:45:11.563+0000] {logging_mixin.py:188} INFO - [2026-08-19T12:45:11.562+0000] {dag.py:3036} INFO - Sync 2 DAGs
[2026-08-19T12:45:11.579+0000] {logging_mixin.py:188} INFO - [2026-08-19T12:45:11.579+0000] {dag.py:3823} INFO - Setting next_dagrun for example_xcom_args to None, run_after=None
[2026-08-19T12:45:11.585+0000] {logging_mixin.py:188} INFO - [2026-08-19T12:45:11.585+0000] {dag.py:3823} INFO - Setting next_dagrun for example_xcom_args_with_operators to None, run_after=None
[2026-08-19T12:45:11.608+0000] {processor.py:183} INFO - Processing /home/airflow/.local/lib/python3.8/site-packages/airflow/example_dags/example_xcomargs.py took 0.093 seconds
[2026-08-19T12:45:41.745+0000] {processor.py:161} INFO - Started process (PID=3996) to work on /home/airflow/.local/lib/python3.8/site-packages/airflow/example_dags/example_xcomargs.py
[2026-08-19T12:45:41.746+0000] {processor.py:830} INFO - Processing file /home/airflow/.local/lib/python3.8/site-packages/airflow/example_dags/example_xcomargs.py for tasks to queue
[2026-08-19T12:45:41.748+0000] {logging_mixin.py:188} INFO - [2026-08-19T12:45:41.748+0000] {dagbag.py:538} INFO - Filling up the DagBag from /home/airflow/.local/lib/python3.8/site-packages/airflow/example_dags/example_xcomargs.py
[2026-08-19T12:45:41.756+0000] {processor.py:840} INFO - DAG(s) 'example_xcom_args', 'example_xcom_args_with_operators' retrieved from /home/airflow/.local/lib/python3.8/site-packages/airflow/example_dags/example_xcomargs.py
[2026-08-19T12:45:41.787+0000] {logging_mixin.py:188} INFO - [2026-08-19T12:45:41.786+0000] {dag.py:3036} INFO - Sync 2 DAGs
[2026-08-19T12:45:41.800+0000] {logging_mixin.py:188} INFO - [2026-08-19T12:45:41.799+0000] {dag.py:3823} INFO - Setting next_dagrun for example_xcom_args to None, run_after=None
[2026-08-19T12:45:41.803+0000] {logging_mixin.py:188} INFO - [2026-08-19T12:45:41.803+0000] {dag.py:3823} INFO - Setting next_dagrun for example_xcom_args_with_operators to None, run_after=None
[2026-08-19T12:45:41.824+0000] {processor.py:183} INFO - Processing /home/airflow/.local/lib/python3.8/site-packages/airflow/example_dags/example_xcomargs.py took 0.083 seconds
[2026-08-19T12:46:12.303+0000] {processor.py:161} INFO - Started process (PID=4079) to work on /home/airflow/.local/lib/python3.8/site-packages/airflow/example_dags/example_xcomargs.py
[2026-08-19T12:46:12.304+0000] {processor.py:830} INFO - Processing file /home/airflow/.local/lib/python3.8/site-packages/airflow/example_dags/example_xcomargs.py for tasks to queue
[2026-08-19T12:46:12.306+0000] {logging_mixin.py:188} INFO - [2026-08-19T12:46:12.306+0000] {dagbag.py:538} INFO - Filling up the DagBag from /home/airflow/.local/lib/python3.8/site-packages/airflow/example_dags/example_xcomargs.py
[2026-08-19T12:46:12.318+0000] {processor.py:840} INFO - DAG(s) 'example_xcom_args_with_operators', 'example_xcom_args' retrieved from /home/airflow/.local/lib/python3.8/site-packages/airflow/example_dags/example_xcomargs.py
[2026-08-19T12:46:12.355+0000] {logging_mixin.py:188} INFO - [2026-08-19T12:46:12.355+0000] {dag.py:3036} INFO - Sync 2 DAGs
[2026-08-19T12:46:12.374+0000] {logging_mixin.py:188} INFO - [2026-08-19T12:46:12.374+0000] {dag.py:3823} INFO - Setting next_dagrun for example_xcom_args to None, run_after=None
[2026-08-19T12:46:12.379+0000] {logging_mixin.py:188} INFO - [2026-08-19T12:46:12.379+0000] {dag.py:3823} INFO - Setting next_dagrun for example_xcom_args_with_operators to None, run_after=None
[2026-08-19T12:46:12.405+0000] {processor.py:183} INFO - Processing /home/airflow/.local/lib/python3.8/site-packages/airflow/example_dags/example_xcomargs.py took 0.107 seconds
[2026-08-19T12:46:42.482+0000] {processor.py:161} INFO - Started process (PID=4161) to work on /home/airflow/.local/lib/python3.8/site-packages/airflow/example_dags/example_xcomargs.py
[2026-08-19T12:46:42.483+0000] {processor.py:830} INFO - Processing file /home/airflow/.local/lib/python3.8/site-packages/airflow/example_dags/example_xcomargs.py for tasks to queue
[2026-08-19T12:46:42.486+0000] {logging_mixin.py:188} INFO - [2026-08-19T12:46:42.486+0000] {dagbag.py:538} INFO - Filling up the DagBag from /home/airflow/.local/lib/python3.8/site-packages/airflow/example_dags/example_xcomargs.py
[2026-08-19T12:46:42.497+0000] {processor.py:840} INFO - DAG(s) 'example_xcom_args_with_operators', 'example_xcom_args' retrieved from /home/airflow/.local/lib/python3.8/site-packages/airflow/example_dags/example_xcomargs.py
[2026-08-19T12:46:42.524+0000] {logging_mixin.py:188} INFO - [2026-08-19T12:46:42.524+0000] {dag.py:3036} INFO - Sync 2 DAGs
[2026-08-19T12:46:42.539+0000] {logging_mixin.py:188} INFO - [2026-08-19T12:46:42.539+0000] {dag.py:3823} INFO - Setting next_dagrun for example_xcom_args to None, run_after=None
[2026-08-19T12:46:42.543+0000] {logging_mixin.py:188} INFO - [2026-08-19T12:46:42.543+0000] {dag.py:3823} INFO - Setting next_dagrun for example_xcom_args_with_operators to None, run_after=None
[2026-08-19T12:46:42.562+0000] {processor.py:183} INFO - Processing /home/airflow/.local/lib/python3.8/site-packages/airflow/example_dags/example_xcomargs.py took 0.084 seconds
[2026-08-19T12:47:12.867+0000] {processor.py:161} INFO - Started process (PID=4249) to work on /home/airflow/.local/lib/python3.8/site-packages/airflow/example_dags/example_xcomargs.py
[2026-08-19T12:47:12.868+0000] {processor.py:830} INFO - Processing file /home/airflow/.local/lib/python3.8/site-packages/airflow/example_dags/example_xcomargs.py for tasks to queue
[2026-08-19T12:47:12.870+0000] {logging_mixin.py:188} INFO - [2026-08-19T12:47:12.870+0000] {dagbag.py:538} INFO - Filling up the DagBag from /home/airflow/.local/lib/python3.8/site-packages/airflow/example_dags/example_xcomargs.py
[2026-08-19T12:47:12.879+0000] {processor.py:840} INFO - DAG(s) 'example_xcom_args', 'example_xcom_args_with_operators' retrieved from /home/airflow/.local/lib/python3.8/site-packages/airflow/example_dags/example_xcomargs.py
[2026-08-19T12:47:12.904+0000] {logging_mixin.py:188} INFO - [2026-08-19T12:47:12.903+0000] {dag.py:3036} INFO - Sync 2 DAGs
[2026-08-19T12:47:12.918+0000] {logging_mixin.py:188} INFO - [2026-08-19T12:47:12.918+0000] {dag.py:3823} INFO - Setting next_dagrun for example_xcom_args to None, run_after=None
[2026-08-19T12:47:12.923+0000] {logging_mixin.py:188} INFO - [2026-08-19T12:47:12.922+0000] {dag.py:3823} INFO - Setting next_dagrun for example_xcom_args_with_operators to None, run_after=None
[2026-08-19T12:47:12.945+0000] {processor.py:183} INFO - Processing /home/airflow/.local/lib/python3.8/site-packages/airflow/example_dags/example_xcomargs.py took 0.081 seconds
[2026-08-19T12:47:44.074+0000] {processor.py:161} INFO - Started process (PID=4336) to work on /home/airflow/.local/lib/python3.8/site-packages/airflow/example_dags/example_xcomargs.py
[2026-08-19T12:47:44.075+0000] {processor.py:830} INFO - Processing file /home/airflow/.local/lib/python3.8/site-packages/airflow/example_dags/example_xcomargs.py for tasks to queue
[2026-08-19T12:47:44.078+0000] {logging_mixin.py:188} INFO - [2026-08-19T12:47:44.077+0000] {dagbag.py:538} INFO - Filling up the DagBag from /home/airflow/.local/lib/python3.8/site-packages/airflow/example_dags/example_xcomargs.py
[2026-08-19T12:47:44.087+0000] {processor.py:840} INFO - DAG(s) 'example_xcom_args', 'example_xcom_args_with_operators' retrieved from /home/airflow/.local/lib/python3.8/site-packages/airflow/example_dags/example_xcomargs.py
[2026-08-19T12:47:44.114+0000] {logging_mixin.py:188} INFO - [2026-08-19T12:47:44.114+0000] {dag.py:3036} INFO - Sync 2 DAGs
[2026-08-19T12:47:44.128+0000] {logging_mixin.py:188} INFO - [2026-08-19T12:47:44.128+0000] {dag.py:3823} INFO - Setting next_dagrun for example_xcom_args to None, run_after=None
[2026-08-19T12:47:44.133+0000] {logging_mixin.py:188} INFO - [2026-08-19T12:47:44.132+0000] {dag.py:3823} INFO - Setting next_dagrun for example_xcom_args_with_operators to None, run_after=None
[2026-08-19T12:47:44.150+0000] {processor.py:183} INFO - Processing /home/airflow/.local/lib/python3.8/site-packages/airflow/example_dags/example_xcomargs.py took 0.079 seconds
[2026-08-19T12:48:14.554+0000] {processor.py:161} INFO - Started process (PID=4419) to work on /home/airflow/.local/lib/python3.8/site-packages/airflow/example_dags/example_xcomargs.py
[2026-08-19T12:48:14.556+0000] {processor.py:830} INFO - Processing file /home/airflow/.local/lib/python3.8/site-packages/airflow/example_dags/example_xcomargs.py for tasks to queue
[2026-08-19T12:48:14.558+0000] {logging_mixin.py:188} INFO - [2026-08-19T12:48:14.557+0000] {dagbag.py:538} INFO - Filling up the DagBag from /home/airflow/.local/lib/python3.8/site-packages/airflow/example_dags/example_xcomargs.py
[2026-08-19T12:48:14.566+0000] {processor.py:840} INFO - DAG(s) 'example_xcom_args', 'example_xcom_args_with_operators' retrieved from /home/airflow/.local/lib/python3.8/site-packages/airflow/example_dags/example_xcomargs.py
[2026-08-19T12:48:14.595+0000] {logging_mixin.py:188} INFO - [2026-08-19T12:48:14.595+0000] {dag.py:3036} INFO - Sync 2 DAGs
[2026-08-19T12:48:14.609+0000] {logging_mixin.py:188} INFO - [2026-08-19T12:48:14.609+0000] {dag.py:3823} INFO - Setting next_dagrun for example_xcom_args to None, run_after=None
[2026-08-19T12:48:14.613+0000] {logging_mixin.py:188} INFO - [2026-08-19T12:48:14.613+0000] {dag.py:3823} INFO - Setting next_dagrun for example_xcom_args_with_operators to None, run_after=None
[2026-08-19T12:48:14.630+0000] {processor.py:183} INFO - Processing /home/airflow/.local/lib/python3.8/site-packages/airflow/example_dags/example_xcomargs.py took 0.080 seconds
[2026-08-19T12:48:45.504+0000] {processor.py:161} INFO - Started process (PID=4502) to work on /home/airflow/.local/lib/python3.8/site-packages/airflow/example_dags/example_xcomargs.py
[2026-08-19T12:48:45.506+0000] {processor.py:830} INFO - Processing file /home/airflow/.local/lib/python3.8/site-packages/airflow/example_dags/example_xcomargs.py for tasks to queue
[2026-08-19T12:48:45.508+0000] {logging_mixin.py:188} INFO - [2026-08-19T12:48:45.508+0000] {dagbag.py:538} INFO - Filling up the DagBag from /home/airflow/.local/lib/python3.8/site-packages/airflow/example_dags/example_xcomargs.py
[2026-08-19T12:48:45.518+0000] {processor.py:840} INFO - DAG(s) 'example_xcom_args_with_operators', 'example_xcom_args' retrieved from /home/airflow/.local/lib/python3.8/site-packages/airflow/example_dags/example_xcomargs.py
[2026-08-19T12:48:45.548+0000] {logging_mixin.py:188} INFO - [2026-08-19T12:48:45.548+0000] {dag.py:3036} INFO - Sync 2 DAGs
[2026-08-19T12:48:45.568+0000] {logging_mixin.py:188} INFO - [2026-08-19T12:48:45.567+0000] {dag.py:3823} INFO - Setting next_dagrun for example_xcom_args to None, run_after=None
[2026-08-19T12:48:45.572+0000] {logging_mixin.py:188} INFO - [2026-08-19T12:48:45.571+0000] {dag.py:3823} INFO - Setting next_dagrun for example_xcom_args_with_operators to None, run_after=None
[2026-08-19T12:48:45.589+0000] {processor.py:183} INFO - Processing /home/airflow/.local/lib/python3.8/site-packages/airflow/example_dags/example_xcomargs.py took 0.089 seconds
[2026-08-19T12:49:16.120+0000] {processor.py:161} INFO - Started process (PID=4584) to work on /home/airflow/.local/lib/python3.8/site-packages/airflow/example_dags/example_xcomargs.py
[2026-08-19T12:49:16.122+0000] {processor.py:830} INFO - Processing file /home/airflow/.local/lib/python3.8/site-packages/airflow/example_dags/example_xcomargs.py for tasks to queue
[2026-08-19T12:49:16.126+0000] {logging_mixin.py:188} INFO - [2026-08-19T12:49:16.125+0000] {dagbag.py:538} INFO - Filling up the DagBag from /home/airflow/.local/lib/python3.8/site-packages/airflow/example_dags/example_xcomargs.py
[2026-08-19T12:49:16.141+0000] {processor.py:840} INFO - DAG(s) 'example_xcom_args', 'example_xcom_args_with_operators' retrieved from /home/airflow/.local/lib/python3.8/site-packages/airflow/example_dags/example_xcomargs.py
[2026-08-19T12:49:16.184+0000] {logging_mixin.py:188} INFO - [2026-08-19T12:49:16.183+0000] {dag.py:3036} INFO - Sync 2 DAGs
[2026-08-19T12:49:16.213+0000] {logging_mixin.py:188} INFO - [2026-08-19T12:49:16.212+0000] {dag.py:3823} INFO - Setting next_dagrun for example_xcom_args to None, run_after=None
[2026-08-19T12:49:16.221+0000] {logging_mixin.py:188} INFO - [2026-08-19T12:49:16.220+0000] {dag.py:3823} INFO - Setting next_dagrun for example_xcom_args_with_operators to None, run_after=None
[2026-08-19T12:49:16.271+0000] {processor.py:183} INFO - Processing /home/airflow/.local/lib/python3.8/site-packages/airflow/example_dags/example_xcomargs.py took 0.156 seconds
[2026-08-19T12:49:46.393+0000] {processor.py:161} INFO - Started process (PID=4668) to work on /home/airflow/.local/lib/python3.8/site-packages/airflow/example_dags/example_xcomargs.py
[2026-08-19T12:49:46.398+0000] {processor.py:830} INFO - Processing file /home/airflow/.local/lib/python3.8/site-packages/airflow/example_dags/example_xcomargs.py for tasks to queue
[2026-08-19T12:49:46.402+0000] {logging_mixin.py:188} INFO - [2026-08-19T12:49:46.401+0000] {dagbag.py:538} INFO - Filling up the DagBag from /home/airflow/.local/lib/python3.8/site-packages/airflow/example_dags/example_xcomargs.py
[2026-08-19T12:49:46.413+0000] {processor.py:840} INFO - DAG(s) 'example_xcom_args', 'example_xcom_args_with_operators' retrieved from /home/airflow/.local/lib/python3.8/site-packages/airflow/example_dags/example_xcomargs.py
[2026-08-19T12:49:46.451+0000] {logging_mixin.py:188} INFO - [2026-08-19T12:49:46.450+0000] {dag.py:3036} INFO - Sync 2 DAGs
[2026-08-19T12:49:46.470+0000] {logging_mixin.py:188} INFO - [2026-08-19T12:49:46.470+0000] {dag.py:3823} INFO - Setting next_dagrun for example_xcom_args to None, run_after=None
[2026-08-19T12:49:46.476+0000] {logging_mixin.py:188} INFO - [2026-08-19T12:49:46.476+0000] {dag.py:3823} INFO - Setting next_dagrun for example_xcom_args_with_operators to None, run_after=None
[2026-08-19T12:49:46.501+0000] {processor.py:183} INFO - Processing /home/airflow/.local/lib/python3.8/site-packages/airflow/example_dags/example_xcomargs.py took 0.115 seconds
[2026-08-19T12:50:16.807+0000] {processor.py:161} INFO - Started process (PID=4752) to work on /home/airflow/.local/lib/python3.8/site-packages/airflow/example_dags/example_xcomargs.py
[2026-08-19T12:50:16.809+0000] {processor.py:830} INFO - Processing file /home/airflow/.local/lib/python3.8/site-packages/airflow/example_dags/example_xcomargs.py for tasks to queue
[2026-08-19T12:50:16.810+0000] {logging_mixin.py:188} INFO - [2026-08-19T12:50:16.810+0000] {dagbag.py:538} INFO - Filling up the DagBag from /home/airflow/.local/lib/python3.8/site-packages/airflow/example_dags/example_xcomargs.py
[2026-08-19T12:50:16.818+0000] {processor.py:840} INFO - DAG(s) 'example_xcom_args', 'example_xcom_args_with_operators' retrieved from /home/airflow/.local/lib/python3.8/site-packages/airflow/example_dags/example_xcomargs.py
[2026-08-19T12:50:16.841+0000] {logging_mixin.py:188} INFO - [2026-08-19T12:50:16.841+0000] {dag.py:3036} INFO - Sync 2 DAGs
[2026-08-19T12:50:16.853+0000] {logging_mixin.py:188} INFO - [2026-08-19T12:50:16.852+0000] {dag.py:3823} INFO - Setting next_dagrun for example_xcom_args to None, run_after=None
[2026-08-19T12:50:16.856+0000] {logging_mixin.py:188} INFO - [2026-08-19T12:50:16.856+0000] {dag.py:3823} INFO - Setting next_dagrun for example_xcom_args_with_operators to None, run_after=None
[2026-08-19T12:50:16.872+0000] {processor.py:183} INFO - Processing /home/airflow/.local/lib/python3.8/site-packages/airflow/example_dags/example_xcomargs.py took 0.069 seconds
[2026-08-19T12:50:47.676+0000] {processor.py:161} INFO - Started process (PID=4839) to work on /home/airflow/.local/lib/python3.8/site-packages/airflow/example_dags/example_xcomargs.py
[2026-08-19T12:50:47.677+0000] {processor.py:830} INFO - Processing file /home/airflow/.local/lib/python3.8/site-packages/airflow/example_dags/example_xcomargs.py for tasks to queue
[2026-08-19T12:50:47.680+0000] {logging_mixin.py:188} INFO - [2026-08-19T12:50:47.679+0000] {dagbag.py:538} INFO - Filling up the DagBag from /home/airflow/.local/lib/python3.8/site-packages/airflow/example_dags/example_xcomargs.py
[2026-08-19T12:50:47.688+0000] {processor.py:840} INFO - DAG(s) 'example_xcom_args', 'example_xcom_args_with_operators' retrieved from /home/airflow/.local/lib/python3.8/site-packages/airflow/example_dags/example_xcomargs.py
[2026-08-19T12:50:47.713+0000] {logging_mixin.py:188} INFO - [2026-08-19T12:50:47.713+0000] {dag.py:3036} INFO - Sync 2 DAGs
[2026-08-19T12:50:47.727+0000] {logging_mixin.py:188} INFO - [2026-08-19T12:50:47.726+0000] {dag.py:3823} INFO - Setting next_dagrun for example_xcom_args to None, run_after=None
[2026-08-19T12:50:47.731+0000] {logging_mixin.py:188} INFO - [2026-08-19T12:50:47.731+0000] {dag.py:3823} INFO - Setting next_dagrun for example_xcom_args_with_operators to None, run_after=None
[2026-08-19T12:50:47.747+0000] {processor.py:183} INFO - Processing /home/airflow/.local/lib/python3.8/site-packages/airflow/example_dags/example_xcomargs.py took 0.075 seconds
[2026-08-19T12:51:18.394+0000] {processor.py:161} INFO - Started process (PID=4922) to work on /home/airflow/.local/lib/python3.8/site-packages/airflow/example_dags/example_xcomargs.py
[2026-08-19T12:51:18.396+0000] {processor.py:830} INFO - Processing file /home/airflow/.local/lib/python3.8/site-packages/airflow/example_dags/example_xcomargs.py for tasks to queue
[2026-08-19T12:51:18.398+0000] {logging_mixin.py:188} INFO - [2026-08-19T12:51:18.397+0000] {dagbag.py:538} INFO - Filling up the DagBag from /home/airflow/.local/lib/python3.8/site-packages/airflow/example_dags/example_xcomargs.py
[2026-08-19T12:51:18.406+0000] {processor.py:840} INFO - DAG(s) 'example_xcom_args_with_operators', 'example_xcom_args' retrieved from /home/airflow/.local/lib/python3.8/site-packages/airflow/example_dags/example_xcomargs.py
[2026-08-19T12:51:18.429+0000] {logging_mixin.py:188} INFO - [2026-08-19T12:51:18.429+0000] {dag.py:3036} INFO - Sync 2 DAGs
[2026-08-19T12:51:18.441+0000] {logging_mixin.py:188} INFO - [2026-08-19T12:51:18.441+0000] {dag.py:3823} INFO - Setting next_dagrun for example_xcom_args to None, run_after=None
[2026-08-19T12:51:18.445+0000] {logging_mixin.py:188} INFO - [2026-08-19T12:51:18.445+0000] {dag.py:3823} INFO - Setting next_dagrun for example_xcom_args_with_operators to None, run_after=None
[2026-08-19T12:51:18.461+0000] {processor.py:183} INFO - Processing /home/airflow/.local/lib/python3.8/site-packages/airflow/example_dags/example_xcomargs.py took 0.071 seconds
[2026-08-19T12:51:48.640+0000] {processor.py:161} INFO - Started process (PID=5005) to work on /home/airflow/.local/lib/python3.8/site-packages/airflow/example_dags/example_xcomargs.py
[2026-08-19T12:51:48.641+0000] {processor.py:830} INFO - Processing file /home/airflow/.local/lib/python3.8/site-packages/airflow/example_dags/example_xcomargs.py for tasks to queue
[2026-08-19T12:51:48.643+0000] {logging_mixin.py:188} INFO - [2026-08-19T12:51:48.642+0000] {dagbag.py:538} INFO - Filling up the DagBag from /home/airflow/.local/lib/python3.8/site-packages/airflow/example_dags/example_xcomargs.py
[2026-08-19T12:51:48.651+0000] {processor.py:840} INFO - DAG(s) 'example_xcom_args', 'example_xcom_args_with_operators' retrieved from /home/airflow/.local/lib/python3.8/site-packages/airflow/example_dags/example_xcomargs.py
[2026-08-19T12:51:48.677+0000] {logging_mixin.py:188} INFO - [2026-08-19T12:51:48.676+0000] {dag.py:3036} INFO - Sync 2 DAGs
[2026-08-19T12:51:48.691+0000] {logging_mixin.py:188} INFO - [2026-08-19T12:51:48.690+0000] {dag.py:3823} INFO - Setting next_dagrun for example_xcom_args to None, run_after=None
[2026-08-19T12:51:48.695+0000] {logging_mixin.py:188} INFO - [2026-08-19T12:51:48.694+0000] {dag.py:3823} INFO - Setting next_dagrun for example_xcom_args_with_operators to None, run_after=None
[2026-08-19T12:51:48.714+0000] {processor.py:183} INFO - Processing /home/airflow/.local/lib/python3.8/site-packages/airflow/example_dags/example_xcomargs.py took 0.078 seconds
[2026-08-19T12:52:20.105+0000] {processor.py:161} INFO - Started process (PID=5088) to work on /home/airflow/.local/lib/python3.8/site-packages/airflow/example_dags/example_xcomargs.py
[2026-08-19T12:52:20.106+0000] {processor.py:830} INFO - Processing file /home/airflow/.local/lib/python3.8/site-packages/airflow/example_dags/example_xcomargs.py for tasks to queue
[2026-08-19T12:52:20.108+0000] {logging_mixin.py:188} INFO - [2026-08-19T12:52:20.108+0000] {dagbag.py:538} INFO - Filling up the DagBag from /home/airflow/.local/lib/python3.8/site-packages/airflow/example_dags/example_xcomargs.py
[2026-08-19T12:52:20.117+0000] {processor.py:840} INFO - DAG(s) 'example_xcom_args', 'example_xcom_args_with_operators' retrieved from /home/airflow/.local/lib/python3.8/site-packages/airflow/example_dags/example_xcomargs.py
[2026-08-19T12:52:20.141+0000] {logging_mixin.py:188} INFO - [2026-08-19T12:52:20.141+0000] {dag.py:3036} INFO - Sync 2 DAGs
[2026-08-19T12:52:20.154+0000] {logging_mixin.py:188} INFO - [2026-08-19T12:52:20.154+0000] {dag.py:3823} INFO - Setting next_dagrun for example_xcom_args to None, run_after=None
[2026-08-19T12:52:20.158+0000] {logging_mixin.py:188} INFO - [2026-08-19T12:52:20.158+0000] {dag.py:3823} INFO - Setting next_dagrun for example_xcom_args_with_operators to None, run_after=None
[2026-08-19T12:52:20.178+0000] {processor.py:183} INFO - Processing /home/airflow/.local/lib/python3.8/site-packages/airflow/example_dags/example_xcomargs.py took 0.077 seconds
[2026-08-19T12:52:50.257+0000] {processor.py:161} INFO - Started process (PID=5171) to work on /home/airflow/.local/lib/python3.8/site-packages/airflow/example_dags/example_xcomargs.py
[2026-08-19T12:52:50.259+0000] {processor.py:830} INFO - Processing file /home/airflow/.local/lib/python3.8/site-packages/airflow/example_dags/example_xcomargs.py for tasks to queue
[2026-08-19T12:52:50.261+0000] {logging_mixin.py:188} INFO - [2026-08-19T12:52:50.260+0000] {dagbag.py:538} INFO - Filling up the DagBag from /home/airflow/.local/lib/python3.8/site-packages/airflow/example_dags/example_xcomargs.py
[2026-08-19T12:52:50.270+0000] {processor.py:840} INFO - DAG(s) 'example_xcom_args', 'example_xcom_args_with_operators' retrieved from /home/airflow/.local/lib/python3.8/site-packages/airflow/example_dags/example_xcomargs.py
[2026-08-19T12:52:50.299+0000] {logging_mixin.py:188} INFO - [2026-08-19T12:52:50.299+0000] {dag.py:3036} INFO - Sync 2 DAGs
[2026-08-19T12:52:50.313+0000] {logging_mixin.py:188} INFO - [2026-08-19T12:52:50.313+0000] {dag.py:3823} INFO - Setting next_dagrun for example_xcom_args to None, run_after=None
[2026-08-19T12:52:50.318+0000] {logging_mixin.py:188} INFO - [2026-08-19T12:52:50.318+0000] {dag.py:3823} INFO - Setting next_dagrun for example_xcom_args_with_operators to None, run_after=None
[2026-08-19T12:52:50.340+0000] {processor.py:183} INFO - Processing /home/airflow/.local/lib/python3.8/site-packages/airflow/example_dags/example_xcomargs.py took 0.087 seconds
[2026-08-19T12:53:20.592+0000] {processor.py:161} INFO - Started process (PID=5253) to work on /home/airflow/.local/lib/python3.8/site-packages/airflow/example_dags/example_xcomargs.py
[2026-08-19T12:53:20.594+0000] {processor.py:830} INFO - Processing file /home/airflow/.local/lib/python3.8/site-packages/airflow/example_dags/example_xcomargs.py for tasks to queue
[2026-08-19T12:53:20.596+0000] {logging_mixin.py:188} INFO - [2026-08-19T12:53:20.596+0000] {dagbag.py:538} INFO - Filling up the DagBag from /home/airflow/.local/lib/python3.8/site-packages/airflow/example_dags/example_xcomargs.py
[2026-08-19T12:53:20.605+0000] {processor.py:840} INFO - DAG(s) 'example_xcom_args', 'example_xcom_args_with_operators' retrieved from /home/airflow/.local/lib/python3.8/site-packages/airflow/example_dags/example_xcomargs.py
[2026-08-19T12:53:20.634+0000] {logging_mixin.py:188} INFO - [2026-08-19T12:53:20.634+0000] {dag.py:3036} INFO - Sync 2 DAGs
[2026-08-19T12:53:20.652+0000] {logging_mixin.py:188} INFO - [2026-08-19T12:53:20.652+0000] {dag.py:3823} INFO - Setting next_dagrun for example_xcom_args to None, run_after=None
[2026-08-19T12:53:20.656+0000] {logging_mixin.py:188} INFO - [2026-08-19T12:53:20.656+0000] {dag.py:3823} INFO - Setting next_dagrun for example_xcom_args_with_operators to None, run_after=None
[2026-08-19T12:53:20.678+0000] {processor.py:183} INFO - Processing /home/airflow/.local/lib/python3.8/site-packages/airflow/example_dags/example_xcomargs.py took 0.090 seconds
[2026-08-19T12:53:50.972+0000] {processor.py:161} INFO - Started process (PID=5340) to work on /home/airflow/.local/lib/python3.8/site-packages/airflow/example_dags/example_xcomargs.py
[2026-08-19T12:53:50.974+0000] {processor.py:830} INFO - Processing file /home/airflow/.local/lib/python3.8/site-packages/airflow/example_dags/example_xcomargs.py for tasks to queue
[2026-08-19T12:53:50.977+0000] {logging_mixin.py:188} INFO - [2026-08-19T12:53:50.976+0000] {dagbag.py:538} INFO - Filling up the DagBag from /home/airflow/.local/lib/python3.8/site-packages/airflow/example_dags/example_xcomargs.py
[2026-08-19T12:53:50.988+0000] {processor.py:840} INFO - DAG(s) 'example_xcom_args', 'example_xcom_args_with_operators' retrieved from /home/airflow/.local/lib/python3.8/site-packages/airflow/example_dags/example_xcomargs.py
[2026-08-19T12:53:51.025+0000] {logging_mixin.py:188} INFO - [2026-08-19T12:53:51.025+0000] {dag.py:3036} INFO - Sync 2 DAGs
[2026-08-19T12:53:51.042+0000] {logging_mixin.py:188} INFO - [2026-08-19T12:53:51.042+0000] {dag.py:3823} INFO - Setting next_dagrun for example_xcom_args to None, run_after=None
[2026-08-19T12:53:51.047+0000] {logging_mixin.py:188} INFO - [2026-08-19T12:53:51.047+0000] {dag.py:3823} INFO - Setting next_dagrun for example_xcom_args_with_operators to None, run_after=None
[2026-08-19T12:53:51.066+0000] {processor.py:183} INFO - Processing /home/airflow/.local/lib/python3.8/site-packages/airflow/example_dags/example_xcomargs.py took 0.099 seconds
[2026-08-19T12:54:23.021+0000] {processor.py:161} INFO - Started process (PID=5425) to work on /home/airflow/.local/lib/python3.8/site-packages/airflow/example_dags/example_xcomargs.py
[2026-08-19T12:54:23.023+0000] {processor.py:830} INFO - Processing file /home/airflow/.local/lib/python3.8/site-packages/airflow/example_dags/example_xcomargs.py for tasks to queue
[2026-08-19T12:54:23.027+0000] {logging_mixin.py:188} INFO - [2026-08-19T12:54:23.026+0000] {dagbag.py:538} INFO - Filling up the DagBag from /home/airflow/.local/lib/python3.8/site-packages/airflow/example_dags/example_xcomargs.py
[2026-08-19T12:54:23.037+0000] {processor.py:840} INFO - DAG(s) 'example_xcom_args', 'example_xcom_args_with_operators' retrieved from /home/airflow/.local/lib/python3.8/site-packages/airflow/example_dags/example_xcomargs.py
[2026-08-19T12:54:23.070+0000] {logging_mixin.py:188} INFO - [2026-08-19T12:54:23.070+0000] {dag.py:3036} INFO - Sync 2 DAGs
[2026-08-19T12:54:23.087+0000] {logging_mixin.py:188} INFO - [2026-08-19T12:54:23.087+0000] {dag.py:3823} INFO - Setting next_dagrun for example_xcom_args to None, run_after=None
[2026-08-19T12:54:23.093+0000] {logging_mixin.py:188} INFO - [2026-08-19T12:54:23.092+0000] {dag.py:3823} INFO - Setting next_dagrun for example_xcom_args_with_operators to None, run_after=None
[2026-08-19T12:54:23.182+0000] {processor.py:183} INFO - Processing /home/airflow/.local/lib/python3.8/site-packages/airflow/example_dags/example_xcomargs.py took 0.166 seconds
[2026-08-19T12:54:53.610+0000] {processor.py:161} INFO - Started process (PID=5507) to work on /home/airflow/.local/lib/python3.8/site-packages/airflow/example_dags/example_xcomargs.py
[2026-08-19T12:54:53.611+0000] {processor.py:830} INFO - Processing file /home/airflow/.local/lib/python3.8/site-packages/airflow/example_dags/example_xcomargs.py for tasks to queue
[2026-08-19T12:54:53.614+0000] {logging_mixin.py:188} INFO - [2026-08-19T12:54:53.613+0000] {dagbag.py:538} INFO - Filling up the DagBag from /home/airflow/.local/lib/python3.8/site-packages/airflow/example_dags/example_xcomargs.py
[2026-08-19T12:54:53.624+0000] {processor.py:840} INFO - DAG(s) 'example_xcom_args_with_operators', 'example_xcom_args' retrieved from /home/airflow/.local/lib/python3.8/site-packages/airflow/example_dags/example_xcomargs.py
[2026-08-19T12:54:53.650+0000] {logging_mixin.py:188} INFO - [2026-08-19T12:54:53.650+0000] {dag.py:3036} INFO - Sync 2 DAGs
[2026-08-19T12:54:53.664+0000] {logging_mixin.py:188} INFO - [2026-08-19T12:54:53.664+0000] {dag.py:3823} INFO - Setting next_dagrun for example_xcom_args to None, run_after=None
[2026-08-19T12:54:53.671+0000] {logging_mixin.py:188} INFO - [2026-08-19T12:54:53.670+0000] {dag.py:3823} INFO - Setting next_dagrun for example_xcom_args_with_operators to None, run_after=None
[2026-08-19T12:54:53.760+0000] {processor.py:183} INFO - Processing /home/airflow/.local/lib/python3.8/site-packages/airflow/example_dags/example_xcomargs.py took 0.155 seconds
[2026-08-19T12:55:24.036+0000] {processor.py:161} INFO - Started process (PID=5589) to work on /home/airflow/.local/lib/python3.8/site-packages/airflow/example_dags/example_xcomargs.py
[2026-08-19T12:55:24.037+0000] {processor.py:830} INFO - Processing file /home/airflow/.local/lib/python3.8/site-packages/airflow/example_dags/example_xcomargs.py for tasks to queue
[2026-08-19T12:55:24.039+0000] {logging_mixin.py:188} INFO - [2026-08-19T12:55:24.039+0000] {dagbag.py:538} INFO - Filling up the DagBag from /home/airflow/.local/lib/python3.8/site-packages/airflow/example_dags/example_xcomargs.py
[2026-08-19T12:55:24.047+0000] {processor.py:840} INFO - DAG(s) 'example_xcom_args_with_operators', 'example_xcom_args' retrieved from /home/airflow/.local/lib/python3.8/site-packages/airflow/example_dags/example_xcomargs.py
[2026-08-19T12:55:24.070+0000] {logging_mixin.py:188} INFO - [2026-08-19T12:55:24.070+0000] {dag.py:3036} INFO - Sync 2 DAGs
[2026-08-19T12:55:24.081+0000] {logging_mixin.py:188} INFO - [2026-08-19T12:55:24.081+0000] {dag.py:3823} INFO - Setting next_dagrun for example_xcom_args to None, run_after=None
[2026-08-19T12:55:24.085+0000] {logging_mixin.py:188} INFO - [2026-08-19T12:55:24.085+0000] {dag.py:3823} INFO - Setting next_dagrun for example_xcom_args_with_operators to None, run_after=None
[2026-08-19T12:55:24.162+0000] {processor.py:183} INFO - Processing /home/airflow/.local/lib/python3.8/site-packages/airflow/example_dags/example_xcomargs.py took 0.130 seconds
[2026-08-19T12:55:55.015+0000] {processor.py:161} INFO - Started process (PID=5672) to work on /home/airflow/.local/lib/python3.8/site-packages/airflow/example_dags/example_xcomargs.py
[2026-08-19T12:55:55.016+0000] {processor.py:830} INFO - Processing file /home/airflow/.local/lib/python3.8/site-packages/airflow/example_dags/example_xcomargs.py for tasks to queue
[2026-08-19T12:55:55.019+0000] {logging_mixin.py:188} INFO - [2026-08-19T12:55:55.018+0000] {dagbag.py:538} INFO - Filling up the DagBag from /home/airflow/.local/lib/python3.8/site-packages/airflow/example_dags/example_xcomargs.py
[2026-08-19T12:55:55.027+0000] {processor.py:840} INFO - DAG(s) 'example_xcom_args_with_operators', 'example_xcom_args' retrieved from /home/airflow/.local/lib/python3.8/site-packages/airflow/example_dags/example_xcomargs.py
[2026-08-19T12:55:55.051+0000] {logging_mixin.py:188} INFO - [2026-08-19T12:55:55.051+0000] {dag.py:3036} INFO - Sync 2 DAGs
[2026-08-19T12:55:55.064+0000] {logging_mixin.py:188} INFO - [2026-08-19T12:55:55.064+0000] {dag.py:3823} INFO - Setting next_dagrun for example_xcom_args to None, run_after=None
[2026-08-19T12:55:55.069+0000] {logging_mixin.py:188} INFO - [2026-08-19T12:55:55.069+0000] {dag.py:3823} INFO - Setting next_dagrun for example_xcom_args_with_operators to None, run_after=None
[2026-08-19T12:55:55.090+0000] {processor.py:183} INFO - Processing /home/airflow/.local/lib/python3.8/site-packages/airflow/example_dags/example_xcomargs.py took 0.079 seconds
[2026-08-19T12:56:25.281+0000] {processor.py:161} INFO - Started process (PID=5755) to work on /home/airflow/.local/lib/python3.8/site-packages/airflow/example_dags/example_xcomargs.py
[2026-08-19T12:56:25.282+0000] {processor.py:830} INFO - Processing file /home/airflow/.local/lib/python3.8/site-packages/airflow/example_dags/example_xcomargs.py for tasks to queue
[2026-08-19T12:56:25.285+0000] {logging_mixin.py:188} INFO - [2026-08-19T12:56:25.285+0000] {dagbag.py:538} INFO - Filling up the DagBag from /home/airflow/.local/lib/python3.8/site-packages/airflow/example_dags/example_xcomargs.py
[2026-08-19T12:56:25.295+0000] {processor.py:840} INFO - DAG(s) 'example_xcom_args_with_operators', 'example_xcom_args' retrieved from /home/airflow/.local/lib/python3.8/site-packages/airflow/example_dags/example_xcomargs.py
[2026-08-19T12:56:25.320+0000] {logging_mixin.py:188} INFO - [2026-08-19T12:56:25.320+0000] {dag.py:3036} INFO - Sync 2 DAGs
[2026-08-19T12:56:25.334+0000] {logging_mixin.py:188} INFO - [2026-08-19T12:56:25.334+0000] {dag.py:3823} INFO - Setting next_dagrun for example_xcom_args to None, run_after=None
[2026-08-19T12:56:25.338+0000] {logging_mixin.py:188} INFO - [2026-08-19T12:56:25.338+0000] {dag.py:3823} INFO - Setting next_dagrun for example_xcom_args_with_operators to None, run_after=None
[2026-08-19T12:56:25.356+0000] {processor.py:183} INFO - Processing /home/airflow/.local/lib/python3.8/site-packages/airflow/example_dags/example_xcomargs.py took 0.079 seconds
[2026-08-19T12:56:55.469+0000] {processor.py:161} INFO - Started process (PID=5838) to work on /home/airflow/.local/lib/python3.8/site-packages/airflow/example_dags/example_xcomargs.py
[2026-08-19T12:56:55.470+0000] {processor.py:830} INFO - Processing file /home/airflow/.local/lib/python3.8/site-packages/airflow/example_dags/example_xcomargs.py for tasks to queue
[2026-08-19T12:56:55.472+0000] {logging_mixin.py:188} INFO - [2026-08-19T12:56:55.472+0000] {dagbag.py:538} INFO - Filling up the DagBag from /home/airflow/.local/lib/python3.8/site-packages/airflow/example_dags/example_xcomargs.py
[2026-08-19T12:56:55.481+0000] {processor.py:840} INFO - DAG(s) 'example_xcom_args_with_operators', 'example_xcom_args' retrieved from /home/airflow/.local/lib/python3.8/site-packages/airflow/example_dags/example_xcomargs.py
[2026-08-19T12:56:55.506+0000] {logging_mixin.py:188} INFO - [2026-08-19T12:56:55.506+0000] {dag.py:3036} INFO - Sync 2 DAGs
[2026-08-19T12:56:55.519+0000] {logging_mixin.py:188} INFO - [2026-08-19T12:56:55.519+0000] {dag.py:3823} INFO - Setting next_dagrun for example_xcom_args to None, run_after=None
[2026-08-19T12:56:55.524+0000] {logging_mixin.py:188} INFO - [2026-08-19T12:56:55.524+0000] {dag.py:3823} INFO - Setting next_dagrun for example_xcom_args_with_operators to None, run_after=None
[2026-08-19T12:56:55.546+0000] {processor.py:183} INFO - Processing /home/airflow/.local/lib/python3.8/site-packages/airflow/example_dags/example_xcomargs.py took 0.080 seconds
