[2026-08-19T12:22:08.143+0000] {processor.py:161} INFO - Started process (PID=158) to work on /home/airflow/.local/lib/python3.8/site-packages/airflow/example_dags/example_branch_datetime_operator.py
[2026-08-19T12:22:08.149+0000] {processor.py:830} INFO - Processing file /home/airflow/.local/lib/python3.8/site-packages/airflow/example_dags/example_branch_datetime_operator.py for tasks to queue
[2026-08-19T12:22:08.182+0000] {logging_mixin.py:188} INFO - [2026-08-19T12:22:08.180+0000] {dagbag.py:538} INFO - Filling up the DagBag from /home/airflow/.local/lib/python3.8/site-packages/airflow/example_dags/example_branch_datetime_operator.py
[2026-08-19T12:22:08.309+0000] {processor.py:840} INFO - DAG(s) 'example_branch_datetime_operator_2', 'example_branch_datetime_operator_3', 'example_branch_datetime_operator' retrieved from /home/airflow/.local/lib/python3.8/site-packages/airflow/example_dags/example_branch_datetime_operator.py
[2026-08-19T12:22:09.049+0000] {logging_mixin.py:188} INFO - [2026-08-19T12:22:09.048+0000] {dag.py:3036} INFO - Sync 3 DAGs
[2026-08-19T12:22:09.119+0000] {logging_mixin.py:188} INFO - [2026-08-19T12:22:09.118+0000] {dag.py:3823} INFO - Setting next_dagrun for example_branch_datetime_operator to 2026-08-18 00:00:00+00:00, run_after=2026-08-19 00:00:00+00:00
[2026-08-19T12:22:09.137+0000] {logging_mixin.py:188} INFO - [2026-08-19T12:22:09.136+0000] {dag.py:3823} INFO - Setting next_dagrun for example_branch_datetime_operator_2 to 2026-08-18 00:00:00+00:00, run_after=2026-08-19 00:00:00+00:00
[2026-08-19T12:22:09.145+0000] {logging_mixin.py:188} INFO - [2026-08-19T12:22:09.144+0000] {dag.py:3823} INFO - Setting next_dagrun for example_branch_datetime_operator_3 to 2026-08-18 00:00:00+00:00, run_after=2026-08-19 00:00:00+00:00
[2026-08-19T12:22:09.233+0000] {processor.py:183} INFO - Processing /home/airflow/.local/lib/python3.8/site-packages/airflow/example_dags/example_branch_datetime_operator.py took 1.132 seconds
[2026-08-19T12:22:51.138+0000] {processor.py:161} INFO - Started process (PID=259) to work on /home/airflow/.local/lib/python3.8/site-packages/airflow/example_dags/example_branch_datetime_operator.py
[2026-08-19T12:22:51.143+0000] {processor.py:830} INFO - Processing file /home/airflow/.local/lib/python3.8/site-packages/airflow/example_dags/example_branch_datetime_operator.py for tasks to queue
[2026-08-19T12:22:51.149+0000] {logging_mixin.py:188} INFO - [2026-08-19T12:22:51.148+0000] {dagbag.py:538} INFO - Filling up the DagBag from /home/airflow/.local/lib/python3.8/site-packages/airflow/example_dags/example_branch_datetime_operator.py
[2026-08-19T12:22:51.187+0000] {processor.py:840} INFO - DAG(s) 'example_branch_datetime_operator_2', 'example_branch_datetime_operator', 'example_branch_datetime_operator_3' retrieved from /home/airflow/.local/lib/python3.8/site-packages/airflow/example_dags/example_branch_datetime_operator.py
[2026-08-19T12:22:51.333+0000] {logging_mixin.py:188} INFO - [2026-08-19T12:22:51.333+0000] {dag.py:3036} INFO - Sync 3 DAGs
[2026-08-19T12:22:51.455+0000] {logging_mixin.py:188} INFO - [2026-08-19T12:22:51.454+0000] {dag.py:3823} INFO - Setting next_dagrun for example_branch_datetime_operator to 2026-08-18 00:00:00+00:00, run_after=2026-08-19 00:00:00+00:00
[2026-08-19T12:22:51.478+0000] {logging_mixin.py:188} INFO - [2026-08-19T12:22:51.478+0000] {dag.py:3823} INFO - Setting next_dagrun for example_branch_datetime_operator_2 to 2026-08-18 00:00:00+00:00, run_after=2026-08-19 00:00:00+00:00
[2026-08-19T12:22:51.495+0000] {logging_mixin.py:188} INFO - [2026-08-19T12:22:51.494+0000] {dag.py:3823} INFO - Setting next_dagrun for example_branch_datetime_operator_3 to 2026-08-18 00:00:00+00:00, run_after=2026-08-19 00:00:00+00:00
[2026-08-19T12:22:51.571+0000] {processor.py:183} INFO - Processing /home/airflow/.local/lib/python3.8/site-packages/airflow/example_dags/example_branch_datetime_operator.py took 0.453 seconds
[2026-08-19T12:23:21.924+0000] {processor.py:161} INFO - Started process (PID=342) to work on /home/airflow/.local/lib/python3.8/site-packages/airflow/example_dags/example_branch_datetime_operator.py
[2026-08-19T12:23:21.926+0000] {processor.py:830} INFO - Processing file /home/airflow/.local/lib/python3.8/site-packages/airflow/example_dags/example_branch_datetime_operator.py for tasks to queue
[2026-08-19T12:23:21.928+0000] {logging_mixin.py:188} INFO - [2026-08-19T12:23:21.928+0000] {dagbag.py:538} INFO - Filling up the DagBag from /home/airflow/.local/lib/python3.8/site-packages/airflow/example_dags/example_branch_datetime_operator.py
[2026-08-19T12:23:21.943+0000] {processor.py:840} INFO - DAG(s) 'example_branch_datetime_operator', 'example_branch_datetime_operator_2', 'example_branch_datetime_operator_3' retrieved from /home/airflow/.local/lib/python3.8/site-packages/airflow/example_dags/example_branch_datetime_operator.py
[2026-08-19T12:23:21.961+0000] {logging_mixin.py:188} INFO - [2026-08-19T12:23:21.960+0000] {dag.py:3036} INFO - Sync 3 DAGs
[2026-08-19T12:23:21.989+0000] {logging_mixin.py:188} INFO - [2026-08-19T12:23:21.989+0000] {dag.py:3823} INFO - Setting next_dagrun for example_branch_datetime_operator to 2026-08-18 00:00:00+00:00, run_after=2026-08-19 00:00:00+00:00
[2026-08-19T12:23:21.995+0000] {logging_mixin.py:188} INFO - [2026-08-19T12:23:21.994+0000] {dag.py:3823} INFO - Setting next_dagrun for example_branch_datetime_operator_2 to 2026-08-18 00:00:00+00:00, run_after=2026-08-19 00:00:00+00:00
[2026-08-19T12:23:21.997+0000] {logging_mixin.py:188} INFO - [2026-08-19T12:23:21.997+0000] {dag.py:3823} INFO - Setting next_dagrun for example_branch_datetime_operator_3 to 2026-08-18 00:00:00+00:00, run_after=2026-08-19 00:00:00+00:00
[2026-08-19T12:23:22.021+0000] {processor.py:183} INFO - Processing /home/airflow/.local/lib/python3.8/site-packages/airflow/example_dags/example_branch_datetime_operator.py took 0.100 seconds
[2026-08-19T12:23:52.171+0000] {processor.py:161} INFO - Started process (PID=425) to work on /home/airflow/.local/lib/python3.8/site-packages/airflow/example_dags/example_branch_datetime_operator.py
[2026-08-19T12:23:52.173+0000] {processor.py:830} INFO - Processing file /home/airflow/.local/lib/python3.8/site-packages/airflow/example_dags/example_branch_datetime_operator.py for tasks to queue
[2026-08-19T12:23:52.179+0000] {logging_mixin.py:188} INFO - [2026-08-19T12:23:52.179+0000] {dagbag.py:538} INFO - Filling up the DagBag from /home/airflow/.local/lib/python3.8/site-packages/airflow/example_dags/example_branch_datetime_operator.py
[2026-08-19T12:23:52.206+0000] {processor.py:840} INFO - DAG(s) 'example_branch_datetime_operator_3', 'example_branch_datetime_operator_2', 'example_branch_datetime_operator' retrieved from /home/airflow/.local/lib/python3.8/site-packages/airflow/example_dags/example_branch_datetime_operator.py
[2026-08-19T12:23:52.581+0000] {logging_mixin.py:188} INFO - [2026-08-19T12:23:52.580+0000] {dag.py:3036} INFO - Sync 3 DAGs
[2026-08-19T12:23:52.614+0000] {logging_mixin.py:188} INFO - [2026-08-19T12:23:52.614+0000] {dag.py:3823} INFO - Setting next_dagrun for example_branch_datetime_operator to 2026-08-18 00:00:00+00:00, run_after=2026-08-19 00:00:00+00:00
[2026-08-19T12:23:52.622+0000] {logging_mixin.py:188} INFO - [2026-08-19T12:23:52.621+0000] {dag.py:3823} INFO - Setting next_dagrun for example_branch_datetime_operator_2 to 2026-08-18 00:00:00+00:00, run_after=2026-08-19 00:00:00+00:00
[2026-08-19T12:23:52.626+0000] {logging_mixin.py:188} INFO - [2026-08-19T12:23:52.626+0000] {dag.py:3823} INFO - Setting next_dagrun for example_branch_datetime_operator_3 to 2026-08-18 00:00:00+00:00, run_after=2026-08-19 00:00:00+00:00
[2026-08-19T12:23:52.725+0000] {processor.py:183} INFO - Processing /home/airflow/.local/lib/python3.8/site-packages/airflow/example_dags/example_branch_datetime_operator.py took 0.560 seconds
[2026-08-19T12:24:22.784+0000] {processor.py:161} INFO - Started process (PID=512) to work on /home/airflow/.local/lib/python3.8/site-packages/airflow/example_dags/example_branch_datetime_operator.py
[2026-08-19T12:24:22.786+0000] {processor.py:830} INFO - Processing file /home/airflow/.local/lib/python3.8/site-packages/airflow/example_dags/example_branch_datetime_operator.py for tasks to queue
[2026-08-19T12:24:22.789+0000] {logging_mixin.py:188} INFO - [2026-08-19T12:24:22.789+0000] {dagbag.py:538} INFO - Filling up the DagBag from /home/airflow/.local/lib/python3.8/site-packages/airflow/example_dags/example_branch_datetime_operator.py
[2026-08-19T12:24:22.802+0000] {processor.py:840} INFO - DAG(s) 'example_branch_datetime_operator_2', 'example_branch_datetime_operator', 'example_branch_datetime_operator_3' retrieved from /home/airflow/.local/lib/python3.8/site-packages/airflow/example_dags/example_branch_datetime_operator.py
[2026-08-19T12:24:22.831+0000] {logging_mixin.py:188} INFO - [2026-08-19T12:24:22.831+0000] {dag.py:3036} INFO - Sync 3 DAGs
[2026-08-19T12:24:22.853+0000] {logging_mixin.py:188} INFO - [2026-08-19T12:24:22.853+0000] {dag.py:3823} INFO - Setting next_dagrun for example_branch_datetime_operator to 2026-08-18 00:00:00+00:00, run_after=2026-08-19 00:00:00+00:00
[2026-08-19T12:24:22.859+0000] {logging_mixin.py:188} INFO - [2026-08-19T12:24:22.858+0000] {dag.py:3823} INFO - Setting next_dagrun for example_branch_datetime_operator_2 to 2026-08-18 00:00:00+00:00, run_after=2026-08-19 00:00:00+00:00
[2026-08-19T12:24:22.862+0000] {logging_mixin.py:188} INFO - [2026-08-19T12:24:22.861+0000] {dag.py:3823} INFO - Setting next_dagrun for example_branch_datetime_operator_3 to 2026-08-18 00:00:00+00:00, run_after=2026-08-19 00:00:00+00:00
[2026-08-19T12:24:22.915+0000] {processor.py:183} INFO - Processing /home/airflow/.local/lib/python3.8/site-packages/airflow/example_dags/example_branch_datetime_operator.py took 0.134 seconds
[2026-08-19T12:24:54.155+0000] {processor.py:161} INFO - Started process (PID=595) to work on /home/airflow/.local/lib/python3.8/site-packages/airflow/example_dags/example_branch_datetime_operator.py
[2026-08-19T12:24:54.157+0000] {processor.py:830} INFO - Processing file /home/airflow/.local/lib/python3.8/site-packages/airflow/example_dags/example_branch_datetime_operator.py for tasks to queue
[2026-08-19T12:24:54.163+0000] {logging_mixin.py:188} INFO - [2026-08-19T12:24:54.162+0000] {dagbag.py:538} INFO - Filling up the DagBag from /home/airflow/.local/lib/python3.8/site-packages/airflow/example_dags/example_branch_datetime_operator.py
[2026-08-19T12:24:54.185+0000] {processor.py:840} INFO - DAG(s) 'example_branch_datetime_operator', 'example_branch_datetime_operator_3', 'example_branch_datetime_operator_2' retrieved from /home/airflow/.local/lib/python3.8/site-packages/airflow/example_dags/example_branch_datetime_operator.py
[2026-08-19T12:24:54.261+0000] {logging_mixin.py:188} INFO - [2026-08-19T12:24:54.260+0000] {dag.py:3036} INFO - Sync 3 DAGs
[2026-08-19T12:24:54.344+0000] {logging_mixin.py:188} INFO - [2026-08-19T12:24:54.343+0000] {dag.py:3823} INFO - Setting next_dagrun for example_branch_datetime_operator to 2026-08-18 00:00:00+00:00, run_after=2026-08-19 00:00:00+00:00
[2026-08-19T12:24:54.360+0000] {logging_mixin.py:188} INFO - [2026-08-19T12:24:54.358+0000] {dag.py:3823} INFO - Setting next_dagrun for example_branch_datetime_operator_2 to 2026-08-18 00:00:00+00:00, run_after=2026-08-19 00:00:00+00:00
[2026-08-19T12:24:54.374+0000] {logging_mixin.py:188} INFO - [2026-08-19T12:24:54.373+0000] {dag.py:3823} INFO - Setting next_dagrun for example_branch_datetime_operator_3 to 2026-08-18 00:00:00+00:00, run_after=2026-08-19 00:00:00+00:00
[2026-08-19T12:24:54.462+0000] {processor.py:183} INFO - Processing /home/airflow/.local/lib/python3.8/site-packages/airflow/example_dags/example_branch_datetime_operator.py took 0.318 seconds
[2026-08-19T12:25:24.636+0000] {processor.py:161} INFO - Started process (PID=678) to work on /home/airflow/.local/lib/python3.8/site-packages/airflow/example_dags/example_branch_datetime_operator.py
[2026-08-19T12:25:24.637+0000] {processor.py:830} INFO - Processing file /home/airflow/.local/lib/python3.8/site-packages/airflow/example_dags/example_branch_datetime_operator.py for tasks to queue
[2026-08-19T12:25:24.640+0000] {logging_mixin.py:188} INFO - [2026-08-19T12:25:24.639+0000] {dagbag.py:538} INFO - Filling up the DagBag from /home/airflow/.local/lib/python3.8/site-packages/airflow/example_dags/example_branch_datetime_operator.py
[2026-08-19T12:25:24.649+0000] {processor.py:840} INFO - DAG(s) 'example_branch_datetime_operator', 'example_branch_datetime_operator_3', 'example_branch_datetime_operator_2' retrieved from /home/airflow/.local/lib/python3.8/site-packages/airflow/example_dags/example_branch_datetime_operator.py
[2026-08-19T12:25:24.679+0000] {logging_mixin.py:188} INFO - [2026-08-19T12:25:24.679+0000] {dag.py:3036} INFO - Sync 3 DAGs
[2026-08-19T12:25:24.703+0000] {logging_mixin.py:188} INFO - [2026-08-19T12:25:24.703+0000] {dag.py:3823} INFO - Setting next_dagrun for example_branch_datetime_operator to 2026-08-18 00:00:00+00:00, run_after=2026-08-19 00:00:00+00:00
[2026-08-19T12:25:24.708+0000] {logging_mixin.py:188} INFO - [2026-08-19T12:25:24.708+0000] {dag.py:3823} INFO - Setting next_dagrun for example_branch_datetime_operator_2 to 2026-08-18 00:00:00+00:00, run_after=2026-08-19 00:00:00+00:00
[2026-08-19T12:25:24.711+0000] {logging_mixin.py:188} INFO - [2026-08-19T12:25:24.711+0000] {dag.py:3823} INFO - Setting next_dagrun for example_branch_datetime_operator_3 to 2026-08-18 00:00:00+00:00, run_after=2026-08-19 00:00:00+00:00
[2026-08-19T12:25:24.786+0000] {processor.py:183} INFO - Processing /home/airflow/.local/lib/python3.8/site-packages/airflow/example_dags/example_branch_datetime_operator.py took 0.154 seconds
[2026-08-19T12:25:54.941+0000] {processor.py:161} INFO - Started process (PID=760) to work on /home/airflow/.local/lib/python3.8/site-packages/airflow/example_dags/example_branch_datetime_operator.py
[2026-08-19T12:25:54.942+0000] {processor.py:830} INFO - Processing file /home/airflow/.local/lib/python3.8/site-packages/airflow/example_dags/example_branch_datetime_operator.py for tasks to queue
[2026-08-19T12:25:54.945+0000] {logging_mixin.py:188} INFO - [2026-08-19T12:25:54.944+0000] {dagbag.py:538} INFO - Filling up the DagBag from /home/airflow/.local/lib/python3.8/site-packages/airflow/example_dags/example_branch_datetime_operator.py
[2026-08-19T12:25:54.957+0000] {processor.py:840} INFO - DAG(s) 'example_branch_datetime_operator', 'example_branch_datetime_operator_3', 'example_branch_datetime_operator_2' retrieved from /home/airflow/.local/lib/python3.8/site-packages/airflow/example_dags/example_branch_datetime_operator.py
[2026-08-19T12:25:54.987+0000] {logging_mixin.py:188} INFO - [2026-08-19T12:25:54.987+0000] {dag.py:3036} INFO - Sync 3 DAGs
[2026-08-19T12:25:55.012+0000] {logging_mixin.py:188} INFO - [2026-08-19T12:25:55.011+0000] {dag.py:3823} INFO - Setting next_dagrun for example_branch_datetime_operator to 2026-08-18 00:00:00+00:00, run_after=2026-08-19 00:00:00+00:00
[2026-08-19T12:25:55.017+0000] {logging_mixin.py:188} INFO - [2026-08-19T12:25:55.017+0000] {dag.py:3823} INFO - Setting next_dagrun for example_branch_datetime_operator_2 to 2026-08-18 00:00:00+00:00, run_after=2026-08-19 00:00:00+00:00
[2026-08-19T12:25:55.022+0000] {logging_mixin.py:188} INFO - [2026-08-19T12:25:55.022+0000] {dag.py:3823} INFO - Setting next_dagrun for example_branch_datetime_operator_3 to 2026-08-18 00:00:00+00:00, run_after=2026-08-19 00:00:00+00:00
[2026-08-19T12:25:55.094+0000] {processor.py:183} INFO - Processing /home/airflow/.local/lib/python3.8/site-packages/airflow/example_dags/example_branch_datetime_operator.py took 0.156 seconds
[2026-08-19T12:26:26.115+0000] {processor.py:161} INFO - Started process (PID=844) to work on /home/airflow/.local/lib/python3.8/site-packages/airflow/example_dags/example_branch_datetime_operator.py
[2026-08-19T12:26:26.117+0000] {processor.py:830} INFO - Processing file /home/airflow/.local/lib/python3.8/site-packages/airflow/example_dags/example_branch_datetime_operator.py for tasks to queue
[2026-08-19T12:26:26.120+0000] {logging_mixin.py:188} INFO - [2026-08-19T12:26:26.119+0000] {dagbag.py:538} INFO - Filling up the DagBag from /home/airflow/.local/lib/python3.8/site-packages/airflow/example_dags/example_branch_datetime_operator.py
[2026-08-19T12:26:26.131+0000] {processor.py:840} INFO - DAG(s) 'example_branch_datetime_operator_2', 'example_branch_datetime_operator_3', 'example_branch_datetime_operator' retrieved from /home/airflow/.local/lib/python3.8/site-packages/airflow/example_dags/example_branch_datetime_operator.py
[2026-08-19T12:26:26.168+0000] {logging_mixin.py:188} INFO - [2026-08-19T12:26:26.167+0000] {dag.py:3036} INFO - Sync 3 DAGs
[2026-08-19T12:26:26.195+0000] {logging_mixin.py:188} INFO - [2026-08-19T12:26:26.194+0000] {dag.py:3823} INFO - Setting next_dagrun for example_branch_datetime_operator to 2026-08-18 00:00:00+00:00, run_after=2026-08-19 00:00:00+00:00
[2026-08-19T12:26:26.201+0000] {logging_mixin.py:188} INFO - [2026-08-19T12:26:26.200+0000] {dag.py:3823} INFO - Setting next_dagrun for example_branch_datetime_operator_2 to 2026-08-18 00:00:00+00:00, run_after=2026-08-19 00:00:00+00:00
[2026-08-19T12:26:26.204+0000] {logging_mixin.py:188} INFO - [2026-08-19T12:26:26.204+0000] {dag.py:3823} INFO - Setting next_dagrun for example_branch_datetime_operator_3 to 2026-08-18 00:00:00+00:00, run_after=2026-08-19 00:00:00+00:00
[2026-08-19T12:26:26.225+0000] {processor.py:183} INFO - Processing /home/airflow/.local/lib/python3.8/site-packages/airflow/example_dags/example_branch_datetime_operator.py took 0.115 seconds
[2026-08-19T12:26:57.389+0000] {processor.py:161} INFO - Started process (PID=928) to work on /home/airflow/.local/lib/python3.8/site-packages/airflow/example_dags/example_branch_datetime_operator.py
[2026-08-19T12:26:57.390+0000] {processor.py:830} INFO - Processing file /home/airflow/.local/lib/python3.8/site-packages/airflow/example_dags/example_branch_datetime_operator.py for tasks to queue
[2026-08-19T12:26:57.392+0000] {logging_mixin.py:188} INFO - [2026-08-19T12:26:57.392+0000] {dagbag.py:538} INFO - Filling up the DagBag from /home/airflow/.local/lib/python3.8/site-packages/airflow/example_dags/example_branch_datetime_operator.py
[2026-08-19T12:26:57.403+0000] {processor.py:840} INFO - DAG(s) 'example_branch_datetime_operator_3', 'example_branch_datetime_operator', 'example_branch_datetime_operator_2' retrieved from /home/airflow/.local/lib/python3.8/site-packages/airflow/example_dags/example_branch_datetime_operator.py
[2026-08-19T12:26:57.431+0000] {logging_mixin.py:188} INFO - [2026-08-19T12:26:57.431+0000] {dag.py:3036} INFO - Sync 3 DAGs
[2026-08-19T12:26:57.453+0000] {logging_mixin.py:188} INFO - [2026-08-19T12:26:57.452+0000] {dag.py:3823} INFO - Setting next_dagrun for example_branch_datetime_operator to 2026-08-18 00:00:00+00:00, run_after=2026-08-19 00:00:00+00:00
[2026-08-19T12:26:57.457+0000] {logging_mixin.py:188} INFO - [2026-08-19T12:26:57.457+0000] {dag.py:3823} INFO - Setting next_dagrun for example_branch_datetime_operator_2 to 2026-08-18 00:00:00+00:00, run_after=2026-08-19 00:00:00+00:00
[2026-08-19T12:26:57.460+0000] {logging_mixin.py:188} INFO - [2026-08-19T12:26:57.460+0000] {dag.py:3823} INFO - Setting next_dagrun for example_branch_datetime_operator_3 to 2026-08-18 00:00:00+00:00, run_after=2026-08-19 00:00:00+00:00
[2026-08-19T12:26:57.500+0000] {processor.py:183} INFO - Processing /home/airflow/.local/lib/python3.8/site-packages/airflow/example_dags/example_branch_datetime_operator.py took 0.115 seconds
[2026-08-19T12:27:28.573+0000] {processor.py:161} INFO - Started process (PID=1011) to work on /home/airflow/.local/lib/python3.8/site-packages/airflow/example_dags/example_branch_datetime_operator.py
[2026-08-19T12:27:28.574+0000] {processor.py:830} INFO - Processing file /home/airflow/.local/lib/python3.8/site-packages/airflow/example_dags/example_branch_datetime_operator.py for tasks to queue
[2026-08-19T12:27:28.577+0000] {logging_mixin.py:188} INFO - [2026-08-19T12:27:28.576+0000] {dagbag.py:538} INFO - Filling up the DagBag from /home/airflow/.local/lib/python3.8/site-packages/airflow/example_dags/example_branch_datetime_operator.py
[2026-08-19T12:27:28.587+0000] {processor.py:840} INFO - DAG(s) 'example_branch_datetime_operator_2', 'example_branch_datetime_operator_3', 'example_branch_datetime_operator' retrieved from /home/airflow/.local/lib/python3.8/site-packages/airflow/example_dags/example_branch_datetime_operator.py
[2026-08-19T12:27:28.614+0000] {logging_mixin.py:188} INFO - [2026-08-19T12:27:28.614+0000] {dag.py:3036} INFO - Sync 3 DAGs
[2026-08-19T12:27:28.639+0000] {logging_mixin.py:188} INFO - [2026-08-19T12:27:28.639+0000] {dag.py:3823} INFO - Setting next_dagrun for example_branch_datetime_operator to 2026-08-18 00:00:00+00:00, run_after=2026-08-19 00:00:00+00:00
[2026-08-19T12:27:28.647+0000] {logging_mixin.py:188} INFO - [2026-08-19T12:27:28.646+0000] {dag.py:3823} INFO - Setting next_dagrun for example_branch_datetime_operator_2 to 2026-08-18 00:00:00+00:00, run_after=2026-08-19 00:00:00+00:00
[2026-08-19T12:27:28.650+0000] {logging_mixin.py:188} INFO - [2026-08-19T12:27:28.650+0000] {dag.py:3823} INFO - Setting next_dagrun for example_branch_datetime_operator_3 to 2026-08-18 00:00:00+00:00, run_after=2026-08-19 00:00:00+00:00
[2026-08-19T12:27:28.812+0000] {processor.py:183} INFO - Processing /home/airflow/.local/lib/python3.8/site-packages/airflow/example_dags/example_branch_datetime_operator.py took 0.242 seconds
[2026-08-19T12:27:59.593+0000] {processor.py:161} INFO - Started process (PID=1094) to work on /home/airflow/.local/lib/python3.8/site-packages/airflow/example_dags/example_branch_datetime_operator.py
[2026-08-19T12:27:59.594+0000] {processor.py:830} INFO - Processing file /home/airflow/.local/lib/python3.8/site-packages/airflow/example_dags/example_branch_datetime_operator.py for tasks to queue
[2026-08-19T12:27:59.597+0000] {logging_mixin.py:188} INFO - [2026-08-19T12:27:59.596+0000] {dagbag.py:538} INFO - Filling up the DagBag from /home/airflow/.local/lib/python3.8/site-packages/airflow/example_dags/example_branch_datetime_operator.py
[2026-08-19T12:27:59.606+0000] {processor.py:840} INFO - DAG(s) 'example_branch_datetime_operator_2', 'example_branch_datetime_operator', 'example_branch_datetime_operator_3' retrieved from /home/airflow/.local/lib/python3.8/site-packages/airflow/example_dags/example_branch_datetime_operator.py
[2026-08-19T12:27:59.633+0000] {logging_mixin.py:188} INFO - [2026-08-19T12:27:59.632+0000] {dag.py:3036} INFO - Sync 3 DAGs
[2026-08-19T12:27:59.655+0000] {logging_mixin.py:188} INFO - [2026-08-19T12:27:59.655+0000] {dag.py:3823} INFO - Setting next_dagrun for example_branch_datetime_operator to 2026-08-18 00:00:00+00:00, run_after=2026-08-19 00:00:00+00:00
[2026-08-19T12:27:59.662+0000] {logging_mixin.py:188} INFO - [2026-08-19T12:27:59.662+0000] {dag.py:3823} INFO - Setting next_dagrun for example_branch_datetime_operator_2 to 2026-08-18 00:00:00+00:00, run_after=2026-08-19 00:00:00+00:00
[2026-08-19T12:27:59.665+0000] {logging_mixin.py:188} INFO - [2026-08-19T12:27:59.665+0000] {dag.py:3823} INFO - Setting next_dagrun for example_branch_datetime_operator_3 to 2026-08-18 00:00:00+00:00, run_after=2026-08-19 00:00:00+00:00
[2026-08-19T12:27:59.722+0000] {processor.py:183} INFO - Processing /home/airflow/.local/lib/python3.8/site-packages/airflow/example_dags/example_branch_datetime_operator.py took 0.132 seconds
[2026-08-19T12:28:30.426+0000] {processor.py:161} INFO - Started process (PID=1177) to work on /home/airflow/.local/lib/python3.8/site-packages/airflow/example_dags/example_branch_datetime_operator.py
[2026-08-19T12:28:30.427+0000] {processor.py:830} INFO - Processing file /home/airflow/.local/lib/python3.8/site-packages/airflow/example_dags/example_branch_datetime_operator.py for tasks to queue
[2026-08-19T12:28:30.430+0000] {logging_mixin.py:188} INFO - [2026-08-19T12:28:30.429+0000] {dagbag.py:538} INFO - Filling up the DagBag from /home/airflow/.local/lib/python3.8/site-packages/airflow/example_dags/example_branch_datetime_operator.py
[2026-08-19T12:28:30.440+0000] {processor.py:840} INFO - DAG(s) 'example_branch_datetime_operator', 'example_branch_datetime_operator_2', 'example_branch_datetime_operator_3' retrieved from /home/airflow/.local/lib/python3.8/site-packages/airflow/example_dags/example_branch_datetime_operator.py
[2026-08-19T12:28:30.471+0000] {logging_mixin.py:188} INFO - [2026-08-19T12:28:30.471+0000] {dag.py:3036} INFO - Sync 3 DAGs
[2026-08-19T12:28:30.495+0000] {logging_mixin.py:188} INFO - [2026-08-19T12:28:30.495+0000] {dag.py:3823} INFO - Setting next_dagrun for example_branch_datetime_operator to 2026-08-18 00:00:00+00:00, run_after=2026-08-19 00:00:00+00:00
[2026-08-19T12:28:30.500+0000] {logging_mixin.py:188} INFO - [2026-08-19T12:28:30.500+0000] {dag.py:3823} INFO - Setting next_dagrun for example_branch_datetime_operator_2 to 2026-08-18 00:00:00+00:00, run_after=2026-08-19 00:00:00+00:00
[2026-08-19T12:28:30.504+0000] {logging_mixin.py:188} INFO - [2026-08-19T12:28:30.503+0000] {dag.py:3823} INFO - Setting next_dagrun for example_branch_datetime_operator_3 to 2026-08-18 00:00:00+00:00, run_after=2026-08-19 00:00:00+00:00
[2026-08-19T12:28:30.521+0000] {processor.py:183} INFO - Processing /home/airflow/.local/lib/python3.8/site-packages/airflow/example_dags/example_branch_datetime_operator.py took 0.099 seconds
[2026-08-19T12:29:01.322+0000] {processor.py:161} INFO - Started process (PID=1260) to work on /home/airflow/.local/lib/python3.8/site-packages/airflow/example_dags/example_branch_datetime_operator.py
[2026-08-19T12:29:01.323+0000] {processor.py:830} INFO - Processing file /home/airflow/.local/lib/python3.8/site-packages/airflow/example_dags/example_branch_datetime_operator.py for tasks to queue
[2026-08-19T12:29:01.325+0000] {logging_mixin.py:188} INFO - [2026-08-19T12:29:01.325+0000] {dagbag.py:538} INFO - Filling up the DagBag from /home/airflow/.local/lib/python3.8/site-packages/airflow/example_dags/example_branch_datetime_operator.py
[2026-08-19T12:29:01.335+0000] {processor.py:840} INFO - DAG(s) 'example_branch_datetime_operator_3', 'example_branch_datetime_operator', 'example_branch_datetime_operator_2' retrieved from /home/airflow/.local/lib/python3.8/site-packages/airflow/example_dags/example_branch_datetime_operator.py
[2026-08-19T12:29:01.365+0000] {logging_mixin.py:188} INFO - [2026-08-19T12:29:01.365+0000] {dag.py:3036} INFO - Sync 3 DAGs
[2026-08-19T12:29:01.393+0000] {logging_mixin.py:188} INFO - [2026-08-19T12:29:01.392+0000] {dag.py:3823} INFO - Setting next_dagrun for example_branch_datetime_operator to 2026-08-18 00:00:00+00:00, run_after=2026-08-19 00:00:00+00:00
[2026-08-19T12:29:01.400+0000] {logging_mixin.py:188} INFO - [2026-08-19T12:29:01.399+0000] {dag.py:3823} INFO - Setting next_dagrun for example_branch_datetime_operator_2 to 2026-08-18 00:00:00+00:00, run_after=2026-08-19 00:00:00+00:00
[2026-08-19T12:29:01.403+0000] {logging_mixin.py:188} INFO - [2026-08-19T12:29:01.403+0000] {dag.py:3823} INFO - Setting next_dagrun for example_branch_datetime_operator_3 to 2026-08-18 00:00:00+00:00, run_after=2026-08-19 00:00:00+00:00
[2026-08-19T12:29:01.421+0000] {processor.py:183} INFO - Processing /home/airflow/.local/lib/python3.8/site-packages/airflow/example_dags/example_branch_datetime_operator.py took 0.102 seconds
[2026-08-19T12:29:31.866+0000] {processor.py:161} INFO - Started process (PID=1359) to work on /home/airflow/.local/lib/python3.8/site-packages/airflow/example_dags/example_branch_datetime_operator.py
[2026-08-19T12:29:31.867+0000] {processor.py:830} INFO - Processing file /home/airflow/.local/lib/python3.8/site-packages/airflow/example_dags/example_branch_datetime_operator.py for tasks to queue
[2026-08-19T12:29:31.869+0000] {logging_mixin.py:188} INFO - [2026-08-19T12:29:31.869+0000] {dagbag.py:538} INFO - Filling up the DagBag from /home/airflow/.local/lib/python3.8/site-packages/airflow/example_dags/example_branch_datetime_operator.py
[2026-08-19T12:29:31.879+0000] {processor.py:840} INFO - DAG(s) 'example_branch_datetime_operator_2', 'example_branch_datetime_operator', 'example_branch_datetime_operator_3' retrieved from /home/airflow/.local/lib/python3.8/site-packages/airflow/example_dags/example_branch_datetime_operator.py
[2026-08-19T12:29:31.910+0000] {logging_mixin.py:188} INFO - [2026-08-19T12:29:31.910+0000] {dag.py:3036} INFO - Sync 3 DAGs
[2026-08-19T12:29:31.935+0000] {logging_mixin.py:188} INFO - [2026-08-19T12:29:31.935+0000] {dag.py:3823} INFO - Setting next_dagrun for example_branch_datetime_operator to 2026-08-18 00:00:00+00:00, run_after=2026-08-19 00:00:00+00:00
[2026-08-19T12:29:31.940+0000] {logging_mixin.py:188} INFO - [2026-08-19T12:29:31.940+0000] {dag.py:3823} INFO - Setting next_dagrun for example_branch_datetime_operator_2 to 2026-08-18 00:00:00+00:00, run_after=2026-08-19 00:00:00+00:00
[2026-08-19T12:29:31.943+0000] {logging_mixin.py:188} INFO - [2026-08-19T12:29:31.943+0000] {dag.py:3823} INFO - Setting next_dagrun for example_branch_datetime_operator_3 to 2026-08-18 00:00:00+00:00, run_after=2026-08-19 00:00:00+00:00
[2026-08-19T12:29:31.964+0000] {processor.py:183} INFO - Processing /home/airflow/.local/lib/python3.8/site-packages/airflow/example_dags/example_branch_datetime_operator.py took 0.101 seconds
[2026-08-19T12:30:02.361+0000] {processor.py:161} INFO - Started process (PID=1443) to work on /home/airflow/.local/lib/python3.8/site-packages/airflow/example_dags/example_branch_datetime_operator.py
[2026-08-19T12:30:02.362+0000] {processor.py:830} INFO - Processing file /home/airflow/.local/lib/python3.8/site-packages/airflow/example_dags/example_branch_datetime_operator.py for tasks to queue
[2026-08-19T12:30:02.364+0000] {logging_mixin.py:188} INFO - [2026-08-19T12:30:02.364+0000] {dagbag.py:538} INFO - Filling up the DagBag from /home/airflow/.local/lib/python3.8/site-packages/airflow/example_dags/example_branch_datetime_operator.py
[2026-08-19T12:30:02.374+0000] {processor.py:840} INFO - DAG(s) 'example_branch_datetime_operator', 'example_branch_datetime_operator_3', 'example_branch_datetime_operator_2' retrieved from /home/airflow/.local/lib/python3.8/site-packages/airflow/example_dags/example_branch_datetime_operator.py
[2026-08-19T12:30:02.400+0000] {logging_mixin.py:188} INFO - [2026-08-19T12:30:02.399+0000] {dag.py:3036} INFO - Sync 3 DAGs
[2026-08-19T12:30:02.420+0000] {logging_mixin.py:188} INFO - [2026-08-19T12:30:02.420+0000] {dag.py:3823} INFO - Setting next_dagrun for example_branch_datetime_operator to 2026-08-18 00:00:00+00:00, run_after=2026-08-19 00:00:00+00:00
[2026-08-19T12:30:02.425+0000] {logging_mixin.py:188} INFO - [2026-08-19T12:30:02.425+0000] {dag.py:3823} INFO - Setting next_dagrun for example_branch_datetime_operator_2 to 2026-08-18 00:00:00+00:00, run_after=2026-08-19 00:00:00+00:00
[2026-08-19T12:30:02.427+0000] {logging_mixin.py:188} INFO - [2026-08-19T12:30:02.427+0000] {dag.py:3823} INFO - Setting next_dagrun for example_branch_datetime_operator_3 to 2026-08-18 00:00:00+00:00, run_after=2026-08-19 00:00:00+00:00
[2026-08-19T12:30:02.442+0000] {processor.py:183} INFO - Processing /home/airflow/.local/lib/python3.8/site-packages/airflow/example_dags/example_branch_datetime_operator.py took 0.085 seconds
[2026-08-19T12:30:33.099+0000] {processor.py:161} INFO - Started process (PID=1526) to work on /home/airflow/.local/lib/python3.8/site-packages/airflow/example_dags/example_branch_datetime_operator.py
[2026-08-19T12:30:33.100+0000] {processor.py:830} INFO - Processing file /home/airflow/.local/lib/python3.8/site-packages/airflow/example_dags/example_branch_datetime_operator.py for tasks to queue
[2026-08-19T12:30:33.102+0000] {logging_mixin.py:188} INFO - [2026-08-19T12:30:33.102+0000] {dagbag.py:538} INFO - Filling up the DagBag from /home/airflow/.local/lib/python3.8/site-packages/airflow/example_dags/example_branch_datetime_operator.py
[2026-08-19T12:30:33.112+0000] {processor.py:840} INFO - DAG(s) 'example_branch_datetime_operator_3', 'example_branch_datetime_operator', 'example_branch_datetime_operator_2' retrieved from /home/airflow/.local/lib/python3.8/site-packages/airflow/example_dags/example_branch_datetime_operator.py
[2026-08-19T12:30:33.139+0000] {logging_mixin.py:188} INFO - [2026-08-19T12:30:33.139+0000] {dag.py:3036} INFO - Sync 3 DAGs
[2026-08-19T12:30:33.161+0000] {logging_mixin.py:188} INFO - [2026-08-19T12:30:33.161+0000] {dag.py:3823} INFO - Setting next_dagrun for example_branch_datetime_operator to 2026-08-18 00:00:00+00:00, run_after=2026-08-19 00:00:00+00:00
[2026-08-19T12:30:33.166+0000] {logging_mixin.py:188} INFO - [2026-08-19T12:30:33.166+0000] {dag.py:3823} INFO - Setting next_dagrun for example_branch_datetime_operator_2 to 2026-08-18 00:00:00+00:00, run_after=2026-08-19 00:00:00+00:00
[2026-08-19T12:30:33.169+0000] {logging_mixin.py:188} INFO - [2026-08-19T12:30:33.169+0000] {dag.py:3823} INFO - Setting next_dagrun for example_branch_datetime_operator_3 to 2026-08-18 00:00:00+00:00, run_after=2026-08-19 00:00:00+00:00
[2026-08-19T12:30:33.186+0000] {processor.py:183} INFO - Processing /home/airflow/.local/lib/python3.8/site-packages/airflow/example_dags/example_branch_datetime_operator.py took 0.090 seconds
[2026-08-19T12:31:03.516+0000] {processor.py:161} INFO - Started process (PID=1609) to work on /home/airflow/.local/lib/python3.8/site-packages/airflow/example_dags/example_branch_datetime_operator.py
[2026-08-19T12:31:03.517+0000] {processor.py:830} INFO - Processing file /home/airflow/.local/lib/python3.8/site-packages/airflow/example_dags/example_branch_datetime_operator.py for tasks to queue
[2026-08-19T12:31:03.520+0000] {logging_mixin.py:188} INFO - [2026-08-19T12:31:03.519+0000] {dagbag.py:538} INFO - Filling up the DagBag from /home/airflow/.local/lib/python3.8/site-packages/airflow/example_dags/example_branch_datetime_operator.py
[2026-08-19T12:31:03.532+0000] {processor.py:840} INFO - DAG(s) 'example_branch_datetime_operator_3', 'example_branch_datetime_operator', 'example_branch_datetime_operator_2' retrieved from /home/airflow/.local/lib/python3.8/site-packages/airflow/example_dags/example_branch_datetime_operator.py
[2026-08-19T12:31:03.570+0000] {logging_mixin.py:188} INFO - [2026-08-19T12:31:03.570+0000] {dag.py:3036} INFO - Sync 3 DAGs
[2026-08-19T12:31:03.595+0000] {logging_mixin.py:188} INFO - [2026-08-19T12:31:03.595+0000] {dag.py:3823} INFO - Setting next_dagrun for example_branch_datetime_operator to 2026-08-18 00:00:00+00:00, run_after=2026-08-19 00:00:00+00:00
[2026-08-19T12:31:03.603+0000] {logging_mixin.py:188} INFO - [2026-08-19T12:31:03.603+0000] {dag.py:3823} INFO - Setting next_dagrun for example_branch_datetime_operator_2 to 2026-08-18 00:00:00+00:00, run_after=2026-08-19 00:00:00+00:00
[2026-08-19T12:31:03.606+0000] {logging_mixin.py:188} INFO - [2026-08-19T12:31:03.605+0000] {dag.py:3823} INFO - Setting next_dagrun for example_branch_datetime_operator_3 to 2026-08-18 00:00:00+00:00, run_after=2026-08-19 00:00:00+00:00
[2026-08-19T12:31:03.628+0000] {processor.py:183} INFO - Processing /home/airflow/.local/lib/python3.8/site-packages/airflow/example_dags/example_branch_datetime_operator.py took 0.115 seconds
[2026-08-19T12:31:34.876+0000] {processor.py:161} INFO - Started process (PID=1695) to work on /home/airflow/.local/lib/python3.8/site-packages/airflow/example_dags/example_branch_datetime_operator.py
[2026-08-19T12:31:34.877+0000] {processor.py:830} INFO - Processing file /home/airflow/.local/lib/python3.8/site-packages/airflow/example_dags/example_branch_datetime_operator.py for tasks to queue
[2026-08-19T12:31:34.879+0000] {logging_mixin.py:188} INFO - [2026-08-19T12:31:34.879+0000] {dagbag.py:538} INFO - Filling up the DagBag from /home/airflow/.local/lib/python3.8/site-packages/airflow/example_dags/example_branch_datetime_operator.py
[2026-08-19T12:31:34.889+0000] {processor.py:840} INFO - DAG(s) 'example_branch_datetime_operator_2', 'example_branch_datetime_operator_3', 'example_branch_datetime_operator' retrieved from /home/airflow/.local/lib/python3.8/site-packages/airflow/example_dags/example_branch_datetime_operator.py
[2026-08-19T12:31:34.918+0000] {logging_mixin.py:188} INFO - [2026-08-19T12:31:34.918+0000] {dag.py:3036} INFO - Sync 3 DAGs
[2026-08-19T12:31:34.940+0000] {logging_mixin.py:188} INFO - [2026-08-19T12:31:34.940+0000] {dag.py:3823} INFO - Setting next_dagrun for example_branch_datetime_operator to 2026-08-18 00:00:00+00:00, run_after=2026-08-19 00:00:00+00:00
[2026-08-19T12:31:34.945+0000] {logging_mixin.py:188} INFO - [2026-08-19T12:31:34.945+0000] {dag.py:3823} INFO - Setting next_dagrun for example_branch_datetime_operator_2 to 2026-08-18 00:00:00+00:00, run_after=2026-08-19 00:00:00+00:00
[2026-08-19T12:31:34.948+0000] {logging_mixin.py:188} INFO - [2026-08-19T12:31:34.948+0000] {dag.py:3823} INFO - Setting next_dagrun for example_branch_datetime_operator_3 to 2026-08-18 00:00:00+00:00, run_after=2026-08-19 00:00:00+00:00
[2026-08-19T12:31:34.969+0000] {processor.py:183} INFO - Processing /home/airflow/.local/lib/python3.8/site-packages/airflow/example_dags/example_branch_datetime_operator.py took 0.097 seconds
[2026-08-19T12:32:05.620+0000] {processor.py:161} INFO - Started process (PID=1778) to work on /home/airflow/.local/lib/python3.8/site-packages/airflow/example_dags/example_branch_datetime_operator.py
[2026-08-19T12:32:05.621+0000] {processor.py:830} INFO - Processing file /home/airflow/.local/lib/python3.8/site-packages/airflow/example_dags/example_branch_datetime_operator.py for tasks to queue
[2026-08-19T12:32:05.623+0000] {logging_mixin.py:188} INFO - [2026-08-19T12:32:05.623+0000] {dagbag.py:538} INFO - Filling up the DagBag from /home/airflow/.local/lib/python3.8/site-packages/airflow/example_dags/example_branch_datetime_operator.py
[2026-08-19T12:32:05.635+0000] {processor.py:840} INFO - DAG(s) 'example_branch_datetime_operator_2', 'example_branch_datetime_operator', 'example_branch_datetime_operator_3' retrieved from /home/airflow/.local/lib/python3.8/site-packages/airflow/example_dags/example_branch_datetime_operator.py
[2026-08-19T12:32:05.665+0000] {logging_mixin.py:188} INFO - [2026-08-19T12:32:05.665+0000] {dag.py:3036} INFO - Sync 3 DAGs
[2026-08-19T12:32:05.689+0000] {logging_mixin.py:188} INFO - [2026-08-19T12:32:05.689+0000] {dag.py:3823} INFO - Setting next_dagrun for example_branch_datetime_operator to 2026-08-18 00:00:00+00:00, run_after=2026-08-19 00:00:00+00:00
[2026-08-19T12:32:05.694+0000] {logging_mixin.py:188} INFO - [2026-08-19T12:32:05.694+0000] {dag.py:3823} INFO - Setting next_dagrun for example_branch_datetime_operator_2 to 2026-08-18 00:00:00+00:00, run_after=2026-08-19 00:00:00+00:00
[2026-08-19T12:32:05.698+0000] {logging_mixin.py:188} INFO - [2026-08-19T12:32:05.698+0000] {dag.py:3823} INFO - Setting next_dagrun for example_branch_datetime_operator_3 to 2026-08-18 00:00:00+00:00, run_after=2026-08-19 00:00:00+00:00
[2026-08-19T12:32:05.719+0000] {processor.py:183} INFO - Processing /home/airflow/.local/lib/python3.8/site-packages/airflow/example_dags/example_branch_datetime_operator.py took 0.102 seconds
[2026-08-19T12:32:36.840+0000] {processor.py:161} INFO - Started process (PID=1867) to work on /home/airflow/.local/lib/python3.8/site-packages/airflow/example_dags/example_branch_datetime_operator.py
[2026-08-19T12:32:36.842+0000] {processor.py:830} INFO - Processing file /home/airflow/.local/lib/python3.8/site-packages/airflow/example_dags/example_branch_datetime_operator.py for tasks to queue
[2026-08-19T12:32:36.844+0000] {logging_mixin.py:188} INFO - [2026-08-19T12:32:36.843+0000] {dagbag.py:538} INFO - Filling up the DagBag from /home/airflow/.local/lib/python3.8/site-packages/airflow/example_dags/example_branch_datetime_operator.py
[2026-08-19T12:32:36.854+0000] {processor.py:840} INFO - DAG(s) 'example_branch_datetime_operator_3', 'example_branch_datetime_operator', 'example_branch_datetime_operator_2' retrieved from /home/airflow/.local/lib/python3.8/site-packages/airflow/example_dags/example_branch_datetime_operator.py
[2026-08-19T12:32:36.882+0000] {logging_mixin.py:188} INFO - [2026-08-19T12:32:36.882+0000] {dag.py:3036} INFO - Sync 3 DAGs
[2026-08-19T12:32:36.904+0000] {logging_mixin.py:188} INFO - [2026-08-19T12:32:36.904+0000] {dag.py:3823} INFO - Setting next_dagrun for example_branch_datetime_operator to 2026-08-18 00:00:00+00:00, run_after=2026-08-19 00:00:00+00:00
[2026-08-19T12:32:36.909+0000] {logging_mixin.py:188} INFO - [2026-08-19T12:32:36.909+0000] {dag.py:3823} INFO - Setting next_dagrun for example_branch_datetime_operator_2 to 2026-08-18 00:00:00+00:00, run_after=2026-08-19 00:00:00+00:00
[2026-08-19T12:32:36.913+0000] {logging_mixin.py:188} INFO - [2026-08-19T12:32:36.912+0000] {dag.py:3823} INFO - Setting next_dagrun for example_branch_datetime_operator_3 to 2026-08-18 00:00:00+00:00, run_after=2026-08-19 00:00:00+00:00
[2026-08-19T12:32:36.936+0000] {processor.py:183} INFO - Processing /home/airflow/.local/lib/python3.8/site-packages/airflow/example_dags/example_branch_datetime_operator.py took 0.099 seconds
[2026-08-19T12:33:08.090+0000] {processor.py:161} INFO - Started process (PID=1950) to work on /home/airflow/.local/lib/python3.8/site-packages/airflow/example_dags/example_branch_datetime_operator.py
[2026-08-19T12:33:08.091+0000] {processor.py:830} INFO - Processing file /home/airflow/.local/lib/python3.8/site-packages/airflow/example_dags/example_branch_datetime_operator.py for tasks to queue
[2026-08-19T12:33:08.095+0000] {logging_mixin.py:188} INFO - [2026-08-19T12:33:08.094+0000] {dagbag.py:538} INFO - Filling up the DagBag from /home/airflow/.local/lib/python3.8/site-packages/airflow/example_dags/example_branch_datetime_operator.py
[2026-08-19T12:33:08.112+0000] {processor.py:840} INFO - DAG(s) 'example_branch_datetime_operator_3', 'example_branch_datetime_operator', 'example_branch_datetime_operator_2' retrieved from /home/airflow/.local/lib/python3.8/site-packages/airflow/example_dags/example_branch_datetime_operator.py
[2026-08-19T12:33:08.148+0000] {logging_mixin.py:188} INFO - [2026-08-19T12:33:08.147+0000] {dag.py:3036} INFO - Sync 3 DAGs
[2026-08-19T12:33:08.173+0000] {logging_mixin.py:188} INFO - [2026-08-19T12:33:08.172+0000] {dag.py:3823} INFO - Setting next_dagrun for example_branch_datetime_operator to 2026-08-18 00:00:00+00:00, run_after=2026-08-19 00:00:00+00:00
[2026-08-19T12:33:08.178+0000] {logging_mixin.py:188} INFO - [2026-08-19T12:33:08.178+0000] {dag.py:3823} INFO - Setting next_dagrun for example_branch_datetime_operator_2 to 2026-08-18 00:00:00+00:00, run_after=2026-08-19 00:00:00+00:00
[2026-08-19T12:33:08.181+0000] {logging_mixin.py:188} INFO - [2026-08-19T12:33:08.181+0000] {dag.py:3823} INFO - Setting next_dagrun for example_branch_datetime_operator_3 to 2026-08-18 00:00:00+00:00, run_after=2026-08-19 00:00:00+00:00
[2026-08-19T12:33:08.199+0000] {processor.py:183} INFO - Processing /home/airflow/.local/lib/python3.8/site-packages/airflow/example_dags/example_branch_datetime_operator.py took 0.115 seconds
[2026-08-19T12:33:39.278+0000] {processor.py:161} INFO - Started process (PID=2033) to work on /home/airflow/.local/lib/python3.8/site-packages/airflow/example_dags/example_branch_datetime_operator.py
[2026-08-19T12:33:39.279+0000] {processor.py:830} INFO - Processing file /home/airflow/.local/lib/python3.8/site-packages/airflow/example_dags/example_branch_datetime_operator.py for tasks to queue
[2026-08-19T12:33:39.281+0000] {logging_mixin.py:188} INFO - [2026-08-19T12:33:39.281+0000] {dagbag.py:538} INFO - Filling up the DagBag from /home/airflow/.local/lib/python3.8/site-packages/airflow/example_dags/example_branch_datetime_operator.py
[2026-08-19T12:33:39.292+0000] {processor.py:840} INFO - DAG(s) 'example_branch_datetime_operator', 'example_branch_datetime_operator_2', 'example_branch_datetime_operator_3' retrieved from /home/airflow/.local/lib/python3.8/site-packages/airflow/example_dags/example_branch_datetime_operator.py
[2026-08-19T12:33:39.323+0000] {logging_mixin.py:188} INFO - [2026-08-19T12:33:39.323+0000] {dag.py:3036} INFO - Sync 3 DAGs
[2026-08-19T12:33:39.350+0000] {logging_mixin.py:188} INFO - [2026-08-19T12:33:39.350+0000] {dag.py:3823} INFO - Setting next_dagrun for example_branch_datetime_operator to 2026-08-18 00:00:00+00:00, run_after=2026-08-19 00:00:00+00:00
[2026-08-19T12:33:39.357+0000] {logging_mixin.py:188} INFO - [2026-08-19T12:33:39.357+0000] {dag.py:3823} INFO - Setting next_dagrun for example_branch_datetime_operator_2 to 2026-08-18 00:00:00+00:00, run_after=2026-08-19 00:00:00+00:00
[2026-08-19T12:33:39.360+0000] {logging_mixin.py:188} INFO - [2026-08-19T12:33:39.360+0000] {dag.py:3823} INFO - Setting next_dagrun for example_branch_datetime_operator_3 to 2026-08-18 00:00:00+00:00, run_after=2026-08-19 00:00:00+00:00
[2026-08-19T12:33:39.379+0000] {processor.py:183} INFO - Processing /home/airflow/.local/lib/python3.8/site-packages/airflow/example_dags/example_branch_datetime_operator.py took 0.105 seconds
[2026-08-19T12:34:09.841+0000] {processor.py:161} INFO - Started process (PID=2116) to work on /home/airflow/.local/lib/python3.8/site-packages/airflow/example_dags/example_branch_datetime_operator.py
[2026-08-19T12:34:09.842+0000] {processor.py:830} INFO - Processing file /home/airflow/.local/lib/python3.8/site-packages/airflow/example_dags/example_branch_datetime_operator.py for tasks to queue
[2026-08-19T12:34:09.844+0000] {logging_mixin.py:188} INFO - [2026-08-19T12:34:09.844+0000] {dagbag.py:538} INFO - Filling up the DagBag from /home/airflow/.local/lib/python3.8/site-packages/airflow/example_dags/example_branch_datetime_operator.py
[2026-08-19T12:34:09.855+0000] {processor.py:840} INFO - DAG(s) 'example_branch_datetime_operator_2', 'example_branch_datetime_operator_3', 'example_branch_datetime_operator' retrieved from /home/airflow/.local/lib/python3.8/site-packages/airflow/example_dags/example_branch_datetime_operator.py
[2026-08-19T12:34:09.888+0000] {logging_mixin.py:188} INFO - [2026-08-19T12:34:09.887+0000] {dag.py:3036} INFO - Sync 3 DAGs
[2026-08-19T12:34:09.921+0000] {logging_mixin.py:188} INFO - [2026-08-19T12:34:09.920+0000] {dag.py:3823} INFO - Setting next_dagrun for example_branch_datetime_operator to 2026-08-18 00:00:00+00:00, run_after=2026-08-19 00:00:00+00:00
[2026-08-19T12:34:09.926+0000] {logging_mixin.py:188} INFO - [2026-08-19T12:34:09.926+0000] {dag.py:3823} INFO - Setting next_dagrun for example_branch_datetime_operator_2 to 2026-08-18 00:00:00+00:00, run_after=2026-08-19 00:00:00+00:00
[2026-08-19T12:34:09.929+0000] {logging_mixin.py:188} INFO - [2026-08-19T12:34:09.929+0000] {dag.py:3823} INFO - Setting next_dagrun for example_branch_datetime_operator_3 to 2026-08-18 00:00:00+00:00, run_after=2026-08-19 00:00:00+00:00
[2026-08-19T12:34:09.952+0000] {processor.py:183} INFO - Processing /home/airflow/.local/lib/python3.8/site-packages/airflow/example_dags/example_branch_datetime_operator.py took 0.115 seconds
[2026-08-19T12:34:40.372+0000] {processor.py:161} INFO - Started process (PID=2203) to work on /home/airflow/.local/lib/python3.8/site-packages/airflow/example_dags/example_branch_datetime_operator.py
[2026-08-19T12:34:40.373+0000] {processor.py:830} INFO - Processing file /home/airflow/.local/lib/python3.8/site-packages/airflow/example_dags/example_branch_datetime_operator.py for tasks to queue
[2026-08-19T12:34:40.375+0000] {logging_mixin.py:188} INFO - [2026-08-19T12:34:40.375+0000] {dagbag.py:538} INFO - Filling up the DagBag from /home/airflow/.local/lib/python3.8/site-packages/airflow/example_dags/example_branch_datetime_operator.py
[2026-08-19T12:34:40.386+0000] {processor.py:840} INFO - DAG(s) 'example_branch_datetime_operator', 'example_branch_datetime_operator_3', 'example_branch_datetime_operator_2' retrieved from /home/airflow/.local/lib/python3.8/site-packages/airflow/example_dags/example_branch_datetime_operator.py
[2026-08-19T12:34:40.413+0000] {logging_mixin.py:188} INFO - [2026-08-19T12:34:40.412+0000] {dag.py:3036} INFO - Sync 3 DAGs
[2026-08-19T12:34:40.438+0000] {logging_mixin.py:188} INFO - [2026-08-19T12:34:40.437+0000] {dag.py:3823} INFO - Setting next_dagrun for example_branch_datetime_operator to 2026-08-18 00:00:00+00:00, run_after=2026-08-19 00:00:00+00:00
[2026-08-19T12:34:40.442+0000] {logging_mixin.py:188} INFO - [2026-08-19T12:34:40.442+0000] {dag.py:3823} INFO - Setting next_dagrun for example_branch_datetime_operator_2 to 2026-08-18 00:00:00+00:00, run_after=2026-08-19 00:00:00+00:00
[2026-08-19T12:34:40.445+0000] {logging_mixin.py:188} INFO - [2026-08-19T12:34:40.445+0000] {dag.py:3823} INFO - Setting next_dagrun for example_branch_datetime_operator_3 to 2026-08-18 00:00:00+00:00, run_after=2026-08-19 00:00:00+00:00
[2026-08-19T12:34:40.464+0000] {processor.py:183} INFO - Processing /home/airflow/.local/lib/python3.8/site-packages/airflow/example_dags/example_branch_datetime_operator.py took 0.095 seconds
[2026-08-19T12:35:10.711+0000] {processor.py:161} INFO - Started process (PID=2292) to work on /home/airflow/.local/lib/python3.8/site-packages/airflow/example_dags/example_branch_datetime_operator.py
[2026-08-19T12:35:10.712+0000] {processor.py:830} INFO - Processing file /home/airflow/.local/lib/python3.8/site-packages/airflow/example_dags/example_branch_datetime_operator.py for tasks to queue
[2026-08-19T12:35:10.714+0000] {logging_mixin.py:188} INFO - [2026-08-19T12:35:10.714+0000] {dagbag.py:538} INFO - Filling up the DagBag from /home/airflow/.local/lib/python3.8/site-packages/airflow/example_dags/example_branch_datetime_operator.py
[2026-08-19T12:35:10.740+0000] {processor.py:840} INFO - DAG(s) 'example_branch_datetime_operator', 'example_branch_datetime_operator_2', 'example_branch_datetime_operator_3' retrieved from /home/airflow/.local/lib/python3.8/site-packages/airflow/example_dags/example_branch_datetime_operator.py
[2026-08-19T12:35:10.782+0000] {logging_mixin.py:188} INFO - [2026-08-19T12:35:10.782+0000] {dag.py:3036} INFO - Sync 3 DAGs
[2026-08-19T12:35:10.809+0000] {logging_mixin.py:188} INFO - [2026-08-19T12:35:10.809+0000] {dag.py:3823} INFO - Setting next_dagrun for example_branch_datetime_operator to 2026-08-18 00:00:00+00:00, run_after=2026-08-19 00:00:00+00:00
[2026-08-19T12:35:10.816+0000] {logging_mixin.py:188} INFO - [2026-08-19T12:35:10.815+0000] {dag.py:3823} INFO - Setting next_dagrun for example_branch_datetime_operator_2 to 2026-08-18 00:00:00+00:00, run_after=2026-08-19 00:00:00+00:00
[2026-08-19T12:35:10.822+0000] {logging_mixin.py:188} INFO - [2026-08-19T12:35:10.821+0000] {dag.py:3823} INFO - Setting next_dagrun for example_branch_datetime_operator_3 to 2026-08-18 00:00:00+00:00, run_after=2026-08-19 00:00:00+00:00
[2026-08-19T12:35:10.869+0000] {processor.py:183} INFO - Processing /home/airflow/.local/lib/python3.8/site-packages/airflow/example_dags/example_branch_datetime_operator.py took 0.162 seconds
[2026-08-19T12:35:41.565+0000] {processor.py:161} INFO - Started process (PID=2375) to work on /home/airflow/.local/lib/python3.8/site-packages/airflow/example_dags/example_branch_datetime_operator.py
[2026-08-19T12:35:41.567+0000] {processor.py:830} INFO - Processing file /home/airflow/.local/lib/python3.8/site-packages/airflow/example_dags/example_branch_datetime_operator.py for tasks to queue
[2026-08-19T12:35:41.570+0000] {logging_mixin.py:188} INFO - [2026-08-19T12:35:41.569+0000] {dagbag.py:538} INFO - Filling up the DagBag from /home/airflow/.local/lib/python3.8/site-packages/airflow/example_dags/example_branch_datetime_operator.py
[2026-08-19T12:35:41.582+0000] {processor.py:840} INFO - DAG(s) 'example_branch_datetime_operator_2', 'example_branch_datetime_operator_3', 'example_branch_datetime_operator' retrieved from /home/airflow/.local/lib/python3.8/site-packages/airflow/example_dags/example_branch_datetime_operator.py
[2026-08-19T12:35:41.618+0000] {logging_mixin.py:188} INFO - [2026-08-19T12:35:41.618+0000] {dag.py:3036} INFO - Sync 3 DAGs
[2026-08-19T12:35:41.642+0000] {logging_mixin.py:188} INFO - [2026-08-19T12:35:41.641+0000] {dag.py:3823} INFO - Setting next_dagrun for example_branch_datetime_operator to 2026-08-18 00:00:00+00:00, run_after=2026-08-19 00:00:00+00:00
[2026-08-19T12:35:41.646+0000] {logging_mixin.py:188} INFO - [2026-08-19T12:35:41.646+0000] {dag.py:3823} INFO - Setting next_dagrun for example_branch_datetime_operator_2 to 2026-08-18 00:00:00+00:00, run_after=2026-08-19 00:00:00+00:00
[2026-08-19T12:35:41.650+0000] {logging_mixin.py:188} INFO - [2026-08-19T12:35:41.650+0000] {dag.py:3823} INFO - Setting next_dagrun for example_branch_datetime_operator_3 to 2026-08-18 00:00:00+00:00, run_after=2026-08-19 00:00:00+00:00
[2026-08-19T12:35:41.674+0000] {processor.py:183} INFO - Processing /home/airflow/.local/lib/python3.8/site-packages/airflow/example_dags/example_branch_datetime_operator.py took 0.112 seconds
[2026-08-19T12:36:12.899+0000] {processor.py:161} INFO - Started process (PID=2458) to work on /home/airflow/.local/lib/python3.8/site-packages/airflow/example_dags/example_branch_datetime_operator.py
[2026-08-19T12:36:12.900+0000] {processor.py:830} INFO - Processing file /home/airflow/.local/lib/python3.8/site-packages/airflow/example_dags/example_branch_datetime_operator.py for tasks to queue
[2026-08-19T12:36:12.903+0000] {logging_mixin.py:188} INFO - [2026-08-19T12:36:12.902+0000] {dagbag.py:538} INFO - Filling up the DagBag from /home/airflow/.local/lib/python3.8/site-packages/airflow/example_dags/example_branch_datetime_operator.py
[2026-08-19T12:36:12.914+0000] {processor.py:840} INFO - DAG(s) 'example_branch_datetime_operator_3', 'example_branch_datetime_operator_2', 'example_branch_datetime_operator' retrieved from /home/airflow/.local/lib/python3.8/site-packages/airflow/example_dags/example_branch_datetime_operator.py
[2026-08-19T12:36:12.947+0000] {logging_mixin.py:188} INFO - [2026-08-19T12:36:12.947+0000] {dag.py:3036} INFO - Sync 3 DAGs
[2026-08-19T12:36:12.974+0000] {logging_mixin.py:188} INFO - [2026-08-19T12:36:12.974+0000] {dag.py:3823} INFO - Setting next_dagrun for example_branch_datetime_operator to 2026-08-18 00:00:00+00:00, run_after=2026-08-19 00:00:00+00:00
[2026-08-19T12:36:12.979+0000] {logging_mixin.py:188} INFO - [2026-08-19T12:36:12.979+0000] {dag.py:3823} INFO - Setting next_dagrun for example_branch_datetime_operator_2 to 2026-08-18 00:00:00+00:00, run_after=2026-08-19 00:00:00+00:00
[2026-08-19T12:36:12.982+0000] {logging_mixin.py:188} INFO - [2026-08-19T12:36:12.982+0000] {dag.py:3823} INFO - Setting next_dagrun for example_branch_datetime_operator_3 to 2026-08-18 00:00:00+00:00, run_after=2026-08-19 00:00:00+00:00
[2026-08-19T12:36:13.005+0000] {processor.py:183} INFO - Processing /home/airflow/.local/lib/python3.8/site-packages/airflow/example_dags/example_branch_datetime_operator.py took 0.110 seconds
[2026-08-19T12:36:43.936+0000] {processor.py:161} INFO - Started process (PID=2545) to work on /home/airflow/.local/lib/python3.8/site-packages/airflow/example_dags/example_branch_datetime_operator.py
[2026-08-19T12:36:43.937+0000] {processor.py:830} INFO - Processing file /home/airflow/.local/lib/python3.8/site-packages/airflow/example_dags/example_branch_datetime_operator.py for tasks to queue
[2026-08-19T12:36:43.939+0000] {logging_mixin.py:188} INFO - [2026-08-19T12:36:43.939+0000] {dagbag.py:538} INFO - Filling up the DagBag from /home/airflow/.local/lib/python3.8/site-packages/airflow/example_dags/example_branch_datetime_operator.py
[2026-08-19T12:36:43.950+0000] {processor.py:840} INFO - DAG(s) 'example_branch_datetime_operator_2', 'example_branch_datetime_operator_3', 'example_branch_datetime_operator' retrieved from /home/airflow/.local/lib/python3.8/site-packages/airflow/example_dags/example_branch_datetime_operator.py
[2026-08-19T12:36:43.979+0000] {logging_mixin.py:188} INFO - [2026-08-19T12:36:43.979+0000] {dag.py:3036} INFO - Sync 3 DAGs
[2026-08-19T12:36:44.000+0000] {logging_mixin.py:188} INFO - [2026-08-19T12:36:44.000+0000] {dag.py:3823} INFO - Setting next_dagrun for example_branch_datetime_operator to 2026-08-18 00:00:00+00:00, run_after=2026-08-19 00:00:00+00:00
[2026-08-19T12:36:44.005+0000] {logging_mixin.py:188} INFO - [2026-08-19T12:36:44.004+0000] {dag.py:3823} INFO - Setting next_dagrun for example_branch_datetime_operator_2 to 2026-08-18 00:00:00+00:00, run_after=2026-08-19 00:00:00+00:00
[2026-08-19T12:36:44.007+0000] {logging_mixin.py:188} INFO - [2026-08-19T12:36:44.007+0000] {dag.py:3823} INFO - Setting next_dagrun for example_branch_datetime_operator_3 to 2026-08-18 00:00:00+00:00, run_after=2026-08-19 00:00:00+00:00
[2026-08-19T12:36:44.023+0000] {processor.py:183} INFO - Processing /home/airflow/.local/lib/python3.8/site-packages/airflow/example_dags/example_branch_datetime_operator.py took 0.092 seconds
[2026-08-19T12:37:14.407+0000] {processor.py:161} INFO - Started process (PID=2632) to work on /home/airflow/.local/lib/python3.8/site-packages/airflow/example_dags/example_branch_datetime_operator.py
[2026-08-19T12:37:14.409+0000] {processor.py:830} INFO - Processing file /home/airflow/.local/lib/python3.8/site-packages/airflow/example_dags/example_branch_datetime_operator.py for tasks to queue
[2026-08-19T12:37:14.411+0000] {logging_mixin.py:188} INFO - [2026-08-19T12:37:14.410+0000] {dagbag.py:538} INFO - Filling up the DagBag from /home/airflow/.local/lib/python3.8/site-packages/airflow/example_dags/example_branch_datetime_operator.py
[2026-08-19T12:37:14.421+0000] {processor.py:840} INFO - DAG(s) 'example_branch_datetime_operator_3', 'example_branch_datetime_operator', 'example_branch_datetime_operator_2' retrieved from /home/airflow/.local/lib/python3.8/site-packages/airflow/example_dags/example_branch_datetime_operator.py
[2026-08-19T12:37:14.454+0000] {logging_mixin.py:188} INFO - [2026-08-19T12:37:14.454+0000] {dag.py:3036} INFO - Sync 3 DAGs
[2026-08-19T12:37:14.481+0000] {logging_mixin.py:188} INFO - [2026-08-19T12:37:14.481+0000] {dag.py:3823} INFO - Setting next_dagrun for example_branch_datetime_operator to 2026-08-18 00:00:00+00:00, run_after=2026-08-19 00:00:00+00:00
[2026-08-19T12:37:14.487+0000] {logging_mixin.py:188} INFO - [2026-08-19T12:37:14.487+0000] {dag.py:3823} INFO - Setting next_dagrun for example_branch_datetime_operator_2 to 2026-08-18 00:00:00+00:00, run_after=2026-08-19 00:00:00+00:00
[2026-08-19T12:37:14.491+0000] {logging_mixin.py:188} INFO - [2026-08-19T12:37:14.490+0000] {dag.py:3823} INFO - Setting next_dagrun for example_branch_datetime_operator_3 to 2026-08-18 00:00:00+00:00, run_after=2026-08-19 00:00:00+00:00
[2026-08-19T12:37:14.515+0000] {processor.py:183} INFO - Processing /home/airflow/.local/lib/python3.8/site-packages/airflow/example_dags/example_branch_datetime_operator.py took 0.111 seconds
[2026-08-19T12:37:45.818+0000] {processor.py:161} INFO - Started process (PID=2715) to work on /home/airflow/.local/lib/python3.8/site-packages/airflow/example_dags/example_branch_datetime_operator.py
[2026-08-19T12:37:45.820+0000] {processor.py:830} INFO - Processing file /home/airflow/.local/lib/python3.8/site-packages/airflow/example_dags/example_branch_datetime_operator.py for tasks to queue
[2026-08-19T12:37:45.823+0000] {logging_mixin.py:188} INFO - [2026-08-19T12:37:45.822+0000] {dagbag.py:538} INFO - Filling up the DagBag from /home/airflow/.local/lib/python3.8/site-packages/airflow/example_dags/example_branch_datetime_operator.py
[2026-08-19T12:37:45.834+0000] {processor.py:840} INFO - DAG(s) 'example_branch_datetime_operator_2', 'example_branch_datetime_operator_3', 'example_branch_datetime_operator' retrieved from /home/airflow/.local/lib/python3.8/site-packages/airflow/example_dags/example_branch_datetime_operator.py
[2026-08-19T12:37:45.876+0000] {logging_mixin.py:188} INFO - [2026-08-19T12:37:45.876+0000] {dag.py:3036} INFO - Sync 3 DAGs
[2026-08-19T12:37:45.913+0000] {logging_mixin.py:188} INFO - [2026-08-19T12:37:45.913+0000] {dag.py:3823} INFO - Setting next_dagrun for example_branch_datetime_operator to 2026-08-18 00:00:00+00:00, run_after=2026-08-19 00:00:00+00:00
[2026-08-19T12:37:45.919+0000] {logging_mixin.py:188} INFO - [2026-08-19T12:37:45.919+0000] {dag.py:3823} INFO - Setting next_dagrun for example_branch_datetime_operator_2 to 2026-08-18 00:00:00+00:00, run_after=2026-08-19 00:00:00+00:00
[2026-08-19T12:37:45.924+0000] {logging_mixin.py:188} INFO - [2026-08-19T12:37:45.923+0000] {dag.py:3823} INFO - Setting next_dagrun for example_branch_datetime_operator_3 to 2026-08-18 00:00:00+00:00, run_after=2026-08-19 00:00:00+00:00
[2026-08-19T12:37:45.948+0000] {processor.py:183} INFO - Processing /home/airflow/.local/lib/python3.8/site-packages/airflow/example_dags/example_branch_datetime_operator.py took 0.134 seconds
[2026-08-19T12:38:16.954+0000] {processor.py:161} INFO - Started process (PID=2798) to work on /home/airflow/.local/lib/python3.8/site-packages/airflow/example_dags/example_branch_datetime_operator.py
[2026-08-19T12:38:16.955+0000] {processor.py:830} INFO - Processing file /home/airflow/.local/lib/python3.8/site-packages/airflow/example_dags/example_branch_datetime_operator.py for tasks to queue
[2026-08-19T12:38:16.957+0000] {logging_mixin.py:188} INFO - [2026-08-19T12:38:16.957+0000] {dagbag.py:538} INFO - Filling up the DagBag from /home/airflow/.local/lib/python3.8/site-packages/airflow/example_dags/example_branch_datetime_operator.py
[2026-08-19T12:38:16.968+0000] {processor.py:840} INFO - DAG(s) 'example_branch_datetime_operator_3', 'example_branch_datetime_operator_2', 'example_branch_datetime_operator' retrieved from /home/airflow/.local/lib/python3.8/site-packages/airflow/example_dags/example_branch_datetime_operator.py
[2026-08-19T12:38:16.999+0000] {logging_mixin.py:188} INFO - [2026-08-19T12:38:16.999+0000] {dag.py:3036} INFO - Sync 3 DAGs
[2026-08-19T12:38:17.023+0000] {logging_mixin.py:188} INFO - [2026-08-19T12:38:17.022+0000] {dag.py:3823} INFO - Setting next_dagrun for example_branch_datetime_operator to 2026-08-18 00:00:00+00:00, run_after=2026-08-19 00:00:00+00:00
[2026-08-19T12:38:17.027+0000] {logging_mixin.py:188} INFO - [2026-08-19T12:38:17.027+0000] {dag.py:3823} INFO - Setting next_dagrun for example_branch_datetime_operator_2 to 2026-08-18 00:00:00+00:00, run_after=2026-08-19 00:00:00+00:00
[2026-08-19T12:38:17.031+0000] {logging_mixin.py:188} INFO - [2026-08-19T12:38:17.031+0000] {dag.py:3823} INFO - Setting next_dagrun for example_branch_datetime_operator_3 to 2026-08-18 00:00:00+00:00, run_after=2026-08-19 00:00:00+00:00
[2026-08-19T12:38:17.053+0000] {processor.py:183} INFO - Processing /home/airflow/.local/lib/python3.8/site-packages/airflow/example_dags/example_branch_datetime_operator.py took 0.103 seconds
[2026-08-19T12:38:48.205+0000] {processor.py:161} INFO - Started process (PID=2881) to work on /home/airflow/.local/lib/python3.8/site-packages/airflow/example_dags/example_branch_datetime_operator.py
[2026-08-19T12:38:48.206+0000] {processor.py:830} INFO - Processing file /home/airflow/.local/lib/python3.8/site-packages/airflow/example_dags/example_branch_datetime_operator.py for tasks to queue
[2026-08-19T12:38:48.208+0000] {logging_mixin.py:188} INFO - [2026-08-19T12:38:48.208+0000] {dagbag.py:538} INFO - Filling up the DagBag from /home/airflow/.local/lib/python3.8/site-packages/airflow/example_dags/example_branch_datetime_operator.py
[2026-08-19T12:38:48.219+0000] {processor.py:840} INFO - DAG(s) 'example_branch_datetime_operator_2', 'example_branch_datetime_operator', 'example_branch_datetime_operator_3' retrieved from /home/airflow/.local/lib/python3.8/site-packages/airflow/example_dags/example_branch_datetime_operator.py
[2026-08-19T12:38:48.249+0000] {logging_mixin.py:188} INFO - [2026-08-19T12:38:48.249+0000] {dag.py:3036} INFO - Sync 3 DAGs
[2026-08-19T12:38:48.273+0000] {logging_mixin.py:188} INFO - [2026-08-19T12:38:48.273+0000] {dag.py:3823} INFO - Setting next_dagrun for example_branch_datetime_operator to 2026-08-18 00:00:00+00:00, run_after=2026-08-19 00:00:00+00:00
[2026-08-19T12:38:48.278+0000] {logging_mixin.py:188} INFO - [2026-08-19T12:38:48.278+0000] {dag.py:3823} INFO - Setting next_dagrun for example_branch_datetime_operator_2 to 2026-08-18 00:00:00+00:00, run_after=2026-08-19 00:00:00+00:00
[2026-08-19T12:38:48.282+0000] {logging_mixin.py:188} INFO - [2026-08-19T12:38:48.282+0000] {dag.py:3823} INFO - Setting next_dagrun for example_branch_datetime_operator_3 to 2026-08-18 00:00:00+00:00, run_after=2026-08-19 00:00:00+00:00
[2026-08-19T12:38:48.308+0000] {processor.py:183} INFO - Processing /home/airflow/.local/lib/python3.8/site-packages/airflow/example_dags/example_branch_datetime_operator.py took 0.107 seconds
[2026-08-19T12:39:19.359+0000] {processor.py:161} INFO - Started process (PID=2964) to work on /home/airflow/.local/lib/python3.8/site-packages/airflow/example_dags/example_branch_datetime_operator.py
[2026-08-19T12:39:19.361+0000] {processor.py:830} INFO - Processing file /home/airflow/.local/lib/python3.8/site-packages/airflow/example_dags/example_branch_datetime_operator.py for tasks to queue
[2026-08-19T12:39:19.364+0000] {logging_mixin.py:188} INFO - [2026-08-19T12:39:19.363+0000] {dagbag.py:538} INFO - Filling up the DagBag from /home/airflow/.local/lib/python3.8/site-packages/airflow/example_dags/example_branch_datetime_operator.py
[2026-08-19T12:39:19.374+0000] {processor.py:840} INFO - DAG(s) 'example_branch_datetime_operator_2', 'example_branch_datetime_operator', 'example_branch_datetime_operator_3' retrieved from /home/airflow/.local/lib/python3.8/site-packages/airflow/example_dags/example_branch_datetime_operator.py
[2026-08-19T12:39:19.401+0000] {logging_mixin.py:188} INFO - [2026-08-19T12:39:19.400+0000] {dag.py:3036} INFO - Sync 3 DAGs
[2026-08-19T12:39:19.421+0000] {logging_mixin.py:188} INFO - [2026-08-19T12:39:19.421+0000] {dag.py:3823} INFO - Setting next_dagrun for example_branch_datetime_operator to 2026-08-18 00:00:00+00:00, run_after=2026-08-19 00:00:00+00:00
[2026-08-19T12:39:19.425+0000] {logging_mixin.py:188} INFO - [2026-08-19T12:39:19.425+0000] {dag.py:3823} INFO - Setting next_dagrun for example_branch_datetime_operator_2 to 2026-08-18 00:00:00+00:00, run_after=2026-08-19 00:00:00+00:00
[2026-08-19T12:39:19.429+0000] {logging_mixin.py:188} INFO - [2026-08-19T12:39:19.429+0000] {dag.py:3823} INFO - Setting next_dagrun for example_branch_datetime_operator_3 to 2026-08-18 00:00:00+00:00, run_after=2026-08-19 00:00:00+00:00
[2026-08-19T12:39:19.446+0000] {processor.py:183} INFO - Processing /home/airflow/.local/lib/python3.8/site-packages/airflow/example_dags/example_branch_datetime_operator.py took 0.090 seconds
[2026-08-19T12:39:51.194+0000] {processor.py:161} INFO - Started process (PID=3047) to work on /home/airflow/.local/lib/python3.8/site-packages/airflow/example_dags/example_branch_datetime_operator.py
[2026-08-19T12:39:51.195+0000] {processor.py:830} INFO - Processing file /home/airflow/.local/lib/python3.8/site-packages/airflow/example_dags/example_branch_datetime_operator.py for tasks to queue
[2026-08-19T12:39:51.197+0000] {logging_mixin.py:188} INFO - [2026-08-19T12:39:51.197+0000] {dagbag.py:538} INFO - Filling up the DagBag from /home/airflow/.local/lib/python3.8/site-packages/airflow/example_dags/example_branch_datetime_operator.py
[2026-08-19T12:39:51.211+0000] {processor.py:840} INFO - DAG(s) 'example_branch_datetime_operator_3', 'example_branch_datetime_operator_2', 'example_branch_datetime_operator' retrieved from /home/airflow/.local/lib/python3.8/site-packages/airflow/example_dags/example_branch_datetime_operator.py
[2026-08-19T12:39:51.246+0000] {logging_mixin.py:188} INFO - [2026-08-19T12:39:51.246+0000] {dag.py:3036} INFO - Sync 3 DAGs
[2026-08-19T12:39:51.269+0000] {logging_mixin.py:188} INFO - [2026-08-19T12:39:51.269+0000] {dag.py:3823} INFO - Setting next_dagrun for example_branch_datetime_operator to 2026-08-18 00:00:00+00:00, run_after=2026-08-19 00:00:00+00:00
[2026-08-19T12:39:51.274+0000] {logging_mixin.py:188} INFO - [2026-08-19T12:39:51.274+0000] {dag.py:3823} INFO - Setting next_dagrun for example_branch_datetime_operator_2 to 2026-08-18 00:00:00+00:00, run_after=2026-08-19 00:00:00+00:00
[2026-08-19T12:39:51.277+0000] {logging_mixin.py:188} INFO - [2026-08-19T12:39:51.277+0000] {dag.py:3823} INFO - Setting next_dagrun for example_branch_datetime_operator_3 to 2026-08-18 00:00:00+00:00, run_after=2026-08-19 00:00:00+00:00
[2026-08-19T12:39:51.295+0000] {processor.py:183} INFO - Processing /home/airflow/.local/lib/python3.8/site-packages/airflow/example_dags/example_branch_datetime_operator.py took 0.105 seconds
[2026-08-19T12:40:21.654+0000] {processor.py:161} INFO - Started process (PID=3130) to work on /home/airflow/.local/lib/python3.8/site-packages/airflow/example_dags/example_branch_datetime_operator.py
[2026-08-19T12:40:21.655+0000] {processor.py:830} INFO - Processing file /home/airflow/.local/lib/python3.8/site-packages/airflow/example_dags/example_branch_datetime_operator.py for tasks to queue
[2026-08-19T12:40:21.657+0000] {logging_mixin.py:188} INFO - [2026-08-19T12:40:21.657+0000] {dagbag.py:538} INFO - Filling up the DagBag from /home/airflow/.local/lib/python3.8/site-packages/airflow/example_dags/example_branch_datetime_operator.py
[2026-08-19T12:40:21.667+0000] {processor.py:840} INFO - DAG(s) 'example_branch_datetime_operator', 'example_branch_datetime_operator_3', 'example_branch_datetime_operator_2' retrieved from /home/airflow/.local/lib/python3.8/site-packages/airflow/example_dags/example_branch_datetime_operator.py
[2026-08-19T12:40:21.697+0000] {logging_mixin.py:188} INFO - [2026-08-19T12:40:21.697+0000] {dag.py:3036} INFO - Sync 3 DAGs
[2026-08-19T12:40:21.724+0000] {logging_mixin.py:188} INFO - [2026-08-19T12:40:21.724+0000] {dag.py:3823} INFO - Setting next_dagrun for example_branch_datetime_operator to 2026-08-18 00:00:00+00:00, run_after=2026-08-19 00:00:00+00:00
[2026-08-19T12:40:21.731+0000] {logging_mixin.py:188} INFO - [2026-08-19T12:40:21.731+0000] {dag.py:3823} INFO - Setting next_dagrun for example_branch_datetime_operator_2 to 2026-08-18 00:00:00+00:00, run_after=2026-08-19 00:00:00+00:00
[2026-08-19T12:40:21.734+0000] {logging_mixin.py:188} INFO - [2026-08-19T12:40:21.734+0000] {dag.py:3823} INFO - Setting next_dagrun for example_branch_datetime_operator_3 to 2026-08-18 00:00:00+00:00, run_after=2026-08-19 00:00:00+00:00
[2026-08-19T12:40:21.754+0000] {processor.py:183} INFO - Processing /home/airflow/.local/lib/python3.8/site-packages/airflow/example_dags/example_branch_datetime_operator.py took 0.104 seconds
[2026-08-19T12:40:53.082+0000] {processor.py:161} INFO - Started process (PID=3213) to work on /home/airflow/.local/lib/python3.8/site-packages/airflow/example_dags/example_branch_datetime_operator.py
[2026-08-19T12:40:53.084+0000] {processor.py:830} INFO - Processing file /home/airflow/.local/lib/python3.8/site-packages/airflow/example_dags/example_branch_datetime_operator.py for tasks to queue
[2026-08-19T12:40:53.086+0000] {logging_mixin.py:188} INFO - [2026-08-19T12:40:53.085+0000] {dagbag.py:538} INFO - Filling up the DagBag from /home/airflow/.local/lib/python3.8/site-packages/airflow/example_dags/example_branch_datetime_operator.py
[2026-08-19T12:40:53.100+0000] {processor.py:840} INFO - DAG(s) 'example_branch_datetime_operator', 'example_branch_datetime_operator_2', 'example_branch_datetime_operator_3' retrieved from /home/airflow/.local/lib/python3.8/site-packages/airflow/example_dags/example_branch_datetime_operator.py
[2026-08-19T12:40:53.139+0000] {logging_mixin.py:188} INFO - [2026-08-19T12:40:53.139+0000] {dag.py:3036} INFO - Sync 3 DAGs
[2026-08-19T12:40:53.166+0000] {logging_mixin.py:188} INFO - [2026-08-19T12:40:53.166+0000] {dag.py:3823} INFO - Setting next_dagrun for example_branch_datetime_operator to 2026-08-18 00:00:00+00:00, run_after=2026-08-19 00:00:00+00:00
[2026-08-19T12:40:53.171+0000] {logging_mixin.py:188} INFO - [2026-08-19T12:40:53.170+0000] {dag.py:3823} INFO - Setting next_dagrun for example_branch_datetime_operator_2 to 2026-08-18 00:00:00+00:00, run_after=2026-08-19 00:00:00+00:00
[2026-08-19T12:40:53.174+0000] {logging_mixin.py:188} INFO - [2026-08-19T12:40:53.174+0000] {dag.py:3823} INFO - Setting next_dagrun for example_branch_datetime_operator_3 to 2026-08-18 00:00:00+00:00, run_after=2026-08-19 00:00:00+00:00
[2026-08-19T12:40:53.193+0000] {processor.py:183} INFO - Processing /home/airflow/.local/lib/python3.8/site-packages/airflow/example_dags/example_branch_datetime_operator.py took 0.117 seconds
[2026-08-19T12:41:24.410+0000] {processor.py:161} INFO - Started process (PID=3300) to work on /home/airflow/.local/lib/python3.8/site-packages/airflow/example_dags/example_branch_datetime_operator.py
[2026-08-19T12:41:24.413+0000] {processor.py:830} INFO - Processing file /home/airflow/.local/lib/python3.8/site-packages/airflow/example_dags/example_branch_datetime_operator.py for tasks to queue
[2026-08-19T12:41:24.416+0000] {logging_mixin.py:188} INFO - [2026-08-19T12:41:24.415+0000] {dagbag.py:538} INFO - Filling up the DagBag from /home/airflow/.local/lib/python3.8/site-packages/airflow/example_dags/example_branch_datetime_operator.py
[2026-08-19T12:41:24.427+0000] {processor.py:840} INFO - DAG(s) 'example_branch_datetime_operator_3', 'example_branch_datetime_operator', 'example_branch_datetime_operator_2' retrieved from /home/airflow/.local/lib/python3.8/site-packages/airflow/example_dags/example_branch_datetime_operator.py
[2026-08-19T12:41:24.459+0000] {logging_mixin.py:188} INFO - [2026-08-19T12:41:24.459+0000] {dag.py:3036} INFO - Sync 3 DAGs
[2026-08-19T12:41:24.484+0000] {logging_mixin.py:188} INFO - [2026-08-19T12:41:24.484+0000] {dag.py:3823} INFO - Setting next_dagrun for example_branch_datetime_operator to 2026-08-18 00:00:00+00:00, run_after=2026-08-19 00:00:00+00:00
[2026-08-19T12:41:24.489+0000] {logging_mixin.py:188} INFO - [2026-08-19T12:41:24.489+0000] {dag.py:3823} INFO - Setting next_dagrun for example_branch_datetime_operator_2 to 2026-08-18 00:00:00+00:00, run_after=2026-08-19 00:00:00+00:00
[2026-08-19T12:41:24.492+0000] {logging_mixin.py:188} INFO - [2026-08-19T12:41:24.492+0000] {dag.py:3823} INFO - Setting next_dagrun for example_branch_datetime_operator_3 to 2026-08-18 00:00:00+00:00, run_after=2026-08-19 00:00:00+00:00
[2026-08-19T12:41:24.512+0000] {processor.py:183} INFO - Processing /home/airflow/.local/lib/python3.8/site-packages/airflow/example_dags/example_branch_datetime_operator.py took 0.106 seconds
[2026-08-19T12:41:54.738+0000] {processor.py:161} INFO - Started process (PID=3383) to work on /home/airflow/.local/lib/python3.8/site-packages/airflow/example_dags/example_branch_datetime_operator.py
[2026-08-19T12:41:54.740+0000] {processor.py:830} INFO - Processing file /home/airflow/.local/lib/python3.8/site-packages/airflow/example_dags/example_branch_datetime_operator.py for tasks to queue
[2026-08-19T12:41:54.742+0000] {logging_mixin.py:188} INFO - [2026-08-19T12:41:54.741+0000] {dagbag.py:538} INFO - Filling up the DagBag from /home/airflow/.local/lib/python3.8/site-packages/airflow/example_dags/example_branch_datetime_operator.py
[2026-08-19T12:41:54.752+0000] {processor.py:840} INFO - DAG(s) 'example_branch_datetime_operator_2', 'example_branch_datetime_operator', 'example_branch_datetime_operator_3' retrieved from /home/airflow/.local/lib/python3.8/site-packages/airflow/example_dags/example_branch_datetime_operator.py
[2026-08-19T12:41:54.784+0000] {logging_mixin.py:188} INFO - [2026-08-19T12:41:54.784+0000] {dag.py:3036} INFO - Sync 3 DAGs
[2026-08-19T12:41:54.809+0000] {logging_mixin.py:188} INFO - [2026-08-19T12:41:54.809+0000] {dag.py:3823} INFO - Setting next_dagrun for example_branch_datetime_operator to 2026-08-18 00:00:00+00:00, run_after=2026-08-19 00:00:00+00:00
[2026-08-19T12:41:54.815+0000] {logging_mixin.py:188} INFO - [2026-08-19T12:41:54.814+0000] {dag.py:3823} INFO - Setting next_dagrun for example_branch_datetime_operator_2 to 2026-08-18 00:00:00+00:00, run_after=2026-08-19 00:00:00+00:00
[2026-08-19T12:41:54.818+0000] {logging_mixin.py:188} INFO - [2026-08-19T12:41:54.818+0000] {dag.py:3823} INFO - Setting next_dagrun for example_branch_datetime_operator_3 to 2026-08-18 00:00:00+00:00, run_after=2026-08-19 00:00:00+00:00
[2026-08-19T12:41:54.836+0000] {processor.py:183} INFO - Processing /home/airflow/.local/lib/python3.8/site-packages/airflow/example_dags/example_branch_datetime_operator.py took 0.101 seconds
[2026-08-19T12:42:25.685+0000] {processor.py:161} INFO - Started process (PID=3466) to work on /home/airflow/.local/lib/python3.8/site-packages/airflow/example_dags/example_branch_datetime_operator.py
[2026-08-19T12:42:25.686+0000] {processor.py:830} INFO - Processing file /home/airflow/.local/lib/python3.8/site-packages/airflow/example_dags/example_branch_datetime_operator.py for tasks to queue
[2026-08-19T12:42:25.688+0000] {logging_mixin.py:188} INFO - [2026-08-19T12:42:25.688+0000] {dagbag.py:538} INFO - Filling up the DagBag from /home/airflow/.local/lib/python3.8/site-packages/airflow/example_dags/example_branch_datetime_operator.py
[2026-08-19T12:42:25.700+0000] {processor.py:840} INFO - DAG(s) 'example_branch_datetime_operator_3', 'example_branch_datetime_operator_2', 'example_branch_datetime_operator' retrieved from /home/airflow/.local/lib/python3.8/site-packages/airflow/example_dags/example_branch_datetime_operator.py
[2026-08-19T12:42:25.730+0000] {logging_mixin.py:188} INFO - [2026-08-19T12:42:25.730+0000] {dag.py:3036} INFO - Sync 3 DAGs
[2026-08-19T12:42:25.755+0000] {logging_mixin.py:188} INFO - [2026-08-19T12:42:25.754+0000] {dag.py:3823} INFO - Setting next_dagrun for example_branch_datetime_operator to 2026-08-18 00:00:00+00:00, run_after=2026-08-19 00:00:00+00:00
[2026-08-19T12:42:25.760+0000] {logging_mixin.py:188} INFO - [2026-08-19T12:42:25.759+0000] {dag.py:3823} INFO - Setting next_dagrun for example_branch_datetime_operator_2 to 2026-08-18 00:00:00+00:00, run_after=2026-08-19 00:00:00+00:00
[2026-08-19T12:42:25.763+0000] {logging_mixin.py:188} INFO - [2026-08-19T12:42:25.763+0000] {dag.py:3823} INFO - Setting next_dagrun for example_branch_datetime_operator_3 to 2026-08-18 00:00:00+00:00, run_after=2026-08-19 00:00:00+00:00
[2026-08-19T12:42:25.782+0000] {processor.py:183} INFO - Processing /home/airflow/.local/lib/python3.8/site-packages/airflow/example_dags/example_branch_datetime_operator.py took 0.101 seconds
[2026-08-19T12:42:57.065+0000] {processor.py:161} INFO - Started process (PID=3549) to work on /home/airflow/.local/lib/python3.8/site-packages/airflow/example_dags/example_branch_datetime_operator.py
[2026-08-19T12:42:57.066+0000] {processor.py:830} INFO - Processing file /home/airflow/.local/lib/python3.8/site-packages/airflow/example_dags/example_branch_datetime_operator.py for tasks to queue
[2026-08-19T12:42:57.071+0000] {logging_mixin.py:188} INFO - [2026-08-19T12:42:57.070+0000] {dagbag.py:538} INFO - Filling up the DagBag from /home/airflow/.local/lib/python3.8/site-packages/airflow/example_dags/example_branch_datetime_operator.py
[2026-08-19T12:42:57.084+0000] {processor.py:840} INFO - DAG(s) 'example_branch_datetime_operator_3', 'example_branch_datetime_operator_2', 'example_branch_datetime_operator' retrieved from /home/airflow/.local/lib/python3.8/site-packages/airflow/example_dags/example_branch_datetime_operator.py
[2026-08-19T12:42:57.118+0000] {logging_mixin.py:188} INFO - [2026-08-19T12:42:57.118+0000] {dag.py:3036} INFO - Sync 3 DAGs
[2026-08-19T12:42:57.148+0000] {logging_mixin.py:188} INFO - [2026-08-19T12:42:57.148+0000] {dag.py:3823} INFO - Setting next_dagrun for example_branch_datetime_operator to 2026-08-18 00:00:00+00:00, run_after=2026-08-19 00:00:00+00:00
[2026-08-19T12:42:57.154+0000] {logging_mixin.py:188} INFO - [2026-08-19T12:42:57.153+0000] {dag.py:3823} INFO - Setting next_dagrun for example_branch_datetime_operator_2 to 2026-08-18 00:00:00+00:00, run_after=2026-08-19 00:00:00+00:00
[2026-08-19T12:42:57.159+0000] {logging_mixin.py:188} INFO - [2026-08-19T12:42:57.159+0000] {dag.py:3823} INFO - Setting next_dagrun for example_branch_datetime_operator_3 to 2026-08-18 00:00:00+00:00, run_after=2026-08-19 00:00:00+00:00
[2026-08-19T12:42:57.181+0000] {processor.py:183} INFO - Processing /home/airflow/.local/lib/python3.8/site-packages/airflow/example_dags/example_branch_datetime_operator.py took 0.121 seconds
[2026-08-19T12:43:28.407+0000] {processor.py:161} INFO - Started process (PID=3632) to work on /home/airflow/.local/lib/python3.8/site-packages/airflow/example_dags/example_branch_datetime_operator.py
[2026-08-19T12:43:28.408+0000] {processor.py:830} INFO - Processing file /home/airflow/.local/lib/python3.8/site-packages/airflow/example_dags/example_branch_datetime_operator.py for tasks to queue
[2026-08-19T12:43:28.411+0000] {logging_mixin.py:188} INFO - [2026-08-19T12:43:28.410+0000] {dagbag.py:538} INFO - Filling up the DagBag from /home/airflow/.local/lib/python3.8/site-packages/airflow/example_dags/example_branch_datetime_operator.py
[2026-08-19T12:43:28.422+0000] {processor.py:840} INFO - DAG(s) 'example_branch_datetime_operator_2', 'example_branch_datetime_operator_3', 'example_branch_datetime_operator' retrieved from /home/airflow/.local/lib/python3.8/site-packages/airflow/example_dags/example_branch_datetime_operator.py
[2026-08-19T12:43:28.451+0000] {logging_mixin.py:188} INFO - [2026-08-19T12:43:28.451+0000] {dag.py:3036} INFO - Sync 3 DAGs
[2026-08-19T12:43:28.476+0000] {logging_mixin.py:188} INFO - [2026-08-19T12:43:28.476+0000] {dag.py:3823} INFO - Setting next_dagrun for example_branch_datetime_operator to 2026-08-18 00:00:00+00:00, run_after=2026-08-19 00:00:00+00:00
[2026-08-19T12:43:28.481+0000] {logging_mixin.py:188} INFO - [2026-08-19T12:43:28.481+0000] {dag.py:3823} INFO - Setting next_dagrun for example_branch_datetime_operator_2 to 2026-08-18 00:00:00+00:00, run_after=2026-08-19 00:00:00+00:00
[2026-08-19T12:43:28.484+0000] {logging_mixin.py:188} INFO - [2026-08-19T12:43:28.484+0000] {dag.py:3823} INFO - Setting next_dagrun for example_branch_datetime_operator_3 to 2026-08-18 00:00:00+00:00, run_after=2026-08-19 00:00:00+00:00
[2026-08-19T12:43:28.503+0000] {processor.py:183} INFO - Processing /home/airflow/.local/lib/python3.8/site-packages/airflow/example_dags/example_branch_datetime_operator.py took 0.099 seconds
[2026-08-19T12:44:03.915+0000] {processor.py:161} INFO - Started process (PID=3715) to work on /home/airflow/.local/lib/python3.8/site-packages/airflow/example_dags/example_branch_datetime_operator.py
[2026-08-19T12:44:03.918+0000] {processor.py:830} INFO - Processing file /home/airflow/.local/lib/python3.8/site-packages/airflow/example_dags/example_branch_datetime_operator.py for tasks to queue
[2026-08-19T12:44:03.921+0000] {logging_mixin.py:188} INFO - [2026-08-19T12:44:03.920+0000] {dagbag.py:538} INFO - Filling up the DagBag from /home/airflow/.local/lib/python3.8/site-packages/airflow/example_dags/example_branch_datetime_operator.py
[2026-08-19T12:44:03.938+0000] {processor.py:840} INFO - DAG(s) 'example_branch_datetime_operator', 'example_branch_datetime_operator_3', 'example_branch_datetime_operator_2' retrieved from /home/airflow/.local/lib/python3.8/site-packages/airflow/example_dags/example_branch_datetime_operator.py
[2026-08-19T12:44:03.979+0000] {logging_mixin.py:188} INFO - [2026-08-19T12:44:03.979+0000] {dag.py:3036} INFO - Sync 3 DAGs
[2026-08-19T12:44:04.036+0000] {logging_mixin.py:188} INFO - [2026-08-19T12:44:04.034+0000] {dag.py:3823} INFO - Setting next_dagrun for example_branch_datetime_operator to 2026-08-18 00:00:00+00:00, run_after=2026-08-19 00:00:00+00:00
[2026-08-19T12:44:04.050+0000] {logging_mixin.py:188} INFO - [2026-08-19T12:44:04.050+0000] {dag.py:3823} INFO - Setting next_dagrun for example_branch_datetime_operator_2 to 2026-08-18 00:00:00+00:00, run_after=2026-08-19 00:00:00+00:00
[2026-08-19T12:44:04.056+0000] {logging_mixin.py:188} INFO - [2026-08-19T12:44:04.055+0000] {dag.py:3823} INFO - Setting next_dagrun for example_branch_datetime_operator_3 to 2026-08-18 00:00:00+00:00, run_after=2026-08-19 00:00:00+00:00
[2026-08-19T12:44:04.406+0000] {processor.py:183} INFO - Processing /home/airflow/.local/lib/python3.8/site-packages/airflow/example_dags/example_branch_datetime_operator.py took 0.496 seconds
[2026-08-19T12:44:34.561+0000] {processor.py:161} INFO - Started process (PID=3800) to work on /home/airflow/.local/lib/python3.8/site-packages/airflow/example_dags/example_branch_datetime_operator.py
[2026-08-19T12:44:34.562+0000] {processor.py:830} INFO - Processing file /home/airflow/.local/lib/python3.8/site-packages/airflow/example_dags/example_branch_datetime_operator.py for tasks to queue
[2026-08-19T12:44:34.566+0000] {logging_mixin.py:188} INFO - [2026-08-19T12:44:34.565+0000] {dagbag.py:538} INFO - Filling up the DagBag from /home/airflow/.local/lib/python3.8/site-packages/airflow/example_dags/example_branch_datetime_operator.py
[2026-08-19T12:44:34.583+0000] {processor.py:840} INFO - DAG(s) 'example_branch_datetime_operator_3', 'example_branch_datetime_operator_2', 'example_branch_datetime_operator' retrieved from /home/airflow/.local/lib/python3.8/site-packages/airflow/example_dags/example_branch_datetime_operator.py
[2026-08-19T12:44:34.618+0000] {logging_mixin.py:188} INFO - [2026-08-19T12:44:34.618+0000] {dag.py:3036} INFO - Sync 3 DAGs
[2026-08-19T12:44:34.646+0000] {logging_mixin.py:188} INFO - [2026-08-19T12:44:34.645+0000] {dag.py:3823} INFO - Setting next_dagrun for example_branch_datetime_operator to 2026-08-18 00:00:00+00:00, run_after=2026-08-19 00:00:00+00:00
[2026-08-19T12:44:34.653+0000] {logging_mixin.py:188} INFO - [2026-08-19T12:44:34.653+0000] {dag.py:3823} INFO - Setting next_dagrun for example_branch_datetime_operator_2 to 2026-08-18 00:00:00+00:00, run_after=2026-08-19 00:00:00+00:00
[2026-08-19T12:44:34.657+0000] {logging_mixin.py:188} INFO - [2026-08-19T12:44:34.656+0000] {dag.py:3823} INFO - Setting next_dagrun for example_branch_datetime_operator_3 to 2026-08-18 00:00:00+00:00, run_after=2026-08-19 00:00:00+00:00
[2026-08-19T12:44:34.679+0000] {processor.py:183} INFO - Processing /home/airflow/.local/lib/python3.8/site-packages/airflow/example_dags/example_branch_datetime_operator.py took 0.123 seconds
[2026-08-19T12:45:05.019+0000] {processor.py:161} INFO - Started process (PID=3883) to work on /home/airflow/.local/lib/python3.8/site-packages/airflow/example_dags/example_branch_datetime_operator.py
[2026-08-19T12:45:05.021+0000] {processor.py:830} INFO - Processing file /home/airflow/.local/lib/python3.8/site-packages/airflow/example_dags/example_branch_datetime_operator.py for tasks to queue
[2026-08-19T12:45:05.023+0000] {logging_mixin.py:188} INFO - [2026-08-19T12:45:05.023+0000] {dagbag.py:538} INFO - Filling up the DagBag from /home/airflow/.local/lib/python3.8/site-packages/airflow/example_dags/example_branch_datetime_operator.py
[2026-08-19T12:45:05.034+0000] {processor.py:840} INFO - DAG(s) 'example_branch_datetime_operator', 'example_branch_datetime_operator_3', 'example_branch_datetime_operator_2' retrieved from /home/airflow/.local/lib/python3.8/site-packages/airflow/example_dags/example_branch_datetime_operator.py
[2026-08-19T12:45:05.063+0000] {logging_mixin.py:188} INFO - [2026-08-19T12:45:05.063+0000] {dag.py:3036} INFO - Sync 3 DAGs
[2026-08-19T12:45:05.087+0000] {logging_mixin.py:188} INFO - [2026-08-19T12:45:05.087+0000] {dag.py:3823} INFO - Setting next_dagrun for example_branch_datetime_operator to 2026-08-18 00:00:00+00:00, run_after=2026-08-19 00:00:00+00:00
[2026-08-19T12:45:05.093+0000] {logging_mixin.py:188} INFO - [2026-08-19T12:45:05.092+0000] {dag.py:3823} INFO - Setting next_dagrun for example_branch_datetime_operator_2 to 2026-08-18 00:00:00+00:00, run_after=2026-08-19 00:00:00+00:00
[2026-08-19T12:45:05.096+0000] {logging_mixin.py:188} INFO - [2026-08-19T12:45:05.095+0000] {dag.py:3823} INFO - Setting next_dagrun for example_branch_datetime_operator_3 to 2026-08-18 00:00:00+00:00, run_after=2026-08-19 00:00:00+00:00
[2026-08-19T12:45:05.119+0000] {processor.py:183} INFO - Processing /home/airflow/.local/lib/python3.8/site-packages/airflow/example_dags/example_branch_datetime_operator.py took 0.103 seconds
[2026-08-19T12:45:35.570+0000] {processor.py:161} INFO - Started process (PID=3970) to work on /home/airflow/.local/lib/python3.8/site-packages/airflow/example_dags/example_branch_datetime_operator.py
[2026-08-19T12:45:35.571+0000] {processor.py:830} INFO - Processing file /home/airflow/.local/lib/python3.8/site-packages/airflow/example_dags/example_branch_datetime_operator.py for tasks to queue
[2026-08-19T12:45:35.574+0000] {logging_mixin.py:188} INFO - [2026-08-19T12:45:35.573+0000] {dagbag.py:538} INFO - Filling up the DagBag from /home/airflow/.local/lib/python3.8/site-packages/airflow/example_dags/example_branch_datetime_operator.py
[2026-08-19T12:45:35.584+0000] {processor.py:840} INFO - DAG(s) 'example_branch_datetime_operator_3', 'example_branch_datetime_operator_2', 'example_branch_datetime_operator' retrieved from /home/airflow/.local/lib/python3.8/site-packages/airflow/example_dags/example_branch_datetime_operator.py
[2026-08-19T12:45:35.614+0000] {logging_mixin.py:188} INFO - [2026-08-19T12:45:35.613+0000] {dag.py:3036} INFO - Sync 3 DAGs
[2026-08-19T12:45:35.641+0000] {logging_mixin.py:188} INFO - [2026-08-19T12:45:35.641+0000] {dag.py:3823} INFO - Setting next_dagrun for example_branch_datetime_operator to 2026-08-18 00:00:00+00:00, run_after=2026-08-19 00:00:00+00:00
[2026-08-19T12:45:35.646+0000] {logging_mixin.py:188} INFO - [2026-08-19T12:45:35.646+0000] {dag.py:3823} INFO - Setting next_dagrun for example_branch_datetime_operator_2 to 2026-08-18 00:00:00+00:00, run_after=2026-08-19 00:00:00+00:00
[2026-08-19T12:45:35.649+0000] {logging_mixin.py:188} INFO - [2026-08-19T12:45:35.649+0000] {dag.py:3823} INFO - Setting next_dagrun for example_branch_datetime_operator_3 to 2026-08-18 00:00:00+00:00, run_after=2026-08-19 00:00:00+00:00
[2026-08-19T12:45:35.667+0000] {processor.py:183} INFO - Processing /home/airflow/.local/lib/python3.8/site-packages/airflow/example_dags/example_branch_datetime_operator.py took 0.101 seconds
[2026-08-19T12:46:06.400+0000] {processor.py:161} INFO - Started process (PID=4053) to work on /home/airflow/.local/lib/python3.8/site-packages/airflow/example_dags/example_branch_datetime_operator.py
[2026-08-19T12:46:06.402+0000] {processor.py:830} INFO - Processing file /home/airflow/.local/lib/python3.8/site-packages/airflow/example_dags/example_branch_datetime_operator.py for tasks to queue
[2026-08-19T12:46:06.405+0000] {logging_mixin.py:188} INFO - [2026-08-19T12:46:06.404+0000] {dagbag.py:538} INFO - Filling up the DagBag from /home/airflow/.local/lib/python3.8/site-packages/airflow/example_dags/example_branch_datetime_operator.py
[2026-08-19T12:46:06.418+0000] {processor.py:840} INFO - DAG(s) 'example_branch_datetime_operator_3', 'example_branch_datetime_operator_2', 'example_branch_datetime_operator' retrieved from /home/airflow/.local/lib/python3.8/site-packages/airflow/example_dags/example_branch_datetime_operator.py
[2026-08-19T12:46:06.461+0000] {logging_mixin.py:188} INFO - [2026-08-19T12:46:06.461+0000] {dag.py:3036} INFO - Sync 3 DAGs
[2026-08-19T12:46:06.500+0000] {logging_mixin.py:188} INFO - [2026-08-19T12:46:06.499+0000] {dag.py:3823} INFO - Setting next_dagrun for example_branch_datetime_operator to 2026-08-18 00:00:00+00:00, run_after=2026-08-19 00:00:00+00:00
[2026-08-19T12:46:06.508+0000] {logging_mixin.py:188} INFO - [2026-08-19T12:46:06.507+0000] {dag.py:3823} INFO - Setting next_dagrun for example_branch_datetime_operator_2 to 2026-08-18 00:00:00+00:00, run_after=2026-08-19 00:00:00+00:00
[2026-08-19T12:46:06.517+0000] {logging_mixin.py:188} INFO - [2026-08-19T12:46:06.516+0000] {dag.py:3823} INFO - Setting next_dagrun for example_branch_datetime_operator_3 to 2026-08-18 00:00:00+00:00, run_after=2026-08-19 00:00:00+00:00
[2026-08-19T12:46:06.544+0000] {processor.py:183} INFO - Processing /home/airflow/.local/lib/python3.8/site-packages/airflow/example_dags/example_branch_datetime_operator.py took 0.148 seconds
[2026-08-19T12:46:36.694+0000] {processor.py:161} INFO - Started process (PID=4136) to work on /home/airflow/.local/lib/python3.8/site-packages/airflow/example_dags/example_branch_datetime_operator.py
[2026-08-19T12:46:36.695+0000] {processor.py:830} INFO - Processing file /home/airflow/.local/lib/python3.8/site-packages/airflow/example_dags/example_branch_datetime_operator.py for tasks to queue
[2026-08-19T12:46:36.697+0000] {logging_mixin.py:188} INFO - [2026-08-19T12:46:36.697+0000] {dagbag.py:538} INFO - Filling up the DagBag from /home/airflow/.local/lib/python3.8/site-packages/airflow/example_dags/example_branch_datetime_operator.py
[2026-08-19T12:46:36.707+0000] {processor.py:840} INFO - DAG(s) 'example_branch_datetime_operator_3', 'example_branch_datetime_operator_2', 'example_branch_datetime_operator' retrieved from /home/airflow/.local/lib/python3.8/site-packages/airflow/example_dags/example_branch_datetime_operator.py
[2026-08-19T12:46:36.737+0000] {logging_mixin.py:188} INFO - [2026-08-19T12:46:36.737+0000] {dag.py:3036} INFO - Sync 3 DAGs
[2026-08-19T12:46:36.762+0000] {logging_mixin.py:188} INFO - [2026-08-19T12:46:36.762+0000] {dag.py:3823} INFO - Setting next_dagrun for example_branch_datetime_operator to 2026-08-18 00:00:00+00:00, run_after=2026-08-19 00:00:00+00:00
[2026-08-19T12:46:36.768+0000] {logging_mixin.py:188} INFO - [2026-08-19T12:46:36.767+0000] {dag.py:3823} INFO - Setting next_dagrun for example_branch_datetime_operator_2 to 2026-08-18 00:00:00+00:00, run_after=2026-08-19 00:00:00+00:00
[2026-08-19T12:46:36.771+0000] {logging_mixin.py:188} INFO - [2026-08-19T12:46:36.771+0000] {dag.py:3823} INFO - Setting next_dagrun for example_branch_datetime_operator_3 to 2026-08-18 00:00:00+00:00, run_after=2026-08-19 00:00:00+00:00
[2026-08-19T12:46:36.794+0000] {processor.py:183} INFO - Processing /home/airflow/.local/lib/python3.8/site-packages/airflow/example_dags/example_branch_datetime_operator.py took 0.104 seconds
[2026-08-19T12:47:07.700+0000] {processor.py:161} INFO - Started process (PID=4219) to work on /home/airflow/.local/lib/python3.8/site-packages/airflow/example_dags/example_branch_datetime_operator.py
[2026-08-19T12:47:07.702+0000] {processor.py:830} INFO - Processing file /home/airflow/.local/lib/python3.8/site-packages/airflow/example_dags/example_branch_datetime_operator.py for tasks to queue
[2026-08-19T12:47:07.704+0000] {logging_mixin.py:188} INFO - [2026-08-19T12:47:07.704+0000] {dagbag.py:538} INFO - Filling up the DagBag from /home/airflow/.local/lib/python3.8/site-packages/airflow/example_dags/example_branch_datetime_operator.py
[2026-08-19T12:47:07.715+0000] {processor.py:840} INFO - DAG(s) 'example_branch_datetime_operator', 'example_branch_datetime_operator_2', 'example_branch_datetime_operator_3' retrieved from /home/airflow/.local/lib/python3.8/site-packages/airflow/example_dags/example_branch_datetime_operator.py
[2026-08-19T12:47:07.746+0000] {logging_mixin.py:188} INFO - [2026-08-19T12:47:07.746+0000] {dag.py:3036} INFO - Sync 3 DAGs
[2026-08-19T12:47:07.769+0000] {logging_mixin.py:188} INFO - [2026-08-19T12:47:07.768+0000] {dag.py:3823} INFO - Setting next_dagrun for example_branch_datetime_operator to 2026-08-18 00:00:00+00:00, run_after=2026-08-19 00:00:00+00:00
[2026-08-19T12:47:07.774+0000] {logging_mixin.py:188} INFO - [2026-08-19T12:47:07.773+0000] {dag.py:3823} INFO - Setting next_dagrun for example_branch_datetime_operator_2 to 2026-08-18 00:00:00+00:00, run_after=2026-08-19 00:00:00+00:00
[2026-08-19T12:47:07.777+0000] {logging_mixin.py:188} INFO - [2026-08-19T12:47:07.777+0000] {dag.py:3823} INFO - Setting next_dagrun for example_branch_datetime_operator_3 to 2026-08-18 00:00:00+00:00, run_after=2026-08-19 00:00:00+00:00
[2026-08-19T12:47:07.796+0000] {processor.py:183} INFO - Processing /home/airflow/.local/lib/python3.8/site-packages/airflow/example_dags/example_branch_datetime_operator.py took 0.101 seconds
[2026-08-19T12:47:38.467+0000] {processor.py:161} INFO - Started process (PID=4304) to work on /home/airflow/.local/lib/python3.8/site-packages/airflow/example_dags/example_branch_datetime_operator.py
[2026-08-19T12:47:38.469+0000] {processor.py:830} INFO - Processing file /home/airflow/.local/lib/python3.8/site-packages/airflow/example_dags/example_branch_datetime_operator.py for tasks to queue
[2026-08-19T12:47:38.471+0000] {logging_mixin.py:188} INFO - [2026-08-19T12:47:38.471+0000] {dagbag.py:538} INFO - Filling up the DagBag from /home/airflow/.local/lib/python3.8/site-packages/airflow/example_dags/example_branch_datetime_operator.py
[2026-08-19T12:47:38.482+0000] {processor.py:840} INFO - DAG(s) 'example_branch_datetime_operator_2', 'example_branch_datetime_operator_3', 'example_branch_datetime_operator' retrieved from /home/airflow/.local/lib/python3.8/site-packages/airflow/example_dags/example_branch_datetime_operator.py
[2026-08-19T12:47:38.517+0000] {logging_mixin.py:188} INFO - [2026-08-19T12:47:38.517+0000] {dag.py:3036} INFO - Sync 3 DAGs
[2026-08-19T12:47:38.545+0000] {logging_mixin.py:188} INFO - [2026-08-19T12:47:38.544+0000] {dag.py:3823} INFO - Setting next_dagrun for example_branch_datetime_operator to 2026-08-18 00:00:00+00:00, run_after=2026-08-19 00:00:00+00:00
[2026-08-19T12:47:38.552+0000] {logging_mixin.py:188} INFO - [2026-08-19T12:47:38.551+0000] {dag.py:3823} INFO - Setting next_dagrun for example_branch_datetime_operator_2 to 2026-08-18 00:00:00+00:00, run_after=2026-08-19 00:00:00+00:00
[2026-08-19T12:47:38.555+0000] {logging_mixin.py:188} INFO - [2026-08-19T12:47:38.555+0000] {dag.py:3823} INFO - Setting next_dagrun for example_branch_datetime_operator_3 to 2026-08-18 00:00:00+00:00, run_after=2026-08-19 00:00:00+00:00
[2026-08-19T12:47:38.574+0000] {processor.py:183} INFO - Processing /home/airflow/.local/lib/python3.8/site-packages/airflow/example_dags/example_branch_datetime_operator.py took 0.110 seconds
[2026-08-19T12:48:08.898+0000] {processor.py:161} INFO - Started process (PID=4387) to work on /home/airflow/.local/lib/python3.8/site-packages/airflow/example_dags/example_branch_datetime_operator.py
[2026-08-19T12:48:08.900+0000] {processor.py:830} INFO - Processing file /home/airflow/.local/lib/python3.8/site-packages/airflow/example_dags/example_branch_datetime_operator.py for tasks to queue
[2026-08-19T12:48:08.904+0000] {logging_mixin.py:188} INFO - [2026-08-19T12:48:08.903+0000] {dagbag.py:538} INFO - Filling up the DagBag from /home/airflow/.local/lib/python3.8/site-packages/airflow/example_dags/example_branch_datetime_operator.py
[2026-08-19T12:48:08.918+0000] {processor.py:840} INFO - DAG(s) 'example_branch_datetime_operator_2', 'example_branch_datetime_operator', 'example_branch_datetime_operator_3' retrieved from /home/airflow/.local/lib/python3.8/site-packages/airflow/example_dags/example_branch_datetime_operator.py
[2026-08-19T12:48:08.948+0000] {logging_mixin.py:188} INFO - [2026-08-19T12:48:08.948+0000] {dag.py:3036} INFO - Sync 3 DAGs
[2026-08-19T12:48:08.976+0000] {logging_mixin.py:188} INFO - [2026-08-19T12:48:08.976+0000] {dag.py:3823} INFO - Setting next_dagrun for example_branch_datetime_operator to 2026-08-18 00:00:00+00:00, run_after=2026-08-19 00:00:00+00:00
[2026-08-19T12:48:08.982+0000] {logging_mixin.py:188} INFO - [2026-08-19T12:48:08.981+0000] {dag.py:3823} INFO - Setting next_dagrun for example_branch_datetime_operator_2 to 2026-08-18 00:00:00+00:00, run_after=2026-08-19 00:00:00+00:00
[2026-08-19T12:48:08.985+0000] {logging_mixin.py:188} INFO - [2026-08-19T12:48:08.984+0000] {dag.py:3823} INFO - Setting next_dagrun for example_branch_datetime_operator_3 to 2026-08-18 00:00:00+00:00, run_after=2026-08-19 00:00:00+00:00
[2026-08-19T12:48:09.003+0000] {processor.py:183} INFO - Processing /home/airflow/.local/lib/python3.8/site-packages/airflow/example_dags/example_branch_datetime_operator.py took 0.110 seconds
[2026-08-19T12:48:39.736+0000] {processor.py:161} INFO - Started process (PID=4470) to work on /home/airflow/.local/lib/python3.8/site-packages/airflow/example_dags/example_branch_datetime_operator.py
[2026-08-19T12:48:39.737+0000] {processor.py:830} INFO - Processing file /home/airflow/.local/lib/python3.8/site-packages/airflow/example_dags/example_branch_datetime_operator.py for tasks to queue
[2026-08-19T12:48:39.739+0000] {logging_mixin.py:188} INFO - [2026-08-19T12:48:39.739+0000] {dagbag.py:538} INFO - Filling up the DagBag from /home/airflow/.local/lib/python3.8/site-packages/airflow/example_dags/example_branch_datetime_operator.py
[2026-08-19T12:48:39.751+0000] {processor.py:840} INFO - DAG(s) 'example_branch_datetime_operator', 'example_branch_datetime_operator_3', 'example_branch_datetime_operator_2' retrieved from /home/airflow/.local/lib/python3.8/site-packages/airflow/example_dags/example_branch_datetime_operator.py
[2026-08-19T12:48:39.782+0000] {logging_mixin.py:188} INFO - [2026-08-19T12:48:39.782+0000] {dag.py:3036} INFO - Sync 3 DAGs
[2026-08-19T12:48:39.807+0000] {logging_mixin.py:188} INFO - [2026-08-19T12:48:39.807+0000] {dag.py:3823} INFO - Setting next_dagrun for example_branch_datetime_operator to 2026-08-18 00:00:00+00:00, run_after=2026-08-19 00:00:00+00:00
[2026-08-19T12:48:39.812+0000] {logging_mixin.py:188} INFO - [2026-08-19T12:48:39.812+0000] {dag.py:3823} INFO - Setting next_dagrun for example_branch_datetime_operator_2 to 2026-08-18 00:00:00+00:00, run_after=2026-08-19 00:00:00+00:00
[2026-08-19T12:48:39.817+0000] {logging_mixin.py:188} INFO - [2026-08-19T12:48:39.816+0000] {dag.py:3823} INFO - Setting next_dagrun for example_branch_datetime_operator_3 to 2026-08-18 00:00:00+00:00, run_after=2026-08-19 00:00:00+00:00
[2026-08-19T12:48:39.836+0000] {processor.py:183} INFO - Processing /home/airflow/.local/lib/python3.8/site-packages/airflow/example_dags/example_branch_datetime_operator.py took 0.105 seconds
[2026-08-19T12:49:10.205+0000] {processor.py:161} INFO - Started process (PID=4553) to work on /home/airflow/.local/lib/python3.8/site-packages/airflow/example_dags/example_branch_datetime_operator.py
[2026-08-19T12:49:10.206+0000] {processor.py:830} INFO - Processing file /home/airflow/.local/lib/python3.8/site-packages/airflow/example_dags/example_branch_datetime_operator.py for tasks to queue
[2026-08-19T12:49:10.209+0000] {logging_mixin.py:188} INFO - [2026-08-19T12:49:10.208+0000] {dagbag.py:538} INFO - Filling up the DagBag from /home/airflow/.local/lib/python3.8/site-packages/airflow/example_dags/example_branch_datetime_operator.py
[2026-08-19T12:49:10.220+0000] {processor.py:840} INFO - DAG(s) 'example_branch_datetime_operator_3', 'example_branch_datetime_operator', 'example_branch_datetime_operator_2' retrieved from /home/airflow/.local/lib/python3.8/site-packages/airflow/example_dags/example_branch_datetime_operator.py
[2026-08-19T12:49:10.249+0000] {logging_mixin.py:188} INFO - [2026-08-19T12:49:10.249+0000] {dag.py:3036} INFO - Sync 3 DAGs
[2026-08-19T12:49:10.272+0000] {logging_mixin.py:188} INFO - [2026-08-19T12:49:10.271+0000] {dag.py:3823} INFO - Setting next_dagrun for example_branch_datetime_operator to 2026-08-18 00:00:00+00:00, run_after=2026-08-19 00:00:00+00:00
[2026-08-19T12:49:10.277+0000] {logging_mixin.py:188} INFO - [2026-08-19T12:49:10.276+0000] {dag.py:3823} INFO - Setting next_dagrun for example_branch_datetime_operator_2 to 2026-08-18 00:00:00+00:00, run_after=2026-08-19 00:00:00+00:00
[2026-08-19T12:49:10.280+0000] {logging_mixin.py:188} INFO - [2026-08-19T12:49:10.280+0000] {dag.py:3823} INFO - Setting next_dagrun for example_branch_datetime_operator_3 to 2026-08-18 00:00:00+00:00, run_after=2026-08-19 00:00:00+00:00
[2026-08-19T12:49:10.298+0000] {processor.py:183} INFO - Processing /home/airflow/.local/lib/python3.8/site-packages/airflow/example_dags/example_branch_datetime_operator.py took 0.097 seconds
[2026-08-19T12:49:41.172+0000] {processor.py:161} INFO - Started process (PID=4636) to work on /home/airflow/.local/lib/python3.8/site-packages/airflow/example_dags/example_branch_datetime_operator.py
[2026-08-19T12:49:41.174+0000] {processor.py:830} INFO - Processing file /home/airflow/.local/lib/python3.8/site-packages/airflow/example_dags/example_branch_datetime_operator.py for tasks to queue
[2026-08-19T12:49:41.176+0000] {logging_mixin.py:188} INFO - [2026-08-19T12:49:41.176+0000] {dagbag.py:538} INFO - Filling up the DagBag from /home/airflow/.local/lib/python3.8/site-packages/airflow/example_dags/example_branch_datetime_operator.py
[2026-08-19T12:49:41.187+0000] {processor.py:840} INFO - DAG(s) 'example_branch_datetime_operator_3', 'example_branch_datetime_operator', 'example_branch_datetime_operator_2' retrieved from /home/airflow/.local/lib/python3.8/site-packages/airflow/example_dags/example_branch_datetime_operator.py
[2026-08-19T12:49:41.220+0000] {logging_mixin.py:188} INFO - [2026-08-19T12:49:41.220+0000] {dag.py:3036} INFO - Sync 3 DAGs
[2026-08-19T12:49:41.244+0000] {logging_mixin.py:188} INFO - [2026-08-19T12:49:41.244+0000] {dag.py:3823} INFO - Setting next_dagrun for example_branch_datetime_operator to 2026-08-18 00:00:00+00:00, run_after=2026-08-19 00:00:00+00:00
[2026-08-19T12:49:41.250+0000] {logging_mixin.py:188} INFO - [2026-08-19T12:49:41.250+0000] {dag.py:3823} INFO - Setting next_dagrun for example_branch_datetime_operator_2 to 2026-08-18 00:00:00+00:00, run_after=2026-08-19 00:00:00+00:00
[2026-08-19T12:49:41.255+0000] {logging_mixin.py:188} INFO - [2026-08-19T12:49:41.255+0000] {dag.py:3823} INFO - Setting next_dagrun for example_branch_datetime_operator_3 to 2026-08-18 00:00:00+00:00, run_after=2026-08-19 00:00:00+00:00
[2026-08-19T12:49:41.277+0000] {processor.py:183} INFO - Processing /home/airflow/.local/lib/python3.8/site-packages/airflow/example_dags/example_branch_datetime_operator.py took 0.108 seconds
[2026-08-19T12:50:12.637+0000] {processor.py:161} INFO - Started process (PID=4722) to work on /home/airflow/.local/lib/python3.8/site-packages/airflow/example_dags/example_branch_datetime_operator.py
[2026-08-19T12:50:12.640+0000] {processor.py:830} INFO - Processing file /home/airflow/.local/lib/python3.8/site-packages/airflow/example_dags/example_branch_datetime_operator.py for tasks to queue
[2026-08-19T12:50:12.642+0000] {logging_mixin.py:188} INFO - [2026-08-19T12:50:12.642+0000] {dagbag.py:538} INFO - Filling up the DagBag from /home/airflow/.local/lib/python3.8/site-packages/airflow/example_dags/example_branch_datetime_operator.py
[2026-08-19T12:50:12.658+0000] {processor.py:840} INFO - DAG(s) 'example_branch_datetime_operator_2', 'example_branch_datetime_operator', 'example_branch_datetime_operator_3' retrieved from /home/airflow/.local/lib/python3.8/site-packages/airflow/example_dags/example_branch_datetime_operator.py
[2026-08-19T12:50:12.693+0000] {logging_mixin.py:188} INFO - [2026-08-19T12:50:12.693+0000] {dag.py:3036} INFO - Sync 3 DAGs
[2026-08-19T12:50:12.720+0000] {logging_mixin.py:188} INFO - [2026-08-19T12:50:12.720+0000] {dag.py:3823} INFO - Setting next_dagrun for example_branch_datetime_operator to 2026-08-18 00:00:00+00:00, run_after=2026-08-19 00:00:00+00:00
[2026-08-19T12:50:12.725+0000] {logging_mixin.py:188} INFO - [2026-08-19T12:50:12.725+0000] {dag.py:3823} INFO - Setting next_dagrun for example_branch_datetime_operator_2 to 2026-08-18 00:00:00+00:00, run_after=2026-08-19 00:00:00+00:00
[2026-08-19T12:50:12.730+0000] {logging_mixin.py:188} INFO - [2026-08-19T12:50:12.729+0000] {dag.py:3823} INFO - Setting next_dagrun for example_branch_datetime_operator_3 to 2026-08-18 00:00:00+00:00, run_after=2026-08-19 00:00:00+00:00
[2026-08-19T12:50:12.754+0000] {processor.py:183} INFO - Processing /home/airflow/.local/lib/python3.8/site-packages/airflow/example_dags/example_branch_datetime_operator.py took 0.121 seconds
[2026-08-19T12:50:43.032+0000] {processor.py:161} INFO - Started process (PID=4809) to work on /home/airflow/.local/lib/python3.8/site-packages/airflow/example_dags/example_branch_datetime_operator.py
[2026-08-19T12:50:43.033+0000] {processor.py:830} INFO - Processing file /home/airflow/.local/lib/python3.8/site-packages/airflow/example_dags/example_branch_datetime_operator.py for tasks to queue
[2026-08-19T12:50:43.036+0000] {logging_mixin.py:188} INFO - [2026-08-19T12:50:43.036+0000] {dagbag.py:538} INFO - Filling up the DagBag from /home/airflow/.local/lib/python3.8/site-packages/airflow/example_dags/example_branch_datetime_operator.py
[2026-08-19T12:50:43.048+0000] {processor.py:840} INFO - DAG(s) 'example_branch_datetime_operator_3', 'example_branch_datetime_operator', 'example_branch_datetime_operator_2' retrieved from /home/airflow/.local/lib/python3.8/site-packages/airflow/example_dags/example_branch_datetime_operator.py
[2026-08-19T12:50:43.078+0000] {logging_mixin.py:188} INFO - [2026-08-19T12:50:43.078+0000] {dag.py:3036} INFO - Sync 3 DAGs
[2026-08-19T12:50:43.101+0000] {logging_mixin.py:188} INFO - [2026-08-19T12:50:43.101+0000] {dag.py:3823} INFO - Setting next_dagrun for example_branch_datetime_operator to 2026-08-18 00:00:00+00:00, run_after=2026-08-19 00:00:00+00:00
[2026-08-19T12:50:43.106+0000] {logging_mixin.py:188} INFO - [2026-08-19T12:50:43.106+0000] {dag.py:3823} INFO - Setting next_dagrun for example_branch_datetime_operator_2 to 2026-08-18 00:00:00+00:00, run_after=2026-08-19 00:00:00+00:00
[2026-08-19T12:50:43.109+0000] {logging_mixin.py:188} INFO - [2026-08-19T12:50:43.109+0000] {dag.py:3823} INFO - Setting next_dagrun for example_branch_datetime_operator_3 to 2026-08-18 00:00:00+00:00, run_after=2026-08-19 00:00:00+00:00
[2026-08-19T12:50:43.126+0000] {processor.py:183} INFO - Processing /home/airflow/.local/lib/python3.8/site-packages/airflow/example_dags/example_branch_datetime_operator.py took 0.099 seconds
[2026-08-19T12:51:13.874+0000] {processor.py:161} INFO - Started process (PID=4898) to work on /home/airflow/.local/lib/python3.8/site-packages/airflow/example_dags/example_branch_datetime_operator.py
[2026-08-19T12:51:13.875+0000] {processor.py:830} INFO - Processing file /home/airflow/.local/lib/python3.8/site-packages/airflow/example_dags/example_branch_datetime_operator.py for tasks to queue
[2026-08-19T12:51:13.878+0000] {logging_mixin.py:188} INFO - [2026-08-19T12:51:13.877+0000] {dagbag.py:538} INFO - Filling up the DagBag from /home/airflow/.local/lib/python3.8/site-packages/airflow/example_dags/example_branch_datetime_operator.py
[2026-08-19T12:51:13.891+0000] {processor.py:840} INFO - DAG(s) 'example_branch_datetime_operator', 'example_branch_datetime_operator_2', 'example_branch_datetime_operator_3' retrieved from /home/airflow/.local/lib/python3.8/site-packages/airflow/example_dags/example_branch_datetime_operator.py
[2026-08-19T12:51:13.926+0000] {logging_mixin.py:188} INFO - [2026-08-19T12:51:13.926+0000] {dag.py:3036} INFO - Sync 3 DAGs
[2026-08-19T12:51:13.955+0000] {logging_mixin.py:188} INFO - [2026-08-19T12:51:13.955+0000] {dag.py:3823} INFO - Setting next_dagrun for example_branch_datetime_operator to 2026-08-18 00:00:00+00:00, run_after=2026-08-19 00:00:00+00:00
[2026-08-19T12:51:13.960+0000] {logging_mixin.py:188} INFO - [2026-08-19T12:51:13.960+0000] {dag.py:3823} INFO - Setting next_dagrun for example_branch_datetime_operator_2 to 2026-08-18 00:00:00+00:00, run_after=2026-08-19 00:00:00+00:00
[2026-08-19T12:51:13.963+0000] {logging_mixin.py:188} INFO - [2026-08-19T12:51:13.963+0000] {dag.py:3823} INFO - Setting next_dagrun for example_branch_datetime_operator_3 to 2026-08-18 00:00:00+00:00, run_after=2026-08-19 00:00:00+00:00
[2026-08-19T12:51:13.985+0000] {processor.py:183} INFO - Processing /home/airflow/.local/lib/python3.8/site-packages/airflow/example_dags/example_branch_datetime_operator.py took 0.118 seconds
[2026-08-19T12:51:44.907+0000] {processor.py:161} INFO - Started process (PID=4981) to work on /home/airflow/.local/lib/python3.8/site-packages/airflow/example_dags/example_branch_datetime_operator.py
[2026-08-19T12:51:44.909+0000] {processor.py:830} INFO - Processing file /home/airflow/.local/lib/python3.8/site-packages/airflow/example_dags/example_branch_datetime_operator.py for tasks to queue
[2026-08-19T12:51:44.910+0000] {logging_mixin.py:188} INFO - [2026-08-19T12:51:44.910+0000] {dagbag.py:538} INFO - Filling up the DagBag from /home/airflow/.local/lib/python3.8/site-packages/airflow/example_dags/example_branch_datetime_operator.py
[2026-08-19T12:51:44.920+0000] {processor.py:840} INFO - DAG(s) 'example_branch_datetime_operator_3', 'example_branch_datetime_operator_2', 'example_branch_datetime_operator' retrieved from /home/airflow/.local/lib/python3.8/site-packages/airflow/example_dags/example_branch_datetime_operator.py
[2026-08-19T12:51:44.946+0000] {logging_mixin.py:188} INFO - [2026-08-19T12:51:44.946+0000] {dag.py:3036} INFO - Sync 3 DAGs
[2026-08-19T12:51:44.967+0000] {logging_mixin.py:188} INFO - [2026-08-19T12:51:44.967+0000] {dag.py:3823} INFO - Setting next_dagrun for example_branch_datetime_operator to 2026-08-18 00:00:00+00:00, run_after=2026-08-19 00:00:00+00:00
[2026-08-19T12:51:44.972+0000] {logging_mixin.py:188} INFO - [2026-08-19T12:51:44.972+0000] {dag.py:3823} INFO - Setting next_dagrun for example_branch_datetime_operator_2 to 2026-08-18 00:00:00+00:00, run_after=2026-08-19 00:00:00+00:00
[2026-08-19T12:51:44.974+0000] {logging_mixin.py:188} INFO - [2026-08-19T12:51:44.974+0000] {dag.py:3823} INFO - Setting next_dagrun for example_branch_datetime_operator_3 to 2026-08-18 00:00:00+00:00, run_after=2026-08-19 00:00:00+00:00
[2026-08-19T12:51:44.990+0000] {processor.py:183} INFO - Processing /home/airflow/.local/lib/python3.8/site-packages/airflow/example_dags/example_branch_datetime_operator.py took 0.087 seconds
[2026-08-19T12:52:15.833+0000] {processor.py:161} INFO - Started process (PID=5064) to work on /home/airflow/.local/lib/python3.8/site-packages/airflow/example_dags/example_branch_datetime_operator.py
[2026-08-19T12:52:15.834+0000] {processor.py:830} INFO - Processing file /home/airflow/.local/lib/python3.8/site-packages/airflow/example_dags/example_branch_datetime_operator.py for tasks to queue
[2026-08-19T12:52:15.837+0000] {logging_mixin.py:188} INFO - [2026-08-19T12:52:15.836+0000] {dagbag.py:538} INFO - Filling up the DagBag from /home/airflow/.local/lib/python3.8/site-packages/airflow/example_dags/example_branch_datetime_operator.py
[2026-08-19T12:52:15.848+0000] {processor.py:840} INFO - DAG(s) 'example_branch_datetime_operator_3', 'example_branch_datetime_operator', 'example_branch_datetime_operator_2' retrieved from /home/airflow/.local/lib/python3.8/site-packages/airflow/example_dags/example_branch_datetime_operator.py
[2026-08-19T12:52:15.881+0000] {logging_mixin.py:188} INFO - [2026-08-19T12:52:15.880+0000] {dag.py:3036} INFO - Sync 3 DAGs
[2026-08-19T12:52:15.908+0000] {logging_mixin.py:188} INFO - [2026-08-19T12:52:15.908+0000] {dag.py:3823} INFO - Setting next_dagrun for example_branch_datetime_operator to 2026-08-18 00:00:00+00:00, run_after=2026-08-19 00:00:00+00:00
[2026-08-19T12:52:15.915+0000] {logging_mixin.py:188} INFO - [2026-08-19T12:52:15.915+0000] {dag.py:3823} INFO - Setting next_dagrun for example_branch_datetime_operator_2 to 2026-08-18 00:00:00+00:00, run_after=2026-08-19 00:00:00+00:00
[2026-08-19T12:52:15.918+0000] {logging_mixin.py:188} INFO - [2026-08-19T12:52:15.918+0000] {dag.py:3823} INFO - Setting next_dagrun for example_branch_datetime_operator_3 to 2026-08-18 00:00:00+00:00, run_after=2026-08-19 00:00:00+00:00
[2026-08-19T12:52:15.940+0000] {processor.py:183} INFO - Processing /home/airflow/.local/lib/python3.8/site-packages/airflow/example_dags/example_branch_datetime_operator.py took 0.111 seconds
[2026-08-19T12:52:47.094+0000] {processor.py:161} INFO - Started process (PID=5147) to work on /home/airflow/.local/lib/python3.8/site-packages/airflow/example_dags/example_branch_datetime_operator.py
[2026-08-19T12:52:47.096+0000] {processor.py:830} INFO - Processing file /home/airflow/.local/lib/python3.8/site-packages/airflow/example_dags/example_branch_datetime_operator.py for tasks to queue
[2026-08-19T12:52:47.099+0000] {logging_mixin.py:188} INFO - [2026-08-19T12:52:47.098+0000] {dagbag.py:538} INFO - Filling up the DagBag from /home/airflow/.local/lib/python3.8/site-packages/airflow/example_dags/example_branch_datetime_operator.py
[2026-08-19T12:52:47.118+0000] {processor.py:840} INFO - DAG(s) 'example_branch_datetime_operator', 'example_branch_datetime_operator_3', 'example_branch_datetime_operator_2' retrieved from /home/airflow/.local/lib/python3.8/site-packages/airflow/example_dags/example_branch_datetime_operator.py
[2026-08-19T12:52:47.156+0000] {logging_mixin.py:188} INFO - [2026-08-19T12:52:47.155+0000] {dag.py:3036} INFO - Sync 3 DAGs
[2026-08-19T12:52:47.188+0000] {logging_mixin.py:188} INFO - [2026-08-19T12:52:47.187+0000] {dag.py:3823} INFO - Setting next_dagrun for example_branch_datetime_operator to 2026-08-18 00:00:00+00:00, run_after=2026-08-19 00:00:00+00:00
[2026-08-19T12:52:47.197+0000] {logging_mixin.py:188} INFO - [2026-08-19T12:52:47.196+0000] {dag.py:3823} INFO - Setting next_dagrun for example_branch_datetime_operator_2 to 2026-08-18 00:00:00+00:00, run_after=2026-08-19 00:00:00+00:00
[2026-08-19T12:52:47.202+0000] {logging_mixin.py:188} INFO - [2026-08-19T12:52:47.201+0000] {dag.py:3823} INFO - Setting next_dagrun for example_branch_datetime_operator_3 to 2026-08-18 00:00:00+00:00, run_after=2026-08-19 00:00:00+00:00
[2026-08-19T12:52:47.229+0000] {processor.py:183} INFO - Processing /home/airflow/.local/lib/python3.8/site-packages/airflow/example_dags/example_branch_datetime_operator.py took 0.139 seconds
[2026-08-19T12:53:17.892+0000] {processor.py:161} INFO - Started process (PID=5229) to work on /home/airflow/.local/lib/python3.8/site-packages/airflow/example_dags/example_branch_datetime_operator.py
[2026-08-19T12:53:17.893+0000] {processor.py:830} INFO - Processing file /home/airflow/.local/lib/python3.8/site-packages/airflow/example_dags/example_branch_datetime_operator.py for tasks to queue
[2026-08-19T12:53:17.897+0000] {logging_mixin.py:188} INFO - [2026-08-19T12:53:17.897+0000] {dagbag.py:538} INFO - Filling up the DagBag from /home/airflow/.local/lib/python3.8/site-packages/airflow/example_dags/example_branch_datetime_operator.py
[2026-08-19T12:53:17.909+0000] {processor.py:840} INFO - DAG(s) 'example_branch_datetime_operator', 'example_branch_datetime_operator_3', 'example_branch_datetime_operator_2' retrieved from /home/airflow/.local/lib/python3.8/site-packages/airflow/example_dags/example_branch_datetime_operator.py
[2026-08-19T12:53:17.942+0000] {logging_mixin.py:188} INFO - [2026-08-19T12:53:17.941+0000] {dag.py:3036} INFO - Sync 3 DAGs
[2026-08-19T12:53:17.970+0000] {logging_mixin.py:188} INFO - [2026-08-19T12:53:17.969+0000] {dag.py:3823} INFO - Setting next_dagrun for example_branch_datetime_operator to 2026-08-18 00:00:00+00:00, run_after=2026-08-19 00:00:00+00:00
[2026-08-19T12:53:17.977+0000] {logging_mixin.py:188} INFO - [2026-08-19T12:53:17.977+0000] {dag.py:3823} INFO - Setting next_dagrun for example_branch_datetime_operator_2 to 2026-08-18 00:00:00+00:00, run_after=2026-08-19 00:00:00+00:00
[2026-08-19T12:53:17.982+0000] {logging_mixin.py:188} INFO - [2026-08-19T12:53:17.981+0000] {dag.py:3823} INFO - Setting next_dagrun for example_branch_datetime_operator_3 to 2026-08-18 00:00:00+00:00, run_after=2026-08-19 00:00:00+00:00
[2026-08-19T12:53:18.188+0000] {processor.py:183} INFO - Processing /home/airflow/.local/lib/python3.8/site-packages/airflow/example_dags/example_branch_datetime_operator.py took 0.304 seconds
[2026-08-19T12:53:48.613+0000] {processor.py:161} INFO - Started process (PID=5316) to work on /home/airflow/.local/lib/python3.8/site-packages/airflow/example_dags/example_branch_datetime_operator.py
[2026-08-19T12:53:48.615+0000] {processor.py:830} INFO - Processing file /home/airflow/.local/lib/python3.8/site-packages/airflow/example_dags/example_branch_datetime_operator.py for tasks to queue
[2026-08-19T12:53:48.618+0000] {logging_mixin.py:188} INFO - [2026-08-19T12:53:48.618+0000] {dagbag.py:538} INFO - Filling up the DagBag from /home/airflow/.local/lib/python3.8/site-packages/airflow/example_dags/example_branch_datetime_operator.py
[2026-08-19T12:53:48.634+0000] {processor.py:840} INFO - DAG(s) 'example_branch_datetime_operator_3', 'example_branch_datetime_operator', 'example_branch_datetime_operator_2' retrieved from /home/airflow/.local/lib/python3.8/site-packages/airflow/example_dags/example_branch_datetime_operator.py
[2026-08-19T12:53:48.680+0000] {logging_mixin.py:188} INFO - [2026-08-19T12:53:48.680+0000] {dag.py:3036} INFO - Sync 3 DAGs
[2026-08-19T12:53:48.716+0000] {logging_mixin.py:188} INFO - [2026-08-19T12:53:48.715+0000] {dag.py:3823} INFO - Setting next_dagrun for example_branch_datetime_operator to 2026-08-18 00:00:00+00:00, run_after=2026-08-19 00:00:00+00:00
[2026-08-19T12:53:48.723+0000] {logging_mixin.py:188} INFO - [2026-08-19T12:53:48.722+0000] {dag.py:3823} INFO - Setting next_dagrun for example_branch_datetime_operator_2 to 2026-08-18 00:00:00+00:00, run_after=2026-08-19 00:00:00+00:00
[2026-08-19T12:53:48.726+0000] {logging_mixin.py:188} INFO - [2026-08-19T12:53:48.726+0000] {dag.py:3823} INFO - Setting next_dagrun for example_branch_datetime_operator_3 to 2026-08-18 00:00:00+00:00, run_after=2026-08-19 00:00:00+00:00
[2026-08-19T12:53:48.755+0000] {processor.py:183} INFO - Processing /home/airflow/.local/lib/python3.8/site-packages/airflow/example_dags/example_branch_datetime_operator.py took 0.147 seconds
[2026-08-19T12:54:19.748+0000] {processor.py:161} INFO - Started process (PID=5399) to work on /home/airflow/.local/lib/python3.8/site-packages/airflow/example_dags/example_branch_datetime_operator.py
[2026-08-19T12:54:19.750+0000] {processor.py:830} INFO - Processing file /home/airflow/.local/lib/python3.8/site-packages/airflow/example_dags/example_branch_datetime_operator.py for tasks to queue
[2026-08-19T12:54:19.753+0000] {logging_mixin.py:188} INFO - [2026-08-19T12:54:19.752+0000] {dagbag.py:538} INFO - Filling up the DagBag from /home/airflow/.local/lib/python3.8/site-packages/airflow/example_dags/example_branch_datetime_operator.py
[2026-08-19T12:54:19.764+0000] {processor.py:840} INFO - DAG(s) 'example_branch_datetime_operator', 'example_branch_datetime_operator_2', 'example_branch_datetime_operator_3' retrieved from /home/airflow/.local/lib/python3.8/site-packages/airflow/example_dags/example_branch_datetime_operator.py
[2026-08-19T12:54:19.799+0000] {logging_mixin.py:188} INFO - [2026-08-19T12:54:19.799+0000] {dag.py:3036} INFO - Sync 3 DAGs
[2026-08-19T12:54:19.835+0000] {logging_mixin.py:188} INFO - [2026-08-19T12:54:19.834+0000] {dag.py:3823} INFO - Setting next_dagrun for example_branch_datetime_operator to 2026-08-18 00:00:00+00:00, run_after=2026-08-19 00:00:00+00:00
[2026-08-19T12:54:19.843+0000] {logging_mixin.py:188} INFO - [2026-08-19T12:54:19.843+0000] {dag.py:3823} INFO - Setting next_dagrun for example_branch_datetime_operator_2 to 2026-08-18 00:00:00+00:00, run_after=2026-08-19 00:00:00+00:00
[2026-08-19T12:54:19.852+0000] {logging_mixin.py:188} INFO - [2026-08-19T12:54:19.852+0000] {dag.py:3823} INFO - Setting next_dagrun for example_branch_datetime_operator_3 to 2026-08-18 00:00:00+00:00, run_after=2026-08-19 00:00:00+00:00
[2026-08-19T12:54:19.997+0000] {processor.py:183} INFO - Processing /home/airflow/.local/lib/python3.8/site-packages/airflow/example_dags/example_branch_datetime_operator.py took 0.252 seconds
[2026-08-19T12:54:50.457+0000] {processor.py:161} INFO - Started process (PID=5482) to work on /home/airflow/.local/lib/python3.8/site-packages/airflow/example_dags/example_branch_datetime_operator.py
[2026-08-19T12:54:50.458+0000] {processor.py:830} INFO - Processing file /home/airflow/.local/lib/python3.8/site-packages/airflow/example_dags/example_branch_datetime_operator.py for tasks to queue
[2026-08-19T12:54:50.460+0000] {logging_mixin.py:188} INFO - [2026-08-19T12:54:50.460+0000] {dagbag.py:538} INFO - Filling up the DagBag from /home/airflow/.local/lib/python3.8/site-packages/airflow/example_dags/example_branch_datetime_operator.py
[2026-08-19T12:54:50.471+0000] {processor.py:840} INFO - DAG(s) 'example_branch_datetime_operator', 'example_branch_datetime_operator_3', 'example_branch_datetime_operator_2' retrieved from /home/airflow/.local/lib/python3.8/site-packages/airflow/example_dags/example_branch_datetime_operator.py
[2026-08-19T12:54:50.502+0000] {logging_mixin.py:188} INFO - [2026-08-19T12:54:50.502+0000] {dag.py:3036} INFO - Sync 3 DAGs
[2026-08-19T12:54:50.525+0000] {logging_mixin.py:188} INFO - [2026-08-19T12:54:50.525+0000] {dag.py:3823} INFO - Setting next_dagrun for example_branch_datetime_operator to 2026-08-18 00:00:00+00:00, run_after=2026-08-19 00:00:00+00:00
[2026-08-19T12:54:50.530+0000] {logging_mixin.py:188} INFO - [2026-08-19T12:54:50.529+0000] {dag.py:3823} INFO - Setting next_dagrun for example_branch_datetime_operator_2 to 2026-08-18 00:00:00+00:00, run_after=2026-08-19 00:00:00+00:00
[2026-08-19T12:54:50.532+0000] {logging_mixin.py:188} INFO - [2026-08-19T12:54:50.532+0000] {dag.py:3823} INFO - Setting next_dagrun for example_branch_datetime_operator_3 to 2026-08-18 00:00:00+00:00, run_after=2026-08-19 00:00:00+00:00
[2026-08-19T12:54:50.549+0000] {processor.py:183} INFO - Processing /home/airflow/.local/lib/python3.8/site-packages/airflow/example_dags/example_branch_datetime_operator.py took 0.096 seconds
[2026-08-19T12:55:21.190+0000] {processor.py:161} INFO - Started process (PID=5565) to work on /home/airflow/.local/lib/python3.8/site-packages/airflow/example_dags/example_branch_datetime_operator.py
[2026-08-19T12:55:21.192+0000] {processor.py:830} INFO - Processing file /home/airflow/.local/lib/python3.8/site-packages/airflow/example_dags/example_branch_datetime_operator.py for tasks to queue
[2026-08-19T12:55:21.194+0000] {logging_mixin.py:188} INFO - [2026-08-19T12:55:21.193+0000] {dagbag.py:538} INFO - Filling up the DagBag from /home/airflow/.local/lib/python3.8/site-packages/airflow/example_dags/example_branch_datetime_operator.py
[2026-08-19T12:55:21.203+0000] {processor.py:840} INFO - DAG(s) 'example_branch_datetime_operator_3', 'example_branch_datetime_operator', 'example_branch_datetime_operator_2' retrieved from /home/airflow/.local/lib/python3.8/site-packages/airflow/example_dags/example_branch_datetime_operator.py
[2026-08-19T12:55:21.230+0000] {logging_mixin.py:188} INFO - [2026-08-19T12:55:21.230+0000] {dag.py:3036} INFO - Sync 3 DAGs
[2026-08-19T12:55:21.254+0000] {logging_mixin.py:188} INFO - [2026-08-19T12:55:21.254+0000] {dag.py:3823} INFO - Setting next_dagrun for example_branch_datetime_operator to 2026-08-18 00:00:00+00:00, run_after=2026-08-19 00:00:00+00:00
[2026-08-19T12:55:21.260+0000] {logging_mixin.py:188} INFO - [2026-08-19T12:55:21.260+0000] {dag.py:3823} INFO - Setting next_dagrun for example_branch_datetime_operator_2 to 2026-08-18 00:00:00+00:00, run_after=2026-08-19 00:00:00+00:00
[2026-08-19T12:55:21.262+0000] {logging_mixin.py:188} INFO - [2026-08-19T12:55:21.262+0000] {dag.py:3823} INFO - Setting next_dagrun for example_branch_datetime_operator_3 to 2026-08-18 00:00:00+00:00, run_after=2026-08-19 00:00:00+00:00
[2026-08-19T12:55:21.301+0000] {processor.py:183} INFO - Processing /home/airflow/.local/lib/python3.8/site-packages/airflow/example_dags/example_branch_datetime_operator.py took 0.114 seconds
[2026-08-19T12:55:52.502+0000] {processor.py:161} INFO - Started process (PID=5648) to work on /home/airflow/.local/lib/python3.8/site-packages/airflow/example_dags/example_branch_datetime_operator.py
[2026-08-19T12:55:52.504+0000] {processor.py:830} INFO - Processing file /home/airflow/.local/lib/python3.8/site-packages/airflow/example_dags/example_branch_datetime_operator.py for tasks to queue
[2026-08-19T12:55:52.506+0000] {logging_mixin.py:188} INFO - [2026-08-19T12:55:52.505+0000] {dagbag.py:538} INFO - Filling up the DagBag from /home/airflow/.local/lib/python3.8/site-packages/airflow/example_dags/example_branch_datetime_operator.py
[2026-08-19T12:55:52.516+0000] {processor.py:840} INFO - DAG(s) 'example_branch_datetime_operator', 'example_branch_datetime_operator_2', 'example_branch_datetime_operator_3' retrieved from /home/airflow/.local/lib/python3.8/site-packages/airflow/example_dags/example_branch_datetime_operator.py
[2026-08-19T12:55:52.544+0000] {logging_mixin.py:188} INFO - [2026-08-19T12:55:52.544+0000] {dag.py:3036} INFO - Sync 3 DAGs
[2026-08-19T12:55:52.568+0000] {logging_mixin.py:188} INFO - [2026-08-19T12:55:52.568+0000] {dag.py:3823} INFO - Setting next_dagrun for example_branch_datetime_operator to 2026-08-18 00:00:00+00:00, run_after=2026-08-19 00:00:00+00:00
[2026-08-19T12:55:52.573+0000] {logging_mixin.py:188} INFO - [2026-08-19T12:55:52.573+0000] {dag.py:3823} INFO - Setting next_dagrun for example_branch_datetime_operator_2 to 2026-08-18 00:00:00+00:00, run_after=2026-08-19 00:00:00+00:00
[2026-08-19T12:55:52.576+0000] {logging_mixin.py:188} INFO - [2026-08-19T12:55:52.575+0000] {dag.py:3823} INFO - Setting next_dagrun for example_branch_datetime_operator_3 to 2026-08-18 00:00:00+00:00, run_after=2026-08-19 00:00:00+00:00
[2026-08-19T12:55:52.676+0000] {processor.py:183} INFO - Processing /home/airflow/.local/lib/python3.8/site-packages/airflow/example_dags/example_branch_datetime_operator.py took 0.177 seconds
[2026-08-19T12:56:23.058+0000] {processor.py:161} INFO - Started process (PID=5731) to work on /home/airflow/.local/lib/python3.8/site-packages/airflow/example_dags/example_branch_datetime_operator.py
[2026-08-19T12:56:23.059+0000] {processor.py:830} INFO - Processing file /home/airflow/.local/lib/python3.8/site-packages/airflow/example_dags/example_branch_datetime_operator.py for tasks to queue
[2026-08-19T12:56:23.061+0000] {logging_mixin.py:188} INFO - [2026-08-19T12:56:23.061+0000] {dagbag.py:538} INFO - Filling up the DagBag from /home/airflow/.local/lib/python3.8/site-packages/airflow/example_dags/example_branch_datetime_operator.py
[2026-08-19T12:56:23.072+0000] {processor.py:840} INFO - DAG(s) 'example_branch_datetime_operator_3', 'example_branch_datetime_operator', 'example_branch_datetime_operator_2' retrieved from /home/airflow/.local/lib/python3.8/site-packages/airflow/example_dags/example_branch_datetime_operator.py
[2026-08-19T12:56:23.104+0000] {logging_mixin.py:188} INFO - [2026-08-19T12:56:23.104+0000] {dag.py:3036} INFO - Sync 3 DAGs
[2026-08-19T12:56:23.130+0000] {logging_mixin.py:188} INFO - [2026-08-19T12:56:23.130+0000] {dag.py:3823} INFO - Setting next_dagrun for example_branch_datetime_operator to 2026-08-18 00:00:00+00:00, run_after=2026-08-19 00:00:00+00:00
[2026-08-19T12:56:23.136+0000] {logging_mixin.py:188} INFO - [2026-08-19T12:56:23.135+0000] {dag.py:3823} INFO - Setting next_dagrun for example_branch_datetime_operator_2 to 2026-08-18 00:00:00+00:00, run_after=2026-08-19 00:00:00+00:00
[2026-08-19T12:56:23.138+0000] {logging_mixin.py:188} INFO - [2026-08-19T12:56:23.138+0000] {dag.py:3823} INFO - Setting next_dagrun for example_branch_datetime_operator_3 to 2026-08-18 00:00:00+00:00, run_after=2026-08-19 00:00:00+00:00
[2026-08-19T12:56:23.192+0000] {processor.py:183} INFO - Processing /home/airflow/.local/lib/python3.8/site-packages/airflow/example_dags/example_branch_datetime_operator.py took 0.138 seconds
[2026-08-19T12:56:53.743+0000] {processor.py:161} INFO - Started process (PID=5814) to work on /home/airflow/.local/lib/python3.8/site-packages/airflow/example_dags/example_branch_datetime_operator.py
[2026-08-19T12:56:53.744+0000] {processor.py:830} INFO - Processing file /home/airflow/.local/lib/python3.8/site-packages/airflow/example_dags/example_branch_datetime_operator.py for tasks to queue
[2026-08-19T12:56:53.747+0000] {logging_mixin.py:188} INFO - [2026-08-19T12:56:53.746+0000] {dagbag.py:538} INFO - Filling up the DagBag from /home/airflow/.local/lib/python3.8/site-packages/airflow/example_dags/example_branch_datetime_operator.py
[2026-08-19T12:56:53.759+0000] {processor.py:840} INFO - DAG(s) 'example_branch_datetime_operator', 'example_branch_datetime_operator_2', 'example_branch_datetime_operator_3' retrieved from /home/airflow/.local/lib/python3.8/site-packages/airflow/example_dags/example_branch_datetime_operator.py
[2026-08-19T12:56:53.798+0000] {logging_mixin.py:188} INFO - [2026-08-19T12:56:53.798+0000] {dag.py:3036} INFO - Sync 3 DAGs
[2026-08-19T12:56:53.825+0000] {logging_mixin.py:188} INFO - [2026-08-19T12:56:53.825+0000] {dag.py:3823} INFO - Setting next_dagrun for example_branch_datetime_operator to 2026-08-18 00:00:00+00:00, run_after=2026-08-19 00:00:00+00:00
[2026-08-19T12:56:53.831+0000] {logging_mixin.py:188} INFO - [2026-08-19T12:56:53.831+0000] {dag.py:3823} INFO - Setting next_dagrun for example_branch_datetime_operator_2 to 2026-08-18 00:00:00+00:00, run_after=2026-08-19 00:00:00+00:00
[2026-08-19T12:56:53.836+0000] {logging_mixin.py:188} INFO - [2026-08-19T12:56:53.835+0000] {dag.py:3823} INFO - Setting next_dagrun for example_branch_datetime_operator_3 to 2026-08-18 00:00:00+00:00, run_after=2026-08-19 00:00:00+00:00
[2026-08-19T12:56:53.857+0000] {processor.py:183} INFO - Processing /home/airflow/.local/lib/python3.8/site-packages/airflow/example_dags/example_branch_datetime_operator.py took 0.118 seconds
